# Blender 4.4.3
# www.blender.org
mtllib Untitled.mtl
o hash_0F485825.model
v 0.017583 -0.480849 -0.001547
v 0.037451 -0.445892 -0.046033
v 0.040767 -0.486087 -0.041796
v 0.066125 -0.449737 -0.081688
v 0.070765 -0.489560 -0.076686
v 0.107770 -0.450862 -0.102423
v 0.111965 -0.490750 -0.098167
v 0.155247 -0.448932 -0.097531
v 0.159167 -0.489260 -0.094352
v 0.189676 -0.445672 -0.065429
v 0.192402 -0.486555 -0.061718
v 0.217653 -0.441925 -0.026159
v 0.222558 -0.482991 -0.024778
v 0.238750 -0.479559 0.012849
v 0.019121 -0.440699 -0.004032
v 0.034588 -0.404081 -0.049188
v 0.061096 -0.408482 -0.085673
v 0.102485 -0.409683 -0.106562
v 0.150096 -0.407230 -0.100770
v 0.185210 -0.403333 -0.069159
v 0.209849 -0.399268 -0.028247
v 0.232740 -0.395903 0.010030
v 0.237657 -0.438547 0.011571
v 0.018847 -0.398493 -0.007166
v 0.031029 -0.362308 -0.050498
v 0.056088 -0.367371 -0.088486
v 0.096817 -0.368840 -0.110863
v 0.144463 -0.365797 -0.104465
v 0.178905 -0.361161 -0.073129
v 0.200848 -0.356643 -0.030676
v 0.225713 -0.353209 0.009250
v 0.018848 -0.355943 -0.007264
v 0.027464 -0.320794 -0.049943
v 0.050956 -0.326587 -0.089878
v 0.090779 -0.328535 -0.114708
v 0.138194 -0.324953 -0.108152
v 0.172311 -0.319598 -0.077073
v 0.192906 -0.314612 -0.033835
v 0.218077 -0.311094 0.008139
v 0.018042 -0.313508 -0.005211
v 0.022659 -0.280222 -0.048278
v 0.045168 -0.286711 -0.089823
v 0.083459 -0.289465 -0.117912
v 0.131101 -0.285589 -0.111363
v 0.165593 -0.279761 -0.080402
v 0.187301 -0.274469 -0.037135
v 0.211653 -0.270910 0.006935
v 0.013704 -0.272257 -0.002312
v 0.014694 -0.241224 -0.046344
v 0.038432 -0.248059 -0.088680
v 0.074986 -0.251753 -0.119931
v 0.123479 -0.248149 -0.114567
v 0.159450 -0.242255 -0.083501
v 0.184893 -0.236913 -0.040485
v 0.207741 -0.233362 0.006003
v 0.185840 -0.204868 -0.037729
v 0.202567 -0.200835 0.005572
v 0.185981 -0.173948 -0.036900
v 0.199462 -0.170456 0.004136
v 0.194619 -0.141003 0.001276
v 0.183956 -0.143726 -0.038116
v 0.189638 -0.110648 -0.002280
v 0.180439 -0.112421 -0.040771
v 0.184117 -0.079073 -0.004597
v 0.176072 -0.079985 -0.042239
v 0.178728 -0.048053 -0.006527
v 0.172650 -0.047848 -0.043509
v 0.174968 -0.017082 -0.008048
v 0.170138 -0.015676 -0.044289
v 0.172301 0.015090 -0.008365
v 0.161879 -0.210602 -0.076674
v 0.163533 -0.178549 -0.073230
v 0.164272 -0.146959 -0.073561
v 0.162695 -0.114104 -0.075860
v 0.161182 -0.080570 -0.077663
v 0.159408 -0.047250 -0.078499
v 0.158553 -0.013536 -0.078983
v 0.167559 0.017772 -0.043235
v 0.131917 -0.216959 -0.108281
v 0.135888 -0.183728 -0.103699
v 0.139192 -0.150362 -0.104263
v 0.141192 -0.115961 -0.108485
v 0.141032 -0.081296 -0.110414
v 0.140121 -0.046584 -0.110559
v 0.135878 0.023321 -0.103496
v 0.156275 0.020935 -0.076044
v 0.091008 -0.222645 -0.124793
v 0.100470 -0.188839 -0.124688
v 0.106358 -0.153527 -0.125437
v 0.110685 -0.118507 -0.132326
v 0.111864 -0.082923 -0.135505
v 0.111076 -0.047214 -0.134588
v 0.108953 -0.011712 -0.130028
v 0.140339 -0.011242 -0.110878
v 0.105855 0.024575 -0.120813
v 0.049899 -0.223789 -0.110559
v 0.059785 -0.191962 -0.125122
v 0.068456 -0.156969 -0.133408
v 0.073641 -0.121927 -0.143030
v 0.075650 -0.085902 -0.148569
v 0.075112 -0.049655 -0.146608
v 0.073069 -0.012817 -0.139005
v 0.071818 0.025555 -0.129582
v 0.022255 -0.220142 -0.076002
v 0.028015 -0.190727 -0.099432
v 0.032321 -0.158699 -0.119724
v 0.035287 -0.125994 -0.138996
v 0.037072 -0.090290 -0.149426
v 0.037100 -0.053070 -0.149022
v 0.036248 -0.013896 -0.142783
v 0.036093 0.025995 -0.131484
v -0.001418 -0.217900 -0.038136
v -0.001508 -0.190284 -0.070216
v -0.001460 -0.160782 -0.099607
v -0.001383 -0.131462 -0.128545
v -0.001113 -0.096595 -0.146720
v -0.000746 -0.058067 -0.148766
v -0.000672 -0.017351 -0.143154
v -0.000752 0.025240 -0.131395
v -0.020937 -0.480688 -0.000505
v -0.051381 -0.443343 0.029559
v -0.047754 -0.482988 0.031813
v -0.079326 -0.446648 0.066118
v -0.083700 -0.486199 0.061116
v -0.119839 -0.446580 0.089100
v -0.124502 -0.486378 0.083828
v -0.166659 -0.443662 0.097762
v -0.170613 -0.484138 0.095196
v -0.214198 -0.439626 0.092678
v -0.217503 -0.480277 0.091562
v -0.208640 -0.478475 0.052258
v -0.209040 -0.437533 0.051885
v -0.240614 -0.477386 0.017795
v -0.022169 -0.440536 -0.003537
v -0.048331 -0.401941 0.030589
v -0.075373 -0.405319 0.067181
v -0.115139 -0.405226 0.091398
v -0.162550 -0.401513 0.096578
v -0.209316 -0.397244 0.092096
v -0.207256 -0.394820 0.050276
v -0.239496 -0.436530 0.015969
v -0.022518 -0.398262 -0.006437
v -0.042350 -0.361024 0.032806
v -0.070380 -0.364332 0.068568
v -0.110621 -0.363873 0.092427
v -0.156311 -0.359553 0.095938
v -0.201934 -0.354892 0.091884
v -0.228073 -0.351248 0.012183
v -0.235107 -0.393912 0.013786
v -0.022648 -0.355703 -0.006788
v -0.036404 -0.320421 0.036312
v -0.066676 -0.323530 0.070130
v -0.105305 -0.322790 0.093564
v -0.149039 -0.318618 0.100491
v -0.193478 -0.313123 0.093149
v -0.202959 -0.352040 0.049887
v -0.219788 -0.309203 0.010763
v -0.021619 -0.313263 -0.004887
v -0.029493 -0.280960 0.039680
v -0.058425 -0.285202 0.074379
v -0.097162 -0.284452 0.099961
v -0.141815 -0.279570 0.106400
v -0.184655 -0.273151 0.093990
v -0.198714 -0.309853 0.051117
v -0.211988 -0.269064 0.009323
v -0.016744 -0.272061 -0.002173
v -0.018407 -0.243745 0.043475
v -0.047918 -0.248688 0.078506
v -0.089514 -0.247118 0.100180
v -0.133791 -0.242533 0.109658
v -0.176104 -0.235813 0.094939
v -0.194479 -0.269546 0.052401
v -0.206003 -0.231561 0.008058
v -0.192930 -0.200472 0.049633
v -0.200018 -0.199123 0.007212
v -0.192639 -0.170314 0.046182
v -0.196914 -0.168848 0.006005
v -0.191271 -0.140767 0.042614
v -0.194616 -0.139308 0.003905
v -0.187770 -0.110380 0.039082
v -0.190687 -0.108949 0.001196
v -0.182034 -0.079024 0.035123
v -0.184921 -0.077459 -0.002037
v -0.176256 -0.048058 0.032230
v -0.178838 -0.046574 -0.004342
v -0.171844 -0.017046 0.029815
v -0.174810 -0.015656 -0.005977
v -0.168683 0.014746 0.028132
v -0.172142 0.016247 -0.006797
v -0.192988 -0.231900 0.053954
v -0.176866 -0.204739 0.087933
v -0.177226 -0.174139 0.082697
v -0.176154 -0.143878 0.078100
v -0.173074 -0.112740 0.073894
v -0.168195 -0.081080 0.069647
v -0.163000 -0.049874 0.066183
v -0.158893 -0.018673 0.063208
v -0.155925 0.014003 0.060632
v -0.142845 -0.211705 0.109478
v -0.147689 -0.180075 0.107299
v -0.148501 -0.148559 0.103970
v -0.146124 -0.116458 0.099807
v -0.142707 -0.084272 0.096382
v -0.138925 -0.052456 0.093169
v -0.135678 -0.020668 0.090443
v -0.132835 0.012337 0.086600
v -0.101587 -0.218749 0.111381
v -0.109269 -0.186989 0.114711
v -0.111501 -0.154561 0.112787
v -0.110514 -0.121565 0.111111
v -0.108234 -0.088801 0.109460
v -0.106103 -0.056226 0.108464
v -0.104224 -0.023649 0.107450
v -0.102603 0.010224 0.103772
v -0.061201 -0.223426 0.097821
v -0.070300 -0.192740 0.109132
v -0.074024 -0.160056 0.115996
v -0.073997 -0.126619 0.118734
v -0.072956 -0.093277 0.120117
v -0.071508 -0.060037 0.119490
v -0.070497 -0.026719 0.119830
v -0.069682 0.007706 0.115795
v -0.026911 -0.223379 0.073403
v -0.033601 -0.196090 0.096428
v -0.036875 -0.165205 0.114029
v -0.037316 -0.132245 0.124602
v -0.036794 -0.098018 0.127171
v -0.036091 -0.063786 0.127237
v -0.035251 -0.029733 0.126764
v -0.035064 0.005356 0.122528
v -0.001172 -0.221213 0.040173
v -0.000973 -0.198269 0.075341
v -0.000886 -0.171263 0.105517
v -0.000554 -0.139217 0.126657
v -0.000202 -0.103223 0.130470
v 0.000057 -0.067729 0.129528
v 0.000620 -0.032766 0.128822
v 0.000862 0.003567 0.124997
v 0.172301 0.015090 -0.008365
v 0.163754 0.062499 0.025077
v 0.169450 0.013476 0.026554
v 0.150896 0.060591 0.056671
v 0.156923 0.012763 0.059117
v 0.128248 0.058833 0.082188
v 0.134395 0.010929 0.085571
v 0.099515 0.056573 0.100715
v 0.104299 0.008343 0.103297
v 0.071481 0.006175 0.115746
v 0.068439 0.055083 0.115129
v 0.036795 0.004527 0.122602
v 0.000974 0.052982 0.124724
v 0.000862 0.003567 0.124997
v -0.035064 0.005356 0.122528
v -0.033161 0.053673 0.122878
v -0.069682 0.007706 0.115795
v -0.066579 0.055486 0.115793
v -0.102603 0.010224 0.103772
v -0.126815 0.060058 0.083105
v -0.132835 0.012337 0.086600
v -0.155925 0.014003 0.060632
v -0.149896 0.061556 0.057845
v -0.168683 0.014746 0.028132
v -0.163328 0.063024 0.026531
v -0.172142 0.016247 -0.006797
v -0.020937 -0.480688 -0.000505
v -0.040889 -0.445738 -0.045309
v -0.022169 -0.440536 -0.003537
v -0.044125 -0.485743 -0.040665
v -0.069289 -0.449522 -0.080632
v -0.073867 -0.489140 -0.075220
v -0.110638 -0.450331 -0.099881
v -0.114601 -0.490021 -0.095251
v -0.156929 -0.447974 -0.093392
v -0.160614 -0.488120 -0.089974
v -0.190852 -0.444315 -0.061287
v -0.192870 -0.485016 -0.056984
v -0.219209 -0.440186 -0.022360
v -0.240614 -0.477386 0.017795
v -0.223703 -0.481081 -0.020663
v -0.037545 -0.403981 -0.048916
v -0.022518 -0.398262 -0.006437
v -0.064316 -0.408355 -0.085095
v -0.105922 -0.409230 -0.104596
v -0.152704 -0.406332 -0.097262
v -0.187861 -0.402027 -0.065833
v -0.212258 -0.397571 -0.024970
v -0.235107 -0.393912 0.013786
v -0.034104 -0.362204 -0.050222
v -0.022648 -0.355703 -0.006788
v -0.059306 -0.367280 -0.088013
v -0.100610 -0.368410 -0.109062
v -0.147808 -0.364941 -0.101445
v -0.182569 -0.359889 -0.070473
v -0.204103 -0.354967 -0.027992
v -0.228073 -0.351248 0.012183
v -0.030641 -0.320671 -0.049693
v -0.021619 -0.313263 -0.004887
v -0.053907 -0.326561 -0.089658
v -0.094316 -0.328212 -0.113372
v -0.141542 -0.324164 -0.105585
v -0.175839 -0.318365 -0.074686
v -0.195767 -0.312972 -0.031331
v -0.219788 -0.309203 0.010763
v -0.025717 -0.280110 -0.048152
v -0.016744 -0.272061 -0.002173
v -0.047929 -0.286716 -0.089803
v -0.086759 -0.289216 -0.116835
v -0.134385 -0.284879 -0.109299
v -0.168657 -0.278587 -0.078142
v -0.189385 -0.272878 -0.034970
v -0.211988 -0.269064 0.009323
v -0.017730 -0.241110 -0.046250
v -0.001371 -0.236170 0.000550
v -0.041256 -0.248018 -0.088700
v -0.078018 -0.251599 -0.119289
v -0.126523 -0.247498 -0.112568
v -0.162097 -0.241155 -0.081331
v -0.185653 -0.235379 -0.038673
v -0.206003 -0.231561 0.008058
v -0.185671 -0.203336 -0.036171
v -0.200018 -0.199123 0.007212
v -0.186261 -0.172404 -0.035311
v -0.196914 -0.168848 0.006005
v -0.185083 -0.142189 -0.035737
v -0.190687 -0.108949 0.001196
v -0.194616 -0.139308 0.003905
v -0.184921 -0.077459 -0.002037
v -0.181717 -0.111002 -0.037304
v -0.178838 -0.046574 -0.004342
v -0.176995 -0.078629 -0.039643
v -0.174810 -0.015656 -0.005977
v -0.172800 -0.046607 -0.041516
v -0.172142 0.016247 -0.006797
v -0.169853 -0.014557 -0.042188
v -0.164160 -0.209459 -0.074852
v -0.165445 -0.177375 -0.071309
v -0.166107 -0.145766 -0.071033
v -0.164824 -0.112991 -0.072894
v -0.162448 -0.079554 -0.075200
v -0.159742 -0.046351 -0.076774
v -0.167588 0.019000 -0.041565
v -0.159183 -0.012650 -0.077269
v -0.134707 -0.216234 -0.106324
v -0.138542 -0.182972 -0.101875
v -0.141618 -0.149569 -0.102161
v -0.143236 -0.115173 -0.105565
v -0.142202 -0.080667 -0.107791
v -0.140438 -0.046118 -0.109003
v -0.137038 0.023728 -0.102414
v -0.140830 -0.010877 -0.109287
v -0.094004 -0.222273 -0.123254
v -0.103178 -0.188411 -0.122943
v -0.108867 -0.153096 -0.123656
v -0.112626 -0.117987 -0.129589
v -0.113282 -0.082606 -0.133088
v -0.110038 -0.011238 -0.129221
v -0.111736 -0.046993 -0.133404
v -0.107296 0.025031 -0.119834
v -0.052719 -0.223782 -0.110642
v -0.062620 -0.191886 -0.124966
v -0.071273 -0.156827 -0.133081
v -0.076313 -0.121758 -0.142627
v -0.077671 -0.085689 -0.147960
v -0.076321 -0.049393 -0.146371
v -0.074310 -0.012443 -0.138695
v -0.073224 0.025755 -0.128562
v -0.025199 -0.220052 -0.075967
v -0.030802 -0.190679 -0.099534
v -0.035041 -0.158685 -0.119958
v -0.038036 -0.125765 -0.138941
v -0.039164 -0.090209 -0.150107
v -0.038538 -0.052937 -0.149124
v -0.037600 -0.013732 -0.142818
v -0.037542 0.025971 -0.131095
v -0.001418 -0.217900 -0.038136
v -0.001508 -0.190284 -0.070216
v -0.001460 -0.160782 -0.099607
v -0.001383 -0.131462 -0.128545
v -0.001113 -0.096595 -0.146720
v -0.000746 -0.058067 -0.148766
v -0.000672 -0.017351 -0.143154
v -0.000752 0.025240 -0.131395
v 0.017583 -0.480849 -0.001547
v 0.048439 -0.443684 0.026402
v 0.019121 -0.440699 -0.004032
v 0.043978 -0.483368 0.029398
v 0.076939 -0.447411 0.062165
v 0.080862 -0.487088 0.056949
v 0.117595 -0.447620 0.084683
v 0.121737 -0.487670 0.079723
v 0.164608 -0.445225 0.093901
v 0.168583 -0.485772 0.090109
v 0.213078 -0.441414 0.089213
v 0.215516 -0.480217 0.051503
v 0.216575 -0.482262 0.087805
v 0.238750 -0.479559 0.012849
v 0.216043 -0.439131 0.050433
v 0.046170 -0.402258 0.027894
v 0.018847 -0.398493 -0.007166
v 0.072839 -0.406188 0.064467
v 0.112981 -0.406301 0.087884
v 0.160296 -0.403253 0.095705
v 0.207966 -0.399001 0.089195
v 0.232740 -0.395903 0.010030
v 0.212768 -0.396385 0.049617
v 0.039789 -0.361488 0.031426
v 0.018848 -0.355943 -0.007264
v 0.068489 -0.365094 0.066244
v 0.108359 -0.365113 0.090568
v 0.154753 -0.361243 0.096007
v 0.200459 -0.356636 0.089169
v 0.225713 -0.353209 0.009250
v 0.208356 -0.353608 0.049520
v 0.033332 -0.321014 0.035703
v 0.018042 -0.313508 -0.005211
v 0.062321 -0.324892 0.070603
v 0.102746 -0.324288 0.093597
v 0.147697 -0.319898 0.098198
v 0.192081 -0.314895 0.090649
v 0.218077 -0.311094 0.008139
v 0.202816 -0.311416 0.050829
v 0.026442 -0.281553 0.039499
v 0.013704 -0.272257 -0.002312
v 0.054791 -0.285994 0.074816
v 0.096031 -0.284860 0.095770
v 0.140397 -0.280833 0.103930
v 0.183222 -0.274943 0.091631
v 0.211653 -0.270910 0.006935
v 0.199605 -0.271088 0.051813
v 0.015510 -0.244215 0.043432
v -0.001371 -0.236170 0.000550
v 0.045658 -0.249511 0.077772
v 0.086425 -0.248810 0.101587
v 0.132498 -0.243972 0.108367
v 0.174891 -0.237557 0.092777
v 0.207741 -0.233362 0.006003
v 0.198398 -0.233413 0.053233
v 0.197479 -0.201935 0.048631
v 0.202567 -0.200835 0.005572
v 0.195954 -0.171769 0.044647
v 0.199462 -0.170456 0.004136
v 0.191280 -0.142460 0.039985
v 0.194619 -0.141003 0.001276
v 0.186202 -0.112305 0.035538
v 0.189638 -0.110648 -0.002280
v 0.180995 -0.080829 0.032434
v 0.184117 -0.079073 -0.004597
v 0.176253 -0.049769 0.030052
v 0.178728 -0.048053 -0.006527
v 0.172514 -0.018803 0.027884
v 0.174968 -0.017082 -0.008048
v 0.169450 0.013476 0.026554
v 0.176426 -0.206398 0.085992
v 0.176989 -0.175759 0.080641
v 0.174316 -0.145652 0.074933
v 0.171366 -0.114620 0.070238
v 0.167178 -0.082858 0.066756
v 0.162984 -0.051490 0.063998
v 0.159739 -0.020163 0.061479
v 0.156923 0.012763 0.059117
v 0.141873 -0.213133 0.108225
v 0.146444 -0.181492 0.105561
v 0.146209 -0.150188 0.100457
v 0.144624 -0.118143 0.096286
v 0.142007 -0.085935 0.093592
v 0.138987 -0.054069 0.091140
v 0.136643 -0.022199 0.089024
v 0.134395 0.010929 0.085571
v 0.100210 -0.219843 0.109709
v 0.107935 -0.188228 0.112811
v 0.109666 -0.155938 0.109992
v 0.109166 -0.122996 0.108132
v 0.107718 -0.090285 0.107156
v 0.106247 -0.057781 0.106912
v 0.105515 -0.025263 0.106798
v 0.104299 0.008343 0.103297
v 0.059666 -0.224104 0.096435
v 0.069026 -0.193376 0.107339
v 0.072388 -0.161121 0.113800
v 0.072734 -0.127686 0.116364
v 0.072471 -0.094423 0.118223
v 0.071823 -0.061233 0.118822
v 0.071720 -0.028060 0.119262
v 0.071481 0.006175 0.115746
v 0.024543 -0.224033 0.073339
v 0.031770 -0.196812 0.096192
v 0.035231 -0.165799 0.113089
v 0.036213 -0.132819 0.123235
v 0.036434 -0.098692 0.126328
v 0.036293 -0.064536 0.126710
v 0.036482 -0.030525 0.126434
v 0.036795 0.004527 0.122602
v -0.001172 -0.221213 0.040173
v -0.000973 -0.198269 0.075341
v -0.000886 -0.171263 0.105517
v -0.000554 -0.139217 0.126657
v -0.000202 -0.103223 0.130470
v 0.000057 -0.067729 0.129528
v 0.000620 -0.032766 0.128822
v 0.000862 0.003567 0.124997
v 0.167559 0.017772 -0.043235
v 0.167882 0.064127 -0.008940
v 0.172301 0.015090 -0.008365
v 0.156275 0.020935 -0.076044
v 0.164751 0.067256 -0.042874
v 0.135878 0.023321 -0.103496
v 0.153522 0.070731 -0.075073
v 0.105855 0.024575 -0.120813
v 0.131249 0.072794 -0.100409
v 0.071818 0.025555 -0.129582
v 0.100024 0.074327 -0.113512
v 0.036093 0.025995 -0.131484
v 0.066325 0.075324 -0.117060
v -0.000752 0.025240 -0.131395
v 0.032029 0.075984 -0.115642
v -0.033775 0.076086 -0.115508
v -0.000898 0.076546 -0.114498
v -0.037542 0.025971 -0.131095
v -0.068110 0.075676 -0.116837
v -0.073224 0.025755 -0.128562
v -0.101822 0.074852 -0.112983
v -0.107296 0.025031 -0.119834
v -0.132749 0.073768 -0.099341
v -0.137038 0.023728 -0.102414
v -0.154167 0.072170 -0.073501
v -0.156726 0.021838 -0.074510
v -0.164816 0.069116 -0.041195
v -0.167588 0.019000 -0.041565
v -0.167608 0.065521 -0.007191
v -0.132749 0.073768 -0.099341
v -0.146817 0.071777 -0.070234
v -0.126421 0.073646 -0.094844
v 0.131249 0.072794 -0.100409
v 0.146206 0.070412 -0.071731
v 0.153522 0.070731 -0.075073
v 0.100024 0.074327 -0.113512
v 0.124997 0.072720 -0.095861
v 0.068439 0.055083 0.115129
v 0.094779 0.056667 0.095685
v 0.065184 0.055244 0.109414
v -0.164816 0.069116 -0.041195
v -0.154167 0.072170 -0.073501
v 0.035093 0.053775 0.122674
v 0.033425 0.053996 0.116602
v -0.167608 0.065521 -0.007191
v -0.156958 0.068768 -0.039468
v 0.066325 0.075324 -0.117060
v 0.095263 0.074401 -0.108307
v 0.000974 0.052982 0.124724
v 0.000930 0.053239 0.118555
v 0.032029 0.075984 -0.115642
v 0.063171 0.075349 -0.111414
v 0.167882 0.064127 -0.008940
v 0.156900 0.067001 -0.041067
v 0.159882 0.063915 -0.008750
v -0.031581 0.053899 0.116796
v -0.033161 0.053673 0.122878
v -0.000898 0.076546 -0.114498
v 0.030508 0.075988 -0.110074
v -0.063409 0.055628 0.110046
v -0.066579 0.055486 0.115793
v -0.163328 0.063024 0.026531
v -0.159618 0.065239 -0.007084
v -0.032167 0.076084 -0.109941
v -0.000853 0.076532 -0.109044
v -0.093185 0.057817 0.096477
v -0.097845 0.057781 0.101547
v -0.120773 0.059991 0.078910
v -0.126815 0.060058 0.083105
v 0.163754 0.062499 0.025077
v 0.155951 0.062258 0.023645
v -0.033775 0.076086 -0.115508
v -0.064868 0.075684 -0.111195
v -0.142751 0.061368 0.054852
v -0.149896 0.061556 0.057845
v -0.068110 0.075676 -0.116837
v -0.096973 0.074902 -0.107802
v -0.155542 0.062754 0.025030
v 0.150896 0.060591 0.056671
v 0.143707 0.060450 0.053734
v 0.164751 0.067256 -0.042874
v 0.128248 0.058833 0.082188
v 0.122141 0.058824 0.078037
v -0.101822 0.074852 -0.112983
v 0.099515 0.056573 0.100715
v 0.119248 0.029507 -0.091679
v 0.139474 0.027467 -0.068656
v 0.148772 0.020173 0.022328
v 0.137096 0.018542 0.051033
v 0.116529 0.017096 0.074222
v 0.090891 0.030876 -0.103598
v 0.090432 0.015011 0.091067
v 0.060280 0.031757 -0.107335
v 0.062199 0.013636 0.104172
v 0.029114 0.032289 -0.106996
v 0.031897 0.012430 0.111037
v -0.030695 0.032405 -0.106858
v -0.000813 0.032748 -0.106545
v 0.000889 0.011700 0.112903
v -0.061894 0.032107 -0.107109
v -0.030133 0.012336 0.111222
v -0.092517 0.031386 -0.103115
v -0.060501 0.014004 0.104775
v -0.120600 0.030421 -0.090706
v -0.088905 0.016115 0.091820
v -0.115217 0.018216 0.075053
v -0.140049 0.028781 -0.067225
v -0.136177 0.019430 0.052098
v -0.149722 0.026048 -0.037877
v -0.148376 0.020668 0.023649
v -0.152262 0.022856 -0.006986
v 0.149676 0.024358 -0.039404
v 0.152522 0.021589 -0.008575
v 0.000040 0.026271 -0.004960
v 0.159291 -0.490828 -0.094215
v 0.114520 -0.492025 -0.089968
v 0.112108 -0.492302 -0.097990
v 0.121888 -0.489230 0.079464
v 0.085742 -0.488618 0.052261
v 0.123279 -0.489202 0.073015
v 0.070935 -0.491111 -0.076494
v 0.048900 -0.487681 -0.037770
v 0.040891 -0.487652 -0.041650
v 0.043803 -0.484906 0.029455
v 0.027255 -0.482836 -0.001142
v 0.051493 -0.485173 0.027269
v 0.215475 -0.481815 0.051519
v 0.210316 -0.484431 0.080694
v 0.208908 -0.482505 0.047307
v 0.192473 -0.488145 -0.061567
v 0.157809 -0.490708 -0.086571
v 0.166231 -0.487539 0.082665
v 0.168722 -0.487351 0.089908
v 0.076618 -0.490889 -0.069982
v 0.081009 -0.488633 0.056681
v 0.230247 -0.481934 0.011865
v 0.238765 -0.481155 0.012890
v 0.017523 -0.482409 -0.001503
v 0.215486 -0.485020 -0.022554
v 0.187961 -0.488245 -0.056369
v 0.222716 -0.484588 -0.024728
v 0.216693 -0.483851 0.087718
v -0.047600 -0.484652 0.031835
v -0.029530 -0.482686 0.000148
v -0.020884 -0.482378 -0.000436
v -0.208616 -0.480200 0.052234
v -0.211829 -0.482561 0.085348
v -0.217629 -0.481990 0.091471
v -0.192944 -0.486731 -0.056803
v -0.159189 -0.489691 -0.083078
v -0.188811 -0.486840 -0.052243
v -0.232815 -0.479879 0.016920
v -0.203192 -0.480832 0.048769
v -0.124689 -0.488057 0.083520
v -0.168433 -0.486045 0.088580
v -0.125813 -0.488040 0.077806
v -0.114761 -0.491694 -0.095049
v -0.078869 -0.490552 -0.069028
v -0.116609 -0.491405 -0.087858
v -0.083879 -0.487867 0.060822
v -0.054375 -0.484834 0.030062
v -0.044259 -0.487430 -0.040494
v -0.051233 -0.487393 -0.036824
v -0.217282 -0.483242 -0.018670
v -0.223882 -0.482803 -0.020605
v -0.240650 -0.479108 0.017854
v -0.170766 -0.485845 0.095018
v -0.160760 -0.489811 -0.089823
v -0.088031 -0.487833 0.056890
v -0.074057 -0.490811 -0.074998
v -0.118572 -0.442193 -0.081224
v -0.157892 -0.439748 -0.076748
v -0.127014 -0.438131 0.069871
v -0.092129 -0.438637 0.050680
v -0.060981 -0.436611 0.026064
v -0.083635 -0.441890 -0.063896
v -0.037935 -0.435236 -0.001300
v -0.058046 -0.439261 -0.034397
v -0.224625 -0.428614 0.014817
v -0.197749 -0.429828 0.043377
v -0.210716 -0.431985 -0.017642
v -0.206210 -0.431869 0.077511
v -0.184999 -0.436065 -0.048332
v -0.166287 -0.435635 0.080001
v 0.116425 -0.442757 -0.082757
v 0.081635 -0.442201 -0.064505
v 0.163803 -0.437084 0.074091
v 0.056154 -0.439571 -0.035178
v 0.124514 -0.439284 0.065089
v 0.036227 -0.435466 -0.002663
v 0.090080 -0.439437 0.046178
v 0.058572 -0.437033 0.023280
v 0.207741 -0.433717 -0.021043
v 0.183034 -0.437413 -0.051764
v 0.220968 -0.430639 0.010136
v 0.155926 -0.440705 -0.079520
v 0.204067 -0.433708 0.072745
v 0.201991 -0.431460 0.041969
v 0.136294 -0.437522 -0.000218
v -0.137812 -0.436472 0.003060
v 0.238765 -0.481155 0.012890
v 0.215475 -0.481815 0.051519
v 0.216693 -0.483851 0.087718
v 0.168722 -0.487351 0.089908
v 0.121888 -0.489230 0.079464
v 0.081009 -0.488633 0.056681
v 0.043803 -0.484906 0.029455
v 0.017523 -0.482409 -0.001503
v 0.238765 -0.481155 0.012890
v 0.222716 -0.484588 -0.024728
v 0.192473 -0.488145 -0.061567
v 0.159291 -0.490828 -0.094215
v 0.112108 -0.492302 -0.097990
v 0.070935 -0.491111 -0.076494
v 0.040891 -0.487652 -0.041650
v 0.017523 -0.482409 -0.001503
v -0.240650 -0.479108 0.017854
v -0.223882 -0.482803 -0.020605
v -0.192944 -0.486731 -0.056803
v -0.160760 -0.489811 -0.089823
v -0.114761 -0.491694 -0.095049
v -0.074057 -0.490811 -0.074998
v -0.044259 -0.487430 -0.040494
v -0.020884 -0.482378 -0.000436
v -0.240650 -0.479108 0.017854
v -0.208616 -0.480200 0.052234
v -0.217629 -0.481990 0.091471
v -0.170766 -0.485845 0.095018
v -0.124689 -0.488057 0.083520
v -0.083879 -0.487867 0.060822
v -0.047600 -0.484652 0.031835
v -0.020884 -0.482378 -0.000436
v 0.051825 -0.393915 -0.029125
v 0.074420 -0.430886 -0.058518
v 0.055202 -0.433997 -0.019982
v 0.047679 -0.395152 0.007292
v 0.063590 -0.468832 -0.030029
v 0.088752 -0.458588 -0.064237
v 0.077822 -0.516985 -0.048695
v 0.105554 -0.522973 -0.074343
v 0.073082 -0.534480 -0.031806
v 0.092450 -0.543217 -0.059549
v 0.081993 -0.555519 -0.032738
v 0.088850 -0.577155 -0.069031
v 0.085625 -0.586118 -0.034708
v 0.086927 -0.618012 -0.078354
v 0.112847 -0.571276 -0.093856
v 0.111901 -0.538012 -0.079827
v 0.150483 -0.533388 -0.087253
v 0.153768 -0.566715 -0.101377
v 0.155213 -0.609443 -0.113022
v 0.113399 -0.613184 -0.103539
v 0.158671 -0.661556 -0.117784
v 0.113255 -0.663254 -0.109641
v 0.200240 -0.611072 -0.090236
v 0.190805 -0.569367 -0.077505
v 0.206210 -0.620835 -0.042682
v 0.206004 -0.662333 -0.096343
v 0.212297 -0.666563 -0.047754
v 0.201833 -0.714623 -0.018211
v 0.211365 -0.713182 -0.052826
v 0.199069 -0.669480 -0.012057
v 0.199825 -0.760926 -0.022987
v 0.202833 -0.760255 -0.057340
v 0.200314 -0.712336 -0.092187
v 0.189927 -0.759156 -0.087068
v 0.194251 -0.798000 -0.058165
v 0.195348 -0.798922 -0.024652
v 0.182327 -0.799238 0.003400
v 0.179045 -0.831203 0.000583
v 0.190154 -0.830614 -0.024915
v 0.156038 -0.798813 0.007147
v 0.156400 -0.834130 0.006697
v 0.186127 -0.860397 -0.024810
v 0.162180 -0.860043 0.005881
v 0.174554 -0.862415 -0.001219
v 0.170752 -0.887215 0.006122
v 0.160004 -0.884693 0.011629
v 0.150210 -0.859665 0.005320
v 0.134405 -0.830321 -0.008156
v 0.131033 -0.862092 -0.008454
v 0.132610 -0.886213 0.000230
v 0.147097 -0.883396 0.012321
v 0.126011 -0.887735 -0.013307
v 0.127706 -0.904891 0.007955
v 0.119825 -0.910029 -0.012196
v 0.121341 -0.925758 0.020189
v 0.118730 -0.934959 -0.009174
v 0.122792 -0.962007 -0.008185
v 0.114813 -0.953483 0.037504
v 0.133272 -0.928457 0.074192
v 0.136144 -0.915638 0.045510
v 0.157109 -0.920412 0.048854
v 0.142476 -0.900248 0.024954
v 0.157683 -0.903813 0.026113
v 0.182047 -0.929899 0.037398
v 0.178388 -0.942482 0.066816
v 0.156776 -0.933868 0.074295
v 0.191906 -0.952793 0.053677
v 0.198011 -0.962391 0.014165
v 0.190429 -0.935262 0.003477
v 0.194600 -0.967441 -0.030039
v 0.192544 -0.944498 -0.036604
v 0.190353 -0.967709 -0.068695
v 0.194410 -0.921928 -0.042930
v 0.183243 -0.946761 -0.066168
v 0.186874 -0.917297 -0.018933
v 0.187035 -0.892878 -0.044261
v 0.184794 -0.891010 -0.025447
v 0.176615 -0.889584 -0.005740
v 0.179078 -0.913209 0.000106
v 0.174458 -0.907737 0.017514
v 0.187810 -0.863358 -0.046981
v 0.179684 -0.864762 -0.061083
v 0.187491 -0.833749 -0.057389
v 0.175601 -0.830328 -0.080360
v 0.181911 -0.797047 -0.083196
v 0.154252 -0.795774 -0.094473
v 0.152375 -0.756247 -0.101083
v 0.158545 -0.710816 -0.110159
v 0.118898 -0.744613 -0.089844
v 0.123051 -0.768781 -0.085924
v 0.114378 -0.798685 -0.057758
v 0.108653 -0.766932 -0.061107
v 0.127011 -0.797978 -0.082457
v 0.120147 -0.830357 -0.055530
v 0.130636 -0.829791 -0.077885
v 0.152322 -0.829636 -0.089310
v 0.134542 -0.860930 -0.073787
v 0.151523 -0.861878 -0.085650
v 0.170420 -0.863494 -0.077689
v 0.166967 -0.892601 -0.076585
v 0.152381 -0.891478 -0.084935
v 0.152821 -0.916374 -0.088588
v 0.167706 -0.918656 -0.080451
v 0.176790 -0.893639 -0.059926
v 0.180545 -0.921176 -0.063038
v 0.171001 -0.943855 -0.088986
v 0.152006 -0.940293 -0.098277
v 0.138652 -0.940465 -0.083009
v 0.133283 -0.962290 -0.088283
v 0.151462 -0.962900 -0.103299
v 0.175862 -0.964916 -0.096192
v 0.142451 -0.916919 -0.077090
v 0.139705 -0.890811 -0.073890
v 0.125693 -0.860948 -0.053996
v 0.100166 -0.736772 -0.067450
v 0.110212 -0.762114 -0.032645
v 0.098789 -0.716189 -0.037953
v 0.090229 -0.705060 -0.081620
v 0.114716 -0.710936 -0.103341
v 0.086883 -0.662335 -0.084382
v 0.083922 -0.663507 -0.051426
v 0.083976 -0.624906 -0.041227
v 0.134413 -0.797877 -0.008508
v 0.153763 -0.761803 0.006734
v 0.130023 -0.760946 -0.009593
v 0.181287 -0.715735 0.010894
v 0.147813 -0.717718 0.009240
v 0.183302 -0.761421 0.005814
v 0.177183 -0.671163 0.016784
v 0.194608 -0.627648 -0.005169
v 0.169103 -0.630601 0.019440
v 0.141041 -0.672455 0.011742
v 0.131530 -0.631224 0.015142
v 0.156569 -0.592394 0.020741
v 0.183235 -0.586371 0.000864
v 0.174481 -0.555047 0.008577
v 0.149292 -0.564258 0.032852
v 0.117603 -0.592384 0.020383
v 0.096443 -0.591084 -0.005830
v 0.105184 -0.632184 -0.008832
v 0.099431 -0.568178 0.020140
v 0.117705 -0.567822 0.033849
v 0.108185 -0.540886 0.042849
v 0.089390 -0.539694 0.022591
v 0.086064 -0.565544 -0.005120
v 0.129078 -0.516830 0.058196
v 0.096204 -0.515441 0.047050
v 0.140228 -0.539440 0.046561
v 0.159873 -0.511180 0.039401
v 0.167354 -0.530017 0.023400
v 0.180247 -0.518293 -0.005102
v 0.177019 -0.497950 0.002094
v 0.186209 -0.544616 -0.026034
v 0.175838 -0.507458 -0.047674
v 0.180358 -0.536886 -0.062395
v 0.194493 -0.578339 -0.036764
v 0.148270 -0.520419 -0.081715
v 0.140067 -0.452890 -0.071120
v 0.171507 -0.456176 -0.038558
v 0.136395 -0.427764 -0.069583
v 0.142651 -0.389997 -0.067297
v 0.166488 -0.386777 -0.033945
v 0.108743 -0.391194 -0.072661
v 0.169506 -0.432481 -0.034346
v 0.066412 -0.386286 -0.055633
v 0.173142 -0.385885 0.007314
v 0.171944 -0.430164 0.005688
v 0.173202 -0.473901 0.010600
v 0.155377 -0.459383 0.048340
v 0.158300 -0.491817 0.047357
v 0.126180 -0.496042 0.064647
v 0.125316 -0.459059 0.063456
v 0.129336 -0.430843 0.065777
v 0.098432 -0.433718 0.064752
v 0.092867 -0.461629 0.060381
v 0.074765 -0.436732 0.052250
v 0.074104 -0.457832 0.044153
v 0.073190 -0.486985 0.032965
v 0.092634 -0.492999 0.053006
v 0.081086 -0.511229 0.022586
v 0.073882 -0.538397 -0.005911
v 0.066081 -0.509189 -0.008429
v 0.053604 -0.435799 0.024917
v 0.058263 -0.476848 0.000282
v 0.099569 -0.394037 0.072201
v 0.063573 -0.392713 0.049619
v 0.053604 -0.435799 0.024917
v 0.136239 -0.389541 0.074960
v 0.158650 -0.429905 0.047654
v 0.166436 -0.389081 0.054736
v 0.117173 -0.672350 -0.005806
v 0.123000 -0.717413 -0.008763
v 0.053604 -0.435799 0.024917
v 0.063573 -0.392713 0.049619
v 0.058263 -0.476848 0.000282
v 0.066081 -0.509189 -0.008429
v 0.073882 -0.538397 -0.005911
v 0.086064 -0.565544 -0.005120
v 0.096443 -0.591084 -0.005830
v 0.105184 -0.632184 -0.008832
v 0.099008 -0.669050 -0.023710
v 0.117173 -0.672350 -0.005806
v 0.123000 -0.717413 -0.008763
v 0.130023 -0.760946 -0.009593
v 0.117773 -0.797795 -0.030049
v 0.134413 -0.797877 -0.008508
v 0.134405 -0.830321 -0.008156
v 0.121614 -0.829874 -0.030940
v 0.131033 -0.862092 -0.008454
v 0.126011 -0.887735 -0.013307
v 0.123521 -0.860246 -0.032579
v 0.123590 -0.888179 -0.033963
v 0.119825 -0.910029 -0.012196
v 0.118623 -0.912690 -0.035887
v 0.118730 -0.934959 -0.009174
v 0.123527 -0.939346 -0.036563
v 0.122792 -0.962007 -0.008185
v 0.124470 -0.964507 -0.040327
v 0.133022 -0.940863 -0.060433
v 0.127925 -0.963613 -0.067209
v 0.132893 -0.915682 -0.057363
v 0.130435 -0.889892 -0.055197
v 0.085811 -0.695181 -0.058559
v -0.055192 -0.433997 -0.019982
v -0.074420 -0.430886 -0.058518
v -0.051824 -0.393915 -0.029124
v -0.047680 -0.395152 0.007292
v -0.058263 -0.476848 0.000282
v -0.063590 -0.468832 -0.030029
v -0.053604 -0.435799 0.024917
v -0.066081 -0.509189 -0.008429
v -0.077822 -0.516984 -0.048695
v -0.073082 -0.534480 -0.031806
v -0.073881 -0.538397 -0.005910
v -0.081991 -0.555520 -0.032739
v -0.086063 -0.565544 -0.005120
v -0.085625 -0.586118 -0.034708
v -0.096444 -0.591084 -0.005830
v -0.083976 -0.624906 -0.041227
v -0.088850 -0.577155 -0.069031
v -0.086927 -0.618012 -0.078354
v -0.105185 -0.632184 -0.008832
v -0.099006 -0.669051 -0.023709
v -0.083922 -0.663507 -0.051425
v -0.085810 -0.695181 -0.058559
v -0.086883 -0.662335 -0.084382
v -0.090228 -0.705061 -0.081621
v -0.098788 -0.716189 -0.037953
v -0.100165 -0.736772 -0.067450
v -0.110213 -0.762114 -0.032646
v -0.122997 -0.717414 -0.008759
v -0.130037 -0.760942 -0.009609
v -0.117780 -0.797794 -0.030052
v -0.108653 -0.766931 -0.061107
v -0.114376 -0.798685 -0.057759
v -0.121614 -0.829874 -0.030940
v -0.120146 -0.830357 -0.055530
v -0.123521 -0.860246 -0.032579
v -0.125693 -0.860948 -0.053996
v -0.123590 -0.888179 -0.033963
v -0.130435 -0.889892 -0.055197
v -0.134542 -0.860930 -0.073787
v -0.139705 -0.890811 -0.073890
v -0.132893 -0.915682 -0.057363
v -0.142451 -0.916919 -0.077090
v -0.133022 -0.940863 -0.060433
v -0.138652 -0.940465 -0.083009
v -0.127925 -0.963613 -0.067209
v -0.133283 -0.962290 -0.088283
v -0.124470 -0.964507 -0.040327
v -0.123527 -0.939346 -0.036563
v -0.122792 -0.962007 -0.008185
v -0.118730 -0.934959 -0.009174
v -0.118623 -0.912690 -0.035887
v -0.119825 -0.910029 -0.012196
v -0.126011 -0.887735 -0.013307
v -0.131033 -0.862092 -0.008454
v -0.134404 -0.830321 -0.008155
v -0.134411 -0.797878 -0.008506
v -0.117172 -0.672351 -0.005806
v -0.113399 -0.613183 -0.103541
v -0.112847 -0.571276 -0.093855
v -0.111901 -0.538012 -0.079827
v -0.092450 -0.543217 -0.059549
v -0.150483 -0.533388 -0.087254
v -0.148270 -0.520419 -0.081715
v -0.105554 -0.522973 -0.074343
v -0.140067 -0.452889 -0.071120
v -0.088752 -0.458588 -0.064237
v -0.136395 -0.427764 -0.069583
v -0.171507 -0.456176 -0.038558
v -0.169508 -0.432481 -0.034348
v -0.173202 -0.473901 0.010600
v -0.175832 -0.507459 -0.047671
v -0.180358 -0.536886 -0.062395
v -0.177019 -0.497950 0.002094
v -0.186212 -0.544615 -0.026034
v -0.180247 -0.518293 -0.005102
v -0.174482 -0.555047 0.008578
v -0.159873 -0.511181 0.039401
v -0.167354 -0.530017 0.023400
v -0.183236 -0.586371 0.000865
v -0.156569 -0.592394 0.020741
v -0.149292 -0.564259 0.032853
v -0.140228 -0.539440 0.046561
v -0.117707 -0.567818 0.033839
v -0.117604 -0.592384 0.020382
v -0.131530 -0.631224 0.015142
v -0.105185 -0.632184 -0.008832
v -0.096444 -0.591084 -0.005830
v -0.099431 -0.568178 0.020140
v -0.086063 -0.565544 -0.005120
v -0.089390 -0.539694 0.022591
v -0.108185 -0.540886 0.042849
v -0.096204 -0.515441 0.047050
v -0.129078 -0.516830 0.058197
v -0.126180 -0.496042 0.064646
v -0.158300 -0.491817 0.047357
v -0.125316 -0.459059 0.063458
v -0.155377 -0.459383 0.048340
v -0.129336 -0.430843 0.065777
v -0.158661 -0.429907 0.047660
v -0.171937 -0.430164 0.005688
v -0.099570 -0.394037 0.072201
v -0.136239 -0.389541 0.074959
v -0.098430 -0.433719 0.064757
v -0.166435 -0.389081 0.054736
v -0.173141 -0.385885 0.007314
v -0.166488 -0.386776 -0.033946
v -0.142650 -0.389997 -0.067298
v -0.108743 -0.391194 -0.072661
v -0.066412 -0.386286 -0.055633
v -0.074765 -0.436732 0.052250
v -0.092866 -0.461629 0.060384
v -0.074104 -0.457832 0.044153
v -0.092633 -0.492999 0.053006
v -0.081085 -0.511229 0.022588
v -0.073189 -0.486985 0.032965
v -0.073881 -0.538397 -0.005910
v -0.066081 -0.509189 -0.008429
v -0.058263 -0.476848 0.000282
v -0.053604 -0.435799 0.024917
v -0.047680 -0.395152 0.007292
v -0.063572 -0.392713 0.049619
v -0.055192 -0.433997 -0.019982
v -0.117172 -0.672351 -0.005806
v -0.122997 -0.717414 -0.008759
v -0.141041 -0.672455 0.011742
v -0.169105 -0.630601 0.019447
v -0.177184 -0.671163 0.016785
v -0.147813 -0.717719 0.009240
v -0.194608 -0.627648 -0.005169
v -0.199069 -0.669480 -0.012057
v -0.194494 -0.578339 -0.036764
v -0.206206 -0.620836 -0.042683
v -0.190805 -0.569367 -0.077505
v -0.200240 -0.611072 -0.090236
v -0.153768 -0.566715 -0.101377
v -0.155213 -0.609443 -0.113022
v -0.158670 -0.661557 -0.117781
v -0.113255 -0.663254 -0.109641
v -0.200315 -0.712336 -0.092188
v -0.206004 -0.662333 -0.096343
v -0.158545 -0.710817 -0.110159
v -0.211363 -0.713182 -0.052826
v -0.212296 -0.666564 -0.047754
v -0.201832 -0.714623 -0.018211
v -0.199830 -0.760926 -0.022985
v -0.183302 -0.761421 0.005814
v -0.181277 -0.715731 0.010873
v -0.156037 -0.798813 0.007148
v -0.153763 -0.761804 0.006736
v -0.182329 -0.799239 0.003402
v -0.134411 -0.797878 -0.008506
v -0.130037 -0.760942 -0.009609
v -0.134404 -0.830321 -0.008155
v -0.150210 -0.859665 0.005320
v -0.131033 -0.862092 -0.008454
v -0.156398 -0.834130 0.006709
v -0.179049 -0.831203 0.000587
v -0.162180 -0.860043 0.005881
v -0.195342 -0.798921 -0.024653
v -0.190155 -0.830614 -0.024915
v -0.186127 -0.860397 -0.024810
v -0.174554 -0.862415 -0.001219
v -0.202835 -0.760255 -0.057340
v -0.194257 -0.798002 -0.058166
v -0.189926 -0.759156 -0.087067
v -0.152375 -0.756247 -0.101083
v -0.181913 -0.797047 -0.083199
v -0.154252 -0.795774 -0.094474
v -0.175601 -0.830328 -0.080360
v -0.187490 -0.833749 -0.057389
v -0.187810 -0.863358 -0.046981
v -0.179684 -0.864762 -0.061083
v -0.187035 -0.892878 -0.044261
v -0.184794 -0.891010 -0.025447
v -0.176615 -0.889584 -0.005740
v -0.186874 -0.917297 -0.018933
v -0.179078 -0.913209 0.000106
v -0.170752 -0.887215 0.006122
v -0.174458 -0.907737 0.017514
v -0.160004 -0.884693 0.011629
v -0.157683 -0.903813 0.026113
v -0.147097 -0.883396 0.012321
v -0.127706 -0.904891 0.007955
v -0.132610 -0.886213 0.000230
v -0.142476 -0.900248 0.024954
v -0.136144 -0.915638 0.045510
v -0.121341 -0.925758 0.020189
v -0.114813 -0.953483 0.037504
v -0.122792 -0.962007 -0.008185
v -0.118730 -0.934959 -0.009174
v -0.119825 -0.910029 -0.012196
v -0.126011 -0.887735 -0.013307
v -0.133272 -0.928457 0.074192
v -0.157109 -0.920412 0.048854
v -0.156776 -0.933868 0.074295
v -0.182047 -0.929899 0.037398
v -0.178388 -0.942482 0.066816
v -0.191906 -0.952793 0.053677
v -0.198011 -0.962391 0.014165
v -0.194600 -0.967441 -0.030039
v -0.190429 -0.935262 0.003477
v -0.192544 -0.944498 -0.036604
v -0.190353 -0.967709 -0.068695
v -0.183243 -0.946761 -0.066168
v -0.194410 -0.921928 -0.042930
v -0.180545 -0.921176 -0.063038
v -0.167706 -0.918656 -0.080451
v -0.171001 -0.943855 -0.088986
v -0.175862 -0.964916 -0.096192
v -0.176790 -0.893639 -0.059926
v -0.166967 -0.892601 -0.076585
v -0.152821 -0.916374 -0.088588
v -0.170420 -0.863494 -0.077689
v -0.152381 -0.891478 -0.084935
v -0.152006 -0.940293 -0.098277
v -0.151462 -0.962900 -0.103299
v -0.151523 -0.861878 -0.085650
v -0.152322 -0.829636 -0.089309
v -0.130636 -0.829791 -0.077885
v -0.127009 -0.797978 -0.082459
v -0.123050 -0.768782 -0.085925
v -0.118897 -0.744613 -0.089845
v -0.114716 -0.710936 -0.103342
v -0.006751 0.033526 0.125794
v -0.005642 0.038702 0.124447
v -0.006751 0.033526 0.124417
v 0.023565 0.036853 0.124754
v 0.023565 0.031492 0.123380
v 0.023565 0.036853 0.123377
v -0.006936 0.028350 0.124436
v 0.021162 0.040181 0.123519
v 0.000955 0.044433 0.124771
v 0.006373 0.045726 0.125781
v 0.006373 0.045726 0.124404
v -0.004718 0.023729 0.124582
v -0.006936 0.028350 0.125813
v 0.017095 0.043878 0.123761
v 0.021162 0.040181 0.124896
v 0.008961 0.017998 0.125758
v 0.000895 0.017999 0.124917
v 0.008961 0.017998 0.124381
v -0.001206 0.019847 0.124793
v -0.004718 0.023729 0.125959
v 0.012474 0.045542 0.124038
v 0.017095 0.043878 0.125138
v 0.015616 0.018737 0.125311
v 0.015616 0.018737 0.123934
v -0.001206 0.019847 0.126170
v 0.012474 0.045542 0.125415
v 0.019868 0.022250 0.125010
v 0.019868 0.022250 0.123633
v -0.002315 0.042769 0.125981
v -0.002315 0.042769 0.124604
v 0.022641 0.026501 0.124816
v 0.022641 0.026501 0.123439
v -0.005642 0.038702 0.125824
v 0.023565 0.031492 0.124757
v 0.163754 0.062499 0.025077
v 0.158731 0.053142 0.059899
v 0.172109 0.054928 0.026714
v 0.099515 0.056573 0.100715
v 0.072045 0.047198 0.120667
v 0.104822 0.048873 0.105948
v -0.070118 0.047816 0.121254
v -0.097845 0.057781 0.101547
v -0.103078 0.050253 0.106755
v -0.157693 0.054198 0.061184
v -0.163328 0.063024 0.026531
v -0.171612 0.055606 0.028256
v 0.160905 0.063395 -0.078368
v 0.164751 0.067256 -0.042874
v 0.172649 0.059818 -0.044614
v 0.070262 0.068200 -0.124256
v 0.100024 0.074327 -0.113512
v 0.105536 0.067161 -0.119639
v -0.072068 0.068541 -0.123884
v -0.101822 0.074852 -0.112983
v -0.068110 0.075676 -0.116837
v -0.161552 0.064806 -0.076731
v -0.164816 0.069116 -0.041195
v -0.154167 0.072170 -0.073501
v 0.104299 0.008343 0.103297
v 0.074164 0.013126 0.121097
v 0.071481 0.006175 0.115746
v 0.107322 0.023673 0.107297
v 0.108155 0.015274 0.107746
v 0.106488 0.032073 0.106847
v 0.073634 0.021644 0.120990
v 0.105655 0.040473 0.106397
v 0.073104 0.030162 0.120882
v 0.072575 0.038680 0.120775
v 0.169450 0.013476 0.026554
v 0.162930 0.019822 0.061602
v 0.156923 0.012763 0.059117
v 0.176078 0.020775 0.027743
v 0.161880 0.028152 0.061176
v 0.175086 0.029314 0.027486
v 0.160830 0.036482 0.060750
v 0.174094 0.037852 0.027229
v 0.159780 0.044812 0.060324
v 0.173102 0.046390 0.026971
v 0.156275 0.020935 -0.076044
v 0.174605 0.025345 -0.044866
v 0.167559 0.017772 -0.043235
v 0.162823 0.028704 -0.079044
v 0.174116 0.033963 -0.044803
v 0.162344 0.037377 -0.078875
v 0.173627 0.042581 -0.044740
v 0.161864 0.046050 -0.078706
v 0.173138 0.051200 -0.044677
v 0.161385 0.054722 -0.078537
v 0.105855 0.024575 -0.120813
v 0.074089 0.033528 -0.132979
v 0.109598 0.032501 -0.124724
v 0.108583 0.041166 -0.123453
v 0.073132 0.042196 -0.130798
v 0.107567 0.049831 -0.122182
v 0.072175 0.050864 -0.128617
v 0.106551 0.058496 -0.120910
v 0.071219 0.059532 -0.126436
v -0.107296 0.025031 -0.119834
v -0.075631 0.033763 -0.132052
v -0.073224 0.025755 -0.128562
v -0.110220 0.041667 -0.122587
v -0.074740 0.042458 -0.130010
v -0.109266 0.050344 -0.121394
v -0.073849 0.051152 -0.127968
v -0.108313 0.059020 -0.120200
v -0.072959 0.059846 -0.125926
v -0.107360 0.067697 -0.119007
v -0.156726 0.021838 -0.074510
v -0.174648 0.026739 -0.043118
v -0.163334 0.029742 -0.077434
v -0.174165 0.035467 -0.043054
v -0.162889 0.038508 -0.077259
v -0.173682 0.044195 -0.042989
v -0.162443 0.047274 -0.077083
v -0.173199 0.052924 -0.042925
v -0.161997 0.056040 -0.076907
v -0.172717 0.061652 -0.042861
v -0.161893 0.021070 0.063126
v -0.168683 0.014746 0.028132
v -0.155925 0.014003 0.060632
v -0.160843 0.029352 0.062641
v -0.175342 0.021972 0.029371
v -0.159793 0.037634 0.062155
v -0.174410 0.030381 0.029092
v -0.158743 0.045916 0.061670
v -0.173477 0.038789 0.028813
v -0.172544 0.047198 0.028534
v -0.072279 0.014530 0.121256
v -0.102603 0.010224 0.103772
v -0.069682 0.007706 0.115795
v -0.071739 0.022851 0.121255
v -0.106394 0.017122 0.108305
v -0.071199 0.031173 0.121255
v -0.105565 0.025405 0.107918
v -0.070658 0.039494 0.121255
v -0.104736 0.033687 0.107530
v -0.103907 0.041970 0.107142
v 0.157914 0.052687 0.059544
v 0.163150 0.061756 0.024790
v 0.171293 0.054472 0.026360
v 0.071683 0.046816 0.119817
v 0.099226 0.055923 0.100013
v 0.104454 0.048523 0.105086
v -0.069769 0.047438 0.120396
v -0.097576 0.057128 0.100838
v -0.066310 0.054833 0.115084
v -0.156882 0.053739 0.060822
v -0.162731 0.062275 0.026244
v -0.149299 0.060807 0.057557
v 0.164091 0.066521 -0.042722
v 0.160043 0.062955 -0.078115
v 0.171769 0.059422 -0.044350
v 0.099920 0.073613 -0.112820
v 0.070135 0.067687 -0.123407
v 0.105402 0.066735 -0.118744
v -0.071937 0.068038 -0.123029
v -0.101717 0.074143 -0.112285
v -0.107222 0.067280 -0.118109
v -0.160685 0.064371 -0.076486
v -0.164153 0.068383 -0.041045
v -0.171835 0.061255 -0.042607
v 0.103987 0.008985 0.102596
v 0.073799 0.013452 0.120225
v 0.107787 0.015553 0.106860
v 0.106949 0.023613 0.106371
v 0.073261 0.021583 0.120064
v 0.106105 0.032012 0.105926
v 0.072720 0.030101 0.119961
v 0.105260 0.040411 0.105481
v 0.072179 0.038618 0.119858
v 0.168757 0.014151 0.026303
v 0.162040 0.020129 0.061264
v 0.175181 0.021054 0.027401
v 0.160958 0.028026 0.060811
v 0.174164 0.029187 0.027120
v 0.159909 0.036356 0.060381
v 0.173173 0.037725 0.026859
v 0.158861 0.044685 0.059951
v 0.172182 0.046264 0.026598
v 0.173731 0.025698 -0.044530
v 0.155607 0.021616 -0.075747
v 0.166890 0.018453 -0.042939
v 0.173170 0.033906 -0.044482
v 0.161934 0.029015 -0.078707
v 0.172682 0.042524 -0.044418
v 0.161398 0.037320 -0.078554
v 0.172193 0.051142 -0.044355
v 0.160919 0.045992 -0.078384
v 0.160440 0.054665 -0.078215
v 0.105658 0.025045 -0.119952
v 0.073869 0.033670 -0.132014
v 0.071621 0.026025 -0.128722
v 0.108378 0.040952 -0.122498
v 0.109378 0.032616 -0.123756
v 0.107385 0.049619 -0.121221
v 0.072929 0.041982 -0.129843
v 0.106393 0.058286 -0.119945
v 0.071995 0.050652 -0.127657
v 0.071062 0.059322 -0.125471
v -0.075410 0.033919 -0.131089
v -0.107097 0.025508 -0.118978
v -0.073025 0.026232 -0.127706
v -0.110014 0.041466 -0.121629
v -0.110952 0.033112 -0.122813
v -0.074536 0.042257 -0.129051
v -0.109082 0.050145 -0.120431
v -0.073667 0.050953 -0.127005
v -0.108151 0.058823 -0.119233
v -0.072798 0.059649 -0.124958
v -0.156045 0.022514 -0.074227
v -0.173767 0.027087 -0.042798
v -0.166907 0.019676 -0.041282
v -0.162440 0.030052 -0.077113
v -0.173215 0.035412 -0.042746
v -0.161939 0.038453 -0.076950
v -0.172732 0.044141 -0.042681
v -0.161493 0.047219 -0.076775
v -0.172250 0.052869 -0.042617
v -0.161048 0.055985 -0.076599
v -0.167993 0.015422 0.027876
v -0.161007 0.021379 0.062780
v -0.155234 0.014680 0.060376
v -0.174448 0.022251 0.029020
v -0.159924 0.029226 0.062266
v -0.173491 0.030255 0.028717
v -0.158876 0.037508 0.061775
v -0.172561 0.038663 0.028433
v -0.157829 0.045790 0.061284
v -0.171630 0.047071 0.028149
v -0.102295 0.010874 0.103078
v -0.071922 0.014866 0.120384
v -0.069373 0.008356 0.115100
v -0.106033 0.017410 0.107418
v -0.071376 0.022800 0.120325
v -0.105202 0.025353 0.106987
v -0.070824 0.031120 0.120329
v -0.104361 0.033635 0.106604
v -0.070272 0.039441 0.120334
v -0.103520 0.041917 0.106222
v -0.155234 0.014680 0.060376
v -0.102295 0.010874 0.103078
v -0.069373 0.008356 0.115100
v 0.175181 0.021054 0.027401
v 0.150896 0.060591 0.056671
v 0.150292 0.059847 0.056384
v 0.107787 0.015553 0.106860
v 0.068151 0.054433 0.114426
v 0.068439 0.055083 0.115129
v -0.066310 0.054833 0.115084
v -0.097576 0.057128 0.100838
v -0.149896 0.061556 0.057845
v -0.162731 0.062275 0.026244
v 0.152861 0.069996 -0.074922
v 0.164091 0.066521 -0.042722
v 0.161934 0.029015 -0.078707
v 0.109378 0.032616 -0.123756
v 0.105658 0.025045 -0.119952
v 0.066325 0.075324 -0.117060
v 0.099920 0.073613 -0.112820
v -0.101717 0.074143 -0.112285
v -0.068004 0.074967 -0.116139
v -0.110952 0.033112 -0.122813
v -0.111173 0.032990 -0.123780
v -0.162440 0.030052 -0.077113
v -0.156045 0.022514 -0.074227
v -0.153504 0.071436 -0.073351
v 0.155607 0.021616 -0.075747
v 0.071621 0.026025 -0.128722
v 0.071818 0.025555 -0.129582
v 0.162040 0.020129 0.061264
v 0.156229 0.013438 0.058866
v 0.168757 0.014151 0.026303
v 0.073799 0.013452 0.120225
v 0.071169 0.006817 0.115045
v 0.103987 0.008985 0.102596
v -0.071922 0.014866 0.120384
v -0.106033 0.017410 0.107418
v -0.161007 0.021379 0.062780
v -0.174448 0.022251 0.029020
v -0.167993 0.015422 0.027876
v -0.167588 0.019000 -0.041565
v -0.073025 0.026232 -0.127706
v -0.107097 0.025508 -0.118978
v 0.173731 0.025698 -0.044530
v 0.166890 0.018453 -0.042939
v 0.073869 0.033670 -0.132014
v -0.075410 0.033919 -0.131089
v -0.167588 0.019000 -0.041565
v -0.173767 0.027087 -0.042798
v 0.104454 0.048523 0.105086
v 0.099226 0.055923 0.100013
v 0.106105 0.032012 0.105926
v 0.105260 0.040411 0.105481
v 0.106949 0.023613 0.106371
v 0.071683 0.046816 0.119817
v 0.072179 0.038618 0.119858
v 0.072720 0.030101 0.119961
v 0.073261 0.021583 0.120064
v 0.171293 0.054472 0.026360
v 0.163150 0.061756 0.024790
v 0.172182 0.046264 0.026598
v 0.173173 0.037725 0.026859
v 0.174164 0.029187 0.027120
v 0.150896 0.060591 0.056671
v 0.157914 0.052687 0.059544
v 0.158861 0.044685 0.059951
v 0.159909 0.036356 0.060381
v 0.160958 0.028026 0.060811
v 0.153522 0.070731 -0.075073
v 0.152861 0.069996 -0.074922
v 0.160043 0.062955 -0.078115
v 0.160919 0.045992 -0.078384
v 0.160440 0.054665 -0.078215
v 0.161398 0.037320 -0.078554
v 0.171769 0.059422 -0.044350
v 0.172193 0.051142 -0.044355
v 0.172682 0.042524 -0.044418
v 0.173170 0.033906 -0.044482
v 0.105402 0.066735 -0.118744
v 0.106393 0.058286 -0.119945
v 0.107385 0.049619 -0.121221
v 0.108378 0.040952 -0.122498
v 0.066325 0.075324 -0.117060
v 0.066222 0.074610 -0.116368
v 0.070135 0.067687 -0.123407
v 0.071995 0.050652 -0.127657
v 0.071062 0.059322 -0.125471
v 0.072929 0.041982 -0.129843
v -0.107222 0.067280 -0.118109
v -0.108151 0.058823 -0.119233
v -0.109082 0.050145 -0.120431
v -0.110014 0.041466 -0.121629
v -0.071937 0.068038 -0.123029
v -0.072798 0.059649 -0.124958
v -0.073667 0.050953 -0.127005
v -0.074536 0.042257 -0.129051
v -0.160685 0.064371 -0.076486
v -0.161048 0.055985 -0.076599
v -0.161493 0.047219 -0.076775
v -0.161939 0.038453 -0.076950
v -0.171835 0.061255 -0.042607
v -0.164153 0.068383 -0.041045
v -0.172732 0.044141 -0.042681
v -0.172250 0.052869 -0.042617
v -0.173215 0.035412 -0.042746
v -0.149896 0.061556 0.057845
v -0.156882 0.053739 0.060822
v -0.158876 0.037508 0.061775
v -0.157829 0.045790 0.061284
v -0.159924 0.029226 0.062266
v -0.170800 0.055149 0.027893
v -0.171630 0.047071 0.028149
v -0.172561 0.038663 0.028433
v -0.173491 0.030255 0.028717
v -0.066579 0.055486 0.115793
v -0.069769 0.047438 0.120396
v -0.070272 0.039441 0.120334
v -0.070824 0.031120 0.120329
v -0.071376 0.022800 0.120325
v -0.102724 0.049903 0.105887
v -0.103520 0.041917 0.106222
v -0.104361 0.033635 0.106604
v -0.105202 0.025353 0.106987
v -0.001371 -0.236170 0.000550
v -0.001371 -0.236170 0.000550
v 0.167882 0.064127 -0.008940
v 0.035093 0.053775 0.122674
v -0.097845 0.057781 0.101547
v -0.167608 0.065521 -0.007191
v -0.239496 -0.436530 0.015969
v -0.156726 0.021838 -0.074510
v 0.237657 -0.438547 0.011571
v 0.172301 0.015090 -0.008365
v -0.172142 0.016247 -0.006797
v 0.000955 0.044433 0.126148
v 0.000895 0.017999 0.126294
v -0.066579 0.055486 0.115793
v 0.153522 0.070731 -0.075073
v 0.068151 0.054433 0.114426
v -0.102724 0.049903 0.105887
v -0.170800 0.055149 0.027893
v -0.068004 0.074967 -0.116139
v -0.153504 0.071436 -0.073351
v 0.071169 0.006817 0.115045
v 0.156229 0.013438 0.058866
v 0.071818 0.025555 -0.129582
v 0.068439 0.055083 0.115129
vn -0.9916 0.0361 0.1239
vn -0.8512 -0.1027 -0.5147
vn -0.8184 -0.1258 -0.5607
vn -0.6215 -0.1554 -0.7678
vn -0.6169 -0.1628 -0.7700
vn -0.1742 -0.1212 -0.9772
vn -0.1924 -0.1229 -0.9736
vn 0.4118 -0.0315 -0.9107
vn 0.4145 -0.0427 -0.9090
vn 0.7605 0.0213 -0.6490
vn 0.7456 -0.0113 -0.6663
vn 0.8423 0.0794 -0.5331
vn 0.8497 0.0748 -0.5220
vn 0.9983 0.0264 0.0520
vn -0.9845 0.0011 0.1752
vn -0.8804 -0.0918 -0.4652
vn -0.6455 -0.1386 -0.7511
vn -0.1662 -0.1200 -0.9788
vn 0.4145 -0.0240 -0.9097
vn 0.7754 0.0528 -0.6293
vn 0.8388 0.1246 -0.5301
vn 0.9899 0.1388 -0.0304
vn 0.9974 0.0713 0.0087
vn -0.9908 -0.0361 0.1302
vn -0.9081 -0.0773 -0.4115
vn -0.6788 -0.1227 -0.7240
vn -0.1739 -0.1172 -0.9778
vn 0.4227 -0.0219 -0.9060
vn 0.7897 0.0678 -0.6098
vn 0.8532 0.1310 -0.5050
vn 0.9845 0.1622 -0.0674
vn -0.9948 -0.0426 0.0930
vn -0.9312 -0.0810 -0.3553
vn -0.7187 -0.1124 -0.6861
vn -0.1943 -0.1105 -0.9747
vn 0.4241 -0.0088 -0.9056
vn 0.7942 0.0731 -0.6033
vn 0.8724 0.1061 -0.4772
vn 0.9835 0.1536 -0.0959
vn -0.9947 -0.0824 0.0620
vn -0.9375 -0.1317 -0.3221
vn -0.7584 -0.1173 -0.6412
vn -0.2324 -0.1052 -0.9669
vn 0.4185 0.0018 -0.9082
vn 0.7820 0.0698 -0.6194
vn 0.8855 0.0597 -0.4607
vn 0.9867 0.1103 -0.1193
vn -0.9716 -0.2348 0.0280
vn -0.8793 -0.3148 -0.3573
vn -0.7813 -0.1922 -0.5938
vn -0.2964 -0.1291 -0.9463
vn 0.4058 -0.0106 -0.9139
vn 0.7621 0.0622 -0.6444
vn 0.8802 0.0280 -0.4737
vn 0.9878 0.0880 -0.1286
vn 0.8882 0.0248 -0.4588
vn 0.9861 0.1127 -0.1221
vn 0.9089 0.0348 -0.4155
vn 0.9858 0.1240 -0.1131
vn 0.9848 0.1444 -0.0961
vn 0.9255 0.0642 -0.3733
vn 0.9850 0.1535 -0.0789
vn 0.9325 0.0898 -0.3499
vn 0.9847 0.1608 -0.0672
vn 0.9477 0.0980 -0.3038
vn 0.9894 0.1356 -0.0517
vn 0.9625 0.0796 -0.2595
vn 0.9947 0.0974 -0.0324
vn 0.9709 0.0700 -0.2291
vn 0.9958 0.0902 -0.0175
vn 0.7956 0.0392 -0.6046
vn 0.8064 -0.0092 -0.5913
vn 0.8281 -0.0000 -0.5606
vn 0.8627 0.0045 -0.5057
vn 0.8890 0.0264 -0.4571
vn 0.9010 0.0307 -0.4328
vn 0.9040 0.0669 -0.4223
vn 0.9729 0.0753 -0.2187
vn 0.5731 0.0207 -0.8192
vn 0.6396 -0.0254 -0.7683
vn 0.6860 -0.0950 -0.7214
vn 0.7426 -0.0805 -0.6649
vn 0.7596 -0.0036 -0.6504
vn 0.7468 0.0247 -0.6646
vn 0.6724 0.1490 -0.7250
vn 0.8858 0.0774 -0.4575
vn 0.0543 -0.1038 -0.9931
vn 0.2872 -0.0768 -0.9548
vn 0.3984 -0.1620 -0.9028
vn 0.4594 -0.1556 -0.8745
vn 0.4966 -0.0203 -0.8677
vn 0.4732 0.0940 -0.8759
vn 0.3954 0.1780 -0.9011
vn 0.7099 0.1151 -0.6949
vn 0.3693 0.2036 -0.9067
vn -0.5886 -0.2346 -0.7736
vn -0.3154 -0.2192 -0.9233
vn -0.0398 -0.2485 -0.9678
vn 0.1200 -0.2244 -0.9671
vn 0.1862 -0.0477 -0.9813
vn 0.1908 0.1230 -0.9739
vn 0.1664 0.2200 -0.9612
vn 0.1387 0.2351 -0.9620
vn -0.7738 -0.3483 -0.5291
vn -0.6205 -0.3820 -0.6849
vn -0.3764 -0.4415 -0.8145
vn -0.1349 -0.3734 -0.9178
vn -0.0147 -0.1244 -0.9921
vn 0.0159 0.0879 -0.9960
vn 0.0357 0.2213 -0.9745
vn 0.0197 0.2742 -0.9615
vn -0.0036 -0.7938 -0.6082
vn 0.0016 -0.6697 -0.7426
vn 0.0027 -0.6418 -0.7668
vn -0.0002 -0.5443 -0.8389
vn 0.0052 -0.2369 -0.9715
vn 0.0037 0.0529 -0.9986
vn 0.0011 0.2036 -0.9790
vn -0.0030 0.2881 -0.9576
vn 0.9934 0.0264 0.1119
vn 0.7765 0.0102 0.6300
vn 0.7229 0.0584 0.6885
vn 0.6316 -0.0968 0.7692
vn 0.5554 -0.1829 0.8112
vn 0.3252 -0.1145 0.9387
vn 0.3479 -0.1767 0.9207
vn 0.0457 -0.0318 0.9984
vn 0.0725 -0.0864 0.9936
vn -0.7849 0.0492 0.6177
vn -0.8009 0.0367 0.5977
vn -0.9629 0.0023 0.2698
vn -0.9531 0.0402 0.2998
vn -0.9879 0.0340 0.1512
vn 0.9891 -0.0016 0.1474
vn 0.8013 -0.0918 0.5912
vn 0.6709 -0.0906 0.7360
vn 0.3109 -0.0643 0.9483
vn 0.0171 0.0090 0.9998
vn -0.7606 0.1030 0.6409
vn -0.9450 0.1017 0.3109
vn -0.9931 0.0619 0.0996
vn 0.9927 -0.0245 0.1179
vn 0.8289 -0.1290 0.5443
vn 0.6641 -0.1029 0.7405
vn 0.3077 -0.0741 0.9486
vn -0.0165 -0.0387 0.9991
vn -0.7295 0.1171 0.6739
vn -0.9851 0.1695 0.0281
vn -0.9883 0.1413 0.0577
vn 0.9954 -0.0391 0.0871
vn 0.8501 -0.1679 0.4990
vn 0.6429 -0.1670 0.7475
vn 0.3284 -0.1417 0.9338
vn -0.0417 -0.0950 0.9946
vn -0.7110 0.1029 0.6956
vn -0.9446 0.1196 0.3057
vn -0.9848 0.1731 -0.0117
vn 0.9942 -0.0883 0.0615
vn 0.8658 -0.2368 0.4408
vn 0.6385 -0.2201 0.7374
vn 0.3436 -0.1561 0.9260
vn -0.0881 -0.0952 0.9916
vn -0.7105 0.1079 0.6953
vn -0.9461 0.1155 0.3025
vn -0.9875 0.1523 -0.0414
vn 0.9695 -0.2433 0.0282
vn 0.8038 -0.4236 0.4176
vn 0.5992 -0.3280 0.7303
vn 0.3276 -0.2107 0.9210
vn -0.0882 -0.0833 0.9926
vn -0.6841 0.0747 0.7256
vn -0.9452 0.0927 0.3130
vn -0.9911 0.1154 -0.0669
vn -0.9525 0.0602 0.2984
vn -0.9897 0.1201 -0.0775
vn -0.9623 0.0674 0.2637
vn -0.9941 0.0800 -0.0730
vn -0.9626 0.1091 0.2480
vn -0.9925 0.0960 -0.0758
vn -0.9562 0.1695 0.2388
vn -0.9863 0.1461 -0.0760
vn -0.9528 0.1994 0.2289
vn -0.9820 0.1758 -0.0687
vn -0.9582 0.1776 0.2241
vn -0.9871 0.1523 -0.0484
vn -0.9655 0.1300 0.2255
vn -0.9943 0.1034 -0.0260
vn -0.9652 0.1129 0.2360
vn -0.9960 0.0892 -0.0095
vn -0.9421 0.0374 0.3333
vn -0.7714 0.0877 0.6303
vn -0.8009 0.0946 0.5913
vn -0.8080 0.1331 0.5740
vn -0.8084 0.1721 0.5630
vn -0.8194 0.1953 0.5389
vn -0.8343 0.1764 0.5223
vn -0.8446 0.1422 0.5161
vn -0.8434 0.1287 0.5216
vn -0.2912 -0.0118 0.9566
vn -0.4121 0.0557 0.9094
vn -0.4634 0.1122 0.8790
vn -0.4991 0.1405 0.8551
vn -0.5389 0.1428 0.8302
vn -0.5840 0.1358 0.8003
vn -0.6141 0.1365 0.7773
vn -0.6219 0.1363 0.7711
vn 0.1254 -0.1759 0.9764
vn -0.0475 -0.0380 0.9981
vn -0.1648 0.0419 0.9854
vn -0.2471 0.0602 0.9671
vn -0.3084 0.0648 0.9490
vn -0.3535 0.0547 0.9338
vn -0.3937 0.0925 0.9146
vn -0.4218 0.1019 0.9009
vn 0.3898 -0.3323 0.8588
vn 0.1873 -0.2411 0.9523
vn -0.0324 -0.1378 0.9899
vn -0.1751 -0.0454 0.9835
vn -0.2309 0.0064 0.9730
vn -0.2521 0.0184 0.9675
vn -0.2571 0.0640 0.9643
vn -0.2661 0.0666 0.9617
vn 0.5998 -0.5002 0.6245
vn 0.3405 -0.4945 0.7997
vn 0.0695 -0.3913 0.9176
vn -0.1086 -0.1643 0.9804
vn -0.1361 -0.0274 0.9903
vn -0.1336 0.0128 0.9909
vn -0.1240 0.0635 0.9902
vn -0.1258 0.0609 0.9902
vn -0.0103 -0.8341 0.5515
vn -0.0062 -0.7261 0.6876
vn 0.0034 -0.5913 0.8064
vn 0.0138 -0.2908 0.9567
vn 0.0134 -0.0390 0.9991
vn 0.0084 0.0153 0.9998
vn 0.0062 0.0582 0.9983
vn 0.0013 0.0589 0.9983
vn 0.6571 0.7264 0.2012
vn 0.9682 0.1107 0.2243
vn 0.5722 0.7187 0.3951
vn 0.8509 0.1232 0.5106
vn 0.4215 0.7209 0.5502
vn 0.6390 0.1235 0.7592
vn 0.2902 0.7090 0.6428
vn 0.4242 0.1017 0.8999
vn 0.2778 0.0746 0.9577
vn 0.2051 0.6810 0.7029
vn 0.1317 0.0586 0.9896
vn 0.0001 0.6751 0.7377
vn -0.1258 0.0608 0.9902
vn -0.0693 0.6721 0.7372
vn -0.2661 0.0665 0.9617
vn -0.1782 0.6820 0.7093
vn -0.4219 0.1019 0.9009
vn -0.4110 0.7222 0.5564
vn -0.6219 0.1363 0.7712
vn -0.5665 0.7231 0.3952
vn -0.6584 0.7210 0.2159
vn 0.9934 0.0263 0.1120
vn 0.8482 -0.1126 -0.5176
vn 0.9891 -0.0016 0.1475
vn 0.8176 -0.1305 -0.5608
vn 0.6102 -0.1626 -0.7754
vn 0.6065 -0.1707 -0.7765
vn 0.1436 -0.1293 -0.9812
vn 0.1638 -0.1284 -0.9781
vn -0.4300 -0.0464 -0.9016
vn -0.4367 -0.0452 -0.8985
vn -0.7631 -0.0055 -0.6462
vn -0.7474 -0.0250 -0.6639
vn -0.8405 0.0618 -0.5382
vn -0.8427 0.0691 -0.5339
vn 0.8809 -0.0949 -0.4637
vn 0.9927 -0.0244 0.1178
vn 0.6309 -0.1439 -0.7624
vn 0.1348 -0.1253 -0.9829
vn -0.4296 -0.0428 -0.9020
vn -0.7793 0.0216 -0.6262
vn -0.8441 0.1021 -0.5264
vn 0.9112 -0.0767 -0.4048
vn 0.9954 -0.0391 0.0870
vn 0.6650 -0.1273 -0.7359
vn 0.1436 -0.1212 -0.9822
vn -0.4338 -0.0321 -0.9004
vn -0.7914 0.0548 -0.6089
vn -0.8603 0.1242 -0.4944
vn 0.9341 -0.0838 -0.3470
vn 0.9942 -0.0883 0.0614
vn 0.7098 -0.1183 -0.6944
vn 0.1676 -0.1169 -0.9789
vn -0.4357 -0.0151 -0.9000
vn -0.7957 0.0765 -0.6008
vn -0.8788 0.1191 -0.4621
vn 0.9387 -0.1354 -0.3171
vn 0.9696 -0.2433 0.0282
vn 0.7532 -0.1210 -0.6465
vn 0.2084 -0.1095 -0.9719
vn -0.4316 0.0010 -0.9021
vn -0.7877 0.0790 -0.6109
vn -0.8946 0.0847 -0.4387
vn 0.8779 -0.3187 -0.3573
vn -0.0065 -1.0000 0.0061
vn 0.7803 -0.1933 -0.5947
vn 0.2718 -0.1291 -0.9537
vn -0.4193 -0.0073 -0.9078
vn -0.7721 0.0665 -0.6320
vn -0.8959 0.0490 -0.4416
vn -0.9067 0.0296 -0.4207
vn -0.9897 0.1201 -0.0776
vn -0.9233 0.0177 -0.3836
vn -0.9941 0.0800 -0.0731
vn -0.9312 0.0605 -0.3595
vn -0.9863 0.1461 -0.0761
vn -0.9820 0.1758 -0.0688
vn -0.9371 0.0944 -0.3360
vn -0.9871 0.1523 -0.0485
vn -0.9486 0.1106 -0.2966
vn -0.9618 0.0954 -0.2565
vn -0.9731 0.0696 -0.2195
vn -0.8091 0.0435 -0.5860
vn -0.8205 -0.0017 -0.5716
vn -0.8454 -0.0041 -0.5341
vn -0.8742 0.0254 -0.4849
vn -0.8896 0.0422 -0.4548
vn -0.9029 0.0362 -0.4283
vn -0.9754 0.0711 -0.2085
vn -0.9100 0.0596 -0.4104
vn -0.5788 0.0211 -0.8152
vn -0.6456 -0.0205 -0.7634
vn -0.6854 -0.0896 -0.7226
vn -0.7376 -0.0531 -0.6731
vn -0.7636 0.0012 -0.6457
vn -0.7524 0.0224 -0.6584
vn -0.6821 0.1385 -0.7180
vn -0.7172 0.1043 -0.6890
vn -0.0816 -0.0995 -0.9917
vn -0.3081 -0.0769 -0.9482
vn -0.4223 -0.1491 -0.8941
vn -0.4878 -0.1401 -0.8616
vn -0.5180 -0.0280 -0.8549
vn -0.4104 0.1742 -0.8951
vn -0.4864 0.0811 -0.8700
vn -0.3752 0.1969 -0.9058
vn 0.5762 -0.2384 -0.7818
vn 0.2919 -0.2235 -0.9300
vn 0.0132 -0.2494 -0.9683
vn -0.1569 -0.2209 -0.9626
vn -0.2254 -0.0446 -0.9732
vn -0.2109 0.1185 -0.9703
vn -0.1791 0.2263 -0.9575
vn -0.1477 0.2353 -0.9606
vn 0.7749 -0.3495 -0.5267
vn 0.6210 -0.3841 -0.6832
vn 0.3722 -0.4406 -0.8169
vn 0.1299 -0.3779 -0.9167
vn 0.0072 -0.1252 -0.9921
vn -0.0215 0.0932 -0.9954
vn -0.0399 0.2259 -0.9733
vn -0.0302 0.2766 -0.9605
vn 0.0015 -0.6697 -0.7426
vn -0.0001 -0.5443 -0.8389
vn -0.9916 0.0361 0.1238
vn -0.7602 0.0201 0.6493
vn -0.9845 0.0011 0.1751
vn -0.7028 0.0835 0.7065
vn -0.6171 -0.1031 0.7801
vn -0.5392 -0.1760 0.8236
vn -0.3327 -0.1261 0.9346
vn -0.3441 -0.1648 0.9243
vn -0.0419 -0.0704 0.9966
vn -0.0714 -0.1094 0.9914
vn 0.7157 0.0360 0.6975
vn 0.9641 0.0008 0.2657
vn 0.7317 0.0266 0.6812
vn 0.9983 0.0264 0.0521
vn 0.9537 0.0537 0.2960
vn -0.7861 -0.0979 0.6103
vn -0.6668 -0.1017 0.7382
vn -0.3259 -0.0940 0.9407
vn -0.0132 -0.0290 0.9995
vn 0.7088 0.0913 0.6995
vn 0.9495 0.1064 0.2951
vn -0.8146 -0.1581 0.5581
vn -0.9947 -0.0426 0.0931
vn -0.6562 -0.1446 0.7406
vn -0.3152 -0.1001 0.9438
vn 0.0162 -0.0310 0.9994
vn 0.6890 0.1040 0.7173
vn 0.9455 0.1238 0.3010
vn -0.8536 -0.1747 0.4907
vn -0.9947 -0.0824 0.0621
vn -0.6300 -0.1840 0.7544
vn -0.3090 -0.1243 0.9429
vn 0.0555 -0.0755 0.9956
vn 0.6648 0.1046 0.7397
vn 0.9443 0.1181 0.3071
vn -0.8680 -0.2302 0.4400
vn -0.9716 -0.2348 0.0281
vn -0.6237 -0.2156 0.7513
vn -0.3058 -0.1678 0.9372
vn 0.0827 -0.0936 0.9922
vn 0.6569 0.0899 0.7486
vn 0.9400 0.0709 0.3337
vn -0.8065 -0.4148 0.4214
vn -0.0066 -1.0000 0.0063
vn -0.6123 -0.3015 0.7309
vn -0.2996 -0.2130 0.9300
vn 0.1044 -0.1031 0.9892
vn 0.6394 0.0599 0.7666
vn 0.9878 0.0880 -0.1285
vn 0.9300 0.0462 0.3647
vn 0.9428 0.0898 0.3212
vn 0.9477 0.1403 0.2867
vn 0.9858 0.1240 -0.1130
vn 0.9463 0.1877 0.2631
vn 0.9848 0.1444 -0.0960
vn 0.9521 0.1847 0.2436
vn 0.9850 0.1536 -0.0788
vn 0.9567 0.1721 0.2347
vn 0.9632 0.1492 0.2236
vn 0.9693 0.1168 0.2165
vn 0.9947 0.0974 -0.0323
vn 0.7292 0.0934 0.6779
vn 0.7611 0.1372 0.6339
vn 0.7790 0.1741 0.6024
vn 0.8069 0.1666 0.5667
vn 0.8270 0.1619 0.5384
vn 0.8414 0.1416 0.5216
vn 0.8519 0.1218 0.5093
vn 0.8510 0.1231 0.5106
vn 0.2930 -0.0083 0.9561
vn 0.4065 0.0905 0.9092
vn 0.4593 0.1402 0.8772
vn 0.5097 0.1223 0.8516
vn 0.5533 0.1115 0.8255
vn 0.5972 0.1018 0.7956
vn 0.6283 0.1119 0.7699
vn 0.6390 0.1234 0.7592
vn -0.1195 -0.1334 0.9838
vn 0.0442 -0.0202 0.9988
vn 0.1759 0.0619 0.9825
vn 0.2645 0.0483 0.9632
vn 0.3262 0.0359 0.9446
vn 0.3714 0.0247 0.9281
vn 0.4078 0.0686 0.9105
vn 0.4242 0.1018 0.8998
vn -0.3904 -0.2984 0.8709
vn -0.1701 -0.2332 0.9574
vn 0.0506 -0.1294 0.9903
vn 0.1970 -0.0530 0.9790
vn 0.2503 -0.0207 0.9680
vn 0.2662 -0.0058 0.9639
vn 0.2661 0.0472 0.9628
vn -0.5942 -0.4954 0.6337
vn -0.3235 -0.4892 0.8099
vn -0.0459 -0.3824 0.9229
vn 0.1366 -0.1670 0.9764
vn 0.1613 -0.0408 0.9861
vn 0.1462 -0.0005 0.9892
vn 0.1322 0.0540 0.9898
vn -0.0102 -0.8341 0.5515
vn 0.0033 -0.5913 0.8064
vn 0.0085 0.0153 0.9998
vn 0.6982 0.7141 0.0508
vn 0.7013 0.7076 -0.0869
vn 0.6724 0.1489 -0.7250
vn 0.6367 0.7113 -0.2978
vn 0.3693 0.2035 -0.9067
vn 0.4460 0.7187 -0.5334
vn 0.2066 0.7523 -0.6257
vn 0.0478 0.7862 -0.6162
vn -0.0048 0.8097 -0.5869
vn 0.0065 0.8085 -0.5885
vn 0.0002 0.8187 -0.5742
vn -0.0490 0.7820 -0.6213
vn -0.2089 0.7463 -0.6319
vn -0.4529 0.7160 -0.5312
vn -0.6821 0.1384 -0.7180
vn -0.6376 0.7135 -0.2904
vn -0.8938 0.0767 -0.4418
vn -0.6968 0.7134 -0.0748
vn -0.6928 0.7178 0.0690
vn -0.4530 0.7159 -0.5313
vn 0.5098 0.7860 0.3497
vn 0.3316 0.8001 0.4999
vn 0.4461 0.7186 -0.5334
vn -0.4912 0.7888 0.3695
vn 0.6367 0.7112 -0.2979
vn 0.2066 0.7522 -0.6257
vn -0.3112 0.7984 0.5155
vn 0.2052 0.6809 0.7030
vn -0.3415 0.7776 -0.5279
vn -0.2320 0.7875 -0.5710
vn -0.6969 0.7133 -0.0748
vn -0.6377 0.7134 -0.2904
vn 0.0829 0.6748 0.7333
vn -0.1129 0.7823 -0.6126
vn -0.6929 0.7178 0.0690
vn 0.6008 0.7726 0.2053
vn 0.0478 0.7861 -0.6162
vn -0.1250 0.7820 0.6106
vn 0.0001 0.6751 0.7378
vn -0.0031 0.7752 -0.6317
vn -0.0049 0.8096 -0.5869
vn -0.0051 0.7549 0.6558
vn 0.6982 0.7141 0.0507
vn -0.5947 0.7756 0.2116
vn -0.6322 0.7732 0.0493
vn 0.1114 0.7802 -0.6155
vn -0.0693 0.6720 0.7373
vn 0.0001 0.8187 -0.5742
vn 0.0344 0.7310 0.6815
vn 0.2409 0.7869 -0.5682
vn -0.6585 0.7209 0.2159
vn 0.6356 0.7697 0.0601
vn -0.0285 0.7307 0.6822
vn 0.0026 0.7253 0.6884
vn 0.3475 0.7771 -0.5247
vn -0.2913 0.7142 0.6365
vn 0.4311 0.7900 -0.4358
vn -0.4110 0.7221 0.5564
vn 0.6572 0.7263 0.2013
vn -0.6122 0.7828 -0.1119
vn 0.0065 0.8084 -0.5885
vn 0.0140 0.7562 0.6542
vn 0.5332 0.7919 -0.2976
vn -0.5665 0.7230 0.3953
vn -0.0490 0.7820 -0.6214
vn 0.1395 0.7830 0.6061
vn 0.6153 0.7797 -0.1156
vn -0.5396 0.7943 -0.2791
vn 0.7013 0.7075 -0.0869
vn 0.4215 0.7208 0.5502
vn -0.4350 0.7934 -0.4258
vn -0.2089 0.7463 -0.6320
vn 0.2902 0.7089 0.6428
vn -0.3841 0.6998 0.6023
vn -0.5718 0.7171 0.3985
vn -0.6466 0.7511 -0.1330
vn -0.5789 0.7488 -0.3228
vn -0.4529 0.7553 -0.4737
vn -0.1527 0.7006 0.6970
vn -0.3398 0.7756 -0.5319
vn -0.0177 0.7012 0.7127
vn -0.2332 0.7678 -0.5968
vn 0.0231 0.7070 0.7068
vn -0.1111 0.7754 -0.6217
vn -0.0163 0.7079 0.7061
vn 0.0030 0.7046 0.7096
vn -0.0030 0.7838 -0.6210
vn 0.0257 0.7006 0.7131
vn 0.1095 0.7780 -0.6187
vn 0.1680 0.7015 0.6926
vn 0.2403 0.7673 -0.5945
vn 0.4054 0.6992 0.5889
vn 0.3454 0.7711 -0.5348
vn 0.4480 0.7527 -0.4825
vn 0.5857 0.7167 0.3785
vn 0.5719 0.7466 -0.3398
vn 0.6441 0.7388 0.1984
vn 0.6448 0.7521 -0.1360
vn 0.6564 0.7530 0.0473
vn -0.6360 0.7438 0.2057
vn -0.6523 0.7570 0.0388
vn 0.0043 0.9963 0.0854
vn 0.3483 -0.6581 -0.6675
vn 0.1220 -0.8115 0.5715
vn -0.1302 -0.7122 -0.6898
vn -0.2247 -0.7484 0.6240
vn 0.3130 -0.7721 -0.5531
vn 0.2241 -0.7915 -0.5687
vn -0.4444 -0.7380 -0.5078
vn 0.4687 -0.7731 0.4273
vn -0.5903 -0.7336 -0.3367
vn -0.5563 -0.6410 0.5288
vn 0.4218 -0.9066 -0.0132
vn 0.3803 -0.7791 -0.4984
vn 0.6664 -0.7343 0.1293
vn -0.1582 -0.9429 -0.2931
vn -0.6632 -0.7282 -0.1729
vn 0.5591 -0.6986 -0.4466
vn -0.1867 -0.8322 0.5220
vn 0.0951 -0.7919 -0.6032
vn -0.0150 -0.7270 0.6865
vn 0.3462 -0.7914 0.5038
vn -0.3761 -0.7699 0.5155
vn -0.4559 -0.8900 0.0059
vn 0.8157 -0.5736 0.0748
vn -0.8330 -0.5451 0.0948
vn -0.4823 -0.7962 0.3653
vn -0.4381 -0.7696 0.4646
vn 0.6842 -0.6370 -0.3550
vn 0.6467 -0.5483 0.5303
vn 0.5579 -0.6573 0.5067
vn -0.4339 -0.9009 -0.0118
vn 0.8287 -0.5519 0.0934
vn -0.6167 -0.7793 0.1113
vn 0.1335 -0.9553 -0.2638
vn -0.7097 -0.5297 0.4645
vn -0.5590 -0.7042 -0.4377
vn 0.1954 -0.8255 0.5295
vn 0.4435 -0.7582 0.4780
vn 0.4103 -0.9114 -0.0309
vn 0.7024 -0.6892 -0.1780
vn 0.2218 -0.7575 0.6140
vn -0.1002 -0.7995 -0.5922
vn -0.2387 -0.7886 -0.5667
vn 0.1042 -0.7150 -0.6914
vn -0.3445 -0.7898 0.5076
vn -0.1147 -0.8080 0.5779
vn 0.3810 -0.7686 0.5139
vn -0.4040 -0.7746 -0.4866
vn 0.5866 -0.7366 -0.3367
vn -0.4750 -0.7689 0.4280
vn 0.4803 -0.7909 0.3793
vn -0.6837 -0.6330 -0.3632
vn -0.8212 -0.5481 0.1585
vn 0.0089 -0.7138 0.7003
vn -0.3718 -0.6573 -0.6555
vn -0.3278 -0.7761 -0.5387
vn 0.4338 -0.7415 -0.5119
vn -0.1405 -0.6722 0.7269
vn 0.2963 -0.6723 0.6784
vn -0.2816 -0.7185 -0.6360
vn -0.3694 -0.7231 -0.5836
vn -0.4519 -0.7314 -0.5107
vn -0.4238 -0.6901 0.5867
vn -0.7314 -0.6810 -0.0346
vn -0.5275 -0.7158 0.4575
vn 0.7067 -0.6997 -0.1046
vn 0.3915 -0.8998 -0.1929
vn 0.5456 -0.7265 0.4177
vn 0.6095 -0.6543 -0.4476
vn 0.4523 -0.7385 0.5001
vn -0.1205 -0.7168 -0.6868
vn 0.1558 -0.6790 0.7174
vn 0.4233 -0.6982 0.5774
vn 0.1166 -0.7238 -0.6801
vn 0.5212 -0.7204 0.4575
vn 0.2692 -0.7170 -0.6430
vn 0.7256 -0.6871 -0.0381
vn 0.3480 -0.7270 -0.5919
vn 0.4337 -0.7314 -0.5263
vn -0.5450 -0.7348 0.4038
vn -0.4557 -0.7427 0.4907
vn -0.6970 -0.7166 -0.0253
vn -0.2818 -0.6775 0.6794
vn -0.5443 -0.6623 -0.5149
vn -0.4764 -0.8598 -0.1837
vn 0.0389 -0.9990 0.0208
vn -0.0472 -0.9986 0.0237
vn 0.6663 -0.7344 0.1293
vn 0.6466 -0.5483 0.5303
vn -0.0149 -0.7271 0.6864
vn -0.2246 -0.7484 0.6240
vn -0.3760 -0.7700 0.5155
vn -0.5563 -0.6411 0.5288
vn -0.8330 -0.5452 0.0947
vn 0.6842 -0.6371 -0.3550
vn 0.5590 -0.6987 -0.4465
vn 0.3483 -0.6582 -0.6674
vn -0.1301 -0.7123 -0.6897
vn -0.4443 -0.7381 -0.5078
vn -0.5902 -0.7337 -0.3367
vn -0.8212 -0.5482 0.1585
vn -0.6837 -0.6331 -0.3631
vn -0.3717 -0.6574 -0.6555
vn 0.1042 -0.7150 -0.6913
vn 0.4337 -0.7416 -0.5118
vn 0.8286 -0.5520 0.0934
vn -0.6166 -0.7794 0.1114
vn 0.0089 -0.7138 0.7002
vn 0.3811 -0.7686 0.5139
vn 0.5579 -0.6574 0.5066
vn 0.8286 -0.5520 0.0933
vn -0.9213 -0.1380 -0.3635
vn -0.6354 -0.1152 -0.7636
vn -0.9657 -0.1342 -0.2224
vn -0.9940 -0.0874 0.0660
vn -0.9050 -0.1498 -0.3981
vn -0.4822 -0.0111 -0.8760
vn -0.8444 -0.1046 -0.5254
vn -0.4551 0.0566 -0.8886
vn -0.9294 -0.2560 -0.2657
vn -0.8181 -0.0484 -0.5731
vn -0.9683 -0.2049 -0.1426
vn -0.9178 0.1320 -0.3744
vn -0.9875 -0.1163 0.1067
vn -0.9073 0.0945 -0.4097
vn -0.4496 0.2678 -0.8522
vn -0.4903 0.2557 -0.8332
vn 0.1983 0.4304 -0.8806
vn 0.2312 0.3417 -0.9109
vn 0.0100 0.1801 -0.9836
vn -0.5265 0.1397 -0.8386
vn 0.2293 -0.0126 -0.9733
vn -0.4165 -0.0323 -0.9085
vn 0.7702 0.2222 -0.5979
vn 0.8265 0.3739 -0.4207
vn 0.9763 0.1702 0.1339
vn 0.8503 0.0044 -0.5263
vn 0.9928 0.0520 0.1075
vn 0.9043 -0.0425 0.4248
vn 0.9949 -0.1004 -0.0107
vn 0.8824 0.0164 0.4702
vn 0.9440 -0.1088 0.3115
vn 0.9690 -0.1891 -0.1591
vn 0.7241 -0.1760 -0.6669
vn 0.6636 -0.2225 -0.7142
vn 0.9502 -0.1987 -0.2400
vn 0.9652 -0.1549 0.2106
vn 0.6618 -0.1068 0.7420
vn 0.6555 -0.1048 0.7479
vn 0.9841 -0.1318 0.1193
vn -0.1792 -0.0306 0.9833
vn -0.1376 0.0101 0.9904
vn 0.9477 -0.0856 0.3075
vn 0.2848 0.0737 0.9558
vn 0.7726 -0.0237 0.6344
vn 0.7545 0.2272 0.6157
vn 0.2777 0.3891 0.8783
vn -0.3598 0.1722 0.9170
vn -0.7030 0.0164 0.7110
vn -0.8390 0.0918 0.5364
vn -0.7416 0.2957 0.6021
vn -0.3160 0.4997 0.8065
vn -0.9425 0.1917 0.2739
vn -0.7970 0.4298 0.4244
vn -0.9685 0.2109 0.1322
vn -0.9357 0.2943 0.1945
vn -0.9972 -0.0746 -0.0081
vn -0.9964 -0.0543 -0.0648
vn -0.9354 0.3417 0.0914
vn -0.2157 0.8915 0.3983
vn -0.4235 0.7837 0.4543
vn 0.3168 0.8206 0.4756
vn -0.4472 0.6774 0.5841
vn 0.2713 0.6787 0.6824
vn 0.7393 0.5870 0.3300
vn 0.5730 0.7212 0.3893
vn 0.3306 0.8325 0.4446
vn 0.8454 0.4991 0.1899
vn 0.9435 0.3292 0.0386
vn 0.9419 0.3247 0.0862
vn 0.9898 0.1293 -0.0605
vn 0.9936 0.0935 -0.0632
vn 0.9268 0.2492 -0.2810
vn 0.9779 0.0944 -0.1864
vn 0.8769 0.2074 -0.4336
vn 0.9514 0.2001 0.2341
vn 0.9635 0.0801 -0.2556
vn 0.9760 0.0325 0.2154
vn 0.9133 0.0802 0.3992
vn 0.9129 0.3206 0.2526
vn 0.7433 0.5068 0.4366
vn 0.9884 -0.0750 -0.1319
vn 0.8583 -0.1282 -0.4969
vn 0.9269 -0.1540 -0.3423
vn 0.6448 -0.1734 -0.7444
vn 0.6542 -0.1882 -0.7326
vn -0.0159 -0.1605 -0.9869
vn -0.0180 -0.1870 -0.9822
vn 0.0413 -0.2035 -0.9782
vn -0.5825 -0.2838 -0.7617
vn -0.6579 -0.2010 -0.7258
vn -0.9660 -0.1788 -0.1867
vn -0.9480 -0.2412 -0.2078
vn -0.6839 -0.1728 -0.7088
vn -0.9622 -0.1643 -0.2171
vn -0.7563 -0.1809 -0.6288
vn -0.1261 -0.1491 -0.9807
vn -0.7471 -0.1384 -0.6501
vn -0.2375 -0.0772 -0.9683
vn 0.5816 -0.1118 -0.8058
vn 0.7049 0.0097 -0.7092
vn -0.1395 0.0212 -0.9900
vn -0.1502 0.2626 -0.9531
vn 0.7061 0.2183 -0.6736
vn 0.8419 0.0474 -0.5376
vn 0.8120 0.1675 -0.5591
vn 0.6175 0.3136 -0.7214
vn -0.1332 0.3352 -0.9327
vn -0.8522 0.2832 -0.4400
vn -0.7858 0.2743 -0.5543
vn 0.0463 0.2799 -0.9589
vn 0.7029 0.3703 -0.6073
vn -0.8341 0.1034 -0.5418
vn -0.7819 -0.0602 -0.6206
vn -0.9475 -0.1354 -0.2898
vn -0.9129 -0.3296 -0.2406
vn -0.9031 -0.1818 0.3891
vn -0.9075 -0.2425 0.3430
vn -0.8857 -0.2777 -0.3721
vn -0.5113 -0.3032 -0.8042
vn -0.8975 -0.0046 -0.4411
vn -0.9891 -0.0578 0.1353
vn -0.9694 -0.0431 0.2417
vn -0.6714 -0.0264 0.7406
vn -0.2981 -0.0616 0.9525
vn -0.6737 -0.1003 0.7321
vn 0.4475 -0.0696 0.8916
vn -0.3385 -0.1101 0.9345
vn 0.5166 -0.0626 0.8539
vn 0.3729 -0.0440 0.9268
vn 0.8514 0.1074 0.5134
vn 0.2901 0.0115 0.9569
vn -0.3672 -0.1261 0.9216
vn -0.3701 -0.1717 0.9130
vn 0.3173 -0.1067 0.9423
vn 0.8068 0.1253 0.5774
vn 0.8277 -0.0326 0.5602
vn 0.4045 -0.3230 0.8556
vn -0.3985 -0.3815 0.8341
vn -0.8445 -0.2847 0.4535
vn -0.7489 -0.1886 0.6352
vn -0.7068 -0.3964 0.5859
vn -0.2121 -0.4437 0.8707
vn -0.4204 -0.3985 0.8151
vn -0.7994 -0.3211 0.5078
vn -0.9027 -0.3316 0.2743
vn 0.1537 -0.3182 0.9355
vn -0.5846 -0.3219 0.7447
vn 0.3222 -0.3428 0.8824
vn 0.8061 -0.1207 0.5793
vn 0.7950 -0.1284 0.5928
vn 0.9653 0.0703 0.2514
vn 0.9842 0.0845 0.1554
vn 0.9775 0.1692 0.1260
vn 0.9316 0.2347 -0.2777
vn 0.8391 0.3740 -0.3949
vn 0.9615 0.2377 0.1379
vn 0.3389 0.3134 -0.8871
vn 0.2201 0.1409 -0.9652
vn 0.8977 0.1563 -0.4121
vn 0.3789 0.0368 -0.9247
vn 0.5274 -0.0360 -0.8488
vn 0.8732 0.0071 -0.4874
vn -0.1309 -0.0608 -0.9895
vn 0.9559 0.0671 -0.2859
vn -0.6495 -0.0676 -0.7573
vn 0.9996 0.0033 -0.0275
vn 0.9837 -0.0494 0.1731
vn 0.9736 0.0481 0.2232
vn 0.7464 -0.0210 0.6652
vn 0.6703 -0.0750 0.7383
vn -0.0235 -0.1727 0.9847
vn 0.2009 -0.0468 0.9785
vn 0.2423 -0.1588 0.9571
vn -0.2114 -0.1229 0.9696
vn -0.4542 -0.1527 0.8777
vn -0.6228 -0.1533 0.7672
vn -0.7222 -0.2280 0.6531
vn -0.8022 -0.3051 0.5132
vn -0.6176 -0.2881 0.7318
vn -0.8322 -0.3099 0.4598
vn -0.9225 -0.3206 0.2149
vn -0.9705 -0.2348 0.0541
vn -0.9200 -0.1646 0.3558
vn -0.9764 -0.2134 0.0349
vn -0.2684 -0.1625 0.9495
vn -0.7794 -0.0805 0.6213
vn -0.9200 -0.1645 0.3558
vn 0.3502 -0.2500 0.9027
vn 0.7352 -0.1861 0.6518
vn 0.8782 -0.1799 0.4432
vn -0.6514 -0.1537 0.7430
vn -0.6815 -0.1355 0.7192
vn -0.9200 -0.1645 0.3557
vn -0.7795 -0.0805 0.6212
vn -0.9764 -0.2133 0.0349
vn -0.9225 -0.3206 0.2148
vn -0.9027 -0.3315 0.2742
vn -0.8446 -0.2847 0.4535
vn -0.7490 -0.1886 0.6352
vn -0.8178 -0.1377 0.5589
vn -0.6738 -0.1003 0.7321
vn -0.9095 -0.1160 0.3991
vn -0.6715 -0.0264 0.7405
vn -0.9630 -0.0796 0.2576
vn -0.8390 0.0918 0.5363
vn -0.9946 -0.0343 0.0981
vn -0.9927 0.0910 -0.0786
vn -0.9686 0.2109 0.1321
vn -0.9665 0.0190 -0.2561
vn -0.9587 -0.0742 -0.2746
vn -0.9800 0.0816 -0.1818
vn -0.9443 0.1432 -0.2963
vn -0.9443 0.2702 -0.1879
vn -0.8855 -0.0291 -0.4636
vn -0.9101 -0.0499 -0.4113
vn -0.9714 -0.1890 0.1437
vn 0.9657 -0.1343 -0.2224
vn 0.6353 -0.1152 -0.7636
vn 0.9213 -0.1379 -0.3635
vn 0.9940 -0.0873 0.0660
vn 0.9638 -0.2508 0.0907
vn 0.9050 -0.1499 -0.3982
vn 0.9200 -0.1645 0.3557
vn 0.9796 -0.2008 0.0119
vn 0.8444 -0.1045 -0.5254
vn 0.9294 -0.2560 -0.2658
vn 0.9226 -0.3205 0.2149
vn 0.9683 -0.2049 -0.1426
vn 0.9027 -0.3316 0.2743
vn 0.9875 -0.1163 0.1067
vn 0.8446 -0.2847 0.4535
vn 0.9694 -0.0431 0.2416
vn 0.9178 0.1320 -0.3745
vn 0.9073 0.0945 -0.4097
vn 0.7490 -0.1886 0.6352
vn 0.8178 -0.1377 0.5588
vn 0.9891 -0.0578 0.1353
vn 0.9714 -0.1890 0.1437
vn 0.8975 -0.0046 -0.4411
vn 0.8857 -0.2777 -0.3721
vn 0.9075 -0.2426 0.3429
vn 0.9129 -0.3296 -0.2406
vn 0.9030 -0.1820 0.3893
vn 0.6814 -0.1356 0.7192
vn 0.6738 -0.1003 0.7320
vn 0.9095 -0.1159 0.3992
vn 0.9480 -0.2412 -0.2076
vn 0.9660 -0.1788 -0.1866
vn 0.9630 -0.0795 0.2576
vn 0.9622 -0.1643 -0.2172
vn 0.9946 -0.0343 0.0981
vn 0.9475 -0.1354 -0.2897
vn 0.9927 0.0910 -0.0787
vn 0.9101 -0.0499 -0.4114
vn 0.7471 -0.1384 -0.6501
vn 0.7819 -0.0602 -0.6206
vn 0.8855 -0.0290 -0.4637
vn 0.8341 0.1034 -0.5418
vn 0.9443 0.1431 -0.2963
vn 0.8522 0.2832 -0.4399
vn 0.9443 0.2702 -0.1879
vn 0.7858 0.2743 -0.5543
vn 0.9800 0.0816 -0.1818
vn 0.9587 -0.0742 -0.2747
vn 0.9964 -0.0543 -0.0648
vn 0.9972 -0.0746 -0.0082
vn 0.9664 0.0190 -0.2562
vn 0.9686 0.2109 0.1321
vn 0.9425 0.1917 0.2739
vn 0.8390 0.0918 0.5363
vn 0.7031 0.0164 0.7109
vn 0.6717 -0.0262 0.7403
vn 0.6514 -0.1537 0.7430
vn 0.5265 0.1398 -0.8386
vn 0.4496 0.2678 -0.8522
vn 0.4903 0.2557 -0.8332
vn 0.8181 -0.0484 -0.5731
vn -0.1983 0.4304 -0.8806
vn -0.3389 0.3134 -0.8871
vn 0.4552 0.0566 -0.8886
vn -0.2205 0.1409 -0.9651
vn 0.4822 -0.0111 -0.8760
vn -0.3789 0.0368 -0.9247
vn -0.8671 0.1535 -0.4739
vn -0.9559 0.0671 -0.2859
vn -0.9810 0.0564 0.1854
vn -0.9437 0.2262 -0.2413
vn -0.8391 0.3741 -0.3949
vn -0.9785 0.0895 0.1860
vn -0.9775 0.1693 0.1260
vn -0.9653 0.0703 0.2514
vn -0.8277 -0.0326 0.5602
vn -0.8061 -0.1207 0.5793
vn -0.7950 -0.1284 0.5928
vn -0.8067 0.1255 0.5775
vn -0.3170 -0.1068 0.9424
vn -0.4043 -0.3230 0.8557
vn -0.3221 -0.3430 0.8824
vn 0.2120 -0.4437 0.8707
vn 0.3985 -0.3814 0.8341
vn 0.3702 -0.1718 0.9130
vn 0.7489 -0.1886 0.6352
vn 0.8445 -0.2847 0.4536
vn 0.7067 -0.3964 0.5861
vn 0.7994 -0.3211 0.5079
vn 0.4204 -0.3986 0.8151
vn 0.5846 -0.3219 0.7447
vn -0.1537 -0.3182 0.9355
vn 0.0228 -0.1726 0.9847
vn -0.6703 -0.0750 0.7383
vn -0.2009 -0.0469 0.9785
vn -0.7464 -0.0211 0.6652
vn -0.2423 -0.1588 0.9571
vn -0.7352 -0.1861 0.6518
vn -0.9837 -0.0494 0.1730
vn 0.2684 -0.1625 0.9495
vn -0.3501 -0.2499 0.9028
vn 0.2114 -0.1228 0.9696
vn -0.8783 -0.1797 0.4431
vn -0.9996 0.0032 -0.0274
vn -0.8732 0.0071 -0.4874
vn -0.5274 -0.0360 -0.8488
vn 0.1309 -0.0608 -0.9895
vn 0.6495 -0.0676 -0.7574
vn 0.6228 -0.1537 0.7672
vn 0.4002 -0.1363 0.9062
vn 0.7250 -0.2104 0.6558
vn 0.6260 -0.2798 0.7279
vn 0.8451 -0.3058 0.4385
vn 0.8129 -0.3233 0.4844
vn 0.9225 -0.3205 0.2150
vn 0.9796 -0.2008 0.0120
vn 0.9638 -0.2508 0.0908
vn 0.9200 -0.1645 0.3558
vn 0.9940 -0.0873 0.0661
vn 0.7795 -0.0805 0.6212
vn 0.6814 -0.1356 0.7193
vn 0.3671 -0.1262 0.9216
vn -0.2901 0.0115 0.9569
vn -0.3731 -0.0442 0.9267
vn 0.3384 -0.1103 0.9345
vn -0.8515 0.1074 0.5133
vn -0.8823 0.0162 0.4703
vn -0.9615 0.2376 0.1378
vn -0.9763 0.1702 0.1339
vn -0.8266 0.3739 -0.4207
vn -0.7702 0.2222 -0.5979
vn -0.2312 0.3417 -0.9109
vn -0.0094 0.1802 -0.9836
vn -0.2293 -0.0126 -0.9733
vn 0.4165 -0.0323 -0.9085
vn -0.7241 -0.1760 -0.6669
vn -0.8503 0.0044 -0.5264
vn -0.0413 -0.2035 -0.9782
vn -0.9949 -0.1003 -0.0106
vn -0.9929 0.0527 0.1069
vn -0.9042 -0.0424 0.4250
vn -0.9440 -0.1089 0.3115
vn -0.5165 -0.0624 0.8540
vn -0.4475 -0.0695 0.8916
vn 0.1792 -0.0305 0.9833
vn 0.2983 -0.0614 0.9525
vn -0.6619 -0.1068 0.7420
vn 0.6716 -0.0262 0.7404
vn 0.6738 -0.1003 0.7321
vn 0.3599 0.1721 0.9170
vn 0.8390 0.0918 0.5364
vn 0.1376 0.0099 0.9904
vn -0.6556 -0.1048 0.7478
vn -0.2848 0.0735 0.9558
vn -0.9652 -0.1548 0.2106
vn -0.9841 -0.1317 0.1193
vn -0.9477 -0.0856 0.3075
vn -0.7726 -0.0238 0.6344
vn -0.9690 -0.1891 -0.1591
vn -0.9502 -0.1987 -0.2400
vn -0.6639 -0.2221 -0.7141
vn 0.0180 -0.1869 -0.9822
vn -0.6542 -0.1882 -0.7325
vn 0.0160 -0.1605 -0.9869
vn -0.6456 -0.1727 -0.7439
vn -0.9269 -0.1541 -0.3423
vn -0.9884 -0.0760 -0.1318
vn -0.8581 -0.1280 -0.4972
vn -0.9635 0.0801 -0.2556
vn -0.9760 0.0325 0.2154
vn -0.9134 0.0801 0.3992
vn -0.9514 0.2001 0.2340
vn -0.9129 0.3206 0.2526
vn -0.7545 0.2272 0.6157
vn -0.7433 0.5068 0.4366
vn -0.2777 0.3891 0.8783
vn -0.2713 0.6787 0.6824
vn 0.3160 0.4997 0.8065
vn 0.7970 0.4298 0.4244
vn 0.7416 0.2957 0.6021
vn 0.4472 0.6774 0.5841
vn 0.4235 0.7837 0.4543
vn 0.9357 0.2943 0.1945
vn 0.9354 0.3417 0.0914
vn 0.9972 -0.0746 -0.0081
vn 0.9685 0.2109 0.1322
vn 0.9424 0.1917 0.2740
vn 0.2156 0.8915 0.3983
vn -0.3168 0.8206 0.4756
vn -0.3309 0.8324 0.4446
vn -0.7393 0.5870 0.3300
vn -0.5730 0.7212 0.3893
vn -0.8455 0.4991 0.1899
vn -0.9435 0.3292 0.0386
vn -0.9898 0.1293 -0.0605
vn -0.9420 0.3243 0.0861
vn -0.9936 0.0935 -0.0632
vn -0.9268 0.2492 -0.2810
vn -0.8769 0.2074 -0.4336
vn -0.9779 0.0944 -0.1864
vn -0.8120 0.1675 -0.5591
vn -0.7061 0.2183 -0.6736
vn -0.6175 0.3136 -0.7214
vn -0.7029 0.3703 -0.6073
vn -0.8419 0.0474 -0.5376
vn -0.7048 0.0098 -0.7093
vn 0.1502 0.2626 -0.9531
vn -0.5811 -0.1117 -0.8061
vn 0.1395 0.0212 -0.9900
vn 0.1332 0.3352 -0.9327
vn -0.0463 0.2802 -0.9588
vn 0.2383 -0.0772 -0.9681
vn 0.1261 -0.1491 -0.9807
vn 0.7563 -0.1809 -0.6288
vn 0.6839 -0.1729 -0.7088
vn 0.6579 -0.2009 -0.7258
vn 0.5825 -0.2838 -0.7617
vn 0.5112 -0.3032 -0.8042
vn -0.7213 0.0884 0.6869
vn -0.9023 0.4311 -0.0000
vn -0.9924 0.1230 -0.0000
vn 0.7482 0.2330 0.6213
vn 0.9958 -0.0911 -0.0000
vn 0.9526 0.3043 -0.0000
vn -0.9794 -0.2020 -0.0000
vn 0.7474 0.6643 -0.0000
vn -0.3446 0.9387 -0.0000
vn -0.0474 0.7280 0.6840
vn -0.0965 0.9953 -0.0000
vn -0.8319 -0.5549 -0.0000
vn -0.7563 -0.1491 0.6370
vn 0.5210 0.8535 -0.0000
vn 0.5714 0.4776 0.6674
vn 0.0700 -0.7104 0.7004
vn -0.3506 -0.9365 -0.0000
vn 0.0576 -0.9983 -0.0000
vn -0.7032 -0.7110 -0.0000
vn -0.6074 -0.3982 0.6874
vn 0.1926 0.9813 -0.0000
vn 0.4148 0.6335 0.6531
vn 0.3290 -0.6953 0.6390
vn 0.4005 -0.9163 -0.0000
vn -0.4939 -0.4637 0.7356
vn 0.1739 0.7246 0.6669
vn 0.5812 -0.4831 0.6549
vn 0.7488 -0.6628 -0.0000
vn -0.4937 0.5792 0.6487
vn -0.6311 0.7757 -0.0000
vn 0.7189 -0.2726 0.6394
vn 0.9297 -0.3684 -0.0000
vn -0.6980 0.3251 0.6380
vn 0.7455 -0.0632 0.6634
vn 0.1177 0.9460 -0.3021
vn 0.5497 0.4216 0.7212
vn 0.7515 0.5386 -0.3810
vn 0.3582 0.9286 -0.0972
vn -0.1651 0.2618 0.9509
vn 0.8276 0.4745 0.3000
vn 0.1948 0.3020 0.9332
vn -0.5092 0.8545 -0.1029
vn -0.7938 0.4154 0.4442
vn -0.4860 0.5029 0.7148
vn -0.3237 0.8005 -0.5044
vn -0.8856 0.4408 -0.1464
vn 0.5896 0.4763 -0.6523
vn 0.2736 0.7404 0.6140
vn 0.8822 0.3774 0.2816
vn -0.4206 0.3868 -0.8207
vn 0.5561 0.8311 -0.0004
vn 0.6188 0.5265 -0.5831
vn 0.3978 0.3890 -0.8309
vn -0.2644 0.9612 0.0791
vn 0.6456 0.7193 -0.2565
vn -0.6043 0.4828 -0.6338
vn -0.0950 0.8718 0.4805
vn 0.0151 0.7873 -0.6164
vn 0.4449 -0.8908 -0.0922
vn -0.3356 -0.3765 0.8635
vn -0.3827 -0.8917 0.2417
vn 0.8763 0.0813 0.4749
vn 0.9017 -0.1378 0.4099
vn 0.8820 0.0812 0.4643
vn -0.2775 -0.0026 0.9607
vn 0.8885 0.0827 0.4513
vn -0.2631 -0.0017 0.9648
vn -0.2513 -0.0014 0.9679
vn 0.2001 -0.9205 -0.3357
vn 0.3452 -0.4344 0.8319
vn -0.0884 -0.9361 0.3405
vn 0.9569 -0.2427 -0.1594
vn 0.4088 -0.1118 0.9058
vn 0.9562 0.1524 -0.2501
vn 0.4051 -0.1127 0.9073
vn 0.9580 0.1534 -0.2422
vn 0.4010 -0.1075 0.9098
vn 0.9593 0.1521 -0.2379
vn -0.0693 -0.9052 -0.4194
vn 0.8239 -0.4195 0.3811
vn 0.1389 -0.9357 0.3243
vn 0.6418 -0.2576 -0.7223
vn 0.8958 -0.0763 0.4378
vn 0.6077 0.0884 -0.7893
vn 0.8955 -0.0810 0.4377
vn 0.6076 0.0896 -0.7892
vn 0.8955 -0.0795 0.4379
vn 0.6042 0.0864 -0.7921
vn 0.3240 -0.9249 -0.1989
vn -0.3122 -0.0587 -0.9482
vn 0.7896 -0.3544 -0.5009
vn 0.8444 0.0243 -0.5352
vn -0.4668 0.1835 -0.8651
vn 0.8315 0.0215 -0.5551
vn -0.4871 0.1791 -0.8548
vn 0.8184 0.0241 -0.5742
vn -0.5095 0.1719 -0.8431
vn -0.3192 -0.9276 -0.1944
vn 0.4579 -0.1791 -0.8708
vn 0.4581 -0.7911 -0.4054
vn -0.7146 0.2037 -0.6692
vn 0.5334 0.0127 -0.8458
vn -0.6960 0.2057 -0.6879
vn 0.5513 0.0091 -0.8343
vn -0.6802 0.2086 -0.7027
vn 0.5697 0.0068 -0.8219
vn -0.5871 0.5345 -0.6080
vn 0.0550 -0.9053 -0.4213
vn -0.9271 -0.3109 0.2095
vn -0.3403 -0.4561 -0.8223
vn -0.9431 0.0702 0.3249
vn -0.4530 -0.1746 -0.8742
vn -0.9430 0.0688 0.3256
vn -0.4534 -0.1785 -0.8733
vn -0.9416 0.0700 0.3294
vn -0.4539 -0.1797 -0.8727
vn -0.8822 0.3802 0.2777
vn -0.6193 -0.3437 0.7059
vn -0.1535 -0.9250 -0.3476
vn 0.0138 -0.7278 0.6857
vn -0.5687 0.0611 0.8203
vn -0.9428 -0.3012 -0.1427
vn -0.5641 0.0606 0.8235
vn -0.9698 0.0966 -0.2239
vn -0.5551 0.0626 0.8294
vn -0.9720 0.0968 -0.2142
vn -0.9733 0.0959 -0.2086
vn 0.1799 -0.3384 0.9236
vn -0.4380 -0.8910 -0.1196
vn 0.4953 -0.7778 0.3869
vn 0.2925 -0.0514 0.9549
vn -0.8223 -0.2772 0.4971
vn 0.2775 -0.0511 0.9594
vn -0.8663 0.1078 0.4877
vn 0.2653 -0.0503 0.9629
vn -0.8726 0.1078 0.4765
vn -0.8798 0.1084 0.4628
vn -0.9008 -0.2649 0.3441
vn -0.4651 -0.1541 -0.8718
vn -0.3278 -0.2450 -0.9124
vn -0.9106 -0.2771 -0.3065
vn 0.1671 0.0230 -0.9857
vn 0.4104 -0.0999 -0.9064
vn 0.9029 -0.2803 -0.3257
vn 0.0071 0.1137 -0.9935
vn 0.8916 -0.1047 -0.4406
vn 0.9055 -0.2688 0.3283
vn 0.7148 -0.0232 -0.6990
vn 0.9110 -0.2735 0.3087
vn -0.7324 -0.1029 0.6730
vn -0.8270 -0.3005 -0.4752
vn -0.3749 -0.1188 0.9194
vn 0.1425 0.0033 0.9898
vn -0.7442 -0.5148 0.4256
vn 0.5765 0.0643 0.8145
vn 0.7452 -0.4769 0.4660
vn -0.4142 -0.0752 0.9071
vn -0.5121 -0.0318 0.8583
vn 0.8589 -0.2179 -0.4635
vn 0.5711 -0.1829 0.8002
vn 0.4254 -0.2247 0.8766
vn 0.0420 -0.0711 -0.9966
vn -0.9148 0.2425 -0.3229
vn 0.4997 0.0207 -0.8659
vn 0.4003 -0.1060 -0.9102
vn -0.8693 -0.0287 -0.4935
vn 0.3900 -0.1042 -0.9149
vn -0.8776 -0.0270 -0.4786
vn 0.3786 -0.1065 -0.9194
vn -0.8826 -0.0258 -0.4693
vn -0.7377 -0.0086 -0.6751
vn -0.8856 0.2159 0.4112
vn -0.3222 -0.0139 -0.9466
vn -0.9743 -0.1062 0.1985
vn -0.3658 -0.2493 -0.8967
vn -0.9753 -0.1001 0.1967
vn -0.3638 -0.2400 -0.9000
vn -0.9781 -0.0950 0.1853
vn -0.3620 -0.2377 -0.9014
vn -0.3337 0.1697 0.9273
vn -0.9998 -0.0171 -0.0054
vn -0.5132 0.0600 0.8562
vn -0.5556 -0.0632 0.8290
vn -0.9023 0.1681 -0.3969
vn -0.5493 -0.0613 0.8334
vn -0.9643 -0.0800 -0.2525
vn -0.5495 -0.0566 0.8336
vn -0.9646 -0.0756 -0.2525
vn -0.9671 -0.0751 -0.2431
vn 0.0580 -0.2584 0.9643
vn -0.8883 0.0198 0.4588
vn -0.7155 -0.2244 0.6616
vn 0.3951 -0.1256 0.9100
vn 0.6435 0.1349 0.7535
vn 0.4228 -0.1200 0.8982
vn -0.7647 -0.2445 0.5962
vn 0.4439 -0.1126 0.8890
vn -0.7504 -0.2436 0.6145
vn -0.7315 -0.2470 0.6355
vn 0.8401 0.1035 0.5324
vn -0.0471 -0.2991 0.9531
vn 0.8199 -0.0843 0.5663
vn -0.5460 -0.2651 0.7948
vn -0.5189 -0.0106 0.8548
vn 0.7595 -0.1915 0.6217
vn -0.5641 -0.2540 0.7857
vn 0.7459 -0.1901 0.6384
vn -0.5821 -0.2481 0.7744
vn 0.7273 -0.1926 0.6588
vn 0.9991 0.0321 -0.0285
vn 0.3214 0.0664 0.9446
vn 0.7167 -0.0696 0.6939
vn 0.8823 0.2400 -0.4049
vn 0.4419 -0.1747 0.8799
vn 0.9695 0.0014 -0.2450
vn 0.4413 -0.1725 0.8806
vn 0.9675 0.0046 -0.2527
vn 0.4416 -0.1734 0.8803
vn 0.9682 0.0040 -0.2500
vn 0.7338 -0.0041 -0.6794
vn 0.8785 0.0108 0.4776
vn 0.9991 -0.0431 0.0011
vn 0.3547 0.1735 -0.9187
vn 0.8669 -0.3056 0.3938
vn 0.5428 -0.0412 -0.8389
vn 0.8703 -0.3022 0.3889
vn 0.5324 -0.0380 -0.8456
vn 0.8714 -0.3064 0.3832
vn 0.5296 -0.0375 -0.8474
vn -0.0495 -0.0592 -0.9970
vn 0.9494 0.1162 -0.2919
vn 0.7631 -0.0705 -0.6425
vn -0.4695 0.1319 -0.8730
vn 0.8969 -0.1906 -0.3990
vn -0.3031 0.0189 -0.9528
vn 0.9034 -0.1839 -0.3874
vn -0.2920 0.0210 -0.9562
vn 0.9084 -0.1814 -0.3768
vn -0.2756 0.0216 -0.9610
vn 0.9991 -0.0431 0.0010
vn -0.0494 -0.0591 -0.9970
vn 0.7630 -0.0704 -0.6425
vn -0.3223 -0.0140 -0.9465
vn -0.2177 0.9094 0.3545
vn -0.9398 0.1222 0.3190
vn 0.4996 0.0208 -0.8660
vn -0.9052 0.1383 -0.4019
vn -0.4376 0.8493 0.2951
vn 0.8915 -0.1047 -0.4407
vn 0.0072 0.1136 -0.9935
vn 0.2233 0.9145 0.3373
vn 0.7148 -0.0232 -0.6989
vn -0.9995 -0.0105 -0.0287
vn -0.7325 -0.1030 0.6730
vn -0.9024 0.1682 -0.3968
vn 0.0579 -0.2583 0.9643
vn -0.5228 0.8470 -0.0966
vn 0.1424 0.0032 0.9898
vn 0.7993 0.0685 0.5970
vn -0.5188 -0.0106 0.8548
vn -0.7775 -0.4022 -0.4835
vn 0.8823 0.2400 -0.4048
vn 0.9991 0.0321 -0.0284
vn 0.8960 0.2367 -0.3758
vn -0.9998 -0.0171 -0.0053
vn -0.7155 -0.2243 0.6616
vn -0.4555 -0.7896 -0.4111
vn -0.8857 0.2158 0.4111
vn -0.9045 -0.2431 0.3503
vn -0.7377 -0.0085 -0.6751
vn -0.9148 0.2425 -0.3230
vn -0.8717 -0.1954 -0.4495
vn 0.0420 -0.0710 -0.9966
vn 0.9493 0.1162 -0.2920
vn -0.4694 0.1318 -0.8731
vn 0.8785 0.0108 0.4775
vn 0.3548 0.1735 -0.9187
vn -0.1424 -0.9311 0.3357
vn 0.8198 -0.0843 0.5663
vn -0.0470 -0.2991 0.9531
vn -0.5132 0.0601 0.8562
vn -0.8883 0.0198 0.4589
vn 0.8401 0.1035 0.5325
vn -0.1423 -0.9311 0.3358
vn 0.3215 0.0664 0.9446
vn 0.4103 -0.0999 -0.9065
vn 0.1670 0.0230 -0.9857
vn 0.3899 -0.1042 -0.9150
vn 0.3785 -0.1065 -0.9195
vn 0.4002 -0.1060 -0.9103
vn -0.9106 -0.2771 -0.3066
vn -0.8826 -0.0258 -0.4694
vn -0.8776 -0.0270 -0.4787
vn -0.8693 -0.0288 -0.4935
vn -0.3279 -0.2449 -0.9124
vn -0.4651 -0.1541 -0.8717
vn -0.3621 -0.2377 -0.9013
vn -0.3639 -0.2400 -0.9000
vn -0.3659 -0.2493 -0.8966
vn -0.2178 0.9094 0.3545
vn -0.9008 -0.2649 0.3440
vn -0.9781 -0.0950 0.1852
vn -0.9743 -0.1062 0.1984
vn -0.0292 0.7786 -0.6268
vn -0.9643 -0.0801 -0.2525
vn -0.3750 -0.1188 0.9194
vn -0.5496 -0.0566 0.8335
vn -0.5494 -0.0613 0.8333
vn -0.5557 -0.0631 0.8290
vn 0.5765 0.0643 0.8146
vn 0.4439 -0.1127 0.8890
vn 0.3950 -0.1256 0.9100
vn -0.5227 0.8470 -0.0967
vn -0.7961 0.0692 0.6012
vn -0.7315 -0.2470 0.6356
vn -0.7647 -0.2444 0.5963
vn -0.5121 -0.0318 0.8584
vn -0.5820 -0.2481 0.7744
vn -0.5640 -0.2540 0.7857
vn -0.5459 -0.2650 0.7948
vn 0.7272 -0.1926 0.6589
vn 0.7458 -0.1902 0.6384
vn 0.8589 -0.2180 -0.4634
vn 0.9682 0.0039 -0.2500
vn 0.4255 -0.2247 0.8766
vn 0.4414 -0.1725 0.8806
vn 0.4417 -0.1734 0.8803
vn 0.2233 0.9146 0.3372
vn 0.9056 -0.2687 0.3282
vn 0.8703 -0.3022 0.3888
vn 0.8714 -0.3064 0.3831
vn 0.8669 -0.3056 0.3937
vn 0.0429 -0.1252 -0.9912
vn 0.5297 -0.0375 -0.8474
vn 0.5325 -0.0380 -0.8456
vn 0.5584 0.6983 0.4478
vn 0.9029 -0.2803 -0.3258
vn 0.9084 -0.1813 -0.3769
vn 0.9033 -0.1839 -0.3875
vn 0.8969 -0.1906 -0.3991
vn -0.5772 -0.0443 -0.8154
vn -0.2755 0.0216 -0.9611
vn -0.0067 -1.0000 0.0062
vn -0.2913 0.7142 0.6364
vn -0.8938 0.0768 -0.4418
vn -0.2143 0.6541 0.7254
vn -0.2481 -0.6744 0.6954
vn 0.5585 0.6983 0.4478
vn -0.0292 0.7785 -0.6269
vn -0.5772 -0.0442 -0.8154
vn 0.0430 -0.1251 -0.9912
vn 0.8960 0.2366 -0.3757
vn -0.9046 -0.2429 0.3504
vn -0.4376 0.8493 0.2952
vt 0.707980 0.008702
vt 0.686749 0.036030
vt 0.682057 0.012219
vt 0.660455 0.039321
vt 0.656135 0.015736
vt 0.634160 0.042611
vt 0.630212 0.019254
vt 0.607866 0.045902
vt 0.604290 0.022771
vt 0.581572 0.049192
vt 0.578367 0.026289
vt 0.555277 0.052482
vt 0.552445 0.029806
vt 0.526523 0.033324
vt 0.713043 0.032741
vt 0.692200 0.060639
vt 0.665423 0.063715
vt 0.638646 0.066791
vt 0.611869 0.069867
vt 0.585092 0.072943
vt 0.558315 0.076020
vt 0.531538 0.079096
vt 0.528983 0.055773
vt 0.718977 0.057565
vt 0.698226 0.085102
vt 0.670871 0.087988
vt 0.643516 0.090874
vt 0.616160 0.093760
vt 0.588805 0.096646
vt 0.561450 0.099532
vt 0.534095 0.102419
vt 0.725582 0.082218
vt 0.704907 0.109378
vt 0.676864 0.112105
vt 0.648821 0.114833
vt 0.620779 0.117560
vt 0.592736 0.120287
vt 0.564693 0.123014
vt 0.536650 0.125741
vt 0.732951 0.106654
vt 0.712440 0.133379
vt 0.683568 0.135993
vt 0.654696 0.138607
vt 0.625823 0.141221
vt 0.596951 0.143836
vt 0.568079 0.146450
vt 0.539206 0.149064
vt 0.741314 0.130767
vt 0.721114 0.156947
vt 0.691222 0.159521
vt 0.661330 0.162094
vt 0.631438 0.164667
vt 0.601546 0.167241
vt 0.571654 0.169814
vt 0.541762 0.172387
vt 0.571305 0.191189
vt 0.544179 0.194443
vt 0.571917 0.213266
vt 0.546595 0.216498
vt 0.549012 0.238554
vt 0.573013 0.235528
vt 0.551429 0.260609
vt 0.574369 0.257856
vt 0.553846 0.282664
vt 0.575893 0.280215
vt 0.556263 0.304720
vt 0.577522 0.302589
vt 0.558680 0.326775
vt 0.579222 0.324971
vt 0.561097 0.348831
vt 0.598431 0.187935
vt 0.597238 0.210033
vt 0.597014 0.232502
vt 0.597309 0.255103
vt 0.597939 0.277765
vt 0.598781 0.300458
vt 0.599764 0.323168
vt 0.580964 0.347358
vt 0.625557 0.184681
vt 0.622560 0.206801
vt 0.621014 0.229477
vt 0.620250 0.252350
vt 0.619985 0.275316
vt 0.620041 0.298328
vt 0.620698 0.344414
vt 0.600831 0.345886
vt 0.652683 0.181428
vt 0.647882 0.203569
vt 0.645015 0.226451
vt 0.643190 0.249597
vt 0.642032 0.272866
vt 0.641300 0.296197
vt 0.640848 0.319561
vt 0.620306 0.321365
vt 0.640565 0.342942
vt 0.679809 0.178174
vt 0.673203 0.200336
vt 0.669016 0.223425
vt 0.666130 0.246844
vt 0.664078 0.270417
vt 0.662559 0.294067
vt 0.661390 0.317758
vt 0.660432 0.341470
vt 0.706935 0.174920
vt 0.698525 0.197104
vt 0.693016 0.220400
vt 0.689070 0.244091
vt 0.686125 0.267968
vt 0.683819 0.291936
vt 0.681932 0.315954
vt 0.680299 0.339998
vt 0.734061 0.171666
vt 0.723846 0.193872
vt 0.717017 0.217374
vt 0.712011 0.241338
vt 0.708171 0.265518
vt 0.705078 0.289806
vt 0.702474 0.314151
vt 0.700166 0.338526
vt 0.720250 0.367604
vt 0.697249 0.394750
vt 0.694339 0.371121
vt 0.671262 0.398059
vt 0.668428 0.374638
vt 0.645274 0.401369
vt 0.642517 0.378156
vt 0.619287 0.404678
vt 0.616606 0.381674
vt 0.593300 0.407987
vt 0.590695 0.385191
vt 0.564784 0.388708
vt 0.567312 0.411296
vt 0.538873 0.392226
vt 0.723237 0.391444
vt 0.700780 0.419307
vt 0.674630 0.422411
vt 0.648480 0.425514
vt 0.622330 0.428618
vt 0.596180 0.431721
vt 0.570031 0.434825
vt 0.541325 0.414606
vt 0.726931 0.416210
vt 0.704843 0.443778
vt 0.678442 0.446690
vt 0.652041 0.449603
vt 0.625639 0.452515
vt 0.599238 0.455427
vt 0.546436 0.461251
vt 0.543881 0.437929
vt 0.731246 0.440876
vt 0.709585 0.468119
vt 0.682820 0.470861
vt 0.656054 0.473604
vt 0.629289 0.476346
vt 0.602523 0.479089
vt 0.572837 0.458339
vt 0.548992 0.484574
vt 0.736354 0.465388
vt 0.715332 0.492225
vt 0.688034 0.494837
vt 0.660737 0.497449
vt 0.633440 0.500061
vt 0.606142 0.502673
vt 0.575758 0.481832
vt 0.551548 0.507897
vt 0.742632 0.489625
vt 0.722877 0.515780
vt 0.694748 0.518353
vt 0.666619 0.520927
vt 0.638490 0.523500
vt 0.610362 0.526073
vt 0.578845 0.505285
vt 0.554104 0.531220
vt 0.581966 0.550088
vt 0.556520 0.553275
vt 0.582565 0.572120
vt 0.558938 0.575331
vt 0.583786 0.594382
vt 0.561354 0.597386
vt 0.585389 0.616719
vt 0.563771 0.619441
vt 0.587225 0.639081
vt 0.566188 0.641497
vt 0.589193 0.661450
vt 0.568605 0.663552
vt 0.591233 0.683820
vt 0.571022 0.685607
vt 0.593306 0.706191
vt 0.573439 0.707663
vt 0.582233 0.528647
vt 0.607411 0.546900
vt 0.606192 0.568909
vt 0.606218 0.591377
vt 0.607008 0.613997
vt 0.608262 0.636666
vt 0.609781 0.659348
vt 0.611445 0.682033
vt 0.613173 0.704719
vt 0.632857 0.543712
vt 0.629819 0.565699
vt 0.628650 0.588373
vt 0.628626 0.611275
vt 0.629299 0.634251
vt 0.630368 0.657246
vt 0.631657 0.680246
vt 0.633040 0.703247
vt 0.658303 0.540525
vt 0.653446 0.562488
vt 0.651082 0.585369
vt 0.650244 0.608553
vt 0.650336 0.631835
vt 0.650956 0.655144
vt 0.651868 0.678459
vt 0.652907 0.701775
vt 0.683748 0.537337
vt 0.677072 0.559277
vt 0.673514 0.582364
vt 0.671862 0.605831
vt 0.671372 0.629420
vt 0.671544 0.653042
vt 0.672080 0.676672
vt 0.672774 0.700303
vt 0.709194 0.534149
vt 0.700700 0.556067
vt 0.695946 0.579360
vt 0.693480 0.603109
vt 0.692409 0.627005
vt 0.692132 0.650941
vt 0.692292 0.674885
vt 0.692642 0.698831
vt 0.734639 0.530962
vt 0.724326 0.552856
vt 0.718377 0.576356
vt 0.715098 0.600387
vt 0.713446 0.624590
vt 0.712720 0.648839
vt 0.712503 0.673098
vt 0.712509 0.697359
vt 0.751006 0.728240
vt 0.738443 0.759900
vt 0.738443 0.728240
vt 0.725881 0.759900
vt 0.725881 0.728240
vt 0.713318 0.759900
vt 0.713318 0.728240
vt 0.700755 0.759900
vt 0.700755 0.728240
vt 0.688193 0.728240
vt 0.688193 0.759900
vt 0.675630 0.728240
vt 0.663067 0.759900
vt 0.663067 0.728240
vt 0.650505 0.728240
vt 0.650505 0.759900
vt 0.637942 0.728240
vt 0.637942 0.759900
vt 0.625379 0.728240
vt 0.612817 0.759900
vt 0.612817 0.728240
vt 0.600254 0.728240
vt 0.600254 0.759900
vt 0.587691 0.728240
vt 0.587691 0.759900
vt 0.575128 0.728240
vt 0.812530 0.008776
vt 0.833777 0.036030
vt 0.807482 0.032741
vt 0.838454 0.012293
vt 0.860071 0.039321
vt 0.864377 0.015810
vt 0.886365 0.042611
vt 0.890301 0.019327
vt 0.912660 0.045902
vt 0.916225 0.022843
vt 0.938954 0.049192
vt 0.942148 0.026360
vt 0.965248 0.052482
vt 0.993995 0.033394
vt 0.968072 0.029877
vt 0.828325 0.060639
vt 0.801548 0.057565
vt 0.855102 0.063715
vt 0.881879 0.066791
vt 0.908656 0.069867
vt 0.935433 0.072943
vt 0.962210 0.076020
vt 0.988987 0.079096
vt 0.822300 0.085102
vt 0.794943 0.082219
vt 0.849655 0.087988
vt 0.877010 0.090874
vt 0.904365 0.093760
vt 0.931721 0.096646
vt 0.959076 0.099532
vt 0.986431 0.102419
vt 0.815618 0.109378
vt 0.787574 0.106654
vt 0.843661 0.112105
vt 0.871704 0.114833
vt 0.899747 0.117560
vt 0.927790 0.120287
vt 0.955833 0.123014
vt 0.983876 0.125741
vt 0.808085 0.133379
vt 0.779212 0.130767
vt 0.836958 0.135993
vt 0.865830 0.138607
vt 0.894702 0.141221
vt 0.923575 0.143836
vt 0.952447 0.146450
vt 0.981319 0.149064
vt 0.799412 0.156947
vt 0.769520 0.154374
vt 0.829304 0.159521
vt 0.859196 0.162094
vt 0.889088 0.164667
vt 0.918980 0.167241
vt 0.948872 0.169814
vt 0.978764 0.172387
vt 0.949221 0.191189
vt 0.976347 0.194443
vt 0.948609 0.213266
vt 0.973930 0.216498
vt 0.947513 0.235528
vt 0.969097 0.260609
vt 0.971513 0.238554
vt 0.966679 0.282664
vt 0.946156 0.257856
vt 0.964263 0.304720
vt 0.944633 0.280215
vt 0.961846 0.326775
vt 0.943004 0.302589
vt 0.959429 0.348831
vt 0.941304 0.324971
vt 0.922095 0.187935
vt 0.923287 0.210033
vt 0.923512 0.232502
vt 0.923216 0.255103
vt 0.922587 0.277765
vt 0.921744 0.300458
vt 0.939562 0.347358
vt 0.920761 0.323168
vt 0.894969 0.184681
vt 0.897966 0.206801
vt 0.899511 0.229477
vt 0.900276 0.252350
vt 0.900540 0.275316
vt 0.900485 0.298328
vt 0.899828 0.344414
vt 0.900219 0.321365
vt 0.867843 0.181428
vt 0.872644 0.203569
vt 0.875511 0.226451
vt 0.877336 0.249597
vt 0.878494 0.272866
vt 0.879677 0.319561
vt 0.879226 0.296197
vt 0.879961 0.342942
vt 0.840717 0.178174
vt 0.847323 0.200336
vt 0.851510 0.223425
vt 0.854396 0.246844
vt 0.856448 0.270417
vt 0.857966 0.294067
vt 0.859135 0.317758
vt 0.860094 0.341470
vt 0.813591 0.174920
vt 0.822001 0.197104
vt 0.827509 0.220400
vt 0.831455 0.244091
vt 0.834401 0.267968
vt 0.836707 0.291936
vt 0.838593 0.315954
vt 0.840227 0.339998
vt 0.786464 0.171666
vt 0.796679 0.193872
vt 0.803509 0.217374
vt 0.808515 0.241338
vt 0.812355 0.265518
vt 0.815448 0.289806
vt 0.818051 0.314151
vt 0.820359 0.338526
vt 0.800285 0.367530
vt 0.823276 0.394750
vt 0.797289 0.391444
vt 0.826196 0.371047
vt 0.849264 0.398059
vt 0.852107 0.374565
vt 0.875251 0.401369
vt 0.878018 0.378084
vt 0.901239 0.404678
vt 0.903929 0.381602
vt 0.927226 0.407987
vt 0.955750 0.388638
vt 0.929839 0.385120
vt 0.981661 0.392157
vt 0.953214 0.411296
vt 0.819745 0.419307
vt 0.793594 0.416210
vt 0.845895 0.422410
vt 0.872045 0.425514
vt 0.898195 0.428618
vt 0.924345 0.431721
vt 0.976645 0.437928
vt 0.950495 0.434825
vt 0.815683 0.443778
vt 0.789280 0.440876
vt 0.842084 0.446690
vt 0.868485 0.449603
vt 0.894886 0.452515
vt 0.921287 0.455427
vt 0.974089 0.461251
vt 0.947688 0.458339
vt 0.810940 0.468119
vt 0.784172 0.465388
vt 0.837706 0.470861
vt 0.864471 0.473604
vt 0.891237 0.476346
vt 0.918002 0.479089
vt 0.971533 0.484574
vt 0.944768 0.481832
vt 0.805194 0.492225
vt 0.777893 0.489625
vt 0.832491 0.494837
vt 0.859789 0.497449
vt 0.887086 0.500061
vt 0.914383 0.502673
vt 0.968978 0.507897
vt 0.941681 0.505285
vt 0.797648 0.515780
vt 0.769520 0.513207
vt 0.825777 0.518353
vt 0.853906 0.520927
vt 0.882035 0.523500
vt 0.910164 0.526073
vt 0.966422 0.531220
vt 0.938293 0.528647
vt 0.938560 0.550088
vt 0.964005 0.553275
vt 0.937961 0.572120
vt 0.961588 0.575331
vt 0.936740 0.594382
vt 0.959171 0.597386
vt 0.935136 0.616719
vt 0.956755 0.619441
vt 0.933301 0.639081
vt 0.954338 0.641497
vt 0.931333 0.661450
vt 0.951921 0.663552
vt 0.929292 0.683820
vt 0.949504 0.685607
vt 0.927219 0.706191
vt 0.913114 0.546900
vt 0.914334 0.568910
vt 0.914308 0.591377
vt 0.913518 0.613997
vt 0.912264 0.636666
vt 0.910745 0.659348
vt 0.909080 0.682033
vt 0.907352 0.704719
vt 0.887668 0.543712
vt 0.890707 0.565699
vt 0.891876 0.588373
vt 0.891900 0.611275
vt 0.891227 0.634251
vt 0.890157 0.657246
vt 0.888869 0.680246
vt 0.887485 0.703247
vt 0.862223 0.540525
vt 0.867080 0.562488
vt 0.869444 0.585369
vt 0.870282 0.608553
vt 0.870190 0.631835
vt 0.869569 0.655144
vt 0.868657 0.678459
vt 0.867618 0.701775
vt 0.836777 0.537337
vt 0.843453 0.559277
vt 0.847012 0.582364
vt 0.848664 0.605831
vt 0.849153 0.629420
vt 0.848982 0.653042
vt 0.848446 0.676672
vt 0.847751 0.700303
vt 0.811332 0.534149
vt 0.819826 0.556067
vt 0.824580 0.579360
vt 0.827046 0.603109
vt 0.828116 0.627005
vt 0.828394 0.650941
vt 0.828234 0.674885
vt 0.827884 0.698831
vt 0.785886 0.530962
vt 0.796199 0.552856
vt 0.802148 0.576356
vt 0.805428 0.600387
vt 0.807079 0.624590
vt 0.807806 0.648839
vt 0.808022 0.673098
vt 0.808017 0.697359
vt 0.782082 0.728240
vt 0.769520 0.759900
vt 0.769520 0.728240
vt 0.794645 0.728240
vt 0.782082 0.759900
vt 0.807208 0.728240
vt 0.794645 0.759900
vt 0.819770 0.728240
vt 0.807208 0.759900
vt 0.832333 0.728240
vt 0.819770 0.759900
vt 0.844896 0.728240
vt 0.832333 0.759900
vt 0.857458 0.728240
vt 0.844896 0.759900
vt 0.870021 0.759900
vt 0.857458 0.759900
vt 0.870021 0.728240
vt 0.882584 0.759900
vt 0.882584 0.728240
vt 0.895146 0.759900
vt 0.895146 0.728240
vt 0.907709 0.759900
vt 0.907709 0.728240
vt 0.920272 0.759900
vt 0.920272 0.728240
vt 0.932834 0.759900
vt 0.932834 0.728240
vt 0.945397 0.759900
vt 0.727724 0.964739
vt 0.708808 0.971188
vt 0.725668 0.960524
vt 0.740774 0.811051
vt 0.723460 0.801275
vt 0.725790 0.797050
vt 0.749510 0.829886
vt 0.738088 0.814804
vt 0.604029 0.835386
vt 0.617614 0.821011
vt 0.607197 0.837730
vt 0.690468 0.980453
vt 0.710320 0.975750
vt 0.597028 0.855043
vt 0.600542 0.856428
vt 0.670200 0.980917
vt 0.689772 0.975709
vt 0.753484 0.849922
vt 0.746588 0.832820
vt 0.593693 0.875608
vt 0.597348 0.875917
vt 0.754536 0.870063
vt 0.750378 0.851819
vt 0.686540 0.783957
vt 0.705436 0.792706
vt 0.686013 0.788715
vt 0.597390 0.895700
vt 0.593693 0.896467
vt 0.753824 0.889276
vt 0.751342 0.870859
vt 0.600771 0.915353
vt 0.597234 0.917114
vt 0.650204 0.977149
vt 0.670440 0.976233
vt 0.748395 0.907008
vt 0.750659 0.888999
vt 0.608240 0.933709
vt 0.605153 0.936406
vt 0.618734 0.950533
vt 0.616206 0.954111
vt 0.665744 0.785004
vt 0.666205 0.789708
vt 0.751420 0.908351
vt 0.744341 0.925748
vt 0.633411 0.964092
vt 0.631519 0.968310
vt 0.747106 0.928180
vt 0.737320 0.944054
vt 0.651347 0.972586
vt 0.645994 0.790728
vt 0.647222 0.795187
vt 0.707043 0.788078
vt 0.628697 0.802214
vt 0.630622 0.806155
vt 0.739743 0.947502
vt 0.615029 0.817823
vt 0.720544 0.830095
vt 0.710993 0.820280
vt 0.669649 0.812437
vt 0.656122 0.816846
vt 0.644498 0.825104
vt 0.725750 0.842866
vt 0.635300 0.836334
vt 0.727825 0.857155
vt 0.627913 0.849075
vt 0.728024 0.872271
vt 0.623370 0.863135
vt 0.725617 0.901670
vt 0.727086 0.887005
vt 0.621422 0.877883
vt 0.722974 0.916557
vt 0.620992 0.892738
vt 0.718517 0.930278
vt 0.623049 0.907341
vt 0.711167 0.941903
vt 0.628200 0.921257
vt 0.635588 0.933945
vt 0.699970 0.949746
vt 0.645809 0.943987
vt 0.686434 0.953567
vt 0.658417 0.950407
vt 0.672227 0.953439
vt 0.698065 0.814776
vt 0.684013 0.812432
vt 0.676840 0.882641
vt 0.972044 0.910717
vt 0.957207 0.897872
vt 0.959482 0.894647
vt 0.896463 0.951613
vt 0.895027 0.932910
vt 0.898789 0.949956
vt 0.941204 0.886828
vt 0.922672 0.890468
vt 0.921532 0.886828
vt 0.892566 0.912546
vt 0.901807 0.895696
vt 0.895282 0.914945
vt 0.941822 0.973037
vt 0.925426 0.981728
vt 0.941660 0.969516
vt 0.972097 0.931271
vt 0.968989 0.912778
vt 0.908487 0.965583
vt 0.907096 0.968943
vt 0.940514 0.890422
vt 0.892342 0.932647
vt 0.958081 0.964479
vt 0.960362 0.967866
vt 0.898860 0.891379
vt 0.965961 0.948857
vt 0.969229 0.931488
vt 0.968581 0.950590
vt 0.924418 0.987537
vt 0.873165 0.817430
vt 0.864245 0.800313
vt 0.866708 0.796544
vt 0.823605 0.874947
vt 0.840449 0.889188
vt 0.841644 0.894438
vt 0.794732 0.835149
vt 0.797838 0.817244
vt 0.797158 0.835350
vt 0.806333 0.868615
vt 0.823830 0.872310
vt 0.870468 0.857061
vt 0.858468 0.872237
vt 0.868327 0.855543
vt 0.807558 0.799833
vt 0.825863 0.795217
vt 0.809472 0.802634
vt 0.874664 0.837547
vt 0.870849 0.819576
vt 0.844526 0.792086
vt 0.843553 0.795271
vt 0.799436 0.852273
vt 0.797130 0.853676
vt 0.803999 0.871344
vt 0.859805 0.875384
vt 0.795268 0.815462
vt 0.872213 0.837823
vt 0.825280 0.792086
vt 0.820117 0.816934
vt 0.814389 0.825832
vt 0.850332 0.848637
vt 0.853193 0.836577
vt 0.853074 0.825025
vt 0.830293 0.812853
vt 0.850810 0.816618
vt 0.841400 0.813091
vt 0.820853 0.854960
vt 0.830544 0.857515
vt 0.816573 0.847374
vt 0.836276 0.864201
vt 0.814651 0.836517
vt 0.844162 0.858970
vt 0.946087 0.912381
vt 0.935943 0.908363
vt 0.922169 0.952835
vt 0.924944 0.908583
vt 0.916085 0.942970
vt 0.915766 0.912044
vt 0.913268 0.931299
vt 0.913605 0.920126
vt 0.948391 0.942493
vt 0.951034 0.931843
vt 0.943861 0.949630
vt 0.951679 0.921243
vt 0.929791 0.958344
vt 0.935521 0.953450
vt 0.931970 0.931898
vt 0.833960 0.836843
vt 0.981757 0.391283
vt 0.955849 0.387756
vt 0.929941 0.384230
vt 0.904033 0.380704
vt 0.878125 0.377178
vt 0.852217 0.373651
vt 0.826309 0.370125
vt 0.800401 0.366599
vt 0.526427 0.032450
vt 0.552335 0.028924
vt 0.578243 0.025397
vt 0.604151 0.021871
vt 0.630059 0.018345
vt 0.655967 0.014818
vt 0.681875 0.011292
vt 0.707783 0.007766
vt 0.994099 0.032450
vt 0.968191 0.028924
vt 0.942283 0.025397
vt 0.916375 0.021871
vt 0.890467 0.018345
vt 0.864559 0.014818
vt 0.838651 0.011292
vt 0.812743 0.007766
vt 0.538769 0.391283
vt 0.564677 0.387756
vt 0.590585 0.384230
vt 0.616493 0.380704
vt 0.642401 0.377178
vt 0.668308 0.373651
vt 0.694216 0.370125
vt 0.720124 0.366599
vt 0.088950 0.562876
vt 0.120200 0.536833
vt 0.061530 0.540135
vt 0.047650 0.562225
vt 0.075575 0.513492
vt 0.125065 0.508828
vt 0.089620 0.486849
vt 0.129930 0.480824
vt 0.046160 0.471513
vt 0.098930 0.457106
vt 0.046630 0.450391
vt 0.095480 0.429475
vt 0.045790 0.423966
vt 0.100790 0.400375
vt 0.138050 0.428927
vt 0.134600 0.455185
vt 0.198370 0.454185
vt 0.194990 0.429776
vt 0.190360 0.402066
vt 0.140650 0.402304
vt 0.191420 0.371109
vt 0.141620 0.371648
vt 0.248180 0.399645
vt 0.250380 0.426038
vt 0.302910 0.397224
vt 0.248020 0.369696
vt 0.302050 0.371124
vt 0.338220 0.345295
vt 0.295920 0.346089
vt 0.342990 0.372648
vt 0.329810 0.314409
vt 0.277930 0.314100
vt 0.247720 0.344723
vt 0.239290 0.313608
vt 0.266430 0.287373
vt 0.324080 0.286445
vt 0.379180 0.288921
vt 0.373050 0.261187
vt 0.319020 0.259861
vt 0.427230 0.290564
vt 0.420890 0.261623
vt 0.308740 0.232182
vt 0.393900 0.231801
vt 0.369520 0.230484
vt 0.358960 0.195701
vt 0.385180 0.198209
vt 0.422710 0.235524
vt 0.481010 0.268775
vt 0.481010 0.244121
vt 0.459260 0.210250
vt 0.413150 0.200511
vt 0.481010 0.219466
vt 0.452680 0.189374
vt 0.481010 0.194812
vt 0.451150 0.161386
vt 0.481010 0.170165
vt 0.481010 0.145510
vt 0.451420 0.133207
vt 0.408900 0.121642
vt 0.411530 0.147058
vt 0.386850 0.140462
vt 0.410000 0.176475
vt 0.388340 0.170435
vt 0.340140 0.142169
vt 0.353360 0.117554
vt 0.384460 0.118387
vt 0.332220 0.119975
vt 0.299480 0.128587
vt 0.309520 0.148868
vt 0.262310 0.134294
vt 0.255260 0.152583
vt 0.218420 0.136557
vt 0.253730 0.166744
vt 0.218100 0.150662
vt 0.289040 0.171244
vt 0.261540 0.198320
vt 0.290650 0.197510
vt 0.334780 0.195359
vt 0.324920 0.171967
vt 0.349900 0.169323
vt 0.267040 0.228650
vt 0.237250 0.226912
vt 0.254960 0.260457
vt 0.216880 0.261639
vt 0.229280 0.287532
vt 0.179470 0.289032
vt 0.183780 0.317354
vt 0.189440 0.345232
vt 0.124730 0.325665
vt 0.130280 0.309845
vt 0.090800 0.290572
vt 0.090510 0.313782
vt 0.131800 0.289390
vt 0.090480 0.264775
vt 0.131250 0.263981
vt 0.172190 0.261893
vt 0.127160 0.236318
vt 0.165140 0.233048
vt 0.203600 0.230150
vt 0.190370 0.201876
vt 0.160040 0.202479
vt 0.155870 0.178071
vt 0.185820 0.175928
vt 0.226850 0.199249
vt 0.220940 0.173919
vt 0.182670 0.150971
vt 0.155590 0.153519
vt 0.128210 0.157076
vt 0.125520 0.139692
vt 0.155340 0.138104
vt 0.183220 0.137271
vt 0.132480 0.179158
vt 0.130100 0.206091
vt 0.087940 0.237453
vt 0.090260 0.332833
vt 0.051380 0.317545
vt 0.057620 0.346335
vt 0.102110 0.351240
vt 0.131900 0.345065
vt 0.104090 0.374942
vt 0.070790 0.374903
vt 0.057290 0.396335
vt 0.481010 0.293430
vt 0.431770 0.316219
vt 0.481010 0.318084
vt 0.384230 0.348637
vt 0.435650 0.344723
vt 0.380930 0.316648
vt 0.382920 0.375022
vt 0.345820 0.395835
vt 0.383150 0.397716
vt 0.436150 0.371791
vt 0.434450 0.397755
vt 0.387270 0.426165
vt 0.349280 0.426728
vt 0.347180 0.448787
vt 0.390590 0.449502
vt 0.438540 0.425347
vt 0.481010 0.416703
vt 0.481010 0.392048
vt 0.449540 0.443691
vt 0.428000 0.447327
vt 0.426530 0.471235
vt 0.450280 0.469822
vt 0.481010 0.441350
vt 0.405650 0.485602
vt 0.437590 0.486531
vt 0.397620 0.469782
vt 0.371740 0.484793
vt 0.351080 0.469513
vt 0.321880 0.479466
vt 0.321680 0.492314
vt 0.295390 0.450668
vt 0.257040 0.475767
vt 0.249990 0.451732
vt 0.296660 0.427077
vt 0.199010 0.478951
vt 0.196012 0.506141
vt 0.259915 0.504462
vt 0.193015 0.533332
vt 0.211600 0.564726
vt 0.263200 0.565773
vt 0.164400 0.565035
vt 0.262790 0.533157
vt 0.120940 0.567528
vt 0.310510 0.567107
vt 0.310090 0.537214
vt 0.321480 0.505161
vt 0.372610 0.521918
vt 0.376300 0.503939
vt 0.405740 0.503026
vt 0.406560 0.523124
vt 0.404300 0.539015
vt 0.435560 0.537571
vt 0.436950 0.524180
vt 0.457120 0.538134
vt 0.458520 0.525910
vt 0.459920 0.513686
vt 0.438140 0.509765
vt 0.454730 0.486595
vt 0.481010 0.466004
vt 0.481010 0.490659
vt 0.481010 0.539968
vt 0.481010 0.515313
vt 0.438400 0.566964
vt 0.481010 0.564623
vt 0.489369 0.535671
vt 0.403910 0.567186
vt 0.368820 0.539817
vt 0.370630 0.568179
vt 0.481010 0.367394
vt 0.481010 0.342739
vt 0.009930 0.539968
vt 0.009930 0.564623
vt 0.009930 0.515313
vt 0.009930 0.490659
vt 0.009930 0.466004
vt 0.009930 0.441350
vt 0.009930 0.416703
vt 0.009930 0.392048
vt 0.035880 0.372006
vt 0.009930 0.367394
vt 0.009930 0.342739
vt 0.009930 0.318084
vt 0.047390 0.292612
vt 0.009930 0.293430
vt 0.009930 0.268775
vt 0.052750 0.267180
vt 0.009930 0.244121
vt 0.009930 0.219466
vt 0.053400 0.240311
vt 0.050850 0.213346
vt 0.009930 0.194812
vt 0.047410 0.191057
vt 0.009930 0.170165
vt 0.052650 0.163791
vt 0.009930 0.145510
vt 0.056340 0.141311
vt 0.092380 0.160655
vt 0.095080 0.140382
vt 0.094040 0.184088
vt 0.091620 0.208687
vt 0.081150 0.358297
vt 0.061540 0.540124
vt 0.120210 0.536822
vt 0.088960 0.562866
vt 0.047660 0.562215
vt 0.009940 0.515304
vt 0.077550 0.509382
vt 0.009940 0.539958
vt 0.009940 0.490650
vt 0.089630 0.486840
vt 0.046160 0.471504
vt 0.009940 0.465996
vt 0.046640 0.450383
vt 0.009940 0.441342
vt 0.045790 0.423959
vt 0.009940 0.416696
vt 0.057300 0.396328
vt 0.095490 0.429467
vt 0.100800 0.400368
vt 0.009940 0.392042
vt 0.035890 0.371999
vt 0.070800 0.374897
vt 0.081160 0.358291
vt 0.104100 0.374936
vt 0.102120 0.351235
vt 0.057630 0.346329
vt 0.090270 0.332828
vt 0.051390 0.317540
vt 0.009940 0.342734
vt 0.009940 0.318080
vt 0.047400 0.292608
vt 0.090520 0.313778
vt 0.090810 0.290568
vt 0.052755 0.267176
vt 0.090485 0.264771
vt 0.053400 0.240308
vt 0.087940 0.237450
vt 0.050850 0.213344
vt 0.091620 0.208685
vt 0.127160 0.236315
vt 0.130100 0.206089
vt 0.094040 0.184086
vt 0.132480 0.179157
vt 0.092380 0.160654
vt 0.128210 0.157075
vt 0.095080 0.140382
vt 0.125520 0.139691
vt 0.056340 0.141311
vt 0.052650 0.163790
vt 0.009930 0.145510
vt 0.009930 0.170164
vt 0.047410 0.191055
vt 0.009930 0.194810
vt 0.009930 0.219464
vt 0.009930 0.244118
vt 0.009935 0.268772
vt 0.009940 0.293426
vt 0.009940 0.367388
vt 0.140660 0.402297
vt 0.138050 0.428920
vt 0.134610 0.455177
vt 0.098940 0.457098
vt 0.198380 0.454177
vt 0.199010 0.478942
vt 0.129940 0.480815
vt 0.196870 0.502381
vt 0.128170 0.505795
vt 0.193020 0.533322
vt 0.258300 0.498214
vt 0.262800 0.533147
vt 0.321490 0.505152
vt 0.257050 0.475759
vt 0.250000 0.451724
vt 0.321690 0.492305
vt 0.295400 0.450660
vt 0.321890 0.479458
vt 0.347190 0.448779
vt 0.371750 0.484784
vt 0.351090 0.469504
vt 0.349280 0.426721
vt 0.387280 0.426157
vt 0.390590 0.449494
vt 0.397630 0.469774
vt 0.428010 0.447319
vt 0.438550 0.425340
vt 0.434460 0.397749
vt 0.481010 0.392042
vt 0.481010 0.416696
vt 0.449550 0.443683
vt 0.481010 0.441342
vt 0.450290 0.469814
vt 0.426540 0.471227
vt 0.437600 0.486522
vt 0.405660 0.485594
vt 0.405750 0.503016
vt 0.376310 0.503929
vt 0.406570 0.523114
vt 0.372620 0.521908
vt 0.404310 0.539005
vt 0.368830 0.539807
vt 0.310100 0.537203
vt 0.438400 0.566953
vt 0.403920 0.567176
vt 0.435570 0.537561
vt 0.370630 0.568168
vt 0.310520 0.567096
vt 0.263210 0.565763
vt 0.211610 0.564715
vt 0.164410 0.565024
vt 0.120950 0.567517
vt 0.457120 0.538124
vt 0.436960 0.524170
vt 0.458525 0.525900
vt 0.438150 0.509755
vt 0.454740 0.486586
vt 0.459930 0.513677
vt 0.481010 0.465996
vt 0.481010 0.490650
vt 0.481010 0.515304
vt 0.481010 0.539958
vt 0.501958 0.563714
vt 0.481010 0.564612
vt 0.501510 0.541630
vt 0.481010 0.367388
vt 0.481010 0.342734
vt 0.436160 0.371785
vt 0.383160 0.397709
vt 0.382930 0.375016
vt 0.435660 0.344718
vt 0.345830 0.395828
vt 0.343000 0.372642
vt 0.296670 0.427070
vt 0.302920 0.397217
vt 0.250390 0.426030
vt 0.248190 0.399638
vt 0.195000 0.429769
vt 0.190370 0.402059
vt 0.191430 0.371102
vt 0.141630 0.371642
vt 0.247720 0.344718
vt 0.248030 0.369690
vt 0.189450 0.345226
vt 0.295930 0.346083
vt 0.302060 0.371118
vt 0.338230 0.345290
vt 0.329820 0.314405
vt 0.380940 0.316643
vt 0.384240 0.348631
vt 0.427240 0.290560
vt 0.431780 0.316214
vt 0.379190 0.288917
vt 0.481010 0.293426
vt 0.481010 0.318080
vt 0.481010 0.268772
vt 0.422710 0.235521
vt 0.481010 0.244118
vt 0.420895 0.261620
vt 0.373055 0.261183
vt 0.393900 0.231799
vt 0.324080 0.286441
vt 0.319025 0.259858
vt 0.308740 0.232180
vt 0.369520 0.230481
vt 0.277930 0.314095
vt 0.266440 0.287369
vt 0.239290 0.313603
vt 0.183790 0.317349
vt 0.229290 0.287528
vt 0.179480 0.289028
vt 0.216885 0.261636
vt 0.254965 0.260453
vt 0.267040 0.228647
vt 0.237250 0.226909
vt 0.261540 0.198318
vt 0.290650 0.197508
vt 0.334780 0.195357
vt 0.289040 0.171243
vt 0.324920 0.171965
vt 0.358960 0.195699
vt 0.349900 0.169322
vt 0.385180 0.198207
vt 0.388340 0.170434
vt 0.413150 0.200509
vt 0.452680 0.189373
vt 0.459260 0.210248
vt 0.410000 0.176474
vt 0.411530 0.147057
vt 0.451150 0.161385
vt 0.451420 0.133206
vt 0.481010 0.145510
vt 0.481010 0.170164
vt 0.481010 0.194810
vt 0.481010 0.219464
vt 0.386850 0.140461
vt 0.384460 0.118387
vt 0.340140 0.142168
vt 0.353360 0.117554
vt 0.299480 0.128587
vt 0.262310 0.134294
vt 0.309520 0.148867
vt 0.255260 0.152582
vt 0.218420 0.136556
vt 0.218100 0.150661
vt 0.253730 0.166743
vt 0.220940 0.173918
vt 0.185820 0.175926
vt 0.182670 0.150971
vt 0.183220 0.137271
vt 0.226850 0.199247
vt 0.190370 0.201874
vt 0.155870 0.178069
vt 0.203600 0.230148
vt 0.160040 0.202477
vt 0.155590 0.153519
vt 0.155340 0.138104
vt 0.165140 0.233045
vt 0.172195 0.261890
vt 0.131255 0.263977
vt 0.131810 0.289385
vt 0.130280 0.309841
vt 0.124740 0.325660
vt 0.131910 0.345059
vt 0.660303 0.747272
vt 0.660688 0.750621
vt 0.671256 0.749212
vt 0.671212 0.745772
vt 0.660254 0.743939
vt 0.670409 0.751385
vt 0.663067 0.754423
vt 0.665038 0.755168
vt 0.661059 0.741022
vt 0.668950 0.753819
vt 0.665935 0.737354
vt 0.663067 0.737487
vt 0.662318 0.738618
vt 0.667268 0.754957
vt 0.668295 0.737718
vt 0.669823 0.739900
vt 0.661885 0.753295
vt 0.670841 0.742583
vt 0.725881 0.754623
vt 0.738443 0.754623
vt 0.688193 0.754623
vt 0.700755 0.754623
vt 0.637942 0.754623
vt 0.625379 0.759900
vt 0.625379 0.754623
vt 0.600254 0.754623
vt 0.587691 0.754623
vt 0.794645 0.754623
vt 0.782082 0.754623
vt 0.832333 0.754623
vt 0.819770 0.754623
vt 0.882584 0.754623
vt 0.920272 0.754623
vt 0.688193 0.733517
vt 0.700755 0.738793
vt 0.700755 0.733517
vt 0.700755 0.744070
vt 0.688193 0.738793
vt 0.700755 0.749347
vt 0.688193 0.744070
vt 0.688193 0.749347
vt 0.725881 0.733517
vt 0.738443 0.733517
vt 0.725881 0.738793
vt 0.738443 0.738793
vt 0.725881 0.744070
vt 0.738443 0.744070
vt 0.725881 0.749347
vt 0.738443 0.749347
vt 0.782082 0.733517
vt 0.794645 0.733517
vt 0.782082 0.738793
vt 0.794645 0.738793
vt 0.782082 0.744070
vt 0.794645 0.744070
vt 0.782082 0.749347
vt 0.794645 0.749347
vt 0.832333 0.733517
vt 0.819770 0.733517
vt 0.819770 0.738793
vt 0.832333 0.738793
vt 0.819770 0.744070
vt 0.832333 0.744070
vt 0.819770 0.749347
vt 0.832333 0.749347
vt 0.882584 0.733517
vt 0.895146 0.738793
vt 0.882584 0.738793
vt 0.895146 0.744070
vt 0.882584 0.744070
vt 0.895146 0.749347
vt 0.882584 0.749347
vt 0.895146 0.754623
vt 0.932834 0.733517
vt 0.920272 0.733517
vt 0.932834 0.738793
vt 0.920272 0.738793
vt 0.932834 0.744070
vt 0.920272 0.744070
vt 0.932834 0.749347
vt 0.920272 0.749347
vt 0.932834 0.754623
vt 0.600254 0.733517
vt 0.600254 0.738793
vt 0.587691 0.733517
vt 0.600254 0.744070
vt 0.587691 0.738793
vt 0.600254 0.749347
vt 0.587691 0.744070
vt 0.587691 0.749347
vt 0.637942 0.733517
vt 0.637942 0.738793
vt 0.625379 0.733517
vt 0.637942 0.744070
vt 0.625379 0.738793
vt 0.637942 0.749347
vt 0.625379 0.744070
vt 0.625379 0.749347
vt 0.895146 0.733517
vt 0.751006 0.154374
vt 0.751006 0.513207
vt 0.751006 0.759900
vt 0.675630 0.759900
vt 0.575128 0.759900
vt 0.991543 0.055773
vt 0.919695 0.345886
vt 0.979201 0.414606
vt 0.947087 0.707663
vt 0.945397 0.728240
s 1
usemtl base1
f 1/1/1 2/2/2 3/3/3
f 3/3/3 4/4/4 5/5/5
f 5/5/5 6/6/6 7/7/7
f 7/7/7 8/8/8 9/9/9
f 9/9/9 10/10/10 11/11/11
f 11/11/11 12/12/12 13/13/13
f 12/12/12 14/14/14 13/13/13
f 15/15/15 16/16/16 2/2/2
f 2/2/2 17/17/17 4/4/4
f 4/4/4 18/18/18 6/6/6
f 6/6/6 19/19/19 8/8/8
f 8/8/8 20/20/20 10/10/10
f 10/10/10 21/21/21 12/12/12
f 12/12/12 22/22/22 23/23/23
f 24/24/24 25/25/25 16/16/16
f 16/16/16 26/26/26 17/17/17
f 17/17/17 27/27/27 18/18/18
f 18/18/18 28/28/28 19/19/19
f 19/19/19 29/29/29 20/20/20
f 20/20/20 30/30/30 21/21/21
f 21/21/21 31/31/31 22/22/22
f 32/32/32 33/33/33 25/25/25
f 25/25/25 34/34/34 26/26/26
f 26/26/26 35/35/35 27/27/27
f 27/27/27 36/36/36 28/28/28
f 28/28/28 37/37/37 29/29/29
f 29/29/29 38/38/38 30/30/30
f 30/30/30 39/39/39 31/31/31
f 40/40/40 41/41/41 33/33/33
f 33/33/33 42/42/42 34/34/34
f 34/34/34 43/43/43 35/35/35
f 35/35/35 44/44/44 36/36/36
f 36/36/36 45/45/45 37/37/37
f 37/37/37 46/46/46 38/38/38
f 38/38/38 47/47/47 39/39/39
f 48/48/48 49/49/49 41/41/41
f 41/41/41 50/50/50 42/42/42
f 42/42/42 51/51/51 43/43/43
f 43/43/43 52/52/52 44/44/44
f 44/44/44 53/53/53 45/45/45
f 45/45/45 54/54/54 46/46/46
f 46/46/46 55/55/55 47/47/47
f 55/55/55 56/56/56 57/57/57
f 57/57/57 58/58/58 59/59/59
f 58/58/58 60/60/60 59/59/59
f 61/61/61 62/62/62 60/60/60
f 63/63/63 64/64/64 62/62/62
f 65/65/65 66/66/66 64/64/64
f 67/67/67 68/68/68 66/66/66
f 69/69/69 70/70/70 68/68/68
f 54/54/54 71/71/71 56/56/56
f 56/56/56 72/72/72 58/58/58
f 58/58/58 73/73/73 61/61/61
f 73/73/73 63/63/63 61/61/61
f 74/74/74 65/65/65 63/63/63
f 75/75/75 67/67/67 65/65/65
f 76/76/76 69/69/69 67/67/67
f 77/77/77 78/78/78 69/69/69
f 53/53/53 79/79/79 71/71/71
f 71/71/71 80/80/80 72/72/72
f 72/72/72 81/81/81 73/73/73
f 81/81/81 74/74/74 73/73/73
f 82/82/82 75/75/75 74/74/74
f 83/83/83 76/76/76 75/75/75
f 84/84/84 77/77/77 76/76/76
f 77/77/77 85/85/85 86/86/86
f 52/52/52 87/87/87 79/79/79
f 79/79/79 88/88/88 80/80/80
f 80/80/80 89/89/89 81/81/81
f 81/81/81 90/90/90 82/82/82
f 82/82/82 91/91/91 83/83/83
f 83/83/83 92/92/92 84/84/84
f 84/84/84 93/93/93 94/94/94
f 94/94/94 95/95/95 85/85/85
f 51/51/51 96/96/96 87/87/87
f 87/87/87 97/97/97 88/88/88
f 88/88/88 98/98/98 89/89/89
f 89/89/89 99/99/99 90/90/90
f 90/90/90 100/100/100 91/91/91
f 91/91/91 101/101/101 92/92/92
f 92/92/92 102/102/102 93/93/93
f 93/93/93 103/103/103 95/95/95
f 50/50/50 104/104/104 96/96/96
f 96/96/96 105/105/105 97/97/97
f 97/97/97 106/106/106 98/98/98
f 98/98/98 107/107/107 99/99/99
f 99/99/99 108/108/108 100/100/100
f 100/100/100 109/109/109 101/101/101
f 101/101/101 110/110/110 102/102/102
f 102/102/102 111/111/111 103/103/103
f 49/49/49 112/112/112 104/104/104
f 104/104/104 113/113/113 105/105/105
f 105/105/105 114/114/114 106/106/106
f 106/106/106 115/115/115 107/107/107
f 107/107/107 116/116/116 108/108/108
f 108/108/108 117/117/117 109/109/109
f 109/109/109 118/118/118 110/110/110
f 110/110/110 119/119/119 111/111/111
f 120/120/120 121/121/121 122/122/122
f 122/122/122 123/123/123 124/124/124
f 124/124/124 125/125/125 126/126/126
f 126/126/126 127/127/127 128/128/128
f 128/128/128 129/129/129 130/130/130
f 129/129/129 131/131/131 130/130/130
f 132/132/132 133/133/133 131/131/131
f 134/134/134 135/135/135 121/121/121
f 121/121/121 136/136/136 123/123/123
f 123/123/123 137/137/137 125/125/125
f 125/125/125 138/138/138 127/127/127
f 127/127/127 139/139/139 129/129/129
f 139/139/139 132/132/132 129/129/129
f 140/140/140 141/141/141 132/132/132
f 142/142/142 143/143/143 135/135/135
f 135/135/135 144/144/144 136/136/136
f 136/136/136 145/145/145 137/137/137
f 137/137/137 146/146/146 138/138/138
f 138/138/138 147/147/147 139/139/139
f 147/147/147 140/140/140 139/139/139
f 140/140/140 148/148/148 149/149/149
f 150/150/150 151/151/151 143/143/143
f 143/143/143 152/152/152 144/144/144
f 144/144/144 153/153/153 145/145/145
f 145/145/145 154/154/154 146/146/146
f 146/146/146 155/155/155 147/147/147
f 155/155/155 156/156/156 147/147/147
f 156/156/156 157/157/157 148/148/148
f 158/158/158 159/159/159 151/151/151
f 151/151/151 160/160/160 152/152/152
f 152/152/152 161/161/161 153/153/153
f 153/153/153 162/162/162 154/154/154
f 154/154/154 163/163/163 155/155/155
f 163/163/163 164/164/164 155/155/155
f 164/164/164 165/165/165 157/157/157
f 166/166/166 167/167/167 159/159/159
f 159/159/159 168/168/168 160/160/160
f 160/160/160 169/169/169 161/161/161
f 161/161/161 170/170/170 162/162/162
f 162/162/162 171/171/171 163/163/163
f 171/171/171 172/172/172 163/163/163
f 172/172/172 173/173/173 165/165/165
f 173/173/173 174/174/174 175/175/175
f 175/175/175 176/176/176 177/177/177
f 177/177/177 178/178/178 179/179/179
f 179/179/179 180/180/180 181/181/181
f 181/181/181 182/182/182 183/183/183
f 183/183/183 184/184/184 185/185/185
f 185/185/185 186/186/186 187/187/187
f 187/187/187 188/188/188 189/189/189
f 190/190/190 191/191/191 174/174/174
f 174/174/174 192/192/192 176/176/176
f 176/176/176 193/193/193 178/178/178
f 178/178/178 194/194/194 180/180/180
f 180/180/180 195/195/195 182/182/182
f 182/182/182 196/196/196 184/184/184
f 184/184/184 197/197/197 186/186/186
f 186/186/186 198/198/198 188/188/188
f 171/171/171 199/199/199 191/191/191
f 191/191/191 200/200/200 192/192/192
f 192/192/192 201/201/201 193/193/193
f 193/193/193 202/202/202 194/194/194
f 194/194/194 203/203/203 195/195/195
f 195/195/195 204/204/204 196/196/196
f 196/196/196 205/205/205 197/197/197
f 197/197/197 206/206/206 198/198/198
f 170/170/170 207/207/207 199/199/199
f 199/199/199 208/208/208 200/200/200
f 200/200/200 209/209/209 201/201/201
f 201/201/201 210/210/210 202/202/202
f 202/202/202 211/211/211 203/203/203
f 203/203/203 212/212/212 204/204/204
f 204/204/204 213/213/213 205/205/205
f 205/205/205 214/214/214 206/206/206
f 169/169/169 215/215/215 207/207/207
f 207/207/207 216/216/216 208/208/208
f 208/208/208 217/217/217 209/209/209
f 209/209/209 218/218/218 210/210/210
f 210/210/210 219/219/219 211/211/211
f 211/211/211 220/220/220 212/212/212
f 212/212/212 221/221/221 213/213/213
f 213/213/213 222/222/222 214/214/214
f 168/168/168 223/223/223 215/215/215
f 215/215/215 224/224/224 216/216/216
f 216/216/216 225/225/225 217/217/217
f 217/217/217 226/226/226 218/218/218
f 218/218/218 227/227/227 219/219/219
f 219/219/219 228/228/228 220/220/220
f 220/220/220 229/229/229 221/221/221
f 221/221/221 230/230/230 222/222/222
f 167/167/167 231/231/231 223/223/223
f 223/223/223 232/232/232 224/224/224
f 224/224/224 233/233/233 225/225/225
f 225/225/225 234/234/234 226/226/226
f 226/226/226 235/235/235 227/227/227
f 227/227/227 236/236/236 228/228/228
f 228/228/228 237/237/237 229/229/229
f 229/229/229 238/238/238 230/230/230
f 239/239/70 240/240/239 241/241/240
f 241/241/240 242/242/241 243/243/242
f 243/243/242 244/244/243 245/245/244
f 245/245/244 246/246/245 247/247/246
f 246/246/245 248/248/247 247/247/246
f 249/249/248 250/250/249 248/248/247
f 250/250/249 251/251/250 252/252/238
f 251/251/250 253/253/251 252/252/238
f 254/254/252 255/255/253 253/253/251
f 256/256/254 257/257/255 255/255/253
f 257/257/255 258/258/256 259/259/257
f 258/258/256 260/260/198 259/259/257
f 261/261/258 262/262/188 260/260/198
f 263/263/259 264/264/189 262/262/188
f 265/265/260 266/266/261 267/267/262
f 268/268/263 269/269/264 266/266/261
f 270/270/265 271/271/266 269/269/264
f 272/272/267 273/273/268 271/271/266
f 274/274/269 275/275/270 273/273/268
f 276/276/271 277/277/272 275/275/270
f 278/278/133 277/277/272 279/279/273
f 267/267/262 280/280/274 281/281/275
f 266/266/261 282/282/276 280/280/274
f 269/269/264 283/283/277 282/282/276
f 271/271/266 284/284/278 283/283/277
f 273/273/268 285/285/279 284/284/278
f 275/275/270 286/286/280 285/285/279
f 277/277/272 287/287/149 286/286/280
f 281/281/275 288/288/281 289/289/282
f 280/280/274 290/290/283 288/288/281
f 282/282/276 291/291/284 290/290/283
f 283/283/277 292/292/285 291/291/284
f 284/284/278 293/293/286 292/292/285
f 285/285/279 294/294/287 293/293/286
f 286/286/280 295/295/148 294/294/287
f 289/289/282 296/296/288 297/297/289
f 288/288/281 298/298/290 296/296/288
f 290/290/283 299/299/291 298/298/290
f 291/291/284 300/300/292 299/299/291
f 292/292/285 301/301/293 300/300/292
f 293/293/286 302/302/294 301/301/293
f 294/294/287 303/303/157 302/302/294
f 297/297/289 304/304/295 305/305/296
f 296/296/288 306/306/297 304/304/295
f 298/298/290 307/307/298 306/306/297
f 299/299/291 308/308/299 307/307/298
f 300/300/292 309/309/300 308/308/299
f 301/301/293 310/310/301 309/309/300
f 302/302/294 311/311/165 310/310/301
f 305/305/296 312/312/302 313/313/303
f 304/304/295 314/314/304 312/312/302
f 306/306/297 315/315/305 314/314/304
f 307/307/298 316/316/306 315/315/305
f 308/308/299 317/317/307 316/316/306
f 309/309/300 318/318/308 317/317/307
f 310/310/301 319/319/173 318/318/308
f 319/319/173 320/320/309 318/318/308
f 321/321/310 322/322/311 320/320/309
f 323/323/312 324/324/313 322/322/311
f 325/325/314 324/324/313 326/326/179
f 327/327/315 328/328/316 325/325/314
f 329/329/317 330/330/318 327/327/315
f 331/331/187 332/332/319 329/329/317
f 333/333/189 334/334/320 331/331/187
f 318/318/308 335/335/321 317/317/307
f 320/320/309 336/336/322 335/335/321
f 322/322/311 337/337/323 336/336/322
f 328/328/316 337/337/323 324/324/313
f 330/330/318 338/338/324 328/328/316
f 332/332/319 339/339/325 330/330/318
f 334/334/320 340/340/326 332/332/319
f 341/341/327 342/342/328 334/334/320
f 317/317/307 343/343/329 316/316/306
f 335/335/321 344/344/330 343/343/329
f 336/336/322 345/345/331 344/344/330
f 337/337/323 346/346/332 345/345/331
f 339/339/325 346/346/332 338/338/324
f 340/340/326 347/347/333 339/339/325
f 342/342/328 348/348/334 340/340/326
f 342/342/328 349/349/335 350/350/336
f 316/316/306 351/351/337 315/315/305
f 343/343/329 352/352/338 351/351/337
f 344/344/330 353/353/339 352/352/338
f 345/345/331 354/354/340 353/353/339
f 346/346/332 355/355/341 354/354/340
f 348/348/334 355/355/341 347/347/333
f 348/348/334 356/356/342 357/357/343
f 350/350/336 358/358/344 356/356/342
f 315/315/305 359/359/345 314/314/304
f 351/351/337 360/360/346 359/359/345
f 352/352/338 361/361/347 360/360/346
f 353/353/339 362/362/348 361/361/347
f 354/354/340 363/363/349 362/362/348
f 355/355/341 364/364/350 363/363/349
f 357/357/343 365/365/351 364/364/350
f 356/356/342 366/366/352 365/365/351
f 314/314/304 367/367/353 312/312/302
f 359/359/345 368/368/354 367/367/353
f 360/360/346 369/369/355 368/368/354
f 361/361/347 370/370/356 369/369/355
f 362/362/348 371/371/357 370/370/356
f 363/363/349 372/372/358 371/371/357
f 364/364/350 373/373/359 372/372/358
f 365/365/351 374/374/360 373/373/359
f 312/312/302 375/375/112 313/313/303
f 367/367/353 376/376/361 375/375/112
f 368/368/354 377/377/114 376/376/361
f 369/369/355 378/378/362 377/377/114
f 370/370/356 379/379/116 378/378/362
f 371/371/357 380/380/117 379/379/116
f 372/372/358 381/381/118 380/380/117
f 373/373/359 382/382/119 381/381/118
f 383/383/363 384/384/364 385/385/365
f 386/386/366 387/387/367 384/384/364
f 388/388/368 389/389/369 387/387/367
f 390/390/370 391/391/371 389/389/369
f 392/392/372 393/393/373 391/391/371
f 394/394/374 393/393/373 395/395/375
f 396/396/376 397/397/377 394/394/374
f 385/385/365 398/398/378 399/399/24
f 384/384/364 400/400/379 398/398/378
f 387/387/367 401/401/380 400/400/379
f 389/389/369 402/402/381 401/401/380
f 391/391/371 403/403/382 402/402/381
f 397/397/377 403/403/382 393/393/373
f 397/397/377 404/404/22 405/405/383
f 399/399/24 406/406/384 407/407/385
f 398/398/378 408/408/386 406/406/384
f 400/400/379 409/409/387 408/408/386
f 401/401/380 410/410/388 409/409/387
f 402/402/381 411/411/389 410/410/388
f 405/405/383 411/411/389 403/403/382
f 405/405/383 412/412/31 413/413/390
f 407/407/385 414/414/391 415/415/392
f 406/406/384 416/416/393 414/414/391
f 408/408/386 417/417/394 416/416/393
f 409/409/387 418/418/395 417/417/394
f 410/410/388 419/419/396 418/418/395
f 413/413/390 419/419/396 411/411/389
f 413/413/390 420/420/39 421/421/397
f 415/415/392 422/422/398 423/423/399
f 414/414/391 424/424/400 422/422/398
f 416/416/393 425/425/401 424/424/400
f 417/417/394 426/426/402 425/425/401
f 418/418/395 427/427/403 426/426/402
f 421/421/397 427/427/403 419/419/396
f 421/421/397 428/428/47 429/429/404
f 423/423/399 430/430/405 431/431/406
f 422/422/398 432/432/407 430/430/405
f 424/424/400 433/433/408 432/432/407
f 425/425/401 434/434/409 433/433/408
f 426/426/402 435/435/410 434/434/409
f 429/429/404 435/435/410 427/427/403
f 429/429/404 436/436/411 437/437/412
f 436/436/411 438/438/413 437/437/412
f 439/439/57 440/440/414 438/438/413
f 441/441/415 442/442/416 440/440/414
f 443/443/417 444/444/418 442/442/416
f 445/445/419 446/446/420 444/444/418
f 447/447/64 448/448/421 446/446/420
f 449/449/66 450/450/422 448/448/421
f 451/451/423 452/452/240 450/450/422
f 437/437/412 453/453/424 435/435/410
f 438/438/413 454/454/425 453/453/424
f 440/440/414 455/455/426 454/454/425
f 442/442/416 456/456/427 455/455/426
f 444/444/418 457/457/428 456/456/427
f 446/446/420 458/458/429 457/457/428
f 448/448/421 459/459/430 458/458/429
f 450/450/422 460/460/431 459/459/430
f 435/435/410 461/461/432 434/434/409
f 453/453/424 462/462/433 461/461/432
f 454/454/425 463/463/434 462/462/433
f 455/455/426 464/464/435 463/463/434
f 456/456/427 465/465/436 464/464/435
f 457/457/428 466/466/437 465/465/436
f 458/458/429 467/467/438 466/466/437
f 459/459/430 468/468/439 467/467/438
f 434/434/409 469/469/440 433/433/408
f 461/461/432 470/470/441 469/469/440
f 462/462/433 471/471/442 470/470/441
f 463/463/434 472/472/443 471/471/442
f 464/464/435 473/473/444 472/472/443
f 465/465/436 474/474/445 473/473/444
f 466/466/437 475/475/446 474/474/445
f 467/467/438 476/476/447 475/475/446
f 433/433/408 477/477/448 432/432/407
f 469/469/440 478/478/449 477/477/448
f 470/470/441 479/479/450 478/478/449
f 471/471/442 480/480/451 479/479/450
f 472/472/443 481/481/452 480/480/451
f 473/473/444 482/482/453 481/481/452
f 474/474/445 483/483/454 482/482/453
f 475/475/446 484/484/247 483/483/454
f 432/432/407 485/485/455 430/430/405
f 477/477/448 486/486/456 485/485/455
f 478/478/449 487/487/457 486/486/456
f 479/479/450 488/488/458 487/487/457
f 480/480/451 489/489/459 488/488/458
f 481/481/452 490/490/460 489/489/459
f 482/482/453 491/491/461 490/490/460
f 483/483/454 492/492/249 491/491/461
f 430/430/405 493/493/462 431/431/406
f 485/485/455 494/494/232 493/493/462
f 486/486/456 495/495/463 494/494/232
f 487/487/457 496/496/234 495/495/463
f 488/488/458 497/497/235 496/496/234
f 489/489/459 498/498/464 497/497/235
f 490/490/460 499/499/237 498/498/464
f 491/491/461 500/500/238 499/499/237
f 501/501/78 502/502/465 503/503/70
f 504/504/86 505/505/466 501/501/78
f 506/506/467 507/507/468 504/504/86
f 508/508/469 509/509/470 506/506/467
f 510/510/103 511/511/471 508/508/469
f 512/512/111 513/513/472 510/510/103
f 514/514/119 515/515/473 512/512/111
f 514/514/119 516/516/474 517/517/475
f 518/518/360 519/519/476 516/516/474
f 520/520/352 521/521/477 519/519/476
f 522/522/344 523/523/478 521/521/477
f 524/524/479 525/525/480 523/523/478
f 526/526/481 527/527/482 525/525/480
f 528/528/327 529/529/483 527/527/482
f 530/530/484 531/531/485 532/532/486
f 533/533/487 534/534/488 535/535/489
f 536/536/490 537/537/491 533/533/487
f 538/538/492 539/539/493 540/540/494
f 541/541/495 531/531/485 542/542/496
f 543/543/497 540/540/494 544/544/498
f 545/545/499 546/546/500 541/541/495
f 547/547/501 548/548/502 536/536/490
f 549/549/503 544/544/498 550/550/504
f 551/551/505 552/552/506 547/547/501
f 553/553/507 554/554/508 555/555/509
f 549/549/503 556/556/510 557/557/511
f 558/558/512 559/559/513 551/551/505
f 557/557/511 560/560/514 561/561/254
f 562/562/515 563/563/516 545/545/499
f 558/558/512 564/564/517 565/565/518
f 561/561/254 566/566/519 567/567/520
f 567/567/520 568/568/521 569/569/522
f 570/570/523 555/555/509 571/571/524
f 572/572/525 573/573/526 564/564/517
f 569/569/522 574/574/527 575/575/528
f 576/576/529 577/577/530 573/573/526
f 575/575/528 578/578/531 562/562/515
f 579/579/241 571/571/524 580/580/532
f 535/535/489 554/554/508 581/581/533
f 582/582/534 580/580/532 583/583/535
f 584/584/536 532/532/486 577/577/530
f 585/585/537 583/583/535 539/539/493
f 534/534/488 586/586/538 587/587/539
f 580/580/532 588/588/540 589/589/541
f 548/548/502 586/586/538 537/537/491
f 583/583/535 589/589/541 590/590/542
f 552/552/506 591/591/543 548/548/502
f 539/539/493 590/590/542 592/592/544
f 559/559/513 593/593/545 552/552/506
f 540/540/494 592/592/544 594/594/546
f 565/565/518 595/595/547 559/559/513
f 544/544/498 594/594/546 596/596/548
f 565/565/518 597/597/549 598/598/550
f 550/550/504 596/596/548 599/599/551
f 564/564/517 600/600/552 597/597/549
f 550/550/504 601/601/553 556/556/510
f 573/573/526 602/602/554 600/600/552
f 556/556/510 603/603/555 560/560/514
f 577/577/530 604/604/556 602/602/554
f 560/560/514 605/605/557 566/566/519
f 531/531/485 604/604/556 532/532/486
f 566/566/519 606/606/558 568/568/521
f 546/546/500 607/607/559 531/531/485
f 568/568/521 608/608/560 574/574/527
f 563/563/516 609/609/561 546/546/500
f 574/574/527 610/610/562 578/578/531
f 578/578/531 611/611/563 563/563/516
f 554/554/508 587/587/539 612/612/564
f 571/571/524 613/613/565 588/588/540
f 555/555/509 612/612/564 613/613/565
f 609/609/561 611/611/563 614/614/566
f 610/610/562 608/608/560 614/614/566
f 611/611/563 610/610/562 614/614/566
f 612/612/564 587/587/539 614/614/566
f 588/588/540 613/613/565 614/614/566
f 613/613/565 612/612/564 614/614/566
f 587/587/539 586/586/538 614/614/566
f 589/589/541 588/588/540 614/614/566
f 586/586/538 591/591/543 614/614/566
f 590/590/542 589/589/541 614/614/566
f 591/591/543 593/593/545 614/614/566
f 592/592/544 590/590/542 614/614/566
f 593/593/545 595/595/547 614/614/566
f 594/594/546 592/592/544 614/614/566
f 595/595/547 598/598/550 614/614/566
f 596/596/548 594/594/546 614/614/566
f 598/598/550 597/597/549 614/614/566
f 599/599/551 596/596/548 614/614/566
f 597/597/549 600/600/552 614/614/566
f 601/601/553 599/599/551 614/614/566
f 600/600/552 602/602/554 614/614/566
f 603/603/555 601/601/553 614/614/566
f 602/602/554 604/604/556 614/614/566
f 605/605/557 603/603/555 614/614/566
f 604/604/556 607/607/559 614/614/566
f 606/606/558 605/605/557 614/614/566
f 607/607/559 609/609/561 614/614/566
f 608/608/560 606/606/558 614/614/566
f 615/615/567 616/616/568 617/617/569
f 618/618/570 619/619/571 620/620/572
f 621/621/573 622/622/574 623/623/575
f 624/624/576 625/625/577 626/626/578
f 627/627/579 628/628/580 629/629/581
f 630/630/582 631/631/583 615/615/567
f 618/618/570 632/632/584 633/633/585
f 617/617/569 634/634/586 621/621/573
f 635/635/587 626/626/578 619/619/571
f 627/627/579 636/636/588 637/637/589
f 623/623/575 625/625/577 638/638/590
f 630/630/582 639/639/591 640/640/592
f 641/641/593 636/636/588 639/639/591
f 633/633/585 628/628/580 642/642/594
f 643/643/595 644/644/596 645/645/597
f 646/646/598 647/647/599 648/648/600
f 649/649/601 650/650/602 651/651/603
f 646/646/598 652/652/604 653/653/605
f 654/654/606 655/655/607 656/656/608
f 657/657/609 658/658/610 659/659/611
f 660/660/612 661/661/613 643/643/595
f 662/662/614 644/644/596 663/663/615
f 649/649/601 664/664/616 665/665/617
f 665/665/617 652/652/604 666/666/618
f 667/667/619 647/647/599 655/655/607
f 668/668/620 659/659/611 650/650/602
f 660/660/612 656/656/608 669/669/621
f 670/670/622 663/663/615 658/658/610
f 650/650/602 671/671/623 672/672/624
f 669/669/621 673/673/625 674/674/626
f 658/658/610 671/671/623 659/659/611
f 661/661/613 674/674/626 675/675/627
f 663/663/615 676/676/628 658/658/610
f 661/661/613 677/677/629 644/644/596
f 644/644/596 678/678/630 663/663/615
f 653/653/605 679/679/631 680/680/632
f 652/652/604 681/681/633 679/679/631
f 653/653/605 682/682/634 647/647/599
f 664/664/616 683/683/635 681/681/633
f 647/647/599 684/684/636 655/655/607
f 651/651/603 672/672/624 683/683/635
f 655/655/607 673/673/625 656/656/608
f 634/634/586 685/685/637 686/686/638
f 620/620/572 687/687/639 632/632/584
f 622/622/574 686/686/638 688/688/640
f 619/619/571 689/689/641 620/620/572
f 625/625/577 688/688/640 690/690/642
f 626/626/578 691/691/643 619/619/571
f 626/626/578 690/690/642 692/692/644
f 636/636/588 693/693/645 639/639/591
f 639/639/591 694/694/646 640/640/592
f 629/629/581 695/695/647 636/636/588
f 640/640/592 696/696/648 631/631/583
f 629/629/581 697/697/649 698/698/650
f 631/631/583 685/685/637 616/616/568
f 632/632/584 697/697/649 628/628/580
f 685/685/637 696/696/648 699/699/651
f 697/697/649 687/687/639 699/699/651
f 686/686/638 685/685/637 699/699/651
f 687/687/639 689/689/641 699/699/651
f 688/688/640 686/686/638 699/699/651
f 689/689/641 691/691/643 699/699/651
f 690/690/642 688/688/640 699/699/651
f 691/691/643 692/692/644 699/699/651
f 692/692/644 690/690/642 699/699/651
f 693/693/645 695/695/647 699/699/651
f 694/694/646 693/693/645 699/699/651
f 695/695/647 698/698/650 699/699/651
f 696/696/648 694/694/646 699/699/651
f 698/698/650 697/697/649 699/699/651
f 681/681/633 683/683/635 700/700/652
f 684/684/636 682/682/634 700/700/652
f 683/683/635 672/672/624 700/700/652
f 673/673/625 684/684/636 700/700/652
f 672/672/624 671/671/623 700/700/652
f 674/674/626 673/673/625 700/700/652
f 671/671/623 676/676/628 700/700/652
f 675/675/627 674/674/626 700/700/652
f 676/676/628 678/678/630 700/700/652
f 677/677/629 675/675/627 700/700/652
f 678/678/630 677/677/629 700/700/652
f 680/680/632 679/679/631 700/700/652
f 679/679/631 681/681/633 700/700/652
f 682/682/634 680/680/632 700/700/652
f 701/701/589 394/394/374 702/702/653
f 702/702/653 395/395/375 703/703/654
f 704/704/655 395/395/375 392/392/372
f 705/705/656 392/392/372 390/390/370
f 706/706/657 390/390/370 388/388/368
f 707/707/658 388/388/368 386/386/366
f 708/708/659 386/386/366 383/383/363
f 13/13/13 709/709/589 710/710/660
f 711/711/661 13/13/13 710/710/660
f 712/712/662 11/11/11 711/711/661
f 713/713/663 9/9/9 712/712/662
f 714/714/664 7/7/7 713/713/663
f 715/715/665 5/5/5 714/714/664
f 716/716/590 3/3/3 715/715/665
f 717/717/666 279/279/273 718/718/667
f 719/719/601 279/279/273 276/276/271
f 720/720/668 276/276/271 274/274/269
f 721/721/669 274/274/269 272/272/267
f 722/722/670 272/272/267 270/270/265
f 723/723/614 270/270/265 268/268/263
f 724/724/671 268/268/263 265/265/260
f 131/131/131 725/725/666 726/726/672
f 130/130/130 726/726/672 727/727/600
f 728/728/673 130/130/130 727/727/600
f 729/729/606 128/128/128 728/728/673
f 730/730/674 126/126/126 729/729/606
f 731/731/675 124/124/124 730/730/674
f 732/732/676 122/122/122 731/731/675
f 733/733/677 734/734/678 735/735/679
f 735/735/679 736/736/680 733/733/677
f 737/737/681 735/735/679 734/734/678
f 734/734/678 738/738/682 737/737/681
f 739/739/683 737/737/681 738/738/682
f 738/738/682 740/740/684 739/739/683
f 741/741/685 739/739/683 742/742/686
f 742/742/686 739/739/683 740/740/684
f 742/742/686 743/743/687 741/741/685
f 744/744/688 745/745/689 743/743/687
f 743/743/687 742/742/686 744/744/688
f 746/746/690 744/744/688 747/747/691
f 748/748/692 747/747/691 744/744/688
f 744/744/688 742/742/686 748/748/692
f 747/747/691 748/748/692 749/749/693
f 749/749/693 750/750/694 747/747/691
f 747/747/691 750/750/694 751/751/695
f 747/747/691 752/752/696 746/746/690
f 751/751/695 752/752/696 747/747/691
f 751/751/695 753/753/697 754/754/698
f 754/754/698 752/752/696 751/751/695
f 753/753/697 751/751/695 755/755/699
f 755/755/699 751/751/695 750/750/694
f 750/750/694 756/756/700 755/755/699
f 757/757/701 755/755/699 756/756/700
f 755/755/699 758/758/702 753/753/697
f 759/759/703 758/758/702 755/755/699
f 755/755/699 757/757/701 759/759/703
f 760/760/704 761/761/705 759/759/703
f 759/759/703 762/762/706 760/760/704
f 762/762/706 759/759/703 757/757/701
f 758/758/702 759/759/703 761/761/705
f 763/763/707 764/764/708 761/761/705
f 761/761/705 760/760/704 763/763/707
f 765/765/709 761/761/705 764/764/708
f 761/761/705 765/765/709 758/758/702
f 764/764/708 766/766/710 765/765/709
f 766/766/710 764/764/708 767/767/711
f 768/768/712 767/767/711 764/764/708
f 764/764/708 763/763/707 768/768/712
f 769/769/713 768/768/712 763/763/707
f 770/770/714 771/771/715 768/768/712
f 767/767/711 768/768/712 771/771/715
f 768/768/712 769/769/713 770/770/714
f 772/772/716 773/773/717 770/770/714
f 770/770/714 769/769/713 772/772/716
f 774/774/718 771/771/715 770/770/714
f 770/770/714 773/773/717 775/775/719
f 770/770/714 776/776/720 774/774/718
f 775/775/719 776/776/720 770/770/714
f 777/777/721 776/776/720 775/775/719
f 775/775/719 778/778/722 777/777/721
f 778/778/722 775/775/719 779/779/723
f 779/779/723 775/775/719 773/773/717
f 780/780/724 781/781/725 779/779/723
f 779/779/723 773/773/717 780/780/724
f 779/779/723 781/781/725 782/782/726
f 779/779/723 783/783/727 778/778/722
f 782/782/726 783/783/727 779/779/723
f 784/784/728 782/782/726 781/781/725
f 785/785/729 782/782/726 784/784/728
f 783/783/727 782/782/726 785/785/729
f 784/784/728 786/786/730 785/785/729
f 787/787/731 785/785/729 786/786/730
f 786/786/730 788/788/732 787/787/731
f 787/787/731 788/788/732 789/789/733
f 789/789/733 790/790/734 787/787/731
f 790/790/734 791/791/735 792/792/736
f 792/792/736 787/787/731 790/790/734
f 793/793/737 792/792/736 791/791/735
f 787/787/731 792/792/736 794/794/738
f 795/795/739 794/794/738 792/792/736
f 792/792/736 793/793/737 795/795/739
f 795/795/739 793/793/737 796/796/740
f 797/797/741 796/796/740 793/793/737
f 793/793/737 798/798/742 797/797/741
f 791/791/735 798/798/742 793/793/737
f 797/797/741 799/799/743 796/796/740
f 796/796/740 799/799/743 800/800/744
f 800/800/744 801/801/745 796/796/740
f 801/801/745 800/800/744 802/802/746
f 802/802/746 803/803/747 801/801/745
f 803/803/747 802/802/746 804/804/748
f 805/805/749 803/803/747 806/806/750
f 804/804/748 806/806/750 803/803/747
f 803/803/747 805/805/749 807/807/751
f 807/807/751 801/801/745 803/803/747
f 807/807/751 805/805/749 808/808/752
f 808/808/752 809/809/753 807/807/751
f 807/807/751 809/809/753 810/810/754
f 810/810/754 811/811/755 807/807/751
f 807/807/751 811/811/755 801/801/745
f 811/811/755 810/810/754 777/777/721
f 777/777/721 812/812/756 811/811/755
f 801/801/745 811/811/755 812/812/756
f 812/812/756 777/777/721 778/778/722
f 778/778/722 795/795/739 812/812/756
f 812/812/756 796/796/740 801/801/745
f 796/796/740 812/812/756 795/795/739
f 810/810/754 809/809/753 774/774/718
f 777/777/721 810/810/754 776/776/720
f 774/774/718 776/776/720 810/810/754
f 813/813/757 774/774/718 809/809/753
f 809/809/753 808/808/752 813/813/757
f 814/814/758 813/813/757 808/808/752
f 813/813/757 814/814/758 815/815/759
f 813/813/757 815/815/759 771/771/715
f 771/771/715 774/774/718 813/813/757
f 816/816/760 815/815/759 814/814/758
f 815/815/759 816/816/760 817/817/761
f 817/817/761 767/767/711 815/815/759
f 771/771/715 815/815/759 767/767/711
f 817/817/761 818/818/762 819/819/763
f 818/818/762 817/817/761 816/816/760
f 767/767/711 817/817/761 766/766/710
f 819/819/763 766/766/710 817/817/761
f 766/766/710 819/819/763 820/820/764
f 820/820/764 819/819/763 821/821/765
f 822/822/766 821/821/765 819/819/763
f 822/822/766 819/819/763 818/818/762
f 823/823/767 824/824/768 822/822/766
f 821/821/765 822/822/766 824/824/768
f 822/822/766 825/825/769 823/823/767
f 818/818/762 825/825/769 822/822/766
f 826/826/770 823/823/767 825/825/769
f 825/825/769 827/827/771 826/826/770
f 825/825/769 818/818/762 828/828/772
f 828/828/772 827/827/771 825/825/769
f 816/816/760 828/828/772 818/818/762
f 829/829/773 827/827/771 828/828/772
f 828/828/772 830/830/774 829/829/773
f 831/831/775 830/830/774 828/828/772
f 828/828/772 816/816/760 831/831/775
f 831/831/775 832/832/776 833/833/777
f 833/833/777 830/830/774 831/831/775
f 832/832/776 831/831/775 814/814/758
f 814/814/758 831/831/775 816/816/760
f 834/834/778 833/833/777 832/832/776
f 832/832/776 835/835/779 834/834/778
f 835/835/779 832/832/776 836/836/780
f 814/814/758 836/836/780 832/832/776
f 836/836/780 837/837/781 835/835/779
f 837/837/781 836/836/780 808/808/752
f 808/808/752 836/836/780 814/814/758
f 835/835/779 837/837/781 806/806/750
f 808/808/752 805/805/749 837/837/781
f 806/806/750 837/837/781 805/805/749
f 806/806/750 838/838/782 835/835/779
f 835/835/779 838/838/782 839/839/783
f 839/839/783 834/834/778 835/835/779
f 834/834/778 839/839/783 840/840/784
f 841/841/785 840/840/784 839/839/783
f 839/839/783 842/842/786 841/841/785
f 842/842/786 839/839/783 838/838/782
f 838/838/782 843/843/787 842/842/786
f 843/843/787 838/838/782 806/806/750
f 806/806/750 804/804/748 843/843/787
f 840/840/784 844/844/788 834/834/778
f 833/833/777 834/834/778 844/844/788
f 844/844/788 845/845/789 833/833/777
f 845/845/789 829/829/773 830/830/774
f 830/830/774 833/833/777 845/845/789
f 827/827/771 829/829/773 846/846/790
f 846/846/790 826/826/770 827/827/771
f 824/824/768 847/847/791 821/821/765
f 847/847/791 824/824/768 848/848/792
f 848/848/792 849/849/793 847/847/791
f 847/847/791 850/850/794 851/851/795
f 851/851/795 821/821/765 847/847/791
f 820/820/764 851/851/795 754/754/698
f 754/754/698 851/851/795 850/850/794
f 821/821/765 851/851/795 820/820/764
f 850/850/794 852/852/796 754/754/698
f 852/852/796 746/746/690 752/752/696
f 746/746/690 852/852/796 853/853/797
f 752/752/696 754/754/698 852/852/796
f 853/853/797 854/854/798 746/746/690
f 754/754/698 753/753/697 820/820/764
f 820/820/764 765/765/709 766/766/710
f 765/765/709 820/820/764 753/753/697
f 783/783/727 794/794/738 795/795/739
f 795/795/739 778/778/722 783/783/727
f 785/785/729 794/794/738 783/783/727
f 794/794/738 785/785/729 787/787/731
f 772/772/716 855/855/799 780/780/724
f 780/780/724 773/773/717 772/772/716
f 855/855/799 772/772/716 856/856/800
f 856/856/800 857/857/801 855/855/799
f 858/858/802 859/859/803 856/856/800
f 857/857/801 856/856/800 859/859/803
f 856/856/800 860/860/804 858/858/802
f 860/860/804 856/856/800 772/772/716
f 760/760/704 858/858/802 860/860/804
f 772/772/716 769/769/713 860/860/804
f 860/860/804 763/763/707 760/760/704
f 763/763/707 860/860/804 769/769/713
f 858/858/802 760/760/704 762/762/706
f 762/762/706 861/861/805 858/858/802
f 859/859/803 858/858/802 861/861/805
f 861/861/805 762/762/706 862/862/806
f 862/862/806 863/863/807 861/861/805
f 861/861/805 864/864/808 859/859/803
f 864/864/808 861/861/805 863/863/807
f 863/863/807 865/865/809 864/864/808
f 865/865/809 863/863/807 866/866/810
f 863/863/807 862/862/806 867/867/811
f 867/867/811 866/866/810 863/863/807
f 868/868/812 869/869/813 866/866/810
f 870/870/814 866/866/810 869/869/813
f 866/866/810 870/870/814 865/865/809
f 866/866/810 867/867/811 868/868/812
f 870/870/814 871/871/815 872/872/816
f 871/871/815 870/870/814 873/873/817
f 869/869/813 874/874/818 870/870/814
f 874/874/818 873/873/817 870/870/814
f 872/872/816 865/865/809 870/870/814
f 875/875/819 876/876/820 873/873/817
f 877/877/821 873/873/817 876/876/820
f 873/873/817 877/877/821 871/871/815
f 873/873/817 874/874/818 875/875/819
f 878/878/822 879/879/823 875/875/819
f 876/876/820 875/875/819 879/879/823
f 875/875/819 880/880/824 878/878/822
f 880/880/824 875/875/819 874/874/818
f 881/881/825 878/878/822 880/880/824
f 880/880/824 882/882/826 881/881/825
f 874/874/818 869/869/813 880/880/824
f 882/882/826 880/880/824 869/869/813
f 869/869/813 868/868/812 882/882/826
f 881/881/825 882/882/826 883/883/827
f 883/883/827 882/882/826 868/868/812
f 883/883/827 884/884/828 881/881/825
f 868/868/812 885/885/829 883/883/827
f 884/884/828 883/883/827 886/886/830
f 886/886/830 883/883/827 885/885/829
f 885/885/829 887/887/831 886/886/830
f 867/867/811 888/888/832 885/885/829
f 885/885/829 868/868/812 867/867/811
f 887/887/831 885/885/829 888/888/832
f 888/888/832 867/867/811 862/862/806
f 888/888/832 756/756/700 887/887/831
f 862/862/806 757/757/701 888/888/832
f 756/756/700 888/888/832 757/757/701
f 889/889/833 886/886/830 887/887/831
f 887/887/831 749/749/693 889/889/833
f 749/749/693 887/887/831 756/756/700
f 889/889/833 890/890/834 891/891/835
f 891/891/835 886/886/830 889/889/833
f 889/889/833 749/749/693 748/748/692
f 748/748/692 740/740/684 889/889/833
f 890/890/834 889/889/833 740/740/684
f 891/891/835 890/890/834 892/892/836
f 892/892/836 890/890/834 738/738/682
f 740/740/684 738/738/682 890/890/834
f 892/892/836 893/893/837 894/894/838
f 892/892/836 895/895/839 893/893/837
f 894/894/838 896/896/840 892/892/836
f 892/892/836 896/896/840 891/891/835
f 738/738/682 734/734/678 892/892/836
f 895/895/839 892/892/836 734/734/678
f 734/734/678 897/897/841 895/895/839
f 896/896/840 894/894/838 898/898/842
f 898/898/842 899/899/843 896/896/840
f 900/900/844 891/891/835 896/896/840
f 896/896/840 899/899/843 900/900/844
f 891/891/835 900/900/844 884/884/828
f 901/901/845 900/900/844 899/899/843
f 900/900/844 901/901/845 902/902/846
f 900/900/844 902/902/846 881/881/825
f 881/881/825 884/884/828 900/900/844
f 902/902/846 903/903/847 878/878/822
f 904/904/848 903/903/847 902/902/846
f 902/902/846 901/901/845 904/904/848
f 878/878/822 881/881/825 902/902/846
f 904/904/848 905/905/849 906/906/850
f 905/905/849 904/904/848 901/901/845
f 906/906/850 907/907/851 904/904/848
f 903/903/847 904/904/848 907/907/851
f 907/907/851 906/906/850 908/908/852
f 908/908/852 909/909/853 907/907/851
f 907/907/851 909/909/853 910/910/854
f 910/910/854 911/911/855 907/907/851
f 907/907/851 911/911/855 903/903/847
f 911/911/855 910/910/854 912/912/856
f 912/912/856 879/879/823 911/911/855
f 903/903/847 911/911/855 879/879/823
f 879/879/823 912/912/856 876/876/820
f 913/913/857 876/876/820 912/912/856
f 912/912/856 914/914/858 913/913/857
f 876/876/820 913/913/857 877/877/821
f 910/910/854 909/909/853 915/915/859
f 915/915/859 916/916/860 910/910/854
f 910/910/854 916/916/860 914/914/858
f 914/914/858 912/912/856 910/910/854
f 915/915/859 909/909/853 908/908/852
f 908/908/852 917/917/861 918/918/862
f 908/908/852 906/906/850 917/917/861
f 918/918/862 919/919/863 908/908/852
f 917/917/861 906/906/850 905/905/849
f 905/905/849 920/920/864 917/917/861
f 921/921/865 922/922/866 920/920/864
f 920/920/864 905/905/849 921/921/865
f 899/899/843 921/921/865 901/901/845
f 922/922/866 921/921/865 899/899/843
f 901/901/845 921/921/865 905/905/849
f 899/899/843 898/898/842 922/922/866
f 879/879/823 878/878/822 903/903/847
f 884/884/828 886/886/830 891/891/835
f 865/865/809 872/872/816 923/923/867
f 923/923/867 864/864/808 865/865/809
f 864/864/808 923/923/867 924/924/868
f 924/924/868 859/859/803 864/864/808
f 859/859/803 924/924/868 857/857/801
f 757/757/701 862/862/806 762/762/706
f 753/753/697 758/758/702 765/765/709
f 756/756/700 750/750/694 749/749/693
f 740/740/684 748/748/692 742/742/686
f 733/733/677 897/897/841 734/734/678
f 736/736/680 735/735/679 925/925/869
f 925/925/869 926/926/870 736/736/680
f 927/927/871 925/925/869 735/735/679
f 928/928/858 927/927/871 737/737/681
f 735/735/679 737/737/681 927/927/871
f 737/737/681 739/739/683 928/928/858
f 928/928/858 739/739/683 741/741/685
f 741/741/685 929/929/872 928/928/858
f 929/929/872 741/741/685 743/743/687
f 743/743/687 930/930/873 929/929/872
f 930/930/873 743/743/687 745/745/689
f 745/745/689 931/931/874 930/930/873
f 931/931/874 745/745/689 854/854/798
f 854/854/798 932/932/875 931/931/874
f 933/933/876 932/932/875 854/854/798
f 933/933/876 934/934/867 932/932/875
f 935/935/868 934/934/867 933/933/876
f 935/935/868 849/849/793 848/848/792
f 933/933/876 849/849/793 935/935/868
f 848/848/792 936/936/877 935/935/868
f 937/937/878 938/938/879 936/936/877
f 936/936/877 848/848/792 937/937/878
f 939/939/724 938/938/879 937/937/878
f 937/937/878 940/940/880 939/939/724
f 941/941/881 939/939/724 940/940/880
f 942/942/728 941/941/881 943/943/882
f 940/940/880 943/943/882 941/941/881
f 943/943/882 944/944/883 942/942/728
f 945/945/884 942/942/728 944/944/883
f 944/944/883 946/946/885 945/945/884
f 947/947/732 945/945/884 946/946/885
f 946/946/885 948/948/886 947/947/732
f 949/949/733 947/947/732 948/948/886
f 948/948/886 950/950/887 949/949/733
f 950/950/887 948/948/886 951/951/888
f 951/951/888 952/952/889 950/950/887
f 952/952/889 951/951/888 840/840/784
f 840/840/784 841/841/785 952/952/889
f 844/844/788 840/840/784 951/951/888
f 845/845/789 844/844/788 953/953/890
f 951/951/888 953/953/890 844/844/788
f 953/953/890 954/954/891 845/845/789
f 948/948/886 946/946/885 953/953/890
f 954/954/891 953/953/890 946/946/885
f 953/953/890 951/951/888 948/948/886
f 954/954/891 846/846/790 829/829/773
f 846/846/790 954/954/891 944/944/883
f 946/946/885 944/944/883 954/954/891
f 829/829/773 845/845/789 954/954/891
f 944/944/883 943/943/882 846/846/790
f 826/826/770 846/846/790 943/943/882
f 823/823/767 826/826/770 940/940/880
f 943/943/882 940/940/880 826/826/770
f 940/940/880 937/937/878 823/823/767
f 824/824/768 823/823/767 937/937/878
f 937/937/878 848/848/792 824/824/768
f 849/849/793 955/955/892 850/850/794
f 955/955/892 849/849/793 933/933/876
f 850/850/794 847/847/791 849/849/793
f 852/852/796 850/850/794 955/955/892
f 955/955/892 853/853/797 852/852/796
f 933/933/876 853/853/797 955/955/892
f 854/854/798 853/853/797 933/933/876
f 854/854/798 745/745/689 744/744/688
f 744/744/688 746/746/690 854/854/798
f 956/956/893 957/957/894 958/958/895
f 958/958/895 959/959/896 956/956/893
f 960/960/897 961/961/898 956/956/893
f 956/956/893 962/962/899 960/960/897
f 963/963/900 964/964/901 961/961/898
f 961/961/898 960/960/897 963/963/900
f 965/965/902 964/964/901 963/963/900
f 963/963/900 966/966/903 965/965/902
f 967/967/904 965/965/902 966/966/903
f 966/966/903 968/968/905 967/967/904
f 969/969/906 967/967/904 968/968/905
f 968/968/905 970/970/907 969/969/906
f 971/971/908 969/969/906 970/970/907
f 972/972/909 969/969/906 971/971/908
f 971/971/908 973/973/910 972/972/909
f 970/970/907 974/974/911 971/971/908
f 971/971/908 974/974/911 975/975/912
f 975/975/912 976/976/913 971/971/908
f 977/977/914 976/976/913 975/975/912
f 978/978/915 976/976/913 977/977/914
f 977/977/914 979/979/916 978/978/915
f 979/979/916 977/977/914 980/980/917
f 980/980/917 981/981/918 979/979/916
f 982/982/919 980/980/917 983/983/920
f 983/983/920 980/980/917 975/975/912
f 975/975/912 980/980/917 977/977/914
f 983/983/920 984/984/921 982/982/919
f 985/985/922 982/982/919 984/984/921
f 986/986/923 982/982/919 985/985/922
f 985/985/922 987/987/924 986/986/923
f 987/987/924 985/985/922 988/988/925
f 988/988/925 989/989/926 987/987/924
f 989/989/926 988/988/925 990/990/927
f 990/990/927 991/991/928 989/989/926
f 991/991/928 990/990/927 992/992/929
f 992/992/929 993/993/930 991/991/928
f 994/994/931 991/991/928 993/993/930
f 993/993/930 995/995/932 994/994/931
f 995/995/932 993/993/930 996/996/933
f 996/996/933 997/997/934 995/995/932
f 997/997/934 996/996/933 998/998/935
f 998/998/935 999/999/936 997/997/934
f 1000/1000/937 1001/1001/938 999/999/936
f 999/999/936 998/998/935 1000/1000/937
f 1002/1002/939 1000/1000/937 998/998/935
f 998/998/935 1003/1003/940 1002/1002/939
f 1004/1004/941 1002/1002/939 1003/1003/940
f 1003/1003/940 1005/1005/942 1004/1004/941
f 1005/1005/942 1003/1003/940 1006/1006/943
f 1006/1006/943 1007/1007/944 1005/1005/942
f 992/992/929 1008/1008/945 1007/1007/944
f 1007/1007/944 1006/1006/943 992/992/929
f 1008/1008/945 992/992/929 990/990/927
f 990/990/927 1009/1009/946 1008/1008/945
f 988/988/925 1010/1010/947 1009/1009/946
f 1009/1009/946 990/990/927 988/988/925
f 1010/1010/947 988/988/925 985/985/922
f 985/985/922 1011/1011/948 1010/1010/947
f 984/984/921 1011/1011/948 985/985/922
f 996/996/933 1006/1006/943 1003/1003/940
f 1006/1006/943 996/996/933 993/993/930
f 993/993/930 992/992/929 1006/1006/943
f 1003/1003/940 998/998/935 996/996/933
f 975/975/912 1012/1012/949 983/983/920
f 975/975/912 974/974/911 1012/1012/949
f 976/976/913 978/978/915 973/973/910
f 973/973/910 971/971/908 976/976/913
f 1013/1013/950 973/973/910 978/978/915
f 973/973/910 1013/1013/950 1014/1014/951
f 1014/1014/951 972/972/909 973/973/910
f 972/972/909 1014/1014/951 1015/1015/952
f 972/972/909 1016/1016/953 967/967/904
f 967/967/904 969/969/906 972/972/909
f 1015/1015/952 1016/1016/953 972/972/909
f 1015/1015/952 1017/1017/954 1018/1018/955
f 1018/1018/955 1019/1019/956 1015/1015/952
f 1016/1016/953 1015/1015/952 1019/1019/956
f 1017/1017/954 1015/1015/952 1014/1014/951
f 1020/1020/957 1021/1021/958 1019/1019/956
f 964/964/901 1019/1019/956 1021/1021/958
f 1019/1019/956 964/964/901 1016/1016/953
f 1019/1019/956 1018/1018/955 1020/1020/957
f 1022/1022/959 1020/1020/957 1023/1023/960
f 1021/1021/958 1020/1020/957 1022/1022/959
f 1023/1023/960 1020/1020/957 1018/1018/955
f 1023/1023/960 1024/1024/961 1022/1022/959
f 1024/1024/961 1023/1023/960 1025/1025/962
f 1025/1025/962 1023/1023/960 1026/1026/963
f 1018/1018/955 1026/1026/963 1023/1023/960
f 1027/1027/964 1026/1026/963 1018/1018/955
f 1026/1026/963 1028/1028/965 1025/1025/962
f 1026/1026/963 1027/1027/964 1029/1029/966
f 1029/1029/966 1030/1030/967 1026/1026/963
f 1026/1026/963 1030/1030/967 1028/1028/965
f 1030/1030/967 1029/1029/966 1031/1031/968
f 1032/1032/969 1028/1028/965 1030/1030/967
f 1030/1030/967 1033/1033/970 1032/1032/969
f 1031/1031/968 1033/1033/970 1030/1030/967
f 1034/1034/971 1031/1031/968 1029/1029/966
f 1031/1031/968 1034/1034/971 1035/1035/972
f 1035/1035/972 1036/1036/973 1031/1031/968
f 1033/1033/970 1031/1031/968 1036/1036/973
f 1037/1037/974 1036/1036/973 1038/1038/975
f 1039/1039/976 1038/1038/975 1036/1036/973
f 1036/1036/973 1037/1037/974 1033/1033/970
f 1036/1036/973 1035/1035/972 1039/1039/976
f 1040/1040/977 1039/1039/976 1035/1035/972
f 1039/1039/976 1040/1040/977 1041/1041/978
f 1041/1041/978 1042/1042/979 1039/1039/976
f 1043/1043/980 1039/1039/976 1042/1042/979
f 1038/1038/975 1039/1039/976 1043/1043/980
f 1042/1042/979 1044/1044/905 1043/1043/980
f 1045/1045/981 1043/1043/980 1044/1044/905
f 1046/1046/982 1038/1038/975 1043/1043/980
f 1043/1043/980 1045/1045/981 1046/1046/982
f 1038/1038/975 1046/1046/982 1037/1037/974
f 1047/1047/983 1046/1046/982 1045/1045/981
f 1048/1048/984 1037/1037/974 1046/1046/982
f 1046/1046/982 1047/1047/983 1048/1048/984
f 1049/1049/985 1048/1048/984 1047/1047/983
f 1048/1048/984 1049/1049/985 1050/1050/986
f 1037/1037/974 1048/1048/984 1032/1032/969
f 1050/1050/986 1032/1032/969 1048/1048/984
f 1050/1050/986 1049/1049/985 1051/1051/987
f 1051/1051/987 1052/1052/988 1050/1050/986
f 1052/1052/988 1025/1025/962 1050/1050/986
f 1032/1032/969 1050/1050/986 1025/1025/962
f 1052/1052/988 1051/1051/987 1053/1053/989
f 1052/1052/988 1054/1054/990 1055/1055/991
f 1053/1053/989 1054/1054/990 1052/1052/988
f 1055/1055/991 1025/1025/962 1052/1052/988
f 1056/1056/992 1057/1057/993 1053/1053/989
f 1053/1053/989 1058/1058/994 1056/1056/992
f 1058/1058/994 1053/1053/989 1051/1051/987
f 1054/1054/990 1053/1053/989 1057/1057/993
f 1057/1057/993 1059/1059/995 1054/1054/990
f 1055/1055/991 1054/1054/990 1059/1059/995
f 1059/1059/995 1060/1060/996 1055/1055/991
f 1024/1024/961 1055/1055/991 1060/1060/996
f 1060/1060/996 1061/1061/997 1024/1024/961
f 1022/1022/959 1024/1024/961 1061/1061/997
f 1061/1061/997 1062/1062/998 1022/1022/959
f 1022/1022/959 1062/1062/998 1063/1063/999
f 957/957/894 1022/1022/959 1063/1063/999
f 1063/1063/999 1064/1064/1000 957/957/894
f 957/957/894 1064/1064/1000 958/958/895
f 1022/1022/959 957/957/894 1021/1021/958
f 961/961/898 1021/1021/958 957/957/894
f 957/957/894 956/956/893 961/961/898
f 1021/1021/958 961/961/898 964/964/901
f 1065/1065/1001 1058/1058/994 1066/1066/1002
f 1056/1056/992 1058/1058/994 1065/1065/1001
f 1051/1051/987 1066/1066/1002 1058/1058/994
f 1066/1066/1002 1067/1067/1003 1065/1065/1001
f 1067/1067/1003 1066/1066/1002 1068/1068/1004
f 1066/1066/1002 1051/1051/987 1049/1049/985
f 1049/1049/985 1068/1068/1004 1066/1066/1002
f 1047/1047/983 1068/1068/1004 1049/1049/985
f 1068/1068/1004 1047/1047/983 1069/1069/1005
f 1068/1068/1004 1070/1070/1006 1067/1067/1003
f 1069/1069/1005 1070/1070/1006 1068/1068/1004
f 1045/1045/981 1069/1069/1005 1047/1047/983
f 1069/1069/1005 1045/1045/981 1071/1071/1007
f 1071/1071/1007 1072/1072/1008 1069/1069/1005
f 1069/1069/1005 1072/1072/1008 1073/1073/1009
f 1073/1073/1009 1070/1070/1006 1069/1069/1005
f 1070/1070/1006 1073/1073/1009 1074/1074/1010
f 1074/1074/1010 1067/1067/1003 1070/1070/1006
f 1075/1075/1011 1076/1076/1012 1074/1074/1010
f 1074/1074/1010 1077/1077/893 1075/1075/1011
f 1065/1065/1001 1074/1074/1010 1076/1076/1012
f 1074/1074/1010 1065/1065/1001 1067/1067/1003
f 1076/1076/1012 1056/1056/992 1065/1065/1001
f 1044/1044/905 1071/1071/1007 1045/1045/981
f 1025/1025/962 1055/1055/991 1024/1024/961
f 1078/1078/949 1041/1041/978 1040/1040/977
f 1079/1079/1013 1078/1078/949 1080/1080/1014
f 1040/1040/977 1080/1080/1014 1078/1078/949
f 1081/1081/1015 1082/1082/1016 1080/1080/1014
f 1083/1083/1017 1080/1080/1014 1082/1082/1016
f 1080/1080/1014 1083/1083/1017 1079/1079/1013
f 1080/1080/1014 1040/1040/977 1081/1081/1015
f 1034/1034/971 1084/1084/1018 1081/1081/1015
f 1082/1082/1016 1081/1081/1015 1084/1084/1018
f 1035/1035/972 1081/1081/1015 1040/1040/977
f 1081/1081/1015 1035/1035/972 1034/1034/971
f 1084/1084/1018 1085/1085/1019 1082/1082/1016
f 1084/1084/1018 1034/1034/971 1086/1086/1020
f 1086/1086/1020 1087/1087/1021 1084/1084/1018
f 1085/1085/1019 1084/1084/1018 1087/1087/1021
f 1087/1087/1021 1086/1086/1020 1088/1088/1022
f 1027/1027/964 1088/1088/1022 1086/1086/1020
f 1029/1029/966 1086/1086/1020 1034/1034/971
f 1086/1086/1020 1029/1029/966 1027/1027/964
f 1088/1088/1022 1089/1089/1023 1087/1087/1021
f 1089/1089/1023 1088/1088/1022 1090/1090/1024
f 1017/1017/954 1090/1090/1024 1088/1088/1022
f 1088/1088/1022 1027/1027/964 1017/1017/954
f 1090/1090/1024 1091/1091/1025 1089/1089/1023
f 1091/1091/1025 1090/1090/1024 1014/1014/951
f 1014/1014/951 1090/1090/1024 1017/1017/954
f 1089/1089/1023 1091/1091/1025 1092/1092/1026
f 1014/1014/951 1013/1013/950 1091/1091/1025
f 1091/1091/1025 1013/1013/950 1093/1093/1027
f 1093/1093/1027 1092/1092/1026 1091/1091/1025
f 1094/1094/1028 1095/1095/1029 1092/1092/1026
f 1092/1092/1026 1096/1096/1030 1094/1094/1028
f 1096/1096/1030 1092/1092/1026 1093/1093/1027
f 1092/1092/1026 1095/1095/1029 1089/1089/1023
f 1095/1095/1029 1094/1094/1028 1097/1097/1031
f 1097/1097/1031 1098/1098/1032 1095/1095/1029
f 1089/1089/1023 1095/1095/1029 1098/1098/1032
f 1099/1099/1033 1085/1085/1019 1098/1098/1032
f 1098/1098/1032 1097/1097/1031 1099/1099/1033
f 1098/1098/1032 1087/1087/1021 1089/1089/1023
f 1087/1087/1021 1098/1098/1032 1085/1085/1019
f 1100/1100/1034 1099/1099/1033 1097/1097/1031
f 1099/1099/1033 1100/1100/1034 1101/1101/1035
f 1085/1085/1019 1099/1099/1033 1102/1102/1036
f 1101/1101/1035 1102/1102/1036 1099/1099/1033
f 1103/1103/1037 1104/1104/1038 1101/1101/1035
f 1101/1101/1035 1105/1105/1039 1103/1103/1037
f 1105/1105/1039 1101/1101/1035 1100/1100/1034
f 1102/1102/1036 1101/1101/1035 1104/1104/1038
f 1104/1104/1038 1103/1103/1037 1106/1106/1040
f 1106/1106/1040 1107/1107/1041 1104/1104/1038
f 1083/1083/1017 1104/1104/1038 1107/1107/1041
f 1104/1104/1038 1083/1083/1017 1102/1102/1036
f 1107/1107/1041 1079/1079/1013 1083/1083/1017
f 1108/1108/947 1106/1106/1040 1103/1103/1037
f 1109/1109/1042 1110/1110/1043 1108/1108/947
f 1108/1108/947 1111/1111/1044 1109/1109/1042
f 1103/1103/1037 1111/1111/1044 1108/1108/947
f 1112/1112/1045 1111/1111/1044 1103/1103/1037
f 1113/1113/1046 1111/1111/1044 1112/1112/1045
f 1109/1109/1042 1111/1111/1044 1113/1113/1046
f 1114/1114/1047 1115/1115/1048 1112/1112/1045
f 1112/1112/1045 1115/1115/1048 1116/1116/1049
f 1116/1116/1049 1117/1117/1050 1112/1112/1045
f 1112/1112/1045 1117/1117/1050 1113/1113/1046
f 1103/1103/1037 1105/1105/1039 1112/1112/1045
f 1112/1112/1045 1105/1105/1039 1114/1114/1047
f 1118/1118/1051 1119/1119/1052 1114/1114/1047
f 1115/1115/1048 1114/1114/1047 1119/1119/1052
f 1100/1100/1034 1114/1114/1047 1105/1105/1039
f 1114/1114/1047 1100/1100/1034 1118/1118/1051
f 1119/1119/1052 1118/1118/1051 1120/1120/1053
f 1097/1097/1031 1118/1118/1051 1100/1100/1034
f 1118/1118/1051 1097/1097/1031 1094/1094/1028
f 1094/1094/1028 1120/1120/1053 1118/1118/1051
f 1096/1096/1030 1121/1121/1054 1120/1120/1053
f 1122/1122/1055 1120/1120/1053 1121/1121/1054
f 1120/1120/1053 1094/1094/1028 1096/1096/1030
f 1120/1120/1053 1122/1122/1055 1119/1119/1052
f 1121/1121/1054 1123/1123/1056 1122/1122/1055
f 1124/1124/1057 1122/1122/1055 1123/1123/1056
f 1122/1122/1055 1124/1124/1057 1125/1125/1058
f 1125/1125/1058 1119/1119/1052 1122/1122/1055
f 1126/1126/1059 1125/1125/1058 1127/1127/1060
f 1127/1127/1060 1125/1125/1058 1124/1124/1057
f 1115/1115/1048 1125/1125/1058 1126/1126/1059
f 1119/1119/1052 1125/1125/1058 1115/1115/1048
f 1126/1126/1059 1128/1128/1061 1129/1129/1062
f 1128/1128/1061 1126/1126/1059 1127/1127/1060
f 1129/1129/1062 1116/1116/1049 1126/1126/1059
f 1126/1126/1059 1116/1116/1049 1115/1115/1048
f 1130/1130/1063 1129/1129/1062 1131/1131/1064
f 1131/1131/1064 1129/1129/1062 1128/1128/1061
f 1116/1116/1049 1129/1129/1062 1130/1130/1063
f 1131/1131/1064 1132/1132/1065 1130/1130/1063
f 1130/1130/1063 1117/1117/1050 1116/1116/1049
f 1133/1133/1066 1130/1130/1063 1132/1132/1065
f 1133/1133/1066 1117/1117/1050 1130/1130/1063
f 1132/1132/1065 1134/1134/1067 1133/1133/1066
f 1113/1113/1046 1117/1117/1050 1133/1133/1066
f 1135/1135/1068 1133/1133/1066 1134/1134/1067
f 1133/1133/1066 1135/1135/1068 1113/1113/1046
f 1134/1134/1067 1136/1136/1069 1135/1135/1068
f 1109/1109/1042 1113/1113/1046 1135/1135/1068
f 1137/1137/1070 1135/1135/1068 1136/1136/1069
f 1135/1135/1068 1137/1137/1070 1109/1109/1042
f 1138/1138/1071 1139/1139/1072 1137/1137/1070
f 1137/1137/1070 1140/1140/1073 1138/1138/1071
f 1109/1109/1042 1137/1137/1070 1139/1139/1072
f 1136/1136/1069 1140/1140/1073 1137/1137/1070
f 1140/1140/1073 1141/1141/1074 1142/1142/1075
f 1141/1141/1074 1140/1140/1073 1136/1136/1069
f 1142/1142/1075 1138/1138/1071 1140/1140/1073
f 1143/1143/1076 1142/1142/1075 1141/1141/1074
f 1142/1142/1075 1143/1143/1076 1144/1144/941
f 1144/1144/941 1145/1145/1077 1142/1142/1075
f 1142/1142/1075 1145/1145/1077 1146/1146/1078
f 1146/1146/1078 1138/1138/1071 1142/1142/1075
f 1138/1138/1071 1146/1146/1078 1147/1147/1079
f 1147/1147/1079 1139/1139/1072 1138/1138/1071
f 1147/1147/1079 1110/1110/1043 1139/1139/1072
f 1141/1141/1074 1148/791/1080 1143/1143/1076
f 1149/1148/1081 1150/1149/1082 1148/791/1080
f 1148/791/1080 1141/1141/1074 1149/1148/1081
f 1151/1150/1083 1149/1148/1081 1136/1136/1069
f 1149/1148/1081 1151/1150/1083 1152/1151/1084
f 1152/1151/1084 1150/1149/1082 1149/1148/1081
f 1136/1136/1069 1149/1148/1081 1141/1141/1074
f 1152/1151/1084 1151/1150/1083 1153/799/1085
f 1154/1152/1086 1153/799/1085 1151/1150/1083
f 1155/1153/1087 1154/1152/1086 1156/1154/1088
f 1151/1150/1083 1156/1154/1088 1154/1152/1086
f 1157/1155/1089 1156/1154/1088 1131/1131/1064
f 1156/1154/1088 1157/1155/1089 1155/1153/1087
f 1131/1131/1064 1156/1154/1088 1132/1132/1065
f 1134/1134/1067 1132/1132/1065 1156/1154/1088
f 1156/1154/1088 1151/1150/1083 1134/1134/1067
f 1158/1156/1090 1155/1153/1087 1157/1155/1089
f 1157/1155/1089 1159/1157/1091 1158/1156/1090
f 1131/1131/1064 1160/1158/1092 1157/1155/1089
f 1159/1157/1091 1157/1155/1089 1160/1158/1092
f 1159/1157/1091 1161/1159/1093 1162/1160/1094
f 1162/1160/1094 1163/1161/1095 1159/1157/1091
f 1159/1157/1091 1163/1161/1095 1164/1162/1096
f 1164/1162/1096 1158/1156/1090 1159/1157/1091
f 1160/1158/1092 1161/1159/1093 1159/1157/1091
f 1128/1128/1061 1165/1163/1097 1161/1159/1093
f 1162/1160/1094 1161/1159/1093 1165/1163/1097
f 1161/1159/1093 1160/1158/1092 1128/1128/1061
f 1166/1164/1098 1165/1163/1097 1127/1127/1060
f 1165/1163/1097 1166/1164/1098 1162/1160/1094
f 1127/1127/1060 1165/1163/1097 1128/1128/1061
f 1167/1165/1099 1162/1160/1094 1166/1164/1098
f 1127/1127/1060 1168/1166/1100 1166/1164/1098
f 1166/1164/1098 1169/1167/1101 1167/1165/1099
f 1169/1167/1101 1166/1164/1098 1168/1166/1100
f 997/997/934 1167/1165/1099 1169/1167/1101
f 1167/1165/1099 997/997/934 999/999/936
f 999/999/936 1170/1168/1102 1167/1165/1099
f 1162/1160/1094 1167/1165/1099 1170/1168/1102
f 1001/1001/938 1171/1169/1103 1170/1168/1102
f 1170/1168/1102 999/999/936 1001/1001/938
f 1163/1161/1095 1170/1168/1102 1171/1169/1103
f 1170/1168/1102 1163/1161/1095 1162/1160/1094
f 1171/1169/1103 1164/1162/1096 1163/1161/1095
f 1169/1167/1101 995/995/932 997/997/934
f 995/995/932 1169/1167/1101 1172/1170/1104
f 1172/1170/1104 994/994/931 995/995/932
f 1173/1171/1105 1174/1172/1106 994/994/931
f 991/991/928 994/994/931 1174/1172/1106
f 994/994/931 1172/1170/1104 1173/1171/1105
f 1173/1171/1105 1123/1123/1056 1175/1173/1107
f 1175/1173/1107 1174/1172/1106 1173/1171/1105
f 1123/1123/1056 1173/1171/1105 1124/1124/1057
f 1173/1171/1105 1172/1170/1104 1168/1166/1100
f 1168/1166/1100 1124/1124/1057 1173/1171/1105
f 989/989/926 1174/1172/1106 1175/1173/1107
f 1175/1173/1107 987/987/924 989/989/926
f 1176/1174/1108 1175/1173/1107 1123/1123/1056
f 987/987/924 1175/1173/1107 1176/1174/1108
f 1176/1174/1108 986/986/923 987/987/924
f 1177/1175/1109 981/981/918 986/986/923
f 982/982/919 986/986/923 981/981/918
f 986/986/923 1176/1174/1108 1177/1175/1109
f 981/981/918 1177/1175/1109 1178/1176/1110
f 1177/1175/1109 1121/1121/1054 1096/1096/1030
f 1096/1096/1030 1178/1176/1110 1177/1175/1109
f 1176/1174/1108 1121/1121/1054 1177/1175/1109
f 1093/1093/1027 1178/1176/1110 1096/1096/1030
f 979/979/916 1178/1176/1110 1093/1093/1027
f 1178/1176/1110 979/979/916 981/981/918
f 1093/1093/1027 978/978/915 979/979/916
f 981/981/918 980/980/917 982/982/919
f 1123/1123/1056 1121/1121/1054 1176/1174/1108
f 1174/1172/1106 989/989/926 991/991/928
f 1168/1166/1100 1172/1170/1104 1169/1167/1101
f 1124/1124/1057 1168/1166/1100 1127/1127/1060
f 1128/1128/1061 1160/1158/1092 1131/1131/1064
f 1136/1136/1069 1134/1134/1067 1151/1150/1083
f 1139/1139/1072 1110/1110/1043 1109/1109/1042
f 1082/1082/1016 1102/1102/1036 1083/1083/1017
f 1102/1102/1036 1082/1082/1016 1085/1085/1019
f 978/978/915 1093/1093/1027 1013/1013/950
f 1032/1032/969 1033/1033/970 1037/1037/974
f 1025/1025/962 1028/1028/965 1032/1032/969
f 1018/1018/955 1017/1017/954 1027/1027/964
f 1016/1016/953 964/964/901 965/965/902
f 965/965/902 967/967/904 1016/1016/953
f 1179/1177/1111 1180/1178/1112 1181/1177/1113
f 1182/1179/1114 1183/1180/1115 1184/1179/1116
f 1185/1181/1117 1179/1177/1111 1181/1177/1113
f 1186/1182/1118 1182/1179/1114 1184/1179/1116
f 1187/1183/1119 1188/1184/1120 1189/1184/1121
f 1190/1185/1122 1191/1181/1123 1185/1181/1117
f 1192/1186/1124 1193/1182/1125 1186/1182/1118
f 1194/1187/1126 1195/1188/1127 1196/1187/1128
f 1197/1189/1129 1198/1185/1130 1190/1185/1122
f 1199/1190/1131 1200/1186/1132 1192/1186/1124
f 1201/1191/1133 1196/1187/1128 1202/1191/1134
f 1195/1188/1127 1203/1189/1135 1197/1189/1129
f 1189/1184/1121 1204/1190/1136 1199/1190/1131
f 1205/1192/1137 1202/1191/1134 1206/1192/1138
f 1207/1193/1139 1187/1183/1119 1208/1193/1140
f 1209/1194/1141 1206/1192/1138 1210/1194/1142
f 1211/1178/1143 1208/1193/1140 1180/1178/1112
f 1212/1180/1144 1210/1194/1142 1183/1180/1115
f 1204/1190/1136 1194/1187/1126 1212/1180/1144
f 1213/240/1145 1214/1195/1146 1215/1196/1147
f 1216/246/1148 1217/1197/1149 1218/1198/1150
f 1219/1199/1151 1220/1200/1152 1221/1201/1153
f 1222/1202/1154 1223/263/1155 1224/1203/1156
f 1225/1204/1157 1226/505/1158 1227/1205/1159
f 1228/1206/1160 1229/511/1161 1230/1207/1162
f 1231/1208/1163 1232/521/1164 1233/519/1165
f 1234/1209/1166 1235/527/1167 1236/525/1168
f 1237/247/1169 1238/1210/1170 1239/248/1171
f 1240/1211/1172 1238/1210/1170 1241/1212/1173
f 1242/1213/1174 1243/1214/1175 1240/1211/1172
f 1244/1215/1176 1245/1216/1177 1242/1213/1174
f 1218/1198/1150 1246/1217/1178 1244/1215/1176
f 1247/241/1179 1248/1218/1180 1249/243/1181
f 1250/1219/1182 1251/1220/1183 1248/1218/1180
f 1252/1221/1184 1253/1222/1185 1251/1220/1183
f 1254/1223/1186 1255/1224/1187 1253/1222/1185
f 1256/1225/1188 1214/1195/1146 1255/1224/1187
f 1257/504/1189 1258/1226/1190 1259/501/1191
f 1260/1227/1192 1261/1228/1193 1258/1226/1190
f 1262/1229/1194 1263/1230/1195 1261/1228/1193
f 1264/1231/1196 1265/1232/1197 1263/1230/1195
f 1266/1233/1198 1227/1205/1159 1265/1232/1197
f 1267/508/1199 1268/1234/1200 1269/1235/1201
f 1268/1234/1200 1270/1236/1202 1269/1235/1201
f 1271/1237/1203 1272/1238/1204 1270/1236/1202
f 1273/1239/1205 1274/1240/1206 1272/1238/1204
f 1275/1241/1207 1230/1207/1162 1274/1240/1206
f 1276/522/1208 1277/1242/1209 1278/520/1210
f 1277/1242/1209 1279/1243/1211 1280/1244/1212
f 1280/1244/1212 1281/1245/1213 1282/1246/1214
f 1282/1246/1214 1283/1247/1215 1284/1248/1216
f 1284/1248/1216 1285/1249/1217 1231/1208/1163
f 1286/526/1218 1287/1250/1219 1288/1251/1220
f 1288/1251/1220 1289/1252/1221 1290/1253/1222
f 1290/1253/1222 1291/1254/1223 1292/1255/1224
f 1292/1255/1224 1293/1256/1225 1294/1257/1226
f 1294/1257/1226 1295/1258/1227 1234/1209/1166
f 1296/1259/1228 1297/262/1229 1298/260/1230
f 1299/1260/1231 1300/1261/1232 1296/1259/1228
f 1301/1262/1233 1302/1263/1234 1299/1260/1231
f 1303/1264/1235 1304/1265/1236 1301/1262/1233
f 1222/1202/1154 1305/1266/1237 1303/1264/1235
f 1306/1267/1238 1307/257/1239 1308/255/1240
f 1309/1268/1241 1310/1269/1242 1306/1267/1238
f 1311/1270/1243 1312/1271/1244 1309/1268/1241
f 1313/1272/1245 1314/1273/1246 1311/1270/1243
f 1219/1199/1151 1315/1274/1247 1313/1272/1245
f 1316/1195/1248 1317/240/1249 1318/1196/1250
f 1319/1197/1251 1320/246/1252 1321/1198/1253
f 1322/1199/1254 1323/1200/1255 1324/256/1256
f 1325/1202/1257 1326/263/1258 1327/261/1259
f 1328/505/1260 1329/1204/1261 1330/1205/1262
f 1331/511/1263 1332/1206/1264 1333/1207/1265
f 1334/1208/1266 1335/521/1267 1336/1249/1268
f 1337/1209/1269 1338/527/1270 1339/1258/1271
f 1340/247/1272 1341/1210/1273 1342/1212/1274
f 1341/1210/1273 1343/1211/1275 1342/1212/1274
f 1344/1214/1276 1345/1213/1277 1343/1211/1275
f 1346/1216/1278 1347/1215/1279 1345/1213/1277
f 1348/1217/1280 1321/1198/1253 1347/1215/1279
f 1349/241/1281 1350/1218/1282 1351/1219/1283
f 1351/1219/1283 1352/1220/1284 1353/1221/1285
f 1353/1221/1285 1354/1222/1286 1355/1223/1287
f 1355/1223/1287 1356/1224/1288 1357/1225/1289
f 1357/1225/1289 1316/1195/1248 1318/1196/1250
f 1358/1226/1290 1359/504/1291 1360/501/1292
f 1361/1228/1293 1362/1227/1294 1358/1226/1290
f 1363/1230/1295 1364/1229/1296 1361/1228/1293
f 1365/1232/1297 1366/1231/1298 1363/1230/1295
f 1330/1205/1262 1367/1233/1299 1365/1232/1297
f 1368/508/1300 1369/1234/1301 1370/510/1302
f 1371/1236/1303 1369/1234/1301 1372/1235/1304
f 1373/1238/1305 1374/1237/1306 1371/1236/1303
f 1375/1240/1307 1376/1239/1308 1373/1238/1305
f 1333/1207/1265 1377/1241/1309 1375/1240/1307
f 1378/1242/1310 1379/522/1311 1380/520/1312
f 1378/1242/1310 1381/1243/1313 1382/1275/1314
f 1383/1244/1315 1384/1245/1316 1381/1243/1313
f 1385/1246/1317 1386/1247/1318 1384/1245/1316
f 1387/1248/1319 1336/1249/1268 1386/1247/1318
f 1388/526/1320 1389/1250/1321 1390/528/1322
f 1391/1251/1323 1392/1252/1324 1389/1250/1321
f 1393/1253/1325 1394/1254/1326 1392/1252/1324
f 1395/1255/1327 1396/1256/1328 1394/1254/1326
f 1397/1257/1329 1339/1258/1271 1396/1256/1328
f 1398/262/1330 1399/1259/1331 1400/260/1332
f 1401/1261/1333 1402/1260/1334 1399/1259/1331
f 1403/1263/1335 1404/1262/1336 1402/1260/1334
f 1405/1265/1337 1406/1264/1338 1404/1262/1336
f 1407/1266/1339 1325/1202/1257 1406/1264/1338
f 1408/257/1340 1409/1267/1341 1410/255/1342
f 1411/1269/1343 1412/1268/1344 1409/1267/1341
f 1413/1271/1345 1414/1270/1346 1412/1268/1344
f 1415/1273/1347 1416/1272/1348 1414/1270/1346
f 1417/1274/1349 1322/1199/1254 1416/1272/1348
f 1297/262/1229 1418/260/1350 1298/260/1230
f 1308/255/1240 1419/257/1351 1420/255/1352
f 1247/241/1179 1421/1219/1353 1250/1219/1182
f 1422/242/1354 1317/240/1249 1423/242/1355
f 1237/247/1169 1424/1212/1356 1241/1212/1173
f 1216/246/1148 1425/249/1357 1426/249/1358
f 1220/1200/1152 1427/256/1359 1428/1200/1360
f 1429/261/1361 1430/263/1362 1223/263/1155
f 1226/505/1158 1431/507/1363 1432/505/1364
f 1257/504/1189 1433/1227/1365 1260/1227/1192
f 1267/508/1199 1434/1235/1304 1435/508/1366
f 1436/513/1367 1437/511/1368 1229/511/1161
f 1233/519/1165 1438/521/1267 1439/519/1369
f 1276/522/1208 1440/1275/1370 1441/1275/1371
f 1286/526/1218 1442/1251/1372 1443/526/1373
f 1235/527/1167 1444/525/1374 1236/525/1168
f 1259/501/1191 1445/504/1375 1257/504/1189
f 1267/508/1199 1446/510/1376 1447/510/1377
f 1249/243/1181 1448/1218/1378 1449/243/1379
f 1249/243/1181 1450/241/1380 1247/241/1179
f 1239/248/1171 1451/1210/1381 1452/248/1382
f 1239/248/1171 1453/247/1383 1237/247/1169
f 1308/255/1240 1454/1267/1384 1306/1267/1238
f 1307/257/1239 1455/1269/1385 1419/257/1351
f 1298/260/1230 1456/1259/1386 1296/1259/1228
f 1297/262/1229 1457/1261/1387 1458/262/1330
f 1459/528/1388 1388/526/1320 1390/528/1322
f 1276/522/1208 1460/520/1389 1461/522/1390
f 1259/501/1191 1462/1226/1290 1463/501/1391
f 1447/510/1377 1464/1234/1392 1268/1234/1200
f 1278/520/1210 1465/1242/1393 1460/520/1389
f 1466/528/1394 1467/1250/1395 1287/1250/1219
f 1216/246/1148 1468/1198/1396 1469/246/1397
f 1244/1215/1176 1468/1198/1396 1218/1198/1150
f 1244/1215/1176 1470/1213/1398 1471/1215/1399
f 1242/1213/1174 1472/1211/1400 1470/1213/1398
f 1240/1211/1172 1424/1212/1356 1472/1211/1400
f 1426/249/1358 1473/1197/1401 1217/1197/1149
f 1246/1217/1178 1473/1197/1401 1474/1217/1402
f 1245/1216/1177 1474/1217/1402 1475/1216/1403
f 1243/1214/1175 1475/1216/1403 1476/1214/1404
f 1243/1214/1175 1451/1210/1381 1238/1210/1170
f 1213/240/1145 1477/1196/1405 1478/240/1406
f 1256/1225/1188 1477/1196/1405 1215/1196/1147
f 1254/1223/1186 1479/1225/1407 1256/1225/1188
f 1252/1221/1184 1480/1223/1408 1254/1223/1186
f 1252/1221/1184 1421/1219/1353 1481/1221/1409
f 1482/242/1410 1483/1195/1411 1214/1195/1146
f 1255/1224/1187 1483/1195/1411 1484/1224/1412
f 1255/1224/1187 1485/1222/1286 1253/1222/1185
f 1253/1222/1185 1486/1220/1413 1251/1220/1183
f 1251/1220/1183 1448/1218/1378 1248/1218/1180
f 1487/507/1414 1329/1204/1261 1488/507/1363
f 1266/1233/1198 1489/1204/1261 1225/1204/1157
f 1266/1233/1198 1490/1231/1298 1491/1233/1299
f 1264/1231/1196 1492/1229/1415 1490/1231/1298
f 1262/1229/1194 1433/1227/1365 1492/1229/1415
f 1226/505/1158 1493/1205/1416 1227/1205/1159
f 1265/1232/1197 1493/1205/1416 1494/1232/1417
f 1263/1230/1195 1494/1232/1417 1495/1230/1418
f 1261/1228/1193 1495/1230/1418 1496/1228/1419
f 1261/1228/1193 1462/1226/1290 1258/1226/1190
f 1229/511/1161 1497/1207/1420 1230/1207/1162
f 1274/1240/1206 1497/1207/1420 1498/1240/1421
f 1272/1238/1204 1498/1240/1421 1499/1238/1305
f 1270/1236/1202 1499/1238/1305 1500/1236/1422
f 1270/1236/1202 1434/1235/1304 1269/1235/1201
f 1501/513/1423 1332/1206/1264 1502/513/1424
f 1275/1241/1207 1503/1206/1264 1228/1206/1160
f 1275/1241/1207 1504/1239/1308 1505/1241/1425
f 1273/1239/1205 1506/1237/1426 1504/1239/1308
f 1271/1237/1203 1464/1234/1392 1506/1237/1426
f 1232/521/1164 1507/1249/1427 1438/521/1267
f 1283/1247/1215 1507/1249/1427 1285/1249/1217
f 1281/1245/1213 1508/1247/1428 1283/1247/1215
f 1279/1243/1211 1509/1245/1429 1281/1245/1213
f 1279/1243/1211 1440/1275/1370 1510/1243/1430
f 1233/519/1165 1511/1208/1266 1231/1208/1163
f 1284/1248/1216 1511/1208/1266 1512/1248/1431
f 1284/1248/1216 1513/1246/1432 1282/1246/1214
f 1282/1246/1214 1514/1244/1315 1280/1244/1212
f 1280/1244/1212 1465/1242/1393 1277/1242/1209
f 1236/525/1168 1515/1209/1433 1234/1209/1166
f 1294/1257/1226 1515/1209/1433 1516/1257/1434
f 1292/1255/1224 1516/1257/1434 1517/1255/1327
f 1290/1253/1222 1517/1255/1327 1518/1253/1325
f 1290/1253/1222 1442/1251/1372 1288/1251/1220
f 1235/527/1167 1519/1258/1435 1520/527/1270
f 1293/1256/1225 1519/1258/1435 1295/1258/1227
f 1293/1256/1225 1521/1254/1436 1522/1256/1437
f 1291/1254/1223 1523/1252/1324 1521/1254/1436
f 1289/1252/1221 1467/1250/1395 1523/1252/1324
f 1524/261/1438 1325/1202/1257 1327/261/1259
f 1303/1264/1235 1525/1202/1439 1222/1202/1154
f 1303/1264/1235 1526/1262/1440 1527/1264/1441
f 1301/1262/1233 1528/1260/1442 1526/1262/1440
f 1299/1260/1231 1456/1259/1386 1528/1260/1442
f 1223/263/1155 1529/1203/1443 1224/1203/1156
f 1305/1266/1237 1529/1203/1443 1530/1266/1444
f 1304/1265/1236 1530/1266/1444 1531/1265/1445
f 1302/1263/1234 1531/1265/1445 1532/1263/1335
f 1302/1263/1234 1457/1261/1387 1300/1261/1232
f 1533/256/1446 1322/1199/1254 1324/256/1256
f 1313/1272/1245 1534/1199/1447 1219/1199/1151
f 1311/1270/1243 1535/1272/1448 1313/1272/1245
f 1309/1268/1241 1536/1270/1449 1311/1270/1243
f 1309/1268/1241 1454/1267/1384 1537/1268/1450
f 1220/1200/1152 1538/1201/1451 1221/1201/1153
f 1315/1274/1247 1538/1201/1451 1539/1274/1452
f 1315/1274/1247 1540/1273/1347 1314/1273/1246
f 1314/1273/1246 1541/1271/1345 1312/1271/1244
f 1312/1271/1244 1455/1269/1385 1310/1269/1242
f 1/1/1 15/15/15 2/2/2
f 3/3/3 2/2/2 4/4/4
f 5/5/5 4/4/4 6/6/6
f 7/7/7 6/6/6 8/8/8
f 9/9/9 8/8/8 10/10/10
f 11/11/11 10/10/10 12/12/12
f 12/12/12 23/23/23 14/14/14
f 15/15/15 24/24/24 16/16/16
f 2/2/2 16/16/16 17/17/17
f 4/4/4 17/17/17 18/18/18
f 6/6/6 18/18/18 19/19/19
f 8/8/8 19/19/19 20/20/20
f 10/10/10 20/20/20 21/21/21
f 12/12/12 21/21/21 22/22/22
f 24/24/24 32/32/32 25/25/25
f 16/16/16 25/25/25 26/26/26
f 17/17/17 26/26/26 27/27/27
f 18/18/18 27/27/27 28/28/28
f 19/19/19 28/28/28 29/29/29
f 20/20/20 29/29/29 30/30/30
f 21/21/21 30/30/30 31/31/31
f 32/32/32 40/40/40 33/33/33
f 25/25/25 33/33/33 34/34/34
f 26/26/26 34/34/34 35/35/35
f 27/27/27 35/35/35 36/36/36
f 28/28/28 36/36/36 37/37/37
f 29/29/29 37/37/37 38/38/38
f 30/30/30 38/38/38 39/39/39
f 40/40/40 48/48/48 41/41/41
f 33/33/33 41/41/41 42/42/42
f 34/34/34 42/42/42 43/43/43
f 35/35/35 43/43/43 44/44/44
f 36/36/36 44/44/44 45/45/45
f 37/37/37 45/45/45 46/46/46
f 38/38/38 46/46/46 47/47/47
f 48/48/48 1542/1276/1453 49/49/49
f 41/41/41 49/49/49 50/50/50
f 42/42/42 50/50/50 51/51/51
f 43/43/43 51/51/51 52/52/52
f 44/44/44 52/52/52 53/53/53
f 45/45/45 53/53/53 54/54/54
f 46/46/46 54/54/54 55/55/55
f 55/55/55 54/54/54 56/56/56
f 57/57/57 56/56/56 58/58/58
f 58/58/58 61/61/61 60/60/60
f 61/61/61 63/63/63 62/62/62
f 63/63/63 65/65/65 64/64/64
f 65/65/65 67/67/67 66/66/66
f 67/67/67 69/69/69 68/68/68
f 69/69/69 78/78/78 70/70/70
f 54/54/54 53/53/53 71/71/71
f 56/56/56 71/71/71 72/72/72
f 58/58/58 72/72/72 73/73/73
f 73/73/73 74/74/74 63/63/63
f 74/74/74 75/75/75 65/65/65
f 75/75/75 76/76/76 67/67/67
f 76/76/76 77/77/77 69/69/69
f 77/77/77 86/86/86 78/78/78
f 53/53/53 52/52/52 79/79/79
f 71/71/71 79/79/79 80/80/80
f 72/72/72 80/80/80 81/81/81
f 81/81/81 82/82/82 74/74/74
f 82/82/82 83/83/83 75/75/75
f 83/83/83 84/84/84 76/76/76
f 84/84/84 94/94/94 77/77/77
f 77/77/77 94/94/94 85/85/85
f 52/52/52 51/51/51 87/87/87
f 79/79/79 87/87/87 88/88/88
f 80/80/80 88/88/88 89/89/89
f 81/81/81 89/89/89 90/90/90
f 82/82/82 90/90/90 91/91/91
f 83/83/83 91/91/91 92/92/92
f 84/84/84 92/92/92 93/93/93
f 94/94/94 93/93/93 95/95/95
f 51/51/51 50/50/50 96/96/96
f 87/87/87 96/96/96 97/97/97
f 88/88/88 97/97/97 98/98/98
f 89/89/89 98/98/98 99/99/99
f 90/90/90 99/99/99 100/100/100
f 91/91/91 100/100/100 101/101/101
f 92/92/92 101/101/101 102/102/102
f 93/93/93 102/102/102 103/103/103
f 50/50/50 49/49/49 104/104/104
f 96/96/96 104/104/104 105/105/105
f 97/97/97 105/105/105 106/106/106
f 98/98/98 106/106/106 107/107/107
f 99/99/99 107/107/107 108/108/108
f 100/100/100 108/108/108 109/109/109
f 101/101/101 109/109/109 110/110/110
f 102/102/102 110/110/110 111/111/111
f 49/49/49 1542/1276/1453 112/112/112
f 104/104/104 112/112/112 113/113/113
f 105/105/105 113/113/113 114/114/114
f 106/106/106 114/114/114 115/115/115
f 107/107/107 115/115/115 116/116/116
f 108/108/108 116/116/116 117/117/117
f 109/109/109 117/117/117 118/118/118
f 110/110/110 118/118/118 119/119/119
f 120/120/120 134/134/134 121/121/121
f 122/122/122 121/121/121 123/123/123
f 124/124/124 123/123/123 125/125/125
f 126/126/126 125/125/125 127/127/127
f 128/128/128 127/127/127 129/129/129
f 129/129/129 132/132/132 131/131/131
f 132/132/132 141/141/141 133/133/133
f 134/134/134 142/142/142 135/135/135
f 121/121/121 135/135/135 136/136/136
f 123/123/123 136/136/136 137/137/137
f 125/125/125 137/137/137 138/138/138
f 127/127/127 138/138/138 139/139/139
f 139/139/139 140/140/140 132/132/132
f 140/140/140 149/149/149 141/141/141
f 142/142/142 150/150/150 143/143/143
f 135/135/135 143/143/143 144/144/144
f 136/136/136 144/144/144 145/145/145
f 137/137/137 145/145/145 146/146/146
f 138/138/138 146/146/146 147/147/147
f 147/147/147 156/156/156 140/140/140
f 140/140/140 156/156/156 148/148/148
f 150/150/150 158/158/158 151/151/151
f 143/143/143 151/151/151 152/152/152
f 144/144/144 152/152/152 153/153/153
f 145/145/145 153/153/153 154/154/154
f 146/146/146 154/154/154 155/155/155
f 155/155/155 164/164/164 156/156/156
f 156/156/156 164/164/164 157/157/157
f 158/158/158 166/166/166 159/159/159
f 151/151/151 159/159/159 160/160/160
f 152/152/152 160/160/160 161/161/161
f 153/153/153 161/161/161 162/162/162
f 154/154/154 162/162/162 163/163/163
f 163/163/163 172/172/172 164/164/164
f 164/164/164 172/172/172 165/165/165
f 166/166/166 1543/1277/303 167/167/167
f 159/159/159 167/167/167 168/168/168
f 160/160/160 168/168/168 169/169/169
f 161/161/161 169/169/169 170/170/170
f 162/162/162 170/170/170 171/171/171
f 171/171/171 190/190/190 172/172/172
f 172/172/172 190/190/190 173/173/173
f 173/173/173 190/190/190 174/174/174
f 175/175/175 174/174/174 176/176/176
f 177/177/177 176/176/176 178/178/178
f 179/179/179 178/178/178 180/180/180
f 181/181/181 180/180/180 182/182/182
f 183/183/183 182/182/182 184/184/184
f 185/185/185 184/184/184 186/186/186
f 187/187/187 186/186/186 188/188/188
f 190/190/190 171/171/171 191/191/191
f 174/174/174 191/191/191 192/192/192
f 176/176/176 192/192/192 193/193/193
f 178/178/178 193/193/193 194/194/194
f 180/180/180 194/194/194 195/195/195
f 182/182/182 195/195/195 196/196/196
f 184/184/184 196/196/196 197/197/197
f 186/186/186 197/197/197 198/198/198
f 171/171/171 170/170/170 199/199/199
f 191/191/191 199/199/199 200/200/200
f 192/192/192 200/200/200 201/201/201
f 193/193/193 201/201/201 202/202/202
f 194/194/194 202/202/202 203/203/203
f 195/195/195 203/203/203 204/204/204
f 196/196/196 204/204/204 205/205/205
f 197/197/197 205/205/205 206/206/206
f 170/170/170 169/169/169 207/207/207
f 199/199/199 207/207/207 208/208/208
f 200/200/200 208/208/208 209/209/209
f 201/201/201 209/209/209 210/210/210
f 202/202/202 210/210/210 211/211/211
f 203/203/203 211/211/211 212/212/212
f 204/204/204 212/212/212 213/213/213
f 205/205/205 213/213/213 214/214/214
f 169/169/169 168/168/168 215/215/215
f 207/207/207 215/215/215 216/216/216
f 208/208/208 216/216/216 217/217/217
f 209/209/209 217/217/217 218/218/218
f 210/210/210 218/218/218 219/219/219
f 211/211/211 219/219/219 220/220/220
f 212/212/212 220/220/220 221/221/221
f 213/213/213 221/221/221 222/222/222
f 168/168/168 167/167/167 223/223/223
f 215/215/215 223/223/223 224/224/224
f 216/216/216 224/224/224 225/225/225
f 217/217/217 225/225/225 226/226/226
f 218/218/218 226/226/226 227/227/227
f 219/219/219 227/227/227 228/228/228
f 220/220/220 228/228/228 229/229/229
f 221/221/221 229/229/229 230/230/230
f 167/167/167 1543/1277/303 231/231/231
f 223/223/223 231/231/231 232/232/232
f 224/224/224 232/232/232 233/233/233
f 225/225/225 233/233/233 234/234/234
f 226/226/226 234/234/234 235/235/235
f 227/227/227 235/235/235 236/236/236
f 228/228/228 236/236/236 237/237/237
f 229/229/229 237/237/237 238/238/238
f 239/239/70 1544/1278/465 240/240/239
f 241/241/240 240/240/239 242/242/241
f 243/243/242 242/242/241 244/244/243
f 245/245/244 244/244/243 246/246/245
f 246/246/245 249/249/248 248/248/247
f 249/249/248 1545/1279/497 250/250/249
f 250/250/249 1545/1279/497 251/251/250
f 251/251/250 254/254/252 253/253/251
f 254/254/252 256/256/254 255/255/253
f 256/256/254 1546/1200/1454 257/257/255
f 257/257/255 1546/1200/1454 258/258/256
f 258/258/256 261/261/258 260/260/198
f 261/261/258 263/263/259 262/262/188
f 263/263/259 1547/1280/483 264/264/189
f 265/265/260 268/268/263 266/266/261
f 268/268/263 270/270/265 269/269/264
f 270/270/265 272/272/267 271/271/266
f 272/272/267 274/274/269 273/273/268
f 274/274/269 276/276/271 275/275/270
f 276/276/271 279/279/273 277/277/272
f 278/278/133 1548/1281/141 277/277/272
f 267/267/262 266/266/261 280/280/274
f 266/266/261 269/269/264 282/282/276
f 269/269/264 271/271/266 283/283/277
f 271/271/266 273/273/268 284/284/278
f 273/273/268 275/275/270 285/285/279
f 275/275/270 277/277/272 286/286/280
f 277/277/272 1548/1281/141 287/287/149
f 281/281/275 280/280/274 288/288/281
f 280/280/274 282/282/276 290/290/283
f 282/282/276 283/283/277 291/291/284
f 283/283/277 284/284/278 292/292/285
f 284/284/278 285/285/279 293/293/286
f 285/285/279 286/286/280 294/294/287
f 286/286/280 287/287/149 295/295/148
f 289/289/282 288/288/281 296/296/288
f 288/288/281 290/290/283 298/298/290
f 290/290/283 291/291/284 299/299/291
f 291/291/284 292/292/285 300/300/292
f 292/292/285 293/293/286 301/301/293
f 293/293/286 294/294/287 302/302/294
f 294/294/287 295/295/148 303/303/157
f 297/297/289 296/296/288 304/304/295
f 296/296/288 298/298/290 306/306/297
f 298/298/290 299/299/291 307/307/298
f 299/299/291 300/300/292 308/308/299
f 300/300/292 301/301/293 309/309/300
f 301/301/293 302/302/294 310/310/301
f 302/302/294 303/303/157 311/311/165
f 305/305/296 304/304/295 312/312/302
f 304/304/295 306/306/297 314/314/304
f 306/306/297 307/307/298 315/315/305
f 307/307/298 308/308/299 316/316/306
f 308/308/299 309/309/300 317/317/307
f 309/309/300 310/310/301 318/318/308
f 310/310/301 311/311/165 319/319/173
f 319/319/173 321/321/310 320/320/309
f 321/321/310 323/323/312 322/322/311
f 323/323/312 326/326/179 324/324/313
f 325/325/314 328/328/316 324/324/313
f 327/327/315 330/330/318 328/328/316
f 329/329/317 332/332/319 330/330/318
f 331/331/187 334/334/320 332/332/319
f 333/333/189 341/341/327 334/334/320
f 318/318/308 320/320/309 335/335/321
f 320/320/309 322/322/311 336/336/322
f 322/322/311 324/324/313 337/337/323
f 328/328/316 338/338/324 337/337/323
f 330/330/318 339/339/325 338/338/324
f 332/332/319 340/340/326 339/339/325
f 334/334/320 342/342/328 340/340/326
f 341/341/327 1549/1282/1455 342/342/328
f 317/317/307 335/335/321 343/343/329
f 335/335/321 336/336/322 344/344/330
f 336/336/322 337/337/323 345/345/331
f 337/337/323 338/338/324 346/346/332
f 339/339/325 347/347/333 346/346/332
f 340/340/326 348/348/334 347/347/333
f 342/342/328 350/350/336 348/348/334
f 342/342/328 1549/1282/1455 349/349/335
f 316/316/306 343/343/329 351/351/337
f 343/343/329 344/344/330 352/352/338
f 344/344/330 345/345/331 353/353/339
f 345/345/331 346/346/332 354/354/340
f 346/346/332 347/347/333 355/355/341
f 348/348/334 357/357/343 355/355/341
f 348/348/334 350/350/336 356/356/342
f 350/350/336 349/349/335 358/358/344
f 315/315/305 351/351/337 359/359/345
f 351/351/337 352/352/338 360/360/346
f 352/352/338 353/353/339 361/361/347
f 353/353/339 354/354/340 362/362/348
f 354/354/340 355/355/341 363/363/349
f 355/355/341 357/357/343 364/364/350
f 357/357/343 356/356/342 365/365/351
f 356/356/342 358/358/344 366/366/352
f 314/314/304 359/359/345 367/367/353
f 359/359/345 360/360/346 368/368/354
f 360/360/346 361/361/347 369/369/355
f 361/361/347 362/362/348 370/370/356
f 362/362/348 363/363/349 371/371/357
f 363/363/349 364/364/350 372/372/358
f 364/364/350 365/365/351 373/373/359
f 365/365/351 366/366/352 374/374/360
f 312/312/302 367/367/353 375/375/112
f 367/367/353 368/368/354 376/376/361
f 368/368/354 369/369/355 377/377/114
f 369/369/355 370/370/356 378/378/362
f 370/370/356 371/371/357 379/379/116
f 371/371/357 372/372/358 380/380/117
f 372/372/358 373/373/359 381/381/118
f 373/373/359 374/374/360 382/382/119
f 383/383/363 386/386/366 384/384/364
f 386/386/366 388/388/368 387/387/367
f 388/388/368 390/390/370 389/389/369
f 390/390/370 392/392/372 391/391/371
f 392/392/372 395/395/375 393/393/373
f 394/394/374 397/397/377 393/393/373
f 396/396/376 1550/1283/23 397/397/377
f 385/385/365 384/384/364 398/398/378
f 384/384/364 387/387/367 400/400/379
f 387/387/367 389/389/369 401/401/380
f 389/389/369 391/391/371 402/402/381
f 391/391/371 393/393/373 403/403/382
f 397/397/377 405/405/383 403/403/382
f 397/397/377 1550/1283/23 404/404/22
f 399/399/24 398/398/378 406/406/384
f 398/398/378 400/400/379 408/408/386
f 400/400/379 401/401/380 409/409/387
f 401/401/380 402/402/381 410/410/388
f 402/402/381 403/403/382 411/411/389
f 405/405/383 413/413/390 411/411/389
f 405/405/383 404/404/22 412/412/31
f 407/407/385 406/406/384 414/414/391
f 406/406/384 408/408/386 416/416/393
f 408/408/386 409/409/387 417/417/394
f 409/409/387 410/410/388 418/418/395
f 410/410/388 411/411/389 419/419/396
f 413/413/390 421/421/397 419/419/396
f 413/413/390 412/412/31 420/420/39
f 415/415/392 414/414/391 422/422/398
f 414/414/391 416/416/393 424/424/400
f 416/416/393 417/417/394 425/425/401
f 417/417/394 418/418/395 426/426/402
f 418/418/395 419/419/396 427/427/403
f 421/421/397 429/429/404 427/427/403
f 421/421/397 420/420/39 428/428/47
f 423/423/399 422/422/398 430/430/405
f 422/422/398 424/424/400 432/432/407
f 424/424/400 425/425/401 433/433/408
f 425/425/401 426/426/402 434/434/409
f 426/426/402 427/427/403 435/435/410
f 429/429/404 437/437/412 435/435/410
f 429/429/404 428/428/47 436/436/411
f 436/436/411 439/439/57 438/438/413
f 439/439/57 441/441/415 440/440/414
f 441/441/415 443/443/417 442/442/416
f 443/443/417 445/445/419 444/444/418
f 445/445/419 447/447/64 446/446/420
f 447/447/64 449/449/66 448/448/421
f 449/449/66 451/451/423 450/450/422
f 451/451/423 1551/1284/70 452/452/240
f 437/437/412 438/438/413 453/453/424
f 438/438/413 440/440/414 454/454/425
f 440/440/414 442/442/416 455/455/426
f 442/442/416 444/444/418 456/456/427
f 444/444/418 446/446/420 457/457/428
f 446/446/420 448/448/421 458/458/429
f 448/448/421 450/450/422 459/459/430
f 450/450/422 452/452/240 460/460/431
f 435/435/410 453/453/424 461/461/432
f 453/453/424 454/454/425 462/462/433
f 454/454/425 455/455/426 463/463/434
f 455/455/426 456/456/427 464/464/435
f 456/456/427 457/457/428 465/465/436
f 457/457/428 458/458/429 466/466/437
f 458/458/429 459/459/430 467/467/438
f 459/459/430 460/460/431 468/468/439
f 434/434/409 461/461/432 469/469/440
f 461/461/432 462/462/433 470/470/441
f 462/462/433 463/463/434 471/471/442
f 463/463/434 464/464/435 472/472/443
f 464/464/435 465/465/436 473/473/444
f 465/465/436 466/466/437 474/474/445
f 466/466/437 467/467/438 475/475/446
f 467/467/438 468/468/439 476/476/447
f 433/433/408 469/469/440 477/477/448
f 469/469/440 470/470/441 478/478/449
f 470/470/441 471/471/442 479/479/450
f 471/471/442 472/472/443 480/480/451
f 472/472/443 473/473/444 481/481/452
f 473/473/444 474/474/445 482/482/453
f 474/474/445 475/475/446 483/483/454
f 475/475/446 476/476/447 484/484/247
f 432/432/407 477/477/448 485/485/455
f 477/477/448 478/478/449 486/486/456
f 478/478/449 479/479/450 487/487/457
f 479/479/450 480/480/451 488/488/458
f 480/480/451 481/481/452 489/489/459
f 481/481/452 482/482/453 490/490/460
f 482/482/453 483/483/454 491/491/461
f 483/483/454 484/484/247 492/492/249
f 430/430/405 485/485/455 493/493/462
f 485/485/455 486/486/456 494/494/232
f 486/486/456 487/487/457 495/495/463
f 487/487/457 488/488/458 496/496/234
f 488/488/458 489/489/459 497/497/235
f 489/489/459 490/490/460 498/498/464
f 490/490/460 491/491/461 499/499/237
f 491/491/461 492/492/249 500/500/238
f 501/501/78 505/505/466 502/502/465
f 504/504/86 507/507/468 505/505/466
f 506/506/467 509/509/470 507/507/468
f 508/508/469 511/511/471 509/509/470
f 510/510/103 513/513/472 511/511/471
f 512/512/111 515/515/473 513/513/472
f 514/514/119 517/517/475 515/515/473
f 514/514/119 518/518/360 516/516/474
f 518/518/360 520/520/352 519/519/476
f 520/520/352 522/522/344 521/521/477
f 522/522/344 524/524/479 523/523/478
f 524/524/479 526/526/481 525/525/480
f 526/526/481 528/528/327 527/527/482
f 528/528/327 1552/1285/189 529/529/483
f 530/530/484 542/542/496 531/531/485
f 533/533/487 537/537/491 534/534/488
f 536/536/490 548/548/502 537/537/491
f 538/538/492 585/585/537 539/539/493
f 541/541/495 546/546/500 531/531/485
f 543/543/497 538/538/492 540/540/494
f 545/545/499 563/563/516 546/546/500
f 547/547/501 552/552/506 548/548/502
f 549/549/503 543/543/497 544/544/498
f 551/551/505 559/559/513 552/552/506
f 553/553/507 581/581/533 554/554/508
f 549/549/503 550/550/504 556/556/510
f 558/558/512 565/565/518 559/559/513
f 557/557/511 556/556/510 560/560/514
f 562/562/515 578/578/531 563/563/516
f 558/558/512 572/572/525 564/564/517
f 561/561/254 560/560/514 566/566/519
f 567/567/520 566/566/519 568/568/521
f 570/570/523 553/553/507 555/555/509
f 572/572/525 576/576/529 573/573/526
f 569/569/522 568/568/521 574/574/527
f 576/576/529 584/584/536 577/577/530
f 575/575/528 574/574/527 578/578/531
f 579/579/241 570/570/523 571/571/524
f 535/535/489 534/534/488 554/554/508
f 582/582/534 579/579/241 580/580/532
f 584/584/536 530/530/484 532/532/486
f 585/585/537 582/582/534 583/583/535
f 534/534/488 537/537/491 586/586/538
f 580/580/532 571/571/524 588/588/540
f 548/548/502 591/591/543 586/586/538
f 583/583/535 580/580/532 589/589/541
f 552/552/506 593/593/545 591/591/543
f 539/539/493 583/583/535 590/590/542
f 559/559/513 595/595/547 593/593/545
f 540/540/494 539/539/493 592/592/544
f 565/565/518 598/598/550 595/595/547
f 544/544/498 540/540/494 594/594/546
f 565/565/518 564/564/517 597/597/549
f 550/550/504 544/544/498 596/596/548
f 564/564/517 573/573/526 600/600/552
f 550/550/504 599/599/551 601/601/553
f 573/573/526 577/577/530 602/602/554
f 556/556/510 601/601/553 603/603/555
f 577/577/530 532/532/486 604/604/556
f 560/560/514 603/603/555 605/605/557
f 531/531/485 607/607/559 604/604/556
f 566/566/519 605/605/557 606/606/558
f 546/546/500 609/609/561 607/607/559
f 568/568/521 606/606/558 608/608/560
f 563/563/516 611/611/563 609/609/561
f 574/574/527 608/608/560 610/610/562
f 578/578/531 610/610/562 611/611/563
f 554/554/508 534/534/488 587/587/539
f 571/571/524 555/555/509 613/613/565
f 555/555/509 554/554/508 612/612/564
f 615/615/567 631/631/583 616/616/568
f 618/618/570 635/635/587 619/619/571
f 621/621/573 634/634/586 622/622/574
f 624/624/576 638/638/590 625/625/577
f 627/627/579 642/642/594 628/628/580
f 630/630/582 640/640/592 631/631/583
f 618/618/570 620/620/572 632/632/584
f 617/617/569 616/616/568 634/634/586
f 635/635/587 624/624/576 626/626/578
f 627/627/579 629/629/581 636/636/588
f 623/623/575 622/622/574 625/625/577
f 630/630/582 641/641/593 639/639/591
f 641/641/593 637/637/589 636/636/588
f 633/633/585 632/632/584 628/628/580
f 643/643/595 661/661/613 644/644/596
f 646/646/598 653/653/605 647/647/599
f 649/649/601 668/668/620 650/650/602
f 646/646/598 666/666/618 652/652/604
f 654/654/606 667/667/619 655/655/607
f 657/657/609 670/670/622 658/658/610
f 660/660/612 669/669/621 661/661/613
f 662/662/614 645/645/597 644/644/596
f 649/649/601 651/651/603 664/664/616
f 665/665/617 664/664/616 652/652/604
f 667/667/619 648/648/600 647/647/599
f 668/668/620 657/657/609 659/659/611
f 660/660/612 654/654/606 656/656/608
f 670/670/622 662/662/614 663/663/615
f 650/650/602 659/659/611 671/671/623
f 669/669/621 656/656/608 673/673/625
f 658/658/610 676/676/628 671/671/623
f 661/661/613 669/669/621 674/674/626
f 663/663/615 678/678/630 676/676/628
f 661/661/613 675/675/627 677/677/629
f 644/644/596 677/677/629 678/678/630
f 653/653/605 652/652/604 679/679/631
f 652/652/604 664/664/616 681/681/633
f 653/653/605 680/680/632 682/682/634
f 664/664/616 651/651/603 683/683/635
f 647/647/599 682/682/634 684/684/636
f 651/651/603 650/650/602 672/672/624
f 655/655/607 684/684/636 673/673/625
f 634/634/586 616/616/568 685/685/637
f 620/620/572 689/689/641 687/687/639
f 622/622/574 634/634/586 686/686/638
f 619/619/571 691/691/643 689/689/641
f 625/625/577 622/622/574 688/688/640
f 626/626/578 692/692/644 691/691/643
f 626/626/578 625/625/577 690/690/642
f 636/636/588 695/695/647 693/693/645
f 639/639/591 693/693/645 694/694/646
f 629/629/581 698/698/650 695/695/647
f 640/640/592 694/694/646 696/696/648
f 629/629/581 628/628/580 697/697/649
f 631/631/583 696/696/648 685/685/637
f 632/632/584 687/687/639 697/697/649
f 701/701/589 396/396/376 394/394/374
f 702/702/653 394/394/374 395/395/375
f 704/704/655 703/703/654 395/395/375
f 705/705/656 704/704/655 392/392/372
f 706/706/657 705/705/656 390/390/370
f 707/707/658 706/706/657 388/388/368
f 708/708/659 707/707/658 386/386/366
f 13/13/13 14/14/14 709/709/589
f 711/711/661 11/11/11 13/13/13
f 712/712/662 9/9/9 11/11/11
f 713/713/663 7/7/7 9/9/9
f 714/714/664 5/5/5 7/7/7
f 715/715/665 3/3/3 5/5/5
f 716/716/590 1/1/1 3/3/3
f 717/717/666 278/278/133 279/279/273
f 719/719/601 718/718/667 279/279/273
f 720/720/668 719/719/601 276/276/271
f 721/721/669 720/720/668 274/274/269
f 722/722/670 721/721/669 272/272/267
f 723/723/614 722/722/670 270/270/265
f 724/724/671 723/723/614 268/268/263
f 131/131/131 133/133/133 725/725/666
f 130/130/130 131/131/131 726/726/672
f 728/728/673 128/128/128 130/130/130
f 729/729/606 126/126/126 128/128/128
f 730/730/674 124/124/124 126/126/126
f 731/731/675 122/122/122 124/124/124
f 732/732/676 120/120/120 122/122/122
f 1179/1177/1111 1211/1178/1143 1180/1178/1112
f 1182/1179/1114 1212/1180/1144 1183/1180/1115
f 1185/1181/1117 1191/1181/1123 1179/1177/1111
f 1186/1182/1118 1193/1182/1125 1182/1179/1114
f 1187/1183/1119 1553/1183/1456 1188/1184/1120
f 1190/1185/1122 1198/1185/1130 1191/1181/1123
f 1192/1186/1124 1200/1186/1132 1193/1182/1125
f 1194/1187/1126 1554/1188/1457 1195/1188/1127
f 1197/1189/1129 1203/1189/1135 1198/1185/1130
f 1199/1190/1131 1204/1190/1136 1200/1186/1132
f 1201/1191/1133 1194/1187/1126 1196/1187/1128
f 1195/1188/1127 1554/1188/1457 1203/1189/1135
f 1189/1184/1121 1188/1184/1120 1204/1190/1136
f 1205/1192/1137 1201/1191/1133 1202/1191/1134
f 1207/1193/1139 1553/1183/1456 1187/1183/1119
f 1209/1194/1141 1205/1192/1137 1206/1192/1138
f 1211/1178/1143 1207/1193/1139 1208/1193/1140
f 1212/1180/1144 1209/1194/1141 1210/1194/1142
f 1204/1190/1136 1188/1184/1120 1194/1187/1126
f 1188/1184/1120 1553/1183/1456 1179/1177/1111
f 1194/1187/1126 1188/1184/1120 1179/1177/1111
f 1553/1183/1456 1207/1193/1139 1211/1178/1143
f 1211/1178/1143 1179/1177/1111 1553/1183/1456
f 1179/1177/1111 1191/1181/1123 1198/1185/1130
f 1194/1187/1126 1198/1185/1130 1203/1189/1135
f 1179/1177/1111 1198/1185/1130 1194/1187/1126
f 1203/1189/1135 1554/1188/1457 1194/1187/1126
f 1194/1187/1126 1201/1191/1133 1205/1192/1137
f 1205/1192/1137 1209/1194/1141 1212/1180/1144
f 1212/1180/1144 1182/1179/1114 1193/1182/1125
f 1193/1182/1125 1200/1186/1132 1212/1180/1144
f 1200/1186/1132 1204/1190/1136 1212/1180/1144
f 1194/1187/1126 1205/1192/1137 1212/1180/1144
f 1213/240/1145 1482/242/1410 1214/1195/1146
f 1216/246/1148 1426/249/1358 1217/1197/1149
f 1219/1199/1151 1555/256/1458 1220/1200/1152
f 1222/1202/1154 1429/261/1361 1223/263/1155
f 1225/1204/1157 1556/507/1459 1226/505/1158
f 1228/1206/1160 1436/513/1367 1229/511/1161
f 1231/1208/1163 1285/1249/1217 1232/521/1164
f 1234/1209/1166 1295/1258/1227 1235/527/1167
f 1237/247/1169 1241/1212/1173 1238/1210/1170
f 1240/1211/1172 1243/1214/1175 1238/1210/1170
f 1242/1213/1174 1245/1216/1177 1243/1214/1175
f 1244/1215/1176 1246/1217/1178 1245/1216/1177
f 1218/1198/1150 1217/1197/1149 1246/1217/1178
f 1247/241/1179 1250/1219/1182 1248/1218/1180
f 1250/1219/1182 1252/1221/1184 1251/1220/1183
f 1252/1221/1184 1254/1223/1186 1253/1222/1185
f 1254/1223/1186 1256/1225/1188 1255/1224/1187
f 1256/1225/1188 1215/1196/1147 1214/1195/1146
f 1257/504/1189 1260/1227/1192 1258/1226/1190
f 1260/1227/1192 1262/1229/1194 1261/1228/1193
f 1262/1229/1194 1264/1231/1196 1263/1230/1195
f 1264/1231/1196 1266/1233/1198 1265/1232/1197
f 1266/1233/1198 1225/1204/1157 1227/1205/1159
f 1267/508/1199 1447/510/1377 1268/1234/1200
f 1268/1234/1200 1271/1237/1203 1270/1236/1202
f 1271/1237/1203 1273/1239/1205 1272/1238/1204
f 1273/1239/1205 1275/1241/1207 1274/1240/1206
f 1275/1241/1207 1228/1206/1160 1230/1207/1162
f 1276/522/1208 1441/1275/1371 1277/1242/1209
f 1277/1242/1209 1441/1275/1371 1279/1243/1211
f 1280/1244/1212 1279/1243/1211 1281/1245/1213
f 1282/1246/1214 1281/1245/1213 1283/1247/1215
f 1284/1248/1216 1283/1247/1215 1285/1249/1217
f 1286/526/1218 1466/528/1394 1287/1250/1219
f 1288/1251/1220 1287/1250/1219 1289/1252/1221
f 1290/1253/1222 1289/1252/1221 1291/1254/1223
f 1292/1255/1224 1291/1254/1223 1293/1256/1225
f 1294/1257/1226 1293/1256/1225 1295/1258/1227
f 1296/1259/1228 1300/1261/1232 1297/262/1229
f 1299/1260/1231 1302/1263/1234 1300/1261/1232
f 1301/1262/1233 1304/1265/1236 1302/1263/1234
f 1303/1264/1235 1305/1266/1237 1304/1265/1236
f 1222/1202/1154 1224/1203/1156 1305/1266/1237
f 1306/1267/1238 1310/1269/1242 1307/257/1239
f 1309/1268/1241 1312/1271/1244 1310/1269/1242
f 1311/1270/1243 1314/1273/1246 1312/1271/1244
f 1313/1272/1245 1315/1274/1247 1314/1273/1246
f 1219/1199/1151 1221/1201/1153 1315/1274/1247
f 1316/1195/1248 1423/242/1355 1317/240/1249
f 1319/1197/1251 1557/249/1357 1320/246/1252
f 1322/1199/1254 1558/1201/1460 1323/1200/1255
f 1325/1202/1257 1559/1203/1461 1326/263/1258
f 1328/505/1260 1488/507/1363 1329/1204/1261
f 1331/511/1263 1502/513/1424 1332/1206/1264
f 1334/1208/1266 1560/519/1369 1335/521/1267
f 1337/1209/1269 1561/525/1462 1338/527/1270
f 1340/247/1272 1562/248/1382 1341/1210/1273
f 1341/1210/1273 1344/1214/1276 1343/1211/1275
f 1344/1214/1276 1346/1216/1278 1345/1213/1277
f 1346/1216/1278 1348/1217/1280 1347/1215/1279
f 1348/1217/1280 1319/1197/1251 1321/1198/1253
f 1349/241/1281 1563/243/1463 1350/1218/1282
f 1351/1219/1283 1350/1218/1282 1352/1220/1284
f 1353/1221/1285 1352/1220/1284 1354/1222/1286
f 1355/1223/1287 1354/1222/1286 1356/1224/1288
f 1357/1225/1289 1356/1224/1288 1316/1195/1248
f 1358/1226/1290 1362/1227/1294 1359/504/1291
f 1361/1228/1293 1364/1229/1296 1362/1227/1294
f 1363/1230/1295 1366/1231/1298 1364/1229/1296
f 1365/1232/1297 1367/1233/1299 1366/1231/1298
f 1330/1205/1262 1329/1204/1261 1367/1233/1299
f 1368/508/1300 1372/1235/1304 1369/1234/1301
f 1371/1236/1303 1374/1237/1306 1369/1234/1301
f 1373/1238/1305 1376/1239/1308 1374/1237/1306
f 1375/1240/1307 1377/1241/1309 1376/1239/1308
f 1333/1207/1265 1332/1206/1264 1377/1241/1309
f 1378/1242/1310 1382/1275/1314 1379/522/1311
f 1378/1242/1310 1383/1244/1315 1381/1243/1313
f 1383/1244/1315 1385/1246/1317 1384/1245/1316
f 1385/1246/1317 1387/1248/1319 1386/1247/1318
f 1387/1248/1319 1334/1208/1266 1336/1249/1268
f 1388/526/1320 1391/1251/1323 1389/1250/1321
f 1391/1251/1323 1393/1253/1325 1392/1252/1324
f 1393/1253/1325 1395/1255/1327 1394/1254/1326
f 1395/1255/1327 1397/1257/1329 1396/1256/1328
f 1397/1257/1329 1337/1209/1269 1339/1258/1271
f 1398/262/1330 1401/1261/1333 1399/1259/1331
f 1401/1261/1333 1403/1263/1335 1402/1260/1334
f 1403/1263/1335 1405/1265/1337 1404/1262/1336
f 1405/1265/1337 1407/1266/1339 1406/1264/1338
f 1407/1266/1339 1559/1203/1461 1325/1202/1257
f 1408/257/1340 1411/1269/1343 1409/1267/1341
f 1411/1269/1343 1413/1271/1345 1412/1268/1344
f 1413/1271/1345 1415/1273/1347 1414/1270/1346
f 1415/1273/1347 1417/1274/1349 1416/1272/1348
f 1417/1274/1349 1558/1201/1460 1322/1199/1254
f 1297/262/1229 1458/262/1330 1418/260/1350
f 1308/255/1240 1307/257/1239 1419/257/1351
f 1247/241/1179 1450/241/1380 1421/1219/1353
f 1482/242/1410 1213/240/1145 1478/240/1406
f 1237/247/1169 1453/247/1383 1424/1212/1356
f 1216/246/1148 1469/246/1397 1425/249/1357
f 1220/1200/1152 1555/256/1458 1427/256/1359
f 1524/261/1438 1327/261/1259 1326/263/1258
f 1226/505/1158 1556/507/1459 1431/507/1363
f 1257/504/1189 1445/504/1375 1433/1227/1365
f 1267/508/1199 1269/1235/1201 1434/1235/1304
f 1501/513/1423 1502/513/1424 1331/511/1263
f 1233/519/1165 1232/521/1164 1438/521/1267
f 1276/522/1208 1461/522/1390 1440/1275/1370
f 1286/526/1218 1288/1251/1220 1442/1251/1372
f 1235/527/1167 1520/527/1270 1444/525/1374
f 1259/501/1191 1463/501/1391 1445/504/1375
f 1267/508/1199 1435/508/1366 1446/510/1376
f 1249/243/1181 1248/1218/1180 1448/1218/1378
f 1249/243/1181 1449/243/1379 1450/241/1380
f 1239/248/1171 1238/1210/1170 1451/1210/1381
f 1239/248/1171 1452/248/1382 1453/247/1383
f 1308/255/1240 1420/255/1352 1454/1267/1384
f 1307/257/1239 1310/1269/1242 1455/1269/1385
f 1298/260/1230 1418/260/1350 1456/1259/1386
f 1297/262/1229 1300/1261/1232 1457/1261/1387
f 1466/528/1394 1286/526/1218 1443/526/1373
f 1276/522/1208 1278/520/1210 1460/520/1389
f 1259/501/1191 1258/1226/1190 1462/1226/1290
f 1564/510/1377 1370/510/1302 1369/1234/1301
f 1278/520/1210 1277/1242/1209 1465/1242/1393
f 1459/528/1388 1390/528/1322 1389/1250/1321
f 1216/246/1148 1218/1198/1150 1468/1198/1396
f 1244/1215/1176 1471/1215/1399 1468/1198/1396
f 1244/1215/1176 1242/1213/1174 1470/1213/1398
f 1242/1213/1174 1240/1211/1172 1472/1211/1400
f 1240/1211/1172 1241/1212/1173 1424/1212/1356
f 1565/249/1464 1557/249/1357 1319/1197/1251
f 1246/1217/1178 1217/1197/1149 1473/1197/1401
f 1245/1216/1177 1246/1217/1178 1474/1217/1402
f 1243/1214/1175 1245/1216/1177 1475/1216/1403
f 1243/1214/1175 1476/1214/1404 1451/1210/1381
f 1213/240/1145 1215/1196/1147 1477/1196/1405
f 1256/1225/1188 1479/1225/1407 1477/1196/1405
f 1254/1223/1186 1480/1223/1408 1479/1225/1407
f 1252/1221/1184 1481/1221/1409 1480/1223/1408
f 1252/1221/1184 1250/1219/1182 1421/1219/1353
f 1422/242/1354 1423/242/1355 1316/1195/1248
f 1255/1224/1187 1214/1195/1146 1483/1195/1411
f 1255/1224/1187 1484/1224/1412 1485/1222/1286
f 1253/1222/1185 1485/1222/1286 1486/1220/1413
f 1251/1220/1183 1486/1220/1413 1448/1218/1378
f 1556/507/1459 1225/1204/1157 1489/1204/1261
f 1266/1233/1198 1491/1233/1299 1489/1204/1261
f 1266/1233/1198 1264/1231/1196 1490/1231/1298
f 1264/1231/1196 1262/1229/1194 1492/1229/1415
f 1262/1229/1194 1260/1227/1192 1433/1227/1365
f 1226/505/1158 1432/505/1364 1493/1205/1416
f 1265/1232/1197 1227/1205/1159 1493/1205/1416
f 1263/1230/1195 1265/1232/1197 1494/1232/1417
f 1261/1228/1193 1263/1230/1195 1495/1230/1418
f 1261/1228/1193 1496/1228/1419 1462/1226/1290
f 1229/511/1161 1437/511/1368 1497/1207/1420
f 1274/1240/1206 1230/1207/1162 1497/1207/1420
f 1272/1238/1204 1274/1240/1206 1498/1240/1421
f 1270/1236/1202 1272/1238/1204 1499/1238/1305
f 1270/1236/1202 1500/1236/1422 1434/1235/1304
f 1436/513/1367 1228/1206/1160 1503/1206/1264
f 1275/1241/1207 1505/1241/1425 1503/1206/1264
f 1275/1241/1207 1273/1239/1205 1504/1239/1308
f 1273/1239/1205 1271/1237/1203 1506/1237/1426
f 1271/1237/1203 1268/1234/1200 1464/1234/1392
f 1232/521/1164 1285/1249/1217 1507/1249/1427
f 1283/1247/1215 1508/1247/1428 1507/1249/1427
f 1281/1245/1213 1509/1245/1429 1508/1247/1428
f 1279/1243/1211 1510/1243/1430 1509/1245/1429
f 1279/1243/1211 1441/1275/1371 1440/1275/1370
f 1233/519/1165 1439/519/1369 1511/1208/1266
f 1284/1248/1216 1231/1208/1163 1511/1208/1266
f 1284/1248/1216 1512/1248/1431 1513/1246/1432
f 1282/1246/1214 1513/1246/1432 1514/1244/1315
f 1280/1244/1212 1514/1244/1315 1465/1242/1393
f 1236/525/1168 1444/525/1374 1515/1209/1433
f 1294/1257/1226 1234/1209/1166 1515/1209/1433
f 1292/1255/1224 1294/1257/1226 1516/1257/1434
f 1290/1253/1222 1292/1255/1224 1517/1255/1327
f 1290/1253/1222 1518/1253/1325 1442/1251/1372
f 1235/527/1167 1295/1258/1227 1519/1258/1435
f 1293/1256/1225 1522/1256/1437 1519/1258/1435
f 1293/1256/1225 1291/1254/1223 1521/1254/1436
f 1291/1254/1223 1289/1252/1221 1523/1252/1324
f 1289/1252/1221 1287/1250/1219 1467/1250/1395
f 1429/261/1361 1222/1202/1154 1525/1202/1439
f 1303/1264/1235 1527/1264/1441 1525/1202/1439
f 1303/1264/1235 1301/1262/1233 1526/1262/1440
f 1301/1262/1233 1299/1260/1231 1528/1260/1442
f 1299/1260/1231 1296/1259/1228 1456/1259/1386
f 1223/263/1155 1430/263/1362 1529/1203/1443
f 1305/1266/1237 1224/1203/1156 1529/1203/1443
f 1304/1265/1236 1305/1266/1237 1530/1266/1444
f 1302/1263/1234 1304/1265/1236 1531/1265/1445
f 1302/1263/1234 1532/1263/1335 1457/1261/1387
f 1555/256/1458 1219/1199/1151 1534/1199/1447
f 1313/1272/1245 1535/1272/1448 1534/1199/1447
f 1311/1270/1243 1536/1270/1449 1535/1272/1448
f 1309/1268/1241 1537/1268/1450 1536/1270/1449
f 1309/1268/1241 1306/1267/1238 1454/1267/1384
f 1220/1200/1152 1428/1200/1360 1538/1201/1451
f 1315/1274/1247 1221/1201/1153 1538/1201/1451
f 1315/1274/1247 1539/1274/1452 1540/1273/1347
f 1314/1273/1246 1540/1273/1347 1541/1271/1345
f 1312/1271/1244 1541/1271/1345 1455/1269/1385
