# Blender 4.4.3
# www.blender.org
mtllib Untitled.mtl
o hash_06463091.model
v -0.067776 -0.994676 0.009782
v -0.056229 -0.957734 0.037474
v -0.069765 -0.982470 0.048187
v -0.072939 -0.944972 0.070313
v -0.080718 -0.970376 0.084865
v -0.090802 -0.929082 0.102476
v -0.087820 -0.950077 0.118985
v -0.108682 -0.929710 0.144064
v -0.113362 -0.910156 0.130297
v -0.153495 -0.918709 0.151064
v -0.161111 -0.900023 0.134625
v -0.200143 -0.924637 0.140090
v -0.223683 -0.921241 0.097837
v -0.224756 -0.946022 0.111998
v -0.232512 -0.941863 0.065443
v -0.233266 -0.970480 0.074244
v -0.240650 -0.960088 0.026334
v -0.240054 -0.987044 0.037647
v -0.234025 -0.998558 0.001467
v -0.053172 -0.970268 0.002153
v -0.059802 -0.930908 0.020663
v -0.074162 -0.920541 0.053798
v -0.092942 -0.909685 0.086161
v -0.114631 -0.895341 0.115643
v -0.163969 -0.882984 0.118283
v -0.204699 -0.901398 0.125264
v -0.233363 -0.895112 0.096184
v -0.245114 -0.914028 0.061613
v -0.254175 -0.932965 0.022626
v -0.260252 -0.947057 -0.013259
v -0.251506 -0.973543 -0.006671
v -0.049725 -0.939705 -0.007000
v -0.047827 -0.907755 0.016346
v -0.052108 -0.902529 0.053556
v -0.075033 -0.894725 0.074337
v -0.111398 -0.901175 0.086407
v -0.160956 -0.891168 0.093565
v -0.199902 -0.880132 0.101849
v -0.206635 -0.882575 0.116990
v -0.220544 -0.892364 0.082645
v -0.240952 -0.902209 0.049527
v -0.267130 -0.921524 -0.019256
v -0.051195 -0.911069 -0.018837
v -0.048602 -0.879240 0.011282
v -0.068620 -0.877804 0.029854
v -0.085888 -0.874183 0.058037
v -0.104528 -0.872601 0.091062
v -0.147032 -0.868540 0.097647
v -0.189161 -0.866553 0.093317
v -0.221681 -0.869971 0.075778
v -0.237504 -0.881141 0.042752
v -0.258786 -0.908773 0.015168
v -0.256131 -0.898856 -0.026699
v -0.048717 -0.883341 -0.023387
v -0.061625 -0.850954 -0.005893
v -0.061519 -0.851660 0.027111
v -0.072894 -0.845854 0.057575
v -0.102033 -0.856063 0.058482
v -0.140101 -0.859289 0.062413
v -0.180189 -0.854972 0.072027
v -0.213600 -0.848725 0.059379
v -0.236388 -0.866204 -0.000431
v -0.237100 -0.893377 0.001700
v -0.243736 -0.873085 -0.031093
v -0.046162 -0.850152 -0.023868
v -0.063650 -0.812370 -0.002320
v -0.080116 -0.820381 0.034514
v -0.104311 -0.825589 0.054213
v -0.132196 -0.827242 0.075239
v -0.161126 -0.830030 0.061761
v -0.188465 -0.833051 0.039043
v -0.215299 -0.834825 0.018096
v -0.235992 -0.854945 0.034349
v -0.241312 -0.836413 -0.001333
v -0.234911 -0.843200 -0.033011
v -0.046039 -0.808706 -0.025091
v -0.059517 -0.774809 0.001109
v -0.055826 -0.779849 0.030930
v -0.056414 -0.816455 0.029820
v -0.082978 -0.786310 0.035443
v -0.100453 -0.793866 0.062487
v -0.129034 -0.796356 0.077275
v -0.153960 -0.800522 0.055599
v -0.180325 -0.804058 0.034583
v -0.206879 -0.805883 0.014735
v -0.235536 -0.806808 -0.001246
v -0.235028 -0.812240 -0.032201
v -0.049177 -0.769867 -0.026161
v -0.053600 -0.741412 0.002232
v -0.057380 -0.746820 0.027836
v -0.081475 -0.753256 0.041801
v -0.096928 -0.761575 0.068930
v -0.125754 -0.766032 0.074858
v -0.151786 -0.769565 0.055413
v -0.178558 -0.772662 0.036910
v -0.200585 -0.775549 0.013062
v -0.228733 -0.777630 -0.002695
v -0.236781 -0.782829 -0.031340
v -0.052904 -0.736238 -0.026595
v -0.051408 -0.710627 0.002781
v -0.062235 -0.716142 0.025639
v -0.079524 -0.722745 0.046965
v -0.095444 -0.729866 0.071949
v -0.124555 -0.733430 0.073362
v -0.150256 -0.737414 0.055706
v -0.175827 -0.741391 0.037504
v -0.198048 -0.745572 0.015594
v -0.219763 -0.749287 -0.006379
v -0.235552 -0.753993 -0.030235
v -0.058707 -0.704849 -0.025663
v -0.053954 -0.679483 0.004097
v -0.067012 -0.685735 0.026090
v -0.077549 -0.693112 0.051016
v -0.095412 -0.700032 0.072211
v -0.123345 -0.703593 0.070359
v -0.148343 -0.707748 0.054533
v -0.172502 -0.712243 0.036870
v -0.195440 -0.716825 0.017642
v -0.212599 -0.721283 -0.006876
v -0.231170 -0.725894 -0.029024
v -0.061292 -0.673191 -0.023995
v -0.056198 -0.643821 0.006006
v -0.067448 -0.651971 0.029509
v -0.075741 -0.661008 0.054771
v -0.095163 -0.668514 0.072634
v -0.122257 -0.673372 0.068318
v -0.146482 -0.678073 0.053537
v -0.169420 -0.683004 0.036438
v -0.191521 -0.687992 0.018191
v -0.209407 -0.692833 -0.004035
v -0.224836 -0.697740 -0.028031
v -0.060282 -0.636029 -0.021943
v -0.056785 -0.605764 0.008014
v -0.064825 -0.615038 0.032946
v -0.074191 -0.624639 0.057278
v -0.094373 -0.632840 0.073232
v -0.121041 -0.639203 0.068756
v -0.144912 -0.645005 0.054633
v -0.167114 -0.650646 0.037805
v -0.188087 -0.656154 0.019378
v -0.206106 -0.661519 -0.001826
v -0.218030 -0.667080 -0.027011
v -0.058215 -0.597152 -0.019138
v -0.056867 -0.571375 0.009136
v -0.063043 -0.580883 0.033868
v -0.073705 -0.590363 0.057150
v -0.094175 -0.598724 0.072138
v -0.120127 -0.605685 0.069166
v -0.143603 -0.611912 0.056308
v -0.165418 -0.617967 0.040472
v -0.185342 -0.623855 0.022081
v -0.201815 -0.629584 0.000389
v -0.212909 -0.635460 -0.024581
v -0.056212 -0.562371 -0.016535
v -0.056704 -0.540048 0.010121
v -0.063168 -0.549379 0.033908
v -0.074507 -0.558714 0.055972
v -0.094250 -0.567297 0.070539
v -0.119319 -0.574653 0.069076
v -0.142416 -0.581182 0.057654
v -0.163795 -0.587529 0.042825
v -0.183093 -0.593703 0.025095
v -0.198486 -0.599667 0.003699
v -0.207770 -0.605735 -0.021187
v -0.055161 -0.530955 -0.014214
v -0.056553 -0.509919 0.011334
v -0.063358 -0.519566 0.034072
v -0.074905 -0.529097 0.055048
v -0.094068 -0.537966 0.069329
v -0.118490 -0.545653 0.069098
v -0.141316 -0.552559 0.058982
v -0.162457 -0.559212 0.045215
v -0.181537 -0.565675 0.028360
v -0.195882 -0.571782 0.007129
v -0.202326 -0.578012 -0.017924
v -0.053821 -0.500324 -0.011956
v -0.054242 -0.477969 0.013302
v -0.062111 -0.488612 0.035279
v -0.074231 -0.498843 0.055461
v -0.093367 -0.508315 0.069278
v -0.117423 -0.516736 0.070370
v -0.140326 -0.524331 0.061274
v -0.161500 -0.531529 0.048251
v -0.180780 -0.538474 0.032270
v -0.192237 -0.544746 0.009932
v -0.197976 -0.551236 -0.014885
v -0.050102 -0.466944 -0.009446
v -0.050591 -0.443983 0.015772
v -0.059347 -0.455318 0.037553
v -0.072481 -0.466208 0.057277
v -0.091760 -0.476464 0.071338
v -0.115969 -0.485721 0.073483
v -0.139446 -0.494091 0.065404
v -0.161346 -0.502134 0.053226
v -0.180394 -0.509710 0.036798
v -0.188776 -0.516640 0.012872
v -0.196737 -0.523655 -0.011393
v -0.045376 -0.432183 -0.006858
v -0.046707 -0.409950 0.018216
v -0.056329 -0.421984 0.039874
v -0.070545 -0.433479 0.059193
v -0.090180 -0.444351 0.073206
v -0.114454 -0.454322 0.076742
v -0.138582 -0.463374 0.069983
v -0.161363 -0.472100 0.058837
v -0.179379 -0.479990 0.040989
v -0.186678 -0.487407 0.016131
v -0.198154 -0.495000 -0.007059
v -0.040387 -0.397405 -0.004336
v -0.042574 -0.375867 0.020680
v -0.053382 -0.388576 0.042112
v -0.068540 -0.400716 0.061105
v -0.088549 -0.412229 0.075280
v -0.112930 -0.422892 0.080091
v -0.137756 -0.432651 0.074814
v -0.161308 -0.442002 0.064417
v -0.177849 -0.450211 0.044707
v -0.186421 -0.458163 0.019865
v -0.199678 -0.466329 -0.002830
v -0.035387 -0.362588 -0.001894
v -0.038349 -0.341719 0.023124
v -0.050346 -0.355111 0.044356
v -0.066430 -0.367936 0.063077
v -0.087000 -0.380072 0.077182
v -0.111411 -0.391427 0.083390
v -0.136903 -0.401902 0.079813
v -0.161004 -0.411788 0.069583
v -0.175882 -0.420400 0.048114
v -0.188413 -0.429121 0.024721
v -0.198991 -0.437511 0.000401
v -0.030563 -0.327731 0.000373
v -0.033761 -0.307536 0.025542
v -0.047041 -0.321613 0.046733
v -0.064192 -0.335146 0.065212
v -0.085323 -0.347935 0.079371
v -0.109896 -0.359938 0.086741
v -0.135976 -0.371093 0.084760
v -0.160415 -0.381463 0.074295
v -0.175050 -0.390557 0.051769
v -0.190558 -0.400062 0.029466
v -0.195791 -0.408896 0.003355
v -0.024866 -0.293091 0.002255
v -0.027157 -0.273607 0.028026
v -0.041811 -0.288386 0.050101
v -0.061138 -0.302500 0.068189
v -0.083306 -0.315898 0.082303
v -0.108377 -0.328460 0.090413
v -0.135005 -0.340199 0.089586
v -0.159909 -0.351065 0.078845
v -0.175729 -0.360771 0.056081
v -0.191460 -0.370789 0.033204
v -0.191265 -0.380511 0.006067
v -0.017171 -0.259060 0.003048
v -0.017085 -0.240542 0.031403
v -0.033903 -0.255760 0.054518
v -0.055730 -0.270407 0.072882
v -0.079905 -0.284307 0.087247
v -0.106573 -0.297185 0.095340
v -0.134290 -0.309336 0.094945
v -0.159376 -0.320539 0.082864
v -0.177389 -0.331073 0.060965
v -0.190075 -0.341429 0.035640
v -0.187304 -0.352051 0.007982
v -0.010823 -0.225401 0.002659
v -0.009074 -0.207063 0.036799
v -0.023398 -0.224562 0.062838
v -0.048238 -0.239581 0.080218
v -0.075976 -0.252968 0.092403
v -0.104530 -0.266058 0.100532
v -0.133786 -0.278414 0.099852
v -0.160057 -0.290097 0.087440
v -0.178138 -0.301153 0.064697
v -0.187319 -0.312148 0.037121
v -0.185696 -0.323379 0.008597
v -0.195794 -0.184762 0.030762
v -0.196591 -0.161781 0.000986
v -0.196176 -0.194654 0.003795
v -0.195582 -0.153345 0.027994
v -0.194248 -0.129171 -0.001928
v -0.193675 -0.122604 0.024855
v -0.191273 -0.097267 -0.004787
v -0.187777 -0.067715 0.008671
v -0.187316 -0.063655 0.008562
v -0.187665 -0.065387 -0.007075
v -0.183479 -0.031895 0.018175
v -0.183330 -0.032885 -0.008284
v -0.179576 -0.000844 0.017172
v -0.180064 0.000319 -0.007857
v -0.174672 0.030574 0.016113
v -0.175573 0.030196 -0.009093
v -0.189081 -0.175553 0.056989
v -0.188518 -0.145606 0.053966
v -0.187300 -0.116379 0.050943
v -0.190950 -0.092473 0.022013
v -0.184685 -0.087720 0.048082
v -0.189429 -0.065867 0.023364
v -0.181307 -0.059032 0.045701
v -0.187068 -0.062427 0.019642
v -0.177634 -0.029821 0.043922
v -0.174239 0.000115 0.042507
v -0.176689 -0.166923 0.080984
v -0.176291 -0.138464 0.077827
v -0.175185 -0.110731 0.074906
v -0.172754 -0.083357 0.072084
v -0.183665 -0.062779 0.049462
v -0.171806 -0.055799 0.073254
v -0.166860 -0.027734 0.067995
v -0.164430 0.001122 0.066738
v -0.169113 0.030410 0.040535
v -0.157124 -0.158661 0.099253
v -0.157830 -0.131605 0.097232
v -0.156560 -0.105366 0.094110
v -0.154766 -0.079294 0.091835
v -0.152657 -0.052954 0.090075
v -0.153638 -0.040756 0.092918
v -0.150597 -0.026079 0.088738
v -0.143082 0.028645 0.083090
v -0.158287 0.030181 0.063053
v -0.132578 -0.150830 0.109482
v -0.133097 -0.125671 0.107403
v -0.132486 -0.100834 0.105895
v -0.131339 -0.076015 0.104560
v -0.129805 -0.050920 0.103406
v -0.140657 -0.025636 0.099803
v -0.148347 0.001396 0.087116
v -0.123036 0.026843 0.098132
v -0.106388 -0.143481 0.113563
v -0.106817 -0.119944 0.112893
v -0.106419 -0.096566 0.112613
v -0.105727 -0.073024 0.112658
v -0.104893 -0.049106 0.112791
v -0.128497 -0.025253 0.102931
v -0.104015 -0.024710 0.112757
v -0.128530 0.000774 0.104500
v -0.102985 0.000137 0.112298
v -0.114928 0.026163 0.102085
v -0.080054 -0.136262 0.115459
v -0.080638 -0.114337 0.118604
v -0.080603 -0.092244 0.120097
v -0.080228 -0.069921 0.120730
v -0.079596 -0.047241 0.120850
v -0.078931 -0.024131 0.120975
v -0.076464 0.022891 0.117895
v -0.100275 0.024936 0.109230
v -0.054179 -0.130111 0.121214
v -0.054533 -0.109256 0.124291
v -0.054573 -0.088214 0.126075
v -0.054370 -0.066924 0.126986
v -0.054044 -0.045295 0.127729
v -0.053631 -0.023291 0.128115
v -0.078072 -0.000656 0.120703
v -0.051982 0.021231 0.124000
v -0.028309 -0.124243 0.126638
v -0.028470 -0.104097 0.129430
v -0.028449 -0.083896 0.130675
v -0.028292 -0.063542 0.131285
v -0.027971 -0.042982 0.131543
v -0.027546 -0.022149 0.131404
v -0.053223 -0.001048 0.127209
v -0.026873 0.019924 0.126875
v -0.002129 -0.116131 0.130270
v -0.002150 -0.096953 0.132032
v -0.002139 -0.077850 0.132802
v -0.002075 -0.058668 0.133743
v -0.001966 -0.039277 0.135003
v -0.001893 -0.019563 0.135648
v -0.027180 -0.001126 0.130122
v -0.002022 0.000358 0.134356
v -0.001926 -0.147972 0.117312
v -0.026690 -0.155499 0.115456
v -0.051481 -0.160507 0.111374
v -0.076675 -0.167761 0.111953
v -0.102253 -0.175696 0.114044
v -0.128500 -0.183456 0.111311
v -0.153991 -0.191497 0.102681
v -0.174239 -0.199907 0.084603
v -0.187839 -0.208443 0.060734
v -0.194989 -0.217474 0.034178
v -0.001771 -0.171876 0.088418
v -0.024602 -0.179915 0.091158
v -0.045917 -0.190165 0.099774
v -0.070092 -0.199099 0.107265
v -0.096421 -0.207571 0.111691
v -0.123785 -0.215857 0.110560
v -0.150010 -0.224293 0.102227
v -0.171205 -0.232701 0.084800
v -0.185760 -0.241221 0.061608
v -0.193777 -0.226731 0.006574
v -0.192922 -0.250056 0.035277
v -0.022211 -0.205888 0.069648
v -0.000903 -0.196095 0.051844
v -0.041829 -0.219228 0.087157
v -0.067272 -0.229452 0.097907
v -0.094340 -0.238502 0.103393
v -0.121415 -0.247777 0.104944
v -0.147757 -0.256954 0.099665
v -0.168989 -0.265426 0.083183
v -0.183660 -0.273916 0.060902
v -0.191950 -0.258960 0.008090
v -0.189407 -0.282402 0.034882
v -0.000832 -0.195657 0.036564
v -0.188164 -0.291067 0.008521
v 0.185493 -0.322001 0.010117
v 0.180361 -0.339631 -0.017754
v 0.179892 -0.310419 -0.017804
v 0.186226 -0.350736 0.009529
v 0.179519 -0.368843 -0.017485
v 0.191145 -0.378963 0.006661
v 0.178707 -0.398060 -0.017354
v 0.196190 -0.407170 0.002903
v 0.181622 -0.426967 -0.019127
v 0.197446 -0.435914 -0.000583
v 0.189673 -0.454196 -0.026279
v 0.195502 -0.464525 -0.005093
v 0.196925 -0.481655 -0.033136
v 0.193127 -0.493050 -0.009955
v 0.200095 -0.510431 -0.037719
v 0.193368 -0.521796 -0.013855
v 0.199576 -0.538708 -0.041964
v 0.197269 -0.549239 -0.017209
v 0.201481 -0.565622 -0.046190
v 0.203061 -0.575861 -0.020619
v 0.208238 -0.592989 -0.050660
v 0.208547 -0.603526 -0.024375
v 0.216062 -0.622169 -0.055366
v 0.213584 -0.633188 -0.028080
v 0.222103 -0.653693 -0.059046
v 0.219077 -0.664711 -0.030582
v 0.226912 -0.685475 -0.061429
v 0.224412 -0.695511 -0.032258
v 0.233986 -0.714607 -0.062970
v 0.227381 -0.724752 -0.034165
v 0.240452 -0.743099 -0.064034
v 0.228224 -0.753393 -0.036132
v 0.243789 -0.772213 -0.064434
v 0.231890 -0.781793 -0.037571
v 0.245232 -0.801630 -0.063864
v 0.237773 -0.809891 -0.036249
v 0.243208 -0.832344 -0.061095
v 0.244727 -0.838724 -0.033354
v 0.240688 -0.862928 -0.057739
v 0.254747 -0.866829 -0.030428
v 0.239052 -0.889528 -0.054442
v 0.264033 -0.892651 -0.029154
v 0.236616 -0.915694 -0.050688
v 0.264050 -0.918490 -0.025236
v 0.233510 -0.943402 -0.046689
v 0.260332 -0.945021 -0.018122
v 0.245410 -0.973412 -0.046916
v 0.249016 -1.001270 -0.000574
v 0.242702 -1.006327 -0.042992
v 0.243136 -1.004278 -0.043321
v 0.167965 -0.328456 -0.042902
v 0.169171 -0.298892 -0.044567
v 0.168412 -0.358060 -0.041946
v 0.169871 -0.387615 -0.041918
v 0.172397 -0.417054 -0.043538
v 0.171034 -0.446601 -0.043284
v 0.173465 -0.475916 -0.045250
v 0.180813 -0.503941 -0.051695
v 0.190218 -0.529724 -0.062074
v 0.198953 -0.555221 -0.070833
v 0.204092 -0.582780 -0.076768
v 0.210136 -0.612315 -0.082372
v 0.217437 -0.643888 -0.087862
v 0.220916 -0.676890 -0.090029
v 0.223609 -0.707058 -0.090870
v 0.223582 -0.736223 -0.089657
v 0.222251 -0.765710 -0.087238
v 0.220078 -0.795671 -0.084529
v 0.217101 -0.826934 -0.081366
v 0.215793 -0.858705 -0.079577
v 0.217738 -0.886077 -0.081173
v 0.223055 -0.912780 -0.083995
v 0.230228 -0.941096 -0.084625
v 0.240133 -0.972685 -0.083669
v 0.236177 -1.006280 -0.080256
v 0.236766 -1.004246 -0.080546
v 0.152670 -0.317491 -0.066739
v 0.153435 -0.287452 -0.069263
v 0.152192 -0.347616 -0.064650
v 0.151630 -0.377712 -0.062319
v 0.150770 -0.407732 -0.059464
v 0.153773 -0.437231 -0.061262
v 0.159306 -0.466094 -0.067053
v 0.159950 -0.496007 -0.067587
v 0.166394 -0.523872 -0.073836
v 0.175939 -0.548761 -0.084830
v 0.185419 -0.574677 -0.095920
v 0.192745 -0.603992 -0.104111
v 0.199011 -0.635997 -0.110702
v 0.201777 -0.669890 -0.113042
v 0.203952 -0.700839 -0.114655
v 0.205913 -0.730295 -0.115790
v 0.207510 -0.760028 -0.116144
v 0.208575 -0.790512 -0.115362
v 0.209180 -0.822590 -0.113466
v 0.210784 -0.855815 -0.112680
v 0.213499 -0.883683 -0.115028
v 0.218163 -0.939006 -0.114977
v 0.216344 -0.910564 -0.117227
v 0.224859 -0.971574 -0.110264
v 0.220764 -1.006085 -0.104373
v 0.221433 -1.004026 -0.104878
v 0.129759 -0.306003 -0.082695
v 0.129630 -0.275606 -0.086261
v 0.129985 -0.336611 -0.080628
v 0.130347 -0.367277 -0.079090
v 0.130739 -0.397932 -0.077490
v 0.130885 -0.428467 -0.075451
v 0.133272 -0.458233 -0.072497
v 0.136890 -0.488163 -0.077848
v 0.142840 -0.516290 -0.085983
v 0.153489 -0.540566 -0.099257
v 0.160757 -0.567563 -0.109055
v 0.166832 -0.597377 -0.116665
v 0.171539 -0.629818 -0.123481
v 0.174235 -0.664274 -0.125734
v 0.176429 -0.695856 -0.127706
v 0.178762 -0.725591 -0.130365
v 0.180748 -0.755633 -0.132369
v 0.182116 -0.786613 -0.132868
v 0.183142 -0.819515 -0.132382
v 0.184178 -0.853915 -0.130567
v 0.185560 -0.882392 -0.130157
v 0.187035 -0.909566 -0.130399
v 0.187965 -0.938084 -0.128712
v 0.188342 -0.969222 -0.119612
v 0.199104 -1.003759 -0.128258
v 0.102135 -0.293613 -0.088227
v 0.100447 -0.262691 -0.091781
v 0.103009 -0.324765 -0.085642
v 0.103637 -0.355984 -0.083325
v 0.104748 -0.386916 -0.078627
v 0.105843 -0.417917 -0.075343
v 0.108880 -0.448296 -0.080786
v 0.116782 -0.476570 -0.091751
v 0.123441 -0.505240 -0.101519
v 0.128614 -0.533164 -0.108160
v 0.134453 -0.561357 -0.112112
v 0.138737 -0.591530 -0.117225
v 0.141419 -0.624143 -0.125781
v 0.143801 -0.659139 -0.129055
v 0.145478 -0.691419 -0.130410
v 0.146799 -0.721568 -0.133126
v 0.147886 -0.751958 -0.135251
v 0.148759 -0.783422 -0.135811
v 0.149568 -0.817053 -0.135560
v 0.150345 -0.852332 -0.132543
v 0.150598 -0.881310 -0.131038
v 0.150552 -0.908747 -0.132033
v 0.150365 -0.937888 -0.130078
v 0.152773 -1.006130 -0.133894
v 0.152519 -1.004009 -0.133620
v 0.074003 -0.280190 -0.084492
v 0.070832 -0.248831 -0.088911
v 0.076145 -0.311886 -0.081398
v 0.077679 -0.343466 -0.077158
v 0.079065 -0.374954 -0.077663
v 0.082660 -0.405690 -0.085587
v 0.086878 -0.436717 -0.091974
v 0.092068 -0.468207 -0.094559
v 0.099848 -0.498893 -0.093329
v 0.108355 -0.527003 -0.091806
v 0.110825 -0.555585 -0.097206
v 0.110893 -0.585615 -0.108553
v 0.112363 -0.618735 -0.117173
v 0.113974 -0.654329 -0.121544
v 0.115377 -0.687363 -0.123312
v 0.115768 -0.717896 -0.126598
v 0.115744 -0.748596 -0.129571
v 0.116132 -0.780538 -0.130147
v 0.116656 -0.814947 -0.129678
v 0.117291 -0.851087 -0.127752
v 0.116173 -0.880678 -0.127241
v 0.114825 -0.908650 -0.127627
v 0.148151 -0.970396 -0.124535
v 0.113717 -0.938720 -0.125155
v 0.111726 -1.006167 -0.120359
v 0.111793 -1.004289 -0.120039
v 0.047575 -0.266234 -0.073186
v 0.041703 -0.235119 -0.080596
v 0.051192 -0.298501 -0.070616
v 0.051542 -0.330971 -0.073723
v 0.054901 -0.363517 -0.075146
v 0.061679 -0.395561 -0.075087
v 0.071028 -0.426992 -0.073543
v 0.079831 -0.458492 -0.071780
v 0.085017 -0.490621 -0.071725
v 0.085047 -0.520054 -0.079432
v 0.084437 -0.548808 -0.088436
v 0.086355 -0.579903 -0.093813
v 0.088358 -0.613728 -0.098831
v 0.088853 -0.649896 -0.103961
v 0.090114 -0.683821 -0.105337
v 0.091721 -0.714809 -0.105674
v 0.093959 -0.745849 -0.105153
v 0.096947 -0.778137 -0.103547
v 0.099898 -0.813028 -0.101779
v 0.101796 -0.849891 -0.100551
v 0.100864 -0.880038 -0.102137
v 0.096833 -0.908417 -0.104782
v 0.113423 -0.974299 -0.117720
v 0.090424 -0.939028 -0.103913
v 0.096229 -1.006280 -0.093165
v 0.094986 -1.004473 -0.093656
v 0.026575 -0.251771 -0.053857
v 0.019776 -0.219404 -0.061198
v 0.032374 -0.284934 -0.051107
v 0.037730 -0.318221 -0.051017
v 0.045665 -0.350920 -0.050640
v 0.052338 -0.383793 -0.050574
v 0.056572 -0.416965 -0.052092
v 0.059123 -0.450084 -0.055701
v 0.061940 -0.483151 -0.059326
v 0.065382 -0.513758 -0.062242
v 0.068083 -0.543181 -0.065627
v 0.069971 -0.574511 -0.069598
v 0.071720 -0.608709 -0.073901
v 0.073828 -0.645517 -0.077327
v 0.074199 -0.680400 -0.079180
v 0.072458 -0.711961 -0.080882
v 0.071202 -0.743510 -0.081935
v 0.072879 -0.776370 -0.081474
v 0.076284 -0.812406 -0.079354
v 0.080200 -0.849921 -0.075427
v 0.082862 -0.880247 -0.074011
v 0.084770 -0.908827 -0.074147
v 0.081331 -0.975619 -0.100266
v 0.083044 -0.939700 -0.071732
v 0.078709 -1.006280 -0.067656
v 0.077274 -1.004537 -0.068078
v 0.014179 -0.237438 -0.028142
v 0.007808 -0.203740 -0.034163
v 0.021633 -0.271295 -0.025805
v 0.027887 -0.305394 -0.025639
v 0.032429 -0.339650 -0.026902
v 0.036944 -0.373784 -0.028633
v 0.041603 -0.407806 -0.030538
v 0.046762 -0.441682 -0.032566
v 0.052196 -0.475448 -0.034604
v 0.056220 -0.507113 -0.036831
v 0.058343 -0.537093 -0.039397
v 0.060522 -0.568532 -0.042346
v 0.062883 -0.603107 -0.045537
v 0.064896 -0.640850 -0.048375
v 0.065776 -0.676985 -0.049776
v 0.065358 -0.709056 -0.050079
v 0.065134 -0.740691 -0.050299
v 0.066923 -0.773635 -0.050352
v 0.067648 -0.810975 -0.049801
v 0.065765 -0.850400 -0.048303
v 0.061988 -0.881974 -0.048004
v 0.060237 -0.910766 -0.046896
v 0.064310 -0.976686 -0.072544
v 0.062243 -0.941436 -0.042722
v 0.076217 -1.004517 -0.030301
v 0.007766 -0.216865 0.001768
v 0.017017 -0.258555 0.001802
v 0.010785 -0.224815 0.001787
v 0.024588 -0.292601 0.001068
v 0.029950 -0.327298 -0.000392
v 0.034643 -0.362201 -0.002223
v 0.039352 -0.397105 -0.004201
v 0.044114 -0.431960 -0.006272
v 0.048696 -0.466783 -0.008410
v 0.052313 -0.500243 -0.010457
v 0.053687 -0.531021 -0.012176
v 0.055091 -0.562592 -0.013892
v 0.056861 -0.597594 -0.015987
v 0.058176 -0.636285 -0.018546
v 0.057494 -0.673955 -0.020651
v 0.055046 -0.707019 -0.021120
v 0.055528 -0.738480 -0.020409
v 0.062354 -0.771901 -0.017857
v 0.068882 -0.809753 -0.015466
v 0.070953 -0.848595 -0.014875
v 0.066940 -0.880705 -0.014943
v 0.056450 -0.910368 -0.012718
v 0.060133 -0.977341 -0.036712
v 0.057533 -0.939895 -0.009309
v 0.077935 -1.006218 -0.029800
v 0.071790 -0.999224 0.015662
v 0.188868 -0.183765 -0.021560
v 0.195131 -0.160329 0.002790
v 0.195302 -0.193118 0.006069
v 0.187821 -0.153151 -0.024606
v 0.192543 -0.127932 -0.000754
v 0.186606 -0.123137 -0.027934
v 0.190190 -0.096068 -0.003789
v 0.184737 -0.093568 -0.030658
v 0.186850 -0.064190 -0.005767
v 0.181855 -0.063857 -0.032309
v 0.182908 -0.031742 -0.006687
v 0.176948 -0.001905 -0.032553
v 0.179539 0.001248 -0.006012
v 0.177650 -0.174151 -0.047749
v 0.177091 -0.145521 -0.050819
v 0.176145 -0.117483 -0.053910
v 0.174680 -0.089664 -0.056470
v 0.173537 -0.061485 -0.058270
v 0.179405 -0.033347 -0.033077
v 0.171223 -0.003190 -0.058628
v 0.163638 -0.164783 -0.072397
v 0.162941 -0.138233 -0.075184
v 0.162402 -0.112140 -0.078339
v 0.162383 -0.086024 -0.081296
v 0.161877 -0.059563 -0.082927
v 0.172337 -0.032695 -0.058966
v 0.161439 -0.004884 -0.083444
v 0.146573 -0.155683 -0.094760
v 0.147115 -0.131263 -0.098509
v 0.147860 -0.107007 -0.102260
v 0.148112 -0.082546 -0.105006
v 0.148046 -0.057748 -0.106420
v 0.161814 -0.032518 -0.083743
v 0.148567 -0.006619 -0.106934
v 0.126943 -0.147276 -0.114530
v 0.128716 -0.124853 -0.119479
v 0.129343 -0.102230 -0.123022
v 0.129946 -0.079393 -0.125684
v 0.129828 -0.056211 -0.126570
v 0.148262 -0.032453 -0.107051
v 0.129913 -0.008328 -0.125726
v 0.103868 -0.139119 -0.129089
v 0.105612 -0.118638 -0.134728
v 0.106700 -0.097778 -0.138824
v 0.107211 -0.076565 -0.141100
v 0.107279 -0.055076 -0.141701
v 0.129899 -0.032595 -0.126693
v 0.105953 -0.010605 -0.137068
v 0.078503 -0.130967 -0.137555
v 0.080172 -0.112713 -0.144703
v 0.081053 -0.093455 -0.148215
v 0.081613 -0.073946 -0.150373
v 0.081234 -0.033585 -0.147923
v 0.107201 -0.032921 -0.141119
v 0.080248 -0.013141 -0.143071
v 0.052480 -0.123103 -0.141683
v 0.053529 -0.106375 -0.147989
v 0.054239 -0.088947 -0.151762
v 0.054616 -0.071100 -0.152951
v 0.081597 -0.053998 -0.150142
v 0.054691 -0.052701 -0.152808
v 0.053953 -0.015302 -0.145994
v 0.026669 -0.114607 -0.141123
v 0.027213 -0.099402 -0.146270
v 0.027617 -0.083719 -0.149168
v 0.027719 -0.067584 -0.151289
v 0.027737 -0.051026 -0.151465
v 0.054459 -0.034124 -0.149978
v 0.027500 -0.017391 -0.146033
v 0.000904 -0.103989 -0.139891
v 0.000951 -0.090804 -0.144042
v 0.000988 -0.077131 -0.146869
v 0.001013 -0.063029 -0.148252
v 0.001040 -0.048619 -0.148030
v 0.027685 -0.034308 -0.149174
v 0.001075 -0.019240 -0.144335
v 0.000663 -0.136021 -0.120634
v 0.025344 -0.144326 -0.120364
v 0.049301 -0.152072 -0.121612
v 0.073825 -0.160562 -0.120700
v 0.098387 -0.170643 -0.117973
v 0.122350 -0.179390 -0.106915
v 0.144469 -0.188444 -0.091180
v 0.161862 -0.197370 -0.069266
v 0.176931 -0.206661 -0.045359
v 0.187843 -0.216055 -0.019087
v 0.000366 -0.162688 -0.090719
v 0.023809 -0.169163 -0.092682
v 0.044310 -0.179949 -0.100758
v 0.066507 -0.191498 -0.108051
v 0.091954 -0.201838 -0.107581
v 0.118145 -0.211543 -0.101071
v 0.141979 -0.220887 -0.087327
v 0.160413 -0.229814 -0.066136
v 0.175585 -0.239010 -0.042572
v 0.193779 -0.225268 0.008764
v 0.185950 -0.248251 -0.016742
v 0.019983 -0.197014 -0.069181
v 0.000068 -0.189906 -0.052273
v 0.037516 -0.210566 -0.086666
v 0.062239 -0.222283 -0.095612
v 0.089433 -0.233092 -0.097956
v 0.116561 -0.243603 -0.094773
v 0.141225 -0.253168 -0.083193
v 0.160035 -0.262238 -0.063426
v 0.174055 -0.271368 -0.040374
v 0.192347 -0.257563 0.010028
v 0.183578 -0.280533 -0.015496
v -0.000180 -0.191507 -0.034084
v 0.188587 -0.289692 0.010209
v 0.179539 0.001248 -0.006012
v 0.173663 0.030576 -0.032193
v 0.175709 0.031441 -0.006662
v 0.176948 -0.001905 -0.032553
v 0.168826 0.030291 -0.057486
v 0.171223 -0.003190 -0.058628
v 0.159864 0.029831 -0.081622
v 0.161439 -0.004884 -0.083444
v 0.145654 0.029223 -0.102964
v 0.148567 -0.006619 -0.106934
v 0.125520 0.028880 -0.118066
v 0.129913 -0.008328 -0.125726
v 0.102059 0.028354 -0.127384
v 0.105953 -0.010605 -0.137068
v 0.077388 0.027755 -0.132862
v 0.080248 -0.013141 -0.143071
v 0.052087 0.027517 -0.135242
v 0.053953 -0.015302 -0.145994
v 0.026585 0.026924 -0.135120
v 0.027500 -0.017391 -0.146033
v 0.001091 0.026620 -0.134787
v 0.175709 0.031441 -0.006662
v 0.171239 0.077603 -0.031727
v 0.172772 0.078072 -0.006983
v 0.173663 0.030576 -0.032193
v 0.166540 0.077236 -0.056057
v 0.168826 0.030291 -0.057486
v 0.157130 0.076833 -0.078818
v 0.159864 0.029831 -0.081622
v 0.141915 0.076616 -0.097791
v 0.145654 0.029223 -0.102964
v 0.121257 0.076415 -0.110308
v 0.102059 0.028354 -0.127384
v 0.125520 0.028880 -0.118066
v 0.077388 0.027755 -0.132862
v 0.097933 0.076104 -0.116816
v 0.052087 0.027517 -0.135242
v 0.073877 0.075624 -0.119620
v 0.026585 0.026924 -0.135120
v 0.049629 0.075299 -0.120293
v 0.001091 0.026620 -0.134787
v 0.025391 0.074963 -0.117154
v -0.023139 0.074674 -0.117124
v 0.001113 0.074734 -0.114911
v -0.024347 0.026722 -0.135176
v -0.047404 0.074750 -0.120311
v -0.049822 0.027106 -0.135123
v -0.071601 0.074808 -0.119570
v -0.075133 0.027179 -0.132582
v -0.095602 0.075219 -0.117165
v -0.100015 0.027600 -0.127854
v -0.119010 0.075667 -0.111336
v -0.123719 0.028442 -0.119072
v -0.140131 0.075180 -0.099628
v -0.158701 0.029261 -0.083387
v -0.144474 0.029407 -0.104543
v -0.168028 0.029287 -0.059504
v -0.155898 0.075313 -0.081217
v -0.173163 0.029572 -0.034365
v -0.165931 0.076257 -0.058628
v -0.175573 0.030196 -0.009093
v -0.170962 0.077151 -0.034252
v 0.071790 -0.999224 0.015662
v 0.060821 -0.959114 0.039302
v 0.054641 -0.972470 0.004548
v 0.071922 -0.984925 0.054442
v 0.080793 -0.947230 0.071022
v 0.081531 -0.971819 0.091495
v 0.095120 -0.931449 0.103649
v 0.112113 -0.928259 0.151356
v 0.086831 -0.950669 0.126434
v 0.152689 -0.920521 0.152892
v 0.119067 -0.911317 0.130862
v 0.200252 -0.928815 0.139081
v 0.156267 -0.905352 0.131839
v 0.230097 -0.950454 0.112611
v 0.209295 -0.903511 0.117377
v 0.237690 -0.971800 0.077562
v 0.235926 -0.919189 0.093136
v 0.248124 -0.987166 0.039656
v 0.241894 -0.941415 0.059594
v 0.256064 -0.972207 -0.007856
v 0.253877 -0.956974 0.026752
v 0.078848 -0.933683 0.017457
v 0.057533 -0.939895 -0.009309
v 0.094207 -0.924834 0.046627
v 0.110113 -0.912840 0.076998
v 0.136102 -0.902922 0.103740
v 0.161237 -0.884005 0.126192
v 0.204023 -0.884221 0.104984
v 0.237463 -0.894814 0.075960
v 0.255823 -0.929878 0.015394
v 0.249923 -0.911076 0.045086
v 0.260332 -0.945021 -0.018122
v 0.065138 -0.909107 0.021159
v 0.056450 -0.910368 -0.012718
v 0.068110 -0.907956 0.059431
v 0.114526 -0.892563 0.104289
v 0.085869 -0.902434 0.094894
v 0.151754 -0.895468 0.106701
v 0.205137 -0.887753 0.090609
v 0.240557 -0.883976 0.063951
v 0.265265 -0.902916 0.008714
v 0.256548 -0.886683 0.035720
v 0.264050 -0.918490 -0.025236
v 0.059385 -0.878586 0.018385
v 0.066940 -0.880705 -0.014943
v 0.056326 -0.874093 0.055770
v 0.080625 -0.884264 0.063221
v 0.113963 -0.892335 0.071188
v 0.150069 -0.886804 0.087524
v 0.195513 -0.878689 0.081219
v 0.224678 -0.875230 0.053254
v 0.232408 -0.882200 0.019181
v 0.264033 -0.892651 -0.029154
v 0.244899 -0.888117 -0.007625
v 0.070953 -0.848595 -0.014875
v 0.062151 -0.845322 0.038810
v 0.055824 -0.847053 0.015493
v 0.087712 -0.853529 0.043708
v 0.103052 -0.857282 0.078670
v 0.136697 -0.856248 0.081406
v 0.174915 -0.856843 0.060298
v 0.212721 -0.847773 0.049071
v 0.228102 -0.854649 0.019471
v 0.231219 -0.863096 -0.011827
v 0.254747 -0.866829 -0.030428
v 0.055110 -0.811030 0.013103
v 0.068882 -0.809753 -0.015466
v 0.071676 -0.815477 0.023371
v 0.082159 -0.819911 0.048346
v 0.094412 -0.822599 0.077699
v 0.124080 -0.829039 0.058613
v 0.157630 -0.831065 0.043401
v 0.190483 -0.830495 0.029427
v 0.221198 -0.828324 0.018050
v 0.224935 -0.834997 -0.011444
v 0.244727 -0.838724 -0.033354
v 0.054744 -0.774162 0.010829
v 0.062354 -0.771901 -0.017857
v 0.076393 -0.781977 0.021745
v 0.074669 -0.789965 0.052866
v 0.092683 -0.794883 0.063048
v 0.124686 -0.799284 0.059050
v 0.155063 -0.802056 0.045859
v 0.180324 -0.804206 0.024510
v 0.208330 -0.804286 0.010060
v 0.228592 -0.806161 -0.009328
v 0.237773 -0.809891 -0.036249
v 0.057044 -0.742229 0.006308
v 0.055528 -0.738480 -0.020409
v 0.072569 -0.748643 0.026841
v 0.069293 -0.757145 0.056747
v 0.094629 -0.764118 0.068115
v 0.125225 -0.769148 0.061026
v 0.153635 -0.772140 0.047126
v 0.179329 -0.773696 0.028670
v 0.201642 -0.774675 0.006203
v 0.228993 -0.776675 -0.007882
v 0.231890 -0.781793 -0.037571
v 0.063083 -0.711183 0.003696
v 0.055046 -0.707019 -0.021120
v 0.066132 -0.717731 0.030521
v 0.068400 -0.724347 0.058907
v 0.094761 -0.729100 0.069202
v 0.124631 -0.734592 0.062312
v 0.151906 -0.738428 0.048212
v 0.177628 -0.741333 0.031401
v 0.199754 -0.744597 0.010055
v 0.222810 -0.747823 -0.009409
v 0.228224 -0.753393 -0.036132
v 0.065237 -0.679216 0.005760
v 0.057494 -0.673955 -0.020651
v 0.062765 -0.686784 0.033586
v 0.069630 -0.692998 0.059612
v 0.095321 -0.697508 0.069282
v 0.123893 -0.702412 0.062683
v 0.150007 -0.707099 0.048620
v 0.174760 -0.711248 0.032325
v 0.197692 -0.715292 0.013520
v 0.215896 -0.719264 -0.009939
v 0.227381 -0.724752 -0.034165
v 0.062640 -0.643647 0.008937
v 0.058176 -0.636285 -0.018546
v 0.060944 -0.652651 0.036487
v 0.070580 -0.660250 0.060313
v 0.095652 -0.666102 0.069241
v 0.122987 -0.671389 0.062493
v 0.148069 -0.676552 0.048829
v 0.171709 -0.681252 0.032808
v 0.194228 -0.685793 0.015203
v 0.211361 -0.690255 -0.007560
v 0.224412 -0.695511 -0.032258
v 0.058545 -0.605974 0.011205
v 0.056861 -0.597594 -0.015987
v 0.059620 -0.615283 0.038199
v 0.071113 -0.624156 0.060346
v 0.095178 -0.631620 0.069925
v 0.121823 -0.637802 0.063290
v 0.146410 -0.643514 0.050495
v 0.169270 -0.648944 0.034647
v 0.190650 -0.654159 0.016716
v 0.207861 -0.659233 -0.005123
v 0.219077 -0.664711 -0.030582
v 0.056260 -0.571360 0.011959
v 0.055091 -0.562592 -0.013892
v 0.059309 -0.580668 0.037651
v 0.071501 -0.589794 0.059249
v 0.094832 -0.597662 0.069376
v 0.120779 -0.604346 0.064276
v 0.145069 -0.610542 0.052972
v 0.167596 -0.616443 0.038158
v 0.187053 -0.621966 0.019228
v 0.202886 -0.627452 -0.002965
v 0.213584 -0.633188 -0.028080
v 0.055005 -0.539951 0.012315
v 0.053687 -0.531021 -0.012176
v 0.059492 -0.549209 0.036620
v 0.072351 -0.558170 0.057656
v 0.094664 -0.566315 0.068500
v 0.119847 -0.573326 0.064821
v 0.143824 -0.579908 0.055244
v 0.165568 -0.586072 0.040904
v 0.183505 -0.591823 0.021669
v 0.199410 -0.597623 0.000566
v 0.208547 -0.603526 -0.024375
v 0.054567 -0.509714 0.013003
v 0.052313 -0.500243 -0.010457
v 0.060242 -0.519263 0.036129
v 0.073023 -0.528484 0.056332
v 0.094339 -0.536907 0.067415
v 0.118883 -0.544377 0.065424
v 0.142571 -0.551338 0.057428
v 0.163090 -0.557665 0.042652
v 0.181591 -0.563817 0.025042
v 0.196729 -0.569798 0.004395
v 0.203061 -0.575861 -0.020619
v 0.052297 -0.477699 0.014529
v 0.048696 -0.466783 -0.008410
v 0.059237 -0.488243 0.036906
v 0.072622 -0.498175 0.056319
v 0.093412 -0.507342 0.067732
v 0.117702 -0.515586 0.067385
v 0.141131 -0.523094 0.059883
v 0.161552 -0.529878 0.045518
v 0.180956 -0.536675 0.029544
v 0.194070 -0.542815 0.008039
v 0.197269 -0.549239 -0.017209
v 0.048857 -0.443654 0.016565
v 0.044114 -0.431960 -0.006272
v 0.056975 -0.454894 0.038670
v 0.070967 -0.465580 0.057854
v 0.091709 -0.475548 0.069736
v 0.116100 -0.484659 0.071334
v 0.139780 -0.492876 0.063906
v 0.161097 -0.500511 0.050488
v 0.180956 -0.508039 0.034876
v 0.190876 -0.514718 0.011614
v 0.193368 -0.521796 -0.013855
v 0.045198 -0.409557 0.018586
v 0.039352 -0.397105 -0.004201
v 0.054529 -0.421491 0.040432
v 0.069151 -0.432846 0.059448
v 0.089883 -0.443501 0.072013
v 0.114341 -0.453320 0.075074
v 0.138520 -0.462161 0.068396
v 0.161150 -0.470590 0.056680
v 0.180522 -0.478435 0.040010
v 0.187069 -0.485664 0.015157
v 0.193127 -0.493050 -0.009955
v 0.041374 -0.375403 0.020595
v 0.034643 -0.362201 -0.002223
v 0.051784 -0.388053 0.042275
v 0.067273 -0.400085 0.061054
v 0.088086 -0.411419 0.074169
v 0.112573 -0.421963 0.078914
v 0.137418 -0.431468 0.073348
v 0.161086 -0.440622 0.062942
v 0.179101 -0.448714 0.044373
v 0.184170 -0.456475 0.018559
v 0.195502 -0.464525 -0.005093
v 0.037441 -0.341185 0.022585
v 0.029950 -0.327298 -0.000392
v 0.049015 -0.354551 0.044102
v 0.065347 -0.367299 0.062682
v 0.086240 -0.379332 0.076448
v 0.110824 -0.390546 0.082490
v 0.136355 -0.400773 0.078650
v 0.160679 -0.410525 0.068802
v 0.177396 -0.418976 0.048530
v 0.183687 -0.427196 0.022327
v 0.197446 -0.435914 -0.000583
v 0.033118 -0.306933 0.024572
v 0.024588 -0.292601 0.001068
v 0.046004 -0.321012 0.046059
v 0.063230 -0.334522 0.064547
v 0.084457 -0.347232 0.078651
v 0.109099 -0.359097 0.086020
v 0.135206 -0.370028 0.083954
v 0.160149 -0.380314 0.074372
v 0.175034 -0.389188 0.052237
v 0.186361 -0.398247 0.027576
v 0.196190 -0.407170 0.002903
v 0.026560 -0.272962 0.026847
v 0.017017 -0.258555 0.001802
v 0.041024 -0.287745 0.049052
v 0.060100 -0.301924 0.067440
v 0.082259 -0.315265 0.081722
v 0.107326 -0.327670 0.089966
v 0.134016 -0.339222 0.089361
v 0.159127 -0.349913 0.079018
v 0.174094 -0.359345 0.056205
v 0.189245 -0.369323 0.032847
v 0.191145 -0.378963 0.006661
v 0.016558 -0.239780 0.030245
v 0.010785 -0.224815 0.001787
v 0.032985 -0.255138 0.053385
v 0.054562 -0.269864 0.071995
v 0.078577 -0.283789 0.086705
v 0.105272 -0.296422 0.094947
v 0.133014 -0.308409 0.095120
v 0.158463 -0.319433 0.083704
v 0.175936 -0.329718 0.061452
v 0.189802 -0.340038 0.036439
v 0.186226 -0.350736 0.009529
v 0.007725 -0.206541 0.036321
v 0.007766 -0.216865 0.001768
v 0.022591 -0.223861 0.061515
v 0.046788 -0.239077 0.079259
v 0.074454 -0.252482 0.091717
v 0.102981 -0.265340 0.100203
v 0.132296 -0.277536 0.100211
v 0.158824 -0.288950 0.088367
v 0.177472 -0.299905 0.066050
v 0.187653 -0.310742 0.038653
v 0.185493 -0.322001 0.010117
v 0.195131 -0.160329 0.002790
v 0.195643 -0.183195 0.032738
v 0.195302 -0.193118 0.006069
v 0.192543 -0.127932 -0.000754
v 0.194103 -0.151975 0.029340
v 0.190190 -0.096068 -0.003789
v 0.191103 -0.121403 0.025668
v 0.187240 -0.074599 0.010190
v 0.189322 -0.073061 0.025387
v 0.188491 -0.091256 0.022867
v 0.182246 -0.030589 0.019874
v 0.185301 -0.061164 0.020949
v 0.185984 -0.062498 0.009170
v 0.179539 0.001248 -0.006012
v 0.182908 -0.031742 -0.006687
v 0.174480 0.032161 0.018624
v 0.179041 0.000639 0.019245
v 0.187991 -0.174216 0.058431
v 0.185766 -0.144446 0.054504
v 0.183595 -0.115395 0.051126
v 0.181317 -0.086732 0.048609
v 0.178790 -0.057865 0.046841
v 0.175753 -0.028502 0.045551
v 0.173472 0.001690 0.044753
v 0.173199 -0.165671 0.080826
v 0.171867 -0.137372 0.077088
v 0.170669 -0.109723 0.074426
v 0.182535 -0.069121 0.051210
v 0.168721 -0.082304 0.072183
v 0.166499 -0.054678 0.070548
v 0.164219 -0.026509 0.069375
v 0.168458 0.031966 0.043196
v 0.162552 0.002465 0.068620
v 0.152671 -0.157502 0.097684
v 0.152526 -0.130781 0.095221
v 0.151424 -0.104644 0.092711
v 0.169926 -0.062977 0.074719
v 0.150217 -0.078471 0.091410
v 0.151562 -0.052025 0.094152
v 0.146671 -0.025182 0.089097
v 0.157174 0.031380 0.065916
v 0.144047 0.002134 0.087481
v 0.127900 -0.149965 0.106881
v 0.127822 -0.124914 0.104819
v 0.127293 -0.100117 0.103985
v 0.126436 -0.075299 0.103326
v 0.127264 -0.024470 0.107046
v 0.125371 -0.050153 0.102954
v 0.119807 0.027781 0.099510
v 0.122952 0.001606 0.102354
v 0.101730 -0.142545 0.110887
v 0.101790 -0.119095 0.110595
v 0.101448 -0.095755 0.111065
v 0.101053 -0.072225 0.111824
v 0.100588 -0.048308 0.112642
v 0.118302 0.001399 0.109583
v 0.099972 -0.023926 0.113290
v 0.075493 -0.135392 0.113556
v 0.075897 -0.113565 0.117164
v 0.075908 -0.091516 0.119078
v 0.075736 -0.069194 0.120268
v 0.075475 -0.046485 0.121286
v 0.099221 0.000942 0.113720
v 0.075080 -0.023329 0.122175
v 0.073022 0.023819 0.119018
v 0.074499 0.000270 0.122439
v 0.049813 -0.129479 0.120207
v 0.049996 -0.108676 0.123420
v 0.050079 -0.087669 0.125543
v 0.050066 -0.066388 0.126935
v 0.049971 -0.044762 0.128176
v 0.049839 -0.022731 0.129724
v 0.048431 0.021746 0.124603
v 0.049561 -0.000276 0.129653
v 0.024076 -0.123864 0.126465
v 0.024124 -0.103755 0.129272
v 0.024126 -0.083578 0.130704
v 0.024072 -0.063266 0.131294
v 0.023933 -0.042720 0.131612
v 0.023767 -0.021920 0.131623
v 0.023320 0.020172 0.127361
v 0.023597 -0.000923 0.130336
v -0.002129 -0.116131 0.130270
v -0.002150 -0.096953 0.132032
v -0.002139 -0.077850 0.132802
v -0.002075 -0.058668 0.133743
v -0.001966 -0.039277 0.135003
v -0.001893 -0.019563 0.135648
v -0.001789 0.019541 0.128518
v -0.002022 0.000358 0.134356
v -0.001926 -0.147972 0.117312
v 0.023033 -0.154742 0.114268
v 0.047810 -0.159839 0.110353
v 0.073145 -0.166747 0.109307
v 0.098798 -0.174599 0.111773
v 0.125159 -0.182460 0.110281
v 0.150758 -0.190270 0.102169
v 0.171930 -0.198555 0.085276
v 0.186847 -0.207098 0.062410
v 0.194952 -0.216035 0.036280
v -0.001771 -0.171876 0.088418
v 0.021790 -0.179182 0.089956
v 0.043637 -0.189273 0.097845
v 0.067750 -0.198311 0.105389
v 0.094020 -0.206729 0.110055
v 0.121303 -0.214876 0.108930
v 0.148047 -0.223123 0.102647
v 0.169978 -0.231450 0.086214
v 0.185092 -0.239915 0.063441
v 0.192802 -0.248632 0.037268
v 0.193779 -0.225268 0.008764
v 0.020940 -0.205192 0.068409
v 0.040241 -0.218739 0.085959
v 0.065445 -0.228932 0.096800
v 0.092486 -0.237840 0.102538
v 0.119613 -0.246987 0.104927
v 0.146186 -0.255786 0.100308
v 0.167867 -0.264209 0.084507
v 0.183083 -0.272623 0.062567
v 0.189340 -0.280984 0.036678
v 0.192347 -0.257563 0.010028
v -0.000903 -0.196095 0.051844
v 0.188587 -0.289692 0.010209
v -0.185696 -0.323379 0.008597
v -0.178958 -0.341040 -0.018814
v -0.187304 -0.352051 0.007982
v -0.178434 -0.370242 -0.018294
v -0.191265 -0.380511 0.006067
v -0.178415 -0.399450 -0.017923
v -0.195791 -0.408896 0.003355
v -0.181812 -0.428380 -0.019464
v -0.198991 -0.437511 0.000401
v -0.188547 -0.456400 -0.024384
v -0.199678 -0.466329 -0.002830
v -0.195698 -0.484207 -0.030091
v -0.198154 -0.495000 -0.007059
v -0.201650 -0.512488 -0.034877
v -0.196737 -0.523655 -0.011393
v -0.204219 -0.540537 -0.039039
v -0.197976 -0.551236 -0.014885
v -0.205254 -0.567419 -0.043285
v -0.202326 -0.578012 -0.017924
v -0.209405 -0.595055 -0.047485
v -0.207770 -0.605735 -0.021187
v -0.216601 -0.624420 -0.051806
v -0.212909 -0.635460 -0.024581
v -0.222513 -0.656056 -0.055332
v -0.218030 -0.667080 -0.027011
v -0.226091 -0.687758 -0.057649
v -0.224836 -0.697740 -0.028031
v -0.230066 -0.716290 -0.059996
v -0.231170 -0.725894 -0.029024
v -0.235168 -0.744357 -0.062068
v -0.235552 -0.753993 -0.030235
v -0.241149 -0.773292 -0.063146
v -0.236781 -0.782829 -0.031340
v -0.247816 -0.802750 -0.062277
v -0.235028 -0.812240 -0.032201
v -0.253229 -0.833826 -0.060966
v -0.234911 -0.843200 -0.033011
v -0.256366 -0.866211 -0.059398
v -0.243736 -0.873085 -0.031093
v -0.255461 -0.894778 -0.056787
v -0.256131 -0.898856 -0.026699
v -0.253311 -0.921868 -0.053503
v -0.267130 -0.921524 -0.019256
v -0.253572 -0.948576 -0.051067
v -0.260252 -0.947057 -0.013259
v -0.250748 -0.976485 -0.046925
v -0.251506 -0.973543 -0.006671
v -0.234025 -0.998558 0.001467
v -0.230016 -1.003988 -0.038587
v -0.233192 -0.999822 0.001875
v -0.178979 -0.311833 -0.019192
v -0.167359 -0.329920 -0.044446
v -0.168281 -0.359561 -0.043900
v -0.169330 -0.389171 -0.043374
v -0.170037 -0.418653 -0.042970
v -0.169189 -0.448168 -0.042549
v -0.173551 -0.477211 -0.045335
v -0.180945 -0.505375 -0.051117
v -0.189757 -0.532165 -0.058520
v -0.199151 -0.557646 -0.066424
v -0.206878 -0.584577 -0.073684
v -0.211917 -0.614282 -0.079097
v -0.218840 -0.646008 -0.084336
v -0.222558 -0.678696 -0.086946
v -0.228296 -0.707847 -0.089913
v -0.233288 -0.736307 -0.092089
v -0.235609 -0.765657 -0.092481
v -0.234964 -0.796403 -0.090104
v -0.232285 -0.828859 -0.085922
v -0.229425 -0.862113 -0.081838
v -0.227313 -0.891002 -0.079696
v -0.225089 -0.918368 -0.077996
v -0.231114 -0.945901 -0.080170
v -0.241883 -0.974624 -0.084298
v -0.231028 -1.002680 -0.039012
v -0.226686 -1.003988 -0.079425
v -0.168207 -0.300324 -0.045949
v -0.151583 -0.318900 -0.067962
v -0.151407 -0.348987 -0.066084
v -0.152072 -0.379108 -0.064828
v -0.151609 -0.409142 -0.062615
v -0.151268 -0.438599 -0.061240
v -0.155278 -0.468056 -0.064272
v -0.161737 -0.496902 -0.069127
v -0.173249 -0.522675 -0.077912
v -0.181520 -0.548843 -0.085547
v -0.189094 -0.575747 -0.094114
v -0.196086 -0.605218 -0.101913
v -0.202523 -0.637314 -0.108646
v -0.204971 -0.671130 -0.110905
v -0.206470 -0.701171 -0.111630
v -0.206935 -0.729935 -0.111125
v -0.206707 -0.759611 -0.110030
v -0.205300 -0.790687 -0.107842
v -0.203181 -0.823734 -0.105042
v -0.201618 -0.858212 -0.103306
v -0.201628 -0.887904 -0.104745
v -0.203363 -0.915422 -0.107187
v -0.211663 -0.942651 -0.112130
v -0.225184 -0.971629 -0.120430
v -0.227514 -1.002630 -0.079721
v -0.211817 -1.002974 -0.109042
v -0.152228 -0.288899 -0.070484
v -0.128203 -0.307351 -0.083260
v -0.128281 -0.337927 -0.080737
v -0.127960 -0.368393 -0.077014
v -0.128968 -0.398725 -0.076646
v -0.129820 -0.428950 -0.077101
v -0.137307 -0.457978 -0.082970
v -0.143314 -0.487388 -0.086083
v -0.149138 -0.516337 -0.082974
v -0.155841 -0.542358 -0.093298
v -0.163721 -0.568482 -0.105748
v -0.170768 -0.597669 -0.115616
v -0.175448 -0.630255 -0.122110
v -0.177978 -0.664636 -0.124733
v -0.179791 -0.695278 -0.127912
v -0.181591 -0.724102 -0.131430
v -0.182743 -0.753932 -0.133538
v -0.183704 -0.785402 -0.134544
v -0.184145 -0.819278 -0.134064
v -0.184977 -0.855038 -0.133779
v -0.186615 -0.885204 -0.136585
v -0.188519 -0.912513 -0.136772
v -0.193220 -0.939720 -0.138428
v -0.193388 -0.969149 -0.131579
v -0.189228 -1.002430 -0.120430
v -0.212595 -1.001555 -0.109572
v -0.127991 -0.276914 -0.086536
v -0.100508 -0.294815 -0.088119
v -0.101298 -0.325894 -0.085291
v -0.101889 -0.356981 -0.084170
v -0.104623 -0.387935 -0.087690
v -0.107885 -0.418958 -0.085632
v -0.113559 -0.449237 -0.079607
v -0.118202 -0.479924 -0.078107
v -0.124116 -0.508028 -0.089069
v -0.132270 -0.533024 -0.104058
v -0.137855 -0.560336 -0.115085
v -0.142432 -0.590931 -0.119648
v -0.145560 -0.623861 -0.126361
v -0.147756 -0.658914 -0.129615
v -0.149055 -0.690333 -0.132499
v -0.150096 -0.719452 -0.137359
v -0.150967 -0.749476 -0.141559
v -0.151674 -0.781418 -0.143711
v -0.152381 -0.816186 -0.144048
v -0.153145 -0.853030 -0.143172
v -0.153701 -0.883934 -0.144427
v -0.154389 -0.912091 -0.145210
v -0.158186 -0.939627 -0.140258
v -0.153563 -1.002447 -0.133058
v -0.188956 -1.003988 -0.120219
v -0.098973 -0.263887 -0.091784
v -0.072560 -0.281324 -0.083863
v -0.074195 -0.313177 -0.082796
v -0.076634 -0.345021 -0.081109
v -0.082341 -0.375981 -0.074823
v -0.086170 -0.407565 -0.071795
v -0.088988 -0.438991 -0.076185
v -0.095788 -0.467695 -0.088944
v -0.101278 -0.497795 -0.097144
v -0.107760 -0.526349 -0.099212
v -0.113779 -0.554725 -0.100873
v -0.115100 -0.585084 -0.109260
v -0.116161 -0.618124 -0.118692
v -0.117535 -0.653750 -0.123498
v -0.118462 -0.686015 -0.126254
v -0.118214 -0.715508 -0.131090
v -0.117966 -0.745892 -0.134664
v -0.118141 -0.778344 -0.135969
v -0.118586 -0.813844 -0.135729
v -0.118980 -0.851532 -0.134998
v -0.119026 -0.883060 -0.135429
v -0.119488 -0.911562 -0.133855
v -0.122905 -0.939050 -0.124353
v -0.154029 -0.969666 -0.140980
v -0.115519 -1.003988 -0.119069
v -0.153505 -1.003988 -0.133182
v -0.069604 -0.249940 -0.088645
v -0.046489 -0.267151 -0.072269
v -0.050531 -0.299578 -0.069303
v -0.054445 -0.331995 -0.065922
v -0.057606 -0.364365 -0.065421
v -0.060845 -0.395545 -0.074806
v -0.066312 -0.427686 -0.078116
v -0.076947 -0.458801 -0.077597
v -0.086075 -0.490134 -0.076661
v -0.090693 -0.519721 -0.077987
v -0.089912 -0.548485 -0.086301
v -0.088969 -0.579140 -0.096006
v -0.091010 -0.612951 -0.101744
v -0.091461 -0.649160 -0.107122
v -0.092728 -0.682334 -0.108585
v -0.094313 -0.712157 -0.109356
v -0.096288 -0.742790 -0.109632
v -0.098630 -0.775590 -0.108793
v -0.101795 -0.811462 -0.106885
v -0.104700 -0.849816 -0.104473
v -0.105734 -0.881921 -0.104379
v -0.104543 -0.910948 -0.106096
v -0.090594 -0.937569 -0.106958
v -0.115120 -0.968048 -0.130698
v -0.115474 -1.002372 -0.119061
v -0.095244 -1.003988 -0.104751
v -0.040742 -0.235965 -0.080117
v -0.025975 -0.252181 -0.052802
v -0.031376 -0.285436 -0.049945
v -0.033707 -0.319103 -0.050954
v -0.041239 -0.351968 -0.051942
v -0.050727 -0.384276 -0.052433
v -0.059517 -0.416619 -0.052830
v -0.064721 -0.449627 -0.054378
v -0.067349 -0.482714 -0.058016
v -0.068106 -0.513230 -0.063406
v -0.069898 -0.542597 -0.067856
v -0.072169 -0.573822 -0.072173
v -0.073761 -0.607958 -0.076999
v -0.075197 -0.644812 -0.081223
v -0.074613 -0.679063 -0.083675
v -0.072386 -0.709515 -0.085882
v -0.071287 -0.740606 -0.087148
v -0.073200 -0.773941 -0.085883
v -0.077174 -0.810753 -0.082767
v -0.082639 -0.849691 -0.078575
v -0.087565 -0.881908 -0.075444
v -0.092430 -0.910859 -0.072634
v -0.093150 -0.940417 -0.071414
v -0.091204 -0.968947 -0.107501
v -0.094954 -1.002420 -0.104810
v -0.087911 -1.003988 -0.073503
v -0.019106 -0.219741 -0.060882
v -0.014065 -0.237796 -0.027159
v -0.021517 -0.271635 -0.024489
v -0.028237 -0.305690 -0.024546
v -0.034500 -0.339697 -0.026070
v -0.039443 -0.373719 -0.028253
v -0.044053 -0.407684 -0.030677
v -0.048707 -0.441564 -0.033211
v -0.053786 -0.475341 -0.035728
v -0.057913 -0.506924 -0.038414
v -0.060070 -0.536767 -0.041515
v -0.061845 -0.568129 -0.045057
v -0.064187 -0.602488 -0.048852
v -0.066122 -0.640273 -0.052287
v -0.064543 -0.675902 -0.054849
v -0.059309 -0.706831 -0.056847
v -0.055162 -0.737967 -0.057869
v -0.054854 -0.771697 -0.057897
v -0.055801 -0.809978 -0.056971
v -0.058214 -0.850288 -0.054826
v -0.060984 -0.883301 -0.052329
v -0.065322 -0.912488 -0.048285
v -0.072313 -0.941368 -0.041234
v -0.075396 -0.972455 -0.073503
v -0.087081 -1.002583 -0.073610
v -0.076910 -1.002629 -0.032071
v -0.007580 -0.204145 -0.034011
v -0.000669 -0.194657 0.001716
v -0.008349 -0.217911 0.002430
v -0.017171 -0.259060 0.003048
v -0.024866 -0.293091 0.002255
v -0.030563 -0.327731 0.000373
v -0.035387 -0.362588 -0.001894
v -0.040387 -0.397405 -0.004336
v -0.045376 -0.432183 -0.006858
v -0.050102 -0.466944 -0.009446
v -0.053821 -0.500324 -0.011956
v -0.055161 -0.530955 -0.014214
v -0.056212 -0.562371 -0.016535
v -0.058215 -0.597152 -0.019138
v -0.060282 -0.636029 -0.021943
v -0.061292 -0.673191 -0.023995
v -0.058707 -0.704849 -0.025663
v -0.052904 -0.736238 -0.026595
v -0.049177 -0.769867 -0.026161
v -0.046039 -0.808706 -0.025091
v -0.046162 -0.850152 -0.023868
v -0.048717 -0.883341 -0.023387
v -0.051195 -0.911069 -0.018837
v -0.049725 -0.939705 -0.007000
v -0.067609 -0.974365 -0.035151
v -0.076114 -1.001364 -0.032260
v -0.069064 -0.995856 0.010163
v -0.196591 -0.161781 0.000986
v -0.190145 -0.185240 -0.023907
v -0.196176 -0.194654 0.003795
v -0.194248 -0.129171 -0.001928
v -0.189184 -0.154512 -0.026415
v -0.191273 -0.097267 -0.004787
v -0.187196 -0.124461 -0.029003
v -0.187665 -0.065387 -0.007075
v -0.184676 -0.094871 -0.031566
v -0.183330 -0.032885 -0.008284
v -0.181888 -0.065066 -0.033502
v -0.176466 -0.003003 -0.034227
v -0.179191 -0.034503 -0.034523
v -0.178450 -0.175566 -0.049852
v -0.177447 -0.146818 -0.052187
v -0.176103 -0.118721 -0.054895
v -0.174345 -0.090859 -0.057350
v -0.173166 -0.062634 -0.059395
v -0.170351 -0.004262 -0.060189
v -0.171247 -0.027404 -0.060236
v -0.168416 -0.156967 -0.066235
v -0.162743 -0.160255 -0.074048
v -0.162754 -0.166042 -0.073425
v -0.168734 -0.142434 -0.066435
v -0.169311 -0.116006 -0.066978
v -0.169891 -0.089475 -0.066342
v -0.171495 -0.033827 -0.060250
v -0.170487 -0.062158 -0.064869
v -0.170461 -0.032730 -0.063003
v -0.157595 -0.163239 -0.080343
v -0.162331 -0.113215 -0.079395
v -0.146615 -0.132352 -0.099435
v -0.162703 -0.139399 -0.076295
v -0.162016 -0.087029 -0.082238
v -0.147096 -0.107975 -0.102947
v -0.161145 -0.060498 -0.083956
v -0.147261 -0.083436 -0.105760
v -0.160243 -0.032268 -0.086828
v -0.147003 -0.058517 -0.107326
v -0.147005 -0.028758 -0.108053
v -0.146287 -0.031988 -0.109851
v -0.125504 -0.148067 -0.114729
v -0.145927 -0.156900 -0.095991
v -0.126691 -0.125506 -0.118859
v -0.127891 -0.103029 -0.123169
v -0.127980 -0.080160 -0.125458
v -0.128061 -0.056978 -0.126883
v -0.127838 -0.029829 -0.126727
v -0.127197 -0.032274 -0.128691
v -0.102038 -0.139680 -0.128886
v -0.103557 -0.119112 -0.133992
v -0.104891 -0.098374 -0.138730
v -0.105102 -0.077186 -0.140647
v -0.105357 -0.055705 -0.141909
v -0.104843 -0.031113 -0.140592
v -0.104338 -0.032550 -0.142873
v -0.076741 -0.131424 -0.137573
v -0.078424 -0.113120 -0.144750
v -0.079237 -0.093895 -0.148220
v -0.079700 -0.074383 -0.150530
v -0.079661 -0.054430 -0.150546
v -0.079033 -0.032554 -0.147822
v -0.078464 -0.032969 -0.150029
v -0.050783 -0.123403 -0.141441
v -0.051784 -0.106620 -0.147664
v -0.052379 -0.089312 -0.151927
v -0.052661 -0.071493 -0.153294
v -0.052670 -0.053140 -0.152952
v -0.052342 -0.034045 -0.150060
v -0.051710 -0.033455 -0.152010
v -0.045356 -0.121472 -0.141220
v -0.044962 -0.104749 -0.147318
v -0.044561 -0.087748 -0.151452
v -0.044151 -0.070334 -0.152747
v -0.043731 -0.052534 -0.152377
v -0.043307 -0.034550 -0.149791
v -0.025417 -0.099388 -0.146326
v 0.000904 -0.103989 -0.139891
v -0.025146 -0.114277 -0.140397
v -0.025562 -0.083947 -0.150296
v 0.000951 -0.090804 -0.144042
v -0.025714 -0.067824 -0.151562
v 0.000988 -0.077131 -0.146869
v -0.025687 -0.051309 -0.151218
v 0.001013 -0.063029 -0.148252
v -0.025588 -0.034580 -0.149065
v 0.001040 -0.048619 -0.148030
v -0.025345 -0.017642 -0.146002
v 0.001059 -0.033999 -0.146656
v 0.000663 -0.136021 -0.120634
v -0.024098 -0.144249 -0.119971
v -0.047848 -0.152998 -0.122321
v -0.072186 -0.162164 -0.122812
v -0.097130 -0.171555 -0.118666
v -0.133589 -0.177153 -0.102260
v -0.145020 -0.170528 -0.094680
v -0.161840 -0.198856 -0.071445
v -0.177231 -0.208188 -0.047751
v -0.188249 -0.217567 -0.021473
v 0.000366 -0.162688 -0.090719
v -0.023129 -0.169507 -0.092682
v -0.043524 -0.180719 -0.101025
v -0.046329 -0.162736 -0.114840
v -0.087449 -0.177819 -0.117145
v -0.095540 -0.179868 -0.116114
v -0.104086 -0.182033 -0.114102
v -0.121605 -0.180698 -0.108576
v -0.117415 -0.213099 -0.102992
v -0.143736 -0.189830 -0.092824
v -0.141501 -0.222456 -0.089523
v -0.159933 -0.231348 -0.068226
v -0.175112 -0.240482 -0.044601
v -0.185447 -0.249688 -0.018705
v -0.193777 -0.226731 0.006574
v -0.019822 -0.197380 -0.069032
v -0.036832 -0.211350 -0.086706
v -0.065649 -0.192560 -0.108513
v -0.061212 -0.223493 -0.095944
v -0.091074 -0.203227 -0.108946
v -0.088192 -0.234366 -0.098473
v -0.115185 -0.244953 -0.095484
v -0.139996 -0.254677 -0.084475
v -0.159020 -0.263710 -0.064927
v -0.173175 -0.272797 -0.041999
v -0.182861 -0.281948 -0.017163
v -0.191950 -0.258960 0.008090
v 0.000068 -0.189906 -0.052273
v -0.188164 -0.291067 0.008521
v -0.180064 0.000319 -0.007857
v -0.173163 0.029572 -0.034365
v -0.176466 -0.003003 -0.034227
v -0.168028 0.029287 -0.059504
v -0.170351 -0.004262 -0.060189
v -0.158701 0.029261 -0.083387
v -0.160553 -0.005568 -0.085011
v -0.144474 0.029407 -0.104543
v -0.147364 -0.006992 -0.108303
v -0.123719 0.028442 -0.119072
v -0.127811 -0.009002 -0.126041
v -0.100015 0.027600 -0.127854
v -0.103732 -0.011317 -0.137178
v -0.075133 0.027179 -0.132582
v -0.078044 -0.013618 -0.143253
v -0.049822 0.027106 -0.135123
v -0.051778 -0.015661 -0.146211
v -0.024347 0.026722 -0.135176
v -0.025345 -0.017642 -0.146002
v 0.001091 0.026620 -0.134787
v 0.001075 -0.019240 -0.144335
v 0.172772 0.078072 -0.006983
v 0.174480 0.032161 0.018624
v 0.175709 0.031441 -0.006662
v 0.170409 0.078295 0.017691
v 0.168458 0.031966 0.043196
v 0.163383 0.078670 0.041482
v 0.157174 0.031380 0.065916
v 0.147598 0.079944 0.062006
v 0.140059 0.030074 0.084967
v 0.111061 0.076326 0.094707
v 0.119807 0.027781 0.099510
v 0.093277 0.072778 0.107463
v 0.096949 0.025749 0.110414
v 0.106758 0.026621 0.105735
v 0.071030 0.070815 0.117392
v 0.073022 0.023819 0.119018
v 0.047295 0.069404 0.123768
v 0.048431 0.021746 0.124603
v 0.022811 0.068505 0.126455
v 0.023320 0.020172 0.127361
v -0.001757 0.068016 0.127395
v -0.001789 0.019541 0.128518
v -0.026873 0.019924 0.126875
v -0.026292 0.068312 0.126190
v -0.051982 0.021231 0.124000
v -0.050631 0.069161 0.123185
v -0.076464 0.022891 0.117895
v -0.074159 0.070516 0.116103
v -0.100275 0.024936 0.109230
v -0.118150 0.073770 0.094260
v -0.123036 0.026843 0.098132
v -0.114928 0.026163 0.102085
v -0.143082 0.028645 0.083090
v -0.134372 0.077034 0.076428
v -0.158287 0.030181 0.063053
v -0.147861 0.079477 0.055442
v -0.169113 0.030410 0.040535
v -0.170703 0.077550 0.014847
v -0.174672 0.030574 0.016113
v -0.175573 0.030196 -0.009093
v -0.001757 0.068016 0.127395
v 0.021238 0.067767 0.117424
v -0.001650 0.067312 0.118301
v -0.140131 0.075180 -0.099628
v -0.145236 0.074309 -0.075946
v -0.130550 0.074420 -0.092929
v 0.128139 0.079615 0.079361
v 0.137008 0.078637 0.057219
v 0.119579 0.078015 0.073625
v -0.161216 0.078878 0.035605
v -0.159091 0.076197 0.013404
v -0.170703 0.077550 0.014847
v 0.001113 0.074734 -0.114911
v 0.023641 0.074378 -0.108442
v 0.025391 0.074963 -0.117154
v 0.121257 0.076415 -0.110308
v 0.132185 0.075762 -0.091215
v 0.141915 0.076616 -0.097791
v 0.170409 0.078295 0.017691
v 0.160927 0.076680 -0.006885
v 0.158727 0.076887 0.016099
v -0.024507 0.067588 0.117177
v -0.026292 0.068312 0.126190
v -0.155898 0.075313 -0.081217
v -0.154581 0.074990 -0.054994
v 0.111061 0.076326 0.094707
v 0.103989 0.074807 0.088030
v -0.021569 0.074102 -0.108443
v 0.001024 0.074128 -0.106351
v -0.047180 0.068379 0.114377
v -0.050631 0.069161 0.123185
v -0.170962 0.077151 -0.034252
v -0.165931 0.076257 -0.058628
v -0.069098 0.069641 0.107779
v -0.074159 0.070516 0.116103
v 0.097933 0.076104 -0.116816
v 0.112943 0.075754 -0.102739
v -0.172871 0.077607 -0.009533
v -0.159268 0.075822 -0.032287
v 0.073877 0.075624 -0.119620
v 0.091218 0.075552 -0.108723
v 0.093277 0.072778 0.107463
v 0.087055 0.071669 0.099789
v 0.172772 0.078072 -0.006983
v 0.159499 0.076242 -0.029935
v -0.023139 0.074674 -0.117124
v -0.044175 0.074234 -0.111695
v -0.090114 0.071006 0.098506
v -0.096719 0.071982 0.106150
v 0.071030 0.070815 0.117392
v 0.066157 0.069919 0.108980
v 0.171239 0.077603 -0.031727
v 0.155122 0.075904 -0.052599
v -0.047404 0.074750 -0.120311
v -0.066716 0.074334 -0.111275
v -0.110336 0.072562 0.087606
v -0.118150 0.073770 0.094260
v 0.049629 0.075299 -0.120293
v 0.068810 0.075108 -0.111313
v 0.047295 0.069404 0.123768
v 0.044046 0.068605 0.114921
v 0.157130 0.076833 -0.078818
v 0.166540 0.077236 -0.056057
v -0.071601 0.074808 -0.119570
v -0.089074 0.074716 -0.109056
v -0.125800 0.075446 0.071255
v -0.134372 0.077034 0.076428
v 0.022811 0.068505 0.126455
v -0.095602 0.075219 -0.117165
v -0.110877 0.075051 -0.103701
v 0.163383 0.078670 0.041482
v 0.151888 0.077370 0.038160
v -0.138063 0.077846 0.051508
v -0.147861 0.079477 0.055442
v 0.046220 0.074757 -0.111662
v -0.161047 0.076247 -0.009261
v -0.119010 0.075667 -0.111336
v 0.147598 0.079944 0.062006
v -0.150246 0.077442 0.032719
v 0.146356 0.075728 -0.073707
v 0.136964 0.019881 0.056682
v 0.044675 0.016539 -0.109642
v -0.138856 0.018457 0.054536
v 0.122125 0.018366 0.073233
v 0.022847 0.015820 -0.109601
v -0.148614 0.019049 0.034622
v 0.104068 0.016616 0.086140
v -0.020858 0.015536 -0.109619
v 0.000983 0.015416 -0.109601
v -0.153997 0.019427 0.013083
v 0.084352 0.015096 0.096366
v -0.042711 0.016002 -0.109698
v 0.153451 0.020234 0.015383
v 0.063960 0.013488 0.105191
v -0.064505 0.016495 -0.108618
v -0.155708 0.019614 -0.009135
v 0.042582 0.012216 0.110937
v -0.086124 0.017262 -0.106221
v 0.155579 0.020033 -0.006838
v 0.020529 0.011404 0.113359
v -0.107207 0.017924 -0.100819
v 0.154199 0.019610 -0.029123
v -0.001602 0.010964 0.114207
v -0.126229 0.017551 -0.090234
v 0.149967 0.019280 -0.051034
v -0.023702 0.011231 0.113120
v -0.140427 0.017618 -0.073678
v 0.141495 0.019000 -0.071510
v -0.045625 0.011997 0.110412
v -0.149459 0.018397 -0.053351
v 0.127795 0.018873 -0.088563
v -0.066817 0.013218 0.104030
v -0.153989 0.019203 -0.031396
v 0.109191 0.018628 -0.099874
v -0.087136 0.014540 0.095062
v 0.088183 0.018107 -0.105873
v -0.106736 0.015998 0.084637
v 0.147488 0.020406 0.036934
v 0.066516 0.017284 -0.108624
v -0.124487 0.017372 0.071409
v -0.000195 0.016712 -0.004624
v 0.199448 -1.005954 -0.128576
v 0.153436 -1.004681 -0.127326
v 0.152773 -1.006130 -0.133894
v 0.086562 -0.952203 0.127728
v 0.114108 -0.933013 0.145208
v 0.111931 -0.929766 0.152417
v 0.073690 -1.000936 0.016307
v 0.081334 -1.004829 -0.028184
v 0.077339 -0.999756 0.015563
v 0.247669 -0.989169 0.040515
v 0.234410 -0.974035 0.074610
v 0.244165 -0.988605 0.038275
v 0.242702 -1.006327 -0.042992
v 0.232915 -1.004881 -0.076801
v 0.236177 -1.006280 -0.080256
v 0.096229 -1.006280 -0.093165
v 0.114298 -1.004753 -0.112339
v 0.096842 -1.004881 -0.089190
v 0.073014 -0.986645 0.055351
v 0.084911 -0.974041 0.087963
v 0.081749 -0.973538 0.092753
v 0.229969 -0.952509 0.113828
v 0.199346 -0.932556 0.133531
v 0.227781 -0.953760 0.108013
v 0.248294 -1.003188 -0.000053
v 0.239186 -1.004931 -0.040797
v 0.220764 -1.006085 -0.104373
v 0.198161 -1.004500 -0.121697
v 0.244294 -1.001960 -0.000107
v 0.077935 -1.006218 -0.029800
v 0.081856 -1.004883 -0.064520
v 0.152639 -0.921816 0.154045
v 0.152959 -0.925596 0.146587
v 0.111726 -1.006167 -0.120359
v 0.089253 -0.953871 0.121433
v 0.237611 -0.973749 0.078725
v 0.218972 -1.004693 -0.100019
v 0.078709 -1.006280 -0.067656
v 0.075759 -0.986273 0.052571
v 0.199871 -0.930690 0.140359
v -0.081124 -0.971661 0.085566
v -0.089976 -0.953290 0.113849
v -0.083200 -0.972020 0.081101
v -0.233378 -0.971865 0.074781
v -0.222017 -0.949172 0.107142
v -0.224852 -0.947289 0.112697
v -0.115519 -1.003988 -0.119069
v -0.154205 -1.002576 -0.126174
v -0.153505 -1.003988 -0.133182
v -0.226686 -1.003988 -0.079425
v -0.209842 -1.001628 -0.104714
v -0.223126 -1.002589 -0.074994
v -0.069064 -0.995856 0.010163
v -0.073116 -0.983321 0.046116
v -0.072220 -0.994793 0.009649
v -0.199939 -0.925897 0.140705
v -0.154128 -0.923426 0.144929
v -0.153338 -0.919731 0.151707
v -0.079388 -1.001195 -0.030303
v -0.076910 -1.002629 -0.032071
v -0.087911 -1.003988 -0.073503
v -0.097901 -1.002585 -0.100723
v -0.095244 -1.003988 -0.104751
v -0.087734 -0.951178 0.119760
v -0.111482 -0.934528 0.137680
v -0.188956 -1.003988 -0.120219
v -0.187569 -1.002578 -0.113552
v -0.240117 -0.988379 0.038280
v -0.229867 -0.972518 0.070743
v -0.230016 -1.003988 -0.038587
v -0.225922 -1.002592 -0.036338
v -0.070679 -0.983748 0.048701
v -0.198122 -0.928711 0.134507
v -0.117769 -1.002576 -0.112378
v -0.211817 -1.002974 -0.109042
v -0.108591 -0.930771 0.144646
v -0.233192 -0.999822 0.001875
v -0.235755 -0.988015 0.036150
v -0.090336 -1.002593 -0.069634
v -0.229100 -0.998659 0.001793
v -0.094599 -0.942789 0.065110
v -0.094716 -0.949562 0.038312
v -0.131230 -0.956222 -0.087586
v -0.208684 -0.958089 0.003326
v -0.216138 -0.950648 0.030648
v -0.099408 -0.930655 0.088896
v -0.118461 -0.955985 -0.069948
v -0.204575 -0.960574 -0.023010
v -0.125094 -0.918367 0.106052
v -0.118115 -0.955684 -0.044019
v -0.202323 -0.960325 -0.049568
v -0.110711 -0.955306 -0.017152
v -0.194840 -0.958459 -0.073752
v -0.164240 -0.908267 0.111551
v -0.179800 -0.957675 -0.088945
v -0.196505 -0.907851 0.106390
v -0.155983 -0.957206 -0.096433
v -0.216898 -0.937319 0.060335
v -0.214471 -0.919245 0.088049
v -0.101631 -0.954120 0.010915
v 0.184180 -0.967157 -0.091444
v 0.154900 -0.967068 -0.091285
v 0.218903 -0.966438 0.001160
v 0.106976 -0.940425 0.089834
v 0.122868 -0.966940 -0.086539
v 0.128618 -0.928033 0.107125
v 0.113413 -0.966930 -0.068733
v 0.161603 -0.919479 0.108444
v 0.111822 -0.966792 -0.046197
v 0.213574 -0.969126 -0.027278
v 0.203471 -0.916550 0.100001
v 0.111049 -0.966680 -0.018145
v 0.206911 -0.968763 -0.054679
v 0.227433 -0.928584 0.080795
v 0.105915 -0.965065 0.011061
v 0.197729 -0.967799 -0.075942
v 0.226414 -0.946171 0.055582
v 0.102151 -0.959434 0.037744
v 0.224746 -0.957923 0.028723
v 0.104851 -0.953085 0.064106
v -0.157572 -0.947893 0.003366
v 0.161348 -0.955659 0.001525
v -0.067776 -0.994676 0.009782
v -0.233192 -0.999822 0.001875
v -0.240117 -0.988379 0.038280
v -0.233378 -0.971865 0.074781
v -0.224852 -0.947289 0.112697
v -0.199939 -0.925897 0.140705
v -0.153338 -0.919731 0.151707
v -0.108591 -0.930771 0.144646
v -0.087734 -0.951178 0.119760
v -0.081124 -0.971661 0.085566
v -0.070679 -0.983748 0.048701
v -0.069064 -0.995856 0.010163
v 0.248294 -1.003188 -0.000053
v 0.247669 -0.989169 0.040515
v 0.237611 -0.973749 0.078725
v 0.229969 -0.952509 0.113828
v 0.199871 -0.930690 0.140359
v 0.152639 -0.921816 0.154045
v 0.111931 -0.929766 0.152417
v 0.086562 -0.952203 0.127728
v 0.081749 -0.973538 0.092753
v 0.073014 -0.986645 0.055351
v 0.073690 -1.000936 0.016307
v 0.054641 -0.972470 0.004548
v 0.256064 -0.972207 -0.007856
v -0.000832 -0.195657 0.036564
v -0.000669 -0.194657 0.001716
v -0.000669 -0.194657 0.001716
v -0.008349 -0.217911 0.002430
v -0.000669 -0.194657 0.001716
v -0.000180 -0.191507 -0.034084
v -0.004696 0.032739 0.128425
v -0.004888 0.033233 0.130972
v -0.008592 0.035057 0.128390
v -0.000696 0.031937 0.128426
v 0.001078 0.034699 0.131210
v 0.003355 0.032380 0.128399
v 0.006879 0.037163 0.131131
v 0.010122 0.036725 0.128272
v 0.007073 0.034031 0.128345
v 0.012191 0.040233 0.128195
v 0.011978 0.040402 0.130731
v 0.012993 0.044226 0.128111
v 0.010564 0.046261 0.130913
v 0.012547 0.048271 0.128020
v 0.008170 0.051948 0.130797
v 0.004623 0.043403 0.131023
v 0.002071 0.049750 0.130894
v -0.001847 0.040787 0.131109
v -0.004344 0.047293 0.130976
v -0.008258 0.038650 0.131163
v -0.010496 0.044789 0.131038
v -0.011379 0.051005 0.130568
v -0.006210 0.053647 0.130826
v -0.008920 0.054408 0.127963
v -0.000606 0.055681 0.130756
v -0.005954 0.056486 0.127904
v 0.004953 0.056933 0.130334
v 0.001103 0.057846 0.127844
v -0.002517 0.057669 0.127864
v 0.008190 0.055033 0.127874
v 0.004661 0.057088 0.127844
v -0.011242 0.051624 0.128034
v -0.012866 0.047393 0.128135
v -0.012917 0.042863 0.128235
v -0.011452 0.038567 0.128324
v 0.106758 0.026621 0.105735
v -0.078044 -0.013618 -0.143253
v -0.160824 -0.027986 -0.084986
v -0.147364 -0.006992 -0.108303
v -0.046084 -0.152349 -0.122147
v -0.051778 -0.015661 -0.146211
v -0.127811 -0.009002 -0.126041
v -0.103732 -0.011317 -0.137178
v -0.160553 -0.005568 -0.085011
v -0.070182 -0.171485 -0.118427
v -0.001789 0.019541 0.128518
v 0.248294 -1.003188 -0.000053
v 0.199448 -1.005954 -0.128576
v 0.073690 -1.000936 0.016307
v 0.001059 -0.033999 -0.146656
v 0.001075 -0.019240 -0.144335
v -0.172871 0.077607 -0.009533
v 0.249016 -1.001270 -0.000574
v 0.186850 -0.064190 -0.005767
v 0.175709 0.031441 -0.006662
v 0.140059 0.030074 0.084967
v 0.096949 0.025749 0.110414
v -0.010823 -0.225401 0.002659
v -0.053172 -0.970268 0.002153
v -0.180064 0.000319 -0.007857
v 0.001075 -0.019240 -0.144335
v -0.175573 0.030196 -0.009093
v 0.128139 0.079615 0.079361
v -0.096719 0.071982 0.106150
v -0.161216 0.078878 0.035605
v -0.172871 0.077607 -0.009533
v 0.010907 0.052000 0.127930
vn 0.8020 -0.5941 0.0620
vn 0.9581 -0.0554 0.2812
vn 0.8704 -0.3854 0.3063
vn 0.9073 0.1077 0.4064
vn 0.9462 -0.0762 0.3145
vn 0.8833 0.3326 0.3303
vn 0.9267 0.2814 0.2490
vn 0.5880 0.4889 0.6444
vn 0.5448 0.5956 0.5903
vn 0.0028 0.5930 0.8052
vn -0.0136 0.6610 0.7502
vn -0.5612 0.3522 0.7490
vn -0.8894 -0.0384 0.4555
vn -0.9178 0.2291 0.3243
vn -0.9502 -0.1215 0.2869
vn -0.9836 0.1023 0.1484
vn -0.9445 -0.2196 0.2441
vn -1.0000 0.0064 -0.0069
vn -0.8654 -0.4980 0.0552
vn 0.9520 -0.3039 -0.0368
vn 0.9388 -0.1494 0.3105
vn 0.8310 -0.1668 0.5306
vn 0.7162 0.4095 0.5651
vn 0.4755 0.8309 0.2889
vn 0.1177 0.9437 0.3092
vn -0.5134 0.3165 0.7976
vn -0.8441 0.4531 0.2866
vn -0.9478 0.1213 0.2948
vn -0.9207 -0.2126 0.3274
vn -0.9605 -0.2607 0.0974
vn -0.8922 -0.4007 0.2082
vn 0.9862 -0.1155 -0.1190
vn 0.9856 -0.0385 0.1648
vn 0.8746 0.0146 0.4846
vn 0.6901 0.1471 0.7086
vn 0.4130 0.6102 0.6761
vn 0.2084 0.7426 0.6365
vn -0.2243 0.8959 0.3836
vn -0.3555 0.7454 0.5639
vn -0.7513 0.6321 0.1897
vn -0.8845 0.3360 0.3235
vn -0.9952 0.0760 -0.0616
vn 0.9518 -0.1182 -0.2829
vn 0.9415 0.1715 0.2901
vn 0.8415 0.1902 0.5056
vn 0.6944 0.3988 0.5990
vn 0.3708 0.4427 0.8164
vn 0.0980 0.4846 0.8692
vn -0.1034 0.6899 0.7165
vn -0.7094 0.4620 0.5323
vn -0.9171 0.2890 0.2745
vn -0.9128 0.3438 0.2207
vn -0.9016 0.4291 0.0544
vn 0.9878 -0.0296 -0.1530
vn 0.9439 0.1441 0.2971
vn 0.9419 0.0686 0.3290
vn 0.6175 0.1888 0.7636
vn 0.2676 0.3540 0.8961
vn 0.0754 0.5110 0.8563
vn -0.0971 0.7892 0.6064
vn -0.4339 0.7277 0.5312
vn -0.9983 0.0021 0.0587
vn -0.8605 0.5001 0.0967
vn -0.9135 0.2750 0.2998
vn 0.9860 -0.0459 0.1603
vn 0.9682 -0.0593 0.2432
vn 0.5395 0.1630 0.8261
vn 0.5099 0.0623 0.8580
vn 0.0055 -0.0902 0.9959
vn -0.4000 0.2754 0.8741
vn -0.4859 0.5897 0.6452
vn -0.5310 0.5637 0.6327
vn -0.8549 0.3959 0.3352
vn -0.9700 0.1210 0.2108
vn -0.9687 0.0771 0.2361
vn 0.9886 -0.0188 0.1491
vn 0.9833 -0.0813 0.1628
vn 0.8308 -0.0450 0.5548
vn 0.8411 -0.0888 0.5335
vn 0.5732 -0.0879 0.8147
vn 0.6235 -0.1688 0.7634
vn -0.0845 -0.0244 0.9961
vn -0.6070 0.1270 0.7845
vn -0.6351 0.1638 0.7549
vn -0.5432 0.2087 0.8132
vn -0.8492 0.1710 0.4996
vn -0.9813 0.0213 0.1914
vn 0.9973 0.0398 0.0613
vn 0.9869 -0.0426 0.1554
vn 0.8731 0.0320 0.4865
vn 0.6897 -0.1120 0.7154
vn 0.5782 -0.1303 0.8054
vn -0.1661 0.0205 0.9859
vn -0.5973 0.0466 0.8007
vn -0.6590 0.0158 0.7519
vn -0.6331 0.0941 0.7683
vn -0.7545 0.2148 0.6202
vn -0.9769 0.0575 0.2060
vn 0.9930 0.1073 -0.0504
vn 0.9875 0.0513 0.1488
vn 0.8738 0.0749 0.4805
vn 0.7816 -0.0803 0.6186
vn 0.5019 -0.0484 0.8636
vn -0.2535 0.0530 0.9659
vn -0.5838 0.0524 0.8102
vn -0.6368 0.0518 0.7693
vn -0.7321 0.0428 0.6798
vn -0.7411 0.1979 0.6415
vn -0.9545 0.1418 0.2623
vn 0.9802 0.1433 -0.1365
vn 0.9887 0.0535 0.1403
vn 0.8987 0.0273 0.4376
vn 0.8311 -0.0672 0.5521
vn 0.4020 -0.0193 0.9154
vn -0.3019 0.0735 0.9505
vn -0.5756 0.0730 0.8145
vn -0.6218 0.0795 0.7792
vn -0.7434 0.0565 0.6664
vn -0.7946 0.1135 0.5965
vn -0.9295 0.1791 0.3224
vn 0.9836 0.0553 -0.1719
vn 0.9926 -0.0003 0.1212
vn 0.9270 -0.0466 0.3722
vn 0.8380 -0.0699 0.5412
vn 0.3099 -0.0365 0.9501
vn -0.3375 0.0236 0.9410
vn -0.5672 0.0345 0.8228
vn -0.6251 0.0472 0.7791
vn -0.7159 0.0650 0.6952
vn -0.8318 0.0720 0.5504
vn -0.9310 0.1646 0.3258
vn 0.9873 -0.0194 -0.1574
vn 0.9942 -0.0162 0.1059
vn 0.9399 -0.0526 0.3375
vn 0.8114 -0.0419 0.5829
vn 0.2677 -0.0149 0.9634
vn -0.3365 -0.0068 0.9417
vn -0.5548 -0.0117 0.8319
vn -0.6331 -0.0067 0.7741
vn -0.7191 0.0309 0.6942
vn -0.8494 0.0728 0.5226
vn -0.9417 0.1334 0.3089
vn 0.9924 -0.0376 -0.1170
vn 0.9923 -0.0129 0.1231
vn 0.9401 -0.0120 0.3406
vn 0.7788 0.0078 0.6273
vn 0.2607 0.0261 0.9651
vn -0.3048 0.0050 0.9524
vn -0.5327 -0.0175 0.8461
vn -0.6312 -0.0258 0.7752
vn -0.7401 -0.0024 0.6725
vn -0.8668 0.0636 0.4946
vn -0.9472 0.1297 0.2933
vn 0.9962 -0.0349 -0.0803
vn 0.9875 -0.0125 0.1570
vn 0.9313 0.0046 0.3641
vn 0.7588 0.0301 0.6506
vn 0.2787 0.0375 0.9596
vn -0.2605 0.0101 0.9654
vn -0.5055 -0.0177 0.8626
vn -0.6185 -0.0321 0.7851
vn -0.7482 -0.0184 0.6633
vn -0.8917 0.0510 0.4497
vn -0.9577 0.1462 0.2480
vn 0.9983 -0.0327 -0.0492
vn 0.9821 -0.0481 0.1820
vn 0.9252 -0.0229 0.3788
vn 0.7558 0.0002 0.6548
vn 0.3135 0.0089 0.9496
vn -0.2103 -0.0134 0.9775
vn -0.4701 -0.0368 0.8818
vn -0.5931 -0.0541 0.8033
vn -0.7595 -0.0316 0.6498
vn -0.9155 0.0585 0.3981
vn -0.9701 0.1298 0.2051
vn 0.9968 -0.0790 -0.0146
vn 0.9726 -0.1044 0.2075
vn 0.9159 -0.0786 0.3937
vn 0.7552 -0.0576 0.6530
vn 0.3532 -0.0508 0.9342
vn -0.1474 -0.0637 0.9870
vn -0.4234 -0.0855 0.9019
vn -0.5627 -0.0967 0.8210
vn -0.7862 -0.0504 0.6159
vn -0.9313 0.0506 0.3606
vn -0.9733 0.0636 0.2205
vn 0.9921 -0.1242 0.0178
vn 0.9634 -0.1250 0.2370
vn 0.9012 -0.1058 0.4204
vn 0.7475 -0.0846 0.6589
vn 0.3868 -0.0830 0.9184
vn -0.0837 -0.0995 0.9915
vn -0.3664 -0.1222 0.9224
vn -0.5483 -0.1288 0.8263
vn -0.8184 -0.0604 0.5715
vn -0.9341 0.0105 0.3570
vn -0.9681 -0.0063 0.2504
vn 0.9899 -0.1356 0.0421
vn 0.9534 -0.1312 0.2716
vn 0.8848 -0.1093 0.4529
vn 0.7315 -0.0894 0.6760
vn 0.4120 -0.0850 0.9072
vn -0.0230 -0.1048 0.9942
vn -0.3111 -0.1330 0.9410
vn -0.5571 -0.1303 0.8202
vn -0.8407 -0.0535 0.5389
vn -0.9215 -0.0273 0.3875
vn -0.9765 -0.0176 0.2148
vn 0.9885 -0.1403 0.0561
vn 0.9419 -0.1356 0.3073
vn 0.8666 -0.1117 0.4864
vn 0.7164 -0.0891 0.6920
vn 0.4346 -0.0853 0.8966
vn 0.0400 -0.1100 0.9931
vn -0.2618 -0.1384 0.9552
vn -0.5800 -0.1196 0.8058
vn -0.8413 -0.0532 0.5379
vn -0.9092 -0.0630 0.4116
vn -0.9941 0.0266 0.1054
vn 0.9876 -0.1418 0.0681
vn 0.9314 -0.1404 0.3358
vn 0.8474 -0.1170 0.5179
vn 0.7013 -0.0942 0.7066
vn 0.4546 -0.0875 0.8864
vn 0.1029 -0.1110 0.9885
vn -0.2225 -0.1387 0.9650
vn -0.6026 -0.1129 0.7900
vn -0.8236 -0.0597 0.5640
vn -0.9110 -0.0753 0.4054
vn -0.9952 0.0800 -0.0570
vn 0.9836 -0.1570 0.0893
vn 0.9212 -0.1771 0.3465
vn 0.8290 -0.1483 0.5392
vn 0.6897 -0.1135 0.7152
vn 0.4723 -0.1017 0.8756
vn 0.1590 -0.1176 0.9803
vn -0.1907 -0.1382 0.9719
vn -0.6042 -0.1150 0.7885
vn -0.8096 -0.0794 0.5816
vn -0.9310 -0.0514 0.3615
vn -0.9768 0.1047 -0.1866
vn 0.9752 -0.1953 0.1045
vn 0.9106 -0.2522 0.3273
vn 0.8129 -0.2212 0.5388
vn 0.6765 -0.1781 0.7146
vn 0.4854 -0.1482 0.8616
vn 0.2019 -0.1428 0.9689
vn -0.1699 -0.1432 0.9750
vn -0.5841 -0.1166 0.8033
vn -0.8151 -0.0947 0.5715
vn -0.9588 -0.0089 0.2839
vn -0.9668 0.1032 -0.2336
vn 0.9716 -0.2254 0.0726
vn 0.9269 -0.2823 0.2475
vn 0.7926 -0.3271 0.5146
vn 0.6498 -0.2584 0.7148
vn 0.4793 -0.1946 0.8558
vn 0.2129 -0.1703 0.9621
vn -0.1640 -0.1575 0.9738
vn -0.5726 -0.1205 0.8109
vn -0.8403 -0.0771 0.5366
vn -0.9789 0.0257 0.2025
vn -0.9738 0.0745 -0.2151
vn 0.9649 -0.2564 0.0562
vn 0.8750 -0.4584 0.1559
vn 0.8164 -0.3142 0.4845
vn 0.6033 -0.3781 0.7022
vn 0.4325 -0.2738 0.8591
vn 0.2023 -0.1825 0.9622
vn -0.1470 -0.1657 0.9751
vn -0.5837 -0.1364 0.8004
vn -0.8569 -0.0898 0.5076
vn -0.9855 -0.0130 0.1692
vn -0.9856 0.0046 -0.1693
vn -0.9907 -0.0002 0.1361
vn -0.9935 0.0221 -0.1120
vn -0.9929 -0.0481 -0.1091
vn -0.9899 0.0504 0.1325
vn -0.9904 0.0674 -0.1205
vn -0.9902 0.0842 0.1118
vn -0.9886 0.0915 -0.1198
vn -0.9919 0.1244 -0.0272
vn -0.9929 0.1188 0.0067
vn -0.9880 0.1129 -0.1054
vn -0.9869 0.1268 0.0994
vn -0.9904 0.1078 -0.0862
vn -0.9846 0.1362 0.1098
vn -0.9916 0.1182 -0.0533
vn -0.9844 0.1240 0.1247
vn -0.9941 0.1053 -0.0268
vn -0.9347 0.0221 0.3548
vn -0.9379 0.0662 0.3405
vn -0.9409 0.0953 0.3250
vn -0.9917 0.0900 0.0918
vn -0.9438 0.0722 0.3226
vn -0.9471 0.3176 0.0459
vn -0.8977 0.3934 0.1984
vn -0.9508 0.3092 0.0185
vn -0.9466 0.1424 0.2894
vn -0.9464 0.1430 0.2897
vn -0.8038 0.0392 0.5935
vn -0.8207 0.0762 0.5663
vn -0.8244 0.1131 0.5546
vn -0.8296 0.0648 0.5546
vn -0.9064 0.3239 0.2713
vn -0.8348 0.1125 0.5389
vn -0.8562 0.1776 0.4852
vn -0.8520 0.1593 0.4988
vn -0.9219 0.1867 0.3395
vn -0.5552 0.0416 0.8307
vn -0.5801 0.0843 0.8101
vn -0.5979 0.1128 0.7936
vn -0.6085 0.0853 0.7889
vn -0.5755 -0.0721 0.8146
vn -0.6486 0.0430 0.7600
vn -0.7549 0.2109 0.6211
vn -0.6879 0.2119 0.6942
vn -0.8261 0.2401 0.5098
vn -0.2781 0.0400 0.9597
vn -0.3108 0.0714 0.9478
vn -0.3555 0.0656 0.9324
vn -0.3942 0.0636 0.9168
vn -0.3950 0.0131 0.9186
vn -0.5062 0.0729 0.8593
vn -0.7115 0.1891 0.6768
vn -0.5070 0.2045 0.8373
vn -0.1049 0.0042 0.9945
vn -0.1949 0.0064 0.9808
vn -0.2629 0.0091 0.9648
vn -0.3065 0.0103 0.9518
vn -0.3313 0.0123 0.9434
vn -0.3090 -0.0149 0.9509
vn -0.3305 0.0098 0.9437
vn -0.4647 0.1640 0.8701
vn -0.3152 0.1033 0.9434
vn -0.4050 0.1719 0.8980
vn -0.1023 -0.1389 0.9850
vn -0.2043 -0.0948 0.9743
vn -0.2463 -0.0424 0.9683
vn -0.2657 -0.0118 0.9640
vn -0.2792 0.0003 0.9602
vn -0.2911 0.0118 0.9566
vn -0.2863 0.0895 0.9539
vn -0.3844 0.1157 0.9159
vn -0.1492 -0.2355 0.9604
vn -0.1844 -0.1118 0.9765
vn -0.1945 -0.0572 0.9792
vn -0.2009 -0.0301 0.9792
vn -0.2056 -0.0178 0.9785
vn -0.1992 0.0148 0.9799
vn -0.2843 0.0818 0.9552
vn -0.1760 0.0831 0.9809
vn -0.0919 -0.2496 0.9640
vn -0.1261 -0.0975 0.9872
vn -0.1196 -0.0443 0.9918
vn -0.1191 -0.0245 0.9926
vn -0.1277 -0.0094 0.9918
vn -0.1388 0.0288 0.9899
vn -0.1830 0.0991 0.9781
vn -0.1016 0.1009 0.9897
vn 0.0045 -0.2188 0.9758
vn 0.0019 -0.0676 0.9977
vn -0.0002 -0.0407 0.9992
vn -0.0005 -0.0459 0.9989
vn -0.0021 -0.0387 0.9993
vn -0.0042 0.0185 0.9998
vn -0.1408 0.1071 0.9842
vn 0.0099 0.1650 0.9863
vn 0.0214 -0.5472 0.8367
vn 0.0505 -0.5440 0.8375
vn 0.0557 -0.3580 0.9321
vn 0.1021 -0.1230 0.9871
vn 0.0012 -0.0324 0.9995
vn -0.2107 -0.0116 0.9775
vn -0.4978 -0.0149 0.8672
vn -0.7694 -0.0287 0.6381
vn -0.9189 -0.0239 0.3938
vn -0.9900 -0.0429 0.1344
vn 0.0326 -0.7212 0.6920
vn 0.3590 -0.5607 0.7461
vn 0.4379 -0.2899 0.8510
vn 0.2888 -0.1753 0.9412
vn 0.1085 -0.1517 0.9825
vn -0.1207 -0.1240 0.9849
vn -0.4378 -0.0949 0.8941
vn -0.7333 -0.0727 0.6760
vn -0.9046 -0.0600 0.4220
vn -0.9890 -0.0783 -0.1255
vn -0.9882 -0.0762 0.1332
vn 0.7100 -0.4354 0.5535
vn 0.0270 -0.9379 0.3460
vn 0.6059 -0.3138 0.7310
vn 0.3963 -0.3045 0.8661
vn 0.2137 -0.2262 0.9504
vn -0.0287 -0.1470 0.9887
vn -0.3845 -0.1115 0.9164
vn -0.7216 -0.1047 0.6844
vn -0.8979 -0.1098 0.4263
vn -0.9873 -0.0896 -0.1314
vn -0.9865 -0.0996 0.1302
vn 0.0200 -0.9994 -0.0285
vn -0.9863 -0.0972 -0.1331
vn 0.9884 -0.0118 -0.1514
vn 0.9467 -0.0010 -0.3220
vn 0.9469 -0.0497 -0.3177
vn 0.9828 0.0625 -0.1736
vn 0.9279 0.0172 -0.3724
vn 0.9821 0.1012 -0.1590
vn 0.8921 0.0808 -0.4445
vn 0.9913 0.0795 -0.1052
vn 0.8457 0.1766 -0.5035
vn 0.9985 0.0540 0.0111
vn 0.8218 0.2530 -0.5106
vn 0.9900 -0.0086 0.1410
vn 0.8850 0.2119 -0.4147
vn 0.9817 -0.0185 0.1897
vn 0.9630 0.1392 -0.2307
vn 0.9871 0.0393 0.1553
vn 0.9930 0.1057 -0.0535
vn 0.9849 0.1296 0.1146
vn 0.9857 0.1686 0.0015
vn 0.9748 0.1723 0.1418
vn 0.9718 0.2356 -0.0054
vn 0.9646 0.1529 0.2150
vn 0.9764 0.2157 0.0119
vn 0.9549 0.1389 0.2626
vn 0.9873 0.1578 0.0187
vn 0.9513 0.1330 0.2782
vn 0.9842 0.1755 -0.0251
vn 0.9417 0.1307 0.3100
vn 0.9817 0.1768 -0.0711
vn 0.9407 0.0952 0.3255
vn 0.9873 0.1112 -0.1134
vn 0.9549 0.0814 0.2855
vn 0.9822 0.0555 -0.1793
vn 0.9550 0.1132 0.2742
vn 0.9577 -0.0012 -0.2878
vn 0.9419 0.1337 0.3083
vn 0.9068 -0.0464 -0.4189
vn 0.9335 0.2133 0.2883
vn 0.8340 -0.0382 -0.5504
vn 0.9426 0.3185 0.1004
vn 0.8022 -0.0548 -0.5945
vn 0.9388 0.2371 -0.2500
vn 0.8447 -0.1087 -0.5241
vn 0.9186 -0.1601 -0.3613
vn 0.9053 0.0716 -0.4187
vn 0.9671 -0.1178 -0.2253
vn 0.9592 0.0573 -0.2768
vn 0.9552 -0.2959 0.0057
vn 0.4777 -0.8772 -0.0483
vn 0.9696 -0.1812 -0.1644
vn 0.8670 -0.0293 -0.4975
vn 0.8718 -0.0717 -0.4846
vn 0.8549 -0.0018 -0.5188
vn 0.8427 0.0295 -0.5375
vn 0.8240 0.0568 -0.5638
vn 0.7833 0.1257 -0.6088
vn 0.6906 0.2085 -0.6925
vn 0.5967 0.3545 -0.7199
vn 0.7011 0.4056 -0.5864
vn 0.8471 0.3316 -0.4153
vn 0.9044 0.2663 -0.3335
vn 0.9052 0.2644 -0.3328
vn 0.9134 0.1843 -0.3630
vn 0.9088 0.1137 -0.4015
vn 0.8889 0.0721 -0.4523
vn 0.8604 -0.0004 -0.5096
vn 0.8347 -0.0541 -0.5480
vn 0.8226 -0.0874 -0.5619
vn 0.8383 -0.0819 -0.5390
vn 0.8724 0.0056 -0.4887
vn 0.9074 0.1266 -0.4007
vn 0.9321 0.1563 -0.3266
vn 0.9391 0.2023 -0.2778
vn 0.9459 0.0772 -0.3153
vn 0.4865 -0.8545 -0.1818
vn 0.9130 -0.2160 -0.3461
vn 0.7029 -0.0660 -0.7082
vn 0.7030 -0.0832 -0.7063
vn 0.7040 -0.0503 -0.7084
vn 0.6889 -0.0530 -0.7229
vn 0.6386 0.0142 -0.7694
vn 0.5957 0.1120 -0.7954
vn 0.6031 0.1516 -0.7831
vn 0.5978 0.2246 -0.7695
vn 0.5363 0.4463 -0.7163
vn 0.5509 0.4747 -0.6865
vn 0.6046 0.3828 -0.6985
vn 0.6420 0.2967 -0.7070
vn 0.6389 0.1898 -0.7455
vn 0.6244 0.0982 -0.7749
vn 0.6292 0.0851 -0.7726
vn 0.6704 0.0527 -0.7401
vn 0.7245 0.0153 -0.6891
vn 0.7733 -0.0165 -0.6338
vn 0.8169 -0.0191 -0.5764
vn 0.8359 0.0503 -0.5466
vn 0.8075 0.1259 -0.5764
vn 0.7129 0.0071 -0.7012
vn 0.7729 0.0648 -0.6312
vn 0.6946 0.0224 -0.7190
vn 0.3560 -0.8926 -0.2767
vn 0.7612 -0.2745 -0.5876
vn 0.3595 -0.0835 -0.9294
vn 0.3423 -0.1301 -0.9305
vn 0.3648 -0.0573 -0.9293
vn 0.3539 -0.0670 -0.9329
vn 0.3379 -0.0701 -0.9386
vn 0.3426 0.0125 -0.9394
vn 0.4021 0.1692 -0.8998
vn 0.5418 0.2552 -0.8008
vn 0.5681 0.4089 -0.7142
vn 0.4671 0.4507 -0.7607
vn 0.3541 0.3481 -0.8680
vn 0.2954 0.2783 -0.9139
vn 0.2879 0.1678 -0.9429
vn 0.2773 0.0792 -0.9575
vn 0.2723 0.0912 -0.9579
vn 0.2895 0.0885 -0.9531
vn 0.3098 0.0492 -0.9495
vn 0.3267 0.0085 -0.9451
vn 0.3404 -0.0320 -0.9397
vn 0.3180 -0.0195 -0.9479
vn 0.2748 0.0280 -0.9611
vn 0.2411 -0.0043 -0.9705
vn 0.2223 -0.1597 -0.9618
vn 0.1945 0.0375 -0.9802
vn 0.3889 0.1776 -0.9040
vn -0.0182 -0.1038 -0.9944
vn -0.0380 -0.1789 -0.9831
vn -0.0347 -0.0879 -0.9955
vn -0.0414 -0.0819 -0.9958
vn 0.0703 -0.0426 -0.9966
vn 0.2467 0.0659 -0.9668
vn 0.3736 0.2181 -0.9016
vn 0.3433 0.2883 -0.8939
vn 0.1722 0.2331 -0.9571
vn -0.0561 0.2542 -0.9655
vn -0.0966 0.2179 -0.9712
vn -0.0767 0.2191 -0.9727
vn -0.0746 0.1660 -0.9833
vn -0.0599 0.0618 -0.9963
vn -0.0559 0.0696 -0.9960
vn -0.0452 0.0827 -0.9956
vn -0.0384 0.0430 -0.9983
vn -0.0421 0.0035 -0.9991
vn -0.0404 -0.0434 -0.9982
vn -0.0355 -0.0600 -0.9976
vn -0.0376 -0.0037 -0.9993
vn -0.0399 -0.0193 -0.9990
vn -0.0301 -0.1290 -0.9912
vn -0.0569 -0.6893 -0.7222
vn -0.1016 0.1810 -0.9782
vn -0.3172 -0.1336 -0.9389
vn -0.3040 -0.2565 -0.9175
vn -0.2712 -0.0834 -0.9589
vn -0.1886 -0.0509 -0.9807
vn -0.1331 0.0401 -0.9903
vn -0.1225 0.0661 -0.9903
vn -0.2157 0.0506 -0.9751
vn -0.4038 0.0277 -0.9144
vn -0.5029 -0.0257 -0.8639
vn -0.4781 0.0449 -0.8771
vn -0.4292 0.1776 -0.8856
vn -0.4066 0.2165 -0.8876
vn -0.4176 0.1568 -0.8950
vn -0.4115 0.0559 -0.9097
vn -0.4212 0.0452 -0.9058
vn -0.4563 0.0666 -0.8873
vn -0.4981 0.0282 -0.8667
vn -0.5387 -0.0171 -0.8423
vn -0.5681 -0.0387 -0.8220
vn -0.5616 -0.0245 -0.8270
vn -0.5290 0.0352 -0.8479
vn -0.4883 -0.0079 -0.8727
vn -0.0567 0.0156 -0.9983
vn -0.4422 -0.0904 -0.8923
vn -0.4832 -0.6336 -0.6042
vn -0.6161 0.1310 -0.7767
vn -0.6030 -0.2026 -0.7716
vn -0.5916 -0.3002 -0.7483
vn -0.6215 -0.0663 -0.7806
vn -0.6267 -0.0595 -0.7770
vn -0.6427 -0.0931 -0.7605
vn -0.7058 -0.0967 -0.7017
vn -0.7609 -0.1433 -0.6329
vn -0.7540 -0.1289 -0.6441
vn -0.7040 -0.0163 -0.7100
vn -0.6245 0.1176 -0.7721
vn -0.5818 0.1517 -0.7991
vn -0.6446 0.1162 -0.7556
vn -0.7132 0.0820 -0.6962
vn -0.7337 0.0428 -0.6782
vn -0.7198 0.0029 -0.6942
vn -0.7068 -0.0166 -0.7072
vn -0.7153 -0.0575 -0.6965
vn -0.7403 -0.0871 -0.6666
vn -0.7803 -0.0808 -0.6201
vn -0.8262 -0.0198 -0.5631
vn -0.8605 0.0810 -0.5030
vn -0.8534 0.1252 -0.5060
vn -0.4222 -0.0767 -0.9033
vn -0.8267 0.0918 -0.5552
vn -0.2054 -0.9710 -0.1228
vn -0.6956 -0.4631 -0.5493
vn -0.8507 -0.2441 -0.4656
vn -0.8599 -0.2256 -0.4580
vn -0.8632 -0.1633 -0.4777
vn -0.8919 -0.1282 -0.4337
vn -0.9072 -0.1615 -0.3884
vn -0.9007 -0.1415 -0.4108
vn -0.8672 -0.1022 -0.4873
vn -0.8125 -0.0672 -0.5791
vn -0.7714 -0.0410 -0.6351
vn -0.8043 0.0172 -0.5940
vn -0.8658 0.0265 -0.4997
vn -0.8938 0.0064 -0.4484
vn -0.9018 -0.0005 -0.4321
vn -0.9147 0.0068 -0.4042
vn -0.9184 0.0301 -0.3945
vn -0.9090 0.0409 -0.4148
vn -0.8932 -0.0164 -0.4494
vn -0.8705 -0.0759 -0.4864
vn -0.8468 -0.1244 -0.5171
vn -0.8298 -0.0843 -0.5516
vn -0.8142 -0.0328 -0.5797
vn -0.8546 0.0338 -0.5182
vn -0.7297 -0.1076 -0.6752
vn -0.8809 0.1623 -0.4445
vn -0.3329 -0.9371 -0.1054
vn -0.7878 -0.5552 -0.2666
vn -0.9591 -0.2244 -0.1724
vn -0.8951 -0.4076 -0.1809
vn -0.9626 -0.2025 -0.1797
vn -0.9736 -0.1520 -0.1702
vn -0.9669 -0.1410 -0.2128
vn -0.9523 -0.1295 -0.2764
vn -0.9470 -0.1165 -0.2993
vn -0.9556 -0.1109 -0.2730
vn -0.9661 -0.1044 -0.2361
vn -0.9699 -0.0706 -0.2330
vn -0.9670 -0.0439 -0.2510
vn -0.9661 -0.0377 -0.2553
vn -0.9677 -0.0306 -0.2502
vn -0.9648 -0.0151 -0.2625
vn -0.9582 0.0122 -0.2859
vn -0.9586 0.0149 -0.2844
vn -0.9728 -0.0393 -0.2282
vn -0.9885 -0.0589 -0.1392
vn -0.9919 -0.0395 -0.1209
vn -0.9797 0.0527 -0.1933
vn -0.9599 0.0694 -0.2717
vn -0.9300 0.0160 -0.3673
vn -0.9234 -0.0705 -0.3773
vn -0.9517 0.0308 -0.3056
vn -0.7811 -0.6242 -0.0156
vn -0.9432 -0.3315 0.0219
vn -0.9729 -0.2227 0.0620
vn -0.9586 -0.2801 0.0519
vn -0.9775 -0.1875 0.0963
vn -0.9848 -0.1414 0.1010
vn -0.9866 -0.1340 0.0932
vn -0.9878 -0.1345 0.0781
vn -0.9896 -0.1338 0.0523
vn -0.9924 -0.1222 0.0152
vn -0.9968 -0.0776 -0.0209
vn -0.9979 -0.0397 -0.0514
vn -0.9965 -0.0445 -0.0714
vn -0.9963 -0.0429 -0.0745
vn -0.9987 -0.0238 -0.0454
vn -0.9997 0.0213 -0.0089
vn -0.9997 0.0201 -0.0118
vn -0.9928 -0.0682 -0.0987
vn -0.9735 -0.1379 -0.1823
vn -0.9756 -0.0763 -0.2058
vn -0.9906 0.0182 -0.1358
vn -0.9787 0.1922 -0.0728
vn -0.9965 0.0841 -0.0005
vn -0.9631 -0.2518 -0.0949
vn -0.9857 0.0185 0.1675
vn -0.1915 -0.9809 0.0352
vn -0.7899 -0.5999 0.1274
vn 0.9461 -0.0299 -0.3226
vn 0.9924 0.0347 -0.1184
vn 0.9917 -0.0306 -0.1245
vn 0.9495 0.0066 -0.3138
vn 0.9933 0.0634 -0.0963
vn 0.9566 0.0205 -0.2908
vn 0.9936 0.0815 -0.0778
vn 0.9593 0.0553 -0.2770
vn 0.9916 0.1076 -0.0716
vn 0.9667 0.0735 -0.2450
vn 0.9932 0.0997 -0.0598
vn 0.9825 0.0902 -0.1632
vn 0.9928 0.1136 -0.0373
vn 0.8866 -0.0458 -0.4602
vn 0.8954 -0.0224 -0.4447
vn 0.9005 -0.0059 -0.4348
vn 0.9154 0.0116 -0.4025
vn 0.9313 0.0249 -0.3633
vn 0.9776 0.0660 -0.1998
vn 0.9527 0.0619 -0.2974
vn 0.8174 -0.0717 -0.5716
vn 0.8351 -0.0488 -0.5479
vn 0.8569 -0.0511 -0.5129
vn 0.8752 -0.0322 -0.4827
vn 0.8850 -0.0083 -0.4656
vn 0.9436 0.0274 -0.3300
vn 0.8975 0.0531 -0.4379
vn 0.7119 -0.1338 -0.6894
vn 0.7660 -0.1199 -0.6316
vn 0.7905 -0.0956 -0.6050
vn 0.8015 -0.0538 -0.5955
vn 0.8058 -0.0241 -0.5917
vn 0.8949 -0.0012 -0.4462
vn 0.7847 0.0810 -0.6146
vn 0.5458 -0.2481 -0.8003
vn 0.6099 -0.1829 -0.7711
vn 0.6398 -0.1245 -0.7584
vn 0.6534 -0.0659 -0.7541
vn 0.6515 -0.0175 -0.7584
vn 0.8009 -0.0083 -0.5988
vn 0.5647 0.1318 -0.8147
vn 0.2934 -0.3387 -0.8940
vn 0.3941 -0.2408 -0.8870
vn 0.4356 -0.1501 -0.8875
vn 0.4460 -0.0671 -0.8925
vn 0.4310 0.0084 -0.9023
vn 0.6260 0.0332 -0.7791
vn 0.3253 0.2027 -0.9236
vn 0.0865 -0.4376 -0.8950
vn 0.1748 -0.2786 -0.9444
vn 0.2094 -0.1515 -0.9660
vn 0.2146 -0.0511 -0.9754
vn 0.1771 0.1644 -0.9704
vn 0.3896 0.1109 -0.9143
vn 0.1506 0.2361 -0.9600
vn -0.0857 -0.4577 -0.8849
vn -0.0324 -0.2743 -0.9611
vn -0.0099 -0.1410 -0.9900
vn 0.0065 -0.0350 -0.9994
vn 0.2082 0.0598 -0.9763
vn 0.0219 0.0728 -0.9971
vn 0.0340 0.2283 -0.9730
vn -0.1845 -0.4323 -0.8827
vn -0.1469 -0.2473 -0.9577
vn -0.1183 -0.1488 -0.9818
vn -0.0916 -0.0661 -0.9936
vn -0.0793 0.0653 -0.9947
vn 0.0217 0.1755 -0.9842
vn -0.0437 0.2065 -0.9775
vn -0.0073 -0.3946 -0.9188
vn 0.0110 -0.2448 -0.9695
vn 0.0141 -0.1437 -0.9895
vn 0.0011 -0.0370 -0.9993
vn -0.0041 0.0641 -0.9979
vn -0.0625 0.1529 -0.9863
vn -0.0045 0.1813 -0.9834
vn -0.0096 -0.6343 -0.7730
vn -0.2262 -0.6394 -0.7348
vn -0.2117 -0.5666 -0.7963
vn -0.1039 -0.4298 -0.8969
vn 0.1414 -0.3371 -0.9308
vn 0.4167 -0.2414 -0.8764
vn 0.6399 -0.1418 -0.7553
vn 0.7935 -0.0972 -0.6007
vn 0.8736 -0.0693 -0.4817
vn 0.9456 -0.0675 -0.3182
vn 0.0017 -0.7199 -0.6941
vn -0.3648 -0.6022 -0.7101
vn -0.4857 -0.3791 -0.7876
vn -0.2735 -0.3111 -0.9102
vn 0.0177 -0.3002 -0.9537
vn 0.2896 -0.2106 -0.9337
vn 0.5893 -0.1352 -0.7965
vn 0.7773 -0.0834 -0.6236
vn 0.8757 -0.0738 -0.4772
vn 0.9903 -0.0593 -0.1259
vn 0.9446 -0.0741 -0.3196
vn -0.7122 -0.4168 -0.5648
vn 0.0077 -0.8997 -0.4364
vn -0.6276 -0.2427 -0.7398
vn -0.3235 -0.3088 -0.8944
vn -0.0875 -0.2614 -0.9613
vn 0.2085 -0.1757 -0.9621
vn 0.5613 -0.0968 -0.8219
vn 0.7851 -0.0638 -0.6161
vn 0.8826 -0.0828 -0.4627
vn 0.9895 -0.0821 -0.1189
vn 0.9458 -0.0947 -0.3106
vn 0.0250 -0.9959 -0.0873
vn 0.9878 -0.0987 -0.1201
vn 0.9871 0.0804 -0.1387
vn 0.9956 0.0924 -0.0174
vn 0.9586 0.0735 -0.2752
vn 0.8829 0.0824 -0.4622
vn 0.7201 0.1318 -0.6812
vn 0.4886 0.1929 -0.8509
vn 0.5647 0.1319 -0.8147
vn 0.2782 0.2310 -0.9323
vn 0.3253 0.2028 -0.9236
vn 0.1387 0.2536 -0.9573
vn 0.0338 0.2671 -0.9631
vn -0.0223 0.2857 -0.9581
vn -0.0007 0.2936 -0.9559
vn 0.6545 0.7497 -0.0974
vn 0.6567 0.7542 -0.0049
vn 0.9871 0.0803 -0.1387
vn 0.6402 0.7411 -0.2023
vn 0.5854 0.7324 -0.3476
vn 0.4513 0.7360 -0.5046
vn 0.2700 0.7627 -0.5877
vn 0.1387 0.2537 -0.9573
vn 0.1154 0.7909 -0.6010
vn 0.0339 0.8069 -0.5897
vn -0.0316 0.8137 -0.5804
vn -0.0007 0.2937 -0.9559
vn -0.0624 0.8450 -0.5311
vn 0.0533 0.8462 -0.5302
vn -0.0057 0.8650 -0.5017
vn 0.0198 0.2866 -0.9578
vn 0.0219 0.8139 -0.5806
vn -0.0413 0.2706 -0.9618
vn -0.0352 0.8069 -0.5896
vn -0.1325 0.2553 -0.9577
vn -0.0991 0.7897 -0.6054
vn -0.2545 0.2259 -0.9403
vn -0.2447 0.7745 -0.5834
vn -0.4560 0.1787 -0.8719
vn -0.4485 0.7390 -0.5027
vn -0.8786 0.0836 -0.4702
vn -0.7120 0.1266 -0.6907
vn -0.9546 0.0683 -0.2898
vn -0.5793 0.7242 -0.3742
vn -0.9848 0.0790 -0.1550
vn -0.6374 0.7352 -0.2309
vn -0.6525 0.7492 -0.1142
vn -0.7899 -0.5998 0.1275
vn -0.9475 0.2064 0.2443
vn -0.9835 -0.1402 0.1145
vn -0.9210 -0.2770 0.2739
vn -0.8803 0.4042 0.2485
vn -0.9770 0.1073 0.1845
vn -0.7968 0.5933 0.1143
vn -0.5117 0.6419 0.5711
vn -0.8987 0.4076 0.1620
vn 0.0728 0.7340 0.6752
vn -0.4600 0.8431 0.2784
vn 0.5163 0.4508 0.7281
vn -0.0998 0.6917 0.7152
vn 0.8900 0.1534 0.4295
vn 0.5632 0.4625 0.6848
vn 0.9758 0.0366 0.2154
vn 0.8902 0.1874 0.4153
vn 0.9729 -0.1140 0.2010
vn 0.9633 -0.0187 0.2679
vn 0.9820 -0.1840 -0.0423
vn 0.9722 -0.0392 0.2307
vn -0.8820 0.0656 0.4666
vn -0.9118 -0.0839 0.4021
vn -0.7861 -0.1610 0.5968
vn -0.5229 0.4266 0.7379
vn -0.2329 0.8300 0.5068
vn 0.2808 0.9248 0.2566
vn 0.7857 0.3636 0.5005
vn 0.9674 -0.1202 0.2230
vn 0.9254 -0.0898 0.3683
vn 0.9672 -0.1178 -0.2252
vn -0.8879 -0.3685 0.2753
vn -0.9965 0.0841 -0.0004
vn -0.7451 -0.5192 0.4186
vn -0.4026 0.3686 0.8379
vn -0.5037 -0.0775 0.8604
vn -0.2025 0.9769 0.0684
vn 0.1218 0.9787 0.1652
vn 0.6585 0.6162 0.4320
vn 0.9540 0.2681 0.1343
vn 0.8071 0.5763 0.1287
vn -0.9965 -0.0248 -0.0795
vn -0.9786 0.1922 -0.0729
vn -0.7654 0.1979 0.6124
vn -0.4382 0.3892 0.8102
vn -0.2692 0.5860 0.7642
vn -0.0509 0.7543 0.6546
vn 0.1716 0.7511 0.6375
vn 0.5864 0.7178 0.3752
vn 0.7732 0.6339 0.0187
vn 0.6622 0.6639 0.3475
vn -0.7644 0.2760 0.5827
vn -0.9990 0.0125 -0.0424
vn -0.5782 0.1874 0.7941
vn -0.3830 0.0746 0.9207
vn 0.1004 0.3853 0.9173
vn 0.1848 0.6690 0.7199
vn 0.4765 0.6269 0.6163
vn 0.9530 0.2365 0.1895
vn 0.8465 0.3182 0.4269
vn 0.9426 0.3186 0.1004
vn -0.9559 0.0187 0.2931
vn -0.9756 -0.0763 -0.2059
vn -0.8089 0.1559 0.5670
vn -0.8423 -0.0515 0.5365
vn -0.3535 0.0999 0.9301
vn 0.4038 0.2816 0.8704
vn 0.4260 0.3902 0.8163
vn 0.2641 0.5735 0.7755
vn 0.7514 0.4215 0.5076
vn 0.9363 0.0944 0.3384
vn -0.9402 -0.0394 0.3383
vn -0.8728 -0.0269 0.4873
vn -0.8519 -0.1591 0.4989
vn -0.3180 0.0287 0.9476
vn 0.3402 0.0257 0.9400
vn 0.5164 -0.0276 0.8559
vn 0.5497 0.1219 0.8264
vn 0.5053 0.3058 0.8069
vn 0.9066 0.0380 0.4204
vn -0.9712 0.0336 0.2360
vn -0.9928 -0.0681 -0.0986
vn -0.9462 -0.1069 0.3053
vn -0.8692 -0.1076 0.4826
vn -0.1178 -0.1016 0.9878
vn 0.3163 -0.0600 0.9468
vn 0.5012 -0.0197 0.8651
vn 0.6523 -0.0479 0.7564
vn 0.5836 0.0700 0.8091
vn 0.8449 0.1127 0.5230
vn -0.9829 0.0680 0.1711
vn -0.9997 0.0202 -0.0117
vn -0.9833 -0.0819 0.1627
vn -0.8207 -0.0492 0.5692
vn -0.0838 -0.0228 0.9962
vn 0.3447 -0.0137 0.9386
vn 0.5023 0.0061 0.8647
vn 0.6190 -0.0043 0.7853
vn 0.6945 -0.0083 0.7195
vn 0.8301 0.1378 0.5403
vn -0.9946 -0.0059 0.1036
vn -0.9924 -0.0490 0.1129
vn -0.7573 -0.0129 0.6530
vn -0.0653 0.0008 0.9979
vn 0.3544 0.0073 0.9351
vn 0.5148 0.0229 0.8570
vn 0.5933 0.0358 0.8042
vn 0.7281 0.0226 0.6851
vn 0.8374 0.1105 0.5353
vn -0.9962 -0.0667 0.0553
vn -0.9987 -0.0238 -0.0453
vn -0.9866 -0.0446 0.1569
vn -0.7065 -0.0148 0.7076
vn -0.0522 -0.0111 0.9986
vn 0.3582 -0.0013 0.9337
vn 0.5218 0.0060 0.8530
vn 0.5940 0.0261 0.8040
vn 0.7179 0.0467 0.6946
vn 0.8525 0.0807 0.5165
vn -0.9965 -0.0657 0.0508
vn -0.9963 -0.0429 -0.0744
vn -0.9697 -0.0314 0.2422
vn -0.6791 0.0039 0.7340
vn -0.0699 -0.0046 0.9975
vn 0.3446 -0.0198 0.9386
vn 0.5105 -0.0315 0.8593
vn 0.6107 -0.0176 0.7917
vn 0.7238 0.0403 0.6888
vn 0.8647 0.0854 0.4950
vn 0.9512 0.1330 0.2783
vn -0.9961 -0.0427 0.0777
vn -0.9519 0.0004 0.3063
vn -0.6686 0.0322 0.7429
vn -0.1051 0.0184 0.9943
vn 0.3055 -0.0139 0.9521
vn 0.4842 -0.0392 0.8741
vn 0.6290 -0.0293 0.7769
vn 0.7524 0.0197 0.6584
vn 0.8779 0.0770 0.4727
vn -0.9930 -0.0224 0.1162
vn -0.9979 -0.0396 -0.0513
vn -0.9347 0.0154 0.3550
vn -0.6672 0.0432 0.7437
vn -0.1468 0.0280 0.9888
vn 0.2560 -0.0113 0.9666
vn 0.4677 -0.0329 0.8833
vn 0.6355 -0.0185 0.7719
vn 0.7628 0.0005 0.6466
vn 0.8916 0.0575 0.4493
vn 0.9646 0.1529 0.2151
vn -0.9876 -0.0458 0.1505
vn -0.9968 -0.0776 -0.0208
vn -0.9229 -0.0084 0.3849
vn -0.6768 0.0144 0.7360
vn -0.2012 0.0033 0.9796
vn 0.2007 -0.0292 0.9792
vn 0.4523 -0.0449 0.8908
vn 0.6179 -0.0374 0.7854
vn 0.7589 -0.0364 0.6502
vn 0.9149 0.0516 0.4004
vn -0.9788 -0.0949 0.1816
vn -0.9924 -0.1222 0.0153
vn -0.9117 -0.0664 0.4054
vn -0.6892 -0.0473 0.7230
vn -0.2665 -0.0548 0.9623
vn 0.1445 -0.0810 0.9862
vn 0.4179 -0.0847 0.9045
vn 0.5819 -0.0914 0.8081
vn 0.7623 -0.0710 0.6433
vn 0.9436 0.0484 0.3274
vn -0.9689 -0.1134 0.2201
vn -0.8982 -0.0893 0.4305
vn -0.6941 -0.0781 0.7156
vn -0.3247 -0.0870 0.9418
vn 0.0861 -0.1111 0.9901
vn 0.3703 -0.1242 0.9206
vn 0.5480 -0.1371 0.8251
vn 0.7942 -0.0756 0.6030
vn 0.9600 0.0396 0.2772
vn -0.9581 -0.1205 0.2601
vn -0.8823 -0.0955 0.4608
vn -0.6951 -0.0800 0.7144
vn -0.3677 -0.0909 0.9255
vn 0.0299 -0.1171 0.9927
vn 0.3135 -0.1369 0.9397
vn 0.5361 -0.1464 0.8313
vn 0.8398 -0.0567 0.5399
vn 0.9570 0.0220 0.2892
vn -0.9474 -0.1231 0.2953
vn -0.8652 -0.0997 0.4915
vn -0.6926 -0.0831 0.7165
vn -0.4071 -0.0906 0.9089
vn -0.0336 -0.1200 0.9922
vn 0.2598 -0.1475 0.9543
vn 0.5450 -0.1401 0.8266
vn 0.8697 -0.0454 0.4915
vn 0.9403 -0.0112 0.3402
vn 0.9900 -0.0087 0.1411
vn -0.9366 -0.1290 0.3257
vn -0.9848 -0.1414 0.1011
vn -0.8479 -0.1046 0.5197
vn -0.6889 -0.0857 0.7198
vn -0.4404 -0.0916 0.8931
vn -0.0986 -0.1204 0.9878
vn 0.2121 -0.1512 0.9655
vn 0.5687 -0.1250 0.8130
vn 0.8668 -0.0493 0.4962
vn 0.9280 -0.0613 0.3674
vn 0.9985 0.0539 0.0111
vn -0.9262 -0.1679 0.3375
vn -0.8332 -0.1379 0.5356
vn -0.6862 -0.1093 0.7192
vn -0.4698 -0.1047 0.8765
vn -0.1605 -0.1266 0.9789
vn 0.1745 -0.1486 0.9734
vn 0.5916 -0.1147 0.7980
vn 0.8405 -0.0602 0.5385
vn 0.9361 -0.0748 0.3436
vn -0.9150 -0.2502 0.3165
vn -0.9729 -0.2227 0.0621
vn -0.8195 -0.2176 0.5301
vn -0.6825 -0.1770 0.7092
vn -0.4895 -0.1531 0.8585
vn -0.2117 -0.1508 0.9656
vn 0.1523 -0.1582 0.9756
vn 0.5830 -0.1248 0.8028
vn 0.8215 -0.0909 0.5628
vn 0.9588 -0.0445 0.2805
vn 0.9821 0.1012 -0.1589
vn -0.9279 -0.2891 0.2354
vn -0.8006 -0.3258 0.5029
vn -0.6594 -0.2604 0.7053
vn -0.4871 -0.1972 0.8508
vn -0.2263 -0.1748 0.9582
vn 0.1415 -0.1640 0.9763
vn 0.5614 -0.1333 0.8167
vn 0.8296 -0.1019 0.5490
vn 0.9769 -0.0157 0.2130
vn -0.8571 -0.4932 0.1490
vn -0.9432 -0.3315 0.0220
vn -0.8170 -0.3246 0.4766
vn -0.6139 -0.3767 0.6937
vn -0.4395 -0.2693 0.8569
vn -0.2176 -0.1802 0.9593
vn 0.1261 -0.1669 0.9779
vn 0.5637 -0.1376 0.8144
vn 0.8437 -0.1018 0.5270
vn 0.9813 -0.0276 0.1907
vn 0.9884 -0.0118 -0.1513
vn 0.9924 0.0347 -0.1183
vn 0.9901 0.0208 0.1389
vn 0.9917 -0.0305 -0.1245
vn 0.9933 0.0634 -0.0962
vn 0.9846 0.0913 0.1493
vn 0.9835 0.1016 0.1495
vn 0.9942 0.1068 -0.0104
vn 0.9888 0.1299 0.0736
vn 0.9907 0.0476 0.1277
vn 0.9860 0.1059 0.1291
vn 0.9772 0.1935 0.0873
vn 0.9931 0.1090 0.0420
vn 0.9928 0.1136 -0.0372
vn 0.9932 0.0997 -0.0597
vn 0.9835 0.1141 0.1401
vn 0.9857 0.1201 0.1186
vn 0.9121 0.0656 0.4048
vn 0.9136 0.1169 0.3895
vn 0.9248 0.1049 0.3657
vn 0.9306 -0.0049 0.3659
vn 0.9162 0.2592 0.3057
vn 0.9380 0.0965 0.3330
vn 0.9414 0.1192 0.3156
vn 0.7613 0.0916 0.6419
vn 0.7859 0.1031 0.6098
vn 0.8005 0.1000 0.5910
vn 0.9248 0.1408 0.3534
vn 0.8052 -0.0187 0.5927
vn 0.8489 0.3026 0.4333
vn 0.8439 0.1007 0.5270
vn 0.9291 0.1433 0.3410
vn 0.8187 0.1338 0.5585
vn 0.5240 0.0871 0.8473
vn 0.5485 0.0904 0.8312
vn 0.5721 0.0823 0.8160
vn 0.8251 0.1826 0.5346
vn 0.5842 -0.0304 0.8110
vn 0.6213 0.0534 0.7818
vn 0.7032 0.1747 0.6892
vn 0.7998 0.1816 0.5722
vn 0.6543 0.1553 0.7401
vn 0.2624 0.0701 0.9624
vn 0.3028 0.0596 0.9512
vn 0.3473 0.0349 0.9371
vn 0.3585 0.0058 0.9335
vn 0.4552 0.0383 0.8896
vn 0.3291 -0.0789 0.9410
vn 0.5089 0.1971 0.8379
vn 0.7040 0.1976 0.6822
vn 0.1136 0.0012 0.9935
vn 0.2124 -0.0163 0.9770
vn 0.2781 -0.0209 0.9603
vn 0.3186 -0.0214 0.9476
vn 0.3209 -0.0431 0.9461
vn 0.5159 0.1608 0.8414
vn 0.2769 -0.0163 0.9608
vn 0.1342 -0.1567 0.9785
vn 0.2282 -0.1134 0.9670
vn 0.2623 -0.0652 0.9628
vn 0.2791 -0.0443 0.9592
vn 0.2910 -0.0355 0.9561
vn 0.2830 0.0908 0.9548
vn 0.3066 -0.0215 0.9516
vn 0.2753 0.0963 0.9565
vn 0.2949 0.0859 0.9517
vn 0.1742 -0.2438 0.9541
vn 0.2079 -0.1217 0.9705
vn 0.2126 -0.0764 0.9742
vn 0.2085 -0.0537 0.9765
vn 0.2014 -0.0527 0.9781
vn 0.1865 -0.0248 0.9821
vn 0.1661 0.1171 0.9791
vn 0.1662 0.1134 0.9796
vn 0.1149 -0.2599 0.9588
vn 0.1418 -0.1026 0.9846
vn 0.1274 -0.0506 0.9906
vn 0.1175 -0.0288 0.9927
vn 0.1136 -0.0208 0.9933
vn 0.1044 0.0201 0.9943
vn 0.0616 0.0919 0.9939
vn 0.0760 0.1162 0.9903
vn -0.0004 -0.0459 0.9989
vn -0.0020 -0.0387 0.9993
vn -0.0041 0.0185 0.9998
vn 0.0089 0.1436 0.9896
vn 0.0100 0.1650 0.9862
vn 0.0213 -0.5472 0.8367
vn -0.0244 -0.5554 0.8312
vn -0.0304 -0.3770 0.9257
vn -0.0825 -0.1317 0.9879
vn -0.0185 -0.0073 0.9998
vn 0.1893 0.0156 0.9818
vn 0.4681 0.0246 0.8833
vn 0.7374 0.0132 0.6753
vn 0.9027 -0.0076 0.4301
vn 0.9886 -0.0357 0.1461
vn 0.0325 -0.7212 0.6920
vn -0.3179 -0.5849 0.7462
vn -0.4251 -0.3065 0.8517
vn -0.2906 -0.1594 0.9435
vn -0.1134 -0.1368 0.9841
vn 0.0954 -0.1003 0.9904
vn 0.3994 -0.0595 0.9149
vn 0.7120 -0.0540 0.7000
vn 0.8944 -0.0558 0.4437
vn 0.9859 -0.0745 0.1498
vn 0.9903 -0.0593 -0.1258
vn -0.6934 -0.4625 0.5525
vn -0.6132 -0.3099 0.7267
vn -0.4002 -0.2926 0.8684
vn -0.2206 -0.2065 0.9533
vn 0.0036 -0.1254 0.9921
vn 0.3604 -0.1066 0.9267
vn 0.7024 -0.1063 0.7038
vn 0.8881 -0.1113 0.4460
vn 0.9842 -0.0946 0.1498
vn 0.9895 -0.0821 -0.1188
vn 0.0270 -0.9378 0.3460
vn 0.9879 -0.0987 -0.1200
vn -0.9413 0.0025 -0.3377
vn -0.9737 0.0745 -0.2151
vn -0.9247 0.0173 -0.3804
vn -0.9668 0.1032 -0.2337
vn -0.8869 0.0727 -0.4562
vn -0.8257 0.1608 -0.5407
vn -0.7906 0.2435 -0.5619
vn -0.8527 0.2415 -0.4633
vn -0.9765 -0.0176 0.2147
vn -0.9423 0.1839 -0.2798
vn -0.9681 -0.0063 0.2503
vn -0.9874 0.1273 -0.0937
vn -0.9733 0.0635 0.2205
vn -0.9911 0.1308 0.0253
vn -0.9818 0.1825 0.0526
vn -0.9784 0.1998 0.0534
vn -0.9472 0.1297 0.2932
vn -0.9884 0.1393 0.0613
vn -0.9886 0.1464 0.0341
vn -0.9310 0.1647 0.3257
vn -0.9858 0.1675 0.0143
vn -0.9295 0.1791 0.3223
vn -0.9853 0.1705 -0.0102
vn -0.9872 0.1523 -0.0480
vn -0.9913 0.1087 -0.0737
vn -0.9813 0.0213 0.1915
vn -0.9928 0.0659 -0.1000
vn -0.9686 0.0771 0.2362
vn -0.9790 0.0467 -0.1983
vn -0.9135 0.2750 0.2999
vn -0.9281 -0.0093 -0.3721
vn -0.9016 0.4291 0.0543
vn -0.8591 -0.0005 -0.5119
vn -0.9952 0.0760 -0.0617
vn -0.9282 -0.0535 -0.3681
vn -0.9157 -0.3851 -0.1144
vn -0.8922 -0.4008 0.2081
vn -0.8654 -0.4981 0.0551
vn -0.2946 -0.9554 0.0195
vn -0.3284 -0.9313 0.1576
vn -0.9427 -0.0543 -0.3291
vn -0.8688 -0.0187 -0.4948
vn -0.8666 0.0087 -0.4989
vn -0.8650 0.0018 -0.5018
vn -0.8322 0.0076 -0.5544
vn -0.7597 0.1215 -0.6388
vn -0.6925 0.2587 -0.6734
vn -0.6899 0.3629 -0.6264
vn -0.7780 0.3704 -0.5074
vn -0.8604 0.3400 -0.3796
vn -0.9161 0.2681 -0.2981
vn -0.9289 0.2405 -0.2816
vn -0.9349 0.1779 -0.3071
vn -0.9249 0.1505 -0.3492
vn -0.9000 0.1680 -0.4022
vn -0.8747 0.1183 -0.4701
vn -0.8339 0.0255 -0.5514
vn -0.7648 -0.0601 -0.6415
vn -0.6858 -0.1002 -0.7209
vn -0.6476 -0.0860 -0.7571
vn -0.6768 -0.0783 -0.7320
vn -0.7438 0.0651 -0.6652
vn -0.7945 0.2800 -0.5389
vn -0.9136 -0.1132 -0.3907
vn -0.7931 -0.6085 -0.0282
vn -0.3819 -0.9170 -0.1151
vn -0.8682 -0.0699 -0.4912
vn -0.6842 -0.0625 -0.7266
vn -0.6601 -0.0394 -0.7502
vn -0.6356 -0.0254 -0.7716
vn -0.6432 -0.0313 -0.7651
vn -0.7015 0.0892 -0.7070
vn -0.7509 0.2121 -0.6254
vn -0.6732 0.3115 -0.6706
vn -0.5659 0.4295 -0.7037
vn -0.6008 0.4180 -0.6814
vn -0.6424 0.3679 -0.6723
vn -0.6835 0.2864 -0.6714
vn -0.6832 0.1883 -0.7056
vn -0.6734 0.0914 -0.7336
vn -0.6590 0.0652 -0.7493
vn -0.6391 0.0190 -0.7689
vn -0.6320 -0.0303 -0.7744
vn -0.6555 -0.0790 -0.7510
vn -0.7004 -0.0811 -0.7091
vn -0.7555 -0.0213 -0.6548
vn -0.8039 0.0466 -0.5929
vn -0.8228 0.1786 -0.5396
vn -0.7515 0.3158 -0.5793
vn -0.6763 -0.0177 -0.7364
vn -0.8090 -0.5256 -0.2631
vn -0.3206 -0.8879 -0.3299
vn -0.6877 -0.0873 -0.7208
vn -0.3327 -0.0874 -0.9390
vn -0.3423 -0.0801 -0.9362
vn -0.3883 -0.0199 -0.9213
vn -0.4511 -0.0050 -0.8925
vn -0.4197 0.0586 -0.9058
vn -0.3187 0.1558 -0.9349
vn -0.3390 0.1686 -0.9256
vn -0.4019 0.3257 -0.8558
vn -0.4143 0.4362 -0.7988
vn -0.4008 0.3881 -0.8299
vn -0.3593 0.2940 -0.8857
vn -0.3360 0.1712 -0.9262
vn -0.3269 0.1030 -0.9394
vn -0.3538 0.1214 -0.9274
vn -0.4211 0.0987 -0.9016
vn -0.4857 0.0517 -0.8726
vn -0.5406 0.0065 -0.8413
vn -0.5882 -0.0153 -0.8086
vn -0.6188 0.0379 -0.7846
vn -0.6193 0.0695 -0.7821
vn -0.5996 0.0695 -0.7973
vn -0.5066 -0.0002 -0.8622
vn -0.3645 -0.1595 -0.9174
vn -0.3753 -0.2668 -0.8877
vn -0.5925 -0.4928 -0.6373
vn -0.3143 -0.1411 -0.9388
vn 0.0206 -0.0950 -0.9953
vn -0.0047 -0.0664 -0.9978
vn 0.0275 -0.0443 -0.9986
vn 0.0876 -0.0185 -0.9960
vn 0.0615 -0.0644 -0.9960
vn -0.0432 0.0553 -0.9975
vn -0.1428 0.1904 -0.9713
vn -0.2338 0.3275 -0.9155
vn -0.1369 0.3907 -0.9103
vn -0.0167 0.3050 -0.9522
vn 0.0143 0.2219 -0.9750
vn 0.0167 0.1532 -0.9881
vn 0.0057 0.0891 -0.9960
vn 0.0042 0.1310 -0.9914
vn -0.0082 0.1449 -0.9894
vn -0.0202 0.0919 -0.9956
vn -0.0231 0.0328 -0.9992
vn -0.0284 -0.0088 -0.9996
vn -0.0263 0.0083 -0.9996
vn 0.0113 0.0325 -0.9994
vn 0.0624 -0.0968 -0.9933
vn 0.1079 -0.0766 -0.9912
vn 0.0047 -0.1102 -0.9939
vn -0.2297 -0.8233 -0.5190
vn 0.0556 -0.1933 -0.9796
vn 0.3412 -0.1193 -0.9324
vn 0.3587 -0.0848 -0.9296
vn 0.3681 -0.1241 -0.9215
vn 0.3328 -0.0588 -0.9412
vn 0.2166 0.0028 -0.9763
vn 0.1200 0.1006 -0.9877
vn 0.1269 0.1428 -0.9816
vn 0.2300 0.1501 -0.9615
vn 0.3645 0.1399 -0.9207
vn 0.4257 0.1588 -0.8908
vn 0.3992 0.1924 -0.8964
vn 0.3857 0.1655 -0.9077
vn 0.3694 0.0766 -0.9261
vn 0.3971 0.0902 -0.9133
vn 0.4513 0.1101 -0.8855
vn 0.5084 0.0576 -0.8592
vn 0.5598 -0.0007 -0.8286
vn 0.6063 -0.0272 -0.7948
vn 0.6379 -0.0120 -0.7700
vn 0.6374 -0.0060 -0.7705
vn 0.6189 -0.1781 -0.7650
vn 0.4727 0.0480 -0.8799
vn 0.0472 -0.0767 -0.9959
vn 0.3087 -0.7465 -0.5895
vn 0.0066 -0.6684 -0.7437
vn 0.3211 -0.2719 -0.9072
vn 0.6160 -0.2102 -0.7592
vn 0.6175 -0.1128 -0.7784
vn 0.6136 -0.1120 -0.7816
vn 0.6263 -0.0718 -0.7763
vn 0.5738 -0.0285 -0.8185
vn 0.5597 -0.0602 -0.8265
vn 0.6405 -0.0505 -0.7663
vn 0.7170 -0.0694 -0.6936
vn 0.6841 0.0427 -0.7281
vn 0.6308 0.1620 -0.7588
vn 0.6307 0.1615 -0.7590
vn 0.6760 0.1047 -0.7294
vn 0.6938 0.0572 -0.7179
vn 0.6791 0.0178 -0.7339
vn 0.6788 0.0042 -0.7343
vn 0.7034 -0.0368 -0.7098
vn 0.7415 -0.0781 -0.6664
vn 0.7873 -0.0983 -0.6087
vn 0.8438 -0.0718 -0.5319
vn 0.8973 -0.0094 -0.4413
vn 0.8639 0.1351 -0.4852
vn 0.8697 0.1782 -0.4603
vn 0.4628 -0.0174 -0.8863
vn 0.4839 -0.1300 -0.8654
vn 0.5253 -0.7741 -0.3533
vn 0.6053 -0.3097 -0.7333
vn 0.8599 -0.2454 -0.4476
vn 0.8775 -0.1379 -0.4593
vn 0.8762 -0.1358 -0.4624
vn 0.8527 -0.1682 -0.4946
vn 0.8913 -0.1542 -0.4264
vn 0.9087 -0.1557 -0.3873
vn 0.8801 -0.1164 -0.4603
vn 0.8294 -0.0327 -0.5577
vn 0.7864 0.0310 -0.6169
vn 0.8069 0.0592 -0.5877
vn 0.8662 0.0448 -0.4977
vn 0.8914 0.0178 -0.4529
vn 0.8992 0.0422 -0.4354
vn 0.8774 0.0765 -0.4736
vn 0.8296 0.0709 -0.5538
vn 0.7844 -0.0093 -0.6202
vn 0.7504 -0.0875 -0.6552
vn 0.7192 -0.1362 -0.6813
vn 0.7079 -0.1561 -0.6889
vn 0.7350 -0.1633 -0.6581
vn 0.8455 -0.0286 -0.5332
vn 0.9299 0.1273 -0.3450
vn 0.8448 -0.0187 -0.5347
vn 0.7968 -0.1848 -0.5753
vn 0.3030 -0.9504 -0.0710
vn 0.8661 -0.2228 -0.4474
vn 0.9611 -0.2260 -0.1591
vn 0.9652 -0.2055 -0.1617
vn 0.9808 -0.1580 -0.1140
vn 0.9798 -0.1621 -0.1173
vn 0.9681 -0.1522 -0.1992
vn 0.9467 -0.1362 -0.2918
vn 0.9343 -0.1126 -0.3383
vn 0.9413 -0.0883 -0.3258
vn 0.9587 -0.0440 -0.2809
vn 0.9638 -0.0265 -0.2653
vn 0.9625 -0.0303 -0.2696
vn 0.9653 -0.0272 -0.2595
vn 0.9711 0.0078 -0.2386
vn 0.9717 0.1023 -0.2131
vn 0.9624 0.1519 -0.2253
vn 0.9540 0.0756 -0.2902
vn 0.9277 -0.0070 -0.3734
vn 0.8851 -0.0693 -0.4602
vn 0.8403 -0.0988 -0.5331
vn 0.8049 -0.1557 -0.5726
vn 0.8015 -0.2229 -0.5548
vn 0.8722 -0.0557 -0.4860
vn 0.9419 0.0380 -0.3338
vn 0.8741 -0.4329 -0.2205
vn 0.2939 -0.9556 0.0200
vn 0.9069 -0.3884 -0.1634
vn 0.0259 -0.9991 -0.0334
vn 0.9548 -0.2949 0.0357
vn 0.9876 -0.1418 0.0680
vn 0.9885 -0.1403 0.0560
vn 0.9899 -0.1356 0.0420
vn 0.9924 -0.0377 -0.1170
vn 0.9802 0.1433 -0.1364
vn 0.9973 0.0399 0.0612
vn 0.9887 -0.0188 0.1490
vn 0.9878 -0.0296 -0.1531
vn 0.9518 -0.1182 -0.2830
vn 0.9861 -0.1155 -0.1191
vn 0.9424 -0.1939 -0.2726
vn 0.8847 -0.4396 -0.1553
vn 0.2339 -0.9493 0.2102
vn -0.9436 -0.0416 -0.3286
vn -0.9929 -0.0481 -0.1092
vn -0.9429 0.0195 -0.3325
vn -0.9886 0.0915 -0.1199
vn -0.9471 0.0422 -0.3182
vn -0.9880 0.1129 -0.1055
vn -0.9519 0.0616 -0.3003
vn -0.9615 0.0731 -0.2650
vn -0.9775 0.0850 -0.1930
vn -0.9714 0.0763 -0.2249
vn -0.8709 -0.0378 -0.4900
vn -0.8837 -0.0031 -0.4680
vn -0.8972 0.0077 -0.4416
vn -0.9150 0.0176 -0.4031
vn -0.9265 0.0306 -0.3749
vn -0.9522 0.0539 -0.3005
vn -0.9457 0.0471 -0.3215
vn -0.8286 -0.0344 -0.5588
vn -0.8055 -0.0578 -0.5897
vn -0.7972 -0.0689 -0.5998
vn -0.8477 -0.0299 -0.5297
vn -0.8700 -0.0178 -0.4927
vn -0.8937 -0.0072 -0.4486
vn -0.9477 0.0357 -0.3173
vn -0.8992 0.0183 -0.4371
vn -0.9266 0.0354 -0.3743
vn -0.7811 -0.0880 -0.6181
vn -0.8503 -0.0472 -0.5242
vn -0.7403 -0.1118 -0.6629
vn -0.8264 -0.0577 -0.5601
vn -0.8696 -0.0252 -0.4932
vn -0.7679 -0.0966 -0.6333
vn -0.8796 -0.0064 -0.4756
vn -0.7826 -0.0498 -0.6205
vn -0.8838 0.0319 -0.4669
vn -0.7904 -0.0343 -0.6117
vn -0.7908 0.0686 -0.6082
vn -0.7662 0.0840 -0.6371
vn -0.5201 -0.2024 -0.8298
vn -0.7141 -0.1152 -0.6905
vn -0.5820 -0.1794 -0.7931
vn -0.6174 -0.1358 -0.7748
vn -0.6314 -0.0631 -0.7729
vn -0.6350 -0.0449 -0.7712
vn -0.5919 0.2380 -0.7701
vn -0.5810 0.2226 -0.7829
vn -0.3093 -0.3031 -0.9014
vn -0.3979 -0.2479 -0.8833
vn -0.4342 -0.1512 -0.8880
vn -0.4489 -0.0743 -0.8905
vn -0.4412 -0.0357 -0.8967
vn -0.3314 0.5326 -0.7788
vn -0.3381 0.4442 -0.8297
vn -0.0936 -0.4102 -0.9072
vn -0.1771 -0.2809 -0.9432
vn -0.2129 -0.1534 -0.9650
vn -0.2249 -0.0625 -0.9724
vn -0.2013 0.0110 -0.9795
vn -0.1005 0.7365 -0.6689
vn -0.1073 0.6414 -0.7597
vn 0.0985 -0.4399 -0.8926
vn 0.0378 -0.2860 -0.9575
vn -0.0026 -0.1632 -0.9866
vn -0.0130 -0.0315 -0.9994
vn -0.0126 0.0310 -0.9994
vn 0.0214 0.8717 -0.4896
vn 0.0883 0.7989 -0.5949
vn 0.1950 -0.4351 -0.8790
vn 0.1308 -0.2920 -0.9474
vn 0.0926 -0.1581 -0.9831
vn 0.0683 -0.0286 -0.9973
vn 0.0747 0.0608 -0.9954
vn 0.1007 0.2005 -0.9745
vn 0.1453 -0.2990 -0.9431
vn -0.0072 -0.3947 -0.9188
vn 0.1833 -0.4480 -0.8751
vn 0.1240 -0.1590 -0.9795
vn 0.0111 -0.2448 -0.9695
vn 0.1005 -0.0306 -0.9945
vn 0.0142 -0.1437 -0.9895
vn 0.0835 0.0746 -0.9937
vn 0.0665 0.1489 -0.9866
vn -0.0040 0.0641 -0.9979
vn 0.0481 0.2015 -0.9783
vn -0.0050 0.1271 -0.9919
vn 0.2588 -0.6149 -0.7449
vn 0.2213 -0.5235 -0.8228
vn 0.0911 -0.3974 -0.9131
vn -0.1709 -0.2882 -0.9422
vn -0.5520 -0.1792 -0.8144
vn -0.6900 -0.1146 -0.7147
vn -0.7804 -0.0861 -0.6193
vn -0.8650 -0.0877 -0.4941
vn -0.9426 -0.0951 -0.3200
vn 0.0018 -0.7199 -0.6941
vn 0.3851 -0.6034 -0.6983
vn 0.5121 -0.3918 -0.7644
vn 0.3429 -0.5587 -0.7552
vn 0.0182 -0.3317 -0.9432
vn -0.0933 -0.3083 -0.9467
vn -0.2253 -0.2529 -0.9409
vn -0.4093 -0.2110 -0.8876
vn -0.2803 -0.2367 -0.9303
vn -0.6404 -0.1315 -0.7567
vn -0.5749 -0.1503 -0.8043
vn -0.7694 -0.1064 -0.6298
vn -0.8699 -0.0977 -0.4835
vn -0.9415 -0.0927 -0.3241
vn 0.7220 -0.4091 -0.5580
vn 0.6404 -0.2420 -0.7290
vn 0.3023 -0.3286 -0.8948
vn 0.3429 -0.3188 -0.8836
vn 0.0275 -0.3194 -0.9472
vn 0.1080 -0.2854 -0.9523
vn -0.1824 -0.2070 -0.9612
vn -0.5366 -0.1255 -0.8345
vn -0.7763 -0.0796 -0.6254
vn -0.8775 -0.0931 -0.4704
vn -0.9422 -0.1018 -0.3193
vn -0.9873 -0.0896 -0.1315
vn 0.0076 -0.8997 -0.4364
vn -0.9775 0.0850 -0.1929
vn -0.9522 0.0540 -0.3005
vn -0.8786 0.0836 -0.4703
vn -0.8953 0.0505 -0.4426
vn -0.7656 0.0704 -0.6395
vn -0.4560 0.1787 -0.8718
vn -0.5400 0.1211 -0.8329
vn -0.3193 0.1998 -0.9263
vn -0.1550 0.2423 -0.9577
vn -0.0306 0.2283 -0.9731
vn 0.0481 0.2016 -0.9783
vn -0.0044 0.1813 -0.9834
vn 0.9835 0.1140 0.1401
vn 0.9956 0.0924 -0.0173
vn 0.6424 0.7584 0.1105
vn 0.6041 0.7529 0.2614
vn 0.4526 0.8034 0.3869
vn 0.6473 0.1816 0.7403
vn 0.2646 0.7885 0.5552
vn 0.2470 0.7413 0.6241
vn 0.3795 0.1154 0.9180
vn 0.3987 0.1843 0.8984
vn 0.1714 0.7339 0.6573
vn 0.0891 0.7234 0.6847
vn 0.1661 0.1170 0.9791
vn 0.0296 0.7305 0.6822
vn -0.0074 0.7269 0.6867
vn -0.0404 0.7283 0.6841
vn -0.1047 0.7219 0.6840
vn -0.1851 0.7407 0.6458
vn -0.3300 0.7481 0.5757
vn -0.5070 0.2044 0.8374
vn -0.4004 0.8080 0.4321
vn -0.8261 0.2400 0.5098
vn -0.4482 0.8374 0.3128
vn -0.6582 0.7423 0.1257
vn -0.0073 0.7269 0.6867
vn -0.0719 0.7107 -0.6998
vn 0.0009 0.7113 -0.7029
vn -0.4485 0.7390 -0.5028
vn 0.5746 0.7395 0.3506
vn 0.4071 0.7487 0.5231
vn 0.3206 0.8324 0.4520
vn -0.5288 0.6881 -0.4970
vn -0.5578 0.6640 -0.4979
vn -0.5400 0.7989 0.2650
vn 0.6589 0.7256 -0.1984
vn -0.6582 0.7422 0.1257
vn 0.0664 0.6773 0.7327
vn -0.0625 0.8450 -0.5312
vn 0.2700 0.7626 -0.5878
vn -0.4358 0.7501 0.4974
vn 0.4514 0.7359 -0.5046
vn 0.6425 0.7583 0.1105
vn -0.6979 0.7158 -0.0222
vn -0.6823 0.7167 -0.1443
vn 0.0767 0.7110 -0.6990
vn -0.0403 0.7282 0.6841
vn -0.5793 0.7241 -0.3742
vn 0.6631 0.7254 0.1846
vn 0.2647 0.7884 0.5552
vn -0.5382 0.6685 -0.5133
vn -0.0747 0.6762 0.7329
vn -0.0038 0.6502 0.7598
vn 0.1750 0.7216 -0.6698
vn -0.1047 0.7218 0.6841
vn -0.6525 0.7491 -0.1142
vn -0.6374 0.7351 -0.2309
vn 0.2809 0.7171 -0.6379
vn -0.1851 0.7407 0.6459
vn 0.1155 0.7908 -0.6011
vn -0.2703 0.7418 0.6137
vn -0.6629 0.7487 -0.0022
vn 0.6947 0.7151 0.0779
vn 0.0339 0.8068 -0.5898
vn -0.1439 0.7279 0.6704
vn 0.2470 0.7412 0.6242
vn -0.4093 0.7020 -0.5829
vn 0.6567 0.7541 -0.0049
vn -0.6975 0.7126 0.0760
vn 0.0532 0.8462 -0.5302
vn -0.0377 0.7167 0.6964
vn 0.3491 0.7110 -0.6105
vn -0.2427 0.7561 0.6078
vn 0.1714 0.7338 0.6573
vn -0.2768 0.7175 -0.6392
vn 0.6546 0.7496 -0.0975
vn -0.6653 0.7224 0.1888
vn 0.0219 0.8139 -0.5807
vn 0.0483 0.7137 0.6988
vn 0.4719 0.7159 -0.5145
vn -0.3301 0.7480 0.5758
vn -0.0316 0.8137 -0.5805
vn -0.0586 0.7168 0.6948
vn -0.1622 0.7190 -0.6758
vn 0.5855 0.7324 -0.3476
vn 0.6402 0.7411 -0.2024
vn -0.0352 0.8069 -0.5897
vn 0.1295 0.7270 0.6743
vn 0.6291 0.6724 -0.3900
vn -0.4004 0.8080 0.4322
vn 0.0296 0.7305 0.6823
vn 0.2441 0.7436 0.6225
vn 0.6041 0.7528 0.2614
vn -0.6077 0.7188 -0.3377
vn 0.6571 0.6562 -0.3709
vn -0.4482 0.8374 0.3129
vn 0.0302 0.7169 0.6965
vn 0.6956 0.7184 -0.0092
vn -0.2447 0.7744 -0.5834
vn 0.4527 0.8033 0.3869
vn 0.6285 0.6883 -0.3621
vn -0.5825 0.7381 0.3404
vn -0.6040 0.6786 -0.4179
vn -0.0269 0.7116 0.7021
vn 0.6392 0.6695 -0.3785
vn -0.5304 0.6807 -0.5053
vn -0.0103 0.7019 0.7122
vn 0.6917 0.6772 -0.2511
vn -0.4166 0.7148 -0.5616
vn 0.0008 0.7022 0.7120
vn -0.0049 0.6947 0.7192
vn 0.6996 0.7043 -0.1205
vn -0.3362 0.7342 -0.5899
vn 0.0193 0.7112 0.7028
vn -0.6880 0.7134 -0.1330
vn -0.2670 0.7309 -0.6281
vn 0.0737 0.7229 0.6870
vn 0.7001 0.7140 -0.0044
vn -0.1580 0.7328 -0.6619
vn 0.1446 0.7152 0.6838
vn -0.6989 0.7149 -0.0214
vn -0.0701 0.7419 -0.6669
vn 0.2631 0.6961 0.6680
vn -0.6896 0.7202 0.0758
vn 0.0008 0.7421 -0.6703
vn 0.4472 0.6995 0.5574
vn -0.6735 0.7136 0.1926
vn 0.0747 0.7427 -0.6655
vn 0.6007 0.7110 0.3655
vn -0.6120 0.7061 0.3563
vn 0.1709 0.7316 -0.6600
vn 0.6738 0.7136 0.1916
vn -0.4752 0.6963 0.5379
vn 0.2731 0.7328 -0.6233
vn 0.6908 0.7188 0.0783
vn -0.2926 0.7000 0.6515
vn 0.3352 0.7368 -0.5871
vn -0.1578 0.7105 0.6857
vn 0.4044 0.7253 -0.5571
vn -0.6616 0.7024 -0.2625
vn -0.0820 0.7187 0.6904
vn 0.5247 0.6983 -0.4869
vn -0.0037 0.9999 0.0143
vn 0.3810 -0.6259 -0.6805
vn 0.0590 -0.8883 0.4555
vn -0.0568 -0.6893 -0.7222
vn -0.6193 -0.4717 0.6276
vn 0.3041 -0.9051 0.2971
vn -0.3407 -0.1818 0.9224
vn -0.2086 -0.9509 0.2284
vn 0.5793 -0.8109 0.0824
vn 0.5602 -0.7984 0.2205
vn 0.5251 -0.7691 0.3644
vn -0.7404 -0.6523 0.1624
vn -0.6199 -0.7455 0.2449
vn 0.4778 -0.8772 -0.0483
vn -0.5117 -0.8408 0.1767
vn 0.4866 -0.8545 -0.1819
vn -0.2055 -0.9709 -0.1228
vn 0.2891 -0.8769 0.3840
vn 0.5531 -0.7465 0.3698
vn -0.3806 -0.8565 0.3486
vn 0.5782 -0.7822 0.2321
vn -0.4495 -0.7440 0.4944
vn 0.5195 -0.5465 0.6568
vn -0.3397 -0.9405 -0.0102
vn -0.7120 -0.6983 0.0735
vn 0.4482 -0.8794 0.1607
vn -0.5614 -0.8185 0.1217
vn 0.3561 -0.8925 -0.2768
vn -0.2190 -0.8898 0.4004
vn -0.5462 -0.8120 0.2059
vn 0.5520 -0.8241 0.1270
vn 0.1122 -0.0894 0.9897
vn 0.0559 -0.9779 0.2014
vn 0.5466 -0.7863 0.2880
vn 0.4920 -0.7049 0.5109
vn -0.4462 -0.8321 0.3294
vn -0.3329 -0.9370 -0.1055
vn 0.5809 -0.7808 0.2299
vn 0.3430 -0.3495 0.8719
vn 0.3329 -0.8027 0.4948
vn -0.5892 -0.7818 0.2040
vn -0.6959 -0.7103 0.1055
vn -0.5720 -0.6516 0.4982
vn 0.6622 -0.7233 0.1958
vn -0.6100 -0.4902 0.6225
vn 0.0013 -0.8699 0.4933
vn 0.3906 -0.8378 0.3814
vn 0.5888 -0.7975 0.1318
vn -0.6429 -0.7437 0.1832
vn -0.5693 -0.7882 0.2339
vn -0.3783 -0.3150 0.8704
vn -0.0841 -0.9902 0.1116
vn -0.0241 -0.1534 0.9879
vn -0.5894 -0.7783 0.2165
vn 0.2940 -0.9556 0.0200
vn 0.3031 -0.9503 -0.0710
vn -0.4543 -0.8364 0.3068
vn 0.5253 -0.7741 -0.3534
vn 0.6131 -0.4994 0.6122
vn -0.3413 -0.9074 0.2454
vn -0.2297 -0.8233 -0.5191
vn 0.1955 -0.8129 0.5486
vn -0.6643 -0.6964 0.2714
vn 0.6609 -0.7047 0.2579
vn -0.2947 -0.9554 0.0195
vn 0.6204 -0.7787 0.0933
vn 0.3342 -0.8801 0.3373
vn 0.3249 -0.9435 0.0648
vn -0.2451 -0.8285 0.5035
vn -0.3206 -0.8879 -0.3300
vn 0.4055 -0.2289 0.8849
vn 0.5736 -0.7603 0.3048
vn -0.6161 -0.7712 0.1604
vn 0.6097 -0.7569 0.2351
vn -0.6794 -0.7116 0.1791
vn -0.5753 -0.7807 0.2441
vn -0.2986 -0.8305 0.4702
vn 0.5857 -0.7658 0.2655
vn 0.6451 -0.6933 0.3212
vn -0.6365 -0.7703 0.0388
vn -0.5445 -0.8208 0.1724
vn 0.6091 -0.7874 0.0952
vn -0.3713 -0.9283 -0.0185
vn -0.5071 -0.8572 0.0899
vn 0.6257 -0.7764 0.0756
vn -0.4877 -0.8572 0.1652
vn 0.5189 -0.8160 0.2549
vn -0.0738 -0.9925 -0.0972
vn 0.2891 -0.8235 0.4881
vn 0.3487 -0.9259 -0.1454
vn 0.0128 -0.8118 0.5838
vn 0.7273 -0.6152 0.3044
vn 0.6986 -0.7099 0.0894
vn -0.5189 -0.8250 0.2240
vn -0.2308 -0.8570 0.4607
vn 0.0563 -0.8781 0.4752
vn -0.5426 -0.8015 0.2515
vn 0.5670 -0.7987 0.2016
vn 0.3436 -0.8131 0.4700
vn 0.3365 -0.9347 0.1146
vn 0.5257 -0.8304 0.1846
vn 0.1015 -0.9944 0.0278
vn 0.5253 -0.8504 0.0278
vn -0.5352 -0.8337 0.1363
vn -0.2991 -0.9491 -0.0990
vn 0.5096 -0.8573 0.0731
vn -0.5184 -0.8438 0.1385
vn -0.7159 -0.6928 0.0867
vn 0.5217 -0.8298 0.1983
vn -0.4488 -0.8554 0.2586
vn -0.7198 -0.6064 0.3379
vn 0.5187 -0.8297 0.2062
vn -0.5874 -0.7257 0.3582
vn 0.5828 -0.7784 0.2332
vn 0.0141 -0.9788 0.2042
vn 0.0229 -0.9773 0.2104
vn -0.6643 -0.6965 0.2714
vn -0.5720 -0.6516 0.4983
vn -0.6100 -0.4902 0.6226
vn -0.3783 -0.3151 0.8704
vn -0.0242 -0.1534 0.9879
vn 0.4055 -0.2290 0.8849
vn 0.6131 -0.4994 0.6121
vn 0.3328 -0.8028 0.4948
vn 0.3341 -0.8801 0.3372
vn 0.5250 -0.7691 0.3644
vn 0.3429 -0.3494 0.8720
vn -0.3407 -0.1819 0.9224
vn -0.6194 -0.4716 0.6276
vn -0.4494 -0.7440 0.4945
vn -0.3805 -0.8566 0.3486
vn -0.2086 -0.9510 0.2284
vn 0.9820 -0.1840 -0.0424
vn 0.0200 -0.9994 -0.0286
vn 0.0258 -0.9991 -0.0333
vn 0.0258 -0.9991 -0.0334
vn 0.9548 -0.2950 0.0358
vn 0.0259 -0.9991 -0.0333
vn 0.0251 -0.9959 -0.0873
vn -0.3424 -0.9269 0.1539
vn -0.2685 -0.6395 0.7204
vn -0.6236 -0.5348 0.5702
vn 0.0724 -0.8057 0.5879
vn 0.0954 -0.3891 0.9162
vn 0.2089 -0.6681 0.7142
vn 0.2426 -0.3323 0.9114
vn 0.5668 -0.6080 0.5559
vn 0.3734 -0.6036 0.7044
vn 0.9294 -0.3549 0.1014
vn 0.6753 -0.2460 0.6954
vn 0.8563 0.0848 0.5095
vn 0.4391 0.1165 0.8909
vn 0.7243 0.2303 0.6499
vn 0.3791 0.2788 0.8823
vn 0.0154 0.0176 0.9997
vn 0.0100 0.0351 0.9993
vn -0.0001 0.0115 0.9999
vn -0.0073 0.0276 0.9996
vn -0.3556 -0.2040 0.9121
vn -0.4250 -0.0341 0.9046
vn -0.6452 0.3507 0.6788
vn -0.2132 0.4055 0.8889
vn -0.4934 0.7021 0.5133
vn -0.0712 0.4641 0.8829
vn -0.3225 0.6956 0.6419
vn 0.2893 0.7034 0.6493
vn -0.0445 0.8789 0.4749
vn -0.1651 0.7584 0.6305
vn 0.6498 0.6049 0.4604
vn 0.3477 0.9375 0.0178
vn -0.8450 0.5283 0.0831
vn -0.8501 0.0428 0.5249
vn -0.7071 -0.1238 0.6962
vn -0.6305 -0.3114 0.7110
vn -0.8962 0.0359 -0.4422
vn 0.2740 -0.5322 -0.8010
vn -0.5400 0.1210 -0.8329
vn 0.2095 -0.4042 -0.8904
vn 0.0089 0.1437 0.9896
vn 0.4481 -0.8794 0.1607
vn 0.3811 -0.6259 -0.6805
vn -0.2086 -0.9509 0.2285
vn -0.0051 0.1271 -0.9919
vn -0.6629 0.7487 -0.0023
vn 0.9552 -0.2959 0.0058
vn 0.9916 0.1076 -0.0715
vn 0.6473 0.1815 0.7403
vn 0.9520 -0.3040 -0.0369
vn -0.9916 0.1181 -0.0533
vn -0.2428 0.7561 0.6077
vn -0.5399 0.7989 0.2649
vn 0.6568 0.4075 0.6345
vt 0.235645 0.008954
vt 0.209852 0.031266
vt 0.212842 0.008937
vt 0.187654 0.030894
vt 0.190039 0.008921
vt 0.165456 0.030522
vt 0.167236 0.008904
vt 0.144433 0.008888
vt 0.143258 0.030151
vt 0.121630 0.008871
vt 0.121060 0.029779
vt 0.098827 0.008855
vt 0.076664 0.029036
vt 0.076024 0.008838
vt 0.054466 0.028664
vt 0.053220 0.008822
vt 0.032268 0.028293
vt 0.030417 0.008805
vt 0.007614 0.008789
vt 0.232050 0.031637
vt 0.206759 0.054639
vt 0.185188 0.053895
vt 0.163617 0.053151
vt 0.142046 0.052408
vt 0.120475 0.051664
vt 0.098862 0.029408
vt 0.077333 0.050177
vt 0.055762 0.049433
vt 0.034191 0.048689
vt 0.012620 0.047945
vt 0.010070 0.027921
vt 0.228330 0.055382
vt 0.203744 0.078025
vt 0.182786 0.076908
vt 0.161829 0.075791
vt 0.140872 0.074675
vt 0.119915 0.073558
vt 0.098958 0.072442
vt 0.098904 0.050920
vt 0.078001 0.071325
vt 0.057043 0.070208
vt 0.015129 0.067975
vt 0.224701 0.079141
vt 0.200842 0.101429
vt 0.180479 0.099939
vt 0.160116 0.098448
vt 0.139754 0.096957
vt 0.119391 0.095466
vt 0.099028 0.093975
vt 0.078666 0.092485
vt 0.058303 0.090994
vt 0.036086 0.069092
vt 0.017578 0.088012
vt 0.221204 0.102920
vt 0.198093 0.124858
vt 0.178299 0.122991
vt 0.158504 0.121125
vt 0.138710 0.119258
vt 0.118916 0.117392
vt 0.099121 0.115525
vt 0.079327 0.113659
vt 0.039739 0.109926
vt 0.037940 0.089503
vt 0.019944 0.108059
vt 0.217887 0.126725
vt 0.195539 0.148316
vt 0.157021 0.143827
vt 0.137762 0.141583
vt 0.118503 0.139339
vt 0.099244 0.137095
vt 0.079985 0.134851
vt 0.060726 0.132607
vt 0.059533 0.111792
vt 0.041467 0.130363
vt 0.022208 0.128118
vt 0.214798 0.150560
vt 0.193215 0.171804
vt 0.174452 0.169181
vt 0.176280 0.146071
vt 0.155689 0.166557
vt 0.136925 0.163933
vt 0.118162 0.161310
vt 0.099399 0.158686
vt 0.080636 0.156062
vt 0.061873 0.153438
vt 0.043110 0.150815
vt 0.024346 0.148191
vt 0.211978 0.174429
vt 0.191167 0.195327
vt 0.172853 0.192322
vt 0.154539 0.189316
vt 0.136225 0.186311
vt 0.117911 0.183306
vt 0.099596 0.180300
vt 0.081282 0.177295
vt 0.062968 0.174289
vt 0.044654 0.171284
vt 0.026340 0.168279
vt 0.209482 0.198333
vt 0.189430 0.218883
vt 0.171512 0.215494
vt 0.153594 0.212105
vt 0.135675 0.208716
vt 0.117757 0.205327
vt 0.099839 0.201938
vt 0.081921 0.198549
vt 0.064002 0.195160
vt 0.046084 0.191771
vt 0.028166 0.188382
vt 0.207349 0.222272
vt 0.188048 0.242471
vt 0.170466 0.238697
vt 0.152883 0.234922
vt 0.135300 0.231148
vt 0.117718 0.227373
vt 0.100135 0.223599
vt 0.082552 0.219825
vt 0.064970 0.216050
vt 0.047387 0.212276
vt 0.029804 0.208502
vt 0.205631 0.246245
vt 0.187063 0.266086
vt 0.169749 0.261925
vt 0.152435 0.257764
vt 0.135121 0.253603
vt 0.117807 0.249442
vt 0.100493 0.245281
vt 0.083179 0.241120
vt 0.065865 0.236959
vt 0.048551 0.232798
vt 0.031236 0.228637
vt 0.204378 0.270247
vt 0.186509 0.289721
vt 0.169390 0.285173
vt 0.152270 0.280625
vt 0.135151 0.276077
vt 0.118032 0.271528
vt 0.100913 0.266980
vt 0.083793 0.262432
vt 0.066674 0.257884
vt 0.049555 0.253335
vt 0.032436 0.248787
vt 0.203628 0.294269
vt 0.186409 0.313368
vt 0.169406 0.308433
vt 0.152403 0.303497
vt 0.135401 0.298562
vt 0.118398 0.293627
vt 0.101395 0.288692
vt 0.084392 0.283757
vt 0.067389 0.278822
vt 0.050386 0.273886
vt 0.033383 0.268951
vt 0.203412 0.318302
vt 0.186713 0.337015
vt 0.169751 0.331694
vt 0.152789 0.326373
vt 0.135827 0.321052
vt 0.118865 0.315731
vt 0.101903 0.310410
vt 0.084941 0.305089
vt 0.067979 0.299768
vt 0.051017 0.294447
vt 0.034055 0.289126
vt 0.203675 0.342335
vt 0.187387 0.360655
vt 0.170393 0.354950
vt 0.153399 0.349244
vt 0.136405 0.343539
vt 0.119411 0.337834
vt 0.102416 0.332129
vt 0.085422 0.326424
vt 0.068428 0.320719
vt 0.051434 0.315014
vt 0.034440 0.309308
vt 0.204381 0.366359
vt 0.188388 0.384282
vt 0.171294 0.378194
vt 0.154201 0.372107
vt 0.137107 0.366019
vt 0.120013 0.359932
vt 0.102920 0.353844
vt 0.085826 0.347757
vt 0.068733 0.341669
vt 0.051639 0.335582
vt 0.034545 0.329494
vt 0.205482 0.390368
vt 0.189676 0.407892
vt 0.172421 0.401424
vt 0.155167 0.394956
vt 0.137913 0.388488
vt 0.120659 0.382020
vt 0.103405 0.375552
vt 0.086151 0.369084
vt 0.068897 0.362616
vt 0.051643 0.356148
vt 0.034388 0.349680
vt 0.206930 0.414359
vt 0.191216 0.431483
vt 0.173747 0.424636
vt 0.156277 0.417789
vt 0.138808 0.410943
vt 0.121338 0.404096
vt 0.103869 0.397249
vt 0.086400 0.390402
vt 0.068930 0.383556
vt 0.051461 0.376709
vt 0.033991 0.369862
vt 0.208685 0.438329
vt 0.192966 0.455056
vt 0.175233 0.447832
vt 0.157501 0.440608
vt 0.139769 0.433383
vt 0.122036 0.426159
vt 0.104304 0.418935
vt 0.086572 0.411711
vt 0.068839 0.404487
vt 0.051107 0.397263
vt 0.033375 0.390039
vt 0.210698 0.462279
vt 0.194891 0.478611
vt 0.176854 0.471010
vt 0.158818 0.463410
vt 0.140781 0.455810
vt 0.122744 0.448210
vt 0.104707 0.440609
vt 0.086671 0.433009
vt 0.068634 0.425409
vt 0.050597 0.417809
vt 0.032560 0.410208
vt 0.212928 0.486210
vt 0.196953 0.502150
vt 0.178577 0.494174
vt 0.160201 0.486199
vt 0.141826 0.478223
vt 0.123450 0.470248
vt 0.105074 0.462272
vt 0.086698 0.454297
vt 0.068323 0.446321
vt 0.049947 0.438346
vt 0.031571 0.430370
vt 0.215329 0.510124
vt 0.199115 0.525676
vt 0.180372 0.517326
vt 0.161629 0.508975
vt 0.142886 0.500625
vt 0.124143 0.492275
vt 0.105400 0.483925
vt 0.086657 0.475575
vt 0.067914 0.467224
vt 0.049171 0.458874
vt 0.030428 0.450524
vt 0.217858 0.534026
vt 0.201340 0.549193
vt 0.182208 0.540468
vt 0.163076 0.531744
vt 0.143944 0.523019
vt 0.124812 0.514294
vt 0.105680 0.505569
vt 0.086548 0.496844
vt 0.067415 0.488119
vt 0.048283 0.479395
vt 0.029151 0.470670
vt 0.220472 0.557918
vt 0.203591 0.572706
vt 0.184055 0.563606
vt 0.164518 0.554506
vt 0.144982 0.545406
vt 0.125445 0.536307
vt 0.105908 0.527207
vt 0.086372 0.518107
vt 0.066835 0.509008
vt 0.047299 0.499908
vt 0.027762 0.490808
vt 0.038753 0.588728
vt 0.020619 0.604553
vt 0.020619 0.581805
vt 0.038753 0.610487
vt 0.020619 0.627301
vt 0.038753 0.632246
vt 0.020619 0.650049
vt 0.031099 0.671609
vt 0.031232 0.674534
vt 0.020619 0.672797
vt 0.038753 0.697523
vt 0.020619 0.695545
vt 0.038753 0.719282
vt 0.020619 0.718293
vt 0.038753 0.741041
vt 0.020619 0.741041
vt 0.056888 0.595652
vt 0.056887 0.616422
vt 0.056887 0.637192
vt 0.038753 0.654005
vt 0.056887 0.657961
vt 0.038753 0.673273
vt 0.056887 0.678731
vt 0.038753 0.675764
vt 0.056887 0.699501
vt 0.056887 0.720271
vt 0.075022 0.602575
vt 0.075022 0.622356
vt 0.075022 0.642137
vt 0.075022 0.661918
vt 0.056887 0.676019
vt 0.075022 0.681699
vt 0.075022 0.701479
vt 0.075022 0.721260
vt 0.056887 0.741041
vt 0.093156 0.609498
vt 0.093156 0.628290
vt 0.093156 0.647082
vt 0.093156 0.665874
vt 0.093156 0.684666
vt 0.093156 0.693195
vt 0.093156 0.703457
vt 0.093156 0.741041
vt 0.075022 0.741041
vt 0.111291 0.616422
vt 0.111291 0.634224
vt 0.111291 0.652027
vt 0.111291 0.669830
vt 0.111291 0.687633
vt 0.102886 0.704519
vt 0.093156 0.722249
vt 0.111291 0.741041
vt 0.129425 0.623345
vt 0.129425 0.640159
vt 0.129425 0.656973
vt 0.129425 0.673786
vt 0.129425 0.690600
vt 0.111291 0.705436
vt 0.129425 0.707414
vt 0.111291 0.723238
vt 0.129425 0.724227
vt 0.117751 0.741041
vt 0.147560 0.630268
vt 0.147559 0.646093
vt 0.147559 0.661918
vt 0.147559 0.677742
vt 0.147559 0.693567
vt 0.147559 0.709392
vt 0.147559 0.741041
vt 0.129425 0.741041
vt 0.165694 0.637192
vt 0.165694 0.652027
vt 0.165694 0.666863
vt 0.165694 0.681699
vt 0.165694 0.696534
vt 0.165694 0.711370
vt 0.147559 0.725216
vt 0.165694 0.741041
vt 0.183828 0.644115
vt 0.183828 0.657962
vt 0.183828 0.671808
vt 0.183828 0.685655
vt 0.183828 0.699501
vt 0.183828 0.713348
vt 0.165694 0.726205
vt 0.183828 0.741041
vt 0.201963 0.651038
vt 0.201963 0.663896
vt 0.201963 0.676753
vt 0.201963 0.689611
vt 0.201963 0.702468
vt 0.201963 0.715326
vt 0.183828 0.727194
vt 0.201963 0.728183
vt 0.201963 0.628439
vt 0.184014 0.621813
vt 0.166066 0.614840
vt 0.148117 0.607868
vt 0.130169 0.600896
vt 0.112220 0.593923
vt 0.094271 0.586951
vt 0.076323 0.579979
vt 0.058374 0.573006
vt 0.040426 0.566034
vt 0.201963 0.605839
vt 0.184197 0.599510
vt 0.166432 0.592489
vt 0.148666 0.585467
vt 0.130900 0.578445
vt 0.113135 0.571424
vt 0.095369 0.564402
vt 0.077604 0.557381
vt 0.059838 0.550359
vt 0.022477 0.559061
vt 0.042072 0.543337
vt 0.184374 0.577207
vt 0.201963 0.583239
vt 0.166786 0.570136
vt 0.149197 0.563065
vt 0.131609 0.555993
vt 0.114020 0.548922
vt 0.096432 0.541851
vt 0.078843 0.534779
vt 0.061255 0.527708
vt 0.024307 0.536316
vt 0.043666 0.520637
vt 0.208414 0.582802
vt 0.026078 0.513565
vt 0.532474 0.490368
vt 0.552822 0.478956
vt 0.552335 0.499472
vt 0.533212 0.470230
vt 0.553246 0.458438
vt 0.533875 0.450089
vt 0.553598 0.437916
vt 0.534453 0.429945
vt 0.553869 0.417392
vt 0.534930 0.409799
vt 0.554052 0.396865
vt 0.535294 0.389651
vt 0.554133 0.376335
vt 0.535529 0.369500
vt 0.554106 0.355804
vt 0.535623 0.349349
vt 0.553962 0.335271
vt 0.535562 0.329197
vt 0.553691 0.314739
vt 0.535332 0.309047
vt 0.553285 0.294208
vt 0.534921 0.288899
vt 0.552745 0.273682
vt 0.534325 0.268756
vt 0.552079 0.253161
vt 0.533551 0.248619
vt 0.551304 0.232647
vt 0.532614 0.228489
vt 0.550431 0.212141
vt 0.531527 0.208367
vt 0.549469 0.191644
vt 0.530306 0.188252
vt 0.548428 0.171156
vt 0.528962 0.168145
vt 0.547315 0.150676
vt 0.527510 0.148045
vt 0.546141 0.130205
vt 0.525963 0.127953
vt 0.544913 0.109742
vt 0.524336 0.107867
vt 0.543642 0.089285
vt 0.522641 0.087787
vt 0.542334 0.068834
vt 0.520892 0.067711
vt 0.541001 0.048387
vt 0.519103 0.047639
vt 0.539650 0.027943
vt 0.515567 0.008683
vt 0.538291 0.007500
vt 0.538371 0.008705
vt 0.572433 0.487682
vt 0.572196 0.508576
vt 0.572617 0.466786
vt 0.572744 0.445888
vt 0.572809 0.424985
vt 0.572809 0.404080
vt 0.572737 0.383171
vt 0.572589 0.362259
vt 0.572363 0.341345
vt 0.572050 0.320431
vt 0.571649 0.299517
vt 0.571165 0.278607
vt 0.570607 0.257702
vt 0.569994 0.236805
vt 0.569334 0.215916
vt 0.568633 0.195036
vt 0.567894 0.174167
vt 0.567121 0.153307
vt 0.566319 0.132457
vt 0.565491 0.111616
vt 0.564642 0.090783
vt 0.563776 0.069956
vt 0.562899 0.049135
vt 0.562012 0.028316
vt 0.561122 0.007500
vt 0.561174 0.008727
vt 0.592044 0.496409
vt 0.592058 0.517680
vt 0.591988 0.475135
vt 0.591889 0.453859
vt 0.591749 0.432578
vt 0.591567 0.411294
vt 0.591341 0.390006
vt 0.591072 0.368714
vt 0.590763 0.347419
vt 0.590409 0.326123
vt 0.590014 0.304827
vt 0.589585 0.283533
vt 0.589134 0.262244
vt 0.588684 0.240963
vt 0.588237 0.219690
vt 0.587797 0.198428
vt 0.587360 0.177177
vt 0.586926 0.155938
vt 0.586496 0.134709
vt 0.586068 0.113490
vt 0.585643 0.092281
vt 0.584796 0.049883
vt 0.585219 0.071079
vt 0.584374 0.028690
vt 0.583953 0.007500
vt 0.583978 0.008749
vt 0.611655 0.505135
vt 0.611919 0.526783
vt 0.611358 0.483484
vt 0.611035 0.461830
vt 0.610688 0.440171
vt 0.610324 0.418509
vt 0.609945 0.396841
vt 0.609556 0.375169
vt 0.609163 0.353493
vt 0.608768 0.331815
vt 0.608378 0.310136
vt 0.608005 0.288459
vt 0.607662 0.266786
vt 0.607374 0.245120
vt 0.607141 0.223464
vt 0.606960 0.201820
vt 0.606826 0.180188
vt 0.606731 0.158568
vt 0.606674 0.136961
vt 0.606645 0.115365
vt 0.606644 0.093779
vt 0.606661 0.072202
vt 0.606694 0.050631
vt 0.606737 0.029064
vt 0.606782 0.008771
vt 0.631266 0.513861
vt 0.631781 0.535887
vt 0.630729 0.491833
vt 0.630180 0.469801
vt 0.629628 0.447765
vt 0.629081 0.425723
vt 0.628549 0.403676
vt 0.628039 0.381624
vt 0.627563 0.359567
vt 0.627127 0.337507
vt 0.626742 0.315445
vt 0.626425 0.293384
vt 0.626190 0.271327
vt 0.626064 0.249278
vt 0.626044 0.227239
vt 0.626124 0.205212
vt 0.626292 0.183199
vt 0.626537 0.161199
vt 0.626851 0.139213
vt 0.627223 0.117239
vt 0.627644 0.095277
vt 0.628103 0.073324
vt 0.628591 0.051379
vt 0.629616 0.007500
vt 0.629585 0.008793
vt 0.650877 0.522587
vt 0.651642 0.544991
vt 0.650100 0.500181
vt 0.649326 0.477772
vt 0.648568 0.455357
vt 0.647839 0.432937
vt 0.647153 0.410511
vt 0.646522 0.388079
vt 0.645963 0.365641
vt 0.645486 0.343199
vt 0.645107 0.320754
vt 0.644845 0.298310
vt 0.644717 0.275869
vt 0.644754 0.253436
vt 0.644947 0.231013
vt 0.645287 0.208604
vt 0.645758 0.186210
vt 0.646342 0.163830
vt 0.647029 0.141465
vt 0.647800 0.119114
vt 0.648645 0.096775
vt 0.649546 0.074447
vt 0.629099 0.029438
vt 0.650489 0.052127
vt 0.652447 0.007500
vt 0.652570 0.009082
vt 0.670488 0.531314
vt 0.671504 0.554095
vt 0.669471 0.508530
vt 0.668471 0.485743
vt 0.667507 0.462951
vt 0.666596 0.440152
vt 0.665757 0.417346
vt 0.665005 0.394534
vt 0.664363 0.371715
vt 0.663845 0.348891
vt 0.663471 0.326063
vt 0.663265 0.303235
vt 0.663245 0.280411
vt 0.663444 0.257594
vt 0.663851 0.234788
vt 0.664451 0.211996
vt 0.665223 0.189220
vt 0.666147 0.166461
vt 0.667206 0.143717
vt 0.668378 0.120988
vt 0.669645 0.098273
vt 0.670988 0.075570
vt 0.651461 0.029812
vt 0.672387 0.052875
vt 0.675278 0.007500
vt 0.675192 0.008837
vt 0.690099 0.540040
vt 0.691365 0.563199
vt 0.688842 0.516879
vt 0.687617 0.493714
vt 0.686447 0.470544
vt 0.685354 0.447366
vt 0.684361 0.424181
vt 0.683488 0.400989
vt 0.682763 0.377789
vt 0.682204 0.354583
vt 0.681835 0.331372
vt 0.681685 0.308161
vt 0.681773 0.284952
vt 0.682133 0.261751
vt 0.682754 0.238562
vt 0.683615 0.215388
vt 0.684689 0.192231
vt 0.685953 0.169091
vt 0.687384 0.145969
vt 0.688955 0.122863
vt 0.690646 0.099771
vt 0.692430 0.076692
vt 0.673823 0.030186
vt 0.694284 0.053623
vt 0.698109 0.007500
vt 0.697996 0.008859
vt 0.709709 0.548766
vt 0.711226 0.572302
vt 0.708212 0.525228
vt 0.706762 0.501685
vt 0.705387 0.478137
vt 0.704111 0.454581
vt 0.702965 0.431017
vt 0.701971 0.407444
vt 0.701163 0.383863
vt 0.700563 0.360275
vt 0.700200 0.336682
vt 0.700105 0.313087
vt 0.700301 0.289494
vt 0.700823 0.265909
vt 0.701657 0.242337
vt 0.702778 0.218780
vt 0.704155 0.195242
vt 0.705758 0.171722
vt 0.707562 0.148221
vt 0.709533 0.124737
vt 0.711647 0.101269
vt 0.713873 0.077815
vt 0.696186 0.030560
vt 0.716182 0.054371
vt 0.720800 0.008881
vt 0.729786 0.563797
vt 0.727583 0.533577
vt 0.729320 0.557492
vt 0.725908 0.509656
vt 0.724326 0.485730
vt 0.722869 0.461795
vt 0.721569 0.437852
vt 0.720455 0.413899
vt 0.719563 0.389937
vt 0.718922 0.365967
vt 0.718564 0.341991
vt 0.718524 0.318012
vt 0.718828 0.294036
vt 0.719513 0.270067
vt 0.720561 0.246111
vt 0.721942 0.222172
vt 0.723621 0.198253
vt 0.725563 0.174353
vt 0.727739 0.150473
vt 0.730110 0.126612
vt 0.732647 0.102767
vt 0.735315 0.078938
vt 0.718548 0.030934
vt 0.738080 0.055119
vt 0.720941 0.007500
vt 0.743603 0.008903
vt 0.546713 0.588991
vt 0.528578 0.604419
vt 0.528578 0.581405
vt 0.546713 0.610624
vt 0.528578 0.627434
vt 0.546712 0.632256
vt 0.528578 0.650448
vt 0.546712 0.653889
vt 0.528578 0.673463
vt 0.546712 0.675521
vt 0.528578 0.696477
vt 0.546712 0.718786
vt 0.528578 0.719492
vt 0.564847 0.596577
vt 0.564847 0.616828
vt 0.564847 0.637078
vt 0.564847 0.657329
vt 0.564847 0.677579
vt 0.546712 0.697154
vt 0.564847 0.718081
vt 0.582981 0.604163
vt 0.582981 0.623032
vt 0.582981 0.641900
vt 0.582981 0.660769
vt 0.582981 0.679638
vt 0.564847 0.697830
vt 0.582981 0.717375
vt 0.601116 0.611749
vt 0.601116 0.629236
vt 0.601116 0.646723
vt 0.601116 0.664209
vt 0.601116 0.681696
vt 0.582981 0.698506
vt 0.601116 0.716669
vt 0.619250 0.619335
vt 0.619250 0.635440
vt 0.619250 0.651545
vt 0.619250 0.667650
vt 0.619250 0.683754
vt 0.601116 0.699183
vt 0.619250 0.715964
vt 0.637385 0.626922
vt 0.637384 0.641644
vt 0.637385 0.656367
vt 0.637385 0.671090
vt 0.637384 0.685813
vt 0.619250 0.699859
vt 0.637385 0.715258
vt 0.655519 0.634508
vt 0.655519 0.647848
vt 0.655519 0.661189
vt 0.655519 0.674530
vt 0.655519 0.701212
vt 0.637385 0.700535
vt 0.655519 0.714553
vt 0.673653 0.642094
vt 0.673653 0.654053
vt 0.673653 0.666012
vt 0.673653 0.677970
vt 0.655519 0.687871
vt 0.673653 0.689929
vt 0.673653 0.713847
vt 0.691788 0.649680
vt 0.691788 0.660257
vt 0.691788 0.670834
vt 0.691788 0.681411
vt 0.691788 0.691988
vt 0.673653 0.701888
vt 0.691788 0.713142
vt 0.709922 0.657266
vt 0.709922 0.666461
vt 0.709922 0.675656
vt 0.709922 0.684851
vt 0.709922 0.694046
vt 0.691788 0.702565
vt 0.709922 0.712436
vt 0.709922 0.633010
vt 0.691890 0.626218
vt 0.673858 0.618711
vt 0.655825 0.611203
vt 0.637793 0.603695
vt 0.619761 0.596187
vt 0.601729 0.588679
vt 0.583696 0.581171
vt 0.565664 0.573664
vt 0.547632 0.566156
vt 0.709922 0.608753
vt 0.691990 0.602757
vt 0.674058 0.595327
vt 0.656126 0.587898
vt 0.638194 0.580468
vt 0.620262 0.573038
vt 0.602330 0.565609
vt 0.584398 0.558179
vt 0.566466 0.550749
vt 0.529600 0.558648
vt 0.548534 0.543320
vt 0.692087 0.579295
vt 0.709922 0.584497
vt 0.674251 0.571944
vt 0.656416 0.564592
vt 0.638580 0.557240
vt 0.620744 0.549889
vt 0.602909 0.542537
vt 0.585073 0.535185
vt 0.567238 0.527834
vt 0.530602 0.535890
vt 0.549402 0.520482
vt 0.717053 0.583456
vt 0.531567 0.513130
vt 0.528171 0.732638
vt 0.546305 0.753789
vt 0.528171 0.753789
vt 0.546305 0.731933
vt 0.564440 0.753789
vt 0.564440 0.731227
vt 0.582574 0.753789
vt 0.582574 0.730522
vt 0.600709 0.753789
vt 0.600709 0.729816
vt 0.618843 0.753789
vt 0.618843 0.729110
vt 0.636977 0.753789
vt 0.636977 0.728405
vt 0.655112 0.753789
vt 0.655112 0.727699
vt 0.673246 0.753789
vt 0.673246 0.726994
vt 0.691381 0.753789
vt 0.691381 0.726288
vt 0.709515 0.753789
vt 0.281166 0.761343
vt 0.290803 0.794212
vt 0.281166 0.794212
vt 0.290803 0.761343
vt 0.300440 0.794212
vt 0.300440 0.761343
vt 0.310077 0.794212
vt 0.310077 0.761343
vt 0.319714 0.794212
vt 0.319714 0.761343
vt 0.329351 0.794212
vt 0.338988 0.761343
vt 0.329351 0.761343
vt 0.348626 0.761343
vt 0.338988 0.794212
vt 0.358263 0.761343
vt 0.348626 0.794212
vt 0.367900 0.761343
vt 0.358263 0.794212
vt 0.377537 0.761343
vt 0.367900 0.794212
vt 0.387174 0.794212
vt 0.377537 0.794212
vt 0.387174 0.761343
vt 0.396811 0.794212
vt 0.396811 0.761343
vt 0.406449 0.794212
vt 0.406449 0.761343
vt 0.416086 0.794212
vt 0.416086 0.761343
vt 0.425723 0.794212
vt 0.425723 0.761343
vt 0.435360 0.794212
vt 0.444997 0.761343
vt 0.435360 0.761343
vt 0.454634 0.761343
vt 0.444997 0.794212
vt 0.464271 0.761343
vt 0.454634 0.794212
vt 0.473909 0.761343
vt 0.464271 0.794212
vt 0.256450 0.013781
vt 0.282189 0.035748
vt 0.259991 0.036120
vt 0.279244 0.013759
vt 0.304387 0.035377
vt 0.302038 0.013737
vt 0.326585 0.035005
vt 0.347625 0.013693
vt 0.324832 0.013715
vt 0.370419 0.013671
vt 0.348783 0.034633
vt 0.393213 0.013649
vt 0.370981 0.034262
vt 0.416007 0.013627
vt 0.393179 0.033890
vt 0.438801 0.013605
vt 0.415377 0.033519
vt 0.461595 0.013584
vt 0.437575 0.033147
vt 0.481971 0.032404
vt 0.459773 0.032775
vt 0.285282 0.059121
vt 0.263711 0.059865
vt 0.306853 0.058378
vt 0.328424 0.057634
vt 0.349994 0.056890
vt 0.371565 0.056147
vt 0.393136 0.055403
vt 0.414707 0.054659
vt 0.457849 0.053172
vt 0.436278 0.053916
vt 0.479420 0.052428
vt 0.288297 0.082507
vt 0.267340 0.083624
vt 0.309254 0.081391
vt 0.351168 0.079157
vt 0.330211 0.080274
vt 0.372126 0.078041
vt 0.393083 0.076924
vt 0.414040 0.075808
vt 0.455954 0.073575
vt 0.434997 0.074691
vt 0.476911 0.072458
vt 0.291199 0.105912
vt 0.270836 0.107403
vt 0.311562 0.104421
vt 0.331924 0.102930
vt 0.352287 0.101440
vt 0.372649 0.099949
vt 0.393012 0.098458
vt 0.413375 0.096967
vt 0.433738 0.095477
vt 0.474463 0.092495
vt 0.454100 0.093986
vt 0.274154 0.131208
vt 0.313742 0.127474
vt 0.293948 0.129341
vt 0.333536 0.125608
vt 0.353331 0.123741
vt 0.373125 0.121875
vt 0.392919 0.120008
vt 0.412714 0.118142
vt 0.432508 0.116275
vt 0.452302 0.114409
vt 0.472097 0.112542
vt 0.296501 0.152798
vt 0.277242 0.155043
vt 0.315760 0.150554
vt 0.335019 0.148310
vt 0.354278 0.146066
vt 0.373537 0.143822
vt 0.392796 0.141578
vt 0.412056 0.139334
vt 0.431315 0.137089
vt 0.450574 0.134845
vt 0.469833 0.132601
vt 0.298826 0.176287
vt 0.280062 0.178911
vt 0.317589 0.173663
vt 0.336352 0.171040
vt 0.355115 0.168416
vt 0.373878 0.165792
vt 0.392641 0.163169
vt 0.411405 0.160545
vt 0.430168 0.157921
vt 0.448931 0.155297
vt 0.467694 0.152674
vt 0.300873 0.199810
vt 0.282559 0.202816
vt 0.319187 0.196805
vt 0.337502 0.193799
vt 0.355816 0.190794
vt 0.374130 0.187788
vt 0.392444 0.184783
vt 0.410758 0.181778
vt 0.429072 0.178772
vt 0.447387 0.175767
vt 0.465701 0.172761
vt 0.302610 0.223366
vt 0.284692 0.226755
vt 0.320529 0.219977
vt 0.338447 0.216588
vt 0.356365 0.213199
vt 0.374283 0.209810
vt 0.392202 0.206421
vt 0.410120 0.203032
vt 0.428038 0.199643
vt 0.445956 0.196254
vt 0.463875 0.192865
vt 0.303992 0.246954
vt 0.286409 0.250728
vt 0.321575 0.243179
vt 0.339158 0.239405
vt 0.356740 0.235631
vt 0.374323 0.231856
vt 0.391905 0.228082
vt 0.409488 0.224307
vt 0.427071 0.220533
vt 0.444653 0.216759
vt 0.462236 0.212984
vt 0.304977 0.270569
vt 0.287663 0.274729
vt 0.322291 0.266408
vt 0.339605 0.262247
vt 0.356919 0.258086
vt 0.374233 0.253925
vt 0.391548 0.249764
vt 0.408862 0.245603
vt 0.426176 0.241441
vt 0.443490 0.237280
vt 0.460804 0.233119
vt 0.305532 0.294204
vt 0.288412 0.298752
vt 0.322651 0.289656
vt 0.339770 0.285108
vt 0.356889 0.280559
vt 0.374009 0.276011
vt 0.391128 0.271463
vt 0.408247 0.266915
vt 0.425366 0.262366
vt 0.442486 0.257818
vt 0.459605 0.253270
vt 0.305631 0.317851
vt 0.288628 0.322785
vt 0.322634 0.312915
vt 0.339637 0.307980
vt 0.356640 0.303045
vt 0.373643 0.298110
vt 0.390646 0.293175
vt 0.407649 0.288239
vt 0.424652 0.283304
vt 0.441655 0.278369
vt 0.458658 0.273434
vt 0.305328 0.341498
vt 0.288366 0.346818
vt 0.322290 0.336177
vt 0.339252 0.330856
vt 0.356214 0.325535
vt 0.373176 0.320214
vt 0.390137 0.314893
vt 0.407099 0.309572
vt 0.424061 0.304251
vt 0.441023 0.298930
vt 0.457985 0.293609
vt 0.304653 0.365137
vt 0.287659 0.370842
vt 0.321648 0.359432
vt 0.338642 0.353727
vt 0.355636 0.348022
vt 0.372630 0.342317
vt 0.389624 0.336612
vt 0.406618 0.330906
vt 0.423612 0.325201
vt 0.440607 0.319496
vt 0.457601 0.313791
vt 0.303653 0.388764
vt 0.286559 0.394851
vt 0.320746 0.382677
vt 0.337840 0.376589
vt 0.354934 0.370502
vt 0.372027 0.364414
vt 0.389121 0.358327
vt 0.406214 0.352239
vt 0.423308 0.346152
vt 0.440402 0.340064
vt 0.457495 0.333977
vt 0.302365 0.412374
vt 0.285111 0.418841
vt 0.319619 0.405906
vt 0.336873 0.399438
vt 0.354127 0.392970
vt 0.371381 0.386502
vt 0.388636 0.380034
vt 0.405890 0.373566
vt 0.423144 0.367098
vt 0.440398 0.360630
vt 0.457652 0.354162
vt 0.300825 0.435966
vt 0.283355 0.442812
vt 0.318294 0.429119
vt 0.335763 0.422272
vt 0.353233 0.415425
vt 0.370702 0.408579
vt 0.388172 0.401732
vt 0.405641 0.394885
vt 0.423110 0.388038
vt 0.440580 0.381191
vt 0.458049 0.374345
vt 0.299075 0.459538
vt 0.281342 0.466762
vt 0.316807 0.452314
vt 0.334539 0.445090
vt 0.352272 0.437866
vt 0.370004 0.430642
vt 0.387736 0.423418
vt 0.405469 0.416194
vt 0.423201 0.408970
vt 0.440933 0.401745
vt 0.458666 0.394521
vt 0.297149 0.483093
vt 0.279113 0.490693
vt 0.315186 0.475493
vt 0.333223 0.467893
vt 0.351260 0.460292
vt 0.369296 0.452692
vt 0.387333 0.445092
vt 0.405370 0.437492
vt 0.423407 0.429891
vt 0.441444 0.422291
vt 0.459480 0.414691
vt 0.295088 0.506632
vt 0.276712 0.514607
vt 0.313463 0.498657
vt 0.331839 0.490681
vt 0.350215 0.482706
vt 0.368591 0.474730
vt 0.386966 0.466755
vt 0.405342 0.458779
vt 0.423718 0.450804
vt 0.442094 0.442828
vt 0.460469 0.434853
vt 0.292926 0.530158
vt 0.274183 0.538508
vt 0.311669 0.521808
vt 0.330412 0.513458
vt 0.349155 0.505108
vt 0.367898 0.496758
vt 0.386641 0.488407
vt 0.405384 0.480057
vt 0.424127 0.471707
vt 0.442870 0.463357
vt 0.461613 0.455007
vt 0.290700 0.553676
vt 0.271568 0.562400
vt 0.309833 0.544951
vt 0.328965 0.536226
vt 0.348097 0.527501
vt 0.367229 0.518777
vt 0.386361 0.510052
vt 0.405493 0.501327
vt 0.424625 0.492602
vt 0.443757 0.483877
vt 0.462889 0.475153
vt 0.288449 0.577188
vt 0.270868 0.568698
vt 0.307986 0.568089
vt 0.327522 0.558989
vt 0.347059 0.549889
vt 0.366596 0.540789
vt 0.386132 0.531690
vt 0.405669 0.522590
vt 0.425205 0.513490
vt 0.444742 0.504391
vt 0.464279 0.495291
vt 0.471422 0.609036
vt 0.453287 0.593211
vt 0.471422 0.586288
vt 0.471422 0.631784
vt 0.453288 0.614970
vt 0.471422 0.654532
vt 0.453288 0.636729
vt 0.461109 0.670246
vt 0.453288 0.671645
vt 0.453288 0.658488
vt 0.453288 0.702006
vt 0.453288 0.680247
vt 0.461283 0.678939
vt 0.471422 0.722776
vt 0.471422 0.700028
vt 0.453288 0.745524
vt 0.453288 0.723765
vt 0.435153 0.600134
vt 0.435153 0.620904
vt 0.435153 0.641674
vt 0.435153 0.662444
vt 0.435153 0.683214
vt 0.435153 0.703984
vt 0.435153 0.724754
vt 0.417019 0.607058
vt 0.417019 0.626839
vt 0.417019 0.646619
vt 0.435153 0.675115
vt 0.417019 0.666400
vt 0.417019 0.686181
vt 0.417019 0.705962
vt 0.435153 0.745524
vt 0.417019 0.725743
vt 0.398884 0.613981
vt 0.398884 0.632773
vt 0.398884 0.651565
vt 0.417019 0.680239
vt 0.398884 0.670357
vt 0.398884 0.689148
vt 0.398884 0.707940
vt 0.417019 0.745524
vt 0.398884 0.726732
vt 0.380750 0.620904
vt 0.380750 0.638707
vt 0.380750 0.656510
vt 0.380750 0.674313
vt 0.380750 0.709918
vt 0.380750 0.692115
vt 0.380750 0.745524
vt 0.380750 0.727721
vt 0.362615 0.627828
vt 0.362615 0.644642
vt 0.362615 0.661455
vt 0.362615 0.678269
vt 0.362615 0.695083
vt 0.375087 0.728030
vt 0.362615 0.711896
vt 0.344481 0.634751
vt 0.344481 0.650576
vt 0.344481 0.666400
vt 0.344481 0.682225
vt 0.344481 0.698050
vt 0.362615 0.728710
vt 0.344481 0.713875
vt 0.344481 0.745524
vt 0.344481 0.729699
vt 0.326347 0.641674
vt 0.326347 0.656510
vt 0.326347 0.671346
vt 0.326347 0.686181
vt 0.326347 0.701017
vt 0.326347 0.715853
vt 0.326347 0.745524
vt 0.326347 0.730688
vt 0.308212 0.648598
vt 0.308212 0.662444
vt 0.308212 0.676291
vt 0.308212 0.690138
vt 0.308212 0.703984
vt 0.308212 0.717831
vt 0.308212 0.745524
vt 0.308212 0.731677
vt 0.290078 0.655521
vt 0.290078 0.668379
vt 0.290078 0.681236
vt 0.290078 0.694094
vt 0.290078 0.706951
vt 0.290078 0.719809
vt 0.290078 0.745524
vt 0.290078 0.732666
vt 0.290078 0.632921
vt 0.308026 0.626295
vt 0.325975 0.619323
vt 0.343923 0.612351
vt 0.361872 0.605378
vt 0.379820 0.598406
vt 0.397769 0.591434
vt 0.415718 0.584461
vt 0.433666 0.577489
vt 0.451615 0.570517
vt 0.290078 0.610322
vt 0.307843 0.603993
vt 0.325609 0.596971
vt 0.343375 0.589950
vt 0.361140 0.582928
vt 0.378906 0.575906
vt 0.396672 0.568885
vt 0.414437 0.561863
vt 0.432203 0.554842
vt 0.449969 0.547820
vt 0.469563 0.563544
vt 0.307666 0.581690
vt 0.325255 0.574619
vt 0.342843 0.567547
vt 0.360432 0.560476
vt 0.378020 0.553405
vt 0.395609 0.546333
vt 0.413197 0.539262
vt 0.430786 0.532191
vt 0.448374 0.525119
vt 0.467734 0.540798
vt 0.290078 0.587722
vt 0.465963 0.518048
vt 0.975486 0.494851
vt 0.955138 0.483439
vt 0.974749 0.474712
vt 0.954714 0.462920
vt 0.974084 0.454572
vt 0.954361 0.442399
vt 0.973507 0.434428
vt 0.954090 0.421875
vt 0.973030 0.414282
vt 0.953908 0.401348
vt 0.972666 0.394133
vt 0.953826 0.380818
vt 0.972430 0.373983
vt 0.953853 0.360286
vt 0.972337 0.353831
vt 0.953997 0.339754
vt 0.972397 0.333680
vt 0.954269 0.319221
vt 0.972628 0.313529
vt 0.954674 0.298691
vt 0.973038 0.293382
vt 0.955215 0.278164
vt 0.973635 0.273239
vt 0.955881 0.257644
vt 0.974408 0.253102
vt 0.956656 0.237130
vt 0.975346 0.232972
vt 0.957529 0.216624
vt 0.976433 0.212849
vt 0.958491 0.196127
vt 0.977655 0.192735
vt 0.959532 0.175638
vt 0.978997 0.172628
vt 0.960644 0.155159
vt 0.980449 0.152528
vt 0.961818 0.134688
vt 0.981996 0.132436
vt 0.963046 0.114224
vt 0.983624 0.112350
vt 0.964319 0.093768
vt 0.985320 0.092270
vt 0.965625 0.073316
vt 0.987068 0.072194
vt 0.966958 0.052869
vt 0.988856 0.052121
vt 0.968309 0.032425
vt 0.990672 0.032052
vt 0.992419 0.012874
vt 0.969669 0.011983
vt 0.992500 0.011983
vt 0.955624 0.503955
vt 0.935527 0.492165
vt 0.935343 0.471269
vt 0.935216 0.450370
vt 0.935150 0.429468
vt 0.935151 0.408562
vt 0.935223 0.387653
vt 0.935370 0.366741
vt 0.935597 0.345828
vt 0.935910 0.324913
vt 0.936310 0.304000
vt 0.936795 0.283090
vt 0.937353 0.262185
vt 0.937966 0.241287
vt 0.938626 0.220398
vt 0.939328 0.199519
vt 0.940066 0.178649
vt 0.940839 0.157790
vt 0.941641 0.136940
vt 0.942469 0.116099
vt 0.943318 0.095266
vt 0.944183 0.074439
vt 0.945061 0.053617
vt 0.945947 0.032799
vt 0.969608 0.012891
vt 0.946838 0.011983
vt 0.935763 0.513059
vt 0.915916 0.500891
vt 0.915972 0.479618
vt 0.916070 0.458341
vt 0.916211 0.437061
vt 0.916393 0.415777
vt 0.916618 0.394488
vt 0.916887 0.373196
vt 0.917197 0.351902
vt 0.917551 0.330605
vt 0.917946 0.309309
vt 0.918375 0.288016
vt 0.918825 0.266727
vt 0.919276 0.245445
vt 0.919722 0.224173
vt 0.920164 0.202911
vt 0.920600 0.181660
vt 0.921033 0.160420
vt 0.921463 0.139192
vt 0.921891 0.117973
vt 0.922317 0.096764
vt 0.922741 0.075562
vt 0.923163 0.054365
vt 0.923585 0.033173
vt 0.946798 0.012908
vt 0.924006 0.011983
vt 0.915902 0.522162
vt 0.896305 0.509618
vt 0.896601 0.487967
vt 0.896925 0.466313
vt 0.897271 0.444654
vt 0.897636 0.422991
vt 0.898015 0.401324
vt 0.898404 0.379652
vt 0.898797 0.357976
vt 0.899192 0.336297
vt 0.899581 0.314619
vt 0.899955 0.292941
vt 0.900298 0.271268
vt 0.900586 0.249603
vt 0.900819 0.227947
vt 0.901000 0.206303
vt 0.901134 0.184671
vt 0.901228 0.163051
vt 0.901286 0.141444
vt 0.901314 0.119848
vt 0.901317 0.098262
vt 0.901298 0.076684
vt 0.901266 0.055113
vt 0.901223 0.033547
vt 0.901177 0.012941
vt 0.923988 0.012924
vt 0.896040 0.531266
vt 0.876694 0.518344
vt 0.877230 0.496315
vt 0.877779 0.474284
vt 0.878331 0.452247
vt 0.878878 0.430206
vt 0.879411 0.408159
vt 0.879921 0.386107
vt 0.880397 0.364050
vt 0.880833 0.341989
vt 0.881217 0.319928
vt 0.881535 0.297867
vt 0.881770 0.275810
vt 0.881896 0.253761
vt 0.881916 0.231722
vt 0.881837 0.209695
vt 0.881668 0.187682
vt 0.881423 0.165682
vt 0.881108 0.143696
vt 0.880736 0.121722
vt 0.880316 0.099760
vt 0.879856 0.077807
vt 0.879368 0.055861
vt 0.878367 0.012957
vt 0.901175 0.011983
vt 0.876179 0.540370
vt 0.857083 0.527070
vt 0.857859 0.504664
vt 0.858634 0.482255
vt 0.859392 0.459840
vt 0.860121 0.437420
vt 0.860807 0.414994
vt 0.861437 0.392562
vt 0.861997 0.370124
vt 0.862474 0.347681
vt 0.862853 0.325237
vt 0.863115 0.302792
vt 0.863242 0.280352
vt 0.863206 0.257919
vt 0.863012 0.235496
vt 0.862673 0.213087
vt 0.862202 0.190692
vt 0.861617 0.168313
vt 0.860931 0.145948
vt 0.860159 0.123597
vt 0.859315 0.101258
vt 0.858414 0.078930
vt 0.857470 0.056609
vt 0.878861 0.033921
vt 0.855512 0.011983
vt 0.878344 0.011983
vt 0.856317 0.549474
vt 0.837472 0.535796
vt 0.838489 0.513013
vt 0.839488 0.490226
vt 0.840452 0.467433
vt 0.841363 0.444635
vt 0.842203 0.421829
vt 0.842954 0.399017
vt 0.843596 0.376198
vt 0.844115 0.353373
vt 0.844488 0.330546
vt 0.844695 0.307718
vt 0.844715 0.284893
vt 0.844516 0.262076
vt 0.844109 0.239271
vt 0.843509 0.216479
vt 0.842737 0.193703
vt 0.841812 0.170943
vt 0.840753 0.148200
vt 0.839582 0.125471
vt 0.838314 0.102756
vt 0.836971 0.080052
vt 0.835573 0.057357
vt 0.856498 0.034295
vt 0.855556 0.012974
vt 0.832681 0.011983
vt 0.836456 0.558578
vt 0.817862 0.544523
vt 0.819118 0.521362
vt 0.820343 0.498197
vt 0.821512 0.475026
vt 0.822606 0.451849
vt 0.823599 0.428664
vt 0.824471 0.405472
vt 0.825197 0.382272
vt 0.825756 0.359066
vt 0.826124 0.335855
vt 0.826275 0.312644
vt 0.826187 0.289435
vt 0.825826 0.266234
vt 0.825206 0.243045
vt 0.824346 0.219871
vt 0.823271 0.196714
vt 0.822007 0.173574
vt 0.820575 0.150452
vt 0.819004 0.127346
vt 0.817314 0.104254
vt 0.815529 0.081175
vt 0.813675 0.058105
vt 0.834136 0.034669
vt 0.832746 0.012991
vt 0.809850 0.011983
vt 0.816595 0.567681
vt 0.798251 0.553249
vt 0.799747 0.529711
vt 0.801197 0.506168
vt 0.802573 0.482619
vt 0.803848 0.459064
vt 0.804995 0.435499
vt 0.805988 0.411927
vt 0.806796 0.388346
vt 0.807397 0.364757
vt 0.807760 0.341164
vt 0.807855 0.317569
vt 0.807660 0.293977
vt 0.807136 0.270392
vt 0.806302 0.246819
vt 0.805182 0.223263
vt 0.803805 0.199725
vt 0.802201 0.176205
vt 0.800398 0.152704
vt 0.798427 0.129220
vt 0.796313 0.105752
vt 0.794087 0.082298
vt 0.791777 0.058853
vt 0.811774 0.035042
vt 0.809936 0.013007
vt 0.787019 0.011983
vt 0.796733 0.576785
vt 0.776872 0.585889
vt 0.778209 0.567801
vt 0.780376 0.538059
vt 0.782051 0.514139
vt 0.783633 0.490213
vt 0.785091 0.466278
vt 0.786391 0.442335
vt 0.787505 0.418382
vt 0.788396 0.394420
vt 0.789038 0.370450
vt 0.789395 0.346474
vt 0.789435 0.322495
vt 0.789132 0.298518
vt 0.788446 0.274550
vt 0.787399 0.250594
vt 0.786018 0.226655
vt 0.784339 0.202735
vt 0.782396 0.178835
vt 0.780220 0.154956
vt 0.777849 0.131094
vt 0.775312 0.107250
vt 0.772644 0.083420
vt 0.769880 0.059601
vt 0.789412 0.035416
vt 0.787125 0.013024
vt 0.764187 0.011983
vt 0.979381 0.608903
vt 0.961247 0.593475
vt 0.979381 0.585889
vt 0.979381 0.631917
vt 0.961247 0.615107
vt 0.979381 0.654932
vt 0.961247 0.636739
vt 0.979381 0.677946
vt 0.961247 0.658372
vt 0.979381 0.700960
vt 0.961247 0.680004
vt 0.961247 0.723269
vt 0.961247 0.701637
vt 0.943112 0.601061
vt 0.943112 0.621311
vt 0.943112 0.641562
vt 0.943112 0.661812
vt 0.943112 0.682062
vt 0.943112 0.722563
vt 0.943113 0.706712
vt 0.931531 0.614754
vt 0.924978 0.612745
vt 0.924978 0.608647
vt 0.932395 0.624978
vt 0.934169 0.643940
vt 0.936561 0.663055
vt 0.943113 0.702313
vt 0.939071 0.682521
vt 0.942448 0.702338
vt 0.919418 0.610973
vt 0.924978 0.646384
vt 0.906844 0.633719
vt 0.924978 0.627515
vt 0.924978 0.665252
vt 0.906844 0.651206
vt 0.924978 0.684121
vt 0.906844 0.668693
vt 0.924978 0.702989
vt 0.906844 0.686179
vt 0.906844 0.706555
vt 0.906844 0.703666
vt 0.888709 0.623819
vt 0.906844 0.616233
vt 0.888709 0.639923
vt 0.888709 0.656028
vt 0.888709 0.672133
vt 0.888709 0.688237
vt 0.888709 0.706673
vt 0.888709 0.704342
vt 0.870575 0.631405
vt 0.870575 0.646128
vt 0.870575 0.660850
vt 0.870575 0.675573
vt 0.870575 0.690296
vt 0.870575 0.706679
vt 0.870575 0.705018
vt 0.852440 0.638991
vt 0.852440 0.652332
vt 0.852441 0.665672
vt 0.852441 0.679013
vt 0.852440 0.692354
vt 0.852441 0.706670
vt 0.852441 0.705695
vt 0.834306 0.646577
vt 0.834306 0.658536
vt 0.834306 0.670494
vt 0.834306 0.682453
vt 0.834306 0.694412
vt 0.834306 0.706681
vt 0.834306 0.706371
vt 0.830467 0.648182
vt 0.829614 0.660141
vt 0.829019 0.671900
vt 0.828579 0.683540
vt 0.828298 0.695094
vt 0.828175 0.706600
vt 0.816172 0.664740
vt 0.798037 0.661749
vt 0.816172 0.654163
vt 0.816172 0.675317
vt 0.798037 0.670944
vt 0.816172 0.685894
vt 0.798037 0.680139
vt 0.816172 0.696470
vt 0.798037 0.689334
vt 0.816172 0.707047
vt 0.798037 0.698529
vt 0.816172 0.717624
vt 0.798037 0.707725
vt 0.798037 0.637492
vt 0.816069 0.630701
vt 0.834102 0.623193
vt 0.852134 0.615686
vt 0.870166 0.608178
vt 0.897282 0.602693
vt 0.906590 0.606685
vt 0.924264 0.585655
vt 0.942296 0.578147
vt 0.960328 0.570639
vt 0.798037 0.613236
vt 0.815969 0.607240
vt 0.833901 0.599810
vt 0.834031 0.614980
vt 0.864399 0.603804
vt 0.870061 0.602081
vt 0.876011 0.600411
vt 0.888199 0.600670
vt 0.887697 0.577521
vt 0.906231 0.593162
vt 0.905630 0.570092
vt 0.923562 0.562662
vt 0.941494 0.555232
vt 0.959426 0.547803
vt 0.978360 0.563131
vt 0.815873 0.583778
vt 0.833708 0.576426
vt 0.851833 0.592380
vt 0.851544 0.569075
vt 0.869765 0.584951
vt 0.869379 0.561723
vt 0.887215 0.554372
vt 0.905051 0.547020
vt 0.922886 0.539668
vt 0.940722 0.532317
vt 0.958557 0.524965
vt 0.977358 0.540373
vt 0.798037 0.588980
vt 0.976393 0.517613
vt 0.979788 0.737121
vt 0.961654 0.758271
vt 0.961654 0.736416
vt 0.943520 0.758272
vt 0.943520 0.735710
vt 0.925385 0.758271
vt 0.925385 0.735004
vt 0.907251 0.758272
vt 0.907251 0.734299
vt 0.889116 0.758272
vt 0.889116 0.733593
vt 0.870982 0.758271
vt 0.870982 0.732888
vt 0.852848 0.758272
vt 0.852848 0.732182
vt 0.834713 0.758272
vt 0.834713 0.731476
vt 0.816579 0.758272
vt 0.816579 0.730771
vt 0.798444 0.758271
vt 0.798444 0.730065
vt 0.214598 0.794212
vt 0.204961 0.761343
vt 0.214598 0.761343
vt 0.204961 0.794212
vt 0.195324 0.761343
vt 0.195324 0.794212
vt 0.185686 0.761343
vt 0.185686 0.794212
vt 0.176049 0.761343
vt 0.166412 0.794212
vt 0.166412 0.761343
vt 0.156775 0.794212
vt 0.156775 0.761343
vt 0.160910 0.761343
vt 0.147138 0.794212
vt 0.147138 0.761343
vt 0.137501 0.794212
vt 0.137501 0.761343
vt 0.127863 0.794212
vt 0.127863 0.761343
vt 0.118226 0.794212
vt 0.118226 0.761343
vt 0.108589 0.761343
vt 0.108589 0.794212
vt 0.098952 0.761343
vt 0.098952 0.794212
vt 0.089315 0.761343
vt 0.089315 0.794212
vt 0.079678 0.761343
vt 0.070041 0.794212
vt 0.070041 0.761343
vt 0.073474 0.761343
vt 0.060403 0.761343
vt 0.060403 0.794212
vt 0.050766 0.761343
vt 0.050766 0.794212
vt 0.041129 0.761343
vt 0.031492 0.794212
vt 0.031492 0.761343
vt 0.021855 0.761343
vt 0.740363 0.977879
vt 0.724755 0.970256
vt 0.740462 0.971615
vt 0.837339 0.816004
vt 0.839540 0.833327
vt 0.830045 0.819713
vt 0.648478 0.938460
vt 0.645752 0.922243
vt 0.655260 0.935075
vt 0.852049 0.913094
vt 0.848347 0.895618
vt 0.856305 0.896738
vt 0.743833 0.785141
vt 0.728736 0.790737
vt 0.727413 0.785287
vt 0.662178 0.801298
vt 0.655435 0.816072
vt 0.648215 0.811923
vt 0.627285 0.893308
vt 0.633905 0.876486
vt 0.635274 0.892285
vt 0.756222 0.970928
vt 0.757494 0.977145
vt 0.847284 0.830069
vt 0.845782 0.848598
vt 0.661066 0.949898
vt 0.667027 0.945829
vt 0.758678 0.791564
vt 0.743742 0.790618
vt 0.772028 0.968624
vt 0.774525 0.974729
vt 0.857035 0.863197
vt 0.853837 0.846247
vt 0.787288 0.963861
vt 0.790926 0.969557
vt 0.678020 0.793994
vt 0.668613 0.805735
vt 0.857883 0.880034
vt 0.849035 0.864351
vt 0.694424 0.789274
vt 0.683347 0.798743
vt 0.675163 0.959443
vt 0.680066 0.954642
vt 0.625753 0.876367
vt 0.635176 0.860582
vt 0.760171 0.786198
vt 0.773662 0.793418
vt 0.801601 0.957118
vt 0.806404 0.962147
vt 0.690196 0.967496
vt 0.694021 0.961963
vt 0.627037 0.859204
vt 0.638841 0.844747
vt 0.776510 0.788245
vt 0.788529 0.796793
vt 0.815141 0.948792
vt 0.821057 0.953138
vt 0.710943 0.786461
vt 0.698469 0.794355
vt 0.706369 0.973193
vt 0.709088 0.967250
vt 0.637681 0.825931
vt 0.630732 0.842128
vt 0.792688 0.791961
vt 0.803253 0.801722
vt 0.827349 0.938290
vt 0.834144 0.941985
vt 0.723279 0.976398
vt 0.808676 0.797293
vt 0.817475 0.809023
vt 0.631477 0.909612
vt 0.639218 0.907681
vt 0.837318 0.925476
vt 0.844719 0.928478
vt 0.713644 0.791790
vt 0.849828 0.880002
vt 0.823968 0.805028
vt 0.638423 0.924903
vt 0.844277 0.910944
vt 0.645411 0.829532
vt 0.674859 0.906636
vt 0.720488 0.824903
vt 0.808183 0.908883
vt 0.681557 0.914769
vt 0.731673 0.824542
vt 0.813026 0.899632
vt 0.689767 0.921492
vt 0.754318 0.825167
vt 0.743006 0.824732
vt 0.816039 0.889569
vt 0.699038 0.927100
vt 0.765470 0.826131
vt 0.667707 0.886873
vt 0.708946 0.931733
vt 0.776266 0.828001
vt 0.817364 0.879063
vt 0.719340 0.934912
vt 0.786550 0.830724
vt 0.667026 0.876294
vt 0.730199 0.936606
vt 0.796027 0.834824
vt 0.668064 0.865736
vt 0.741226 0.937206
vt 0.804015 0.840941
vt 0.670593 0.855526
vt 0.752251 0.937024
vt 0.810045 0.848890
vt 0.674945 0.846172
vt 0.763104 0.935764
vt 0.814240 0.858224
vt 0.681279 0.838239
vt 0.773603 0.932887
vt 0.816583 0.868473
vt 0.689537 0.832355
vt 0.783682 0.928602
vt 0.699159 0.828495
vt 0.793128 0.923350
vt 0.670096 0.897185
vt 0.709584 0.826170
vt 0.801436 0.916849
vt 0.742098 0.878478
vt 0.270147 0.890388
vt 0.272287 0.916268
vt 0.266497 0.916751
vt 0.445773 0.953127
vt 0.455476 0.929911
vt 0.460786 0.930968
vt 0.372784 0.963108
vt 0.350278 0.958608
vt 0.372466 0.961040
vt 0.385338 0.845517
vt 0.407672 0.852085
vt 0.384159 0.848142
vt 0.336947 0.854451
vt 0.316828 0.865122
vt 0.313900 0.863508
vt 0.301627 0.950092
vt 0.280998 0.941510
vt 0.305460 0.948762
vt 0.396523 0.964029
vt 0.417636 0.959154
vt 0.420672 0.961095
vt 0.435751 0.857820
vt 0.449525 0.878844
vt 0.431749 0.859904
vt 0.360708 0.848527
vt 0.338583 0.856543
vt 0.292248 0.875457
vt 0.275685 0.890697
vt 0.360956 0.850950
vt 0.349246 0.960549
vt 0.327960 0.954067
vt 0.462208 0.903525
vt 0.456972 0.903651
vt 0.275519 0.942606
vt 0.441247 0.951439
vt 0.410221 0.849677
vt 0.296441 0.876403
vt 0.325602 0.955732
vt 0.394828 0.961921
vt 0.454408 0.877547
vt 0.164469 0.845903
vt 0.187730 0.852752
vt 0.161566 0.848441
vt 0.177190 0.966731
vt 0.196616 0.951966
vt 0.201379 0.953460
vt 0.026976 0.896136
vt 0.029070 0.922705
vt 0.022922 0.923305
vt 0.077919 0.969002
vt 0.057685 0.957480
vt 0.080848 0.966820
vt 0.115572 0.851866
vt 0.137985 0.849410
vt 0.115760 0.854031
vt 0.217278 0.929488
vt 0.214687 0.900814
vt 0.220642 0.900027
vt 0.093926 0.859797
vt 0.092230 0.858030
vt 0.069059 0.867173
vt 0.047914 0.878417
vt 0.042904 0.877789
vt 0.192443 0.850176
vt 0.207249 0.872812
vt 0.035937 0.945800
vt 0.041272 0.944511
vt 0.153032 0.975980
vt 0.173971 0.964673
vt 0.102846 0.975006
vt 0.104215 0.972490
vt 0.139325 0.846946
vt 0.211571 0.928869
vt 0.032788 0.896273
vt 0.053257 0.959240
vt 0.213067 0.870652
vt 0.127710 0.976946
vt 0.151205 0.973400
vt 0.072266 0.868331
vt 0.127479 0.974321
vt 0.159184 0.878076
vt 0.143228 0.879601
vt 0.072569 0.904168
vt 0.132080 0.942236
vt 0.148733 0.941897
vt 0.173671 0.879505
vt 0.081112 0.895801
vt 0.115554 0.941191
vt 0.182834 0.889774
vt 0.095229 0.892084
vt 0.100277 0.938702
vt 0.110455 0.887576
vt 0.086639 0.934818
vt 0.185584 0.903500
vt 0.077080 0.928562
vt 0.184598 0.917533
vt 0.070031 0.917580
vt 0.163909 0.936739
vt 0.177159 0.929610
vt 0.126843 0.883474
vt 0.308738 0.898323
vt 0.305896 0.913054
vt 0.368342 0.874859
vt 0.425123 0.933047
vt 0.311735 0.927081
vt 0.433166 0.920208
vt 0.326152 0.929917
vt 0.433543 0.904826
vt 0.342041 0.932455
vt 0.351391 0.879055
vt 0.428682 0.890129
vt 0.358623 0.935253
vt 0.335852 0.884411
vt 0.417724 0.879243
vt 0.376059 0.937321
vt 0.321675 0.890961
vt 0.402437 0.874933
vt 0.393490 0.938466
vt 0.385762 0.872499
vt 0.410057 0.937120
vt 0.129103 0.910393
vt 0.371824 0.908212
vt 0.764315 0.013041
vt 0.007500 0.007899
vt 0.030331 0.007899
vt 0.053162 0.007899
vt 0.075994 0.007899
vt 0.098825 0.007899
vt 0.121656 0.007899
vt 0.144487 0.007899
vt 0.167319 0.007899
vt 0.190150 0.007899
vt 0.212981 0.007899
vt 0.235812 0.007899
vt 0.484541 0.012382
vt 0.461709 0.012382
vt 0.438878 0.012382
vt 0.416047 0.012382
vt 0.393216 0.012382
vt 0.370384 0.012382
vt 0.347553 0.012382
vt 0.324722 0.012382
vt 0.301891 0.012382
vt 0.279059 0.012382
vt 0.256228 0.012382
vt 0.740910 0.031307
vt 0.517288 0.027569
vt 0.283626 0.587285
vt 0.268912 0.586288
vt 0.731088 0.581406
vt 0.221119 0.563737
vt 0.223128 0.581805
vt 0.790907 0.587938
vt 0.221613 0.295536
vt 0.224190 0.299084
vt 0.217095 0.301251
vt 0.227150 0.292032
vt 0.232139 0.298125
vt 0.233478 0.290389
vt 0.240331 0.298442
vt 0.246110 0.293076
vt 0.240002 0.290747
vt 0.251224 0.297172
vt 0.248056 0.300012
vt 0.254728 0.302715
vt 0.249024 0.307818
vt 0.256372 0.309049
vt 0.248742 0.315845
vt 0.240483 0.307092
vt 0.240325 0.315997
vt 0.231414 0.306901
vt 0.231398 0.315971
vt 0.222633 0.307261
vt 0.222759 0.315767
vt 0.224560 0.323776
vt 0.232076 0.324563
vt 0.227701 0.330516
vt 0.239827 0.324447
vt 0.233332 0.331955
vt 0.247184 0.323437
vt 0.244679 0.329965
vt 0.239153 0.331766
vt 0.253680 0.321689
vt 0.249566 0.326796
vt 0.222623 0.327665
vt 0.217771 0.322228
vt 0.215067 0.315460
vt 0.214830 0.308177
vt 0.370397 0.745524
vt 0.852441 0.719035
vt 0.924978 0.706630
vt 0.906844 0.721152
vt 0.832763 0.623751
vt 0.834306 0.718330
vt 0.888709 0.720447
vt 0.870575 0.719741
vt 0.924978 0.721858
vt 0.852042 0.608539
vt 0.201963 0.741041
vt 0.515459 0.007500
vt 0.606784 0.007500
vt 0.743772 0.007500
vt 0.709922 0.703241
vt 0.709515 0.725583
vt 0.473909 0.794212
vt 0.484389 0.013562
vt 0.471422 0.677280
vt 0.471422 0.745524
vt 0.398884 0.745524
vt 0.362615 0.745524
vt 0.778640 0.561975
vt 0.767049 0.035790
vt 0.979381 0.723974
vt 0.798037 0.716920
vt 0.979788 0.758271
vt 0.176049 0.794212
vt 0.079678 0.794212
vt 0.041129 0.794212
vt 0.021855 0.794212
vt 0.256019 0.315579
s 1
usemtl base1
f 1/1/1 2/2/2 3/3/3
f 3/3/3 4/4/4 5/5/5
f 5/5/5 6/6/6 7/7/7
f 6/6/6 8/8/8 7/7/7
f 9/9/9 10/10/10 8/8/8
f 11/11/11 12/12/12 10/10/10
f 12/12/12 13/13/13 14/14/14
f 14/14/14 15/15/15 16/16/16
f 16/16/16 17/17/17 18/18/18
f 17/17/17 19/19/19 18/18/18
f 20/20/20 21/21/21 2/2/2
f 2/2/2 22/22/22 4/4/4
f 4/4/4 23/23/23 6/6/6
f 6/6/6 24/24/24 9/9/9
f 24/24/24 11/11/11 9/9/9
f 25/25/25 26/26/26 11/11/11
f 26/26/26 27/27/27 13/13/13
f 13/13/13 28/28/28 15/15/15
f 15/15/15 29/29/29 17/17/17
f 17/17/17 30/30/30 31/31/31
f 32/32/32 33/33/33 21/21/21
f 21/21/21 34/34/34 22/22/22
f 22/22/22 35/35/35 23/23/23
f 23/23/23 36/36/36 24/24/24
f 24/24/24 37/37/37 25/25/25
f 25/25/25 38/38/38 39/39/39
f 38/38/38 27/27/27 39/39/39
f 40/40/40 28/28/28 27/27/27
f 41/41/41 29/29/29 28/28/28
f 29/29/29 42/42/42 30/30/30
f 43/43/43 44/44/44 33/33/33
f 33/33/33 45/45/45 34/34/34
f 34/34/34 46/46/46 35/35/35
f 35/35/35 47/47/47 36/36/36
f 36/36/36 48/48/48 37/37/37
f 37/37/37 49/49/49 38/38/38
f 38/38/38 50/50/50 40/40/40
f 40/40/40 51/51/51 41/41/41
f 51/51/51 52/52/52 41/41/41
f 52/52/52 53/53/53 42/42/42
f 54/54/54 55/55/55 44/44/44
f 44/44/44 56/56/56 45/45/45
f 45/45/45 57/57/57 46/46/46
f 46/46/46 58/58/58 47/47/47
f 47/47/47 59/59/59 48/48/48
f 48/48/48 60/60/60 49/49/49
f 60/60/60 50/50/50 49/49/49
f 61/61/61 51/51/51 50/50/50
f 51/51/51 62/62/62 63/63/63
f 63/63/63 64/64/64 53/53/53
f 65/65/65 66/66/66 55/55/55
f 66/66/66 56/56/56 55/55/55
f 56/56/56 67/67/67 57/57/57
f 57/57/57 68/68/68 58/58/58
f 58/58/58 69/69/69 59/59/59
f 59/59/59 70/70/70 60/60/60
f 60/60/60 71/71/71 61/61/61
f 61/61/61 72/72/72 73/73/73
f 73/73/73 74/74/74 62/62/62
f 62/62/62 75/75/75 64/64/64
f 76/76/76 77/77/77 66/66/66
f 66/66/66 78/78/78 79/79/79
f 79/79/79 80/80/80 67/67/67
f 67/67/67 81/81/81 68/68/68
f 68/68/68 82/82/82 69/69/69
f 69/69/69 83/83/83 70/70/70
f 70/70/70 84/84/84 71/71/71
f 71/71/71 85/85/85 72/72/72
f 72/72/72 86/86/86 74/74/74
f 74/74/74 87/87/87 75/75/75
f 88/88/88 89/89/89 77/77/77
f 77/77/77 90/90/90 78/78/78
f 78/78/78 91/91/91 80/80/80
f 80/80/80 92/92/92 81/81/81
f 81/81/81 93/93/93 82/82/82
f 82/82/82 94/94/94 83/83/83
f 83/83/83 95/95/95 84/84/84
f 84/84/84 96/96/96 85/85/85
f 85/85/85 97/97/97 86/86/86
f 86/86/86 98/98/98 87/87/87
f 99/99/99 100/100/100 89/89/89
f 89/89/89 101/101/101 90/90/90
f 90/90/90 102/102/102 91/91/91
f 91/91/91 103/103/103 92/92/92
f 92/92/92 104/104/104 93/93/93
f 93/93/93 105/105/105 94/94/94
f 94/94/94 106/106/106 95/95/95
f 95/95/95 107/107/107 96/96/96
f 96/96/96 108/108/108 97/97/97
f 97/97/97 109/109/109 98/98/98
f 110/110/110 111/111/111 100/100/100
f 100/100/100 112/112/112 101/101/101
f 101/101/101 113/113/113 102/102/102
f 102/102/102 114/114/114 103/103/103
f 103/103/103 115/115/115 104/104/104
f 104/104/104 116/116/116 105/105/105
f 105/105/105 117/117/117 106/106/106
f 106/106/106 118/118/118 107/107/107
f 107/107/107 119/119/119 108/108/108
f 108/108/108 120/120/120 109/109/109
f 121/121/121 122/122/122 111/111/111
f 111/111/111 123/123/123 112/112/112
f 112/112/112 124/124/124 113/113/113
f 113/113/113 125/125/125 114/114/114
f 114/114/114 126/126/126 115/115/115
f 115/115/115 127/127/127 116/116/116
f 116/116/116 128/128/128 117/117/117
f 117/117/117 129/129/129 118/118/118
f 118/118/118 130/130/130 119/119/119
f 119/119/119 131/131/131 120/120/120
f 132/132/132 133/133/133 122/122/122
f 122/122/122 134/134/134 123/123/123
f 123/123/123 135/135/135 124/124/124
f 124/124/124 136/136/136 125/125/125
f 125/125/125 137/137/137 126/126/126
f 126/126/126 138/138/138 127/127/127
f 127/127/127 139/139/139 128/128/128
f 128/128/128 140/140/140 129/129/129
f 129/129/129 141/141/141 130/130/130
f 130/130/130 142/142/142 131/131/131
f 143/143/143 144/144/144 133/133/133
f 133/133/133 145/145/145 134/134/134
f 134/134/134 146/146/146 135/135/135
f 135/135/135 147/147/147 136/136/136
f 136/136/136 148/148/148 137/137/137
f 137/137/137 149/149/149 138/138/138
f 138/138/138 150/150/150 139/139/139
f 139/139/139 151/151/151 140/140/140
f 140/140/140 152/152/152 141/141/141
f 141/141/141 153/153/153 142/142/142
f 154/154/154 155/155/155 144/144/144
f 144/144/144 156/156/156 145/145/145
f 145/145/145 157/157/157 146/146/146
f 146/146/146 158/158/158 147/147/147
f 147/147/147 159/159/159 148/148/148
f 148/148/148 160/160/160 149/149/149
f 149/149/149 161/161/161 150/150/150
f 150/150/150 162/162/162 151/151/151
f 151/151/151 163/163/163 152/152/152
f 152/152/152 164/164/164 153/153/153
f 165/165/165 166/166/166 155/155/155
f 155/155/155 167/167/167 156/156/156
f 156/156/156 168/168/168 157/157/157
f 157/157/157 169/169/169 158/158/158
f 158/158/158 170/170/170 159/159/159
f 159/159/159 171/171/171 160/160/160
f 160/160/160 172/172/172 161/161/161
f 161/161/161 173/173/173 162/162/162
f 162/162/162 174/174/174 163/163/163
f 163/163/163 175/175/175 164/164/164
f 176/176/176 177/177/177 166/166/166
f 166/166/166 178/178/178 167/167/167
f 167/167/167 179/179/179 168/168/168
f 168/168/168 180/180/180 169/169/169
f 169/169/169 181/181/181 170/170/170
f 170/170/170 182/182/182 171/171/171
f 171/171/171 183/183/183 172/172/172
f 172/172/172 184/184/184 173/173/173
f 173/173/173 185/185/185 174/174/174
f 174/174/174 186/186/186 175/175/175
f 187/187/187 188/188/188 177/177/177
f 177/177/177 189/189/189 178/178/178
f 178/178/178 190/190/190 179/179/179
f 179/179/179 191/191/191 180/180/180
f 180/180/180 192/192/192 181/181/181
f 181/181/181 193/193/193 182/182/182
f 182/182/182 194/194/194 183/183/183
f 183/183/183 195/195/195 184/184/184
f 184/184/184 196/196/196 185/185/185
f 185/185/185 197/197/197 186/186/186
f 198/198/198 199/199/199 188/188/188
f 188/188/188 200/200/200 189/189/189
f 189/189/189 201/201/201 190/190/190
f 190/190/190 202/202/202 191/191/191
f 191/191/191 203/203/203 192/192/192
f 192/192/192 204/204/204 193/193/193
f 193/193/193 205/205/205 194/194/194
f 194/194/194 206/206/206 195/195/195
f 195/195/195 207/207/207 196/196/196
f 196/196/196 208/208/208 197/197/197
f 209/209/209 210/210/210 199/199/199
f 199/199/199 211/211/211 200/200/200
f 200/200/200 212/212/212 201/201/201
f 201/201/201 213/213/213 202/202/202
f 202/202/202 214/214/214 203/203/203
f 203/203/203 215/215/215 204/204/204
f 204/204/204 216/216/216 205/205/205
f 205/205/205 217/217/217 206/206/206
f 206/206/206 218/218/218 207/207/207
f 207/207/207 219/219/219 208/208/208
f 220/220/220 221/221/221 210/210/210
f 210/210/210 222/222/222 211/211/211
f 211/211/211 223/223/223 212/212/212
f 212/212/212 224/224/224 213/213/213
f 213/213/213 225/225/225 214/214/214
f 214/214/214 226/226/226 215/215/215
f 215/215/215 227/227/227 216/216/216
f 216/216/216 228/228/228 217/217/217
f 217/217/217 229/229/229 218/218/218
f 218/218/218 230/230/230 219/219/219
f 231/231/231 232/232/232 221/221/221
f 221/221/221 233/233/233 222/222/222
f 222/222/222 234/234/234 223/223/223
f 223/223/223 235/235/235 224/224/224
f 224/224/224 236/236/236 225/225/225
f 225/225/225 237/237/237 226/226/226
f 226/226/226 238/238/238 227/227/227
f 227/227/227 239/239/239 228/228/228
f 228/228/228 240/240/240 229/229/229
f 229/229/229 241/241/241 230/230/230
f 242/242/242 243/243/243 232/232/232
f 232/232/232 244/244/244 233/233/233
f 233/233/233 245/245/245 234/234/234
f 234/234/234 246/246/246 235/235/235
f 235/235/235 247/247/247 236/236/236
f 236/236/236 248/248/248 237/237/237
f 237/237/237 249/249/249 238/238/238
f 238/238/238 250/250/250 239/239/239
f 239/239/239 251/251/251 240/240/240
f 240/240/240 252/252/252 241/241/241
f 253/253/253 254/254/254 243/243/243
f 243/243/243 255/255/255 244/244/244
f 244/244/244 256/256/256 245/245/245
f 245/245/245 257/257/257 246/246/246
f 246/246/246 258/258/258 247/247/247
f 247/247/247 259/259/259 248/248/248
f 248/248/248 260/260/260 249/249/249
f 249/249/249 261/261/261 250/250/250
f 250/250/250 262/262/262 251/251/251
f 251/251/251 263/263/263 252/252/252
f 264/264/264 265/265/265 254/254/254
f 254/254/254 266/266/266 255/255/255
f 255/255/255 267/267/267 256/256/256
f 256/256/256 268/268/268 257/257/257
f 257/257/257 269/269/269 258/258/258
f 258/258/258 270/270/270 259/259/259
f 259/259/259 271/271/271 260/260/260
f 260/260/260 272/272/272 261/261/261
f 261/261/261 273/273/273 262/262/262
f 262/262/262 274/274/274 263/263/263
f 275/275/275 276/276/276 277/277/277
f 278/278/278 279/279/279 276/276/276
f 280/280/280 281/281/281 279/279/279
f 282/282/282 283/283/283 284/284/284
f 283/283/283 285/285/285 286/286/286
f 286/286/286 287/287/287 288/288/288
f 288/288/288 289/289/289 290/290/290
f 291/291/291 278/278/278 275/275/275
f 292/292/292 280/280/280 278/278/278
f 293/293/293 294/294/294 280/280/280
f 295/295/295 296/296/296 294/294/294
f 297/297/297 285/285/285 298/298/298
f 299/299/299 287/287/287 285/285/285
f 300/300/300 289/289/289 287/287/287
f 301/301/301 292/292/292 291/291/291
f 302/302/302 293/293/293 292/292/292
f 303/303/303 295/295/295 293/293/293
f 304/304/304 305/305/305 295/295/295
f 306/306/306 299/299/299 297/297/297
f 307/307/307 300/300/300 299/299/299
f 308/308/308 309/309/309 300/300/300
f 310/310/310 302/302/302 301/301/301
f 311/311/311 303/303/303 302/302/302
f 312/312/312 304/304/304 303/303/303
f 313/313/313 306/306/306 304/304/304
f 306/306/306 314/314/314 315/315/315
f 316/316/316 308/308/308 307/307/307
f 308/308/308 317/317/317 318/318/318
f 319/319/319 311/311/311 310/310/310
f 320/320/320 312/312/312 311/311/311
f 321/321/321 313/313/313 312/312/312
f 322/322/322 314/314/314 313/313/313
f 323/323/323 324/324/324 315/315/315
f 324/324/324 325/325/325 316/316/316
f 325/325/325 326/326/326 317/317/317
f 327/327/327 320/320/320 319/319/319
f 328/328/328 321/321/321 320/320/320
f 329/329/329 322/322/322 321/321/321
f 330/330/330 323/323/323 322/322/322
f 331/331/331 332/332/332 323/323/323
f 333/333/333 334/334/334 332/332/332
f 335/335/335 336/336/336 334/334/334
f 337/337/337 328/328/328 327/327/327
f 338/338/338 329/329/329 328/328/328
f 339/339/339 330/330/330 329/329/329
f 340/340/340 331/331/331 330/330/330
f 341/341/341 333/333/333 331/331/331
f 342/342/342 335/335/335 333/333/333
f 335/335/335 343/343/343 344/344/344
f 345/345/345 338/338/338 337/337/337
f 346/346/346 339/339/339 338/338/338
f 347/347/347 340/340/340 339/339/339
f 348/348/348 341/341/341 340/340/340
f 349/349/349 342/342/342 341/341/341
f 350/350/350 351/351/351 342/342/342
f 351/351/351 352/352/352 343/343/343
f 353/353/353 346/346/346 345/345/345
f 354/354/354 347/347/347 346/346/346
f 355/355/355 348/348/348 347/347/347
f 356/356/356 349/349/349 348/348/348
f 357/357/357 350/350/350 349/349/349
f 358/358/358 359/359/359 350/350/350
f 359/359/359 360/360/360 352/352/352
f 361/361/361 354/354/354 353/353/353
f 362/362/362 355/355/355 354/354/354
f 363/363/363 356/356/356 355/355/355
f 364/364/364 357/357/357 356/356/356
f 365/365/365 358/358/358 357/357/357
f 366/366/366 367/367/367 358/358/358
f 368/368/368 360/360/360 367/367/367
f 353/353/353 369/369/369 361/361/361
f 345/345/345 370/370/370 353/353/353
f 337/337/337 371/371/371 345/345/345
f 327/327/327 372/372/372 337/337/337
f 319/319/319 373/373/373 327/327/327
f 310/310/310 374/374/374 319/319/319
f 301/301/301 375/375/375 310/310/310
f 291/291/291 376/376/376 301/301/301
f 275/275/275 377/377/377 291/291/291
f 277/277/277 378/378/378 275/275/275
f 370/370/370 379/379/379 369/369/369
f 371/371/371 380/380/380 370/370/370
f 372/372/372 381/381/381 371/371/371
f 373/373/373 382/382/382 372/372/372
f 374/374/374 383/383/383 373/373/373
f 375/375/375 384/384/384 374/374/374
f 376/376/376 385/385/385 375/375/375
f 377/377/377 386/386/386 376/376/376
f 378/378/378 387/387/387 377/377/377
f 388/388/388 389/389/389 378/378/378
f 379/379/379 390/390/390 391/391/391
f 381/381/381 390/390/390 380/380/380
f 382/382/382 392/392/392 381/381/381
f 383/383/383 393/393/393 382/382/382
f 384/384/384 394/394/394 383/383/383
f 385/385/385 395/395/395 384/384/384
f 386/386/386 396/396/396 385/385/385
f 387/387/387 397/397/397 386/386/386
f 389/389/389 398/398/398 387/387/387
f 399/399/399 400/400/400 389/389/389
f 391/391/391 265/265/265 401/401/401
f 390/390/390 266/266/266 265/265/265
f 392/392/392 267/267/267 266/266/266
f 393/393/393 268/268/268 267/267/267
f 394/394/394 269/269/269 268/268/268
f 395/395/395 270/270/270 269/269/269
f 396/396/396 271/271/271 270/270/270
f 398/398/398 271/271/271 397/397/397
f 400/400/400 272/272/272 398/398/398
f 402/402/402 273/273/273 400/400/400
f 403/403/403 404/404/404 405/405/405
f 406/406/406 407/407/407 404/404/404
f 408/408/408 409/409/409 407/407/407
f 410/410/410 411/411/411 409/409/409
f 412/412/412 413/413/413 411/411/411
f 414/414/414 415/415/415 413/413/413
f 416/416/416 417/417/417 415/415/415
f 418/418/418 419/419/419 417/417/417
f 420/420/420 421/421/421 419/419/419
f 422/422/422 423/423/423 421/421/421
f 424/424/424 425/425/425 423/423/423
f 426/426/426 427/427/427 425/425/425
f 428/428/428 429/429/429 427/427/427
f 430/430/430 431/431/431 429/429/429
f 432/432/432 433/433/433 431/431/431
f 434/434/434 435/435/435 433/433/433
f 436/436/436 437/437/437 435/435/435
f 438/438/438 439/439/439 437/437/437
f 440/440/440 441/441/441 439/439/439
f 442/442/442 443/443/443 441/441/441
f 444/444/444 445/445/445 443/443/443
f 446/446/446 447/447/447 445/445/445
f 448/448/448 449/449/449 447/447/447
f 450/450/450 451/451/451 452/452/452
f 405/405/405 453/453/453 454/454/454
f 404/404/404 455/455/455 453/453/453
f 407/407/407 456/456/456 455/455/455
f 409/409/409 457/457/457 456/456/456
f 411/411/411 458/458/458 457/457/457
f 413/413/413 459/459/459 458/458/458
f 415/415/415 460/460/460 459/459/459
f 417/417/417 461/461/461 460/460/460
f 419/419/419 462/462/462 461/461/461
f 421/421/421 463/463/463 462/462/462
f 423/423/423 464/464/464 463/463/463
f 425/425/425 465/465/465 464/464/464
f 427/427/427 466/466/466 465/465/465
f 429/429/429 467/467/467 466/466/466
f 431/431/431 468/468/468 467/467/467
f 433/433/433 469/469/469 468/468/468
f 435/435/435 470/470/470 469/469/469
f 437/437/437 471/471/471 470/470/470
f 439/439/439 472/472/472 471/471/471
f 441/441/441 473/473/473 472/472/472
f 443/443/443 474/474/474 473/473/473
f 445/445/445 475/475/475 474/474/474
f 447/447/447 476/476/476 475/475/475
f 452/452/452 477/477/477 478/478/478
f 454/454/454 479/479/479 480/480/480
f 453/453/453 481/481/481 479/479/479
f 455/455/455 482/482/482 481/481/481
f 456/456/456 483/483/483 482/482/482
f 457/457/457 484/484/484 483/483/483
f 458/458/458 485/485/485 484/484/484
f 459/459/459 486/486/486 485/485/485
f 460/460/460 487/487/487 486/486/486
f 461/461/461 488/488/488 487/487/487
f 462/462/462 489/489/489 488/488/488
f 463/463/463 490/490/490 489/489/489
f 464/464/464 491/491/491 490/490/490
f 465/465/465 492/492/492 491/491/491
f 466/466/466 493/493/493 492/492/492
f 467/467/467 494/494/494 493/493/493
f 468/468/468 495/495/495 494/494/494
f 469/469/469 496/496/496 495/495/495
f 470/470/470 497/497/497 496/496/496
f 471/471/471 498/498/498 497/497/497
f 472/472/472 499/499/499 498/498/498
f 474/474/474 499/499/499 473/473/473
f 474/474/474 500/500/500 501/501/501
f 475/475/475 502/502/502 500/500/500
f 478/478/478 503/503/503 504/504/504
f 480/480/480 505/505/505 506/506/506
f 479/479/479 507/507/507 505/505/505
f 481/481/481 508/508/508 507/507/507
f 482/482/482 509/509/509 508/508/508
f 483/483/483 510/510/510 509/509/509
f 484/484/484 511/511/511 510/510/510
f 485/485/485 512/512/512 511/511/511
f 486/486/486 513/513/513 512/512/512
f 487/487/487 514/514/514 513/513/513
f 488/488/488 515/515/515 514/514/514
f 489/489/489 516/516/516 515/515/515
f 490/490/490 517/517/517 516/516/516
f 491/491/491 518/518/518 517/517/517
f 492/492/492 519/519/519 518/518/518
f 493/493/493 520/520/520 519/519/519
f 494/494/494 521/521/521 520/520/520
f 495/495/495 522/522/522 521/521/521
f 496/496/496 523/523/523 522/522/522
f 497/497/497 524/524/524 523/523/523
f 498/498/498 525/525/525 524/524/524
f 499/499/499 526/526/526 525/525/525
f 501/501/501 527/527/527 526/526/526
f 500/500/500 528/528/528 527/527/527
f 503/503/503 529/529/529 504/504/504
f 506/506/506 530/530/530 531/531/531
f 505/505/505 532/532/532 530/530/530
f 507/507/507 533/533/533 532/532/532
f 508/508/508 534/534/534 533/533/533
f 509/509/509 535/535/535 534/534/534
f 510/510/510 536/536/536 535/535/535
f 511/511/511 537/537/537 536/536/536
f 512/512/512 538/538/538 537/537/537
f 513/513/513 539/539/539 538/538/538
f 514/514/514 540/540/540 539/539/539
f 515/515/515 541/541/541 540/540/540
f 516/516/516 542/542/542 541/541/541
f 517/517/517 543/543/543 542/542/542
f 518/518/518 544/544/544 543/543/543
f 519/519/519 545/545/545 544/544/544
f 520/520/520 546/546/546 545/545/545
f 521/521/521 547/547/547 546/546/546
f 522/522/522 548/548/548 547/547/547
f 523/523/523 549/549/549 548/548/548
f 524/524/524 550/550/550 549/549/549
f 525/525/525 551/551/551 550/550/550
f 526/526/526 552/552/552 551/551/551
f 528/528/528 552/552/552 527/527/527
f 529/529/529 553/553/553 554/554/554
f 531/531/531 555/555/555 556/556/556
f 530/530/530 557/557/557 555/555/555
f 532/532/532 558/558/558 557/557/557
f 533/533/533 559/559/559 558/558/558
f 534/534/534 560/560/560 559/559/559
f 535/535/535 561/561/561 560/560/560
f 536/536/536 562/562/562 561/561/561
f 537/537/537 563/563/563 562/562/562
f 538/538/538 564/564/564 563/563/563
f 539/539/539 565/565/565 564/564/564
f 540/540/540 566/566/566 565/565/565
f 541/541/541 567/567/567 566/566/566
f 542/542/542 568/568/568 567/567/567
f 543/543/543 569/569/569 568/568/568
f 544/544/544 570/570/570 569/569/569
f 545/545/545 571/571/571 570/570/570
f 546/546/546 572/572/572 571/571/571
f 547/547/547 573/573/573 572/572/572
f 548/548/548 574/574/574 573/573/573
f 549/549/549 575/575/575 574/574/574
f 551/551/551 575/575/575 550/550/550
f 552/552/552 576/576/576 551/551/551
f 577/577/577 578/578/578 552/552/552
f 554/554/554 579/579/579 580/580/580
f 556/556/556 581/581/581 582/582/582
f 555/555/555 583/583/583 581/581/581
f 557/557/557 584/584/584 583/583/583
f 558/558/558 585/585/585 584/584/584
f 559/559/559 586/586/586 585/585/585
f 560/560/560 587/587/587 586/586/586
f 561/561/561 588/588/588 587/587/587
f 562/562/562 589/589/589 588/588/588
f 563/563/563 590/590/590 589/589/589
f 564/564/564 591/591/591 590/590/590
f 565/565/565 592/592/592 591/591/591
f 566/566/566 593/593/593 592/592/592
f 567/567/567 594/594/594 593/593/593
f 568/568/568 595/595/595 594/594/594
f 569/569/569 596/596/596 595/595/595
f 570/570/570 597/597/597 596/596/596
f 571/571/571 598/598/598 597/597/597
f 572/572/572 599/599/599 598/598/598
f 573/573/573 600/600/600 599/599/599
f 574/574/574 601/601/601 600/600/600
f 575/575/575 602/602/602 601/601/601
f 578/578/578 602/602/602 576/576/576
f 603/603/603 604/604/604 578/578/578
f 580/580/580 605/605/605 606/606/606
f 582/582/582 607/607/607 608/608/608
f 581/581/581 609/609/609 607/607/607
f 583/583/583 610/610/610 609/609/609
f 584/584/584 611/611/611 610/610/610
f 585/585/585 612/612/612 611/611/611
f 586/586/586 613/613/613 612/612/612
f 587/587/587 614/614/614 613/613/613
f 588/588/588 615/615/615 614/614/614
f 589/589/589 616/616/616 615/615/615
f 590/590/590 617/617/617 616/616/616
f 591/591/591 618/618/618 617/617/617
f 592/592/592 619/619/619 618/618/618
f 593/593/593 620/620/620 619/619/619
f 594/594/594 621/621/621 620/620/620
f 595/595/595 622/622/622 621/621/621
f 596/596/596 623/623/623 622/622/622
f 597/597/597 624/624/624 623/623/623
f 598/598/598 625/625/625 624/624/624
f 599/599/599 626/626/626 625/625/625
f 600/600/600 627/627/627 626/626/626
f 601/601/601 628/628/628 627/627/627
f 604/604/604 628/628/628 602/602/602
f 629/629/629 630/630/630 604/604/604
f 606/606/606 631/631/631 632/632/632
f 608/608/608 633/633/633 634/634/634
f 607/607/607 635/635/635 633/633/633
f 609/609/609 636/636/636 635/635/635
f 610/610/610 637/637/637 636/636/636
f 611/611/611 638/638/638 637/637/637
f 612/612/612 639/639/639 638/638/638
f 613/613/613 640/640/640 639/639/639
f 614/614/614 641/641/641 640/640/640
f 615/615/615 642/642/642 641/641/641
f 616/616/616 643/643/643 642/642/642
f 617/617/617 644/644/644 643/643/643
f 618/618/618 645/645/645 644/644/644
f 619/619/619 646/646/646 645/645/645
f 620/620/620 647/647/647 646/646/646
f 621/621/621 648/648/648 647/647/647
f 622/622/622 649/649/649 648/648/648
f 623/623/623 650/650/650 649/649/649
f 624/624/624 651/651/651 650/650/650
f 626/626/626 651/651/651 625/625/625
f 627/627/627 652/652/652 626/626/626
f 628/628/628 653/653/653 627/627/627
f 630/630/630 654/654/654 628/628/628
f 655/655/655 656/656/656 630/630/630
f 631/631/631 657/657/657 632/632/632
f 633/633/633 658/658/658 634/634/634
f 633/633/633 659/659/659 660/660/660
f 635/635/635 661/661/661 659/659/659
f 636/636/636 662/662/662 661/661/661
f 637/637/637 663/663/663 662/662/662
f 638/638/638 664/664/664 663/663/663
f 639/639/639 665/665/665 664/664/664
f 640/640/640 666/666/666 665/665/665
f 641/641/641 667/667/667 666/666/666
f 642/642/642 668/668/668 667/667/667
f 643/643/643 669/669/669 668/668/668
f 644/644/644 670/670/670 669/669/669
f 645/645/645 671/671/671 670/670/670
f 646/646/646 672/672/672 671/671/671
f 647/647/647 673/673/673 672/672/672
f 648/648/648 674/674/674 673/673/673
f 649/649/649 675/675/675 674/674/674
f 650/650/650 676/676/676 675/675/675
f 651/651/651 677/677/677 676/676/676
f 652/652/652 678/678/678 677/677/677
f 654/654/654 678/678/678 653/653/653
f 656/656/656 679/679/679 654/654/654
f 680/680/680 681/681/681 656/656/656
f 682/682/682 683/683/683 657/657/657
f 684/684/684 685/685/685 686/686/686
f 687/687/687 688/688/688 685/685/685
f 689/689/689 690/690/690 688/688/688
f 691/691/691 692/692/692 690/690/690
f 693/693/693 694/694/694 692/692/692
f 694/694/694 695/695/695 696/696/696
f 697/697/697 687/687/687 684/684/684
f 698/698/698 689/689/689 687/687/687
f 699/699/699 691/691/691 689/689/689
f 700/700/700 693/693/693 691/691/691
f 701/701/701 702/702/702 693/693/693
f 702/702/702 703/703/703 695/695/695
f 704/704/704 698/698/698 697/697/697
f 705/705/705 699/699/699 698/698/698
f 706/706/706 700/700/700 699/699/699
f 707/707/707 701/701/701 700/700/700
f 708/708/708 709/709/709 701/701/701
f 709/709/709 710/710/710 703/703/703
f 711/711/711 705/705/705 704/704/704
f 712/712/712 706/706/706 705/705/705
f 713/713/713 707/707/707 706/706/706
f 714/714/714 708/708/708 707/707/707
f 715/715/715 716/716/716 708/708/708
f 716/716/716 717/717/717 710/710/710
f 718/718/718 712/712/712 711/711/711
f 719/719/719 713/713/713 712/712/712
f 720/720/720 714/714/714 713/713/713
f 721/721/721 715/715/715 714/714/714
f 722/722/722 723/723/723 715/715/715
f 723/723/723 724/724/724 717/717/717
f 725/725/725 719/719/719 718/718/718
f 726/726/726 720/720/720 719/719/719
f 727/727/727 721/721/721 720/720/720
f 728/728/728 722/722/722 721/721/721
f 729/729/729 730/730/730 722/722/722
f 730/730/730 731/731/731 724/724/724
f 732/732/732 726/726/726 725/725/725
f 733/733/733 727/727/727 726/726/726
f 734/734/734 728/728/728 727/727/727
f 735/735/735 729/729/729 728/728/728
f 729/729/729 736/736/736 737/737/737
f 737/737/737 738/738/738 731/731/731
f 739/739/739 733/733/733 732/732/732
f 740/740/740 734/734/734 733/733/733
f 741/741/741 735/735/735 734/734/734
f 742/742/742 743/743/743 735/735/735
f 744/744/744 736/736/736 743/743/743
f 736/736/736 745/745/745 738/738/738
f 746/746/746 740/740/740 739/739/739
f 747/747/747 741/741/741 740/740/740
f 748/748/748 742/742/742 741/741/741
f 749/749/749 744/744/744 742/742/742
f 750/750/750 751/751/751 744/744/744
f 751/751/751 752/752/752 745/745/745
f 753/753/753 747/747/747 746/746/746
f 754/754/754 748/748/748 747/747/747
f 755/755/755 749/749/749 748/748/748
f 756/756/756 750/750/750 749/749/749
f 757/757/757 758/758/758 750/750/750
f 758/758/758 759/759/759 752/752/752
f 746/746/746 760/760/760 753/753/753
f 739/739/739 761/761/761 746/746/746
f 732/732/732 762/762/762 739/739/739
f 725/725/725 763/763/763 732/732/732
f 718/718/718 764/764/764 725/725/725
f 711/711/711 765/765/765 718/718/718
f 704/704/704 766/766/766 711/711/711
f 697/697/697 767/767/767 704/704/704
f 684/684/684 768/768/768 697/697/697
f 686/686/686 769/769/769 684/684/684
f 761/761/761 770/770/770 760/760/760
f 762/762/762 771/771/771 761/761/761
f 763/763/763 772/772/772 762/762/762
f 764/764/764 773/773/773 763/763/763
f 765/765/765 774/774/774 764/764/764
f 766/766/766 775/775/775 765/765/765
f 767/767/767 776/776/776 766/766/766
f 768/768/768 777/777/777 767/767/767
f 769/769/769 778/778/778 768/768/768
f 779/779/779 780/780/780 769/769/769
f 770/770/770 781/781/781 782/782/782
f 772/772/772 781/781/781 771/771/771
f 773/773/773 783/783/783 772/772/772
f 774/774/774 784/784/784 773/773/773
f 775/775/775 785/785/785 774/774/774
f 776/776/776 786/786/786 775/775/775
f 777/777/777 787/787/787 776/776/776
f 778/778/778 788/788/788 777/777/777
f 780/780/780 789/789/789 778/778/778
f 790/790/790 791/791/791 780/780/780
f 782/782/782 634/634/634 792/792/792
f 781/781/781 608/608/608 634/634/634
f 783/783/783 582/582/582 608/608/608
f 784/784/784 556/556/556 582/582/582
f 785/785/785 531/531/531 556/556/556
f 786/786/786 506/506/506 531/531/531
f 787/787/787 480/480/480 506/506/506
f 789/789/789 480/480/480 788/788/788
f 791/791/791 454/454/454 789/789/789
f 793/793/793 405/405/405 791/791/791
f 794/794/696 795/795/794 796/796/795
f 797/797/695 798/798/796 795/795/794
f 799/799/703 800/800/797 798/798/796
f 801/801/710 802/802/798 800/800/797
f 803/803/717 804/804/799 802/802/798
f 805/805/800 806/806/801 804/804/799
f 807/807/802 808/808/803 806/806/801
f 809/809/738 810/810/804 808/808/803
f 811/811/745 812/812/805 810/810/804
f 813/813/752 814/814/806 812/812/805
f 815/815/795 816/816/807 817/817/808
f 818/818/809 819/819/810 816/816/807
f 820/820/796 821/821/811 819/819/810
f 822/822/797 823/823/812 821/821/811
f 824/824/798 825/825/813 823/823/812
f 826/826/801 825/825/813 827/827/799
f 828/828/814 829/829/815 826/826/801
f 830/830/804 831/831/816 828/828/814
f 832/832/805 833/833/817 830/830/804
f 834/834/818 835/835/819 832/832/805
f 834/834/818 836/836/820 837/837/821
f 838/838/822 839/839/823 836/836/820
f 840/840/824 841/841/825 839/839/823
f 842/842/826 843/843/827 841/841/825
f 844/844/828 845/845/829 843/843/827
f 846/846/830 847/847/831 845/845/829
f 848/848/832 847/847/831 849/849/833
f 850/850/834 851/851/835 848/848/832
f 852/852/836 853/853/837 850/850/834
f 854/854/290 855/855/838 852/852/836
f 856/856/839 857/857/840 858/858/841
f 859/859/842 860/860/843 857/857/840
f 861/861/844 862/862/845 860/860/843
f 863/863/846 862/862/845 864/864/847
f 865/865/848 866/866/849 863/863/846
f 867/867/850 868/868/851 865/865/848
f 869/869/852 870/870/853 867/867/850
f 871/871/854 872/872/855 869/869/852
f 873/873/856 874/874/857 871/871/854
f 873/873/856 875/875/858 876/876/859
f 858/858/841 877/877/860 878/878/681
f 857/857/840 879/879/861 877/877/860
f 860/860/843 880/880/862 879/879/861
f 862/862/845 881/881/863 880/880/862
f 868/868/851 881/881/863 866/866/849
f 870/870/853 882/882/864 868/868/851
f 872/872/855 883/883/865 870/870/853
f 874/874/857 884/884/866 872/872/855
f 874/874/857 885/885/867 886/886/868
f 876/876/859 887/887/869 885/885/867
f 878/878/681 888/888/870 889/889/871
f 879/879/861 888/888/870 877/877/860
f 880/880/862 890/890/872 879/879/861
f 880/880/862 891/891/873 892/892/874
f 881/881/863 893/893/875 891/891/873
f 883/883/865 893/893/875 882/882/864
f 884/884/866 894/894/876 883/883/865
f 886/886/868 895/895/877 884/884/866
f 886/886/868 896/896/878 897/897/879
f 885/885/867 898/898/446 896/896/878
f 889/889/871 899/899/880 900/900/881
f 888/888/870 901/901/882 899/899/880
f 890/890/872 902/902/883 901/901/882
f 892/892/874 903/903/884 902/902/883
f 891/891/873 904/904/885 903/903/884
f 893/893/875 905/905/886 904/904/885
f 894/894/876 906/906/887 905/905/886
f 897/897/879 906/906/887 895/895/877
f 896/896/878 907/907/888 897/897/879
f 896/896/878 908/908/444 909/909/889
f 899/899/880 910/910/677 900/900/881
f 899/899/880 911/911/890 912/912/891
f 901/901/882 913/913/892 911/911/890
f 902/902/883 914/914/893 913/913/892
f 903/903/884 915/915/894 914/914/893
f 904/904/885 916/916/895 915/915/894
f 905/905/886 917/917/896 916/916/895
f 906/906/887 918/918/897 917/917/896
f 907/907/888 919/919/898 918/918/897
f 909/909/889 920/920/899 919/919/898
f 910/910/677 921/921/900 922/922/901
f 912/912/891 923/923/902 921/921/900
f 911/911/890 924/924/903 923/923/902
f 913/913/892 925/925/904 924/924/903
f 914/914/893 926/926/905 925/925/904
f 915/915/894 927/927/906 926/926/905
f 916/916/895 928/928/907 927/927/906
f 917/917/896 929/929/908 928/928/907
f 918/918/897 930/930/909 929/929/908
f 919/919/898 931/931/440 930/930/909
f 922/922/901 932/932/910 933/933/675
f 921/921/900 934/934/911 932/932/910
f 923/923/902 935/935/912 934/934/911
f 924/924/903 936/936/913 935/935/912
f 925/925/904 937/937/914 936/936/913
f 926/926/905 938/938/915 937/937/914
f 927/927/906 939/939/916 938/938/915
f 928/928/907 940/940/917 939/939/916
f 929/929/908 941/941/918 940/940/917
f 930/930/909 942/942/438 941/941/918
f 933/933/675 943/943/919 944/944/920
f 932/932/910 945/945/921 943/943/919
f 934/934/911 946/946/922 945/945/921
f 935/935/912 947/947/923 946/946/922
f 936/936/913 948/948/924 947/947/923
f 937/937/914 949/949/925 948/948/924
f 938/938/915 950/950/926 949/949/925
f 939/939/916 951/951/927 950/950/926
f 940/940/917 952/952/928 951/951/927
f 941/941/918 953/953/436 952/952/928
f 944/944/920 954/954/929 955/955/930
f 943/943/919 956/956/931 954/954/929
f 945/945/921 957/957/932 956/956/931
f 946/946/922 958/958/933 957/957/932
f 947/947/923 959/959/934 958/958/933
f 948/948/924 960/960/935 959/959/934
f 949/949/925 961/961/936 960/960/935
f 950/950/926 962/962/937 961/961/936
f 951/951/927 963/963/938 962/962/937
f 952/952/928 964/964/434 963/963/938
f 955/955/930 965/965/939 966/966/672
f 954/954/929 967/967/940 965/965/939
f 956/956/931 968/968/941 967/967/940
f 957/957/932 969/969/942 968/968/941
f 958/958/933 970/970/943 969/969/942
f 959/959/934 971/971/944 970/970/943
f 960/960/935 972/972/945 971/971/944
f 961/961/936 973/973/946 972/972/945
f 962/962/937 974/974/947 973/973/946
f 963/963/938 975/975/432 974/974/947
f 966/966/672 976/976/948 977/977/949
f 965/965/939 978/978/950 976/976/948
f 967/967/940 979/979/951 978/978/950
f 968/968/941 980/980/952 979/979/951
f 969/969/942 981/981/953 980/980/952
f 970/970/943 982/982/954 981/981/953
f 971/971/944 983/983/955 982/982/954
f 972/972/945 984/984/956 983/983/955
f 973/973/946 985/985/957 984/984/956
f 974/974/947 986/986/430 985/985/957
f 977/977/949 987/987/958 988/988/959
f 976/976/948 989/989/960 987/987/958
f 978/978/950 990/990/961 989/989/960
f 979/979/951 991/991/962 990/990/961
f 980/980/952 992/992/963 991/991/962
f 981/981/953 993/993/964 992/992/963
f 982/982/954 994/994/965 993/993/964
f 983/983/955 995/995/966 994/994/965
f 984/984/956 996/996/967 995/995/966
f 985/985/957 997/997/968 996/996/967
f 988/988/959 998/998/969 999/999/669
f 987/987/958 1000/1000/970 998/998/969
f 989/989/960 1001/1001/971 1000/1000/970
f 990/990/961 1002/1002/972 1001/1001/971
f 991/991/962 1003/1003/973 1002/1002/972
f 992/992/963 1004/1004/974 1003/1003/973
f 993/993/964 1005/1005/975 1004/1004/974
f 994/994/965 1006/1006/976 1005/1005/975
f 995/995/966 1007/1007/977 1006/1006/976
f 996/996/967 1008/1008/426 1007/1007/977
f 999/999/669 1009/1009/978 1010/1010/979
f 998/998/969 1011/1011/980 1009/1009/978
f 1000/1000/970 1012/1012/981 1011/1011/980
f 1001/1001/971 1013/1013/982 1012/1012/981
f 1002/1002/972 1014/1014/983 1013/1013/982
f 1003/1003/973 1015/1015/984 1014/1014/983
f 1004/1004/974 1016/1016/985 1015/1015/984
f 1005/1005/975 1017/1017/986 1016/1016/985
f 1006/1006/976 1018/1018/987 1017/1017/986
f 1007/1007/977 1019/1019/988 1018/1018/987
f 1010/1010/979 1020/1020/989 1021/1021/990
f 1009/1009/978 1022/1022/991 1020/1020/989
f 1011/1011/980 1023/1023/992 1022/1022/991
f 1012/1012/981 1024/1024/993 1023/1023/992
f 1013/1013/982 1025/1025/994 1024/1024/993
f 1014/1014/983 1026/1026/995 1025/1025/994
f 1015/1015/984 1027/1027/996 1026/1026/995
f 1016/1016/985 1028/1028/997 1027/1027/996
f 1017/1017/986 1029/1029/998 1028/1028/997
f 1018/1018/987 1030/1030/422 1029/1029/998
f 1021/1021/990 1031/1031/999 1032/1032/1000
f 1020/1020/989 1033/1033/1001 1031/1031/999
f 1022/1022/991 1034/1034/1002 1033/1033/1001
f 1023/1023/992 1035/1035/1003 1034/1034/1002
f 1024/1024/993 1036/1036/1004 1035/1035/1003
f 1025/1025/994 1037/1037/1005 1036/1036/1004
f 1026/1026/995 1038/1038/1006 1037/1037/1005
f 1027/1027/996 1039/1039/1007 1038/1038/1006
f 1028/1028/997 1040/1040/1008 1039/1039/1007
f 1029/1029/998 1041/1041/420 1040/1040/1008
f 1032/1032/1000 1042/1042/1009 1043/1043/665
f 1031/1031/999 1044/1044/1010 1042/1042/1009
f 1033/1033/1001 1045/1045/1011 1044/1044/1010
f 1034/1034/1002 1046/1046/1012 1045/1045/1011
f 1035/1035/1003 1047/1047/1013 1046/1046/1012
f 1036/1036/1004 1048/1048/1014 1047/1047/1013
f 1037/1037/1005 1049/1049/1015 1048/1048/1014
f 1038/1038/1006 1050/1050/1016 1049/1049/1015
f 1039/1039/1007 1051/1051/1017 1050/1050/1016
f 1040/1040/1008 1052/1052/418 1051/1051/1017
f 1043/1043/665 1053/1053/1018 1054/1054/664
f 1042/1042/1009 1055/1055/1019 1053/1053/1018
f 1044/1044/1010 1056/1056/1020 1055/1055/1019
f 1045/1045/1011 1057/1057/1021 1056/1056/1020
f 1046/1046/1012 1058/1058/1022 1057/1057/1021
f 1047/1047/1013 1059/1059/1023 1058/1058/1022
f 1048/1048/1014 1060/1060/1024 1059/1059/1023
f 1049/1049/1015 1061/1061/1025 1060/1060/1024
f 1050/1050/1016 1062/1062/1026 1061/1061/1025
f 1051/1051/1017 1063/1063/416 1062/1062/1026
f 1054/1054/664 1064/1064/1027 1065/1065/663
f 1053/1053/1018 1066/1066/1028 1064/1064/1027
f 1055/1055/1019 1067/1067/1029 1066/1066/1028
f 1056/1056/1020 1068/1068/1030 1067/1067/1029
f 1057/1057/1021 1069/1069/1031 1068/1068/1030
f 1058/1058/1022 1070/1070/1032 1069/1069/1031
f 1059/1059/1023 1071/1071/1033 1070/1070/1032
f 1060/1060/1024 1072/1072/1034 1071/1071/1033
f 1061/1061/1025 1073/1073/1035 1072/1072/1034
f 1062/1062/1026 1074/1074/1036 1073/1073/1035
f 1065/1065/663 1075/1075/1037 1076/1076/1038
f 1064/1064/1027 1077/1077/1039 1075/1075/1037
f 1066/1066/1028 1078/1078/1040 1077/1077/1039
f 1067/1067/1029 1079/1079/1041 1078/1078/1040
f 1068/1068/1030 1080/1080/1042 1079/1079/1041
f 1069/1069/1031 1081/1081/1043 1080/1080/1042
f 1070/1070/1032 1082/1082/1044 1081/1081/1043
f 1071/1071/1033 1083/1083/1045 1082/1082/1044
f 1072/1072/1034 1084/1084/1046 1083/1083/1045
f 1073/1073/1035 1085/1085/1047 1084/1084/1046
f 1076/1076/1038 1086/1086/1048 1087/1087/661
f 1075/1075/1037 1088/1088/1049 1086/1086/1048
f 1077/1077/1039 1089/1089/1050 1088/1088/1049
f 1078/1078/1040 1090/1090/1051 1089/1089/1050
f 1079/1079/1041 1091/1091/1052 1090/1090/1051
f 1080/1080/1042 1092/1092/1053 1091/1091/1052
f 1081/1081/1043 1093/1093/1054 1092/1092/1053
f 1082/1082/1044 1094/1094/1055 1093/1093/1054
f 1083/1083/1045 1095/1095/1056 1094/1094/1055
f 1084/1084/1046 1096/1096/410 1095/1095/1056
f 1087/1087/661 1097/1097/1057 1098/1098/1058
f 1086/1086/1048 1099/1099/1059 1097/1097/1057
f 1088/1088/1049 1100/1100/1060 1099/1099/1059
f 1089/1089/1050 1101/1101/1061 1100/1100/1060
f 1090/1090/1051 1102/1102/1062 1101/1101/1061
f 1091/1091/1052 1103/1103/1063 1102/1102/1062
f 1092/1092/1053 1104/1104/1064 1103/1103/1063
f 1093/1093/1054 1105/1105/1065 1104/1104/1064
f 1094/1094/1055 1106/1106/1066 1105/1105/1065
f 1095/1095/1056 1107/1107/1067 1106/1106/1066
f 1098/1098/1058 1108/1108/1068 1109/1109/660
f 1097/1097/1057 1110/1110/1069 1108/1108/1068
f 1099/1099/1059 1111/1111/1070 1110/1110/1069
f 1100/1100/1060 1112/1112/1071 1111/1111/1070
f 1101/1101/1061 1113/1113/1072 1112/1112/1071
f 1102/1102/1062 1114/1114/1073 1113/1113/1072
f 1103/1103/1063 1115/1115/1074 1114/1114/1073
f 1104/1104/1064 1116/1116/1075 1115/1115/1074
f 1105/1105/1065 1117/1117/1076 1116/1116/1075
f 1106/1106/1066 1118/1118/406 1117/1117/1076
f 1109/1109/660 1119/1119/1077 1120/1120/1078
f 1108/1108/1068 1121/1121/1079 1119/1119/1077
f 1110/1110/1069 1122/1122/1080 1121/1121/1079
f 1111/1111/1070 1123/1123/1081 1122/1122/1080
f 1112/1112/1071 1124/1124/1082 1123/1123/1081
f 1113/1113/1072 1125/1125/1083 1124/1124/1082
f 1114/1114/1073 1126/1126/1084 1125/1125/1083
f 1115/1115/1074 1127/1127/1085 1126/1126/1084
f 1116/1116/1075 1128/1128/1086 1127/1127/1085
f 1117/1117/1076 1129/1129/1087 1128/1128/1086
f 1130/1130/1088 1131/1131/1089 1132/1132/1090
f 1133/1133/1091 1134/1134/1092 1130/1130/1088
f 1135/1135/690 1136/1136/1093 1133/1133/1091
f 1137/1137/1094 1138/1138/1095 1139/1139/1096
f 1140/1140/1097 1141/1141/1098 1142/1142/1099
f 1143/1143/1100 1140/1140/1097 1144/1144/1101
f 1143/1143/1100 1145/1145/1102 1146/1146/1103
f 1134/1134/1092 1147/1147/1104 1131/1131/1089
f 1136/1136/1093 1148/1148/1105 1134/1134/1092
f 1139/1139/1096 1149/1149/1106 1136/1136/1093
f 1138/1138/1095 1150/1150/1107 1139/1139/1096
f 1140/1140/1097 1151/1151/1108 1141/1141/1098
f 1146/1146/1103 1152/1152/1109 1140/1140/1097
f 1145/1145/1102 1153/1153/1110 1146/1146/1103
f 1148/1148/1105 1154/1154/1111 1147/1147/1104
f 1149/1149/1106 1155/1155/1112 1148/1148/1105
f 1150/1150/1107 1156/1156/1113 1149/1149/1106
f 1157/1157/1114 1158/1158/1115 1150/1150/1107
f 1152/1152/1109 1159/1159/1116 1151/1151/1108
f 1153/1153/1110 1160/1160/1117 1152/1152/1109
f 1161/1161/1118 1162/1162/1119 1153/1153/1110
f 1155/1155/1112 1163/1163/1120 1154/1154/1111
f 1156/1156/1113 1164/1164/1121 1155/1155/1112
f 1158/1158/1115 1165/1165/1122 1156/1156/1113
f 1166/1166/1123 1167/1167/1124 1158/1158/1115
f 1160/1160/1117 1168/1168/1125 1159/1159/1116
f 1162/1162/1119 1169/1169/1126 1160/1160/1117
f 1170/1170/1127 1171/1171/1128 1162/1162/1119
f 1164/1164/1121 1172/1172/1129 1163/1163/1120
f 1165/1165/1122 1173/1173/1130 1164/1164/1121
f 1167/1167/1124 1174/1174/1131 1165/1165/1122
f 1168/1168/1125 1175/1175/1132 1167/1167/1124
f 1168/1168/1125 1176/1176/1133 1177/1177/1134
f 1171/1171/1128 1176/1176/1133 1169/1169/1126
f 1171/1171/1128 1178/1178/1135 1179/1179/1136
f 1173/1173/1130 1180/1180/1137 1172/1172/1129
f 1174/1174/1131 1181/1181/1138 1173/1173/1130
f 1175/1175/1132 1182/1182/1139 1174/1174/1131
f 1177/1177/1134 1183/1183/1140 1175/1175/1132
f 1176/1176/1133 1184/1184/1141 1177/1177/1134
f 1185/1185/1142 1186/1186/1143 1176/1176/1133
f 1178/1178/1135 1185/1185/1142 1179/1179/1136
f 1181/1181/1138 1187/1187/1144 1180/1180/1137
f 1182/1182/1139 1188/1188/1145 1181/1181/1138
f 1183/1183/1140 1189/1189/1146 1182/1182/1139
f 1184/1184/1141 1190/1190/1147 1183/1183/1140
f 1186/1186/1143 1191/1191/1148 1184/1184/1141
f 1192/1192/1149 1193/1193/1150 1186/1186/1143
f 1192/1192/1149 1194/1194/1151 1195/1195/1152
f 1188/1188/1145 1196/1196/1153 1187/1187/1144
f 1189/1189/1146 1197/1197/1154 1188/1188/1145
f 1190/1190/1147 1198/1198/1155 1189/1189/1146
f 1191/1191/1148 1199/1199/1156 1190/1190/1147
f 1193/1193/1150 1200/1200/1157 1191/1191/1148
f 1195/1195/1152 1201/1201/1158 1193/1193/1150
f 1195/1195/1152 1202/1202/1159 1203/1203/1160
f 1197/1197/1154 1204/1204/1161 1196/1196/1153
f 1198/1198/1155 1205/1205/1162 1197/1197/1154
f 1199/1199/1156 1206/1206/1163 1198/1198/1155
f 1200/1200/1157 1207/1207/1164 1199/1199/1156
f 1201/1201/1158 1208/1208/1165 1200/1200/1157
f 1203/1203/1160 1209/1209/1166 1201/1201/1158
f 1203/1203/1160 1210/1210/1167 1211/1211/1168
f 1205/1205/1162 1212/1212/361 1204/1204/1161
f 1206/1206/1163 1213/1213/362 1205/1205/1162
f 1207/1207/1164 1214/1214/363 1206/1206/1163
f 1208/1208/1165 1215/1215/1169 1207/1207/1164
f 1209/1209/1166 1216/1216/1170 1208/1208/1165
f 1211/1211/1168 1217/1217/1171 1209/1209/1166
f 1211/1211/1168 1218/1218/1172 1219/1219/1173
f 1220/1220/1174 1204/1204/1161 1212/1212/361
f 1221/1221/1175 1196/1196/1153 1204/1204/1161
f 1222/1222/1176 1187/1187/1144 1196/1196/1153
f 1223/1223/1177 1180/1180/1137 1187/1187/1144
f 1224/1224/1178 1172/1172/1129 1180/1180/1137
f 1225/1225/1179 1163/1163/1120 1172/1172/1129
f 1226/1226/1180 1154/1154/1111 1163/1163/1120
f 1227/1227/1181 1147/1147/1104 1154/1154/1111
f 1228/1228/1182 1131/1131/1089 1147/1147/1104
f 1229/1229/1183 1132/1132/1090 1131/1131/1089
f 1230/1230/1184 1221/1221/1175 1220/1220/1174
f 1231/1231/1185 1222/1222/1176 1221/1221/1175
f 1232/1232/1186 1223/1223/1177 1222/1222/1176
f 1233/1233/1187 1224/1224/1178 1223/1223/1177
f 1234/1234/1188 1225/1225/1179 1224/1224/1178
f 1235/1235/1189 1226/1226/1180 1225/1225/1179
f 1236/1236/1190 1227/1227/1181 1226/1226/1180
f 1237/1237/1191 1228/1228/1182 1227/1227/1181
f 1238/1238/1192 1229/1229/1183 1228/1228/1182
f 1239/1239/1193 1240/1240/1194 1229/1229/1183
f 1230/1230/1184 1241/1241/1195 1231/1231/1185
f 1241/1241/1195 1232/1232/1186 1231/1231/1185
f 1242/1242/1196 1233/1233/1187 1232/1232/1186
f 1243/1243/1197 1234/1234/1188 1233/1233/1187
f 1244/1244/1198 1235/1235/1189 1234/1234/1188
f 1245/1245/1199 1236/1236/1190 1235/1235/1189
f 1246/1246/1200 1237/1237/1191 1236/1236/1190
f 1247/1247/1201 1238/1238/1192 1237/1237/1191
f 1248/1248/1202 1239/1239/1193 1238/1238/1192
f 1249/1249/1203 1250/1250/1204 1239/1239/1193
f 1251/1251/1205 1119/1119/1077 1241/1241/1195
f 1241/1241/1195 1121/1121/1079 1242/1242/1196
f 1242/1242/1196 1122/1122/1080 1243/1243/1197
f 1243/1243/1197 1123/1123/1081 1244/1244/1198
f 1244/1244/1198 1124/1124/1082 1245/1245/1199
f 1245/1245/1199 1125/1125/1083 1246/1246/1200
f 1246/1246/1200 1126/1126/1084 1247/1247/1201
f 1126/1126/1084 1248/1248/1202 1247/1247/1201
f 1127/1127/1085 1249/1249/1203 1248/1248/1202
f 1128/1128/1086 1252/1252/1206 1249/1249/1203
f 1253/1253/274 1254/1254/1207 1255/1255/1208
f 1255/1255/1208 1256/1256/1209 1257/1257/1210
f 1257/1257/1210 1258/1258/1211 1259/1259/241
f 1259/1259/241 1260/1260/1212 1261/1261/230
f 1261/1261/230 1262/1262/1213 1263/1263/219
f 1263/1263/219 1264/1264/1214 1265/1265/1215
f 1265/1265/1215 1266/1266/1216 1267/1267/1217
f 1267/1267/1217 1268/1268/1218 1269/1269/1219
f 1269/1269/1219 1270/1270/1220 1271/1271/175
f 1271/1271/175 1272/1272/1221 1273/1273/164
f 1273/1273/164 1274/1274/1222 1275/1275/1223
f 1275/1275/1223 1276/1276/1224 1277/1277/142
f 1277/1277/142 1278/1278/1225 1279/1279/1226
f 1279/1279/1226 1280/1280/1227 1281/1281/1228
f 1281/1281/1228 1282/1282/1229 1283/1283/109
f 1283/1283/109 1284/1284/1230 1285/1285/98
f 1285/1285/98 1286/1286/1231 1287/1287/1232
f 1287/1287/1232 1288/1288/1233 1289/1289/1234
f 1289/1289/1234 1290/1290/1235 1291/1291/1236
f 1291/1291/1236 1292/1292/1237 1293/1293/1238
f 1293/1293/1238 1294/1294/1239 1295/1295/1240
f 1295/1295/1240 1296/1296/1241 1297/1297/30
f 1297/1297/30 1298/1298/1242 1299/1299/1243
f 1300/1300/1244 1301/1301/1245 1302/1302/1246
f 1303/1303/1247 1304/1304/1248 1254/1254/1207
f 1254/1254/1207 1305/1305/1249 1256/1256/1209
f 1256/1256/1209 1306/1306/1250 1258/1258/1211
f 1258/1258/1211 1307/1307/1251 1260/1260/1212
f 1260/1260/1212 1308/1308/1252 1262/1262/1213
f 1262/1262/1213 1309/1309/1253 1264/1264/1214
f 1264/1264/1214 1310/1310/1254 1266/1266/1216
f 1266/1266/1216 1311/1311/1255 1268/1268/1218
f 1268/1268/1218 1312/1312/1256 1270/1270/1220
f 1270/1270/1220 1313/1313/1257 1272/1272/1221
f 1272/1272/1221 1314/1314/1258 1274/1274/1222
f 1274/1274/1222 1315/1315/1259 1276/1276/1224
f 1276/1276/1224 1316/1316/1260 1278/1278/1225
f 1278/1278/1225 1317/1317/1261 1280/1280/1227
f 1280/1280/1227 1318/1318/1262 1282/1282/1229
f 1282/1282/1229 1319/1319/1263 1284/1284/1230
f 1284/1284/1230 1320/1320/1264 1286/1286/1231
f 1286/1286/1231 1321/1321/1265 1288/1288/1233
f 1288/1288/1233 1322/1322/1266 1290/1290/1235
f 1290/1290/1235 1323/1323/1267 1292/1292/1237
f 1292/1292/1237 1324/1324/1268 1294/1294/1239
f 1294/1294/1239 1325/1325/1269 1296/1296/1241
f 1296/1296/1241 1326/1326/1270 1298/1298/1242
f 1327/1327/1271 1328/1328/1272 1301/1301/1245
f 1329/1329/1273 1330/1330/1274 1304/1304/1248
f 1304/1304/1248 1331/1331/1275 1305/1305/1249
f 1305/1305/1249 1332/1332/1276 1306/1306/1250
f 1306/1306/1250 1333/1333/1277 1307/1307/1251
f 1307/1307/1251 1334/1334/1278 1308/1308/1252
f 1308/1308/1252 1335/1335/1279 1309/1309/1253
f 1309/1309/1253 1336/1336/1280 1310/1310/1254
f 1310/1310/1254 1337/1337/1281 1311/1311/1255
f 1311/1311/1255 1338/1338/1282 1312/1312/1256
f 1312/1312/1256 1339/1339/1283 1313/1313/1257
f 1313/1313/1257 1340/1340/1284 1314/1314/1258
f 1314/1314/1258 1341/1341/1285 1315/1315/1259
f 1315/1315/1259 1342/1342/1286 1316/1316/1260
f 1316/1316/1260 1343/1343/1287 1317/1317/1261
f 1317/1317/1261 1344/1344/1288 1318/1318/1262
f 1318/1318/1262 1345/1345/1289 1319/1319/1263
f 1319/1319/1263 1346/1346/1290 1320/1320/1264
f 1320/1320/1264 1347/1347/1291 1321/1321/1265
f 1321/1321/1265 1348/1348/1292 1322/1322/1266
f 1322/1322/1266 1349/1349/1293 1323/1323/1267
f 1323/1323/1267 1350/1350/1294 1324/1324/1268
f 1324/1324/1268 1351/1351/1295 1325/1325/1269
f 1325/1325/1269 1352/1352/1296 1326/1326/1270
f 1353/1353/1297 1354/1354/1298 1328/1328/1272
f 1355/1355/1299 1356/1356/1300 1330/1330/1274
f 1330/1330/1274 1357/1357/1301 1331/1331/1275
f 1331/1331/1275 1358/1358/1302 1332/1332/1276
f 1332/1332/1276 1359/1359/1303 1333/1333/1277
f 1333/1333/1277 1360/1360/1304 1334/1334/1278
f 1334/1334/1278 1361/1361/1305 1335/1335/1279
f 1335/1335/1279 1362/1362/1306 1336/1336/1280
f 1336/1336/1280 1363/1363/1307 1337/1337/1281
f 1337/1337/1281 1364/1364/1308 1338/1338/1282
f 1338/1338/1282 1365/1365/1309 1339/1339/1283
f 1339/1339/1283 1366/1366/1310 1340/1340/1284
f 1340/1340/1284 1367/1367/1311 1341/1341/1285
f 1341/1341/1285 1368/1368/1312 1342/1342/1286
f 1342/1342/1286 1369/1369/1313 1343/1343/1287
f 1343/1343/1287 1370/1370/1314 1344/1344/1288
f 1344/1344/1288 1371/1371/1315 1345/1345/1289
f 1345/1345/1289 1372/1372/1316 1346/1346/1290
f 1346/1346/1290 1373/1373/1317 1347/1347/1291
f 1347/1347/1291 1374/1374/1318 1348/1348/1292
f 1348/1348/1292 1375/1375/1319 1349/1349/1293
f 1349/1349/1293 1376/1376/1320 1350/1350/1294
f 1350/1350/1294 1377/1377/1321 1351/1351/1295
f 1351/1351/1295 1378/1378/1322 1352/1352/1296
f 1379/1379/1323 1354/1354/1298 1380/1380/1324
f 1381/1381/1325 1382/1382/1326 1356/1356/1300
f 1356/1356/1300 1383/1383/1327 1357/1357/1301
f 1357/1357/1301 1384/1384/1328 1358/1358/1302
f 1358/1358/1302 1385/1385/1329 1359/1359/1303
f 1359/1359/1303 1386/1386/1330 1360/1360/1304
f 1360/1360/1304 1387/1387/1331 1361/1361/1305
f 1361/1361/1305 1388/1388/1332 1362/1362/1306
f 1362/1362/1306 1389/1389/1333 1363/1363/1307
f 1363/1363/1307 1390/1390/1334 1364/1364/1308
f 1364/1364/1308 1391/1391/1335 1365/1365/1309
f 1365/1365/1309 1392/1392/1336 1366/1366/1310
f 1366/1366/1310 1393/1393/1337 1367/1367/1311
f 1367/1367/1311 1394/1394/1338 1368/1368/1312
f 1368/1368/1312 1395/1395/1339 1369/1369/1313
f 1369/1369/1313 1396/1396/1340 1370/1370/1314
f 1370/1370/1314 1397/1397/1341 1371/1371/1315
f 1371/1371/1315 1398/1398/1342 1372/1372/1316
f 1372/1372/1316 1399/1399/1343 1373/1373/1317
f 1373/1373/1317 1400/1400/1344 1374/1374/1318
f 1374/1374/1318 1401/1401/1345 1375/1375/1319
f 1375/1375/1319 1402/1402/1346 1376/1376/1320
f 1376/1376/1320 1403/1403/1347 1377/1377/1321
f 1403/1403/1347 1378/1378/1322 1377/1377/1321
f 1404/1404/1348 1405/1405/1349 1379/1379/1323
f 1406/1406/1350 1407/1407/1351 1382/1382/1326
f 1382/1382/1326 1408/1408/1352 1383/1383/1327
f 1383/1383/1327 1409/1409/1353 1384/1384/1328
f 1384/1384/1328 1410/1410/1354 1385/1385/1329
f 1385/1385/1329 1411/1411/1355 1386/1386/1330
f 1386/1386/1330 1412/1412/1356 1387/1387/1331
f 1387/1387/1331 1413/1413/1357 1388/1388/1332
f 1388/1388/1332 1414/1414/1358 1389/1389/1333
f 1389/1389/1333 1415/1415/1359 1390/1390/1334
f 1390/1390/1334 1416/1416/1360 1391/1391/1335
f 1391/1391/1335 1417/1417/1361 1392/1392/1336
f 1392/1392/1336 1418/1418/1362 1393/1393/1337
f 1393/1393/1337 1419/1419/1363 1394/1394/1338
f 1394/1394/1338 1420/1420/1364 1395/1395/1339
f 1395/1395/1339 1421/1421/1365 1396/1396/1340
f 1396/1396/1340 1422/1422/1366 1397/1397/1341
f 1397/1397/1341 1423/1423/1367 1398/1398/1342
f 1398/1398/1342 1424/1424/1368 1399/1399/1343
f 1399/1399/1343 1425/1425/1369 1400/1400/1344
f 1400/1400/1344 1426/1426/1370 1401/1401/1345
f 1401/1401/1345 1427/1427/1371 1402/1402/1346
f 1402/1402/1346 1428/1428/1372 1403/1403/1347
f 1428/1428/1372 1429/1429/1373 1403/1403/1347
f 1404/1404/1348 1430/1430/1374 1431/1431/1375
f 1432/1432/1376 1433/1433/1377 1407/1407/1351
f 1407/1407/1351 1434/1434/1378 1408/1408/1352
f 1408/1408/1352 1435/1435/1379 1409/1409/1353
f 1409/1409/1353 1436/1436/1380 1410/1410/1354
f 1410/1410/1354 1437/1437/1381 1411/1411/1355
f 1411/1411/1355 1438/1438/1382 1412/1412/1356
f 1412/1412/1356 1439/1439/1383 1413/1413/1357
f 1413/1413/1357 1440/1440/1384 1414/1414/1358
f 1414/1414/1358 1441/1441/1385 1415/1415/1359
f 1415/1415/1359 1442/1442/1386 1416/1416/1360
f 1416/1416/1360 1443/1443/1387 1417/1417/1361
f 1417/1417/1361 1444/1444/1388 1418/1418/1362
f 1418/1418/1362 1445/1445/1389 1419/1419/1363
f 1419/1419/1363 1446/1446/1390 1420/1420/1364
f 1420/1420/1364 1447/1447/1391 1421/1421/1365
f 1421/1421/1365 1448/1448/1392 1422/1422/1366
f 1422/1422/1366 1449/1449/1393 1423/1423/1367
f 1423/1423/1367 1450/1450/1394 1424/1424/1368
f 1424/1424/1368 1451/1451/1395 1425/1425/1369
f 1425/1425/1369 1452/1452/1396 1426/1426/1370
f 1426/1426/1370 1453/1453/1397 1427/1427/1371
f 1453/1453/1397 1428/1428/1372 1427/1427/1371
f 1454/1454/1398 1455/1455/1399 1428/1428/1372
f 1456/1456/1400 1457/1457/1401 1430/1430/1374
f 1458/1458/1402 1459/1459/1403 1433/1433/1377
f 1433/1433/1377 1460/1460/1404 1434/1434/1378
f 1434/1434/1378 1461/1461/1405 1435/1435/1379
f 1435/1435/1379 1462/1462/1406 1436/1436/1380
f 1436/1436/1380 1463/1463/1407 1437/1437/1381
f 1437/1437/1381 1464/1464/1408 1438/1438/1382
f 1438/1438/1382 1465/1465/1409 1439/1439/1383
f 1439/1439/1383 1466/1466/1410 1440/1440/1384
f 1440/1440/1384 1467/1467/1411 1441/1441/1385
f 1441/1441/1385 1468/1468/1412 1442/1442/1386
f 1442/1442/1386 1469/1469/1413 1443/1443/1387
f 1443/1443/1387 1470/1470/1414 1444/1444/1388
f 1444/1444/1388 1471/1471/1415 1445/1445/1389
f 1445/1445/1389 1472/1472/1416 1446/1446/1390
f 1446/1446/1390 1473/1473/1417 1447/1447/1391
f 1447/1447/1391 1474/1474/1418 1448/1448/1392
f 1448/1448/1392 1475/1475/1419 1449/1449/1393
f 1449/1449/1393 1476/1476/1420 1450/1450/1394
f 1450/1450/1394 1477/1477/1421 1451/1451/1395
f 1451/1451/1395 1478/1478/1422 1452/1452/1396
f 1452/1452/1396 1479/1479/1423 1453/1453/1397
f 1479/1479/1423 1454/1454/1398 1453/1453/1397
f 1480/1480/1424 1481/1481/1425 1454/1454/1398
f 1482/1482/1426 1483/1483/1427 1457/1457/1401
f 1484/1484/1428 1485/1485/1429 1459/1459/1403
f 1459/1459/1403 1486/1486/1430 1460/1460/1404
f 1460/1460/1404 1487/1487/1431 1461/1461/1405
f 1461/1461/1405 1488/1488/1432 1462/1462/1406
f 1462/1462/1406 1489/1489/1433 1463/1463/1407
f 1463/1463/1407 1490/1490/1434 1464/1464/1408
f 1464/1464/1408 1491/1491/1435 1465/1465/1409
f 1465/1465/1409 1492/1492/1436 1466/1466/1410
f 1466/1466/1410 1493/1493/1437 1467/1467/1411
f 1467/1467/1411 1494/1494/1438 1468/1468/1412
f 1468/1468/1412 1495/1495/1439 1469/1469/1413
f 1469/1469/1413 1496/1496/1440 1470/1470/1414
f 1470/1470/1414 1497/1497/1441 1471/1471/1415
f 1471/1471/1415 1498/1498/1442 1472/1472/1416
f 1472/1472/1416 1499/1499/1443 1473/1473/1417
f 1473/1473/1417 1500/1500/1444 1474/1474/1418
f 1474/1474/1418 1501/1501/1445 1475/1475/1419
f 1475/1475/1419 1502/1502/1446 1476/1476/1420
f 1476/1476/1420 1503/1503/1447 1477/1477/1421
f 1477/1477/1421 1504/1504/1448 1478/1478/1422
f 1504/1504/1448 1479/1479/1423 1478/1478/1422
f 1505/1505/1449 1480/1480/1424 1479/1479/1423
f 1506/1506/1450 1507/1507/1451 1480/1480/1424
f 1508/1508/1452 1509/1509/1453 1483/1483/1427
f 1510/1510/1454 1511/1511/1455 1512/1512/1456
f 1485/1485/1429 1513/1513/253 1486/1486/1430
f 1486/1486/1430 1514/1514/242 1487/1487/1431
f 1487/1487/1431 1515/1515/231 1488/1488/1432
f 1488/1488/1432 1516/1516/1457 1489/1489/1433
f 1489/1489/1433 1517/1517/1458 1490/1490/1434
f 1490/1490/1434 1518/1518/1459 1491/1491/1435
f 1491/1491/1435 1519/1519/187 1492/1492/1436
f 1492/1492/1436 1520/1520/176 1493/1493/1437
f 1493/1493/1437 1521/1521/165 1494/1494/1438
f 1494/1494/1438 1522/1522/154 1495/1495/1439
f 1495/1495/1439 1523/1523/1460 1496/1496/1440
f 1496/1496/1440 1524/1524/132 1497/1497/1441
f 1497/1497/1441 1525/1525/121 1498/1498/1442
f 1498/1498/1442 1526/1526/1461 1499/1499/1443
f 1499/1499/1443 1527/1527/99 1500/1500/1444
f 1500/1500/1444 1528/1528/1462 1501/1501/1445
f 1501/1501/1445 1529/1529/1463 1502/1502/1446
f 1529/1529/1463 1503/1503/1447 1502/1502/1446
f 1530/1530/65 1504/1504/1448 1503/1503/1447
f 1531/1531/1464 1505/1505/1449 1504/1504/1448
f 1532/1532/1465 1506/1506/1450 1505/1505/1449
f 1533/1533/1466 1534/1534/1467 1506/1506/1450
f 1535/1535/1468 1536/1536/1469 1509/1509/1453
f 1537/1537/276 1538/1538/1470 1539/1539/1471
f 1540/1540/279 1541/1541/1472 1537/1537/276
f 1542/1542/1473 1543/1543/1474 1540/1540/279
f 1544/1544/1475 1545/1545/1476 1542/1542/1473
f 1546/1546/286 1547/1547/1477 1544/1544/1475
f 1546/1546/286 1548/1548/1478 1549/1549/1479
f 1541/1541/1472 1550/1550/1480 1538/1538/1470
f 1543/1543/1474 1551/1551/1481 1541/1541/1472
f 1545/1545/1476 1552/1552/1482 1543/1543/1474
f 1547/1547/1477 1553/1553/1483 1545/1545/1476
f 1549/1549/1479 1554/1554/1484 1547/1547/1477
f 1548/1548/1478 1555/1555/1485 1556/1556/1486
f 1557/1557/1487 1558/1558/1488 1559/1559/1489
f 1552/1552/1482 1560/1560/1490 1551/1551/1481
f 1553/1553/1483 1561/1561/1491 1552/1552/1482
f 1554/1554/1484 1562/1562/1492 1553/1553/1483
f 1563/1563/1493 1564/1564/1494 1554/1554/1484
f 1563/1563/1493 1556/1556/1486 1565/1565/1495
f 1559/1559/1489 1558/1558/1488 1566/1566/1496
f 1567/1567/1497 1568/1568/1498 1569/1569/1499
f 1570/1570/1500 1571/1571/1501 1567/1567/1497
f 1572/1572/1502 1573/1573/1503 1570/1570/1500
f 1574/1574/1504 1575/1575/1505 1572/1572/1502
f 1574/1574/1504 1576/1576/1506 1577/1577/1507
f 1568/1568/1498 1578/1578/1508 1579/1579/1509
f 1571/1571/1501 1580/1580/1510 1568/1568/1498
f 1573/1573/1503 1581/1581/1511 1571/1571/1501
f 1575/1575/1505 1582/1582/1512 1573/1573/1503
f 1577/1577/1507 1583/1583/1513 1575/1575/1505
f 1577/1577/1507 1584/1584/1514 1585/1585/1515
f 1580/1580/1510 1586/1586/1516 1578/1578/1508
f 1581/1581/1511 1587/1587/1517 1580/1580/1510
f 1582/1582/1512 1588/1588/1518 1581/1581/1511
f 1583/1583/1513 1589/1589/1519 1582/1582/1512
f 1585/1585/1515 1590/1590/1520 1583/1583/1513
f 1585/1585/1515 1591/1591/1521 1592/1592/1522
f 1587/1587/1517 1593/1593/1523 1586/1586/1516
f 1588/1588/1518 1594/1594/1524 1587/1587/1517
f 1589/1589/1519 1595/1595/1525 1588/1588/1518
f 1590/1590/1520 1596/1596/1526 1589/1589/1519
f 1592/1592/1522 1597/1597/1527 1590/1590/1520
f 1592/1592/1522 1598/1598/1528 1599/1599/1529
f 1594/1594/1524 1600/1600/1530 1593/1593/1523
f 1595/1595/1525 1601/1601/1531 1594/1594/1524
f 1596/1596/1526 1602/1602/1532 1595/1595/1525
f 1597/1597/1527 1603/1603/1533 1596/1596/1526
f 1599/1599/1529 1604/1604/1534 1597/1597/1527
f 1599/1599/1529 1605/1605/1535 1606/1606/1536
f 1601/1601/1531 1607/1607/1537 1600/1600/1530
f 1602/1602/1532 1608/1608/1538 1601/1601/1531
f 1603/1603/1533 1609/1609/1539 1602/1602/1532
f 1604/1604/1534 1610/1610/1540 1603/1603/1533
f 1606/1606/1536 1611/1611/1541 1604/1604/1534
f 1606/1606/1536 1605/1605/1535 1612/1612/1542
f 1613/1613/1543 1614/1614/1544 1615/1615/1545
f 1616/1616/1546 1617/1617/1547 1613/1613/1543
f 1618/1618/1548 1619/1619/1549 1616/1616/1546
f 1620/1620/1550 1621/1621/756 1618/1618/1548
f 1622/1622/1551 1623/1623/1552 1620/1620/1550
f 1624/1624/1553 1625/1625/1554 1622/1622/1551
f 1626/1626/760 1615/1615/1545 1614/1614/1544
f 1627/1627/1555 1607/1607/1537 1615/1615/1545
f 1628/1628/1556 1593/1593/1523 1600/1600/1530
f 1629/1629/1557 1586/1586/1516 1593/1593/1523
f 1630/1630/1558 1578/1578/1508 1586/1586/1516
f 1631/1631/1559 1632/1632/1560 1579/1579/1509
f 1579/1579/1509 1632/1632/1560 1566/1566/1496
f 1633/1633/1561 1550/1550/1480 1559/1559/1489
f 1634/1634/1562 1538/1538/1470 1550/1550/1480
f 1635/1635/1563 1539/1539/1471 1538/1538/1470
f 1636/1636/1564 1627/1627/1555 1626/1626/760
f 1637/1637/1565 1638/1638/1566 1639/1639/1567
f 1639/1639/1567 1629/1629/1557 1628/1628/1556
f 1640/1640/1568 1641/1641/1569 1630/1630/1558
f 1630/1630/1558 1642/1642/1570 1643/1643/1571
f 1644/1644/1572 1645/1645/1573 1643/1643/1571
f 1646/1646/1574 1633/1633/1561 1645/1645/1573
f 1647/1647/1575 1634/1634/1562 1633/1633/1561
f 1648/1648/1576 1635/1635/1563 1634/1634/1562
f 1649/1649/1577 1650/1650/388 1635/1635/1563
f 1636/1636/1564 1651/1651/1578 1637/1637/1565
f 1651/1651/1578 1638/1638/1566 1637/1637/1565
f 1652/1652/1579 1653/1653/1580 1638/1638/1566
f 1654/1654/1581 1655/1655/1582 1653/1653/1580
f 1656/1656/1583 1644/1644/1572 1655/1655/1582
f 1657/1657/1584 1646/1646/1574 1644/1644/1572
f 1658/1658/1585 1647/1647/1575 1646/1646/1574
f 1659/1659/1586 1648/1648/1576 1647/1647/1575
f 1660/1660/1587 1649/1649/1577 1648/1648/1576
f 1661/1661/1588 1662/1662/1589 1649/1649/1577
f 1663/1663/1590 1510/1510/1454 1651/1651/1578
f 1651/1651/1578 1484/1484/1428 1652/1652/1579
f 1652/1652/1579 1458/1458/1402 1654/1654/1581
f 1654/1654/1581 1432/1432/1376 1656/1656/1583
f 1656/1656/1583 1406/1406/1350 1657/1657/1584
f 1657/1657/1584 1381/1381/1325 1658/1658/1585
f 1658/1658/1585 1355/1355/1299 1659/1659/1586
f 1355/1355/1299 1660/1660/1587 1659/1659/1586
f 1329/1329/1273 1661/1661/1588 1660/1660/1587
f 1303/1303/1247 1664/1664/402 1661/1661/1588
f 1665/1665/288 1666/1666/836 1667/1667/1591
f 1667/1667/1591 1668/1668/834 1669/1669/1592
f 1669/1669/1592 1670/1670/1593 1671/1671/1594
f 1671/1671/1594 1672/1672/833 1673/1673/1595
f 1673/1673/1595 1674/1674/1596 1675/1675/1597
f 1675/1675/1597 1676/1676/828 1677/1677/1598
f 1677/1677/1598 1678/1678/826 1679/1679/1599
f 1679/1679/1599 1680/1680/824 1681/1681/1600
f 1681/1681/1600 1682/1682/822 1683/1683/1601
f 1683/1683/1601 1684/1684/806 1685/1685/1602
f 1686/1686/808 1687/1687/1603 1688/1688/1604
f 1689/1689/1605 1690/1690/1118 1687/1687/1603
f 1691/1691/1606 1692/1692/1127 1690/1690/1118
f 1693/1693/1607 1694/1694/1608 1692/1692/1127
f 1694/1694/1608 1695/1695/1609 1696/1696/1135
f 1697/1697/1610 1698/1698/1611 1699/1699/1612
f 1698/1698/1611 1700/1700/1613 1701/1701/1151
f 1701/1701/1151 1702/1702/1614 1703/1703/1615
f 1703/1703/1615 1704/1704/1616 1705/1705/1167
f 1705/1705/1167 1706/1706/1617 1707/1707/1172
f 1706/1706/1617 1708/1708/360 1707/1707/1172
f 1709/1709/1618 1710/1710/352 1708/1708/360
f 1711/1711/1619 1712/1712/343 1710/1710/352
f 1713/1713/1620 1714/1714/344 1712/1712/343
f 1715/1715/1621 1716/1716/1622 1717/1717/336
f 1715/1715/1621 1718/1718/317 1716/1716/1622
f 1719/1719/1623 1720/1720/1624 1718/1718/317
f 1721/1721/1625 1722/1722/309 1720/1720/1624
f 1722/1722/309 1723/1723/1626 1724/1724/289
f 1723/1723/1626 1725/1725/290 1724/1724/289
f 1726/1726/1627 1727/1727/1628 1728/1728/1629
f 1729/1729/1630 1730/1730/1631 1731/1731/1632
f 1732/1732/1633 1733/1733/1634 1734/1734/1635
f 1735/1735/1636 1736/1736/1637 1737/1737/1638
f 1738/1738/821 1739/1739/1639 1740/1740/1640
f 1741/1741/1641 1742/1742/1642 1743/1743/1643
f 1744/1744/1644 1745/1745/1645 1746/1746/1646
f 1726/1726/1627 1747/1747/1647 1748/1748/1648
f 1749/1749/1649 1750/1750/1650 1730/1730/1631
f 1751/1751/1651 1734/1734/1635 1752/1752/1652
f 1738/1738/821 1753/1753/1653 1754/1754/1654
f 1748/1748/1648 1755/1755/1655 1756/1756/1656
f 1757/1757/1657 1750/1750/1650 1758/1758/1658
f 1756/1756/1656 1759/1759/1659 1760/1760/1660
f 1761/1761/1661 1762/1762/1662 1741/1741/1641
f 1763/1763/1663 1764/1764/1664 1757/1757/1657
f 1765/1765/1665 1766/1766/1666 1761/1761/1661
f 1767/1767/1667 1752/1752/1652 1768/1768/1668
f 1769/1769/1669 1770/1770/1670 1745/1745/1645
f 1771/1771/1671 1772/1772/1672 1753/1753/1653
f 1760/1760/1660 1773/1773/1673 1774/1774/1674
f 1775/1775/1675 1768/1768/1668 1776/1776/1676
f 1777/1777/1677 1778/1778/1678 1770/1770/1670
f 1779/1779/1679 1780/1780/1680 1772/1772/1672
f 1774/1774/1674 1781/1781/1681 1782/1782/1682
f 1783/1783/1683 1784/1784/1684 1765/1765/1665
f 1785/1785/1614 1776/1776/1676 1786/1786/1685
f 1787/1787/1686 1778/1778/1678 1788/1788/1687
f 1789/1789/1688 1790/1790/1689 1780/1780/1680
f 1782/1782/1682 1791/1791/1690 1792/1792/1691
f 1793/1793/1692 1786/1786/1685 1727/1727/1628
f 1794/1794/827 1795/1795/1693 1790/1790/1689
f 1796/1796/1694 1746/1746/1646 1797/1797/1695
f 1792/1792/1691 1798/1798/1696 1799/1799/1697
f 1740/1740/1640 1800/1800/1698 1783/1783/1683
f 1737/1737/1638 1801/1801/1699 1763/1763/1663
f 1802/1802/1700 1731/1731/1632 1795/1795/1693
f 1803/1803/1701 1797/1797/1695 1733/1733/1634
f 1799/1799/1697 1804/1804/1702 1735/1735/1636
f 1743/1743/1643 1805/1805/1703 1787/1787/1686
f 1797/1797/1695 1806/1806/1704 1733/1733/1634
f 1739/1739/1639 1807/1807/1705 1800/1800/1698
f 1791/1791/1690 1808/1808/1706 1798/1798/1696
f 1734/1734/1635 1806/1806/1704 1809/1809/1707
f 1754/1754/1654 1810/1810/1708 1739/1739/1639
f 1798/1798/1696 1811/1811/1709 1804/1804/1702
f 1752/1752/1652 1809/1809/1707 1812/1812/1710
f 1754/1754/1654 1813/1813/1711 1814/1814/1712
f 1804/1804/1702 1815/1815/1713 1736/1736/1637
f 1768/1768/1668 1812/1812/1710 1816/1816/1714
f 1753/1753/1653 1817/1817/1715 1813/1813/1711
f 1745/1745/1645 1818/1818/1716 1746/1746/1646
f 1776/1776/1676 1816/1816/1714 1819/1819/1717
f 1772/1772/1672 1820/1820/1718 1817/1817/1715
f 1736/1736/1637 1821/1821/1719 1801/1801/1699
f 1786/1786/1685 1819/1819/1717 1822/1822/1720
f 1780/1780/1680 1823/1823/1721 1820/1820/1718
f 1770/1770/1670 1824/1824/1722 1745/1745/1645
f 1727/1727/1628 1822/1822/1720 1825/1825/1723
f 1790/1790/1689 1826/1826/1724 1823/1823/1721
f 1778/1778/1678 1827/1827/1725 1770/1770/1670
f 1728/1728/1629 1825/1825/1723 1828/1828/1726
f 1795/1795/1693 1829/1829/1727 1826/1826/1724
f 1805/1805/1703 1830/1830/1728 1778/1778/1678
f 1728/1728/1629 1831/1831/1729 1747/1747/1647
f 1731/1731/1632 1832/1832/1730 1829/1829/1727
f 1742/1742/1642 1833/1833/1731 1805/1805/1703
f 1747/1747/1647 1834/1834/1732 1755/1755/1655
f 1730/1730/1631 1835/1835/1733 1832/1832/1730
f 1762/1762/1662 1836/1836/1734 1742/1742/1642
f 1755/1755/1655 1837/1837/1735 1759/1759/1659
f 1750/1750/1650 1838/1838/1736 1835/1835/1733
f 1766/1766/1666 1839/1839/1737 1762/1762/1662
f 1759/1759/1659 1840/1840/1738 1773/1773/1673
f 1764/1764/1664 1821/1821/1719 1838/1838/1736
f 1784/1784/1684 1841/1841/1739 1766/1766/1666
f 1773/1773/1673 1842/1842/1740 1781/1781/1681
f 1746/1746/1646 1843/1843/1741 1797/1797/1695
f 1800/1800/1698 1844/1844/1742 1784/1784/1684
f 1781/1781/1681 1845/1845/1743 1791/1791/1690
f 1807/1807/1705 1810/1810/1708 1846/1846/1744
f 1808/1808/1706 1845/1845/1743 1846/1846/1744
f 1809/1809/1707 1806/1806/1704 1846/1846/1744
f 1810/1810/1708 1814/1814/1712 1846/1846/1744
f 1811/1811/1709 1808/1808/1706 1846/1846/1744
f 1812/1812/1710 1809/1809/1707 1846/1846/1744
f 1814/1814/1712 1813/1813/1711 1846/1846/1744
f 1815/1815/1713 1811/1811/1709 1846/1846/1744
f 1816/1816/1714 1812/1812/1710 1846/1846/1744
f 1813/1813/1711 1817/1817/1715 1846/1846/1744
f 1818/1818/1716 1824/1824/1722 1846/1846/1744
f 1819/1819/1717 1816/1816/1714 1846/1846/1744
f 1817/1817/1715 1820/1820/1718 1846/1846/1744
f 1821/1821/1719 1815/1815/1713 1846/1846/1744
f 1822/1822/1720 1819/1819/1717 1846/1846/1744
f 1820/1820/1718 1823/1823/1721 1846/1846/1744
f 1824/1824/1722 1827/1827/1725 1846/1846/1744
f 1825/1825/1723 1822/1822/1720 1846/1846/1744
f 1823/1823/1721 1826/1826/1724 1846/1846/1744
f 1827/1827/1725 1830/1830/1728 1846/1846/1744
f 1828/1828/1726 1825/1825/1723 1846/1846/1744
f 1826/1826/1724 1829/1829/1727 1846/1846/1744
f 1830/1830/1728 1833/1833/1731 1846/1846/1744
f 1831/1831/1729 1828/1828/1726 1846/1846/1744
f 1829/1829/1727 1832/1832/1730 1846/1846/1744
f 1833/1833/1731 1836/1836/1734 1846/1846/1744
f 1834/1834/1732 1831/1831/1729 1846/1846/1744
f 1832/1832/1730 1835/1835/1733 1846/1846/1744
f 1836/1836/1734 1839/1839/1737 1846/1846/1744
f 1837/1837/1735 1834/1834/1732 1846/1846/1744
f 1835/1835/1733 1838/1838/1736 1846/1846/1744
f 1839/1839/1737 1841/1841/1739 1846/1846/1744
f 1840/1840/1738 1837/1837/1735 1846/1846/1744
f 1838/1838/1736 1821/1821/1719 1846/1846/1744
f 1841/1841/1739 1844/1844/1742 1846/1846/1744
f 1842/1842/1740 1840/1840/1738 1846/1846/1744
f 1843/1843/1741 1818/1818/1716 1846/1846/1744
f 1844/1844/1742 1807/1807/1705 1846/1846/1744
f 1845/1845/1743 1842/1842/1740 1846/1846/1744
f 1806/1806/1704 1843/1843/1741 1846/1846/1744
f 1847/1847/1745 1848/1848/1746 1849/1849/1747
f 1850/1850/1748 1851/1851/1749 1852/1852/1750
f 1853/1853/1751 1854/1854/1752 1855/1855/1753
f 1856/1856/1754 1857/1857/1755 1858/1858/1756
f 1859/1859/1757 1860/1860/1758 1861/1861/1759
f 1862/1862/1760 1863/1863/1761 1864/1864/1762
f 1865/1865/1763 1866/1866/1764 1867/1867/1765
f 1868/1868/1766 1869/1869/1767 1870/1870/1768
f 1871/1871/1769 1872/1872/1770 1859/1859/1757
f 1873/1873/1771 1874/1874/1772 1847/1847/1745
f 1871/1871/1769 1858/1858/1756 1875/1875/1773
f 1876/1876/682 1877/1877/1774 1854/1854/1752
f 1878/1878/1775 1851/1851/1749 1879/1879/1776
f 1880/1880/579 1848/1848/1746 1863/1863/1761
f 1867/1867/1765 1881/1881/1777 1850/1850/1748
f 1882/1882/1778 1870/1870/1768 1857/1857/1755
f 1861/1861/1759 1883/1883/1779 1873/1873/1771
f 1884/1884/1780 1864/1864/1762 1877/1877/1774
f 1853/1853/1751 1885/1885/1781 1865/1865/1763
f 1886/1886/1782 1879/1879/1776 1869/1869/1767
f 1887/1887/1783 1888/1888/1784 1889/1889/1785
f 1890/1890/1786 1891/1891/1787 1892/1892/1788
f 1893/1893/1374 1894/1894/1789 1895/1895/1375
f 1896/1896/1272 1897/1897/1790 1898/1898/1791
f 1899/1899/1469 1900/1900/1792 1901/1901/1793
f 1902/1902/1794 1903/1903/1795 1904/1904/1796
f 1899/1899/1469 1905/1905/1797 1906/1906/1798
f 1907/1907/1799 1908/1908/1800 1909/1909/1801
f 1910/1910/1802 1911/1911/1803 1888/1888/1784
f 1912/1912/1804 1894/1894/1789 1913/1913/1805
f 1914/1914/1806 1915/1915/1807 1890/1890/1786
f 1916/1916/1808 1898/1898/1791 1917/1917/1809
f 1918/1918/1810 1889/1889/1785 1900/1900/1792
f 1892/1892/1788 1919/1919/1811 1902/1902/1794
f 1909/1909/1801 1920/1920/1812 1893/1893/1374
f 1921/1921/1813 1913/1913/1805 1897/1897/1790
f 1922/1922/1814 1903/1903/1795 1911/1911/1803
f 1923/1923/1246 1924/1924/1815 1914/1914/1806
f 1906/1906/1798 1925/1925/1816 1907/1907/1799
f 1923/1923/1246 1917/1917/1809 1926/1926/1817
f 1900/1900/1792 1927/1927/1818 1928/1928/1819
f 1908/1908/1800 1929/1929/1820 1920/1920/1812
f 1924/1924/1815 1930/1930/1821 1931/1931/1822
f 1889/1889/1785 1932/1932/1823 1927/1927/1818
f 1925/1925/1816 1933/1933/1824 1908/1908/1800
f 1926/1926/1817 1934/1934/1825 1930/1930/1821
f 1888/1888/1784 1935/1935/1826 1932/1932/1823
f 1905/1905/1797 1936/1936/1827 1925/1925/1816
f 1917/1917/1809 1937/1937/1828 1934/1934/1825
f 1903/1903/1795 1935/1935/1826 1911/1911/1803
f 1901/1901/1793 1938/1938/1829 1905/1905/1797
f 1898/1898/1791 1939/1939/1830 1937/1937/1828
f 1919/1919/1811 1940/1940/1831 1903/1903/1795
f 1897/1897/1790 1941/1941/1832 1939/1939/1830
f 1891/1891/1787 1942/1942/1833 1919/1919/1811
f 1913/1913/1805 1943/1943/1834 1941/1941/1832
f 1891/1891/1787 1944/1944/1835 1945/1945/1836
f 1900/1900/1792 1946/1946/1837 1901/1901/1793
f 1920/1920/1812 1943/1943/1834 1894/1894/1789
f 1915/1915/1807 1931/1931/1822 1944/1944/1835
f 1848/1848/1746 1947/1947/1838 1948/1948/1839
f 1858/1858/1756 1949/1949/1840 1875/1875/1773
f 1866/1866/1764 1950/1950/1841 1881/1881/1777
f 1863/1863/1761 1948/1948/1839 1951/1951/1842
f 1881/1881/1777 1952/1952/1843 1851/1851/1749
f 1864/1864/1762 1951/1951/1842 1953/1953/1844
f 1879/1879/1776 1952/1952/1843 1954/1954/1845
f 1877/1877/1774 1953/1953/1844 1955/1955/1846
f 1875/1875/1773 1956/1956/1847 1872/1872/1770
f 1869/1869/1767 1954/1954/1845 1957/1957/1848
f 1854/1854/1752 1955/1955/1846 1958/1958/1849
f 1872/1872/1770 1959/1959/1850 1860/1860/1758
f 1870/1870/1768 1957/1957/1848 1960/1960/1851
f 1855/1855/1753 1958/1958/1849 1961/1961/1852
f 1860/1860/1758 1962/1962/1853 1883/1883/1779
f 1857/1857/1755 1960/1960/1851 1963/1963/1854
f 1855/1855/1753 1964/1964/1855 1885/1885/1781
f 1883/1883/1779 1947/1947/1838 1874/1874/1772
f 1858/1858/1756 1963/1963/1854 1965/1965/1856
f 1885/1885/1781 1966/1966/1857 1866/1866/1764
f 1939/1939/1830 1941/1941/1832 1967/1967/1858
f 1942/1942/1833 1945/1945/1836 1967/1967/1858
f 1941/1941/1832 1943/1943/1834 1967/1967/1858
f 1945/1945/1836 1944/1944/1835 1967/1967/1858
f 1946/1946/1837 1928/1928/1819 1967/1967/1858
f 1943/1943/1834 1929/1929/1820 1967/1967/1858
f 1944/1944/1835 1931/1931/1822 1967/1967/1858
f 1928/1928/1819 1927/1927/1818 1967/1967/1858
f 1929/1929/1820 1933/1933/1824 1967/1967/1858
f 1931/1931/1822 1930/1930/1821 1967/1967/1858
f 1927/1927/1818 1932/1932/1823 1967/1967/1858
f 1933/1933/1824 1936/1936/1827 1967/1967/1858
f 1930/1930/1821 1934/1934/1825 1967/1967/1858
f 1932/1932/1823 1935/1935/1826 1967/1967/1858
f 1936/1936/1827 1938/1938/1829 1967/1967/1858
f 1934/1934/1825 1937/1937/1828 1967/1967/1858
f 1935/1935/1826 1940/1940/1831 1967/1967/1858
f 1938/1938/1829 1946/1946/1837 1967/1967/1858
f 1937/1937/1828 1939/1939/1830 1967/1967/1858
f 1940/1940/1831 1942/1942/1833 1967/1967/1858
f 1962/1962/1853 1959/1959/1850 1968/1968/1859
f 1963/1963/1854 1960/1960/1851 1968/1968/1859
f 1964/1964/1855 1961/1961/1852 1968/1968/1859
f 1947/1947/1838 1962/1962/1853 1968/1968/1859
f 1965/1965/1856 1963/1963/1854 1968/1968/1859
f 1966/1966/1857 1964/1964/1855 1968/1968/1859
f 1948/1948/1839 1947/1947/1838 1968/1968/1859
f 1949/1949/1840 1965/1965/1856 1968/1968/1859
f 1950/1950/1841 1966/1966/1857 1968/1968/1859
f 1951/1951/1842 1948/1948/1839 1968/1968/1859
f 1952/1952/1843 1950/1950/1841 1968/1968/1859
f 1953/1953/1844 1951/1951/1842 1968/1968/1859
f 1954/1954/1845 1952/1952/1843 1968/1968/1859
f 1955/1955/1846 1953/1953/1844 1968/1968/1859
f 1956/1956/1847 1949/1949/1840 1968/1968/1859
f 1957/1957/1848 1954/1954/1845 1968/1968/1859
f 1958/1958/1849 1955/1955/1846 1968/1968/1859
f 1959/1959/1850 1956/1956/1847 1968/1968/1859
f 1960/1960/1851 1957/1957/1848 1968/1968/1859
f 1961/1961/1852 1958/1958/1849 1968/1968/1859
f 1534/1534/1467 1969/1969/1 1535/1535/1468
f 1507/1507/1451 1535/1535/1468 1508/1508/1452
f 1507/1507/1451 1482/1482/1426 1481/1481/1425
f 1481/1481/1425 1456/1456/1400 1455/1455/1399
f 1455/1455/1399 1404/1404/1348 1429/1429/1373
f 1378/1378/1322 1404/1404/1348 1379/1379/1323
f 1378/1378/1322 1380/1380/1324 1352/1352/1296
f 1326/1326/1270 1380/1380/1324 1353/1353/1297
f 1298/1298/1242 1353/1353/1297 1327/1327/1271
f 1299/1299/1243 1327/1327/1271 1300/1300/1244
f 18/18/18 1970/1970/1246 1971/1971/1860
f 1972/1972/1861 18/18/18 1971/1971/1860
f 1973/1973/1862 16/16/16 1972/1972/1861
f 1974/1974/1863 14/14/14 1973/1973/1862
f 10/10/10 1974/1974/1863 1975/1975/1864
f 8/8/8 1975/1975/1864 1976/1976/1865
f 7/7/7 1976/1976/1865 1977/1977/1866
f 1978/1978/1867 7/7/7 1977/1977/1866
f 1979/1979/1868 5/5/5 1978/1978/1867
f 1980/1980/1469 3/3/3 1979/1979/1868
f 1981/1981/1769 873/873/856 1982/1982/1869
f 1982/1982/1869 871/871/854 1983/1983/1778
f 1984/1984/1766 871/871/854 869/869/852
f 1985/1985/1870 869/869/852 867/867/850
f 1985/1985/1870 865/865/848 1986/1986/1775
f 1986/1986/1775 863/863/846 1987/1987/1871
f 1987/1987/1871 864/864/847 1988/1988/1872
f 1989/1989/1873 864/864/847 861/861/844
f 1990/1990/1874 861/861/844 859/859/842
f 1991/1991/1875 859/859/842 856/856/839
f 657/657/657 1992/1992/841 680/680/680
f 632/632/632 680/680/680 655/655/655
f 629/629/629 632/632/632 655/655/655
f 603/603/603 606/606/606 629/629/629
f 577/577/577 580/580/580 603/603/603
f 528/528/528 554/554/554 577/577/577
f 502/502/502 529/529/529 528/528/528
f 476/476/476 504/504/504 502/502/502
f 449/449/449 478/478/478 476/476/476
f 1993/1993/1876 452/452/452 449/449/449
f 1119/1119/1077 1994/1994/1877 1995/1995/1878
f 792/792/792 634/634/634 1996/1996/1879
f 265/265/265 1997/1997/1880 1998/1998/1881
f 401/401/401 265/265/265 1998/1998/1881
f 1510/1510/1454 1999/1999/1882 1511/1511/1455
f 1120/1120/1078 1119/1119/1077 1995/1995/1878
f 658/658/658 1996/1996/1879 634/634/634
f 1512/1512/1456 1485/1485/1429 1510/1510/1454
f 2000/2000/1883 2001/2001/1884 2002/2002/1885
f 2003/2003/1886 2004/2004/1887 2001/2001/1884
f 2005/2005/1888 2006/2006/1889 2004/2004/1887
f 2007/2007/1890 2006/2006/1889 2008/2008/1891
f 2009/2009/1892 2010/2010/1893 2007/2007/1890
f 2011/2011/1894 2012/2012/1895 2010/2010/1893
f 2013/2013/1896 2014/2014/1897 2012/2012/1895
f 2010/2010/1893 2015/2015/1898 2006/2006/1889
f 2012/2012/1895 2016/2016/1899 2015/2015/1898
f 2004/2004/1887 2015/2015/1898 2017/2017/1900
f 2015/2015/1898 2018/2018/1901 2017/2017/1900
f 2019/2019/1902 2018/2018/1901 2020/2020/1903
f 2001/2001/1884 2017/2017/1900 2019/2019/1902
f 2018/2018/1901 2021/2021/1904 2020/2020/1903
f 2016/2016/1899 2022/2022/1905 2018/2018/1901
f 2022/2022/1905 2023/2023/1906 2021/2021/1904
f 2024/2024/1907 2025/2025/1908 2022/2022/1905
f 2016/2016/1899 2026/2026/1909 2024/2024/1907
f 2024/2024/1907 2027/2027/1910 2028/2028/1911
f 2014/2014/1897 2029/2029/1912 2026/2026/1909
f 2026/2026/1909 2030/2030/1913 2027/2027/1910
f 2021/2021/1904 2031/2031/1914 2032/2032/1915
f 2020/2020/1903 2032/2032/1915 2033/2033/1916
f 2034/2034/1917 2020/2020/1903 2033/2033/1916
f 2002/2002/1885 2019/2019/1902 2034/2034/1917
f 1138/1138/1095 1151/1151/1108 1157/1157/1114
f 1168/1168/1125 1166/1166/1123 1159/1159/1116
f 1137/1137/1094 1141/1141/1098 1138/1138/1095
f 1157/1157/1114 1159/1159/1116 1166/1166/1123
f 1185/1185/1142 1176/1176/1133 1179/1179/1136
f 2035/2035/1612 1192/1192/1149 1185/1185/1142
f 1176/1176/1133 1168/1168/1125 1169/1169/1126
f 315/315/315 307/307/307 306/306/306
f 282/282/282 298/298/298 283/283/283
f 305/305/305 306/306/306 297/297/297
f 336/336/336 326/326/326 334/334/334
f 315/315/315 324/324/324 316/316/316
f 334/334/334 324/324/324 332/332/332
f 296/296/296 297/297/297 298/298/298
f 1569/1569/1499 1568/1568/1498 1579/1579/1509
f 1642/1642/1570 1655/1655/1582 1644/1644/1572
f 1591/1591/1521 2036/2036/1599 1598/1598/1528
f 2037/2037/1918 2038/2038/1595 1576/1576/1506
f 1640/1640/1568 1653/1653/1580 1655/1655/1582
f 2039/2039/1919 1600/1600/1530 1607/1607/1537
f 1631/1631/1559 1645/1645/1573 1632/1632/1560
f 1598/1598/1528 2040/2040/1600 1605/1605/1535
f 1576/1576/1506 2041/2041/1920 1584/1584/1514
f 1645/1645/1573 1633/1633/1561 1559/1559/1489
f 1608/1608/1538 1615/1615/1545 1607/1607/1537
f 1558/1558/1488 1560/1560/1490 1569/1569/1499
f 1609/1609/1539 1613/1613/1543 1608/1608/1538
f 1561/1561/1491 1569/1569/1499 1560/1560/1490
f 2039/2039/1919 1639/1639/1567 1628/1628/1556
f 1610/1610/1540 1616/1616/1546 1609/1609/1539
f 1562/1562/1492 1567/1567/1497 1561/1561/1491
f 1611/1611/1541 1618/1618/1548 1610/1610/1540
f 1564/1564/1494 1570/1570/1500 1562/1562/1492
f 1612/1612/1542 1620/1620/1550 1611/1611/1541
f 1565/1565/1495 1572/1572/1502 1564/1564/1494
f 1624/1624/1553 1612/1612/1542 2040/2040/1600
f 1584/1584/1514 2042/2042/1598 1591/1591/1521
f 1565/1565/1495 2037/2037/1918 1574/1574/1504
f 1556/1556/1486 2043/2043/1594 2037/2037/1918
f 2044/2044/1921 1638/1638/1566 1653/1653/1580
f 1/1/1 20/20/20 2/2/2
f 3/3/3 2/2/2 4/4/4
f 5/5/5 4/4/4 6/6/6
f 6/6/6 9/9/9 8/8/8
f 9/9/9 11/11/11 10/10/10
f 11/11/11 26/26/26 12/12/12
f 12/12/12 26/26/26 13/13/13
f 14/14/14 13/13/13 15/15/15
f 16/16/16 15/15/15 17/17/17
f 17/17/17 31/31/31 19/19/19
f 20/20/20 32/32/32 21/21/21
f 2/2/2 21/21/21 22/22/22
f 4/4/4 22/22/22 23/23/23
f 6/6/6 23/23/23 24/24/24
f 24/24/24 25/25/25 11/11/11
f 25/25/25 39/39/39 26/26/26
f 26/26/26 39/39/39 27/27/27
f 13/13/13 27/27/27 28/28/28
f 15/15/15 28/28/28 29/29/29
f 17/17/17 29/29/29 30/30/30
f 32/32/32 43/43/43 33/33/33
f 21/21/21 33/33/33 34/34/34
f 22/22/22 34/34/34 35/35/35
f 23/23/23 35/35/35 36/36/36
f 24/24/24 36/36/36 37/37/37
f 25/25/25 37/37/37 38/38/38
f 38/38/38 40/40/40 27/27/27
f 40/40/40 41/41/41 28/28/28
f 41/41/41 52/52/52 29/29/29
f 29/29/29 52/52/52 42/42/42
f 43/43/43 54/54/54 44/44/44
f 33/33/33 44/44/44 45/45/45
f 34/34/34 45/45/45 46/46/46
f 35/35/35 46/46/46 47/47/47
f 36/36/36 47/47/47 48/48/48
f 37/37/37 48/48/48 49/49/49
f 38/38/38 49/49/49 50/50/50
f 40/40/40 50/50/50 51/51/51
f 51/51/51 63/63/63 52/52/52
f 52/52/52 63/63/63 53/53/53
f 54/54/54 65/65/65 55/55/55
f 44/44/44 55/55/55 56/56/56
f 45/45/45 56/56/56 57/57/57
f 46/46/46 57/57/57 58/58/58
f 47/47/47 58/58/58 59/59/59
f 48/48/48 59/59/59 60/60/60
f 60/60/60 61/61/61 50/50/50
f 61/61/61 73/73/73 51/51/51
f 51/51/51 73/73/73 62/62/62
f 63/63/63 62/62/62 64/64/64
f 65/65/65 76/76/76 66/66/66
f 66/66/66 79/79/79 56/56/56
f 56/56/56 79/79/79 67/67/67
f 57/57/57 67/67/67 68/68/68
f 58/58/58 68/68/68 69/69/69
f 59/59/59 69/69/69 70/70/70
f 60/60/60 70/70/70 71/71/71
f 61/61/61 71/71/71 72/72/72
f 73/73/73 72/72/72 74/74/74
f 62/62/62 74/74/74 75/75/75
f 76/76/76 88/88/88 77/77/77
f 66/66/66 77/77/77 78/78/78
f 79/79/79 78/78/78 80/80/80
f 67/67/67 80/80/80 81/81/81
f 68/68/68 81/81/81 82/82/82
f 69/69/69 82/82/82 83/83/83
f 70/70/70 83/83/83 84/84/84
f 71/71/71 84/84/84 85/85/85
f 72/72/72 85/85/85 86/86/86
f 74/74/74 86/86/86 87/87/87
f 88/88/88 99/99/99 89/89/89
f 77/77/77 89/89/89 90/90/90
f 78/78/78 90/90/90 91/91/91
f 80/80/80 91/91/91 92/92/92
f 81/81/81 92/92/92 93/93/93
f 82/82/82 93/93/93 94/94/94
f 83/83/83 94/94/94 95/95/95
f 84/84/84 95/95/95 96/96/96
f 85/85/85 96/96/96 97/97/97
f 86/86/86 97/97/97 98/98/98
f 99/99/99 110/110/110 100/100/100
f 89/89/89 100/100/100 101/101/101
f 90/90/90 101/101/101 102/102/102
f 91/91/91 102/102/102 103/103/103
f 92/92/92 103/103/103 104/104/104
f 93/93/93 104/104/104 105/105/105
f 94/94/94 105/105/105 106/106/106
f 95/95/95 106/106/106 107/107/107
f 96/96/96 107/107/107 108/108/108
f 97/97/97 108/108/108 109/109/109
f 110/110/110 121/121/121 111/111/111
f 100/100/100 111/111/111 112/112/112
f 101/101/101 112/112/112 113/113/113
f 102/102/102 113/113/113 114/114/114
f 103/103/103 114/114/114 115/115/115
f 104/104/104 115/115/115 116/116/116
f 105/105/105 116/116/116 117/117/117
f 106/106/106 117/117/117 118/118/118
f 107/107/107 118/118/118 119/119/119
f 108/108/108 119/119/119 120/120/120
f 121/121/121 132/132/132 122/122/122
f 111/111/111 122/122/122 123/123/123
f 112/112/112 123/123/123 124/124/124
f 113/113/113 124/124/124 125/125/125
f 114/114/114 125/125/125 126/126/126
f 115/115/115 126/126/126 127/127/127
f 116/116/116 127/127/127 128/128/128
f 117/117/117 128/128/128 129/129/129
f 118/118/118 129/129/129 130/130/130
f 119/119/119 130/130/130 131/131/131
f 132/132/132 143/143/143 133/133/133
f 122/122/122 133/133/133 134/134/134
f 123/123/123 134/134/134 135/135/135
f 124/124/124 135/135/135 136/136/136
f 125/125/125 136/136/136 137/137/137
f 126/126/126 137/137/137 138/138/138
f 127/127/127 138/138/138 139/139/139
f 128/128/128 139/139/139 140/140/140
f 129/129/129 140/140/140 141/141/141
f 130/130/130 141/141/141 142/142/142
f 143/143/143 154/154/154 144/144/144
f 133/133/133 144/144/144 145/145/145
f 134/134/134 145/145/145 146/146/146
f 135/135/135 146/146/146 147/147/147
f 136/136/136 147/147/147 148/148/148
f 137/137/137 148/148/148 149/149/149
f 138/138/138 149/149/149 150/150/150
f 139/139/139 150/150/150 151/151/151
f 140/140/140 151/151/151 152/152/152
f 141/141/141 152/152/152 153/153/153
f 154/154/154 165/165/165 155/155/155
f 144/144/144 155/155/155 156/156/156
f 145/145/145 156/156/156 157/157/157
f 146/146/146 157/157/157 158/158/158
f 147/147/147 158/158/158 159/159/159
f 148/148/148 159/159/159 160/160/160
f 149/149/149 160/160/160 161/161/161
f 150/150/150 161/161/161 162/162/162
f 151/151/151 162/162/162 163/163/163
f 152/152/152 163/163/163 164/164/164
f 165/165/165 176/176/176 166/166/166
f 155/155/155 166/166/166 167/167/167
f 156/156/156 167/167/167 168/168/168
f 157/157/157 168/168/168 169/169/169
f 158/158/158 169/169/169 170/170/170
f 159/159/159 170/170/170 171/171/171
f 160/160/160 171/171/171 172/172/172
f 161/161/161 172/172/172 173/173/173
f 162/162/162 173/173/173 174/174/174
f 163/163/163 174/174/174 175/175/175
f 176/176/176 187/187/187 177/177/177
f 166/166/166 177/177/177 178/178/178
f 167/167/167 178/178/178 179/179/179
f 168/168/168 179/179/179 180/180/180
f 169/169/169 180/180/180 181/181/181
f 170/170/170 181/181/181 182/182/182
f 171/171/171 182/182/182 183/183/183
f 172/172/172 183/183/183 184/184/184
f 173/173/173 184/184/184 185/185/185
f 174/174/174 185/185/185 186/186/186
f 187/187/187 198/198/198 188/188/188
f 177/177/177 188/188/188 189/189/189
f 178/178/178 189/189/189 190/190/190
f 179/179/179 190/190/190 191/191/191
f 180/180/180 191/191/191 192/192/192
f 181/181/181 192/192/192 193/193/193
f 182/182/182 193/193/193 194/194/194
f 183/183/183 194/194/194 195/195/195
f 184/184/184 195/195/195 196/196/196
f 185/185/185 196/196/196 197/197/197
f 198/198/198 209/209/209 199/199/199
f 188/188/188 199/199/199 200/200/200
f 189/189/189 200/200/200 201/201/201
f 190/190/190 201/201/201 202/202/202
f 191/191/191 202/202/202 203/203/203
f 192/192/192 203/203/203 204/204/204
f 193/193/193 204/204/204 205/205/205
f 194/194/194 205/205/205 206/206/206
f 195/195/195 206/206/206 207/207/207
f 196/196/196 207/207/207 208/208/208
f 209/209/209 220/220/220 210/210/210
f 199/199/199 210/210/210 211/211/211
f 200/200/200 211/211/211 212/212/212
f 201/201/201 212/212/212 213/213/213
f 202/202/202 213/213/213 214/214/214
f 203/203/203 214/214/214 215/215/215
f 204/204/204 215/215/215 216/216/216
f 205/205/205 216/216/216 217/217/217
f 206/206/206 217/217/217 218/218/218
f 207/207/207 218/218/218 219/219/219
f 220/220/220 231/231/231 221/221/221
f 210/210/210 221/221/221 222/222/222
f 211/211/211 222/222/222 223/223/223
f 212/212/212 223/223/223 224/224/224
f 213/213/213 224/224/224 225/225/225
f 214/214/214 225/225/225 226/226/226
f 215/215/215 226/226/226 227/227/227
f 216/216/216 227/227/227 228/228/228
f 217/217/217 228/228/228 229/229/229
f 218/218/218 229/229/229 230/230/230
f 231/231/231 242/242/242 232/232/232
f 221/221/221 232/232/232 233/233/233
f 222/222/222 233/233/233 234/234/234
f 223/223/223 234/234/234 235/235/235
f 224/224/224 235/235/235 236/236/236
f 225/225/225 236/236/236 237/237/237
f 226/226/226 237/237/237 238/238/238
f 227/227/227 238/238/238 239/239/239
f 228/228/228 239/239/239 240/240/240
f 229/229/229 240/240/240 241/241/241
f 242/242/242 253/253/253 243/243/243
f 232/232/232 243/243/243 244/244/244
f 233/233/233 244/244/244 245/245/245
f 234/234/234 245/245/245 246/246/246
f 235/235/235 246/246/246 247/247/247
f 236/236/236 247/247/247 248/248/248
f 237/237/237 248/248/248 249/249/249
f 238/238/238 249/249/249 250/250/250
f 239/239/239 250/250/250 251/251/251
f 240/240/240 251/251/251 252/252/252
f 253/253/253 264/264/264 254/254/254
f 243/243/243 254/254/254 255/255/255
f 244/244/244 255/255/255 256/256/256
f 245/245/245 256/256/256 257/257/257
f 246/246/246 257/257/257 258/258/258
f 247/247/247 258/258/258 259/259/259
f 248/248/248 259/259/259 260/260/260
f 249/249/249 260/260/260 261/261/261
f 250/250/250 261/261/261 262/262/262
f 251/251/251 262/262/262 263/263/263
f 264/264/264 1997/1997/1880 265/265/265
f 254/254/254 265/265/265 266/266/266
f 255/255/255 266/266/266 267/267/267
f 256/256/256 267/267/267 268/268/268
f 257/257/257 268/268/268 269/269/269
f 258/258/258 269/269/269 270/270/270
f 259/259/259 270/270/270 271/271/271
f 260/260/260 271/271/271 272/272/272
f 261/261/261 272/272/272 273/273/273
f 262/262/262 273/273/273 274/274/274
f 275/275/275 278/278/278 276/276/276
f 278/278/278 280/280/280 279/279/279
f 280/280/280 294/294/294 281/281/281
f 284/284/284 281/281/281 282/282/282
f 281/281/281 294/294/294 282/282/282
f 294/294/294 296/296/296 282/282/282
f 286/286/286 284/284/284 283/283/283
f 283/283/283 298/298/298 285/285/285
f 286/286/286 285/285/285 287/287/287
f 288/288/288 287/287/287 289/289/289
f 291/291/291 292/292/292 278/278/278
f 292/292/292 293/293/293 280/280/280
f 293/293/293 295/295/295 294/294/294
f 295/295/295 305/305/305 296/296/296
f 297/297/297 299/299/299 285/285/285
f 299/299/299 300/300/300 287/287/287
f 300/300/300 309/309/309 289/289/289
f 301/301/301 302/302/302 292/292/292
f 302/302/302 303/303/303 293/293/293
f 303/303/303 304/304/304 295/295/295
f 304/304/304 306/306/306 305/305/305
f 306/306/306 307/307/307 299/299/299
f 307/307/307 308/308/308 300/300/300
f 308/308/308 318/318/318 309/309/309
f 310/310/310 311/311/311 302/302/302
f 311/311/311 312/312/312 303/303/303
f 312/312/312 313/313/313 304/304/304
f 313/313/313 314/314/314 306/306/306
f 316/316/316 325/325/325 308/308/308
f 308/308/308 325/325/325 317/317/317
f 319/319/319 320/320/320 311/311/311
f 320/320/320 321/321/321 312/312/312
f 321/321/321 322/322/322 313/313/313
f 322/322/322 323/323/323 314/314/314
f 315/315/315 314/314/314 323/323/323
f 323/323/323 332/332/332 324/324/324
f 324/324/324 334/334/334 325/325/325
f 325/325/325 334/334/334 326/326/326
f 327/327/327 328/328/328 320/320/320
f 328/328/328 329/329/329 321/321/321
f 329/329/329 330/330/330 322/322/322
f 330/330/330 331/331/331 323/323/323
f 331/331/331 333/333/333 332/332/332
f 333/333/333 335/335/335 334/334/334
f 335/335/335 344/344/344 336/336/336
f 337/337/337 338/338/338 328/328/328
f 338/338/338 339/339/339 329/329/329
f 339/339/339 340/340/340 330/330/330
f 340/340/340 341/341/341 331/331/331
f 341/341/341 342/342/342 333/333/333
f 342/342/342 351/351/351 335/335/335
f 335/335/335 351/351/351 343/343/343
f 345/345/345 346/346/346 338/338/338
f 346/346/346 347/347/347 339/339/339
f 347/347/347 348/348/348 340/340/340
f 348/348/348 349/349/349 341/341/341
f 349/349/349 350/350/350 342/342/342
f 350/350/350 359/359/359 351/351/351
f 351/351/351 359/359/359 352/352/352
f 353/353/353 354/354/354 346/346/346
f 354/354/354 355/355/355 347/347/347
f 355/355/355 356/356/356 348/348/348
f 356/356/356 357/357/357 349/349/349
f 357/357/357 358/358/358 350/350/350
f 358/358/358 367/367/367 359/359/359
f 359/359/359 367/367/367 360/360/360
f 361/361/361 362/362/362 354/354/354
f 362/362/362 363/363/363 355/355/355
f 363/363/363 364/364/364 356/356/356
f 364/364/364 365/365/365 357/357/357
f 365/365/365 366/366/366 358/358/358
f 366/366/366 368/368/368 367/367/367
f 368/368/368 2045/2045/1922 360/360/360
f 353/353/353 370/370/370 369/369/369
f 345/345/345 371/371/371 370/370/370
f 337/337/337 372/372/372 371/371/371
f 327/327/327 373/373/373 372/372/372
f 319/319/319 374/374/374 373/373/373
f 310/310/310 375/375/375 374/374/374
f 301/301/301 376/376/376 375/375/375
f 291/291/291 377/377/377 376/376/376
f 275/275/275 378/378/378 377/377/377
f 277/277/277 388/388/388 378/378/378
f 370/370/370 380/380/380 379/379/379
f 371/371/371 381/381/381 380/380/380
f 372/372/372 382/382/382 381/381/381
f 373/373/373 383/383/383 382/382/382
f 374/374/374 384/384/384 383/383/383
f 375/375/375 385/385/385 384/384/384
f 376/376/376 386/386/386 385/385/385
f 377/377/377 387/387/387 386/386/386
f 378/378/378 389/389/389 387/387/387
f 388/388/388 399/399/399 389/389/389
f 379/379/379 380/380/380 390/390/390
f 381/381/381 392/392/392 390/390/390
f 382/382/382 393/393/393 392/392/392
f 383/383/383 394/394/394 393/393/393
f 384/384/384 395/395/395 394/394/394
f 385/385/385 396/396/396 395/395/395
f 386/386/386 397/397/397 396/396/396
f 387/387/387 398/398/398 397/397/397
f 389/389/389 400/400/400 398/398/398
f 399/399/399 402/402/402 400/400/400
f 391/391/391 390/390/390 265/265/265
f 390/390/390 392/392/392 266/266/266
f 392/392/392 393/393/393 267/267/267
f 393/393/393 394/394/394 268/268/268
f 394/394/394 395/395/395 269/269/269
f 395/395/395 396/396/396 270/270/270
f 396/396/396 397/397/397 271/271/271
f 398/398/398 272/272/272 271/271/271
f 400/400/400 273/273/273 272/272/272
f 402/402/402 274/274/274 273/273/273
f 403/403/403 406/406/406 404/404/404
f 406/406/406 408/408/408 407/407/407
f 408/408/408 410/410/410 409/409/409
f 410/410/410 412/412/412 411/411/411
f 412/412/412 414/414/414 413/413/413
f 414/414/414 416/416/416 415/415/415
f 416/416/416 418/418/418 417/417/417
f 418/418/418 420/420/420 419/419/419
f 420/420/420 422/422/422 421/421/421
f 422/422/422 424/424/424 423/423/423
f 424/424/424 426/426/426 425/425/425
f 426/426/426 428/428/428 427/427/427
f 428/428/428 430/430/430 429/429/429
f 430/430/430 432/432/432 431/431/431
f 432/432/432 434/434/434 433/433/433
f 434/434/434 436/436/436 435/435/435
f 436/436/436 438/438/438 437/437/437
f 438/438/438 440/440/440 439/439/439
f 440/440/440 442/442/442 441/441/441
f 442/442/442 444/444/444 443/443/443
f 444/444/444 446/446/446 445/445/445
f 446/446/446 448/448/448 447/447/447
f 448/448/448 1993/1993/1876 449/449/449
f 450/450/450 2046/2046/1923 451/451/451
f 405/405/405 404/404/404 453/453/453
f 404/404/404 407/407/407 455/455/455
f 407/407/407 409/409/409 456/456/456
f 409/409/409 411/411/411 457/457/457
f 411/411/411 413/413/413 458/458/458
f 413/413/413 415/415/415 459/459/459
f 415/415/415 417/417/417 460/460/460
f 417/417/417 419/419/419 461/461/461
f 419/419/419 421/421/421 462/462/462
f 421/421/421 423/423/423 463/463/463
f 423/423/423 425/425/425 464/464/464
f 425/425/425 427/427/427 465/465/465
f 427/427/427 429/429/429 466/466/466
f 429/429/429 431/431/431 467/467/467
f 431/431/431 433/433/433 468/468/468
f 433/433/433 435/435/435 469/469/469
f 435/435/435 437/437/437 470/470/470
f 437/437/437 439/439/439 471/471/471
f 439/439/439 441/441/441 472/472/472
f 441/441/441 443/443/443 473/473/473
f 443/443/443 445/445/445 474/474/474
f 445/445/445 447/447/447 475/475/475
f 447/447/447 449/449/449 476/476/476
f 452/452/452 451/451/451 477/477/477
f 454/454/454 453/453/453 479/479/479
f 453/453/453 455/455/455 481/481/481
f 455/455/455 456/456/456 482/482/482
f 456/456/456 457/457/457 483/483/483
f 457/457/457 458/458/458 484/484/484
f 458/458/458 459/459/459 485/485/485
f 459/459/459 460/460/460 486/486/486
f 460/460/460 461/461/461 487/487/487
f 461/461/461 462/462/462 488/488/488
f 462/462/462 463/463/463 489/489/489
f 463/463/463 464/464/464 490/490/490
f 464/464/464 465/465/465 491/491/491
f 465/465/465 466/466/466 492/492/492
f 466/466/466 467/467/467 493/493/493
f 467/467/467 468/468/468 494/494/494
f 468/468/468 469/469/469 495/495/495
f 469/469/469 470/470/470 496/496/496
f 470/470/470 471/471/471 497/497/497
f 471/471/471 472/472/472 498/498/498
f 472/472/472 473/473/473 499/499/499
f 474/474/474 501/501/501 499/499/499
f 474/474/474 475/475/475 500/500/500
f 475/475/475 476/476/476 502/502/502
f 478/478/478 477/477/477 503/503/503
f 480/480/480 479/479/479 505/505/505
f 479/479/479 481/481/481 507/507/507
f 481/481/481 482/482/482 508/508/508
f 482/482/482 483/483/483 509/509/509
f 483/483/483 484/484/484 510/510/510
f 484/484/484 485/485/485 511/511/511
f 485/485/485 486/486/486 512/512/512
f 486/486/486 487/487/487 513/513/513
f 487/487/487 488/488/488 514/514/514
f 488/488/488 489/489/489 515/515/515
f 489/489/489 490/490/490 516/516/516
f 490/490/490 491/491/491 517/517/517
f 491/491/491 492/492/492 518/518/518
f 492/492/492 493/493/493 519/519/519
f 493/493/493 494/494/494 520/520/520
f 494/494/494 495/495/495 521/521/521
f 495/495/495 496/496/496 522/522/522
f 496/496/496 497/497/497 523/523/523
f 497/497/497 498/498/498 524/524/524
f 498/498/498 499/499/499 525/525/525
f 499/499/499 501/501/501 526/526/526
f 501/501/501 500/500/500 527/527/527
f 500/500/500 502/502/502 528/528/528
f 503/503/503 2047/2047/1924 529/529/529
f 506/506/506 505/505/505 530/530/530
f 505/505/505 507/507/507 532/532/532
f 507/507/507 508/508/508 533/533/533
f 508/508/508 509/509/509 534/534/534
f 509/509/509 510/510/510 535/535/535
f 510/510/510 511/511/511 536/536/536
f 511/511/511 512/512/512 537/537/537
f 512/512/512 513/513/513 538/538/538
f 513/513/513 514/514/514 539/539/539
f 514/514/514 515/515/515 540/540/540
f 515/515/515 516/516/516 541/541/541
f 516/516/516 517/517/517 542/542/542
f 517/517/517 518/518/518 543/543/543
f 518/518/518 519/519/519 544/544/544
f 519/519/519 520/520/520 545/545/545
f 520/520/520 521/521/521 546/546/546
f 521/521/521 522/522/522 547/547/547
f 522/522/522 523/523/523 548/548/548
f 523/523/523 524/524/524 549/549/549
f 524/524/524 525/525/525 550/550/550
f 525/525/525 526/526/526 551/551/551
f 526/526/526 527/527/527 552/552/552
f 528/528/528 577/577/577 552/552/552
f 529/529/529 2047/2047/1924 553/553/553
f 531/531/531 530/530/530 555/555/555
f 530/530/530 532/532/532 557/557/557
f 532/532/532 533/533/533 558/558/558
f 533/533/533 534/534/534 559/559/559
f 534/534/534 535/535/535 560/560/560
f 535/535/535 536/536/536 561/561/561
f 536/536/536 537/537/537 562/562/562
f 537/537/537 538/538/538 563/563/563
f 538/538/538 539/539/539 564/564/564
f 539/539/539 540/540/540 565/565/565
f 540/540/540 541/541/541 566/566/566
f 541/541/541 542/542/542 567/567/567
f 542/542/542 543/543/543 568/568/568
f 543/543/543 544/544/544 569/569/569
f 544/544/544 545/545/545 570/570/570
f 545/545/545 546/546/546 571/571/571
f 546/546/546 547/547/547 572/572/572
f 547/547/547 548/548/548 573/573/573
f 548/548/548 549/549/549 574/574/574
f 549/549/549 550/550/550 575/575/575
f 551/551/551 576/576/576 575/575/575
f 552/552/552 578/578/578 576/576/576
f 577/577/577 603/603/603 578/578/578
f 554/554/554 553/553/553 579/579/579
f 556/556/556 555/555/555 581/581/581
f 555/555/555 557/557/557 583/583/583
f 557/557/557 558/558/558 584/584/584
f 558/558/558 559/559/559 585/585/585
f 559/559/559 560/560/560 586/586/586
f 560/560/560 561/561/561 587/587/587
f 561/561/561 562/562/562 588/588/588
f 562/562/562 563/563/563 589/589/589
f 563/563/563 564/564/564 590/590/590
f 564/564/564 565/565/565 591/591/591
f 565/565/565 566/566/566 592/592/592
f 566/566/566 567/567/567 593/593/593
f 567/567/567 568/568/568 594/594/594
f 568/568/568 569/569/569 595/595/595
f 569/569/569 570/570/570 596/596/596
f 570/570/570 571/571/571 597/597/597
f 571/571/571 572/572/572 598/598/598
f 572/572/572 573/573/573 599/599/599
f 573/573/573 574/574/574 600/600/600
f 574/574/574 575/575/575 601/601/601
f 575/575/575 576/576/576 602/602/602
f 578/578/578 604/604/604 602/602/602
f 603/603/603 629/629/629 604/604/604
f 580/580/580 579/579/579 605/605/605
f 582/582/582 581/581/581 607/607/607
f 581/581/581 583/583/583 609/609/609
f 583/583/583 584/584/584 610/610/610
f 584/584/584 585/585/585 611/611/611
f 585/585/585 586/586/586 612/612/612
f 586/586/586 587/587/587 613/613/613
f 587/587/587 588/588/588 614/614/614
f 588/588/588 589/589/589 615/615/615
f 589/589/589 590/590/590 616/616/616
f 590/590/590 591/591/591 617/617/617
f 591/591/591 592/592/592 618/618/618
f 592/592/592 593/593/593 619/619/619
f 593/593/593 594/594/594 620/620/620
f 594/594/594 595/595/595 621/621/621
f 595/595/595 596/596/596 622/622/622
f 596/596/596 597/597/597 623/623/623
f 597/597/597 598/598/598 624/624/624
f 598/598/598 599/599/599 625/625/625
f 599/599/599 600/600/600 626/626/626
f 600/600/600 601/601/601 627/627/627
f 601/601/601 602/602/602 628/628/628
f 604/604/604 630/630/630 628/628/628
f 629/629/629 655/655/655 630/630/630
f 606/606/606 605/605/605 631/631/631
f 608/608/608 607/607/607 633/633/633
f 607/607/607 609/609/609 635/635/635
f 609/609/609 610/610/610 636/636/636
f 610/610/610 611/611/611 637/637/637
f 611/611/611 612/612/612 638/638/638
f 612/612/612 613/613/613 639/639/639
f 613/613/613 614/614/614 640/640/640
f 614/614/614 615/615/615 641/641/641
f 615/615/615 616/616/616 642/642/642
f 616/616/616 617/617/617 643/643/643
f 617/617/617 618/618/618 644/644/644
f 618/618/618 619/619/619 645/645/645
f 619/619/619 620/620/620 646/646/646
f 620/620/620 621/621/621 647/647/647
f 621/621/621 622/622/622 648/648/648
f 622/622/622 623/623/623 649/649/649
f 623/623/623 624/624/624 650/650/650
f 624/624/624 625/625/625 651/651/651
f 626/626/626 652/652/652 651/651/651
f 627/627/627 653/653/653 652/652/652
f 628/628/628 654/654/654 653/653/653
f 630/630/630 656/656/656 654/654/654
f 655/655/655 680/680/680 656/656/656
f 631/631/631 682/682/682 657/657/657
f 633/633/633 660/660/660 658/658/658
f 633/633/633 635/635/635 659/659/659
f 635/635/635 636/636/636 661/661/661
f 636/636/636 637/637/637 662/662/662
f 637/637/637 638/638/638 663/663/663
f 638/638/638 639/639/639 664/664/664
f 639/639/639 640/640/640 665/665/665
f 640/640/640 641/641/641 666/666/666
f 641/641/641 642/642/642 667/667/667
f 642/642/642 643/643/643 668/668/668
f 643/643/643 644/644/644 669/669/669
f 644/644/644 645/645/645 670/670/670
f 645/645/645 646/646/646 671/671/671
f 646/646/646 647/647/647 672/672/672
f 647/647/647 648/648/648 673/673/673
f 648/648/648 649/649/649 674/674/674
f 649/649/649 650/650/650 675/675/675
f 650/650/650 651/651/651 676/676/676
f 651/651/651 652/652/652 677/677/677
f 652/652/652 653/653/653 678/678/678
f 654/654/654 679/679/679 678/678/678
f 656/656/656 681/681/681 679/679/679
f 680/680/680 1992/1992/841 681/681/681
f 682/682/682 2048/2048/1925 683/683/683
f 684/684/684 687/687/687 685/685/685
f 687/687/687 689/689/689 688/688/688
f 689/689/689 691/691/691 690/690/690
f 691/691/691 693/693/693 692/692/692
f 693/693/693 702/702/702 694/694/694
f 694/694/694 702/702/702 695/695/695
f 697/697/697 698/698/698 687/687/687
f 698/698/698 699/699/699 689/689/689
f 699/699/699 700/700/700 691/691/691
f 700/700/700 701/701/701 693/693/693
f 701/701/701 709/709/709 702/702/702
f 702/702/702 709/709/709 703/703/703
f 704/704/704 705/705/705 698/698/698
f 705/705/705 706/706/706 699/699/699
f 706/706/706 707/707/707 700/700/700
f 707/707/707 708/708/708 701/701/701
f 708/708/708 716/716/716 709/709/709
f 709/709/709 716/716/716 710/710/710
f 711/711/711 712/712/712 705/705/705
f 712/712/712 713/713/713 706/706/706
f 713/713/713 714/714/714 707/707/707
f 714/714/714 715/715/715 708/708/708
f 715/715/715 723/723/723 716/716/716
f 716/716/716 723/723/723 717/717/717
f 718/718/718 719/719/719 712/712/712
f 719/719/719 720/720/720 713/713/713
f 720/720/720 721/721/721 714/714/714
f 721/721/721 722/722/722 715/715/715
f 722/722/722 730/730/730 723/723/723
f 723/723/723 730/730/730 724/724/724
f 725/725/725 726/726/726 719/719/719
f 726/726/726 727/727/727 720/720/720
f 727/727/727 728/728/728 721/721/721
f 728/728/728 729/729/729 722/722/722
f 729/729/729 737/737/737 730/730/730
f 730/730/730 737/737/737 731/731/731
f 732/732/732 733/733/733 726/726/726
f 733/733/733 734/734/734 727/727/727
f 734/734/734 735/735/735 728/728/728
f 735/735/735 743/743/743 729/729/729
f 729/729/729 743/743/743 736/736/736
f 737/737/737 736/736/736 738/738/738
f 739/739/739 740/740/740 733/733/733
f 740/740/740 741/741/741 734/734/734
f 741/741/741 742/742/742 735/735/735
f 742/742/742 744/744/744 743/743/743
f 744/744/744 751/751/751 736/736/736
f 736/736/736 751/751/751 745/745/745
f 746/746/746 747/747/747 740/740/740
f 747/747/747 748/748/748 741/741/741
f 748/748/748 749/749/749 742/742/742
f 749/749/749 750/750/750 744/744/744
f 750/750/750 758/758/758 751/751/751
f 751/751/751 758/758/758 752/752/752
f 753/753/753 754/754/754 747/747/747
f 754/754/754 755/755/755 748/748/748
f 755/755/755 756/756/756 749/749/749
f 756/756/756 757/757/757 750/750/750
f 757/757/757 2049/2049/1926 758/758/758
f 758/758/758 2049/2049/1926 759/759/759
f 746/746/746 761/761/761 760/760/760
f 739/739/739 762/762/762 761/761/761
f 732/732/732 763/763/763 762/762/762
f 725/725/725 764/764/764 763/763/763
f 718/718/718 765/765/765 764/764/764
f 711/711/711 766/766/766 765/765/765
f 704/704/704 767/767/767 766/766/766
f 697/697/697 768/768/768 767/767/767
f 684/684/684 769/769/769 768/768/768
f 686/686/686 779/779/779 769/769/769
f 761/761/761 771/771/771 770/770/770
f 762/762/762 772/772/772 771/771/771
f 763/763/763 773/773/773 772/772/772
f 764/764/764 774/774/774 773/773/773
f 765/765/765 775/775/775 774/774/774
f 766/766/766 776/776/776 775/775/775
f 767/767/767 777/777/777 776/776/776
f 768/768/768 778/778/778 777/777/777
f 769/769/769 780/780/780 778/778/778
f 779/779/779 790/790/790 780/780/780
f 770/770/770 771/771/771 781/781/781
f 772/772/772 783/783/783 781/781/781
f 773/773/773 784/784/784 783/783/783
f 774/774/774 785/785/785 784/784/784
f 775/775/775 786/786/786 785/785/785
f 776/776/776 787/787/787 786/786/786
f 777/777/777 788/788/788 787/787/787
f 778/778/778 789/789/789 788/788/788
f 780/780/780 791/791/791 789/789/789
f 790/790/790 793/793/793 791/791/791
f 782/782/782 781/781/781 634/634/634
f 781/781/781 783/783/783 608/608/608
f 783/783/783 784/784/784 582/582/582
f 784/784/784 785/785/785 556/556/556
f 785/785/785 786/786/786 531/531/531
f 786/786/786 787/787/787 506/506/506
f 787/787/787 788/788/788 480/480/480
f 789/789/789 454/454/454 480/480/480
f 791/791/791 405/405/405 454/454/454
f 793/793/793 403/403/403 405/405/405
f 794/794/696 797/797/695 795/795/794
f 797/797/695 799/799/703 798/798/796
f 799/799/703 801/801/710 800/800/797
f 801/801/710 803/803/717 802/802/798
f 803/803/717 805/805/800 804/804/799
f 805/805/800 807/807/802 806/806/801
f 807/807/802 809/809/738 808/808/803
f 809/809/738 811/811/745 810/810/804
f 811/811/745 813/813/752 812/812/805
f 813/813/752 2050/2050/1602 814/814/806
f 815/815/795 818/818/809 816/816/807
f 818/818/809 820/820/796 819/819/810
f 820/820/796 822/822/797 821/821/811
f 822/822/797 824/824/798 823/823/812
f 824/824/798 827/827/799 825/825/813
f 826/826/801 829/829/815 825/825/813
f 828/828/814 831/831/816 829/829/815
f 830/830/804 833/833/817 831/831/816
f 832/832/805 835/835/819 833/833/817
f 834/834/818 837/837/821 835/835/819
f 834/834/818 838/838/822 836/836/820
f 838/838/822 840/840/824 839/839/823
f 840/840/824 842/842/826 841/841/825
f 842/842/826 844/844/828 843/843/827
f 844/844/828 846/846/830 845/845/829
f 846/846/830 849/849/833 847/847/831
f 848/848/832 851/851/835 847/847/831
f 850/850/834 853/853/837 851/851/835
f 852/852/836 855/855/838 853/853/837
f 854/854/290 2051/2051/1927 855/855/838
f 856/856/839 859/859/842 857/857/840
f 859/859/842 861/861/844 860/860/843
f 861/861/844 864/864/847 862/862/845
f 863/863/846 866/866/849 862/862/845
f 865/865/848 868/868/851 866/866/849
f 867/867/850 870/870/853 868/868/851
f 869/869/852 872/872/855 870/870/853
f 871/871/854 874/874/857 872/872/855
f 873/873/856 876/876/859 874/874/857
f 873/873/856 2052/2052/1928 875/875/858
f 858/858/841 857/857/840 877/877/860
f 857/857/840 860/860/843 879/879/861
f 860/860/843 862/862/845 880/880/862
f 862/862/845 866/866/849 881/881/863
f 868/868/851 882/882/864 881/881/863
f 870/870/853 883/883/865 882/882/864
f 872/872/855 884/884/866 883/883/865
f 874/874/857 886/886/868 884/884/866
f 874/874/857 876/876/859 885/885/867
f 876/876/859 875/875/858 887/887/869
f 878/878/681 877/877/860 888/888/870
f 879/879/861 890/890/872 888/888/870
f 880/880/862 892/892/874 890/890/872
f 880/880/862 881/881/863 891/891/873
f 881/881/863 882/882/864 893/893/875
f 883/883/865 894/894/876 893/893/875
f 884/884/866 895/895/877 894/894/876
f 886/886/868 897/897/879 895/895/877
f 886/886/868 885/885/867 896/896/878
f 885/885/867 887/887/869 898/898/446
f 889/889/871 888/888/870 899/899/880
f 888/888/870 890/890/872 901/901/882
f 890/890/872 892/892/874 902/902/883
f 892/892/874 891/891/873 903/903/884
f 891/891/873 893/893/875 904/904/885
f 893/893/875 894/894/876 905/905/886
f 894/894/876 895/895/877 906/906/887
f 897/897/879 907/907/888 906/906/887
f 896/896/878 909/909/889 907/907/888
f 896/896/878 898/898/446 908/908/444
f 899/899/880 912/912/891 910/910/677
f 899/899/880 901/901/882 911/911/890
f 901/901/882 902/902/883 913/913/892
f 902/902/883 903/903/884 914/914/893
f 903/903/884 904/904/885 915/915/894
f 904/904/885 905/905/886 916/916/895
f 905/905/886 906/906/887 917/917/896
f 906/906/887 907/907/888 918/918/897
f 907/907/888 909/909/889 919/919/898
f 909/909/889 908/908/444 920/920/899
f 910/910/677 912/912/891 921/921/900
f 912/912/891 911/911/890 923/923/902
f 911/911/890 913/913/892 924/924/903
f 913/913/892 914/914/893 925/925/904
f 914/914/893 915/915/894 926/926/905
f 915/915/894 916/916/895 927/927/906
f 916/916/895 917/917/896 928/928/907
f 917/917/896 918/918/897 929/929/908
f 918/918/897 919/919/898 930/930/909
f 919/919/898 920/920/899 931/931/440
f 922/922/901 921/921/900 932/932/910
f 921/921/900 923/923/902 934/934/911
f 923/923/902 924/924/903 935/935/912
f 924/924/903 925/925/904 936/936/913
f 925/925/904 926/926/905 937/937/914
f 926/926/905 927/927/906 938/938/915
f 927/927/906 928/928/907 939/939/916
f 928/928/907 929/929/908 940/940/917
f 929/929/908 930/930/909 941/941/918
f 930/930/909 931/931/440 942/942/438
f 933/933/675 932/932/910 943/943/919
f 932/932/910 934/934/911 945/945/921
f 934/934/911 935/935/912 946/946/922
f 935/935/912 936/936/913 947/947/923
f 936/936/913 937/937/914 948/948/924
f 937/937/914 938/938/915 949/949/925
f 938/938/915 939/939/916 950/950/926
f 939/939/916 940/940/917 951/951/927
f 940/940/917 941/941/918 952/952/928
f 941/941/918 942/942/438 953/953/436
f 944/944/920 943/943/919 954/954/929
f 943/943/919 945/945/921 956/956/931
f 945/945/921 946/946/922 957/957/932
f 946/946/922 947/947/923 958/958/933
f 947/947/923 948/948/924 959/959/934
f 948/948/924 949/949/925 960/960/935
f 949/949/925 950/950/926 961/961/936
f 950/950/926 951/951/927 962/962/937
f 951/951/927 952/952/928 963/963/938
f 952/952/928 953/953/436 964/964/434
f 955/955/930 954/954/929 965/965/939
f 954/954/929 956/956/931 967/967/940
f 956/956/931 957/957/932 968/968/941
f 957/957/932 958/958/933 969/969/942
f 958/958/933 959/959/934 970/970/943
f 959/959/934 960/960/935 971/971/944
f 960/960/935 961/961/936 972/972/945
f 961/961/936 962/962/937 973/973/946
f 962/962/937 963/963/938 974/974/947
f 963/963/938 964/964/434 975/975/432
f 966/966/672 965/965/939 976/976/948
f 965/965/939 967/967/940 978/978/950
f 967/967/940 968/968/941 979/979/951
f 968/968/941 969/969/942 980/980/952
f 969/969/942 970/970/943 981/981/953
f 970/970/943 971/971/944 982/982/954
f 971/971/944 972/972/945 983/983/955
f 972/972/945 973/973/946 984/984/956
f 973/973/946 974/974/947 985/985/957
f 974/974/947 975/975/432 986/986/430
f 977/977/949 976/976/948 987/987/958
f 976/976/948 978/978/950 989/989/960
f 978/978/950 979/979/951 990/990/961
f 979/979/951 980/980/952 991/991/962
f 980/980/952 981/981/953 992/992/963
f 981/981/953 982/982/954 993/993/964
f 982/982/954 983/983/955 994/994/965
f 983/983/955 984/984/956 995/995/966
f 984/984/956 985/985/957 996/996/967
f 985/985/957 986/986/430 997/997/968
f 988/988/959 987/987/958 998/998/969
f 987/987/958 989/989/960 1000/1000/970
f 989/989/960 990/990/961 1001/1001/971
f 990/990/961 991/991/962 1002/1002/972
f 991/991/962 992/992/963 1003/1003/973
f 992/992/963 993/993/964 1004/1004/974
f 993/993/964 994/994/965 1005/1005/975
f 994/994/965 995/995/966 1006/1006/976
f 995/995/966 996/996/967 1007/1007/977
f 996/996/967 997/997/968 1008/1008/426
f 999/999/669 998/998/969 1009/1009/978
f 998/998/969 1000/1000/970 1011/1011/980
f 1000/1000/970 1001/1001/971 1012/1012/981
f 1001/1001/971 1002/1002/972 1013/1013/982
f 1002/1002/972 1003/1003/973 1014/1014/983
f 1003/1003/973 1004/1004/974 1015/1015/984
f 1004/1004/974 1005/1005/975 1016/1016/985
f 1005/1005/975 1006/1006/976 1017/1017/986
f 1006/1006/976 1007/1007/977 1018/1018/987
f 1007/1007/977 1008/1008/426 1019/1019/988
f 1010/1010/979 1009/1009/978 1020/1020/989
f 1009/1009/978 1011/1011/980 1022/1022/991
f 1011/1011/980 1012/1012/981 1023/1023/992
f 1012/1012/981 1013/1013/982 1024/1024/993
f 1013/1013/982 1014/1014/983 1025/1025/994
f 1014/1014/983 1015/1015/984 1026/1026/995
f 1015/1015/984 1016/1016/985 1027/1027/996
f 1016/1016/985 1017/1017/986 1028/1028/997
f 1017/1017/986 1018/1018/987 1029/1029/998
f 1018/1018/987 1019/1019/988 1030/1030/422
f 1021/1021/990 1020/1020/989 1031/1031/999
f 1020/1020/989 1022/1022/991 1033/1033/1001
f 1022/1022/991 1023/1023/992 1034/1034/1002
f 1023/1023/992 1024/1024/993 1035/1035/1003
f 1024/1024/993 1025/1025/994 1036/1036/1004
f 1025/1025/994 1026/1026/995 1037/1037/1005
f 1026/1026/995 1027/1027/996 1038/1038/1006
f 1027/1027/996 1028/1028/997 1039/1039/1007
f 1028/1028/997 1029/1029/998 1040/1040/1008
f 1029/1029/998 1030/1030/422 1041/1041/420
f 1032/1032/1000 1031/1031/999 1042/1042/1009
f 1031/1031/999 1033/1033/1001 1044/1044/1010
f 1033/1033/1001 1034/1034/1002 1045/1045/1011
f 1034/1034/1002 1035/1035/1003 1046/1046/1012
f 1035/1035/1003 1036/1036/1004 1047/1047/1013
f 1036/1036/1004 1037/1037/1005 1048/1048/1014
f 1037/1037/1005 1038/1038/1006 1049/1049/1015
f 1038/1038/1006 1039/1039/1007 1050/1050/1016
f 1039/1039/1007 1040/1040/1008 1051/1051/1017
f 1040/1040/1008 1041/1041/420 1052/1052/418
f 1043/1043/665 1042/1042/1009 1053/1053/1018
f 1042/1042/1009 1044/1044/1010 1055/1055/1019
f 1044/1044/1010 1045/1045/1011 1056/1056/1020
f 1045/1045/1011 1046/1046/1012 1057/1057/1021
f 1046/1046/1012 1047/1047/1013 1058/1058/1022
f 1047/1047/1013 1048/1048/1014 1059/1059/1023
f 1048/1048/1014 1049/1049/1015 1060/1060/1024
f 1049/1049/1015 1050/1050/1016 1061/1061/1025
f 1050/1050/1016 1051/1051/1017 1062/1062/1026
f 1051/1051/1017 1052/1052/418 1063/1063/416
f 1054/1054/664 1053/1053/1018 1064/1064/1027
f 1053/1053/1018 1055/1055/1019 1066/1066/1028
f 1055/1055/1019 1056/1056/1020 1067/1067/1029
f 1056/1056/1020 1057/1057/1021 1068/1068/1030
f 1057/1057/1021 1058/1058/1022 1069/1069/1031
f 1058/1058/1022 1059/1059/1023 1070/1070/1032
f 1059/1059/1023 1060/1060/1024 1071/1071/1033
f 1060/1060/1024 1061/1061/1025 1072/1072/1034
f 1061/1061/1025 1062/1062/1026 1073/1073/1035
f 1062/1062/1026 1063/1063/416 1074/1074/1036
f 1065/1065/663 1064/1064/1027 1075/1075/1037
f 1064/1064/1027 1066/1066/1028 1077/1077/1039
f 1066/1066/1028 1067/1067/1029 1078/1078/1040
f 1067/1067/1029 1068/1068/1030 1079/1079/1041
f 1068/1068/1030 1069/1069/1031 1080/1080/1042
f 1069/1069/1031 1070/1070/1032 1081/1081/1043
f 1070/1070/1032 1071/1071/1033 1082/1082/1044
f 1071/1071/1033 1072/1072/1034 1083/1083/1045
f 1072/1072/1034 1073/1073/1035 1084/1084/1046
f 1073/1073/1035 1074/1074/1036 1085/1085/1047
f 1076/1076/1038 1075/1075/1037 1086/1086/1048
f 1075/1075/1037 1077/1077/1039 1088/1088/1049
f 1077/1077/1039 1078/1078/1040 1089/1089/1050
f 1078/1078/1040 1079/1079/1041 1090/1090/1051
f 1079/1079/1041 1080/1080/1042 1091/1091/1052
f 1080/1080/1042 1081/1081/1043 1092/1092/1053
f 1081/1081/1043 1082/1082/1044 1093/1093/1054
f 1082/1082/1044 1083/1083/1045 1094/1094/1055
f 1083/1083/1045 1084/1084/1046 1095/1095/1056
f 1084/1084/1046 1085/1085/1047 1096/1096/410
f 1087/1087/661 1086/1086/1048 1097/1097/1057
f 1086/1086/1048 1088/1088/1049 1099/1099/1059
f 1088/1088/1049 1089/1089/1050 1100/1100/1060
f 1089/1089/1050 1090/1090/1051 1101/1101/1061
f 1090/1090/1051 1091/1091/1052 1102/1102/1062
f 1091/1091/1052 1092/1092/1053 1103/1103/1063
f 1092/1092/1053 1093/1093/1054 1104/1104/1064
f 1093/1093/1054 1094/1094/1055 1105/1105/1065
f 1094/1094/1055 1095/1095/1056 1106/1106/1066
f 1095/1095/1056 1096/1096/410 1107/1107/1067
f 1098/1098/1058 1097/1097/1057 1108/1108/1068
f 1097/1097/1057 1099/1099/1059 1110/1110/1069
f 1099/1099/1059 1100/1100/1060 1111/1111/1070
f 1100/1100/1060 1101/1101/1061 1112/1112/1071
f 1101/1101/1061 1102/1102/1062 1113/1113/1072
f 1102/1102/1062 1103/1103/1063 1114/1114/1073
f 1103/1103/1063 1104/1104/1064 1115/1115/1074
f 1104/1104/1064 1105/1105/1065 1116/1116/1075
f 1105/1105/1065 1106/1106/1066 1117/1117/1076
f 1106/1106/1066 1107/1107/1067 1118/1118/406
f 1109/1109/660 1108/1108/1068 1119/1119/1077
f 1108/1108/1068 1110/1110/1069 1121/1121/1079
f 1110/1110/1069 1111/1111/1070 1122/1122/1080
f 1111/1111/1070 1112/1112/1071 1123/1123/1081
f 1112/1112/1071 1113/1113/1072 1124/1124/1082
f 1113/1113/1072 1114/1114/1073 1125/1125/1083
f 1114/1114/1073 1115/1115/1074 1126/1126/1084
f 1115/1115/1074 1116/1116/1075 1127/1127/1085
f 1116/1116/1075 1117/1117/1076 1128/1128/1086
f 1117/1117/1076 1118/1118/406 1129/1129/1087
f 1130/1130/1088 1134/1134/1092 1131/1131/1089
f 1133/1133/1091 1136/1136/1093 1134/1134/1092
f 1135/1135/690 1139/1139/1096 1136/1136/1093
f 1139/1139/1096 1135/1135/690 1137/1137/1094
f 1135/1135/690 2053/2053/1929 1137/1137/1094
f 2053/2053/1929 1142/1142/1099 1137/1137/1094
f 1142/1142/1099 2053/2053/1929 1144/1144/1101
f 1144/1144/1101 1140/1140/1097 1142/1142/1099
f 1143/1143/1100 1146/1146/1103 1140/1140/1097
f 1143/1143/1100 2054/2054/1604 1145/1145/1102
f 1134/1134/1092 1148/1148/1105 1147/1147/1104
f 1136/1136/1093 1149/1149/1106 1148/1148/1105
f 1139/1139/1096 1150/1150/1107 1149/1149/1106
f 1138/1138/1095 1157/1157/1114 1150/1150/1107
f 1140/1140/1097 1152/1152/1109 1151/1151/1108
f 1146/1146/1103 1153/1153/1110 1152/1152/1109
f 1145/1145/1102 1161/1161/1118 1153/1153/1110
f 1148/1148/1105 1155/1155/1112 1154/1154/1111
f 1149/1149/1106 1156/1156/1113 1155/1155/1112
f 1150/1150/1107 1158/1158/1115 1156/1156/1113
f 1157/1157/1114 1166/1166/1123 1158/1158/1115
f 1152/1152/1109 1160/1160/1117 1159/1159/1116
f 1153/1153/1110 1162/1162/1119 1160/1160/1117
f 1161/1161/1118 1170/1170/1127 1162/1162/1119
f 1155/1155/1112 1164/1164/1121 1163/1163/1120
f 1156/1156/1113 1165/1165/1122 1164/1164/1121
f 1158/1158/1115 1167/1167/1124 1165/1165/1122
f 1166/1166/1123 1168/1168/1125 1167/1167/1124
f 1160/1160/1117 1169/1169/1126 1168/1168/1125
f 1162/1162/1119 1171/1171/1128 1169/1169/1126
f 1170/1170/1127 2055/2055/1930 1171/1171/1128
f 1164/1164/1121 1173/1173/1130 1172/1172/1129
f 1165/1165/1122 1174/1174/1131 1173/1173/1130
f 1167/1167/1124 1175/1175/1132 1174/1174/1131
f 1168/1168/1125 1177/1177/1134 1175/1175/1132
f 1171/1171/1128 1179/1179/1136 1176/1176/1133
f 1171/1171/1128 2055/2055/1930 1178/1178/1135
f 1173/1173/1130 1181/1181/1138 1180/1180/1137
f 1174/1174/1131 1182/1182/1139 1181/1181/1138
f 1175/1175/1132 1183/1183/1140 1182/1182/1139
f 1177/1177/1134 1184/1184/1141 1183/1183/1140
f 1176/1176/1133 1186/1186/1143 1184/1184/1141
f 1185/1185/1142 1192/1192/1149 1186/1186/1143
f 1178/1178/1135 2035/2035/1612 1185/1185/1142
f 1181/1181/1138 1188/1188/1145 1187/1187/1144
f 1182/1182/1139 1189/1189/1146 1188/1188/1145
f 1183/1183/1140 1190/1190/1147 1189/1189/1146
f 1184/1184/1141 1191/1191/1148 1190/1190/1147
f 1186/1186/1143 1193/1193/1150 1191/1191/1148
f 1192/1192/1149 1195/1195/1152 1193/1193/1150
f 1192/1192/1149 2056/2056/1611 1194/1194/1151
f 1188/1188/1145 1197/1197/1154 1196/1196/1153
f 1189/1189/1146 1198/1198/1155 1197/1197/1154
f 1190/1190/1147 1199/1199/1156 1198/1198/1155
f 1191/1191/1148 1200/1200/1157 1199/1199/1156
f 1193/1193/1150 1201/1201/1158 1200/1200/1157
f 1195/1195/1152 1203/1203/1160 1201/1201/1158
f 1195/1195/1152 1194/1194/1151 1202/1202/1159
f 1197/1197/1154 1205/1205/1162 1204/1204/1161
f 1198/1198/1155 1206/1206/1163 1205/1205/1162
f 1199/1199/1156 1207/1207/1164 1206/1206/1163
f 1200/1200/1157 1208/1208/1165 1207/1207/1164
f 1201/1201/1158 1209/1209/1166 1208/1208/1165
f 1203/1203/1160 1211/1211/1168 1209/1209/1166
f 1203/1203/1160 1202/1202/1159 1210/1210/1167
f 1205/1205/1162 1213/1213/362 1212/1212/361
f 1206/1206/1163 1214/1214/363 1213/1213/362
f 1207/1207/1164 1215/1215/1169 1214/1214/363
f 1208/1208/1165 1216/1216/1170 1215/1215/1169
f 1209/1209/1166 1217/1217/1171 1216/1216/1170
f 1211/1211/1168 1219/1219/1173 1217/1217/1171
f 1211/1211/1168 1210/1210/1167 1218/1218/1172
f 1220/1220/1174 1221/1221/1175 1204/1204/1161
f 1221/1221/1175 1222/1222/1176 1196/1196/1153
f 1222/1222/1176 1223/1223/1177 1187/1187/1144
f 1223/1223/1177 1224/1224/1178 1180/1180/1137
f 1224/1224/1178 1225/1225/1179 1172/1172/1129
f 1225/1225/1179 1226/1226/1180 1163/1163/1120
f 1226/1226/1180 1227/1227/1181 1154/1154/1111
f 1227/1227/1181 1228/1228/1182 1147/1147/1104
f 1228/1228/1182 1229/1229/1183 1131/1131/1089
f 1229/1229/1183 1240/1240/1194 1132/1132/1090
f 1230/1230/1184 1231/1231/1185 1221/1221/1175
f 1231/1231/1185 1232/1232/1186 1222/1222/1176
f 1232/1232/1186 1233/1233/1187 1223/1223/1177
f 1233/1233/1187 1234/1234/1188 1224/1224/1178
f 1234/1234/1188 1235/1235/1189 1225/1225/1179
f 1235/1235/1189 1236/1236/1190 1226/1226/1180
f 1236/1236/1190 1237/1237/1191 1227/1227/1181
f 1237/1237/1191 1238/1238/1192 1228/1228/1182
f 1238/1238/1192 1239/1239/1193 1229/1229/1183
f 1239/1239/1193 1250/1250/1204 1240/1240/1194
f 1230/1230/1184 1251/1251/1205 1241/1241/1195
f 1241/1241/1195 1242/1242/1196 1232/1232/1186
f 1242/1242/1196 1243/1243/1197 1233/1233/1187
f 1243/1243/1197 1244/1244/1198 1234/1234/1188
f 1244/1244/1198 1245/1245/1199 1235/1235/1189
f 1245/1245/1199 1246/1246/1200 1236/1236/1190
f 1246/1246/1200 1247/1247/1201 1237/1237/1191
f 1247/1247/1201 1248/1248/1202 1238/1238/1192
f 1248/1248/1202 1249/1249/1203 1239/1239/1193
f 1249/1249/1203 1252/1252/1206 1250/1250/1204
f 1251/1251/1205 1994/1994/1877 1119/1119/1077
f 1241/1241/1195 1119/1119/1077 1121/1121/1079
f 1242/1242/1196 1121/1121/1079 1122/1122/1080
f 1243/1243/1197 1122/1122/1080 1123/1123/1081
f 1244/1244/1198 1123/1123/1081 1124/1124/1082
f 1245/1245/1199 1124/1124/1082 1125/1125/1083
f 1246/1246/1200 1125/1125/1083 1126/1126/1084
f 1126/1126/1084 1127/1127/1085 1248/1248/1202
f 1127/1127/1085 1128/1128/1086 1249/1249/1203
f 1128/1128/1086 1129/1129/1087 1252/1252/1206
f 1253/1253/274 1303/1303/1247 1254/1254/1207
f 1255/1255/1208 1254/1254/1207 1256/1256/1209
f 1257/1257/1210 1256/1256/1209 1258/1258/1211
f 1259/1259/241 1258/1258/1211 1260/1260/1212
f 1261/1261/230 1260/1260/1212 1262/1262/1213
f 1263/1263/219 1262/1262/1213 1264/1264/1214
f 1265/1265/1215 1264/1264/1214 1266/1266/1216
f 1267/1267/1217 1266/1266/1216 1268/1268/1218
f 1269/1269/1219 1268/1268/1218 1270/1270/1220
f 1271/1271/175 1270/1270/1220 1272/1272/1221
f 1273/1273/164 1272/1272/1221 1274/1274/1222
f 1275/1275/1223 1274/1274/1222 1276/1276/1224
f 1277/1277/142 1276/1276/1224 1278/1278/1225
f 1279/1279/1226 1278/1278/1225 1280/1280/1227
f 1281/1281/1228 1280/1280/1227 1282/1282/1229
f 1283/1283/109 1282/1282/1229 1284/1284/1230
f 1285/1285/98 1284/1284/1230 1286/1286/1231
f 1287/1287/1232 1286/1286/1231 1288/1288/1233
f 1289/1289/1234 1288/1288/1233 1290/1290/1235
f 1291/1291/1236 1290/1290/1235 1292/1292/1237
f 1293/1293/1238 1292/1292/1237 1294/1294/1239
f 1295/1295/1240 1294/1294/1239 1296/1296/1241
f 1297/1297/30 1296/1296/1241 1298/1298/1242
f 1300/1300/1244 1327/1327/1271 1301/1301/1245
f 1303/1303/1247 1329/1329/1273 1304/1304/1248
f 1254/1254/1207 1304/1304/1248 1305/1305/1249
f 1256/1256/1209 1305/1305/1249 1306/1306/1250
f 1258/1258/1211 1306/1306/1250 1307/1307/1251
f 1260/1260/1212 1307/1307/1251 1308/1308/1252
f 1262/1262/1213 1308/1308/1252 1309/1309/1253
f 1264/1264/1214 1309/1309/1253 1310/1310/1254
f 1266/1266/1216 1310/1310/1254 1311/1311/1255
f 1268/1268/1218 1311/1311/1255 1312/1312/1256
f 1270/1270/1220 1312/1312/1256 1313/1313/1257
f 1272/1272/1221 1313/1313/1257 1314/1314/1258
f 1274/1274/1222 1314/1314/1258 1315/1315/1259
f 1276/1276/1224 1315/1315/1259 1316/1316/1260
f 1278/1278/1225 1316/1316/1260 1317/1317/1261
f 1280/1280/1227 1317/1317/1261 1318/1318/1262
f 1282/1282/1229 1318/1318/1262 1319/1319/1263
f 1284/1284/1230 1319/1319/1263 1320/1320/1264
f 1286/1286/1231 1320/1320/1264 1321/1321/1265
f 1288/1288/1233 1321/1321/1265 1322/1322/1266
f 1290/1290/1235 1322/1322/1266 1323/1323/1267
f 1292/1292/1237 1323/1323/1267 1324/1324/1268
f 1294/1294/1239 1324/1324/1268 1325/1325/1269
f 1296/1296/1241 1325/1325/1269 1326/1326/1270
f 1327/1327/1271 1353/1353/1297 1328/1328/1272
f 1329/1329/1273 1355/1355/1299 1330/1330/1274
f 1304/1304/1248 1330/1330/1274 1331/1331/1275
f 1305/1305/1249 1331/1331/1275 1332/1332/1276
f 1306/1306/1250 1332/1332/1276 1333/1333/1277
f 1307/1307/1251 1333/1333/1277 1334/1334/1278
f 1308/1308/1252 1334/1334/1278 1335/1335/1279
f 1309/1309/1253 1335/1335/1279 1336/1336/1280
f 1310/1310/1254 1336/1336/1280 1337/1337/1281
f 1311/1311/1255 1337/1337/1281 1338/1338/1282
f 1312/1312/1256 1338/1338/1282 1339/1339/1283
f 1313/1313/1257 1339/1339/1283 1340/1340/1284
f 1314/1314/1258 1340/1340/1284 1341/1341/1285
f 1315/1315/1259 1341/1341/1285 1342/1342/1286
f 1316/1316/1260 1342/1342/1286 1343/1343/1287
f 1317/1317/1261 1343/1343/1287 1344/1344/1288
f 1318/1318/1262 1344/1344/1288 1345/1345/1289
f 1319/1319/1263 1345/1345/1289 1346/1346/1290
f 1320/1320/1264 1346/1346/1290 1347/1347/1291
f 1321/1321/1265 1347/1347/1291 1348/1348/1292
f 1322/1322/1266 1348/1348/1292 1349/1349/1293
f 1323/1323/1267 1349/1349/1293 1350/1350/1294
f 1324/1324/1268 1350/1350/1294 1351/1351/1295
f 1325/1325/1269 1351/1351/1295 1352/1352/1296
f 1353/1353/1297 1380/1380/1324 1354/1354/1298
f 1355/1355/1299 1381/1381/1325 1356/1356/1300
f 1330/1330/1274 1356/1356/1300 1357/1357/1301
f 1331/1331/1275 1357/1357/1301 1358/1358/1302
f 1332/1332/1276 1358/1358/1302 1359/1359/1303
f 1333/1333/1277 1359/1359/1303 1360/1360/1304
f 1334/1334/1278 1360/1360/1304 1361/1361/1305
f 1335/1335/1279 1361/1361/1305 1362/1362/1306
f 1336/1336/1280 1362/1362/1306 1363/1363/1307
f 1337/1337/1281 1363/1363/1307 1364/1364/1308
f 1338/1338/1282 1364/1364/1308 1365/1365/1309
f 1339/1339/1283 1365/1365/1309 1366/1366/1310
f 1340/1340/1284 1366/1366/1310 1367/1367/1311
f 1341/1341/1285 1367/1367/1311 1368/1368/1312
f 1342/1342/1286 1368/1368/1312 1369/1369/1313
f 1343/1343/1287 1369/1369/1313 1370/1370/1314
f 1344/1344/1288 1370/1370/1314 1371/1371/1315
f 1345/1345/1289 1371/1371/1315 1372/1372/1316
f 1346/1346/1290 1372/1372/1316 1373/1373/1317
f 1347/1347/1291 1373/1373/1317 1374/1374/1318
f 1348/1348/1292 1374/1374/1318 1375/1375/1319
f 1349/1349/1293 1375/1375/1319 1376/1376/1320
f 1350/1350/1294 1376/1376/1320 1377/1377/1321
f 1351/1351/1295 1377/1377/1321 1378/1378/1322
f 1379/1379/1323 1405/1405/1349 1354/1354/1298
f 1381/1381/1325 1406/1406/1350 1382/1382/1326
f 1356/1356/1300 1382/1382/1326 1383/1383/1327
f 1357/1357/1301 1383/1383/1327 1384/1384/1328
f 1358/1358/1302 1384/1384/1328 1385/1385/1329
f 1359/1359/1303 1385/1385/1329 1386/1386/1330
f 1360/1360/1304 1386/1386/1330 1387/1387/1331
f 1361/1361/1305 1387/1387/1331 1388/1388/1332
f 1362/1362/1306 1388/1388/1332 1389/1389/1333
f 1363/1363/1307 1389/1389/1333 1390/1390/1334
f 1364/1364/1308 1390/1390/1334 1391/1391/1335
f 1365/1365/1309 1391/1391/1335 1392/1392/1336
f 1366/1366/1310 1392/1392/1336 1393/1393/1337
f 1367/1367/1311 1393/1393/1337 1394/1394/1338
f 1368/1368/1312 1394/1394/1338 1395/1395/1339
f 1369/1369/1313 1395/1395/1339 1396/1396/1340
f 1370/1370/1314 1396/1396/1340 1397/1397/1341
f 1371/1371/1315 1397/1397/1341 1398/1398/1342
f 1372/1372/1316 1398/1398/1342 1399/1399/1343
f 1373/1373/1317 1399/1399/1343 1400/1400/1344
f 1374/1374/1318 1400/1400/1344 1401/1401/1345
f 1375/1375/1319 1401/1401/1345 1402/1402/1346
f 1376/1376/1320 1402/1402/1346 1403/1403/1347
f 1403/1403/1347 1429/1429/1373 1378/1378/1322
f 1404/1404/1348 1431/1431/1375 1405/1405/1349
f 1406/1406/1350 1432/1432/1376 1407/1407/1351
f 1382/1382/1326 1407/1407/1351 1408/1408/1352
f 1383/1383/1327 1408/1408/1352 1409/1409/1353
f 1384/1384/1328 1409/1409/1353 1410/1410/1354
f 1385/1385/1329 1410/1410/1354 1411/1411/1355
f 1386/1386/1330 1411/1411/1355 1412/1412/1356
f 1387/1387/1331 1412/1412/1356 1413/1413/1357
f 1388/1388/1332 1413/1413/1357 1414/1414/1358
f 1389/1389/1333 1414/1414/1358 1415/1415/1359
f 1390/1390/1334 1415/1415/1359 1416/1416/1360
f 1391/1391/1335 1416/1416/1360 1417/1417/1361
f 1392/1392/1336 1417/1417/1361 1418/1418/1362
f 1393/1393/1337 1418/1418/1362 1419/1419/1363
f 1394/1394/1338 1419/1419/1363 1420/1420/1364
f 1395/1395/1339 1420/1420/1364 1421/1421/1365
f 1396/1396/1340 1421/1421/1365 1422/1422/1366
f 1397/1397/1341 1422/1422/1366 1423/1423/1367
f 1398/1398/1342 1423/1423/1367 1424/1424/1368
f 1399/1399/1343 1424/1424/1368 1425/1425/1369
f 1400/1400/1344 1425/1425/1369 1426/1426/1370
f 1401/1401/1345 1426/1426/1370 1427/1427/1371
f 1402/1402/1346 1427/1427/1371 1428/1428/1372
f 1428/1428/1372 1455/1455/1399 1429/1429/1373
f 1404/1404/1348 1456/1456/1400 1430/1430/1374
f 1432/1432/1376 1458/1458/1402 1433/1433/1377
f 1407/1407/1351 1433/1433/1377 1434/1434/1378
f 1408/1408/1352 1434/1434/1378 1435/1435/1379
f 1409/1409/1353 1435/1435/1379 1436/1436/1380
f 1410/1410/1354 1436/1436/1380 1437/1437/1381
f 1411/1411/1355 1437/1437/1381 1438/1438/1382
f 1412/1412/1356 1438/1438/1382 1439/1439/1383
f 1413/1413/1357 1439/1439/1383 1440/1440/1384
f 1414/1414/1358 1440/1440/1384 1441/1441/1385
f 1415/1415/1359 1441/1441/1385 1442/1442/1386
f 1416/1416/1360 1442/1442/1386 1443/1443/1387
f 1417/1417/1361 1443/1443/1387 1444/1444/1388
f 1418/1418/1362 1444/1444/1388 1445/1445/1389
f 1419/1419/1363 1445/1445/1389 1446/1446/1390
f 1420/1420/1364 1446/1446/1390 1447/1447/1391
f 1421/1421/1365 1447/1447/1391 1448/1448/1392
f 1422/1422/1366 1448/1448/1392 1449/1449/1393
f 1423/1423/1367 1449/1449/1393 1450/1450/1394
f 1424/1424/1368 1450/1450/1394 1451/1451/1395
f 1425/1425/1369 1451/1451/1395 1452/1452/1396
f 1426/1426/1370 1452/1452/1396 1453/1453/1397
f 1453/1453/1397 1454/1454/1398 1428/1428/1372
f 1454/1454/1398 1481/1481/1425 1455/1455/1399
f 1456/1456/1400 1482/1482/1426 1457/1457/1401
f 1458/1458/1402 1484/1484/1428 1459/1459/1403
f 1433/1433/1377 1459/1459/1403 1460/1460/1404
f 1434/1434/1378 1460/1460/1404 1461/1461/1405
f 1435/1435/1379 1461/1461/1405 1462/1462/1406
f 1436/1436/1380 1462/1462/1406 1463/1463/1407
f 1437/1437/1381 1463/1463/1407 1464/1464/1408
f 1438/1438/1382 1464/1464/1408 1465/1465/1409
f 1439/1439/1383 1465/1465/1409 1466/1466/1410
f 1440/1440/1384 1466/1466/1410 1467/1467/1411
f 1441/1441/1385 1467/1467/1411 1468/1468/1412
f 1442/1442/1386 1468/1468/1412 1469/1469/1413
f 1443/1443/1387 1469/1469/1413 1470/1470/1414
f 1444/1444/1388 1470/1470/1414 1471/1471/1415
f 1445/1445/1389 1471/1471/1415 1472/1472/1416
f 1446/1446/1390 1472/1472/1416 1473/1473/1417
f 1447/1447/1391 1473/1473/1417 1474/1474/1418
f 1448/1448/1392 1474/1474/1418 1475/1475/1419
f 1449/1449/1393 1475/1475/1419 1476/1476/1420
f 1450/1450/1394 1476/1476/1420 1477/1477/1421
f 1451/1451/1395 1477/1477/1421 1478/1478/1422
f 1452/1452/1396 1478/1478/1422 1479/1479/1423
f 1479/1479/1423 1480/1480/1424 1454/1454/1398
f 1480/1480/1424 1507/1507/1451 1481/1481/1425
f 1482/1482/1426 1508/1508/1452 1483/1483/1427
f 1484/1484/1428 1510/1510/1454 1485/1485/1429
f 1459/1459/1403 1485/1485/1429 1486/1486/1430
f 1460/1460/1404 1486/1486/1430 1487/1487/1431
f 1461/1461/1405 1487/1487/1431 1488/1488/1432
f 1462/1462/1406 1488/1488/1432 1489/1489/1433
f 1463/1463/1407 1489/1489/1433 1490/1490/1434
f 1464/1464/1408 1490/1490/1434 1491/1491/1435
f 1465/1465/1409 1491/1491/1435 1492/1492/1436
f 1466/1466/1410 1492/1492/1436 1493/1493/1437
f 1467/1467/1411 1493/1493/1437 1494/1494/1438
f 1468/1468/1412 1494/1494/1438 1495/1495/1439
f 1469/1469/1413 1495/1495/1439 1496/1496/1440
f 1470/1470/1414 1496/1496/1440 1497/1497/1441
f 1471/1471/1415 1497/1497/1441 1498/1498/1442
f 1472/1472/1416 1498/1498/1442 1499/1499/1443
f 1473/1473/1417 1499/1499/1443 1500/1500/1444
f 1474/1474/1418 1500/1500/1444 1501/1501/1445
f 1475/1475/1419 1501/1501/1445 1502/1502/1446
f 1476/1476/1420 1502/1502/1446 1503/1503/1447
f 1477/1477/1421 1503/1503/1447 1504/1504/1448
f 1504/1504/1448 1505/1505/1449 1479/1479/1423
f 1505/1505/1449 1506/1506/1450 1480/1480/1424
f 1506/1506/1450 1534/1534/1467 1507/1507/1451
f 1508/1508/1452 1535/1535/1468 1509/1509/1453
f 1485/1485/1429 2057/2057/264 1513/1513/253
f 1486/1486/1430 1513/1513/253 1514/1514/242
f 1487/1487/1431 1514/1514/242 1515/1515/231
f 1488/1488/1432 1515/1515/231 1516/1516/1457
f 1489/1489/1433 1516/1516/1457 1517/1517/1458
f 1490/1490/1434 1517/1517/1458 1518/1518/1459
f 1491/1491/1435 1518/1518/1459 1519/1519/187
f 1492/1492/1436 1519/1519/187 1520/1520/176
f 1493/1493/1437 1520/1520/176 1521/1521/165
f 1494/1494/1438 1521/1521/165 1522/1522/154
f 1495/1495/1439 1522/1522/154 1523/1523/1460
f 1496/1496/1440 1523/1523/1460 1524/1524/132
f 1497/1497/1441 1524/1524/132 1525/1525/121
f 1498/1498/1442 1525/1525/121 1526/1526/1461
f 1499/1499/1443 1526/1526/1461 1527/1527/99
f 1500/1500/1444 1527/1527/99 1528/1528/1462
f 1501/1501/1445 1528/1528/1462 1529/1529/1463
f 1529/1529/1463 1530/1530/65 1503/1503/1447
f 1530/1530/65 1531/1531/1464 1504/1504/1448
f 1531/1531/1464 1532/1532/1465 1505/1505/1449
f 1532/1532/1465 1533/1533/1466 1506/1506/1450
f 1533/1533/1466 2058/2058/1931 1534/1534/1467
f 1535/1535/1468 1969/1969/1 1536/1536/1469
f 1537/1537/276 1541/1541/1472 1538/1538/1470
f 1540/1540/279 1543/1543/1474 1541/1541/1472
f 1542/1542/1473 1545/1545/1476 1543/1543/1474
f 1544/1544/1475 1547/1547/1477 1545/1545/1476
f 1546/1546/286 1549/1549/1479 1547/1547/1477
f 1546/1546/286 2059/2059/1932 1548/1548/1478
f 1541/1541/1472 1551/1551/1481 1550/1550/1480
f 1543/1543/1474 1552/1552/1482 1551/1551/1481
f 1545/1545/1476 1553/1553/1483 1552/1552/1482
f 1547/1547/1477 1554/1554/1484 1553/1553/1483
f 1549/1549/1479 1563/1563/1493 1554/1554/1484
f 1563/1563/1493 1549/1549/1479 1556/1556/1486
f 1549/1549/1479 1548/1548/1478 1556/1556/1486
f 1559/1559/1489 1550/1550/1480 1557/1557/1487
f 1550/1550/1480 1551/1551/1481 1557/1557/1487
f 1551/1551/1481 1560/1560/1490 1557/1557/1487
f 1552/1552/1482 1561/1561/1491 1560/1560/1490
f 1553/1553/1483 1562/1562/1492 1561/1561/1491
f 1554/1554/1484 1564/1564/1494 1562/1562/1492
f 1563/1563/1493 1565/1565/1495 1564/1564/1494
f 1567/1567/1497 1571/1571/1501 1568/1568/1498
f 1570/1570/1500 1573/1573/1503 1571/1571/1501
f 1572/1572/1502 1575/1575/1505 1573/1573/1503
f 1574/1574/1504 1577/1577/1507 1575/1575/1505
f 1574/1574/1504 2037/2037/1918 1576/1576/1506
f 1568/1568/1498 1580/1580/1510 1578/1578/1508
f 1571/1571/1501 1581/1581/1511 1580/1580/1510
f 1573/1573/1503 1582/1582/1512 1581/1581/1511
f 1575/1575/1505 1583/1583/1513 1582/1582/1512
f 1577/1577/1507 1585/1585/1515 1583/1583/1513
f 1577/1577/1507 1576/1576/1506 1584/1584/1514
f 1580/1580/1510 1587/1587/1517 1586/1586/1516
f 1581/1581/1511 1588/1588/1518 1587/1587/1517
f 1582/1582/1512 1589/1589/1519 1588/1588/1518
f 1583/1583/1513 1590/1590/1520 1589/1589/1519
f 1585/1585/1515 1592/1592/1522 1590/1590/1520
f 1585/1585/1515 1584/1584/1514 1591/1591/1521
f 1587/1587/1517 1594/1594/1524 1593/1593/1523
f 1588/1588/1518 1595/1595/1525 1594/1594/1524
f 1589/1589/1519 1596/1596/1526 1595/1595/1525
f 1590/1590/1520 1597/1597/1527 1596/1596/1526
f 1592/1592/1522 1599/1599/1529 1597/1597/1527
f 1592/1592/1522 1591/1591/1521 1598/1598/1528
f 1594/1594/1524 1601/1601/1531 1600/1600/1530
f 1595/1595/1525 1602/1602/1532 1601/1601/1531
f 1596/1596/1526 1603/1603/1533 1602/1602/1532
f 1597/1597/1527 1604/1604/1534 1603/1603/1533
f 1599/1599/1529 1606/1606/1536 1604/1604/1534
f 1599/1599/1529 1598/1598/1528 1605/1605/1535
f 1601/1601/1531 1608/1608/1538 1607/1607/1537
f 1602/1602/1532 1609/1609/1539 1608/1608/1538
f 1603/1603/1533 1610/1610/1540 1609/1609/1539
f 1604/1604/1534 1611/1611/1541 1610/1610/1540
f 1606/1606/1536 1612/1612/1542 1611/1611/1541
f 1613/1613/1543 1617/1617/1547 1614/1614/1544
f 1616/1616/1546 1619/1619/1549 1617/1617/1547
f 1618/1618/1548 1621/1621/756 1619/1619/1549
f 1620/1620/1550 1623/1623/1552 1621/1621/756
f 1622/1622/1551 1625/1625/1554 1623/1623/1552
f 1624/1624/1553 2060/2060/1602 1625/1625/1554
f 1626/1626/760 1627/1627/1555 1615/1615/1545
f 1627/1627/1555 2039/2039/1919 1607/1607/1537
f 1628/1628/1556 1629/1629/1557 1593/1593/1523
f 1629/1629/1557 1630/1630/1558 1586/1586/1516
f 1630/1630/1558 1643/1643/1571 1578/1578/1508
f 1579/1579/1509 1578/1578/1508 1631/1631/1559
f 1578/1578/1508 1643/1643/1571 1631/1631/1559
f 1633/1633/1561 1634/1634/1562 1550/1550/1480
f 1634/1634/1562 1635/1635/1563 1538/1538/1470
f 1635/1635/1563 1650/1650/388 1539/1539/1471
f 1636/1636/1564 1637/1637/1565 1627/1627/1555
f 2039/2039/1919 1627/1627/1555 1639/1639/1567
f 1627/1627/1555 1637/1637/1565 1639/1639/1567
f 1639/1639/1567 2044/2044/1921 1629/1629/1557
f 1630/1630/1558 1629/1629/1557 1640/1640/1568
f 1629/1629/1557 2044/2044/1921 1640/1640/1568
f 1630/1630/1558 1641/1641/1569 1642/1642/1570
f 1644/1644/1572 1646/1646/1574 1645/1645/1573
f 1646/1646/1574 1647/1647/1575 1633/1633/1561
f 1647/1647/1575 1648/1648/1576 1634/1634/1562
f 1648/1648/1576 1649/1649/1577 1635/1635/1563
f 1649/1649/1577 1662/1662/1589 1650/1650/388
f 1636/1636/1564 1663/1663/1590 1651/1651/1578
f 1651/1651/1578 1652/1652/1579 1638/1638/1566
f 1652/1652/1579 1654/1654/1581 1653/1653/1580
f 1654/1654/1581 1656/1656/1583 1655/1655/1582
f 1656/1656/1583 1657/1657/1584 1644/1644/1572
f 1657/1657/1584 1658/1658/1585 1646/1646/1574
f 1658/1658/1585 1659/1659/1586 1647/1647/1575
f 1659/1659/1586 1660/1660/1587 1648/1648/1576
f 1660/1660/1587 1661/1661/1588 1649/1649/1577
f 1661/1661/1588 1664/1664/402 1662/1662/1589
f 1663/1663/1590 1999/1999/1882 1510/1510/1454
f 1651/1651/1578 1510/1510/1454 1484/1484/1428
f 1652/1652/1579 1484/1484/1428 1458/1458/1402
f 1654/1654/1581 1458/1458/1402 1432/1432/1376
f 1656/1656/1583 1432/1432/1376 1406/1406/1350
f 1657/1657/1584 1406/1406/1350 1381/1381/1325
f 1658/1658/1585 1381/1381/1325 1355/1355/1299
f 1355/1355/1299 1329/1329/1273 1660/1660/1587
f 1329/1329/1273 1303/1303/1247 1661/1661/1588
f 1303/1303/1247 1253/1253/274 1664/1664/402
f 1665/1665/288 2061/2061/290 1666/1666/836
f 1667/1667/1591 1666/1666/836 1668/1668/834
f 1669/1669/1592 1668/1668/834 1670/1670/1593
f 1671/1671/1594 1670/1670/1593 1672/1672/833
f 1673/1673/1595 1672/1672/833 1674/1674/1596
f 1675/1675/1597 1674/1674/1596 1676/1676/828
f 1677/1677/1598 1676/1676/828 1678/1678/826
f 1679/1679/1599 1678/1678/826 1680/1680/824
f 1681/1681/1600 1680/1680/824 1682/1682/822
f 1683/1683/1601 1682/1682/822 1684/1684/806
f 1686/1686/808 1689/1689/1605 1687/1687/1603
f 1689/1689/1605 1691/1691/1606 1690/1690/1118
f 1691/1691/1606 1693/1693/1607 1692/1692/1127
f 1693/1693/1607 2062/2062/1633 1694/1694/1608
f 1694/1694/1608 2062/2062/1633 1695/1695/1609
f 1699/1699/1612 1696/1696/1135 1695/1695/1609
f 1695/1695/1609 1697/1697/1610 1699/1699/1612
f 1698/1698/1611 1697/1697/1610 1700/1700/1613
f 1701/1701/1151 1700/1700/1613 1702/1702/1614
f 1703/1703/1615 1702/1702/1614 1704/1704/1616
f 1705/1705/1167 1704/1704/1616 1706/1706/1617
f 1706/1706/1617 1709/1709/1618 1708/1708/360
f 1709/1709/1618 1711/1711/1619 1710/1710/352
f 1711/1711/1619 1713/1713/1620 1712/1712/343
f 1713/1713/1620 2063/2063/1933 1714/1714/344
f 1717/1717/336 1714/1714/344 2063/2063/1933
f 2063/2063/1933 1715/1715/1621 1717/1717/336
f 1715/1715/1621 1719/1719/1623 1718/1718/317
f 1719/1719/1623 1721/1721/1625 1720/1720/1624
f 1721/1721/1625 2064/2064/1934 1722/1722/309
f 1722/1722/309 2064/2064/1934 1723/1723/1626
f 1723/1723/1626 2065/2065/1663 1725/1725/290
f 1726/1726/1627 1793/1793/1692 1727/1727/1628
f 1729/1729/1630 1749/1749/1649 1730/1730/1631
f 1732/1732/1633 1803/1803/1701 1733/1733/1634
f 1735/1735/1636 1804/1804/1702 1736/1736/1637
f 1738/1738/821 1754/1754/1654 1739/1739/1639
f 1741/1741/1641 1762/1762/1662 1742/1742/1642
f 1744/1744/1644 1769/1769/1669 1745/1745/1645
f 1726/1726/1627 1728/1728/1629 1747/1747/1647
f 1749/1749/1649 1758/1758/1658 1750/1750/1650
f 1751/1751/1651 1732/1732/1633 1734/1734/1635
f 1738/1738/821 1771/1771/1671 1753/1753/1653
f 1748/1748/1648 1747/1747/1647 1755/1755/1655
f 1757/1757/1657 1764/1764/1664 1750/1750/1650
f 1756/1756/1656 1755/1755/1655 1759/1759/1659
f 1761/1761/1661 1766/1766/1666 1762/1762/1662
f 1763/1763/1663 1801/1801/1699 1764/1764/1664
f 1765/1765/1665 1784/1784/1684 1766/1766/1666
f 1767/1767/1667 1751/1751/1651 1752/1752/1652
f 1769/1769/1669 1777/1777/1677 1770/1770/1670
f 1771/1771/1671 1779/1779/1679 1772/1772/1672
f 1760/1760/1660 1759/1759/1659 1773/1773/1673
f 1775/1775/1675 1767/1767/1667 1768/1768/1668
f 1777/1777/1677 1788/1788/1687 1778/1778/1678
f 1779/1779/1679 1789/1789/1688 1780/1780/1680
f 1774/1774/1674 1773/1773/1673 1781/1781/1681
f 1783/1783/1683 1800/1800/1698 1784/1784/1684
f 1785/1785/1614 1775/1775/1675 1776/1776/1676
f 1787/1787/1686 1805/1805/1703 1778/1778/1678
f 1789/1789/1688 1794/1794/827 1790/1790/1689
f 1782/1782/1682 1781/1781/1681 1791/1791/1690
f 1793/1793/1692 1785/1785/1614 1786/1786/1685
f 1794/1794/827 1802/1802/1700 1795/1795/1693
f 1796/1796/1694 1744/1744/1644 1746/1746/1646
f 1792/1792/1691 1791/1791/1690 1798/1798/1696
f 1740/1740/1640 1739/1739/1639 1800/1800/1698
f 1737/1737/1638 1736/1736/1637 1801/1801/1699
f 1802/1802/1700 1729/1729/1630 1731/1731/1632
f 1803/1803/1701 1796/1796/1694 1797/1797/1695
f 1799/1799/1697 1798/1798/1696 1804/1804/1702
f 1743/1743/1643 1742/1742/1642 1805/1805/1703
f 1797/1797/1695 1843/1843/1741 1806/1806/1704
f 1739/1739/1639 1810/1810/1708 1807/1807/1705
f 1791/1791/1690 1845/1845/1743 1808/1808/1706
f 1734/1734/1635 1733/1733/1634 1806/1806/1704
f 1754/1754/1654 1814/1814/1712 1810/1810/1708
f 1798/1798/1696 1808/1808/1706 1811/1811/1709
f 1752/1752/1652 1734/1734/1635 1809/1809/1707
f 1754/1754/1654 1753/1753/1653 1813/1813/1711
f 1804/1804/1702 1811/1811/1709 1815/1815/1713
f 1768/1768/1668 1752/1752/1652 1812/1812/1710
f 1753/1753/1653 1772/1772/1672 1817/1817/1715
f 1745/1745/1645 1824/1824/1722 1818/1818/1716
f 1776/1776/1676 1768/1768/1668 1816/1816/1714
f 1772/1772/1672 1780/1780/1680 1820/1820/1718
f 1736/1736/1637 1815/1815/1713 1821/1821/1719
f 1786/1786/1685 1776/1776/1676 1819/1819/1717
f 1780/1780/1680 1790/1790/1689 1823/1823/1721
f 1770/1770/1670 1827/1827/1725 1824/1824/1722
f 1727/1727/1628 1786/1786/1685 1822/1822/1720
f 1790/1790/1689 1795/1795/1693 1826/1826/1724
f 1778/1778/1678 1830/1830/1728 1827/1827/1725
f 1728/1728/1629 1727/1727/1628 1825/1825/1723
f 1795/1795/1693 1731/1731/1632 1829/1829/1727
f 1805/1805/1703 1833/1833/1731 1830/1830/1728
f 1728/1728/1629 1828/1828/1726 1831/1831/1729
f 1731/1731/1632 1730/1730/1631 1832/1832/1730
f 1742/1742/1642 1836/1836/1734 1833/1833/1731
f 1747/1747/1647 1831/1831/1729 1834/1834/1732
f 1730/1730/1631 1750/1750/1650 1835/1835/1733
f 1762/1762/1662 1839/1839/1737 1836/1836/1734
f 1755/1755/1655 1834/1834/1732 1837/1837/1735
f 1750/1750/1650 1764/1764/1664 1838/1838/1736
f 1766/1766/1666 1841/1841/1739 1839/1839/1737
f 1759/1759/1659 1837/1837/1735 1840/1840/1738
f 1764/1764/1664 1801/1801/1699 1821/1821/1719
f 1784/1784/1684 1844/1844/1742 1841/1841/1739
f 1773/1773/1673 1840/1840/1738 1842/1842/1740
f 1746/1746/1646 1818/1818/1716 1843/1843/1741
f 1800/1800/1698 1807/1807/1705 1844/1844/1742
f 1781/1781/1681 1842/1842/1740 1845/1845/1743
f 1847/1847/1745 1874/1874/1772 1848/1848/1746
f 1850/1850/1748 1881/1881/1777 1851/1851/1749
f 1853/1853/1751 1876/1876/682 1854/1854/1752
f 1856/1856/1754 1882/1882/1778 1857/1857/1755
f 1859/1859/1757 1872/1872/1770 1860/1860/1758
f 1862/1862/1760 1880/1880/579 1863/1863/1761
f 1865/1865/1763 1885/1885/1781 1866/1866/1764
f 1868/1868/1766 1886/1886/1782 1869/1869/1767
f 1871/1871/1769 1875/1875/1773 1872/1872/1770
f 1873/1873/1771 1883/1883/1779 1874/1874/1772
f 1871/1871/1769 1856/1856/1754 1858/1858/1756
f 1876/1876/682 1884/1884/1780 1877/1877/1774
f 1878/1878/1775 1852/1852/1750 1851/1851/1749
f 1880/1880/579 1849/1849/1747 1848/1848/1746
f 1867/1867/1765 1866/1866/1764 1881/1881/1777
f 1882/1882/1778 1868/1868/1766 1870/1870/1768
f 1861/1861/1759 1860/1860/1758 1883/1883/1779
f 1884/1884/1780 1862/1862/1760 1864/1864/1762
f 1853/1853/1751 1855/1855/1753 1885/1885/1781
f 1886/1886/1782 1878/1878/1775 1879/1879/1776
f 1887/1887/1783 1910/1910/1802 1888/1888/1784
f 1890/1890/1786 1915/1915/1807 1891/1891/1787
f 1893/1893/1374 1920/1920/1812 1894/1894/1789
f 1896/1896/1272 1921/1921/1813 1897/1897/1790
f 1899/1899/1469 1918/1918/1810 1900/1900/1792
f 1902/1902/1794 1919/1919/1811 1903/1903/1795
f 1899/1899/1469 1901/1901/1793 1905/1905/1797
f 1907/1907/1799 1925/1925/1816 1908/1908/1800
f 1910/1910/1802 1922/1922/1814 1911/1911/1803
f 1912/1912/1804 1895/1895/1375 1894/1894/1789
f 1914/1914/1806 1924/1924/1815 1915/1915/1807
f 1916/1916/1808 1896/1896/1272 1898/1898/1791
f 1918/1918/1810 1887/1887/1783 1889/1889/1785
f 1892/1892/1788 1891/1891/1787 1919/1919/1811
f 1909/1909/1801 1908/1908/1800 1920/1920/1812
f 1921/1921/1813 1912/1912/1804 1913/1913/1805
f 1922/1922/1814 1904/1904/1796 1903/1903/1795
f 1923/1923/1246 1926/1926/1817 1924/1924/1815
f 1906/1906/1798 1905/1905/1797 1925/1925/1816
f 1923/1923/1246 1916/1916/1808 1917/1917/1809
f 1900/1900/1792 1889/1889/1785 1927/1927/1818
f 1908/1908/1800 1933/1933/1824 1929/1929/1820
f 1924/1924/1815 1926/1926/1817 1930/1930/1821
f 1889/1889/1785 1888/1888/1784 1932/1932/1823
f 1925/1925/1816 1936/1936/1827 1933/1933/1824
f 1926/1926/1817 1917/1917/1809 1934/1934/1825
f 1888/1888/1784 1911/1911/1803 1935/1935/1826
f 1905/1905/1797 1938/1938/1829 1936/1936/1827
f 1917/1917/1809 1898/1898/1791 1937/1937/1828
f 1903/1903/1795 1940/1940/1831 1935/1935/1826
f 1901/1901/1793 1946/1946/1837 1938/1938/1829
f 1898/1898/1791 1897/1897/1790 1939/1939/1830
f 1919/1919/1811 1942/1942/1833 1940/1940/1831
f 1897/1897/1790 1913/1913/1805 1941/1941/1832
f 1891/1891/1787 1945/1945/1836 1942/1942/1833
f 1913/1913/1805 1894/1894/1789 1943/1943/1834
f 1891/1891/1787 1915/1915/1807 1944/1944/1835
f 1900/1900/1792 1928/1928/1819 1946/1946/1837
f 1920/1920/1812 1929/1929/1820 1943/1943/1834
f 1915/1915/1807 1924/1924/1815 1931/1931/1822
f 1848/1848/1746 1874/1874/1772 1947/1947/1838
f 1858/1858/1756 1965/1965/1856 1949/1949/1840
f 1866/1866/1764 1966/1966/1857 1950/1950/1841
f 1863/1863/1761 1848/1848/1746 1948/1948/1839
f 1881/1881/1777 1950/1950/1841 1952/1952/1843
f 1864/1864/1762 1863/1863/1761 1951/1951/1842
f 1879/1879/1776 1851/1851/1749 1952/1952/1843
f 1877/1877/1774 1864/1864/1762 1953/1953/1844
f 1875/1875/1773 1949/1949/1840 1956/1956/1847
f 1869/1869/1767 1879/1879/1776 1954/1954/1845
f 1854/1854/1752 1877/1877/1774 1955/1955/1846
f 1872/1872/1770 1956/1956/1847 1959/1959/1850
f 1870/1870/1768 1869/1869/1767 1957/1957/1848
f 1855/1855/1753 1854/1854/1752 1958/1958/1849
f 1860/1860/1758 1959/1959/1850 1962/1962/1853
f 1857/1857/1755 1870/1870/1768 1960/1960/1851
f 1855/1855/1753 1961/1961/1852 1964/1964/1855
f 1883/1883/1779 1962/1962/1853 1947/1947/1838
f 1858/1858/1756 1857/1857/1755 1963/1963/1854
f 1885/1885/1781 1964/1964/1855 1966/1966/1857
f 1534/1534/1467 2058/2058/1931 1969/1969/1
f 1507/1507/1451 1534/1534/1467 1535/1535/1468
f 1507/1507/1451 1508/1508/1452 1482/1482/1426
f 1481/1481/1425 1482/1482/1426 1456/1456/1400
f 1455/1455/1399 1456/1456/1400 1404/1404/1348
f 1378/1378/1322 1429/1429/1373 1404/1404/1348
f 1378/1378/1322 1379/1379/1323 1380/1380/1324
f 1326/1326/1270 1352/1352/1296 1380/1380/1324
f 1298/1298/1242 1326/1326/1270 1353/1353/1297
f 1299/1299/1243 1298/1298/1242 1327/1327/1271
f 18/18/18 19/19/19 1970/1970/1246
f 1972/1972/1861 16/16/16 18/18/18
f 1973/1973/1862 14/14/14 16/16/16
f 1974/1974/1863 12/12/12 14/14/14
f 10/10/10 12/12/12 1974/1974/1863
f 8/8/8 10/10/10 1975/1975/1864
f 7/7/7 8/8/8 1976/1976/1865
f 1978/1978/1867 5/5/5 7/7/7
f 1979/1979/1868 3/3/3 5/5/5
f 1980/1980/1469 1/1/1 3/3/3
f 1981/1981/1769 2052/2052/1928 873/873/856
f 1982/1982/1869 873/873/856 871/871/854
f 1984/1984/1766 1983/1983/1778 871/871/854
f 1985/1985/1870 1984/1984/1766 869/869/852
f 1985/1985/1870 867/867/850 865/865/848
f 1986/1986/1775 865/865/848 863/863/846
f 1987/1987/1871 863/863/846 864/864/847
f 1989/1989/1873 1988/1988/1872 864/864/847
f 1990/1990/1874 1989/1989/1873 861/861/844
f 1991/1991/1875 1990/1990/1874 859/859/842
f 657/657/657 683/683/683 1992/1992/841
f 632/632/632 657/657/657 680/680/680
f 629/629/629 606/606/606 632/632/632
f 603/603/603 580/580/580 606/606/606
f 577/577/577 554/554/554 580/580/580
f 528/528/528 529/529/529 554/554/554
f 502/502/502 504/504/504 529/529/529
f 476/476/476 478/478/478 504/504/504
f 449/449/449 452/452/452 478/478/478
f 1993/1993/1876 450/450/450 452/452/452
f 1512/1512/1456 2057/2057/264 1485/1485/1429
f 2000/2000/1883 2003/2003/1886 2001/2001/1884
f 2003/2003/1886 2005/2005/1888 2004/2004/1887
f 2005/2005/1888 2008/2008/1891 2006/2006/1889
f 2007/2007/1890 2010/2010/1893 2006/2006/1889
f 2009/2009/1892 2011/2011/1894 2010/2010/1893
f 2011/2011/1894 2013/2013/1896 2012/2012/1895
f 2013/2013/1896 2066/2066/1935 2014/2014/1897
f 2010/2010/1893 2012/2012/1895 2015/2015/1898
f 2012/2012/1895 2014/2014/1897 2016/2016/1899
f 2004/2004/1887 2006/2006/1889 2015/2015/1898
f 2015/2015/1898 2016/2016/1899 2018/2018/1901
f 2019/2019/1902 2017/2017/1900 2018/2018/1901
f 2001/2001/1884 2004/2004/1887 2017/2017/1900
f 2018/2018/1901 2022/2022/1905 2021/2021/1904
f 2016/2016/1899 2024/2024/1907 2022/2022/1905
f 2022/2022/1905 2025/2025/1908 2023/2023/1906
f 2024/2024/1907 2028/2028/1911 2025/2025/1908
f 2016/2016/1899 2014/2014/1897 2026/2026/1909
f 2024/2024/1907 2026/2026/1909 2027/2027/1910
f 2014/2014/1897 2066/2066/1935 2029/2029/1912
f 2026/2026/1909 2029/2029/1912 2030/2030/1913
f 2021/2021/1904 2023/2023/1906 2031/2031/1914
f 2020/2020/1903 2021/2021/1904 2032/2032/1915
f 2034/2034/1917 2019/2019/1902 2020/2020/1903
f 2002/2002/1885 2001/2001/1884 2019/2019/1902
f 1138/1138/1095 1141/1141/1098 1151/1151/1108
f 1137/1137/1094 1142/1142/1099 1141/1141/1098
f 1157/1157/1114 1151/1151/1108 1159/1159/1116
f 2035/2035/1612 2056/2056/1611 1192/1192/1149
f 315/315/315 316/316/316 307/307/307
f 282/282/282 296/296/296 298/298/298
f 296/296/296 305/305/305 297/297/297
f 1579/1579/1509 1566/1566/1496 1569/1569/1499
f 1566/1566/1496 1558/1558/1488 1569/1569/1499
f 1644/1644/1572 1643/1643/1571 1642/1642/1570
f 1642/1642/1570 1641/1641/1569 1655/1655/1582
f 1591/1591/1521 2042/2042/1598 2036/2036/1599
f 2037/2037/1918 2043/2043/1594 2038/2038/1595
f 1655/1655/1582 1641/1641/1569 1640/1640/1568
f 1640/1640/1568 2044/2044/1921 1653/1653/1580
f 2039/2039/1919 1628/1628/1556 1600/1600/1530
f 1631/1631/1559 1643/1643/1571 1645/1645/1573
f 1598/1598/1528 2036/2036/1599 2040/2040/1600
f 1576/1576/1506 2038/2038/1595 2041/2041/1920
f 1559/1559/1489 1566/1566/1496 1645/1645/1573
f 1566/1566/1496 1632/1632/1560 1645/1645/1573
f 1608/1608/1538 1613/1613/1543 1615/1615/1545
f 1558/1558/1488 1557/1557/1487 1560/1560/1490
f 1609/1609/1539 1616/1616/1546 1613/1613/1543
f 1561/1561/1491 1567/1567/1497 1569/1569/1499
f 1610/1610/1540 1618/1618/1548 1616/1616/1546
f 1562/1562/1492 1570/1570/1500 1567/1567/1497
f 1611/1611/1541 1620/1620/1550 1618/1618/1548
f 1564/1564/1494 1572/1572/1502 1570/1570/1500
f 1612/1612/1542 1622/1622/1551 1620/1620/1550
f 1565/1565/1495 1574/1574/1504 1572/1572/1502
f 1622/1622/1551 1612/1612/1542 1624/1624/1553
f 1612/1612/1542 1605/1605/1535 2040/2040/1600
f 1584/1584/1514 2041/2041/1920 2042/2042/1598
f 1565/1565/1495 1556/1556/1486 2037/2037/1918
f 1556/1556/1486 1555/1555/1485 2043/2043/1594
f 2044/2044/1921 1639/1639/1567 1638/1638/1566
