# Blender 4.4.3
# www.blender.org
mtllib Untitled.mtl
o hash_CA1524C8.model
v -0.215278 0.135196 0.110679
v -0.205814 0.151071 0.096853
v -0.209852 0.151060 0.113168
v -0.209676 0.165409 0.112806
v -0.206306 0.166225 0.096884
v -0.215702 0.135204 0.110913
v -0.222672 0.152121 0.115889
v -0.224652 0.135385 0.115837
v -0.210674 0.165343 0.112486
v -0.210432 0.151108 0.113291
v -0.238216 0.152789 0.113763
v -0.240178 0.136100 0.113688
v -0.235922 0.167344 0.108523
v -0.219606 0.173747 0.095426
v -0.235922 0.167344 0.108523
v -0.221026 0.166640 0.110553
v -0.206909 0.166566 0.096818
v -0.210674 0.165343 0.112486
v -0.249444 0.169059 0.091441
v -0.249195 0.167631 0.105832
v -0.248194 0.169520 0.091616
v -0.249195 0.167631 0.105832
v -0.250719 0.153239 0.107655
v -0.249642 0.153200 0.108181
v -0.250445 0.167830 0.105868
v -0.256706 0.154023 0.090499
v -0.250719 0.153239 0.107655
v -0.248730 0.169038 0.073831
v -0.257096 0.154395 0.072727
v -0.247491 0.169562 0.074002
v -0.247832 0.169121 0.056204
v -0.256455 0.154634 0.055037
v -0.246604 0.169701 0.056371
v -0.248730 0.169038 0.073831
v -0.218457 0.175090 0.060066
v -0.234359 0.175112 0.075811
v -0.219153 0.174486 0.077745
v -0.234937 0.174405 0.093470
v -0.206697 0.167461 0.061423
v -0.206964 0.167395 0.079116
v -0.206386 0.167059 0.079181
v -0.202765 0.151552 0.061939
v -0.206139 0.167099 0.061488
v -0.204081 0.151308 0.079476
v -0.207039 0.134876 0.096083
v -0.200313 0.135587 0.062233
v -0.203889 0.118690 0.079011
v -0.202009 0.135234 0.079726
v -0.211398 0.118694 0.094187
v -0.205372 0.102117 0.078728
v -0.202350 0.102292 0.061568
v -0.200761 0.118940 0.062003
v -0.210682 0.102156 0.095006
v -0.207024 0.085544 0.078261
v -0.212626 0.068928 0.094433
v -0.211675 0.085535 0.094789
v -0.208019 0.068936 0.077895
v -0.204195 0.085696 0.061057
v -0.213190 0.052318 0.094189
v -0.208985 0.052332 0.077503
v -0.205660 0.069103 0.060575
v -0.213430 0.035708 0.094026
v -0.209980 0.035742 0.077083
v -0.207064 0.052516 0.060087
v -0.213298 0.019097 0.093873
v -0.210622 0.019140 0.076694
v -0.208499 0.035946 0.059581
v -0.213162 0.002492 0.093671
v -0.211956 0.002639 0.076163
v -0.209861 0.019403 0.059058
v -0.216313 -0.013316 0.092973
v -0.216240 -0.011996 0.075315
v -0.216135 -0.012421 0.093013
v -0.216497 -0.012875 0.075264
v -0.216003 -0.011714 0.057610
v -0.230740 -0.017275 0.091231
v -0.217129 -0.013105 0.075186
v -0.216967 -0.013495 0.092894
v -0.230439 -0.017964 0.073543
v -0.216870 -0.012861 0.057482
v -0.246070 -0.016446 0.089261
v -0.245676 -0.016927 0.071578
v -0.229857 -0.018419 0.055842
v -0.260409 -0.011199 0.087344
v -0.258445 -0.011177 0.069899
v -0.259173 -0.011652 0.087509
v -0.259650 -0.010634 0.069741
v -0.257568 -0.010830 0.052264
v -0.265689 0.004958 0.069333
v -0.259105 -0.009338 0.052087
v -0.259992 -0.009751 0.069718
v -0.263441 0.004739 0.087075
v -0.260581 -0.010297 0.087329
v -0.265007 0.005372 0.051676
v -0.257954 -0.008943 0.034448
v -0.258751 -0.010221 0.052112
v -0.256427 -0.010478 0.034621
v -0.257593 -0.009825 0.034474
v -0.254983 -0.010145 0.016974
v -0.263961 0.005747 0.034023
v -0.256499 -0.008571 0.016805
v -0.262600 0.006104 0.016366
v -0.254694 -0.008199 -0.000842
v -0.256133 -0.009452 0.016832
v -0.253184 -0.009806 -0.000678
v -0.244068 -0.017403 0.036185
v -0.227672 -0.018854 0.020438
v -0.228982 -0.018567 0.038135
v -0.242789 -0.017501 0.018481
v -0.226044 -0.018824 0.002726
v -0.241145 -0.017536 0.000772
v -0.223996 -0.018741 -0.014986
v -0.254319 -0.009077 -0.000814
v -0.251058 -0.009461 -0.018334
v -0.239061 -0.017203 -0.016921
v -0.221831 -0.018249 -0.032697
v -0.252189 -0.008730 -0.018468
v -0.248878 -0.009210 -0.036013
v -0.258752 0.006773 -0.018953
v -0.252561 -0.007852 -0.018495
v -0.256515 0.007085 -0.036620
v -0.250379 -0.007589 -0.036171
v -0.253986 0.007404 -0.054281
v -0.247955 -0.007297 -0.053847
v -0.247593 -0.008179 -0.053821
v -0.246455 -0.008893 -0.053691
v -0.251182 0.007683 -0.071958
v -0.245182 -0.007025 -0.071524
v -0.244822 -0.007908 -0.071498
v -0.243685 -0.008629 -0.071371
v -0.234394 -0.016459 -0.052316
v -0.219397 -0.017932 -0.050398
v -0.231631 -0.016279 -0.070027
v -0.216550 -0.017473 -0.068097
v -0.228455 -0.015814 -0.087728
v -0.213362 -0.016809 -0.085788
v -0.241797 -0.007705 -0.089194
v -0.240647 -0.008404 -0.089068
v -0.224936 -0.015175 -0.105422
v -0.209817 -0.016090 -0.103473
v -0.238446 -0.007495 -0.106890
v -0.237282 -0.008157 -0.106763
v -0.242152 -0.006819 -0.089220
v -0.244417 0.008235 -0.107313
v -0.238784 -0.006604 -0.106914
v -0.248068 0.007942 -0.089648
v -0.234907 -0.007354 -0.124600
v -0.233718 -0.007956 -0.124470
v -0.240617 0.008478 -0.125001
v -0.235231 -0.006457 -0.124622
v -0.247268 0.024724 -0.107336
v -0.243039 0.025019 -0.124970
v -0.250981 0.024428 -0.089672
v -0.248213 0.041366 -0.107117
v -0.243601 0.041672 -0.124687
v -0.252082 0.041063 -0.089473
v -0.248206 0.058019 -0.106802
v -0.243368 0.058315 -0.124327
v -0.251810 0.074365 -0.088846
v -0.252224 0.057715 -0.089181
v -0.247679 0.074665 -0.106446
v -0.251057 0.091005 -0.088481
v -0.246930 0.091304 -0.106080
v -0.242750 0.074951 -0.123953
v -0.249702 0.107631 -0.088081
v -0.245678 0.107935 -0.105696
v -0.242014 0.091582 -0.123590
v -0.247662 0.124227 -0.087628
v -0.243842 0.124547 -0.105273
v -0.240879 0.108212 -0.123225
v -0.244585 0.140737 -0.087064
v -0.241013 0.141084 -0.104737
v -0.239302 0.124834 -0.122847
v -0.239841 0.157070 -0.086301
v -0.236388 0.157430 -0.103974
v -0.236962 0.141420 -0.122386
v -0.231197 0.172076 -0.085076
v -0.227816 0.172401 -0.102739
v -0.232587 0.157790 -0.121642
v -0.227816 0.172401 -0.102739
v -0.229987 0.172695 -0.084917
v -0.226603 0.173011 -0.102581
v -0.224320 0.172896 -0.120420
v -0.223089 0.173457 -0.120262
v -0.210040 0.179402 -0.118589
v -0.198689 0.178218 -0.098944
v -0.194934 0.178379 -0.116612
v -0.213738 0.179481 -0.100911
v -0.202085 0.178129 -0.081275
v -0.217156 0.179258 -0.083232
v -0.205163 0.177962 -0.063606
v -0.231197 0.172076 -0.085076
v -0.233003 0.172311 -0.067244
v -0.220243 0.178971 -0.065558
v -0.207879 0.177840 -0.045941
v -0.234206 0.171683 -0.067403
v -0.235786 0.171966 -0.049578
v -0.236995 0.171346 -0.049738
v -0.242829 0.156667 -0.068614
v -0.245659 0.156340 -0.050954
v -0.234206 0.171683 -0.067403
v -0.247792 0.140400 -0.069391
v -0.250588 0.140065 -0.051712
v -0.251015 0.123906 -0.069967
v -0.253932 0.123588 -0.052297
v -0.253168 0.107318 -0.070432
v -0.256119 0.107003 -0.052763
v -0.254569 0.090697 -0.070837
v -0.257548 0.090384 -0.053171
v -0.255299 0.074057 -0.071200
v -0.258271 0.073746 -0.053532
v -0.255672 0.057410 -0.071527
v -0.258611 0.057100 -0.053854
v -0.258340 0.040453 -0.054129
v -0.255449 0.040759 -0.071807
v -0.257261 0.023819 -0.054338
v -0.254297 0.024129 -0.072002
v -0.259827 0.023501 -0.036676
v -0.262007 0.023189 -0.018996
v -0.260778 0.040142 -0.036445
v -0.262985 0.039828 -0.018766
v -0.261074 0.056788 -0.036173
v -0.262901 0.073122 -0.018170
v -0.263246 0.056476 -0.018489
v -0.260763 0.073434 -0.035855
v -0.262154 0.089758 -0.017805
v -0.260038 0.090072 -0.035494
v -0.260702 0.106375 -0.017395
v -0.258591 0.106688 -0.035084
v -0.258471 0.122955 -0.016927
v -0.256375 0.123269 -0.034616
v -0.255107 0.139428 -0.016353
v -0.252932 0.139728 -0.034026
v -0.250160 0.155660 -0.015613
v -0.247896 0.155956 -0.033266
v -0.241601 0.170534 -0.014422
v -0.239393 0.170900 -0.032075
v -0.236995 0.171346 -0.049738
v -0.238183 0.171533 -0.031914
v -0.239393 0.170900 -0.032075
v -0.240385 0.171159 -0.014260
v -0.222965 0.178533 -0.047888
v -0.210195 0.177677 -0.028270
v -0.227489 0.177783 -0.012537
v -0.212437 0.177227 -0.010608
v -0.229472 0.177173 0.005139
v -0.214442 0.176839 0.007062
v -0.243761 0.170238 0.003224
v -0.242530 0.170835 0.003389
v -0.231139 0.176699 0.022807
v -0.216109 0.176365 0.024733
v -0.245510 0.169877 0.020887
v -0.244272 0.170465 0.021052
v -0.254026 0.155113 0.019704
v -0.243761 0.170238 0.003224
v -0.252225 0.155356 0.002051
v -0.258674 0.138838 0.019017
v -0.257094 0.139128 0.001331
v -0.260356 0.122641 0.000773
v -0.261869 0.122342 0.018472
v -0.262586 0.106061 0.000307
v -0.263963 0.105749 0.018020
v -0.265359 0.089125 0.017614
v -0.264034 0.089444 -0.000104
v -0.266146 0.072488 0.017243
v -0.264811 0.072807 -0.000472
v -0.265229 0.056161 -0.000802
v -0.266636 0.055842 0.016904
v -0.266602 0.039191 0.016597
v -0.265054 0.039511 -0.001092
v -0.265652 0.022551 0.016361
v -0.264041 0.022871 -0.001319
v -0.260948 0.006427 -0.001305
v -0.267496 0.038871 0.034317
v -0.266832 0.022224 0.034049
v -0.267557 0.038551 0.052083
v -0.267376 0.021901 0.051769
v -0.267379 0.055520 0.034641
v -0.267248 0.055188 0.052421
v -0.266816 0.072162 0.034988
v -0.266627 0.071820 0.052772
v -0.266059 0.088800 0.035355
v -0.265928 0.088452 0.053135
v -0.264773 0.105428 0.035752
v -0.264851 0.105084 0.053517
v -0.262868 0.122037 0.036186
v -0.263213 0.121708 0.053932
v -0.259895 0.138562 0.036705
v -0.260689 0.138283 0.054406
v -0.255399 0.154860 0.037370
v -0.246719 0.169318 0.038564
v -0.245510 0.169877 0.020887
v -0.245492 0.169909 0.038729
v -0.247832 0.169121 0.056204
v -0.246719 0.169318 0.038564
v -0.232490 0.176183 0.040475
v -0.217455 0.175762 0.042396
v -0.233582 0.175842 0.058144
v -0.204825 0.167949 0.026085
v -0.205962 0.167610 0.043746
v -0.205416 0.167223 0.043811
v -0.200184 0.152027 0.026681
v -0.204289 0.167550 0.026149
v -0.201626 0.151742 0.044319
v -0.203252 0.168342 0.008442
v -0.198478 0.152312 0.009010
v -0.202721 0.167938 0.008507
v -0.196166 0.152775 -0.008623
v -0.200716 0.168255 -0.009132
v -0.201247 0.168661 -0.009199
v -0.199021 0.169079 -0.026849
v -0.193746 0.153221 -0.026257
v -0.198491 0.168671 -0.026781
v -0.193544 0.136900 -0.008361
v -0.191465 0.137222 -0.026059
v -0.195748 0.136581 0.009295
v -0.195939 0.120310 -0.008798
v -0.194223 0.120674 -0.026531
v -0.197597 0.119965 0.008920
v -0.199404 0.103858 -0.009385
v -0.197823 0.104246 -0.027134
v -0.203072 0.086921 0.007838
v -0.200548 0.103446 0.008378
v -0.200818 0.087776 -0.027709
v -0.204941 0.070368 0.007317
v -0.202337 0.087381 -0.009954
v -0.203264 0.071284 -0.028269
v -0.206858 0.053842 0.006791
v -0.204537 0.070865 -0.010493
v -0.204810 0.054717 -0.028755
v -0.208666 0.037326 0.006257
v -0.206435 0.054338 -0.011014
v -0.208134 0.037816 -0.011540
v -0.210155 0.020822 0.005709
v -0.209619 0.021319 -0.012087
v -0.206249 0.038164 -0.029253
v -0.211126 0.004300 0.005155
v -0.210786 0.004829 -0.012645
v -0.207454 0.021633 -0.029768
v -0.213231 -0.011927 0.004493
v -0.211357 -0.010748 -0.013158
v -0.213112 -0.011008 0.004530
v -0.211391 -0.011683 -0.013188
v -0.209042 -0.010446 -0.030802
v -0.211962 -0.012003 -0.013270
v -0.213812 -0.012240 0.004413
v -0.209670 -0.011691 -0.030919
v -0.207189 -0.011225 -0.048577
v -0.209093 -0.011380 -0.030835
v -0.206465 -0.009995 -0.048442
v -0.203768 -0.010383 -0.066147
v -0.203550 -0.009491 -0.066088
v -0.204347 -0.010704 -0.066235
v -0.200395 -0.009941 -0.083785
v -0.200142 -0.009061 -0.083723
v -0.200982 -0.010252 -0.083876
v -0.196565 -0.009571 -0.101412
v -0.196293 -0.008697 -0.101348
v -0.197166 -0.009866 -0.101505
v -0.192262 -0.009321 -0.119018
v -0.191981 -0.008448 -0.118955
v -0.205929 -0.015351 -0.121148
v -0.192881 -0.009594 -0.119115
v -0.221102 -0.014337 -0.123100
v -0.201794 -0.014303 -0.138809
v -0.188372 -0.009275 -0.136737
v -0.217023 -0.013481 -0.140778
v -0.231122 -0.007218 -0.142315
v -0.229907 -0.007758 -0.142183
v -0.212744 -0.012156 -0.158413
v -0.197384 -0.013071 -0.156441
v -0.227165 -0.007116 -0.160033
v -0.225922 -0.007550 -0.159893
v -0.236386 0.008724 -0.142667
v -0.231420 -0.006315 -0.142335
v -0.230889 0.009073 -0.160132
v -0.227376 -0.006199 -0.160038
v -0.218700 -0.004408 -0.174445
v -0.218521 -0.005226 -0.174337
v -0.217661 -0.005334 -0.174379
v -0.217818 -0.004512 -0.174509
v -0.207183 0.008577 -0.181010
v -0.208468 -0.005623 -0.175180
v -0.193300 -0.006096 -0.173089
v -0.208545 -0.006475 -0.174830
v -0.193390 -0.006939 -0.172731
v -0.181603 0.007483 -0.170867
v -0.183701 -0.004620 -0.169062
v -0.184135 -0.004687 -0.169244
v -0.184287 -0.005418 -0.169147
v -0.183669 -0.008964 -0.154351
v -0.182801 -0.007889 -0.154195
v -0.183855 -0.005346 -0.168977
v -0.183701 -0.004620 -0.169062
v -0.181830 0.024046 -0.169863
v -0.181119 0.007462 -0.170479
v -0.179529 0.023368 -0.152688
v -0.181119 0.007462 -0.170479
v -0.181830 0.024046 -0.169863
v -0.187448 -0.008166 -0.136576
v -0.183018 -0.008769 -0.154252
v -0.182678 0.006336 -0.135528
v -0.181156 0.022816 -0.134931
v -0.180466 0.039422 -0.134478
v -0.179191 0.039957 -0.152242
v -0.181989 0.040642 -0.169279
v -0.179480 0.056023 -0.134061
v -0.178600 0.056554 -0.151798
v -0.181848 0.057240 -0.168703
v -0.182406 0.040669 -0.169769
v -0.181848 0.057240 -0.168703
v -0.181989 0.040642 -0.169279
v -0.182270 0.024070 -0.170318
v -0.177914 0.073155 -0.151361
v -0.181169 0.073842 -0.168273
v -0.182246 0.057269 -0.169218
v -0.181169 0.073842 -0.168273
v -0.205820 0.058525 -0.181976
v -0.190107 0.074557 -0.179510
v -0.190641 0.057899 -0.180076
v -0.206417 0.041860 -0.182071
v -0.191202 0.041229 -0.180078
v -0.204425 0.091873 -0.181318
v -0.205150 0.075197 -0.181800
v -0.181574 0.073874 -0.168782
v -0.180495 0.090447 -0.167751
v -0.203512 0.108536 -0.180379
v -0.189359 0.091217 -0.178986
v -0.179308 0.107063 -0.168007
v -0.180896 0.090482 -0.168260
v -0.202432 0.125185 -0.179047
v -0.188470 0.107859 -0.178139
v -0.177946 0.123677 -0.167641
v -0.178874 0.107025 -0.167527
v -0.201825 0.141278 -0.175110
v -0.187127 0.124485 -0.177378
v -0.178359 0.140120 -0.166049
v -0.177510 0.123639 -0.167179
v -0.199837 0.157971 -0.175359
v -0.186103 0.140584 -0.173741
v -0.173413 0.156043 -0.167583
v -0.178710 0.140141 -0.166397
v -0.198937 0.172651 -0.169609
v -0.184158 0.157292 -0.173870
v -0.171825 0.170204 -0.167046
v -0.172903 0.155983 -0.167285
v -0.198937 0.172651 -0.169609
v -0.186690 0.178309 -0.151963
v -0.184102 0.171552 -0.167477
v -0.174210 0.171291 -0.150250
v -0.171825 0.170204 -0.167046
v -0.172979 0.155530 -0.150095
v -0.171108 0.170211 -0.167055
v -0.173618 0.170959 -0.150169
v -0.175761 0.155214 -0.132364
v -0.177920 0.171364 -0.132557
v -0.178508 0.171686 -0.132635
v -0.190910 0.178464 -0.134285
v -0.182743 0.171276 -0.115009
v -0.178720 0.155014 -0.114592
v -0.182164 0.170939 -0.114933
v -0.176423 0.138817 -0.114574
v -0.173520 0.139383 -0.149683
v -0.174045 0.122471 -0.132577
v -0.172828 0.139142 -0.132314
v -0.177406 0.122162 -0.114828
v -0.175923 0.105860 -0.132924
v -0.175768 0.106376 -0.150606
v -0.174451 0.122982 -0.150163
v -0.178901 0.105516 -0.115147
v -0.177405 0.089252 -0.133289
v -0.176838 0.089755 -0.151003
v -0.180398 0.088891 -0.115508
v -0.178392 0.072630 -0.133664
v -0.181743 0.072280 -0.115904
v -0.182908 0.055667 -0.116304
v -0.187493 0.055427 -0.098703
v -0.184122 0.039070 -0.116744
v -0.186260 0.072035 -0.098292
v -0.188784 0.038839 -0.099156
v -0.185399 0.022512 -0.117253
v -0.190009 0.022282 -0.099657
v -0.187296 0.006095 -0.117901
v -0.187735 -0.009037 -0.136639
v -0.195934 0.005598 -0.082688
v -0.194531 0.022073 -0.082100
v -0.193598 0.038655 -0.081649
v -0.199912 0.005357 -0.065112
v -0.199124 0.021909 -0.064626
v -0.198364 0.038502 -0.064205
v -0.197224 0.055093 -0.063775
v -0.192431 0.055248 -0.081217
v -0.195899 0.071682 -0.063343
v -0.191206 0.071851 -0.080808
v -0.194477 0.088278 -0.062937
v -0.189941 0.088462 -0.080430
v -0.184972 0.088649 -0.097908
v -0.188317 0.105072 -0.080054
v -0.183527 0.105274 -0.097561
v -0.185820 0.121636 -0.079585
v -0.181689 0.121891 -0.097194
v -0.183128 0.138200 -0.079118
v -0.179731 0.138508 -0.096824
v -0.185493 0.154260 -0.079289
v -0.181240 0.154919 -0.096845
v -0.186092 0.170534 -0.097306
v -0.189859 0.169995 -0.079698
v -0.190413 0.170364 -0.079769
v -0.186662 0.170882 -0.097380
v -0.193677 0.169930 -0.062136
v -0.193132 0.169549 -0.062066
v -0.196574 0.169479 -0.044504
v -0.196037 0.169082 -0.044436
v -0.188873 0.153799 -0.061631
v -0.191414 0.153528 -0.043929
v -0.186269 0.137875 -0.061429
v -0.188949 0.137538 -0.043730
v -0.189215 0.121338 -0.061924
v -0.191966 0.121007 -0.044232
v -0.192382 0.104850 -0.062483
v -0.195558 0.104577 -0.044838
v -0.198197 0.088063 -0.045370
v -0.200056 0.071508 -0.045851
v -0.201510 0.054932 -0.046313
v -0.202820 0.038362 -0.046784
v -0.203684 0.021786 -0.047232
v -0.208205 0.005095 -0.030262
v -0.204061 0.005195 -0.047642
v -0.180495 0.090447 -0.167751
v -0.178874 0.107025 -0.167527
v -0.177510 0.123639 -0.167179
v -0.178359 0.140120 -0.166049
v -0.172903 0.155983 -0.167285
v -0.206127 0.179256 -0.136273
v -0.202028 0.179225 -0.153957
v -0.216651 0.173856 -0.155778
v -0.219360 0.173910 -0.137946
v -0.215391 0.174318 -0.155621
v -0.220608 0.173405 -0.138104
v -0.220608 0.173405 -0.138104
v -0.223674 0.158483 -0.156882
v -0.228586 0.158197 -0.139320
v -0.224320 0.172896 -0.120420
v -0.212433 0.173534 -0.173528
v -0.211216 0.173330 -0.173199
v -0.216651 0.173856 -0.155778
v -0.213229 0.158368 -0.172333
v -0.211216 0.173330 -0.173199
v -0.212075 0.158334 -0.172594
v -0.214890 0.141884 -0.172667
v -0.225131 0.141822 -0.157030
v -0.213764 0.141832 -0.172877
v -0.215265 0.125291 -0.173660
v -0.216476 0.125301 -0.173152
v -0.226244 0.125206 -0.157198
v -0.217495 0.108687 -0.173417
v -0.227235 0.108594 -0.157422
v -0.216290 0.108674 -0.174017
v -0.216713 0.092058 -0.174094
v -0.217872 0.092076 -0.173412
v -0.228075 0.091986 -0.157699
v -0.218652 0.075477 -0.173862
v -0.228679 0.075383 -0.158023
v -0.217489 0.075453 -0.174546
v -0.219536 0.058885 -0.174403
v -0.229359 0.058789 -0.158425
v -0.218354 0.058854 -0.175055
v -0.219010 0.042256 -0.175505
v -0.220198 0.042293 -0.174886
v -0.230018 0.042211 -0.158903
v -0.230684 0.025654 -0.159525
v -0.221044 0.025757 -0.175589
v -0.219822 0.025710 -0.176131
v -0.206862 0.025202 -0.181884
v -0.191533 0.024566 -0.179913
v -0.220437 0.009175 -0.176666
v -0.191798 0.007940 -0.179038
v -0.221687 0.009231 -0.176257
v -0.237731 0.025343 -0.142453
v -0.237640 0.041969 -0.142016
v -0.237193 0.058584 -0.141605
v -0.236550 0.075198 -0.141221
v -0.235848 0.091815 -0.140864
v -0.234850 0.108434 -0.140532
v -0.233578 0.125055 -0.140227
v -0.231901 0.141678 -0.139899
v -0.215356 -0.012348 0.022087
v -0.214772 -0.012039 0.022165
v -0.214573 -0.011143 0.022209
v -0.216316 -0.012581 0.039777
v -0.215715 -0.012297 0.039855
v -0.215475 -0.011409 0.039903
v -0.211475 0.003365 0.040711
v -0.209879 0.020275 0.023518
v -0.209772 0.019801 0.041307
v -0.211249 0.003794 0.022945
v -0.208449 0.036797 0.024065
v -0.208210 0.036317 0.041857
v -0.206676 0.053327 0.024600
v -0.206529 0.052863 0.042389
v -0.204936 0.069880 0.025122
v -0.204914 0.069436 0.042904
v -0.203207 0.086454 0.025638
v -0.203223 0.086021 0.043418
v -0.201235 0.103038 0.026141
v -0.201546 0.102639 0.043901
v -0.198930 0.119622 0.026627
v -0.199940 0.119276 0.044325
v -0.199084 0.135922 0.044595
v -0.197577 0.136260 0.026950
v -0.211815 0.003006 0.058443
v -0.216254 -0.012598 0.057560
v -0.245024 -0.017285 0.053883
v -0.260606 0.137937 0.072165
v -0.262521 0.121320 0.071728
v -0.258654 0.137462 0.089952
v -0.259813 0.120858 0.089505
v -0.260715 0.104258 0.089085
v -0.263727 0.104694 0.071326
v -0.261701 0.087658 0.088727
v -0.264596 0.088071 0.070950
v -0.262412 0.071050 0.088372
v -0.265261 0.071452 0.070589
v -0.262997 0.054433 0.088014
v -0.265950 0.054834 0.070238
v -0.263288 0.037813 0.087653
v -0.266392 0.038215 0.069892
v -0.262518 0.021216 0.087153
v -0.266685 0.021596 0.069558
v -0.257423 0.037368 0.104926
v -0.257408 0.020785 0.104644
v -0.258730 0.004395 0.104577
v -0.256324 -0.008130 0.103443
v -0.257675 0.004314 0.105308
v -0.257408 0.020785 0.104644
v -0.258730 0.004395 0.104577
v -0.256324 -0.008130 0.103443
v -0.255454 -0.008314 0.103686
v -0.231194 0.019350 0.116493
v -0.246491 0.003447 0.113060
v -0.231135 0.002769 0.114881
v -0.231049 -0.011004 0.108190
v -0.246223 -0.010269 0.106262
v -0.231001 0.035985 0.117585
v -0.246467 0.020003 0.114938
v -0.256450 0.037305 0.105886
v -0.256465 0.020718 0.105531
v -0.230536 0.052633 0.118244
v -0.246131 0.036634 0.116064
v -0.255895 0.053896 0.106150
v -0.257423 0.037368 0.104926
v -0.256873 0.053954 0.105156
v -0.256113 0.070552 0.105452
v -0.256873 0.053954 0.105156
v -0.255134 0.070499 0.106439
v -0.255433 0.087158 0.105842
v -0.256113 0.070552 0.105452
v -0.255433 0.087158 0.105842
v -0.254436 0.087110 0.106793
v -0.254456 0.103769 0.106210
v -0.229054 0.085962 0.119329
v -0.242901 0.103255 0.117027
v -0.243862 0.086596 0.116878
v -0.229820 0.069291 0.118956
v -0.244761 0.069935 0.116909
v -0.227880 0.102626 0.119741
v -0.241631 0.119936 0.117000
v -0.253460 0.103725 0.107142
v -0.253185 0.120375 0.106483
v -0.226393 0.119290 0.119541
v -0.252189 0.120337 0.107389
v -0.251310 0.136783 0.106707
v -0.254456 0.103769 0.106210
v -0.253185 0.120375 0.106483
v -0.250351 0.136724 0.107309
v -0.251310 0.136783 0.106707
v -0.217928 0.118840 0.110416
v -0.217524 0.102259 0.111087
v -0.217527 0.118819 0.109983
v -0.218765 0.085644 0.110698
v -0.217033 0.102242 0.110677
v -0.219083 0.069009 0.110016
v -0.218276 0.085629 0.110288
v -0.219569 0.069022 0.110421
v -0.219491 0.052382 0.109859
v -0.219992 0.052394 0.110238
v -0.245532 0.053277 0.116691
v -0.220017 0.035767 0.110151
v -0.219496 0.035757 0.109798
v -0.219089 0.019135 0.109783
v -0.219638 0.019145 0.110087
v -0.218813 0.002544 0.110050
v -0.218229 0.002534 0.109821
v -0.221520 -0.010111 0.106703
v -0.221238 -0.010825 0.106440
v -0.221068 -0.010069 0.106632
v -0.221683 -0.010871 0.106502
v -0.246206 -0.011093 0.105854
v -0.231044 -0.011831 0.107788
v -0.256180 -0.008882 0.103375
v -0.255321 -0.009072 0.103588
v -0.264139 0.035312 0.094178
v -0.267420 0.052536 0.077966
v -0.267710 0.035737 0.077594
v -0.269351 0.052937 0.060302
v -0.269711 0.036139 0.059939
v -0.269962 0.053300 0.042650
v -0.270051 0.036493 0.042305
v -0.269549 0.053638 0.025045
v -0.269494 0.036829 0.024720
v -0.268441 0.053961 0.007475
v -0.268222 0.037150 0.007176
v -0.266725 0.054274 -0.010069
v -0.266409 0.037463 -0.010349
v -0.264558 0.054578 -0.027602
v -0.264180 0.037768 -0.027867
v -0.262351 0.054877 -0.045135
v -0.261972 0.038067 -0.045394
v -0.259703 0.055171 -0.062666
v -0.259348 0.038360 -0.062921
v -0.256569 0.055458 -0.080185
v -0.256253 0.038646 -0.080437
v -0.252915 0.055734 -0.097680
v -0.252757 0.038922 -0.097948
v -0.248666 0.055996 -0.115135
v -0.248629 0.039186 -0.115412
v -0.243380 0.056229 -0.132439
v -0.243607 0.039426 -0.132763
v -0.236595 0.056411 -0.149409
v -0.237137 0.039624 -0.149821
v -0.229596 0.039737 -0.165141
v -0.228265 0.056525 -0.165893
v -0.228989 0.039746 -0.166375
v -0.263921 0.052111 0.094562
v -0.266694 0.070281 0.078350
v -0.268642 0.070685 0.060685
v -0.269317 0.071054 0.043028
v -0.269019 0.071397 0.025412
v -0.267990 0.071721 0.007829
v -0.266346 0.072033 -0.009729
v -0.264273 0.072338 -0.027275
v -0.262049 0.072637 -0.044812
v -0.259365 0.072931 -0.062342
v -0.256187 0.073218 -0.079858
v -0.252452 0.073493 -0.097345
v -0.248052 0.073752 -0.114773
v -0.242683 0.073978 -0.132059
v -0.228137 0.074263 -0.164262
v -0.228886 0.056516 -0.164664
v -0.263427 0.069864 0.094972
v -0.265981 0.088027 0.078736
v -0.267932 0.088437 0.061072
v -0.268555 0.088810 0.043417
v -0.268203 0.089150 0.025804
v -0.267166 0.089473 0.008220
v -0.265568 0.089784 -0.009348
v -0.263520 0.090088 -0.026900
v -0.261289 0.090386 -0.044440
v -0.258597 0.090681 -0.061971
v -0.255406 0.090970 -0.079488
v -0.251670 0.091248 -0.096975
v -0.247264 0.091507 -0.114403
v -0.241950 0.091731 -0.131701
v -0.235857 0.074152 -0.149012
v -0.227512 0.092009 -0.163945
v -0.227515 0.074272 -0.165491
v -0.262655 0.087609 0.095352
v -0.265060 0.105775 0.079136
v -0.266897 0.106194 0.061473
v -0.267252 0.106561 0.043831
v -0.266736 0.106892 0.026229
v -0.265614 0.107205 0.008651
v -0.263995 0.107513 -0.008916
v -0.261955 0.107818 -0.026471
v -0.259738 0.108115 -0.044013
v -0.257058 0.108412 -0.061547
v -0.253911 0.108707 -0.079070
v -0.250242 0.108992 -0.096566
v -0.245980 0.109258 -0.114016
v -0.240752 0.109482 -0.131328
v -0.235169 0.091898 -0.148670
v -0.226646 0.109755 -0.163667
v -0.226895 0.092018 -0.165175
v -0.261445 0.105347 0.095709
v -0.263939 0.123529 0.079566
v -0.265290 0.123950 0.061901
v -0.265280 0.124297 0.044280
v -0.264500 0.124604 0.026702
v -0.263211 0.124900 0.009140
v -0.261514 0.125200 -0.008418
v -0.259488 0.125502 -0.025974
v -0.257290 0.125802 -0.043517
v -0.254668 0.126105 -0.061056
v -0.251567 0.126405 -0.078582
v -0.248081 0.126709 -0.096102
v -0.244055 0.126996 -0.113587
v -0.239172 0.127236 -0.130966
v -0.234136 0.109645 -0.148336
v -0.225661 0.127505 -0.163476
v -0.226042 0.109764 -0.164902
v -0.260514 0.123089 0.096156
v -0.262108 0.141279 0.080031
v -0.262605 0.141653 0.062400
v -0.262027 0.141932 0.044831
v -0.260987 0.142203 0.027279
v -0.259511 0.142468 0.009742
v -0.257737 0.142757 -0.007802
v -0.255592 0.143037 -0.025336
v -0.253441 0.143345 -0.042879
v -0.250963 0.143674 -0.060430
v -0.247963 0.143983 -0.077961
v -0.244679 0.144319 -0.095501
v -0.241002 0.144650 -0.113031
v -0.236896 0.144972 -0.130541
v -0.232947 0.127400 -0.148079
v -0.224882 0.145249 -0.163486
v -0.225074 0.127513 -0.164717
v -0.260104 0.140797 0.096721
v -0.258249 0.158817 0.080648
v -0.257783 0.159035 0.063094
v -0.256949 0.159267 0.045555
v -0.255583 0.159457 0.028051
v -0.254021 0.159730 0.010531
v -0.252048 0.159999 -0.006980
v -0.249879 0.160302 -0.024505
v -0.247714 0.160642 -0.042039
v -0.245048 0.160907 -0.059552
v -0.242237 0.161289 -0.077094
v -0.239121 0.161678 -0.094637
v -0.235626 0.162038 -0.112174
v -0.231767 0.162391 -0.129698
v -0.231366 0.145160 -0.147822
v -0.222891 0.162992 -0.163275
v -0.224360 0.145256 -0.164748
v -0.257473 0.158400 0.097310
v -0.247817 0.173306 0.082018
v -0.246891 0.173161 0.064548
v -0.245964 0.173484 0.047039
v -0.244702 0.173700 0.029535
v -0.243227 0.174115 0.012004
v -0.241406 0.174709 -0.005524
v -0.239175 0.175042 -0.023039
v -0.237083 0.175625 -0.040580
v -0.234546 0.176040 -0.058116
v -0.231636 0.176344 -0.075650
v -0.228508 0.176733 -0.093182
v -0.225109 0.177053 -0.110722
v -0.221522 0.177457 -0.128267
v -0.227876 0.162842 -0.147251
v -0.213982 0.178107 -0.162021
v -0.222489 0.163004 -0.164566
v -0.248395 0.173221 0.098536
v -0.231118 0.177734 0.084313
v -0.230411 0.178711 0.066795
v -0.229477 0.179570 0.049265
v -0.228252 0.180056 0.031726
v -0.226741 0.180471 0.014183
v -0.224939 0.181008 -0.003361
v -0.222843 0.181226 -0.020911
v -0.220675 0.181626 -0.038453
v -0.218138 0.182015 -0.055995
v -0.215291 0.182285 -0.073544
v -0.212092 0.182491 -0.091082
v -0.208593 0.182641 -0.108628
v -0.204860 0.182497 -0.126172
v -0.217629 0.177643 -0.145790
v -0.197178 0.181643 -0.159943
v -0.213689 0.178144 -0.163328
v -0.231607 0.176748 0.100849
v -0.214304 0.175527 0.086412
v -0.213742 0.176111 0.068875
v -0.212909 0.176712 0.051338
v -0.211823 0.177159 0.033794
v -0.210379 0.177565 0.016254
v -0.208608 0.177944 -0.001290
v -0.206403 0.178435 -0.018823
v -0.204196 0.178838 -0.036359
v -0.201603 0.179158 -0.053887
v -0.198626 0.179561 -0.071418
v -0.195533 0.179441 -0.088966
v -0.191872 0.179908 -0.106476
v -0.188005 0.180168 -0.124003
v -0.200923 0.182268 -0.143718
v -0.180123 0.179838 -0.157763
v -0.196876 0.181593 -0.161250
v -0.214617 0.174838 0.102973
v -0.202312 0.164723 0.087809
v -0.202061 0.164757 0.070255
v -0.201381 0.164957 0.052717
v -0.200500 0.165133 0.035157
v -0.199198 0.165435 0.017607
v -0.197652 0.165675 0.000041
v -0.195483 0.166067 -0.017490
v -0.192989 0.166634 -0.034980
v -0.190338 0.167062 -0.052507
v -0.187520 0.167369 -0.070051
v -0.183919 0.167896 -0.087545
v -0.180138 0.168347 -0.105054
v -0.176285 0.168693 -0.122589
v -0.183937 0.180240 -0.141537
v -0.167953 0.169614 -0.156259
v -0.179816 0.179806 -0.159070
v -0.205822 0.147757 0.103603
v -0.203319 0.147701 0.087491
v -0.203292 0.148168 0.087500
v -0.201570 0.148146 0.070202
v -0.201583 0.148602 0.070204
v -0.200276 0.148403 0.052763
v -0.200306 0.148857 0.052762
v -0.198804 0.148736 0.035280
v -0.198850 0.149186 0.035276
v -0.197252 0.149073 0.017756
v -0.197306 0.149521 0.017752
v -0.195253 0.149452 0.000254
v -0.195319 0.149898 0.000248
v -0.192971 0.149664 -0.017257
v -0.193040 0.150114 -0.017263
v -0.190870 0.149970 -0.034776
v -0.190928 0.150427 -0.034782
v -0.188388 0.150380 -0.052365
v -0.188441 0.150838 -0.052369
v -0.185354 0.150779 -0.069898
v -0.185414 0.151235 -0.069902
v -0.181956 0.151166 -0.087414
v -0.182010 0.151625 -0.087417
v -0.178655 0.151414 -0.104978
v -0.178696 0.151879 -0.104980
v -0.175602 0.151664 -0.122559
v -0.175620 0.152131 -0.122560
v -0.172819 0.151951 -0.140198
v -0.172792 0.152423 -0.140194
v -0.171080 0.152414 -0.156492
v -0.171035 0.151927 -0.157812
v -0.170942 0.152413 -0.157805
v -0.263230 0.035287 0.094067
v -0.266507 0.052507 0.077902
v -0.263011 0.052086 0.094455
v -0.266797 0.035709 0.077527
v -0.268433 0.052905 0.060316
v -0.268791 0.036110 0.059954
v -0.269044 0.053274 0.042717
v -0.268579 0.036818 0.024821
v -0.269133 0.036472 0.042377
v -0.267530 0.053950 0.007590
v -0.268635 0.053620 0.025143
v -0.267311 0.037148 0.007294
v -0.265816 0.054268 -0.009946
v -0.265500 0.037467 -0.010223
v -0.263649 0.054576 -0.027477
v -0.263270 0.037776 -0.027740
v -0.261442 0.054875 -0.045009
v -0.261062 0.038076 -0.045269
v -0.258793 0.055168 -0.062536
v -0.258437 0.038367 -0.062793
v -0.255658 0.055451 -0.080049
v -0.255341 0.038650 -0.080303
v -0.252004 0.055720 -0.097532
v -0.251844 0.038918 -0.097803
v -0.247760 0.055973 -0.114956
v -0.247721 0.039171 -0.115238
v -0.242488 0.056194 -0.132202
v -0.242712 0.039396 -0.132531
v -0.235731 0.056365 -0.149093
v -0.228744 0.039681 -0.164789
v -0.227415 0.056474 -0.165536
v -0.228035 0.056466 -0.164310
v -0.265782 0.070250 0.078290
v -0.262518 0.069835 0.094873
v -0.267725 0.070652 0.060696
v -0.268402 0.071021 0.043090
v -0.268106 0.071366 0.025504
v -0.267080 0.071692 0.007938
v -0.265439 0.072007 -0.009611
v -0.263365 0.072314 -0.027152
v -0.261142 0.072613 -0.044685
v -0.258457 0.072906 -0.062212
v -0.255278 0.073190 -0.079719
v -0.251544 0.073462 -0.097191
v -0.247148 0.073717 -0.114589
v -0.241794 0.073941 -0.131816
v -0.227288 0.074224 -0.163905
v -0.265069 0.087998 0.078674
v -0.261746 0.087579 0.095249
v -0.267015 0.088406 0.061085
v -0.267639 0.088771 0.043482
v -0.267290 0.089105 0.025897
v -0.266257 0.089425 0.008327
v -0.264661 0.089736 -0.009232
v -0.262612 0.090041 -0.026778
v -0.260382 0.090340 -0.044313
v -0.257689 0.090634 -0.061840
v -0.254498 0.090924 -0.079348
v -0.250762 0.091204 -0.096820
v -0.246361 0.091464 -0.114218
v -0.234995 0.074113 -0.148691
v -0.241060 0.091691 -0.131460
v -0.226667 0.074233 -0.165131
v -0.226661 0.091977 -0.163591
v -0.264145 0.105753 0.079075
v -0.260535 0.105329 0.095598
v -0.265977 0.106159 0.061498
v -0.266336 0.106509 0.043907
v -0.265824 0.106827 0.026328
v -0.264705 0.107134 0.008761
v -0.263088 0.107439 -0.008800
v -0.261048 0.107743 -0.026350
v -0.258831 0.108042 -0.043887
v -0.256151 0.108340 -0.061418
v -0.253003 0.108637 -0.078933
v -0.249333 0.108928 -0.096417
v -0.245074 0.109204 -0.113839
v -0.234305 0.091864 -0.148353
v -0.239858 0.109439 -0.131096
v -0.226045 0.091986 -0.164819
v -0.225789 0.109730 -0.163322
v -0.263019 0.123507 0.079529
v -0.259597 0.123088 0.096068
v -0.264370 0.123888 0.061950
v -0.264366 0.124208 0.044372
v -0.263593 0.124499 0.026811
v -0.262307 0.124785 0.009254
v -0.260612 0.125079 -0.008302
v -0.258586 0.125380 -0.025855
v -0.256388 0.125681 -0.043395
v -0.253765 0.125988 -0.060931
v -0.250662 0.126293 -0.078452
v -0.247173 0.126607 -0.095965
v -0.243146 0.126912 -0.113428
v -0.233266 0.109614 -0.148028
v -0.238271 0.127179 -0.130756
v -0.225186 0.109739 -0.164555
v -0.224792 0.127493 -0.163151
v -0.261188 0.141195 0.080048
v -0.259180 0.140746 0.096696
v -0.261695 0.141516 0.062482
v -0.261126 0.141765 0.044941
v -0.260093 0.142021 0.027397
v -0.258621 0.142277 0.009861
v -0.256851 0.142559 -0.007683
v -0.254706 0.142836 -0.025219
v -0.252555 0.143142 -0.042762
v -0.250076 0.143472 -0.060311
v -0.247072 0.143786 -0.077842
v -0.243783 0.144132 -0.095379
v -0.240102 0.144479 -0.112897
v -0.232067 0.127374 -0.147793
v -0.235994 0.144835 -0.130373
v -0.224206 0.127502 -0.164389
v -0.223992 0.145204 -0.163212
v -0.257401 0.158468 0.080720
v -0.256611 0.158077 0.097356
v -0.256958 0.158643 0.063196
v -0.256136 0.158860 0.045665
v -0.254775 0.159046 0.028163
v -0.253215 0.159318 0.010639
v -0.251241 0.159588 -0.006871
v -0.249071 0.159891 -0.024399
v -0.246906 0.160232 -0.041934
v -0.244238 0.160497 -0.059445
v -0.241424 0.160879 -0.076991
v -0.238304 0.161271 -0.094535
v -0.234803 0.161637 -0.112068
v -0.230470 0.145082 -0.147587
v -0.230934 0.162008 -0.129582
v -0.223470 0.145213 -0.164471
v -0.222035 0.162682 -0.163093
v -0.247341 0.172497 0.082071
v -0.247914 0.172412 0.098577
v -0.246414 0.172352 0.064609
v -0.245482 0.172679 0.047102
v -0.244216 0.172898 0.029601
v -0.242738 0.173314 0.012065
v -0.240916 0.173907 -0.005460
v -0.238685 0.174237 -0.022977
v -0.236593 0.174818 -0.040521
v -0.234055 0.175232 -0.058053
v -0.231145 0.175534 -0.075590
v -0.228018 0.175919 -0.093123
v -0.224620 0.176235 -0.110662
v -0.227028 0.162504 -0.147097
v -0.221037 0.176634 -0.128206
v -0.221633 0.162696 -0.164382
v -0.213499 0.177281 -0.161943
v -0.231159 0.176732 0.084287
v -0.231651 0.175751 0.100817
v -0.230442 0.177704 0.066775
v -0.229503 0.178559 0.049251
v -0.228278 0.179040 0.031720
v -0.226770 0.179451 0.014175
v -0.224972 0.179985 -0.003366
v -0.222877 0.180199 -0.020916
v -0.220710 0.180597 -0.038461
v -0.218175 0.180983 -0.056001
v -0.215328 0.181252 -0.073545
v -0.212131 0.181458 -0.091086
v -0.208631 0.181608 -0.108632
v -0.217147 0.176816 -0.145720
v -0.204896 0.181465 -0.126169
v -0.213205 0.177318 -0.163250
v -0.197221 0.180617 -0.159925
v -0.214785 0.174604 0.086335
v -0.215085 0.173915 0.102894
v -0.214249 0.175192 0.068799
v -0.213434 0.175795 0.051266
v -0.212359 0.176242 0.033727
v -0.210923 0.176647 0.016187
v -0.209156 0.177025 -0.001359
v -0.206950 0.177511 -0.018896
v -0.204737 0.177909 -0.036432
v -0.202141 0.178226 -0.053957
v -0.199160 0.178627 -0.071483
v -0.196056 0.178504 -0.089035
v -0.192382 0.178966 -0.106546
v -0.200964 0.181239 -0.143706
v -0.188499 0.179222 -0.124065
v -0.196919 0.180567 -0.161232
v -0.180588 0.178886 -0.157799
v -0.203249 0.164288 0.087665
v -0.203387 0.164282 0.104218
v -0.202988 0.164290 0.070128
v -0.202303 0.164472 0.052598
v -0.201420 0.164637 0.035043
v -0.200117 0.164929 0.017495
v -0.198569 0.165163 -0.000072
v -0.196399 0.165551 -0.017611
v -0.193906 0.166119 -0.035101
v -0.191256 0.166547 -0.052623
v -0.188434 0.166851 -0.070170
v -0.184831 0.167376 -0.087666
v -0.181053 0.167837 -0.105167
v -0.184412 0.179288 -0.141586
v -0.177210 0.168206 -0.122696
v -0.180280 0.178853 -0.159106
v -0.168901 0.169177 -0.156333
v -0.206807 0.147790 0.103414
v -0.204314 0.147687 0.087319
v -0.206903 0.147324 0.103392
v -0.204285 0.148143 0.087328
v -0.202570 0.148036 0.070057
v -0.202581 0.148482 0.070059
v -0.201275 0.148240 0.052630
v -0.201303 0.148685 0.052629
v -0.199802 0.148540 0.035153
v -0.199846 0.148981 0.035150
v -0.198248 0.148850 0.017632
v -0.198299 0.149291 0.017629
v -0.196247 0.149209 0.000130
v -0.196311 0.149647 0.000125
v -0.193965 0.149416 -0.017385
v -0.194032 0.149859 -0.017391
v -0.191866 0.149735 -0.034904
v -0.191922 0.150184 -0.034909
v -0.189385 0.150153 -0.052489
v -0.189436 0.150603 -0.052493
v -0.186350 0.150554 -0.070028
v -0.186407 0.151001 -0.070032
v -0.182953 0.150953 -0.087543
v -0.183004 0.151404 -0.087546
v -0.179657 0.151234 -0.105089
v -0.179695 0.151690 -0.105091
v -0.176608 0.151543 -0.122659
v -0.176625 0.152001 -0.122660
v -0.173828 0.151931 -0.140271
v -0.172084 0.152438 -0.156544
v -0.172041 0.151969 -0.157861
v -0.172174 0.151966 -0.156550
v -0.263944 0.034336 0.095119
v -0.263023 0.035263 0.095027
v -0.263932 0.035287 0.095141
v -0.264151 0.034361 0.094157
v -0.266813 0.034758 0.077506
v -0.263242 0.034337 0.094045
v -0.267726 0.034786 0.077573
v -0.268812 0.035159 0.059934
v -0.269731 0.035189 0.059918
v -0.269138 0.035520 0.042357
v -0.270056 0.035542 0.042285
v -0.268576 0.035867 0.024803
v -0.269490 0.035877 0.024701
v -0.267298 0.036197 0.007277
v -0.268210 0.036198 0.007159
v -0.265482 0.036516 -0.010239
v -0.266392 0.036511 -0.010364
v -0.263249 0.036825 -0.027755
v -0.264159 0.036816 -0.027882
v -0.261040 0.037125 -0.045283
v -0.259328 0.037408 -0.062936
v -0.261950 0.037116 -0.045409
v -0.256235 0.037695 -0.080451
v -0.258417 0.037416 -0.062807
v -0.252748 0.037971 -0.097963
v -0.255323 0.037699 -0.080317
v -0.248627 0.038234 -0.115427
v -0.251835 0.037967 -0.097819
v -0.243620 0.038475 -0.132781
v -0.247719 0.038220 -0.115254
v -0.237168 0.038673 -0.149845
v -0.242725 0.038445 -0.132550
v -0.228989 0.039746 -0.166375
v -0.228138 0.039689 -0.166020
v -0.229030 0.038796 -0.166402
v -0.228784 0.038731 -0.164817
v -0.229637 0.038787 -0.165168
v -0.263718 0.052087 0.095525
v -0.262328 0.069811 0.095836
v -0.263238 0.069839 0.095937
v -0.226667 0.074233 -0.165131
v -0.227415 0.056474 -0.165536
v -0.262462 0.087585 0.096316
v -0.261553 0.087555 0.096212
v -0.261235 0.105322 0.096671
v -0.260326 0.105304 0.096557
v -0.226045 0.091986 -0.164819
v -0.260315 0.123063 0.097119
v -0.259398 0.123064 0.097028
v -0.225186 0.109739 -0.164555
v -0.259063 0.140720 0.097663
v -0.259988 0.140769 0.097690
v -0.224206 0.127502 -0.164389
v -0.256565 0.158054 0.098322
v -0.257428 0.158376 0.098277
v -0.221633 0.162696 -0.164382
v -0.223470 0.145213 -0.164471
v -0.247947 0.172407 0.099535
v -0.248428 0.173216 0.099495
v -0.213205 0.177318 -0.163250
v -0.231635 0.176691 0.101809
v -0.231680 0.175694 0.101776
v -0.215102 0.173875 0.103855
v -0.214635 0.174798 0.103935
v -0.180280 0.178853 -0.159106
v -0.196919 0.180567 -0.161232
v -0.203395 0.164281 0.105178
v -0.202455 0.164702 0.105335
v -0.168589 0.169214 -0.157637
v -0.205969 0.147734 0.104538
v -0.206953 0.147769 0.104348
v -0.205917 0.147279 0.103581
v -0.207054 0.147303 0.104324
v -0.204314 0.147687 0.087319
v -0.202570 0.148036 0.070057
v -0.201275 0.148240 0.052630
v -0.199802 0.148540 0.035153
v -0.198248 0.148850 0.017632
v -0.196247 0.149209 0.000130
v -0.193965 0.149416 -0.017385
v -0.191866 0.149735 -0.034904
v -0.189385 0.150153 -0.052489
v -0.186350 0.150554 -0.070028
v -0.182953 0.150953 -0.087543
v -0.179657 0.151234 -0.105089
v -0.176608 0.151543 -0.122659
v -0.173828 0.151931 -0.140271
v -0.172819 0.151951 -0.140198
v -0.171168 0.151929 -0.156499
v -0.171946 0.152442 -0.157855
v -0.180800 0.132588 -0.175728
v -0.207547 0.134053 -0.178030
v -0.180769 0.132872 -0.175719
v -0.177800 0.159863 -0.174897
v -0.202667 0.178998 -0.175208
v -0.175806 0.177591 -0.173286
v -0.200478 0.197097 -0.172878
v -0.173503 0.195620 -0.171444
v -0.198057 0.215387 -0.170408
v -0.170989 0.213882 -0.169495
v -0.195457 0.233829 -0.167982
v -0.168313 0.232315 -0.167547
v -0.192724 0.252356 -0.165884
v -0.165512 0.250856 -0.165913
v -0.189904 0.270965 -0.164130
v -0.162636 0.269495 -0.164605
v -0.187049 0.289578 -0.163774
v -0.159740 0.288158 -0.164645
v -0.184209 0.307982 -0.165032
v -0.156872 0.306635 -0.166281
v -0.181435 0.326210 -0.167337
v -0.154085 0.324956 -0.168968
v -0.178780 0.344305 -0.170066
v -0.151434 0.343167 -0.172091
v -0.176300 0.362313 -0.172658
v -0.148978 0.361311 -0.175070
v -0.174050 0.380418 -0.174798
v -0.146769 0.379534 -0.177472
v -0.172093 0.398665 -0.176220
v -0.144881 0.397926 -0.179168
v -0.170448 0.416950 -0.179749
v -0.143315 0.416453 -0.182818
v -0.169823 0.426103 -0.175917
v -0.142733 0.425754 -0.179095
v -0.142197 0.435035 -0.176971
v -0.168308 0.453664 -0.168663
v -0.141348 0.453623 -0.172071
v -0.140717 0.472274 -0.164834
v -0.167628 0.471931 -0.161241
v -0.140185 0.490833 -0.154655
v -0.167066 0.489942 -0.151054
v -0.139753 0.508713 -0.141529
v -0.166600 0.507095 -0.137975
v -0.139367 0.525168 -0.125484
v -0.166183 0.522604 -0.122174
v -0.139066 0.539424 -0.106814
v -0.165847 0.535671 -0.104308
v -0.165540 0.544971 -0.084785
v -0.138894 0.550347 -0.086097
v -0.165498 0.549836 -0.063372
v -0.138818 0.555616 -0.062871
v -0.166207 0.550169 -0.041580
v -0.139296 0.554923 -0.038040
v -0.167891 0.546180 -0.020171
v -0.141071 0.548944 -0.014829
v -0.170131 0.538209 -0.000238
v -0.143421 0.539506 0.006562
v -0.172712 0.526537 0.017268
v -0.146187 0.526843 0.025038
v -0.175524 0.512424 0.031983
v -0.149131 0.512001 0.040117
v -0.178423 0.496591 0.044145
v -0.152128 0.495729 0.052432
v -0.181319 0.479618 0.053878
v -0.155109 0.478441 0.062111
v -0.184204 0.461655 0.060770
v -0.158029 0.460268 0.068862
v -0.161101 0.441643 0.073757
v -0.187263 0.443074 0.065742
v -0.164255 0.422903 0.077318
v -0.190453 0.424268 0.069448
v -0.167531 0.404448 0.080259
v -0.193767 0.405766 0.072541
v -0.170942 0.386576 0.083247
v -0.197218 0.387929 0.075710
v -0.174510 0.368952 0.086444
v -0.200821 0.370390 0.079132
v -0.178228 0.351160 0.089187
v -0.204567 0.352672 0.082101
v -0.182064 0.333198 0.091618
v -0.208425 0.334771 0.084756
v -0.185975 0.315070 0.093884
v -0.212354 0.316692 0.087259
v -0.189920 0.296780 0.096144
v -0.216315 0.298440 0.089756
v -0.193852 0.278426 0.098530
v -0.220259 0.280097 0.092383
v -0.197721 0.260221 0.101161
v -0.224139 0.261896 0.095265
v -0.201477 0.242198 0.104098
v -0.227906 0.243872 0.098491
v -0.205072 0.224362 0.107202
v -0.231511 0.226019 0.101882
v -0.208452 0.206712 0.110327
v -0.234903 0.208335 0.105319
v -0.211573 0.189266 0.113438
v -0.238036 0.190833 0.108772
v -0.214390 0.171976 0.116235
v -0.240842 0.173438 0.111925
v -0.216796 0.154679 0.118337
v -0.243343 0.155959 0.114362
v -0.219884 0.127755 0.119275
v -0.243343 0.155959 0.114362
v -0.246339 0.128941 0.115390
v -0.145097 0.400619 -0.185367
v -0.170923 0.416383 -0.179987
v -0.143670 0.415950 -0.183135
v -0.146971 0.383549 -0.186361
v -0.172485 0.400958 -0.181983
v -0.148846 0.366201 -0.186461
v -0.174408 0.383802 -0.182803
v -0.150795 0.348776 -0.185425
v -0.176321 0.366374 -0.182673
v -0.152806 0.331192 -0.183743
v -0.178314 0.348912 -0.181480
v -0.154869 0.313457 -0.182086
v -0.180365 0.331282 -0.179603
v -0.156961 0.295558 -0.181113
v -0.182469 0.313510 -0.177813
v -0.159056 0.277480 -0.181553
v -0.184601 0.295579 -0.176743
v -0.161123 0.259409 -0.183606
v -0.186735 0.277465 -0.177092
v -0.163127 0.241431 -0.186122
v -0.188839 0.259354 -0.179103
v -0.165037 0.223552 -0.188998
v -0.190878 0.241346 -0.181606
v -0.166820 0.205806 -0.192178
v -0.194536 0.206653 -0.187487
v -0.166723 0.206770 -0.192005
v -0.207995 0.134001 -0.176038
v -0.181252 0.132537 -0.173736
v -0.181221 0.132821 -0.173727
v -0.203079 0.178790 -0.173225
v -0.178239 0.159741 -0.172908
v -0.176222 0.177384 -0.171304
v -0.200847 0.196871 -0.170895
v -0.173876 0.195395 -0.169461
v -0.198379 0.215151 -0.168426
v -0.171314 0.213646 -0.167513
v -0.195732 0.233587 -0.165995
v -0.168589 0.232073 -0.165560
v -0.192948 0.252113 -0.163890
v -0.165738 0.250614 -0.163920
v -0.190078 0.270723 -0.162132
v -0.162812 0.269255 -0.162606
v -0.187172 0.289333 -0.161762
v -0.159864 0.287915 -0.162639
v -0.184279 0.307733 -0.163002
v -0.156941 0.306388 -0.164256
v -0.181449 0.325955 -0.165297
v -0.154100 0.324703 -0.166935
v -0.178739 0.344041 -0.168024
v -0.151392 0.342905 -0.170058
v -0.176202 0.362040 -0.170620
v -0.148879 0.361041 -0.173042
v -0.173896 0.380144 -0.172782
v -0.146613 0.379261 -0.175467
v -0.171886 0.398388 -0.174211
v -0.144672 0.397650 -0.177169
v -0.170196 0.416609 -0.177797
v -0.143060 0.416113 -0.180876
v -0.169554 0.425695 -0.173937
v -0.142461 0.425346 -0.177125
v -0.167981 0.453102 -0.166736
v -0.141906 0.434569 -0.175009
v -0.141017 0.453048 -0.170152
v -0.140368 0.471596 -0.162969
v -0.139819 0.490027 -0.152868
v -0.167279 0.471267 -0.159367
v -0.139365 0.507710 -0.139882
v -0.166700 0.489150 -0.149253
v -0.138956 0.523926 -0.124070
v -0.166212 0.506104 -0.136311
v -0.138627 0.537908 -0.105746
v -0.165772 0.521362 -0.120747
v -0.165074 0.543213 -0.084180
v -0.138428 0.548570 -0.085532
v -0.165036 0.547948 -0.063339
v -0.138356 0.553719 -0.062832
v -0.165783 0.548300 -0.042088
v -0.138872 0.553054 -0.038473
v -0.167507 0.544431 -0.021115
v -0.140687 0.547193 -0.015703
v -0.169751 0.536659 -0.001543
v -0.143040 0.537950 0.005322
v -0.172308 0.525195 0.015722
v -0.145782 0.525492 0.023559
v -0.175090 0.511261 0.030320
v -0.148698 0.510826 0.038519
v -0.177961 0.495573 0.042417
v -0.151666 0.494698 0.050772
v -0.180830 0.478722 0.052144
v -0.154620 0.477531 0.060443
v -0.183712 0.460857 0.059051
v -0.157538 0.459466 0.067162
v -0.160623 0.440931 0.072017
v -0.163795 0.422264 0.075542
v -0.186785 0.442367 0.064004
v -0.167095 0.403859 0.078451
v -0.189993 0.423633 0.067674
v -0.170535 0.386026 0.081403
v -0.193330 0.405181 0.070736
v -0.174135 0.368433 0.084585
v -0.196809 0.387380 0.073869
v -0.177887 0.350661 0.087319
v -0.200445 0.369870 0.077274
v -0.181756 0.332713 0.089742
v -0.204224 0.352172 0.080235
v -0.185702 0.314596 0.092002
v -0.208115 0.334285 0.082883
v -0.189680 0.296316 0.094255
v -0.212079 0.316218 0.085379
v -0.193646 0.277965 0.096636
v -0.216073 0.297974 0.087869
v -0.197548 0.259765 0.099262
v -0.220050 0.279635 0.090490
v -0.201336 0.241750 0.102193
v -0.223963 0.261439 0.093366
v -0.204962 0.223928 0.105288
v -0.227761 0.243423 0.096585
v -0.208371 0.206299 0.108402
v -0.231397 0.225584 0.099967
v -0.211519 0.188885 0.111500
v -0.234818 0.207921 0.103394
v -0.214359 0.171658 0.114283
v -0.237978 0.190451 0.106835
v -0.216776 0.154497 0.116366
v -0.240807 0.173120 0.109972
v -0.219871 0.127667 0.117297
v -0.243317 0.155777 0.112391
v -0.216776 0.154497 0.116366
v -0.170708 0.415589 -0.178052
v -0.144895 0.399883 -0.183418
v -0.143452 0.415158 -0.181215
v -0.172287 0.400220 -0.180016
v -0.146774 0.382961 -0.184452
v -0.174215 0.383213 -0.180877
v -0.148659 0.365723 -0.184536
v -0.176138 0.365895 -0.180728
v -0.150622 0.348364 -0.183493
v -0.178145 0.348499 -0.179530
v -0.152645 0.330825 -0.181808
v -0.180208 0.330914 -0.177652
v -0.154722 0.313117 -0.180151
v -0.182326 0.313168 -0.175864
v -0.156830 0.295229 -0.179175
v -0.184474 0.295249 -0.174800
v -0.158940 0.277151 -0.179608
v -0.186623 0.277135 -0.175145
v -0.161021 0.259072 -0.181659
v -0.188742 0.259017 -0.177155
v -0.163040 0.241086 -0.184178
v -0.190796 0.240999 -0.179663
v -0.164963 0.223198 -0.187059
v -0.194481 0.206292 -0.185549
v -0.166760 0.205446 -0.190240
v -0.166662 0.206411 -0.190066
v -0.207578 0.133767 -0.178038
v -0.208025 0.133716 -0.176046
v -0.178239 0.159741 -0.172908
v -0.181221 0.132821 -0.173727
v -0.176222 0.177384 -0.171304
v -0.178239 0.159741 -0.172908
v -0.207578 0.133767 -0.178038
v -0.207995 0.134001 -0.176038
v -0.205076 0.161031 -0.175281
v -0.203079 0.178790 -0.173225
v -0.200847 0.196871 -0.170895
v -0.198379 0.215151 -0.168426
v -0.195732 0.233587 -0.165995
v -0.192948 0.252113 -0.163890
v -0.190078 0.270723 -0.162132
v -0.187172 0.289333 -0.161762
v -0.184279 0.307733 -0.163002
v -0.181449 0.325955 -0.165297
v -0.178739 0.344041 -0.168024
v -0.176202 0.362040 -0.170620
v -0.173896 0.380144 -0.172782
v -0.171886 0.398388 -0.174211
v -0.170196 0.416609 -0.177797
v -0.169554 0.425695 -0.173937
v -0.168950 0.434837 -0.171732
v -0.167981 0.453102 -0.166736
v -0.167279 0.471267 -0.159367
v -0.166700 0.489150 -0.149253
v -0.166212 0.506104 -0.136311
v -0.165772 0.521362 -0.120747
v -0.165408 0.534152 -0.103238
v -0.165074 0.543213 -0.084180
v -0.165036 0.547948 -0.063339
v -0.165783 0.548300 -0.042088
v -0.167507 0.544431 -0.021115
v -0.169751 0.536659 -0.001543
v -0.172308 0.525195 0.015722
v -0.175090 0.511261 0.030320
v -0.177961 0.495573 0.042417
v -0.180830 0.478722 0.052144
v -0.183712 0.460857 0.059051
v -0.186785 0.442367 0.064004
v -0.189993 0.423633 0.067674
v -0.193330 0.405181 0.070736
v -0.196809 0.387380 0.073869
v -0.200445 0.369870 0.077274
v -0.204224 0.352172 0.080235
v -0.208115 0.334285 0.082883
v -0.212079 0.316218 0.085379
v -0.216073 0.297974 0.087869
v -0.220050 0.279635 0.090490
v -0.223963 0.261439 0.093366
v -0.227761 0.243423 0.096585
v -0.231397 0.225584 0.099967
v -0.234818 0.207921 0.103394
v -0.237978 0.190451 0.106835
v -0.240807 0.173120 0.109972
v -0.243317 0.155777 0.112391
v -0.243317 0.155777 0.112391
v -0.246321 0.128853 0.113412
v -0.246370 0.128663 0.115401
v -0.219903 0.127392 0.117307
v -0.219916 0.127478 0.119285
v -0.219871 0.127667 0.117297
v -0.214359 0.171658 0.114283
v -0.211519 0.188885 0.111500
v -0.208371 0.206299 0.108402
v -0.204962 0.223928 0.105288
v -0.201336 0.241750 0.102193
v -0.197548 0.259765 0.099262
v -0.193646 0.277965 0.096636
v -0.189680 0.296316 0.094255
v -0.185702 0.314596 0.092002
v -0.181756 0.332713 0.089742
v -0.177887 0.350661 0.087319
v -0.174135 0.368433 0.084585
v -0.170535 0.386026 0.081403
v -0.167095 0.403859 0.078451
v -0.163795 0.422264 0.075542
v -0.160623 0.440931 0.072017
v -0.157538 0.459466 0.067162
v -0.154620 0.477531 0.060443
v -0.151666 0.494698 0.050772
v -0.148698 0.510826 0.038519
v -0.145782 0.525492 0.023559
v -0.143040 0.537950 0.005322
v -0.140687 0.547193 -0.015703
v -0.138872 0.553054 -0.038473
v -0.138356 0.553719 -0.062832
v -0.138428 0.548570 -0.085532
v -0.138627 0.537908 -0.105746
v -0.138956 0.523926 -0.124070
v -0.139365 0.507710 -0.139882
v -0.139819 0.490027 -0.152868
v -0.140368 0.471596 -0.162969
v -0.141017 0.453048 -0.170152
v -0.141906 0.434569 -0.175009
v -0.142197 0.435035 -0.176971
v -0.142733 0.425754 -0.179095
v -0.143060 0.416113 -0.180876
v -0.144672 0.397650 -0.177169
v -0.146613 0.379261 -0.175467
v -0.148879 0.361041 -0.173042
v -0.151392 0.342905 -0.170058
v -0.154100 0.324703 -0.166935
v -0.156941 0.306388 -0.164256
v -0.159864 0.287915 -0.162639
v -0.162812 0.269255 -0.162606
v -0.165738 0.250614 -0.163920
v -0.168589 0.232073 -0.165560
v -0.171314 0.213646 -0.167513
v -0.173876 0.195395 -0.169461
v -0.143670 0.415950 -0.183135
v -0.142824 0.424851 -0.178072
v -0.143056 0.425668 -0.179930
v -0.170018 0.425325 -0.174981
v -0.170708 0.415589 -0.178052
v -0.172287 0.400220 -0.180016
v -0.174215 0.383213 -0.180877
v -0.176138 0.365895 -0.180728
v -0.178145 0.348499 -0.179530
v -0.180208 0.330914 -0.177652
v -0.182326 0.313168 -0.175864
v -0.184474 0.295249 -0.174800
v -0.186623 0.277135 -0.175145
v -0.188742 0.259017 -0.177155
v -0.192821 0.223444 -0.184482
v -0.190796 0.240999 -0.179663
v -0.194635 0.205688 -0.187660
v -0.194481 0.206292 -0.185549
v -0.194635 0.205688 -0.187660
v -0.194580 0.205327 -0.185722
v -0.166723 0.206770 -0.192005
v -0.163040 0.241086 -0.184178
v -0.164963 0.223198 -0.187059
v -0.161021 0.259072 -0.181659
v -0.158940 0.277151 -0.179608
v -0.156830 0.295229 -0.179175
v -0.154722 0.313117 -0.180151
v -0.152645 0.330825 -0.181808
v -0.150622 0.348364 -0.183493
v -0.148659 0.365723 -0.184536
v -0.146774 0.382961 -0.184452
v -0.144895 0.399883 -0.183418
v -0.169239 0.435291 -0.173701
v -0.168950 0.434837 -0.171732
v -0.169239 0.435291 -0.173701
v -0.170018 0.425325 -0.174981
v -0.170246 0.426143 -0.176852
v -0.143452 0.415158 -0.181215
v -0.143056 0.425668 -0.179930
v -0.171100 0.427964 -0.173929
v -0.172597 0.425293 -0.174148
v -0.171309 0.424840 -0.174466
v -0.175371 0.427959 -0.173096
v -0.175550 0.425288 -0.173557
v -0.172418 0.427963 -0.173686
v -0.174364 0.430150 -0.172864
v -0.172220 0.431061 -0.173096
v -0.172227 0.431195 -0.173177
v -0.170901 0.431062 -0.173338
v -0.170909 0.431195 -0.173419
v -0.174448 0.430251 -0.172937
v -0.172227 0.431195 -0.173177
v -0.174801 0.430840 -0.175469
v -0.174448 0.430251 -0.172937
v -0.170909 0.431195 -0.173419
v -0.172582 0.431781 -0.175706
v -0.175838 0.428578 -0.175710
v -0.175489 0.427982 -0.173177
v -0.175489 0.427982 -0.173177
v -0.176013 0.425913 -0.176172
v -0.175668 0.425312 -0.173638
v -0.175668 0.425312 -0.173638
v -0.176156 0.423791 -0.176509
v -0.175815 0.423192 -0.173974
v -0.175815 0.423192 -0.173974
v -0.172744 0.423173 -0.174484
v -0.175697 0.423168 -0.173893
v -0.172937 0.420480 -0.174872
v -0.176008 0.420499 -0.174361
v -0.175891 0.420475 -0.174280
v -0.173077 0.418574 -0.175120
v -0.176148 0.418593 -0.174609
v -0.176358 0.421124 -0.176998
v -0.176008 0.420499 -0.174361
v -0.176495 0.419218 -0.177247
v -0.176148 0.418593 -0.174609
v -0.176706 0.416378 -0.177579
v -0.176364 0.415752 -0.174940
v -0.176364 0.415752 -0.174940
v -0.176031 0.418569 -0.174528
v -0.176247 0.415728 -0.174859
v -0.176586 0.412914 -0.175226
v -0.176469 0.412889 -0.175144
v -0.176364 0.415752 -0.174940
v -0.176923 0.413539 -0.177867
v -0.176586 0.412914 -0.175226
v -0.173515 0.412894 -0.175738
v -0.173292 0.415733 -0.175452
v -0.171973 0.415735 -0.175697
v -0.172223 0.412548 -0.176016
v -0.173667 0.410992 -0.175906
v -0.176622 0.410987 -0.175311
v -0.172348 0.410993 -0.176152
v -0.172569 0.408308 -0.176357
v -0.173888 0.408306 -0.176110
v -0.176843 0.408302 -0.175514
v -0.176960 0.408326 -0.175596
v -0.176739 0.411011 -0.175393
v -0.177072 0.411636 -0.178035
v -0.176739 0.411011 -0.175393
v -0.177276 0.408929 -0.178139
v -0.176960 0.408326 -0.175596
v -0.177450 0.406815 -0.178275
v -0.177138 0.406215 -0.175730
v -0.177138 0.406215 -0.175730
v -0.177021 0.406191 -0.175648
v -0.177366 0.403565 -0.175867
v -0.177249 0.403541 -0.175786
v -0.177674 0.404165 -0.178414
v -0.177366 0.403565 -0.175867
v -0.174066 0.406195 -0.176245
v -0.174294 0.403545 -0.176383
v -0.176574 0.401380 -0.176054
v -0.174565 0.400487 -0.176501
v -0.176668 0.401327 -0.176145
v -0.174587 0.400403 -0.176608
v -0.176972 0.401927 -0.178693
v -0.176668 0.401327 -0.176145
v -0.174890 0.401003 -0.179154
v -0.174587 0.400403 -0.176608
v -0.173267 0.400404 -0.176857
v -0.173245 0.400488 -0.176750
v -0.173267 0.400404 -0.176857
v -0.173571 0.401004 -0.179402
v -0.173571 0.401004 -0.179402
v -0.174893 0.401135 -0.179252
v -0.173573 0.401136 -0.179500
v -0.174890 0.401003 -0.179154
v -0.176904 0.402028 -0.178807
v -0.174628 0.404193 -0.179131
v -0.173308 0.404195 -0.179378
v -0.177582 0.404189 -0.178538
v -0.177674 0.404165 -0.178414
v -0.176972 0.401927 -0.178693
v -0.177359 0.406840 -0.178398
v -0.174404 0.406844 -0.178991
v -0.177450 0.406815 -0.178275
v -0.177185 0.408951 -0.178263
v -0.174230 0.408955 -0.178854
v -0.177276 0.408929 -0.178139
v -0.177066 0.411819 -0.178821
v -0.174112 0.411824 -0.179410
v -0.177157 0.411795 -0.178697
v -0.176953 0.414272 -0.179132
v -0.173999 0.414276 -0.179720
v -0.177046 0.414209 -0.179005
v -0.177157 0.411795 -0.178697
v -0.177157 0.411795 -0.178697
v -0.176881 0.416696 -0.178908
v -0.177046 0.414209 -0.179005
v -0.176706 0.416378 -0.177579
v -0.177046 0.414209 -0.179005
v -0.176680 0.419110 -0.178468
v -0.176594 0.419101 -0.178603
v -0.176881 0.416696 -0.178908
v -0.176680 0.419110 -0.178468
v -0.173837 0.416727 -0.179623
v -0.176791 0.416722 -0.179036
v -0.173640 0.419106 -0.179190
v -0.176357 0.421307 -0.177781
v -0.173403 0.421312 -0.178368
v -0.176680 0.419110 -0.178468
v -0.176447 0.421282 -0.177658
v -0.176066 0.423817 -0.176632
v -0.173112 0.423823 -0.177219
v -0.176447 0.421282 -0.177658
v -0.176156 0.423791 -0.176509
v -0.176447 0.421282 -0.177658
v -0.176013 0.425913 -0.176172
v -0.175922 0.425937 -0.176295
v -0.172969 0.425943 -0.176882
v -0.175748 0.428602 -0.175833
v -0.172795 0.428607 -0.176419
v -0.175838 0.428578 -0.175710
v -0.174745 0.430786 -0.175600
v -0.172603 0.431695 -0.175829
v -0.174801 0.430840 -0.175469
v -0.172582 0.431781 -0.175706
v -0.171477 0.428608 -0.176661
v -0.171284 0.431696 -0.176069
v -0.171263 0.431782 -0.175947
v -0.170338 0.428609 -0.176859
v -0.170146 0.431696 -0.176267
v -0.170125 0.431782 -0.176144
v -0.169770 0.431194 -0.173618
v -0.171263 0.431782 -0.175947
v -0.168983 0.431696 -0.176459
v -0.168962 0.431781 -0.176336
v -0.168608 0.431193 -0.173811
v -0.170125 0.431782 -0.176144
v -0.169770 0.431194 -0.173618
v -0.168600 0.431061 -0.173729
v -0.168608 0.431193 -0.173811
v -0.169763 0.431062 -0.173537
v -0.168798 0.427964 -0.174321
v -0.169961 0.427964 -0.174128
v -0.168997 0.424998 -0.174834
v -0.170275 0.424462 -0.174713
v -0.170216 0.424411 -0.174842
v -0.170782 0.423200 -0.174947
v -0.170876 0.423175 -0.174825
v -0.171425 0.423175 -0.174728
v -0.170559 0.425011 -0.177368
v -0.169018 0.424913 -0.174955
v -0.170216 0.424411 -0.174842
v -0.171123 0.423800 -0.177474
v -0.170782 0.423200 -0.174947
v -0.169362 0.425513 -0.177481
v -0.162335 0.424906 -0.175879
v -0.162335 0.424906 -0.175879
v -0.169018 0.424913 -0.174955
v -0.159336 0.425498 -0.178742
v -0.158991 0.424897 -0.176223
v -0.158991 0.424897 -0.176223
v -0.162314 0.424991 -0.175758
v -0.162116 0.427954 -0.175240
v -0.158970 0.424982 -0.176102
v -0.158773 0.427944 -0.175580
v -0.155625 0.424957 -0.176449
v -0.155429 0.427917 -0.175931
v -0.155647 0.424872 -0.176570
v -0.152280 0.424912 -0.176929
v -0.152084 0.427871 -0.176406
v -0.152301 0.424827 -0.177049
v -0.152301 0.424827 -0.177049
v -0.155992 0.425473 -0.179083
v -0.152647 0.425427 -0.179561
v -0.155647 0.424872 -0.176570
v -0.149301 0.425378 -0.179966
v -0.148954 0.424778 -0.177456
v -0.148954 0.424778 -0.177456
v -0.148933 0.424863 -0.177335
v -0.142257 0.424671 -0.178050
v -0.142236 0.424756 -0.177929
v -0.142605 0.425271 -0.180561
v -0.142257 0.424671 -0.178050
v -0.148739 0.427821 -0.176809
v -0.142044 0.427711 -0.177395
v -0.140879 0.427691 -0.177468
v -0.141027 0.424201 -0.178100
v -0.141124 0.424151 -0.178210
v -0.139938 0.424560 -0.178096
v -0.140049 0.422900 -0.178374
v -0.140600 0.422909 -0.178343
v -0.140722 0.422935 -0.178439
v -0.141124 0.424151 -0.178210
v -0.141068 0.423535 -0.180950
v -0.140722 0.422935 -0.178439
v -0.141472 0.424751 -0.180721
v -0.141472 0.424751 -0.180721
v -0.140976 0.423558 -0.181058
v -0.141068 0.423535 -0.180950
v -0.142605 0.425271 -0.180561
v -0.141406 0.424851 -0.180814
v -0.141472 0.424751 -0.180721
v -0.142612 0.425404 -0.180644
v -0.141261 0.428339 -0.180183
v -0.140286 0.425662 -0.180732
v -0.141406 0.424851 -0.180814
v -0.141406 0.424851 -0.180814
v -0.140286 0.425662 -0.180732
v -0.149119 0.428470 -0.179523
v -0.142426 0.428360 -0.180110
v -0.149301 0.425378 -0.179966
v -0.149308 0.425512 -0.180049
v -0.152464 0.428520 -0.179121
v -0.152654 0.425561 -0.179644
v -0.155808 0.428566 -0.178647
v -0.152647 0.425427 -0.179561
v -0.155999 0.425606 -0.179166
v -0.159152 0.428592 -0.178303
v -0.159343 0.425631 -0.178825
v -0.155992 0.425473 -0.179083
v -0.159336 0.425498 -0.178742
v -0.162494 0.428602 -0.177965
v -0.162686 0.425640 -0.178484
v -0.162680 0.425507 -0.178400
v -0.169176 0.428609 -0.177051
v -0.169369 0.425647 -0.177565
v -0.169362 0.425513 -0.177481
v -0.170642 0.425113 -0.177445
v -0.170559 0.425011 -0.177368
v -0.171651 0.425944 -0.177124
v -0.170642 0.425113 -0.177445
v -0.171242 0.423825 -0.177559
v -0.171651 0.425944 -0.177124
v -0.170642 0.425113 -0.177445
v -0.170559 0.425011 -0.177368
v -0.171123 0.423800 -0.177474
v -0.171242 0.423825 -0.177559
v -0.171532 0.421314 -0.178708
v -0.171413 0.421290 -0.178624
v -0.171123 0.423800 -0.177474
v -0.170974 0.420506 -0.175336
v -0.171354 0.420828 -0.178651
v -0.170935 0.419933 -0.178256
v -0.171008 0.419871 -0.178389
v -0.170935 0.419933 -0.178256
v -0.170974 0.420506 -0.175336
v -0.170581 0.419297 -0.175580
v -0.171464 0.420818 -0.178808
v -0.171413 0.421290 -0.178624
v -0.171354 0.420828 -0.178651
v -0.171417 0.419435 -0.178579
v -0.171464 0.420818 -0.178808
v -0.171354 0.420828 -0.178651
v -0.171417 0.419435 -0.178579
v -0.171464 0.420818 -0.178808
v -0.171768 0.419107 -0.179530
v -0.171532 0.419300 -0.178728
v -0.171645 0.419135 -0.179433
v -0.171738 0.416506 -0.179057
v -0.171634 0.416472 -0.178929
v -0.171417 0.419435 -0.178579
v -0.171950 0.413714 -0.179342
v -0.171860 0.413511 -0.179230
v -0.172012 0.414199 -0.179976
v -0.171847 0.416704 -0.179877
v -0.171209 0.416420 -0.178782
v -0.171860 0.413511 -0.179230
v -0.171634 0.416472 -0.178929
v -0.171417 0.419435 -0.178579
v -0.171008 0.419871 -0.178389
v -0.170250 0.413461 -0.179128
v -0.171209 0.416420 -0.178782
v -0.170026 0.416386 -0.178830
v -0.169810 0.419312 -0.178484
v -0.163340 0.416381 -0.179769
v -0.163562 0.413457 -0.180074
v -0.163557 0.413323 -0.179983
v -0.170245 0.413327 -0.179036
v -0.171524 0.412985 -0.179146
v -0.169921 0.412727 -0.176505
v -0.171466 0.412862 -0.179033
v -0.170245 0.413327 -0.179036
v -0.163233 0.412723 -0.177457
v -0.163557 0.413323 -0.179983
v -0.171703 0.411018 -0.176373
v -0.171124 0.412226 -0.176353
v -0.171466 0.412862 -0.179033
v -0.171996 0.412238 -0.179597
v -0.171524 0.412985 -0.179146
v -0.172358 0.408957 -0.179198
v -0.172122 0.411801 -0.179669
v -0.172240 0.408933 -0.179114
v -0.171703 0.411018 -0.176373
v -0.172240 0.408933 -0.179114
v -0.172122 0.411801 -0.179669
v -0.172240 0.411826 -0.179753
v -0.172098 0.412327 -0.179742
v -0.172240 0.411826 -0.179753
v -0.172127 0.414278 -0.180061
v -0.172098 0.412327 -0.179742
v -0.172098 0.412327 -0.179742
v -0.171860 0.413511 -0.179230
v -0.171996 0.412238 -0.179597
v -0.171847 0.416704 -0.179877
v -0.172012 0.414199 -0.179976
v -0.171966 0.416729 -0.179964
v -0.171847 0.416704 -0.179877
v -0.171645 0.419135 -0.179433
v -0.173085 0.406845 -0.179236
v -0.172358 0.408957 -0.179198
v -0.171951 0.407674 -0.179375
v -0.173085 0.406845 -0.179236
v -0.172240 0.408933 -0.179114
v -0.170757 0.407144 -0.179619
v -0.172169 0.404195 -0.179581
v -0.171951 0.407674 -0.179375
v -0.171951 0.407674 -0.179375
v -0.171857 0.407727 -0.179280
v -0.171543 0.407127 -0.176744
v -0.170735 0.407228 -0.179510
v -0.171857 0.407727 -0.179280
v -0.171924 0.408332 -0.176579
v -0.170735 0.407228 -0.179510
v -0.164067 0.407141 -0.180582
v -0.163731 0.406625 -0.177943
v -0.170422 0.406628 -0.176975
v -0.163728 0.406493 -0.177847
v -0.170422 0.406628 -0.176975
v -0.170418 0.406495 -0.176878
v -0.171543 0.407127 -0.176744
v -0.171615 0.407027 -0.176632
v -0.163980 0.403545 -0.178014
v -0.170671 0.403547 -0.177036
v -0.171835 0.403547 -0.176836
v -0.160631 0.403541 -0.178394
v -0.160380 0.406488 -0.178221
v -0.163731 0.406625 -0.177943
v -0.157281 0.403526 -0.178743
v -0.157030 0.406472 -0.178568
v -0.160383 0.406620 -0.178317
v -0.160383 0.406620 -0.178317
v -0.157349 0.407204 -0.181188
v -0.160698 0.407220 -0.180845
v -0.164046 0.407225 -0.180473
v -0.160698 0.407220 -0.180845
v -0.157370 0.407120 -0.181297
v -0.160720 0.407136 -0.180954
v -0.164046 0.407225 -0.180473
v -0.160966 0.404189 -0.181129
v -0.164314 0.404193 -0.180751
v -0.157616 0.404174 -0.181474
v -0.154264 0.404137 -0.181949
v -0.154019 0.407082 -0.181775
v -0.157349 0.407204 -0.181188
v -0.153998 0.407166 -0.181666
v -0.150910 0.404096 -0.182394
v -0.150666 0.407039 -0.182213
v -0.150645 0.407123 -0.182104
v -0.150328 0.406523 -0.179585
v -0.153998 0.407166 -0.181666
v -0.153682 0.406566 -0.179145
v -0.157033 0.406604 -0.178664
v -0.143956 0.406947 -0.182883
v -0.143934 0.407031 -0.182773
v -0.143934 0.407031 -0.182773
v -0.143616 0.406432 -0.180256
v -0.150328 0.406523 -0.179585
v -0.143612 0.406299 -0.180161
v -0.143616 0.406432 -0.180256
v -0.153682 0.406566 -0.179145
v -0.150325 0.406391 -0.179490
v -0.143859 0.403359 -0.180355
v -0.150573 0.403448 -0.179668
v -0.153678 0.406433 -0.179050
v -0.153928 0.403489 -0.179222
v -0.157033 0.406604 -0.178664
v -0.150839 0.400394 -0.179810
v -0.154195 0.400434 -0.179357
v -0.157548 0.400470 -0.178881
v -0.160900 0.400483 -0.178530
v -0.154216 0.400351 -0.179464
v -0.157570 0.400387 -0.178988
v -0.160922 0.400400 -0.178637
v -0.157875 0.400986 -0.181518
v -0.157570 0.400387 -0.178988
v -0.154216 0.400351 -0.179464
v -0.154522 0.400951 -0.181991
v -0.150861 0.400311 -0.179917
v -0.150861 0.400311 -0.179917
v -0.144451 0.400824 -0.183143
v -0.144143 0.400225 -0.180620
v -0.144143 0.400225 -0.180620
v -0.144122 0.400308 -0.180513
v -0.142952 0.400293 -0.180608
v -0.142689 0.403343 -0.180446
v -0.142973 0.400210 -0.180715
v -0.141805 0.400278 -0.180693
v -0.141544 0.403327 -0.180528
v -0.141827 0.400194 -0.180801
v -0.142973 0.400210 -0.180715
v -0.142135 0.400793 -0.183323
v -0.141827 0.400194 -0.180801
v -0.143281 0.400808 -0.183237
v -0.140808 0.400774 -0.183412
v -0.140500 0.400176 -0.180890
v -0.140500 0.400176 -0.180890
v -0.138242 0.401070 -0.180966
v -0.138242 0.401070 -0.180966
v -0.140478 0.400260 -0.180782
v -0.140217 0.403309 -0.180614
v -0.138298 0.401123 -0.180856
v -0.137243 0.403266 -0.180768
v -0.139996 0.405951 -0.180433
v -0.137024 0.405907 -0.180581
v -0.137150 0.403289 -0.180876
v -0.137465 0.403887 -0.183396
v -0.136932 0.405929 -0.180688
v -0.137150 0.403289 -0.180876
v -0.138553 0.401668 -0.183488
v -0.137250 0.406528 -0.183206
v -0.136761 0.408033 -0.180514
v -0.136932 0.405929 -0.180688
v -0.136853 0.408011 -0.180408
v -0.137083 0.408634 -0.183031
v -0.136550 0.410709 -0.180262
v -0.136761 0.408033 -0.180514
v -0.136641 0.410687 -0.180156
v -0.139825 0.408056 -0.180266
v -0.139612 0.410733 -0.180021
v -0.139465 0.412630 -0.179826
v -0.136550 0.410709 -0.180262
v -0.136495 0.412582 -0.179956
v -0.139252 0.415460 -0.179500
v -0.136283 0.415411 -0.179624
v -0.136404 0.412605 -0.180063
v -0.136747 0.413228 -0.182679
v -0.136192 0.415433 -0.179730
v -0.136404 0.412605 -0.180063
v -0.136890 0.411332 -0.182879
v -0.136078 0.418242 -0.179249
v -0.136192 0.415433 -0.179730
v -0.135987 0.418264 -0.179355
v -0.135987 0.418264 -0.179355
v -0.136540 0.416057 -0.182345
v -0.136340 0.418887 -0.181969
v -0.136527 0.418780 -0.183187
v -0.136874 0.413896 -0.183800
v -0.136540 0.416057 -0.182345
v -0.136719 0.416375 -0.183663
v -0.136648 0.418772 -0.183297
v -0.136527 0.418780 -0.183187
v -0.136991 0.413960 -0.183900
v -0.136719 0.416375 -0.183663
v -0.136874 0.413896 -0.183800
v -0.139805 0.416451 -0.183639
v -0.136837 0.416402 -0.183765
v -0.139615 0.418822 -0.183176
v -0.136527 0.418780 -0.183187
v -0.136419 0.420970 -0.182446
v -0.136300 0.420944 -0.182349
v -0.139384 0.421022 -0.182330
v -0.141262 0.421054 -0.182229
v -0.141493 0.418854 -0.183072
v -0.141684 0.416482 -0.183533
v -0.141403 0.420561 -0.182309
v -0.141775 0.416458 -0.183422
v -0.141579 0.418882 -0.182951
v -0.141466 0.419047 -0.182247
v -0.141403 0.420561 -0.182309
v -0.141579 0.418882 -0.182951
v -0.141664 0.416261 -0.182607
v -0.141775 0.416458 -0.183422
v -0.141933 0.413960 -0.183551
v -0.141869 0.413477 -0.182925
v -0.141775 0.416458 -0.183422
v -0.141839 0.414038 -0.183660
v -0.141933 0.413960 -0.183551
v -0.142013 0.412093 -0.183342
v -0.142013 0.412093 -0.183342
v -0.141944 0.411592 -0.183384
v -0.140064 0.411563 -0.183496
v -0.139959 0.414008 -0.183769
v -0.142036 0.411569 -0.183275
v -0.142053 0.408731 -0.182869
v -0.142145 0.408708 -0.182760
v -0.140172 0.408703 -0.182986
v -0.142080 0.412006 -0.183177
v -0.141944 0.411592 -0.183384
v -0.142036 0.411569 -0.183275
v -0.142348 0.412633 -0.182512
v -0.142309 0.412756 -0.182634
v -0.142348 0.412633 -0.182512
v -0.141611 0.410788 -0.180004
v -0.142001 0.411999 -0.179852
v -0.142145 0.408708 -0.182760
v -0.141824 0.408109 -0.180245
v -0.141947 0.413275 -0.182796
v -0.142013 0.412093 -0.183342
v -0.142100 0.416183 -0.182219
v -0.141947 0.413275 -0.182796
v -0.142309 0.412756 -0.182634
v -0.142100 0.416183 -0.182219
v -0.143463 0.413248 -0.182321
v -0.143247 0.416166 -0.181992
v -0.142309 0.412756 -0.182634
v -0.143458 0.413115 -0.182230
v -0.149950 0.416265 -0.181365
v -0.150169 0.413345 -0.181681
v -0.150164 0.413212 -0.181590
v -0.149838 0.412612 -0.179075
v -0.143458 0.413115 -0.182230
v -0.143131 0.412516 -0.179717
v -0.143131 0.412516 -0.179717
v -0.149816 0.412697 -0.178962
v -0.149838 0.412612 -0.179075
v -0.142001 0.411999 -0.179852
v -0.143109 0.412600 -0.179603
v -0.149592 0.415617 -0.178647
v -0.142887 0.415518 -0.179275
v -0.141720 0.415499 -0.179356
v -0.140817 0.412304 -0.179787
v -0.140576 0.415481 -0.179427
v -0.141489 0.410762 -0.179909
v -0.141904 0.412049 -0.179747
v -0.141611 0.410788 -0.180004
v -0.141151 0.408075 -0.180186
v -0.141703 0.408084 -0.180149
v -0.141824 0.408109 -0.180245
v -0.141285 0.406421 -0.180317
v -0.142406 0.406914 -0.180307
v -0.142725 0.407513 -0.182823
v -0.142406 0.406914 -0.180307
v -0.142321 0.406813 -0.180216
v -0.142670 0.407459 -0.182937
v -0.142725 0.407513 -0.182823
v -0.142670 0.407459 -0.182937
v -0.142145 0.408708 -0.182760
v -0.142053 0.408731 -0.182869
v -0.141666 0.406617 -0.183072
v -0.143028 0.403990 -0.183170
v -0.142670 0.407459 -0.182937
v -0.141666 0.406617 -0.183072
v -0.144197 0.404006 -0.183078
v -0.144454 0.400955 -0.183239
v -0.143285 0.400940 -0.183333
v -0.151170 0.401041 -0.182539
v -0.144451 0.400824 -0.183143
v -0.151167 0.400910 -0.182442
v -0.143281 0.400808 -0.183237
v -0.142135 0.400793 -0.183323
v -0.142139 0.400924 -0.183418
v -0.140808 0.400774 -0.183412
v -0.141882 0.403974 -0.183252
v -0.140812 0.400907 -0.183507
v -0.140556 0.403955 -0.183337
v -0.138634 0.401770 -0.183580
v -0.140340 0.406598 -0.183155
v -0.137583 0.403912 -0.183492
v -0.137368 0.406554 -0.183302
v -0.137201 0.408658 -0.183128
v -0.137083 0.408634 -0.183031
v -0.137250 0.406528 -0.183206
v -0.136976 0.411490 -0.183536
v -0.137094 0.411516 -0.183632
v -0.136874 0.413896 -0.183800
v -0.136976 0.411490 -0.183536
v -0.136976 0.411490 -0.183536
v -0.137465 0.403887 -0.183396
v -0.138553 0.401668 -0.183488
v -0.154525 0.401082 -0.182088
v -0.154522 0.400951 -0.181991
v -0.157878 0.401118 -0.181615
v -0.157875 0.400986 -0.181518
v -0.161229 0.401130 -0.181268
v -0.164578 0.401135 -0.180884
v -0.161226 0.400999 -0.181170
v -0.164271 0.400404 -0.178251
v -0.161226 0.400999 -0.181170
v -0.164575 0.401003 -0.180787
v -0.171270 0.401137 -0.179904
v -0.171267 0.401005 -0.179806
v -0.164575 0.401003 -0.180787
v -0.170942 0.400489 -0.177158
v -0.164271 0.400404 -0.178251
v -0.164249 0.400487 -0.178144
v -0.160922 0.400400 -0.178637
v -0.172106 0.400488 -0.176956
v -0.170964 0.400405 -0.177265
v -0.172975 0.403546 -0.176631
v -0.172127 0.400405 -0.177063
v -0.170964 0.400405 -0.177265
v -0.172431 0.401005 -0.179606
v -0.172127 0.400405 -0.177063
v -0.171267 0.401005 -0.179806
v -0.172434 0.401137 -0.179704
v -0.172431 0.401005 -0.179606
v -0.171005 0.404196 -0.179780
v -0.172708 0.406649 -0.176465
v -0.172020 0.408308 -0.176456
v -0.171799 0.410994 -0.176251
v -0.171924 0.408332 -0.176579
v -0.171703 0.411018 -0.176373
v -0.171184 0.412277 -0.176229
v -0.171124 0.412226 -0.176353
v -0.170834 0.415736 -0.175898
v -0.169900 0.412812 -0.176391
v -0.169671 0.415736 -0.176095
v -0.169921 0.412727 -0.176505
v -0.163212 0.412808 -0.177344
v -0.162984 0.415732 -0.177040
v -0.163233 0.412723 -0.177457
v -0.159865 0.412801 -0.177706
v -0.159638 0.415725 -0.177397
v -0.159887 0.412717 -0.177820
v -0.160211 0.413317 -0.180343
v -0.159887 0.412717 -0.177820
v -0.156539 0.412698 -0.178162
v -0.156517 0.412782 -0.178048
v -0.156864 0.413298 -0.180681
v -0.156539 0.412698 -0.178162
v -0.156864 0.413298 -0.180681
v -0.160216 0.413450 -0.180435
v -0.156869 0.413431 -0.180772
v -0.160211 0.413317 -0.180343
v -0.159995 0.416374 -0.180124
v -0.153515 0.413257 -0.181165
v -0.153520 0.413390 -0.181256
v -0.156648 0.416354 -0.180459
v -0.153300 0.416311 -0.180945
v -0.156435 0.419278 -0.180100
v -0.153087 0.419235 -0.180587
v -0.159781 0.419300 -0.179766
v -0.156413 0.419363 -0.179984
v -0.159759 0.419384 -0.179650
v -0.152730 0.418719 -0.177957
v -0.156413 0.419363 -0.179984
v -0.156078 0.418762 -0.177469
v -0.159424 0.418784 -0.177130
v -0.149717 0.419272 -0.180885
v -0.153066 0.419319 -0.180471
v -0.153066 0.419319 -0.180471
v -0.149739 0.419188 -0.181002
v -0.149717 0.419272 -0.180885
v -0.143038 0.419085 -0.181617
v -0.149381 0.418672 -0.178373
v -0.143017 0.419169 -0.181500
v -0.143017 0.419169 -0.181500
v -0.141810 0.419623 -0.181800
v -0.141520 0.419183 -0.182077
v -0.141730 0.416228 -0.182459
v -0.141810 0.419623 -0.181800
v -0.141461 0.420572 -0.182134
v -0.141520 0.419183 -0.182077
v -0.141835 0.419686 -0.181656
v -0.140907 0.420249 -0.178855
v -0.141835 0.419686 -0.181656
v -0.141476 0.419051 -0.178998
v -0.142679 0.418570 -0.178989
v -0.140976 0.423558 -0.181058
v -0.141353 0.421031 -0.182121
v -0.141068 0.423535 -0.180950
v -0.141353 0.421031 -0.182121
v -0.141403 0.420561 -0.182309
v -0.141353 0.421031 -0.182121
v -0.141262 0.421054 -0.182229
v -0.140907 0.420249 -0.178855
v -0.140785 0.420223 -0.178759
v -0.141476 0.419051 -0.178998
v -0.141389 0.418950 -0.178911
v -0.140234 0.420214 -0.178790
v -0.140344 0.418661 -0.179013
v -0.142673 0.418437 -0.178902
v -0.142679 0.418570 -0.178989
v -0.149375 0.418539 -0.178285
v -0.149381 0.418672 -0.178373
v -0.152724 0.418586 -0.177869
v -0.152942 0.415662 -0.178226
v -0.152730 0.418719 -0.177957
v -0.156072 0.418629 -0.177380
v -0.156291 0.415705 -0.177737
v -0.156078 0.418762 -0.177469
v -0.159419 0.418651 -0.177041
v -0.159424 0.418784 -0.177130
v -0.162764 0.418658 -0.176689
v -0.162769 0.418791 -0.176777
v -0.159759 0.419384 -0.179650
v -0.162769 0.418791 -0.176777
v -0.169789 0.419397 -0.178367
v -0.169455 0.418796 -0.175840
v -0.169455 0.418796 -0.175840
v -0.170581 0.419297 -0.175580
v -0.169450 0.418663 -0.175750
v -0.171732 0.418924 -0.175321
v -0.171069 0.420482 -0.175214
v -0.170651 0.419197 -0.175473
v -0.170974 0.420506 -0.175336
v -0.171618 0.420482 -0.175116
v -0.163125 0.419307 -0.179416
v -0.169789 0.419397 -0.178367
v -0.163104 0.419392 -0.179300
v -0.170935 0.419933 -0.178256
v -0.153167 0.412741 -0.178535
v -0.153189 0.412657 -0.178648
v -0.153189 0.412657 -0.178648
v -0.150164 0.413212 -0.181590
v -0.138910 0.420192 -0.178859
v -0.139045 0.418292 -0.179131
v -0.135944 0.420140 -0.178974
v -0.135853 0.420163 -0.179079
v -0.138726 0.422877 -0.178440
v -0.135761 0.422824 -0.178550
v -0.135670 0.422846 -0.178656
v -0.135853 0.420163 -0.179079
v -0.136210 0.420786 -0.181693
v -0.135670 0.422846 -0.178656
v -0.136017 0.423444 -0.181170
v -0.135531 0.424959 -0.178294
v -0.135881 0.425558 -0.180808
v -0.135622 0.424937 -0.178189
v -0.135531 0.424959 -0.178294
v -0.135453 0.427591 -0.177699
v -0.135362 0.427613 -0.177804
v -0.135362 0.427613 -0.177804
v -0.135717 0.428213 -0.180317
v -0.138585 0.424991 -0.178082
v -0.138415 0.427646 -0.177595
v -0.136187 0.429776 -0.177244
v -0.138226 0.430715 -0.176981
v -0.136122 0.429876 -0.177333
v -0.138234 0.430848 -0.177061
v -0.136122 0.429876 -0.177333
v -0.136480 0.430476 -0.179846
v -0.138234 0.430848 -0.177061
v -0.138593 0.431448 -0.179574
v -0.139548 0.430740 -0.176919
v -0.139555 0.430873 -0.176999
v -0.139555 0.430873 -0.176999
v -0.139915 0.431472 -0.179511
v -0.139915 0.431472 -0.179511
v -0.138614 0.431363 -0.179697
v -0.139935 0.431388 -0.179634
v -0.138593 0.431448 -0.179574
v -0.136574 0.430424 -0.179960
v -0.138797 0.428295 -0.180310
v -0.140119 0.428319 -0.180247
v -0.135836 0.428239 -0.180415
v -0.136480 0.430476 -0.179846
v -0.136000 0.425584 -0.180905
v -0.138963 0.425639 -0.180797
v -0.135717 0.428213 -0.180317
v -0.136136 0.423472 -0.181267
v -0.139100 0.423525 -0.181155
v -0.135881 0.425558 -0.180808
v -0.136300 0.420944 -0.182349
v -0.136017 0.423444 -0.181170
v -0.141076 0.431409 -0.179572
v -0.141055 0.431493 -0.179449
v -0.142241 0.431431 -0.179500
v -0.142220 0.431514 -0.179377
v -0.140697 0.430894 -0.176937
v -0.141055 0.431493 -0.179449
v -0.141862 0.430914 -0.176865
v -0.142220 0.431514 -0.179377
v -0.148553 0.431029 -0.176285
v -0.148910 0.431628 -0.178797
v -0.148910 0.431628 -0.178797
v -0.148931 0.431544 -0.178919
v -0.151898 0.431083 -0.175887
v -0.152255 0.431679 -0.178399
v -0.152255 0.431679 -0.178399
v -0.152275 0.431595 -0.178521
v -0.155619 0.431643 -0.178050
v -0.155598 0.431727 -0.177928
v -0.158961 0.431671 -0.177703
v -0.158940 0.431756 -0.177581
v -0.155242 0.431133 -0.175414
v -0.155598 0.431727 -0.177928
v -0.158585 0.431164 -0.175060
v -0.158940 0.431756 -0.177581
v -0.161927 0.431178 -0.174724
v -0.162282 0.431768 -0.177245
v -0.162282 0.431768 -0.177245
v -0.162303 0.431684 -0.177368
v -0.161927 0.431178 -0.174724
v -0.158577 0.431032 -0.174980
v -0.158585 0.431164 -0.175060
v -0.161919 0.431045 -0.174643
v -0.155234 0.431000 -0.175334
v -0.155242 0.431133 -0.175414
v -0.151890 0.430950 -0.175806
v -0.148546 0.430897 -0.176205
v -0.148553 0.431029 -0.176285
v -0.151898 0.431083 -0.175887
v -0.141854 0.430782 -0.176785
v -0.141862 0.430914 -0.176865
v -0.140697 0.430894 -0.176937
v -0.139737 0.427670 -0.177532
v -0.140689 0.430761 -0.176857
v -0.136300 0.420944 -0.182349
v -0.141466 0.419047 -0.182247
v -0.141869 0.413477 -0.182925
v -0.140938 0.410753 -0.179944
v -0.171860 0.413511 -0.179230
v -0.229030 0.038796 -0.166402
v -0.228179 0.038739 -0.166048
v -0.262808 0.052061 0.095416
v -0.228784 0.038731 -0.164817
v -0.236271 0.039575 -0.149510
v -0.243620 0.038475 -0.132781
v -0.237168 0.038673 -0.149845
v -0.248627 0.038234 -0.115427
v -0.252748 0.037971 -0.097963
v -0.256235 0.037695 -0.080451
v -0.259328 0.037408 -0.062936
v -0.261950 0.037116 -0.045409
v -0.264159 0.036816 -0.027882
v -0.266392 0.036511 -0.010364
v -0.268210 0.036198 0.007159
v -0.269490 0.035877 0.024701
v -0.270056 0.035542 0.042285
v -0.269731 0.035189 0.059918
v -0.267726 0.034786 0.077573
v -0.264151 0.034361 0.094157
v -0.167641 0.169650 -0.157564
v -0.206068 0.147255 0.104515
v -0.171946 0.152442 -0.157855
v -0.173799 0.152392 -0.140268
v -0.171832 0.169169 -0.140057
v -0.202447 0.164703 0.104374
v -0.221683 -0.010871 0.106502
v -0.231044 -0.011831 0.107788
v -0.246206 -0.011093 0.105854
v -0.256180 -0.008882 0.103375
v -0.255321 -0.009072 0.103588
v -0.256180 -0.008882 0.103375
v -0.260409 -0.011199 0.087344
v -0.179179 0.006769 -0.153256
v -0.183855 -0.005346 -0.168977
v -0.184287 -0.005418 -0.169147
v -0.193390 -0.006939 -0.172731
v -0.208545 -0.006475 -0.174830
v -0.217661 -0.005334 -0.174379
v -0.218521 -0.005226 -0.174337
v -0.227165 -0.007116 -0.160033
v -0.231122 -0.007218 -0.142315
v -0.234907 -0.007354 -0.124600
v -0.191756 0.005852 -0.100290
v -0.238446 -0.007495 -0.106890
v -0.244822 -0.007908 -0.071498
v -0.241797 -0.007705 -0.089194
v -0.247593 -0.008179 -0.053821
v -0.250010 -0.008469 -0.036144
v -0.252189 -0.008730 -0.018468
v -0.254319 -0.009077 -0.000814
v -0.256133 -0.009452 0.016832
v -0.257593 -0.009825 0.034474
v -0.258751 -0.010221 0.052112
v -0.259650 -0.010634 0.069741
v -0.218521 -0.005226 -0.174337
v -0.221687 0.009231 -0.176257
v -0.221044 0.025757 -0.175589
v -0.220198 0.042293 -0.174886
v -0.218652 0.075477 -0.173862
v -0.219536 0.058885 -0.174403
v -0.217872 0.092076 -0.173412
v -0.217495 0.108687 -0.173417
v -0.216476 0.125301 -0.173152
v -0.214890 0.141884 -0.172667
v -0.213229 0.158368 -0.172333
v -0.218700 -0.004408 -0.174445
v -0.225359 0.178250 -0.030216
v -0.236874 -0.017060 -0.034631
v -0.221238 -0.010825 0.106440
v -0.221238 -0.010825 0.106440
v -0.216313 -0.013316 0.092973
v -0.221068 -0.010069 0.106632
v -0.219089 0.019135 0.109783
v -0.218229 0.002534 0.109821
v -0.219496 0.035757 0.109798
v -0.219491 0.052382 0.109859
v -0.219083 0.069009 0.110016
v -0.218276 0.085629 0.110288
v -0.217527 0.118819 0.109983
v -0.217033 0.102242 0.110677
v -0.215715 -0.012297 0.039855
v -0.216254 -0.012598 0.057560
v -0.214772 -0.012039 0.022165
v -0.213231 -0.011927 0.004493
v -0.187735 -0.009037 -0.136639
v -0.183018 -0.008769 -0.154252
v -0.196037 0.169082 -0.044436
v -0.198491 0.168671 -0.026781
v -0.193132 0.169549 -0.062066
v -0.189859 0.169995 -0.079698
v -0.186092 0.170534 -0.097306
v -0.182164 0.170939 -0.114933
v -0.177920 0.171364 -0.132557
v -0.173618 0.170959 -0.150169
v -0.171108 0.170211 -0.167055
v -0.184102 0.171552 -0.167477
v -0.183855 -0.005346 -0.168977
v -0.192262 -0.009321 -0.119018
v -0.196565 -0.009571 -0.101412
v -0.200395 -0.009941 -0.083785
v -0.203768 -0.010383 -0.066147
v -0.206610 -0.010907 -0.048490
v -0.209093 -0.011380 -0.030835
v -0.211391 -0.011683 -0.013188
v -0.200716 0.168255 -0.009132
v -0.202721 0.167938 0.008507
v -0.204289 0.167550 0.026149
v -0.205416 0.167223 0.043811
v -0.206139 0.167099 0.061488
v -0.216497 -0.012875 0.075264
v -0.206386 0.167059 0.079181
v -0.206306 0.166225 0.096884
v -0.209676 0.165409 0.112806
v -0.209676 0.165409 0.112806
v -0.209852 0.151060 0.113168
v -0.215278 0.135196 0.110679
v -0.205076 0.161031 -0.175281
v -0.204641 0.161153 -0.177270
v -0.181252 0.132537 -0.173736
v -0.205076 0.161031 -0.175281
v -0.178239 0.159741 -0.172908
v -0.177800 0.159863 -0.174897
v -0.216776 0.154497 0.116366
v -0.216796 0.154679 0.118337
v -0.246352 0.128577 0.113423
v -0.219903 0.127392 0.117307
v -0.246321 0.128853 0.113412
v -0.166662 0.206411 -0.190066
v -0.166760 0.205446 -0.190240
v -0.192753 0.223089 -0.182543
v -0.192753 0.223089 -0.182543
v -0.205969 0.147734 0.104538
v -0.202455 0.164702 0.105335
v -0.263932 0.035287 0.095141
v -0.263944 0.034336 0.095119
v -0.263035 0.034312 0.095005
v -0.206903 0.147324 0.103392
v -0.205917 0.147279 0.103581
v -0.214635 0.174798 0.103935
v -0.231635 0.176691 0.101809
v -0.248428 0.173216 0.099495
v -0.257428 0.158376 0.098277
v -0.259988 0.140769 0.097690
v -0.260315 0.123063 0.097119
v -0.261235 0.105322 0.096671
v -0.262462 0.087585 0.096316
v -0.263238 0.069839 0.095937
v -0.263718 0.052087 0.095525
v -0.172774 0.168719 -0.140147
v -0.236301 0.038625 -0.149533
v -0.171168 0.151929 -0.156499
v -0.172041 0.151969 -0.157861
v -0.236301 0.038625 -0.149533
v -0.221026 0.166640 0.110553
v -0.250445 0.167830 0.105868
v -0.250445 0.167830 0.105868
v -0.249444 0.169059 0.091441
v -0.250010 -0.008469 -0.036144
v -0.241601 0.170534 -0.014422
v -0.206610 -0.010907 -0.048490
v -0.171108 0.170211 -0.167055
v -0.212433 0.173534 -0.173528
v -0.168589 0.169214 -0.157637
v -0.228179 0.038739 -0.166048
v -0.172174 0.151966 -0.156550
v -0.204641 0.161153 -0.177270
v -0.205076 0.161031 -0.175281
v -0.165408 0.534152 -0.103238
v -0.243317 0.155777 0.112391
v -0.246370 0.128663 0.115401
v -0.246352 0.128577 0.113423
v -0.219916 0.127478 0.119285
v -0.216776 0.154497 0.116366
v -0.142461 0.425346 -0.177125
v -0.142824 0.424851 -0.178072
v -0.170246 0.426143 -0.176852
v -0.192821 0.223444 -0.184482
v -0.145097 0.400619 -0.185367
v -0.176881 0.416696 -0.178908
v -0.176881 0.416696 -0.178908
v -0.168962 0.431781 -0.176336
v -0.162680 0.425507 -0.178400
v -0.171413 0.421290 -0.178624
v -0.171413 0.421290 -0.178624
v -0.171413 0.421290 -0.178624
v -0.171413 0.421290 -0.178624
v -0.171645 0.419135 -0.179433
v -0.171524 0.412985 -0.179146
v -0.171008 0.419871 -0.178389
v -0.171466 0.412862 -0.179033
v -0.172122 0.411801 -0.179669
v -0.172122 0.411801 -0.179669
v -0.172012 0.414199 -0.179976
v -0.171857 0.407727 -0.179280
v -0.150645 0.407123 -0.182104
v -0.151167 0.400910 -0.182442
v -0.136192 0.415433 -0.179730
v -0.136719 0.416375 -0.183663
v -0.136719 0.416375 -0.183663
v -0.141579 0.418882 -0.182951
v -0.141933 0.413960 -0.183551
v -0.142036 0.411569 -0.183275
v -0.141869 0.413477 -0.182925
v -0.142348 0.412633 -0.182512
v -0.142725 0.407513 -0.182823
v -0.141835 0.419686 -0.181656
v -0.141810 0.419623 -0.181800
v -0.163104 0.419392 -0.179300
v -0.153515 0.413257 -0.181165
v -0.141466 0.419047 -0.182247
v -0.141664 0.416261 -0.182607
v -0.170942 0.152413 -0.157805
v -0.206068 0.147255 0.104515
v -0.206953 0.147769 0.104348
v -0.212433 0.173534 -0.173528
v -0.207547 0.134053 -0.178030
v -0.219884 0.127755 0.119275
v -0.194536 0.206653 -0.187487
v -0.203319 0.147701 0.087491
vn 0.7145 -0.2194 0.6644
vn 0.9776 -0.0658 0.1999
vn 0.6928 -0.1592 0.7034
vn 0.3969 0.5899 0.7032
vn 0.8430 0.5202 0.1365
vn 0.4469 -0.1438 0.8829
vn 0.0341 0.1008 0.9943
vn 0.2237 0.0416 0.9738
vn -0.0785 0.7318 0.6769
vn 0.1955 -0.0861 0.9769
vn -0.2749 0.1964 0.9412
vn -0.3553 0.0967 0.9297
vn -0.1297 0.6607 0.7394
vn 0.2418 0.9406 0.2384
vn -0.1297 0.6607 0.7393
vn 0.0087 0.7201 0.6938
vn 0.4443 0.8845 0.1424
vn -0.0785 0.7318 0.6770
vn -0.6618 0.7496 0.0064
vn -0.0724 0.6939 0.7164
vn -0.3564 0.9331 0.0489
vn -0.0723 0.6939 0.7164
vn -0.7305 0.0556 0.6807
vn -0.4158 0.1096 0.9028
vn -0.4524 0.6630 0.5965
vn -0.9631 0.2298 0.1401
vn -0.7305 0.0556 0.6806
vn -0.6700 0.7421 -0.0192
vn -0.9377 0.3473 0.0084
vn -0.3920 0.9199 -0.0090
vn -0.6728 0.7392 -0.0299
vn -0.9237 0.3816 -0.0344
vn -0.4253 0.9049 -0.0149
vn 0.3048 0.9513 0.0451
vn -0.1762 0.9840 0.0265
vn 0.2801 0.9591 0.0395
vn -0.1358 0.9725 0.1890
vn 0.5375 0.8429 0.0258
vn 0.4995 0.8659 0.0260
vn 0.8189 0.5733 0.0279
vn 0.9824 0.1758 0.0632
vn 0.8188 0.5733 0.0290
vn 0.9894 0.1022 0.1029
vn 0.9120 -0.1402 0.3855
vn 0.9950 0.0460 0.0888
vn 0.9530 -0.1158 0.2800
vn 0.9805 0.0047 0.1966
vn 0.9095 -0.1134 0.3999
vn 0.9626 -0.0784 0.2592
vn 0.9889 -0.1030 0.1073
vn 0.9916 -0.0628 0.1127
vn 0.9416 -0.0087 0.3366
vn 0.9718 -0.0789 0.2221
vn 0.9445 -0.0479 0.3250
vn 0.9425 -0.0618 0.3284
vn 0.9774 -0.0627 0.2018
vn 0.9900 -0.0970 0.1022
vn 0.9501 -0.0280 0.3106
vn 0.9829 -0.0597 0.1742
vn 0.9926 -0.0867 0.0855
vn 0.9588 -0.0094 0.2838
vn 0.9891 -0.0495 0.1390
vn 0.9941 -0.0854 0.0667
vn 0.9684 0.0050 0.2494
vn 0.9942 -0.0561 0.0922
vn 0.9956 -0.0820 0.0452
vn 0.9719 -0.1178 0.2040
vn 0.9837 -0.1772 0.0293
vn 0.9950 -0.0977 0.0189
vn 0.7224 -0.6707 0.1682
vn 0.9602 -0.2792 -0.0040
vn 0.9586 -0.2109 0.1915
vn 0.7293 -0.6841 -0.0120
vn 0.9619 -0.2730 0.0148
vn 0.0891 -0.9832 0.1591
vn 0.3350 -0.9422 -0.0062
vn 0.2496 -0.9612 0.1174
vn 0.1439 -0.9892 0.0272
vn 0.3877 -0.9218 0.0015
vn -0.2095 -0.9659 0.1524
vn -0.2377 -0.9713 0.0080
vn 0.1654 -0.9861 0.0184
vn -0.7668 -0.6327 0.1081
vn -0.4111 -0.9109 -0.0351
vn -0.3609 -0.9268 0.1037
vn -0.7251 -0.6868 -0.0495
vn -0.4561 -0.8890 -0.0405
vn -0.9785 -0.1999 0.0509
vn -0.9263 -0.3719 -0.0606
vn -0.9393 -0.3420 -0.0266
vn -0.9813 -0.0885 0.1708
vn -0.9757 -0.1855 0.1168
vn -0.9672 -0.2501 -0.0435
vn -0.9225 -0.3786 -0.0756
vn -0.7369 -0.6735 -0.0576
vn -0.4862 -0.8725 -0.0494
vn -0.7456 -0.6628 -0.0691
vn -0.5124 -0.8566 -0.0607
vn -0.9594 -0.2738 -0.0680
vn -0.9187 -0.3840 -0.0924
vn -0.9548 -0.2845 -0.0868
vn -0.9134 -0.3922 -0.1091
vn -0.7528 -0.6529 -0.0831
vn -0.5322 -0.8432 -0.0758
vn -0.2867 -0.9579 -0.0150
vn 0.1949 -0.9806 0.0209
vn 0.1824 -0.9831 0.0178
vn -0.3054 -0.9519 -0.0260
vn 0.2001 -0.9796 0.0163
vn -0.3175 -0.9473 -0.0428
vn 0.2011 -0.9795 0.0079
vn -0.7569 -0.6462 -0.0977
vn -0.5346 -0.8415 -0.0787
vn -0.3228 -0.9449 -0.0547
vn 0.2000 -0.9798 0.0041
vn -0.7577 -0.6444 -0.1034
vn -0.5384 -0.8385 -0.0833
vn -0.9478 -0.2940 -0.1236
vn -0.9132 -0.3898 -0.1188
vn -0.9469 -0.2927 -0.1327
vn -0.9141 -0.3853 -0.1259
vn -0.9463 -0.2874 -0.1481
vn -0.9146 -0.3792 -0.1406
vn -0.7555 -0.6438 -0.1215
vn -0.5233 -0.8471 -0.0930
vn -0.9458 -0.2805 -0.1638
vn -0.9133 -0.3764 -0.1556
vn -0.7561 -0.6409 -0.1325
vn -0.5249 -0.8457 -0.0969
vn -0.3157 -0.9466 -0.0661
vn 0.1986 -0.9800 0.0096
vn -0.3101 -0.9482 -0.0693
vn 0.2103 -0.9776 0.0060
vn -0.2910 -0.9531 -0.0829
vn 0.2092 -0.9779 0.0046
vn -0.7504 -0.6452 -0.1433
vn -0.5095 -0.8540 -0.1053
vn -0.2703 -0.9585 -0.0909
vn 0.1972 -0.9803 0.0038
vn -0.7455 -0.6489 -0.1523
vn -0.4847 -0.8680 -0.1084
vn -0.9135 -0.3688 -0.1717
vn -0.9439 -0.2599 -0.2038
vn -0.9178 -0.3514 -0.1848
vn -0.9443 -0.2724 -0.1846
vn -0.7341 -0.6603 -0.1583
vn -0.4437 -0.8897 -0.1073
vn -0.9461 -0.2338 -0.2243
vn -0.9216 -0.3341 -0.1975
vn -0.9691 -0.1072 -0.2222
vn -0.9610 -0.0822 -0.2640
vn -0.9737 -0.1172 -0.1953
vn -0.9718 -0.0231 -0.2349
vn -0.9579 -0.0067 -0.2871
vn -0.9789 -0.0329 -0.2018
vn -0.9697 0.0186 -0.2436
vn -0.9540 0.0302 -0.2984
vn -0.9770 0.0393 -0.2098
vn -0.9784 0.0110 -0.2065
vn -0.9677 0.0431 -0.2482
vn -0.9754 0.0669 -0.2099
vn -0.9668 0.0644 -0.2472
vn -0.9518 0.0457 -0.3034
vn -0.9732 0.1047 -0.2047
vn -0.9660 0.0962 -0.2401
vn -0.9516 0.0607 -0.3014
vn -0.9686 0.1551 -0.1944
vn -0.9636 0.1420 -0.2263
vn -0.9521 0.0851 -0.2936
vn -0.9556 0.2342 -0.1789
vn -0.9536 0.2210 -0.2043
vn -0.9534 0.1208 -0.2766
vn -0.9055 0.3941 -0.1574
vn -0.9036 0.3892 -0.1790
vn -0.9488 0.1987 -0.2456
vn -0.6790 0.7261 -0.1085
vn -0.6774 0.7261 -0.1177
vn -0.9077 0.3699 -0.1980
vn -0.6774 0.7262 -0.1177
vn -0.4485 0.8915 -0.0644
vn -0.4416 0.8947 -0.0670
vn -0.6701 0.7327 -0.1190
vn -0.4103 0.9096 -0.0647
vn -0.1688 0.9850 -0.0351
vn 0.3026 0.9505 0.0706
vn 0.2836 0.9564 0.0694
vn -0.1842 0.9824 -0.0294
vn 0.3183 0.9455 0.0690
vn -0.1967 0.9802 -0.0223
vn 0.3263 0.9430 0.0654
vn -0.6789 0.7261 -0.1085
vn -0.4554 0.8886 -0.0553
vn -0.2068 0.9783 -0.0155
vn 0.3285 0.9428 0.0570
vn -0.6836 0.7234 -0.0969
vn -0.4514 0.8911 -0.0477
vn -0.6822 0.7263 -0.0845
vn -0.9057 0.3994 -0.1422
vn -0.9082 0.4001 -0.1226
vn -0.9567 0.2438 -0.1591
vn -0.9595 0.2475 -0.1348
vn -0.9719 0.1632 -0.1694
vn -0.9752 0.1681 -0.1443
vn -0.9783 0.1092 -0.1759
vn -0.9826 0.1109 -0.1487
vn -0.9816 0.0674 -0.1788
vn -0.9862 0.0674 -0.1512
vn -0.9832 0.0365 -0.1789
vn -0.9878 0.0349 -0.1518
vn -0.9841 0.0071 -0.1776
vn -0.9885 0.0044 -0.1510
vn -0.9879 -0.0366 -0.1508
vn -0.9837 -0.0370 -0.1759
vn -0.9795 -0.1289 -0.1548
vn -0.9765 -0.1258 -0.1749
vn -0.9829 -0.1264 -0.1337
vn -0.9849 -0.1239 -0.1210
vn -0.9908 -0.0351 -0.1307
vn -0.9921 -0.0356 -0.1201
vn -0.9915 0.0032 -0.1299
vn -0.9930 0.0349 -0.1130
vn -0.9932 0.0058 -0.1167
vn -0.9911 0.0338 -0.1288
vn -0.9915 0.0679 -0.1109
vn -0.9895 0.0676 -0.1276
vn -0.9876 0.1124 -0.1095
vn -0.9857 0.1120 -0.1257
vn -0.9798 0.1683 -0.1081
vn -0.9776 0.1705 -0.1232
vn -0.9624 0.2487 -0.1090
vn -0.9602 0.2523 -0.1196
vn -0.9102 0.4007 -0.1048
vn -0.9098 0.4007 -0.1084
vn -0.6845 0.7255 -0.0717
vn -0.6884 0.7218 -0.0722
vn -0.6821 0.7263 -0.0845
vn -0.4588 0.8877 -0.0384
vn -0.6883 0.7218 -0.0722
vn -0.4523 0.8910 -0.0387
vn -0.2140 0.9768 -0.0130
vn 0.3306 0.9417 0.0624
vn -0.2161 0.9764 0.0008
vn 0.3286 0.9423 0.0634
vn -0.2127 0.9771 0.0052
vn 0.3219 0.9451 0.0561
vn -0.6787 0.7319 -0.0612
vn -0.4356 0.8997 -0.0278
vn -0.2121 0.9772 0.0101
vn 0.3192 0.9461 0.0544
vn -0.6749 0.7369 -0.0395
vn -0.4285 0.9035 -0.0111
vn -0.9175 0.3907 -0.0751
vn -0.6787 0.7318 -0.0612
vn -0.9141 0.3950 -0.0917
vn -0.9693 0.2350 -0.0725
vn -0.9653 0.2440 -0.0925
vn -0.9819 0.1653 -0.0919
vn -0.9852 0.1589 -0.0647
vn -0.9898 0.1106 -0.0898
vn -0.9928 0.1050 -0.0586
vn -0.9962 0.0668 -0.0558
vn -0.9937 0.0684 -0.0890
vn -0.9976 0.0394 -0.0567
vn -0.9952 0.0371 -0.0910
vn -0.9954 0.0106 -0.0957
vn -0.9980 0.0160 -0.0613
vn -0.9972 -0.0294 -0.0683
vn -0.9942 -0.0340 -0.1021
vn -0.9900 -0.1177 -0.0780
vn -0.9871 -0.1214 -0.1042
vn -0.9506 -0.2912 -0.1075
vn -0.9994 -0.0191 -0.0283
vn -0.9935 -0.1033 -0.0481
vn -0.9997 0.0019 0.0254
vn -0.9968 -0.0801 -0.0013
vn -0.9996 0.0216 -0.0177
vn -0.9988 0.0276 0.0400
vn -0.9991 0.0406 -0.0134
vn -0.9983 0.0396 0.0434
vn -0.9980 0.0620 -0.0152
vn -0.9977 0.0536 0.0407
vn -0.9951 0.0959 -0.0230
vn -0.9962 0.0810 0.0304
vn -0.9887 0.1461 -0.0345
vn -0.9922 0.1242 0.0119
vn -0.9740 0.2210 -0.0498
vn -0.9799 0.1988 -0.0137
vn -0.9184 0.3919 -0.0537
vn -0.6737 0.7384 -0.0280
vn -0.6749 0.7368 -0.0395
vn -0.4327 0.9015 -0.0100
vn -0.6727 0.7393 -0.0299
vn -0.6737 0.7385 -0.0280
vn -0.2112 0.9774 0.0088
vn 0.3147 0.9479 0.0495
vn -0.1954 0.9806 0.0171
vn 0.5895 0.8052 0.0647
vn 0.5707 0.8199 0.0463
vn 0.8226 0.5662 0.0530
vn 0.9737 0.2098 0.0889
vn 0.8225 0.5637 0.0753
vn 0.9778 0.1970 0.0715
vn 0.5962 0.7991 0.0775
vn 0.9697 0.2163 0.1131
vn 0.8195 0.5648 0.0971
vn 0.9670 0.2191 0.1301
vn 0.8144 0.5696 0.1111
vn 0.5981 0.7965 0.0887
vn 0.5987 0.7949 0.0981
vn 0.9664 0.2190 0.1346
vn 0.8116 0.5718 0.1198
vn 0.9929 0.0078 0.1187
vn 0.9915 -0.0119 0.1294
vn 0.9937 0.0252 0.1088
vn 0.9804 -0.1737 0.0929
vn 0.9760 -0.1890 0.1085
vn 0.9872 -0.1404 0.0757
vn 0.9799 -0.1865 0.0713
vn 0.9750 -0.1955 0.1055
vn 0.9907 -0.1342 0.0227
vn 0.9861 -0.1607 0.0430
vn 0.9801 -0.1609 0.1163
vn 0.9933 -0.1151 0.0091
vn 0.9865 -0.1546 0.0545
vn 0.9848 -0.1203 0.1250
vn 0.9937 -0.1117 0.0032
vn 0.9914 -0.1220 0.0463
vn 0.9860 -0.0974 0.1352
vn 0.9951 -0.0983 0.0048
vn 0.9923 -0.1105 0.0552
vn 0.9934 -0.0960 0.0634
vn 0.9970 -0.0774 0.0079
vn 0.9944 -0.0788 0.0703
vn 0.9853 -0.0844 0.1483
vn 0.9941 -0.1062 0.0220
vn 0.9940 -0.0639 0.0884
vn 0.9841 -0.0638 0.1658
vn 0.8179 -0.5710 0.0712
vn 0.9922 -0.0430 0.1169
vn 0.9895 -0.1215 0.0787
vn 0.8450 -0.5269 0.0913
vn 0.9866 -0.0700 0.1475
vn 0.4816 -0.8753 0.0449
vn 0.4690 -0.8824 0.0372
vn 0.4715 -0.8808 0.0434
vn 0.4758 -0.8782 0.0476
vn 0.8346 -0.5413 0.1026
vn 0.9761 -0.1620 0.1451
vn 0.7808 -0.6128 0.1217
vn 0.9559 -0.2362 0.1746
vn 0.4757 -0.8777 0.0571
vn 0.7587 -0.6360 0.1406
vn 0.9409 -0.2792 0.1918
vn 0.4559 -0.8874 0.0683
vn 0.7378 -0.6560 0.1587
vn 0.9291 -0.3026 0.2125
vn 0.4265 -0.9013 0.0763
vn 0.7184 -0.6747 0.1694
vn 0.9222 -0.3126 0.2278
vn 0.1783 -0.9840 -0.0026
vn 0.3871 -0.9190 0.0745
vn -0.2476 -0.9642 -0.0946
vn 0.1585 -0.9872 -0.0191
vn 0.3347 -0.9402 0.0628
vn -0.2142 -0.9714 -0.1021
vn -0.7254 -0.6682 -0.1654
vn -0.3987 -0.9113 -0.1027
vn -0.1523 -0.9635 -0.2203
vn 0.1423 -0.9769 -0.1591
vn -0.7015 -0.6382 -0.3171
vn -0.3104 -0.9289 -0.2020
vn -0.9443 -0.1841 -0.2729
vn -0.9283 -0.3001 -0.2194
vn -0.9126 -0.1045 -0.3953
vn -0.9023 -0.2112 -0.3757
vn -0.5130 -0.2219 -0.8292
vn -0.3922 -0.5997 -0.6975
vn -0.1489 -0.6497 -0.7455
vn -0.1217 -0.2061 -0.9709
vn -0.0766 -0.1938 -0.9781
vn 0.0067 -0.3777 -0.9259
vn 0.2580 -0.3967 -0.8810
vn -0.0239 -0.7132 -0.7006
vn 0.2155 -0.7236 -0.6557
vn 0.6203 -0.0856 -0.7797
vn 0.7847 -0.2405 -0.5713
vn 0.4320 -0.2365 -0.8703
vn 0.3831 -0.6507 -0.6556
vn 0.2981 -0.9505 -0.0879
vn 0.9661 -0.2512 0.0588
vn 0.6574 -0.5612 -0.5029
vn 0.8977 0.0343 -0.4393
vn 0.8687 -0.0912 -0.4869
vn 0.9999 -0.0128 -0.0072
vn 0.8687 -0.0912 -0.4868
vn 0.8977 0.0343 -0.4392
vn 0.9184 -0.3178 0.2358
vn 0.7326 -0.6806 -0.0031
vn 0.9592 -0.1909 0.2086
vn 0.9848 -0.0751 0.1563
vn 0.9892 -0.0526 0.1366
vn 0.9986 -0.0258 -0.0455
vn 0.9053 0.0112 -0.4246
vn 0.9907 -0.0625 0.1204
vn 0.9969 -0.0359 -0.0707
vn 0.9109 -0.0105 -0.4124
vn 0.7569 0.0144 -0.6534
vn 0.9109 -0.0105 -0.4125
vn 0.7104 0.0260 -0.7033
vn 0.9953 -0.0501 -0.0823
vn 0.9062 -0.0279 -0.4219
vn 0.7876 -0.0072 -0.6161
vn 0.9062 -0.0279 -0.4220
vn -0.1885 0.0219 -0.9818
vn 0.4983 0.0059 -0.8670
vn 0.4932 -0.0023 -0.8699
vn -0.1708 0.0126 -0.9852
vn 0.4794 -0.0115 -0.8775
vn -0.1798 0.0424 -0.9828
vn -0.1883 0.0273 -0.9817
vn 0.7831 -0.0122 -0.6217
vn 0.9035 -0.0480 -0.4259
vn -0.1472 0.0674 -0.9868
vn 0.5021 0.0117 -0.8648
vn 0.7375 -0.0512 -0.6734
vn 0.7787 -0.0310 -0.6266
vn -0.1294 0.1584 -0.9789
vn 0.4726 0.0079 -0.8812
vn 0.7262 0.0235 -0.6870
vn 0.8931 -0.0719 -0.4441
vn -0.0751 0.0937 -0.9928
vn 0.4424 0.0882 -0.8925
vn 0.8748 -0.1014 -0.4738
vn 0.8938 0.0058 -0.4484
vn -0.0025 0.1225 -0.9925
vn 0.4325 0.0535 -0.9000
vn 0.4514 -0.0617 -0.8902
vn 0.6813 -0.0592 -0.7297
vn 0.1201 0.7431 -0.6583
vn 0.3397 0.1400 -0.9300
vn 0.0474 0.6898 -0.7224
vn 0.8440 -0.1988 -0.4981
vn 0.1202 0.7431 -0.6583
vn 0.2959 0.9453 -0.1377
vn 0.2399 0.7112 -0.6608
vn 0.4525 0.8918 0.0027
vn 0.0475 0.6897 -0.7225
vn 0.9969 -0.0531 0.0585
vn 0.6299 0.5429 -0.5554
vn 0.8368 0.5326 0.1270
vn 0.9818 0.1163 0.1504
vn 0.7950 0.5787 0.1818
vn 0.4659 0.8773 0.1149
vn 0.2670 0.9615 0.0647
vn 0.4840 0.8656 0.1285
vn 0.9728 0.1604 0.1671
vn 0.7811 0.5970 0.1831
vn 0.9818 0.0419 0.1852
vn 0.9909 -0.0195 -0.1331
vn 0.9928 -0.0861 0.0835
vn 0.9953 0.0528 0.0806
vn 0.9762 -0.0858 0.1992
vn 0.9912 -0.0964 0.0904
vn 0.9923 -0.0772 -0.0971
vn 0.9919 -0.0507 -0.1163
vn 0.9742 -0.0942 0.2053
vn 0.9924 -0.0766 0.0964
vn 0.9937 -0.0619 -0.0932
vn 0.9740 -0.0851 0.2098
vn 0.9924 -0.0641 0.1051
vn 0.9733 -0.0777 0.2161
vn 0.9726 -0.0741 0.2203
vn 0.9621 -0.0793 0.2608
vn 0.9700 -0.0758 0.2310
vn 0.9626 -0.0786 0.2593
vn 0.9631 -0.0779 0.2575
vn 0.9648 -0.0984 0.2439
vn 0.9648 -0.0940 0.2457
vn 0.9457 -0.2179 0.2411
vn 0.6962 -0.6972 0.1711
vn 0.9565 -0.1930 0.2189
vn 0.9659 -0.0737 0.2480
vn 0.9627 -0.0665 0.2621
vn 0.9622 -0.1589 0.2212
vn 0.9666 -0.0503 0.2514
vn 0.9648 -0.0626 0.2555
vn 0.9648 -0.0806 0.2503
vn 0.9610 -0.0776 0.2653
vn 0.9664 -0.0886 0.2412
vn 0.9615 -0.0795 0.2631
vn 0.9683 -0.1113 0.2237
vn 0.9620 -0.0931 0.2566
vn 0.9620 -0.0865 0.2589
vn 0.9627 -0.1292 0.2376
vn 0.9621 -0.1056 0.2514
vn 0.9662 -0.1542 0.2068
vn 0.9669 -0.1183 0.2261
vn 0.9820 -0.0017 0.1890
vn 0.9810 0.0046 0.1938
vn 0.9581 0.2025 0.2027
vn 0.9625 0.1843 0.1992
vn 0.7678 0.6126 0.1879
vn 0.7896 0.5884 0.1739
vn 0.5349 0.8357 0.1245
vn 0.5023 0.8549 0.1294
vn 0.5573 0.8222 0.1155
vn 0.8012 0.5777 0.1560
vn 0.5824 0.8064 0.1023
vn 0.8076 0.5745 0.1333
vn 0.9628 0.2128 0.1667
vn 0.9651 0.2221 0.1388
vn 0.9866 -0.0076 0.1630
vn 0.9894 -0.0158 0.1442
vn 0.9689 -0.1803 0.1697
vn 0.9711 -0.1943 0.1388
vn 0.9674 -0.1596 0.1969
vn 0.9712 -0.1848 0.1503
vn 0.9751 -0.1373 0.1741
vn 0.9740 -0.1064 0.1998
vn 0.9736 -0.0888 0.2101
vn 0.9729 -0.0712 0.2200
vn 0.9713 -0.0444 0.2338
vn 0.9818 -0.0499 0.1830
vn 0.9727 -0.0963 0.2110
vn 0.9035 -0.0480 -0.4258
vn 0.8939 0.0059 -0.4483
vn 0.8748 -0.1014 -0.4737
vn 0.8440 -0.1987 -0.4982
vn -0.1564 0.9871 -0.0344
vn -0.1099 0.9701 -0.2165
vn -0.6783 0.7049 -0.2074
vn -0.3712 0.9264 -0.0629
vn -0.2882 0.9498 -0.1220
vn -0.6616 0.7382 -0.1319
vn -0.8831 0.2552 -0.3937
vn -0.9153 0.3254 -0.2373
vn -0.6702 0.7326 -0.1190
vn -0.3587 0.5914 -0.7222
vn 0.1843 0.6917 -0.6983
vn -0.6784 0.7048 -0.2074
vn -0.5973 0.0881 -0.7972
vn 0.1842 0.6918 -0.6982
vn -0.2165 0.0016 -0.9763
vn -0.5530 0.0771 -0.8296
vn -0.8927 0.0910 -0.4414
vn -0.1817 0.0499 -0.9821
vn -0.3703 0.0867 -0.9249
vn -0.6486 0.0650 -0.7583
vn -0.8880 0.0661 -0.4550
vn -0.6775 0.0353 -0.7347
vn -0.8826 0.0539 -0.4670
vn -0.4514 0.0382 -0.8915
vn -0.5055 0.0306 -0.8623
vn -0.6936 0.0377 -0.7194
vn -0.8761 0.0494 -0.4796
vn -0.6927 0.0541 -0.7192
vn -0.8774 0.0468 -0.4774
vn -0.5029 0.0466 -0.8631
vn -0.6883 0.0526 -0.7235
vn -0.8797 0.0478 -0.4731
vn -0.4796 0.0455 -0.8763
vn -0.4598 0.0504 -0.8866
vn -0.6816 0.0552 -0.7296
vn -0.8842 0.0449 -0.4650
vn -0.8977 0.0299 -0.4395
vn -0.6642 0.0565 -0.7454
vn -0.4092 0.0442 -0.9114
vn -0.1338 -0.0159 -0.9909
vn 0.4516 -0.0284 -0.8918
vn -0.3227 -0.0902 -0.9422
vn 0.3719 -0.1908 -0.9084
vn -0.6385 -0.0883 -0.7645
vn -0.9423 -0.0326 -0.3332
vn -0.9307 0.0181 -0.3652
vn -0.9251 0.0407 -0.3776
vn -0.9238 0.0464 -0.3800
vn -0.9247 0.0554 -0.3766
vn -0.9272 0.0714 -0.3676
vn -0.9322 0.0922 -0.3500
vn -0.9370 0.1532 -0.3139
vn 0.4595 -0.8877 0.0292
vn 0.7912 -0.6097 0.0483
vn 0.9764 -0.2095 0.0526
vn 0.4228 -0.9062 0.0090
vn 0.7649 -0.6438 0.0216
vn 0.9658 -0.2578 0.0295
vn 0.9832 -0.1824 0.0107
vn 0.9962 -0.0870 -0.0103
vn 0.9950 -0.0994 -0.0020
vn 0.9882 -0.1531 0.0082
vn 0.9952 -0.0972 -0.0143
vn 0.9953 -0.0968 -0.0017
vn 0.9943 -0.1058 -0.0115
vn 0.9951 -0.0984 0.0078
vn 0.9946 -0.1042 -0.0034
vn 0.9950 -0.0985 0.0169
vn 0.9934 -0.1148 0.0051
vn 0.9944 -0.1022 0.0262
vn 0.9910 -0.1311 0.0274
vn 0.9938 -0.1054 0.0355
vn 0.9928 -0.1021 0.0622
vn 0.9960 -0.0717 0.0530
vn 0.9961 0.0495 0.0736
vn 0.9952 0.0370 0.0904
vn 0.9806 -0.1961 0.0083
vn 0.7493 -0.6622 0.0061
vn -0.2664 -0.9638 -0.0052
vn -0.9854 0.1595 0.0599
vn -0.9912 0.0929 0.0943
vn -0.9649 0.1000 0.2428
vn -0.9659 0.0617 0.2515
vn -0.9656 0.0510 0.2551
vn -0.9916 0.0632 0.1124
vn -0.9659 0.0427 0.2553
vn -0.9921 0.0450 0.1167
vn -0.9669 0.0333 0.2529
vn -0.9922 0.0374 0.1186
vn -0.9678 0.0208 0.2507
vn -0.9923 0.0297 0.1205
vn -0.9686 -0.0172 0.2479
vn -0.9917 0.0107 0.1278
vn -0.9714 0.0027 0.2372
vn -0.9912 -0.0365 0.1275
vn -0.8511 -0.0004 0.5250
vn -0.8496 0.0247 0.5268
vn -0.8203 -0.0709 0.5675
vn -0.7046 -0.2027 0.6801
vn -0.5708 -0.0779 0.8174
vn -0.8496 0.0247 0.5269
vn -0.7045 -0.2027 0.6801
vn -0.3395 -0.2170 0.9152
vn 0.2042 -0.0717 0.9763
vn -0.3447 -0.2212 0.9123
vn 0.1168 -0.2347 0.9650
vn 0.0206 -0.4360 0.8997
vn -0.2259 -0.4331 0.8726
vn 0.2465 -0.0494 0.9679
vn -0.4171 -0.0770 0.9056
vn -0.7034 -0.0026 0.7108
vn -0.6755 -0.0084 0.7373
vn 0.2682 -0.0389 0.9626
vn -0.4247 -0.0332 0.9047
vn -0.7123 0.0168 0.7017
vn -0.8475 0.0216 0.5304
vn -0.8430 0.0258 0.5373
vn -0.8474 0.0216 0.5305
vn -0.7098 0.0175 0.7042
vn -0.8361 0.0299 0.5478
vn -0.8430 0.0258 0.5372
vn -0.8362 0.0299 0.5477
vn -0.6917 0.0228 0.7218
vn -0.8312 0.0428 0.5543
vn 0.2575 -0.0353 0.9656
vn -0.4461 0.0230 0.8947
vn -0.4427 0.0169 0.8965
vn 0.2699 -0.0396 0.9621
vn -0.4400 0.0093 0.8979
vn 0.2529 -0.0283 0.9671
vn -0.4246 0.1269 0.8964
vn -0.6829 0.0339 0.7298
vn -0.8190 0.0640 0.5703
vn 0.3050 0.0941 0.9477
vn -0.6563 0.0757 0.7507
vn -0.7620 0.0485 0.6458
vn -0.8190 0.0640 0.5702
vn -0.5293 0.0188 0.8482
vn -0.7620 0.0486 0.6457
vn 0.7133 -0.0020 0.7008
vn 0.6510 -0.0224 0.7588
vn 0.8438 -0.0417 0.5350
vn 0.6405 -0.0545 0.7660
vn 0.8071 -0.0107 0.5903
vn 0.8031 -0.0388 0.5945
vn 0.8010 -0.0613 0.5956
vn 0.6353 -0.0397 0.7712
vn 0.7933 -0.0157 0.6087
vn 0.5998 -0.0205 0.7999
vn -0.4317 -0.0037 0.9020
vn 0.5526 -0.0079 0.8334
vn 0.7806 0.0052 0.6250
vn 0.7571 0.0256 0.6528
vn 0.4724 -0.0006 0.8814
vn 0.3587 -0.1451 0.9221
vn 0.7198 -0.1429 0.6793
vn 0.1958 -0.3114 0.9299
vn 0.4704 -0.6351 0.6127
vn 0.6112 -0.3092 0.7285
vn 0.1857 -0.7028 0.6867
vn -0.2124 -0.7443 0.6331
vn 0.0218 -0.7450 0.6667
vn -0.5878 -0.5507 0.5927
vn -0.3380 -0.6400 0.6900
vn -0.9776 0.0084 0.2101
vn -0.9870 0.0246 0.1588
vn -0.9868 0.0139 0.1616
vn -0.9969 0.0280 0.0732
vn -0.9975 0.0179 0.0684
vn -0.9998 0.0218 0.0048
vn -1.0000 0.0045 -0.0052
vn -0.9990 0.0146 -0.0434
vn -0.9987 -0.0034 -0.0510
vn -0.9967 0.0089 -0.0812
vn -0.9961 -0.0120 -0.0872
vn -0.9939 0.0045 -0.1101
vn -0.9933 -0.0171 -0.1145
vn -0.9923 -0.0000 -0.1236
vn -0.9918 -0.0203 -0.1260
vn -0.9905 -0.0006 -0.1373
vn -0.9904 -0.0201 -0.1370
vn -0.9867 0.0013 -0.1628
vn -0.9867 -0.0181 -0.1616
vn -0.9817 0.0039 -0.1902
vn -0.9824 -0.0146 -0.1862
vn -0.9755 0.0102 -0.2197
vn -0.9769 -0.0050 -0.2137
vn -0.9643 0.0186 -0.2643
vn -0.9667 0.0039 -0.2558
vn -0.9435 0.0291 -0.3302
vn -0.9477 0.0211 -0.3183
vn -0.9116 0.0407 -0.4090
vn -0.9161 0.0405 -0.3989
vn -0.8962 0.0506 -0.4408
vn -0.3447 0.0386 -0.9379
vn -0.3508 0.0419 -0.9355
vn -0.9786 0.0169 0.2051
vn -0.9875 0.0350 0.1538
vn -0.9965 0.0387 0.0743
vn -0.9991 0.0402 0.0106
vn -0.9985 0.0395 -0.0378
vn -0.9964 0.0374 -0.0762
vn -0.9939 0.0342 -0.1049
vn -0.9922 0.0317 -0.1207
vn -0.9899 0.0325 -0.1378
vn -0.9859 0.0342 -0.1641
vn -0.9806 0.0364 -0.1925
vn -0.9735 0.0397 -0.2251
vn -0.9620 0.0441 -0.2694
vn -0.9415 0.0456 -0.3338
vn -0.8917 0.0441 -0.4505
vn -0.8922 0.0478 -0.4492
vn -0.9805 0.0300 0.1940
vn -0.9873 0.0433 0.1528
vn -0.9962 0.0493 0.0716
vn -0.9982 0.0587 0.0080
vn -0.9971 0.0652 -0.0384
vn -0.9950 0.0679 -0.0736
vn -0.9925 0.0678 -0.1022
vn -0.9905 0.0675 -0.1195
vn -0.9882 0.0676 -0.1374
vn -0.9842 0.0678 -0.1638
vn -0.9790 0.0674 -0.1923
vn -0.9721 0.0660 -0.2251
vn -0.9615 0.0624 -0.2675
vn -0.9418 0.0583 -0.3311
vn -0.9101 0.0456 -0.4118
vn -0.8937 0.0462 -0.4463
vn -0.3417 0.0323 -0.9392
vn -0.9788 0.0485 0.1992
vn -0.9863 0.0587 0.1542
vn -0.9953 0.0744 0.0615
vn -0.9958 0.0919 -0.0027
vn -0.9935 0.1048 -0.0444
vn -0.9909 0.1120 -0.0745
vn -0.9882 0.1151 -0.1015
vn -0.9863 0.1153 -0.1177
vn -0.9841 0.1146 -0.1354
vn -0.9805 0.1129 -0.1609
vn -0.9759 0.1103 -0.1882
vn -0.9704 0.1038 -0.2182
vn -0.9611 0.0940 -0.2598
vn -0.9429 0.0818 -0.3228
vn -0.9113 0.0527 -0.4083
vn -0.8980 0.0540 -0.4368
vn -0.3497 0.0302 -0.9364
vn -0.9755 0.0557 0.2127
vn -0.9872 0.0833 0.1364
vn -0.9920 0.1196 0.0395
vn -0.9891 0.1458 -0.0188
vn -0.9854 0.1614 -0.0547
vn -0.9820 0.1716 -0.0788
vn -0.9791 0.1762 -0.1014
vn -0.9770 0.1791 -0.1155
vn -0.9752 0.1783 -0.1310
vn -0.9725 0.1736 -0.1550
vn -0.9692 0.1683 -0.1798
vn -0.9660 0.1579 -0.2048
vn -0.9596 0.1417 -0.2429
vn -0.9471 0.1123 -0.3005
vn -0.9149 0.0654 -0.3982
vn -0.9053 0.0531 -0.4215
vn -0.3583 0.0306 -0.9331
vn -0.9803 0.0418 0.1932
vn -0.9850 0.1528 0.0798
vn -0.9788 0.2046 0.0056
vn -0.9721 0.2310 -0.0395
vn -0.9666 0.2481 -0.0642
vn -0.9630 0.2563 -0.0833
vn -0.9589 0.2642 -0.1033
vn -0.9567 0.2681 -0.1131
vn -0.9561 0.2664 -0.1223
vn -0.9526 0.2668 -0.1460
vn -0.9511 0.2608 -0.1656
vn -0.9505 0.2494 -0.1852
vn -0.9496 0.2319 -0.2110
vn -0.9434 0.2040 -0.2614
vn -0.9214 0.0808 -0.3801
vn -0.9248 0.0847 -0.3710
vn -0.3728 0.0225 -0.9276
vn -0.9895 0.0893 0.1133
vn -0.9154 0.4019 0.0209
vn -0.8969 0.4417 -0.0207
vn -0.8901 0.4532 -0.0479
vn -0.8861 0.4589 -0.0645
vn -0.8837 0.4612 -0.0801
vn -0.8829 0.4600 -0.0945
vn -0.8825 0.4593 -0.1009
vn -0.8825 0.4570 -0.1109
vn -0.8812 0.4547 -0.1294
vn -0.8813 0.4509 -0.1411
vn -0.8803 0.4475 -0.1577
vn -0.8797 0.4414 -0.1769
vn -0.8854 0.4213 -0.1965
vn -0.9313 0.1466 -0.3336
vn -0.9068 0.3242 -0.2696
vn -0.4352 0.0357 -0.8996
vn -0.9363 0.3485 0.0428
vn -0.5825 0.8128 -0.0075
vn -0.5869 0.8095 -0.0184
vn -0.5926 0.8052 -0.0225
vn -0.5978 0.8010 -0.0330
vn -0.6022 0.7974 -0.0375
vn -0.6049 0.7948 -0.0492
vn -0.6033 0.7956 -0.0551
vn -0.6046 0.7943 -0.0601
vn -0.6032 0.7939 -0.0767
vn -0.5993 0.7957 -0.0875
vn -0.5945 0.7983 -0.0965
vn -0.5913 0.7996 -0.1047
vn -0.5819 0.8053 -0.1138
vn -0.8930 0.3787 -0.2433
vn -0.5778 0.8077 -0.1172
vn -0.5315 0.2169 -0.8188
vn -0.5828 0.8126 -0.0079
vn -0.0604 0.9972 0.0452
vn -0.0800 0.9961 0.0376
vn -0.0918 0.9954 0.0282
vn -0.0981 0.9950 0.0158
vn -0.0984 0.9950 0.0166
vn -0.0952 0.9954 0.0134
vn -0.0973 0.9952 0.0077
vn -0.0942 0.9955 0.0099
vn -0.0913 0.9958 0.0043
vn -0.0923 0.9957 0.0002
vn -0.0792 0.9968 -0.0062
vn -0.0753 0.9971 -0.0083
vn -0.0703 0.9973 -0.0195
vn -0.5749 0.8083 -0.1269
vn -0.0421 0.9981 -0.0455
vn -0.3471 0.6341 -0.6910
vn -0.0512 0.9972 0.0549
vn 0.4151 0.9088 0.0423
vn 0.4405 0.8965 0.0481
vn 0.4583 0.8873 0.0512
vn 0.4687 0.8817 0.0544
vn 0.4741 0.8783 0.0613
vn 0.4812 0.8732 0.0768
vn 0.4769 0.8751 0.0826
vn 0.4670 0.8804 0.0825
vn 0.4638 0.8812 0.0916
vn 0.4661 0.8803 0.0889
vn 0.4540 0.8854 0.1000
vn 0.4359 0.8934 0.1092
vn 0.4250 0.8994 0.1024
vn -0.0615 0.9977 -0.0285
vn 0.3875 0.9189 0.0741
vn 0.0598 0.7161 -0.6954
vn 0.3927 0.9188 0.0404
vn 0.9247 0.3776 0.0484
vn 0.9103 0.4123 0.0367
vn 0.9072 0.4174 0.0528
vn 0.9041 0.4220 0.0665
vn 0.9012 0.4251 0.0847
vn 0.8972 0.4288 0.1054
vn 0.8968 0.4233 0.1284
vn 0.8963 0.4212 0.1388
vn 0.8938 0.4221 0.1514
vn 0.8893 0.4264 0.1650
vn 0.8793 0.4353 0.1932
vn 0.8853 0.4218 0.1958
vn 0.8938 0.3995 0.2037
vn 0.4071 0.9091 0.0882
vn 0.9137 0.3381 0.2256
vn 0.3894 0.6974 -0.6017
vn 0.9745 -0.1816 0.1319
vn 0.6928 -0.7175 0.0722
vn 0.9902 -0.0606 0.1257
vn 0.7554 -0.6530 0.0540
vn 0.9970 0.0185 0.0751
vn 0.7797 -0.6241 0.0519
vn 0.9953 0.0623 0.0746
vn 0.8014 -0.5953 0.0581
vn 0.9917 0.0988 0.0825
vn 0.8105 -0.5815 0.0705
vn 0.9881 0.1167 0.1003
vn 0.8243 -0.5588 0.0915
vn 0.9825 0.1434 0.1186
vn 0.8268 -0.5543 0.0952
vn 0.9806 0.1512 0.1244
vn 0.8141 -0.5730 0.0943
vn 0.9824 0.1296 0.1344
vn 0.8059 -0.5811 0.1132
vn 0.9804 0.1173 0.1580
vn 0.8068 -0.5752 0.1348
vn 0.9754 0.1273 0.1801
vn 0.8006 -0.5822 0.1419
vn 0.9747 0.1173 0.1902
vn 0.7834 -0.6073 0.1321
vn 0.9791 0.0898 0.1826
vn 0.7528 -0.6484 0.1133
vn 0.9843 0.0450 0.1709
vn 0.6960 -0.7130 0.0848
vn 0.9888 -0.0467 0.1421
vn 0.9793 -0.1644 0.1178
vn 0.5477 -0.6328 -0.5473
vn 0.7483 -0.1315 -0.6502
vn 0.9776 -0.0084 -0.2105
vn 0.9870 -0.0245 -0.1591
vn 0.9785 -0.0168 -0.2054
vn 0.9867 -0.0139 -0.1619
vn 0.9969 -0.0280 -0.0734
vn 0.9975 -0.0178 -0.0686
vn 0.9998 -0.0207 -0.0039
vn 0.9988 0.0025 0.0497
vn 1.0000 -0.0055 0.0063
vn 0.9967 -0.0094 0.0805
vn 0.9990 -0.0141 0.0428
vn 0.9961 0.0121 0.0871
vn 0.9939 -0.0044 0.1101
vn 0.9933 0.0172 0.1144
vn 0.9923 -0.0000 0.1236
vn 0.9918 0.0204 0.1260
vn 0.9905 0.0006 0.1373
vn 0.9904 0.0201 0.1371
vn 0.9866 -0.0012 0.1629
vn 0.9867 0.0182 0.1617
vn 0.9817 -0.0039 0.1904
vn 0.9824 0.0146 0.1863
vn 0.9755 -0.0102 0.2199
vn 0.9768 0.0050 0.2139
vn 0.9642 -0.0185 0.2645
vn 0.9667 -0.0039 0.2560
vn 0.9434 -0.0291 0.3304
vn 0.9477 -0.0211 0.3185
vn 0.9115 -0.0406 0.4092
vn 0.8961 -0.0506 0.4410
vn 0.9384 -0.0308 -0.3442
vn 0.8920 -0.0477 0.4494
vn 0.9875 -0.0349 -0.1540
vn 0.9805 -0.0300 -0.1943
vn 0.9965 -0.0387 -0.0744
vn 0.9991 -0.0402 -0.0108
vn 0.9985 -0.0390 0.0382
vn 0.9965 -0.0368 0.0755
vn 0.9939 -0.0341 0.1049
vn 0.9922 -0.0317 0.1207
vn 0.9899 -0.0325 0.1378
vn 0.9858 -0.0342 0.1641
vn 0.9806 -0.0363 0.1927
vn 0.9735 -0.0397 0.2252
vn 0.9620 -0.0441 0.2696
vn 0.9415 -0.0455 0.3340
vn 0.8915 -0.0441 0.4508
vn 0.9873 -0.0433 -0.1530
vn 0.9787 -0.0485 -0.1996
vn 0.9962 -0.0493 -0.0718
vn 0.9982 -0.0587 -0.0082
vn 0.9971 -0.0653 0.0382
vn 0.9950 -0.0680 0.0735
vn 0.9925 -0.0678 0.1022
vn 0.9905 -0.0676 0.1195
vn 0.9882 -0.0677 0.1374
vn 0.9841 -0.0679 0.1639
vn 0.9790 -0.0674 0.1924
vn 0.9721 -0.0660 0.2252
vn 0.9615 -0.0625 0.2676
vn 0.9100 -0.0455 0.4120
vn 0.9417 -0.0583 0.3313
vn 0.9392 -0.0294 -0.3421
vn 0.8936 -0.0463 0.4466
vn 0.9863 -0.0588 -0.1544
vn 0.9755 -0.0557 -0.2130
vn 0.9953 -0.0744 -0.0617
vn 0.9958 -0.0920 0.0026
vn 0.9935 -0.1049 0.0442
vn 0.9909 -0.1121 0.0744
vn 0.9881 -0.1152 0.1015
vn 0.9863 -0.1154 0.1177
vn 0.9841 -0.1147 0.1354
vn 0.9805 -0.1130 0.1610
vn 0.9759 -0.1104 0.1884
vn 0.9703 -0.1039 0.2184
vn 0.9610 -0.0940 0.2599
vn 0.9112 -0.0527 0.4085
vn 0.9428 -0.0818 0.3230
vn 0.9367 -0.0335 -0.3484
vn 0.8978 -0.0540 0.4370
vn 0.9871 -0.0833 -0.1366
vn 0.9802 -0.0417 -0.1935
vn 0.9920 -0.1197 -0.0396
vn 0.9891 -0.1459 0.0186
vn 0.9854 -0.1615 0.0546
vn 0.9820 -0.1717 0.0788
vn 0.9791 -0.1764 0.1014
vn 0.9770 -0.1792 0.1155
vn 0.9752 -0.1784 0.1310
vn 0.9725 -0.1737 0.1551
vn 0.9691 -0.1684 0.1800
vn 0.9659 -0.1580 0.2050
vn 0.9596 -0.1418 0.2431
vn 0.9148 -0.0655 0.3985
vn 0.9471 -0.1123 0.3007
vn 0.9329 -0.0439 -0.3574
vn 0.9051 -0.0531 0.4218
vn 0.9851 -0.1523 -0.0801
vn 0.9896 -0.0885 -0.1135
vn 0.9789 -0.2042 -0.0057
vn 0.9722 -0.2307 0.0394
vn 0.9667 -0.2478 0.0641
vn 0.9631 -0.2560 0.0832
vn 0.9590 -0.2640 0.1034
vn 0.9568 -0.2679 0.1132
vn 0.9561 -0.2662 0.1224
vn 0.9526 -0.2667 0.1461
vn 0.9511 -0.2606 0.1658
vn 0.9506 -0.2492 0.1853
vn 0.9496 -0.2316 0.2111
vn 0.9213 -0.0808 0.3803
vn 0.9434 -0.2038 0.2615
vn 0.9272 -0.0442 -0.3718
vn 0.9247 -0.0838 0.3713
vn 0.9160 -0.4007 -0.0211
vn 0.9373 -0.3459 -0.0429
vn 0.8974 -0.4407 0.0206
vn 0.8906 -0.4524 0.0478
vn 0.8866 -0.4581 0.0644
vn 0.8841 -0.4604 0.0801
vn 0.8833 -0.4591 0.0946
vn 0.8830 -0.4584 0.1010
vn 0.8830 -0.4560 0.1110
vn 0.8817 -0.4537 0.1296
vn 0.8818 -0.4499 0.1414
vn 0.8808 -0.4464 0.1579
vn 0.8802 -0.4404 0.1771
vn 0.9313 -0.1461 0.3338
vn 0.8859 -0.4200 0.1968
vn 0.8984 -0.0688 -0.4338
vn 0.9076 -0.3215 0.2700
vn 0.5821 -0.8131 0.0071
vn 0.5827 -0.8126 0.0075
vn 0.5868 -0.8095 0.0183
vn 0.5926 -0.8052 0.0225
vn 0.5978 -0.8009 0.0331
vn 0.6023 -0.7974 0.0376
vn 0.6050 -0.7947 0.0493
vn 0.6034 -0.7956 0.0552
vn 0.6046 -0.7942 0.0603
vn 0.6033 -0.7938 0.0768
vn 0.5994 -0.7957 0.0876
vn 0.5945 -0.7983 0.0966
vn 0.5912 -0.7997 0.1049
vn 0.8934 -0.3774 0.2438
vn 0.5817 -0.8054 0.1139
vn 0.7821 -0.2377 -0.5760
vn 0.5774 -0.8080 0.1174
vn 0.0594 -0.9972 -0.0448
vn 0.0497 -0.9973 -0.0547
vn 0.0795 -0.9961 -0.0372
vn 0.0915 -0.9954 -0.0280
vn 0.0980 -0.9951 -0.0156
vn 0.0982 -0.9950 -0.0165
vn 0.0949 -0.9954 -0.0133
vn 0.0971 -0.9952 -0.0076
vn 0.0938 -0.9955 -0.0099
vn 0.0908 -0.9959 -0.0043
vn 0.0919 -0.9958 -0.0003
vn 0.0785 -0.9969 0.0061
vn 0.0747 -0.9972 0.0080
vn 0.5743 -0.8087 0.1271
vn 0.0695 -0.9974 0.0192
vn 0.4409 -0.4993 -0.7458
vn 0.0404 -0.9982 0.0449
vn -0.4130 -0.9098 -0.0418
vn -0.3895 -0.9202 -0.0400
vn -0.4393 -0.8971 -0.0476
vn -0.4576 -0.8877 -0.0508
vn -0.4683 -0.8819 -0.0541
vn -0.4738 -0.8785 -0.0610
vn -0.4811 -0.8733 -0.0766
vn -0.4767 -0.8752 -0.0825
vn -0.4665 -0.8807 -0.0824
vn -0.4633 -0.8814 -0.0915
vn -0.4657 -0.8805 -0.0889
vn -0.4532 -0.8858 -0.1001
vn -0.4349 -0.8939 -0.1091
vn 0.0605 -0.9978 0.0280
vn -0.4236 -0.9001 -0.1023
vn 0.1155 -0.6935 -0.7112
vn -0.3842 -0.9203 -0.0738
vn -0.9294 -0.3673 -0.0369
vn -0.9436 -0.3310 -0.0099
vn -0.9146 -0.4014 -0.0488
vn -0.9077 -0.4163 -0.0527
vn -0.9046 -0.4210 -0.0665
vn -0.9017 -0.4240 -0.0847
vn -0.8978 -0.4277 -0.1054
vn -0.8974 -0.4221 -0.1284
vn -0.8968 -0.4201 -0.1388
vn -0.8943 -0.4211 -0.1516
vn -0.8899 -0.4252 -0.1650
vn -0.8797 -0.4345 -0.1933
vn -0.8857 -0.4209 -0.1960
vn -0.4049 -0.9101 -0.0881
vn -0.8942 -0.3986 -0.2037
vn -0.1539 -0.5771 -0.8020
vn -0.9140 -0.3372 -0.2257
vn -0.9730 0.1895 -0.1315
vn -0.7104 -0.6954 -0.1086
vn -0.7785 -0.6120 -0.1395
vn -0.9918 0.0550 -0.1150
vn -0.6516 -0.7554 -0.0694
vn -0.9959 -0.0254 -0.0863
vn -0.6212 -0.7813 -0.0609
vn -0.9955 -0.0589 -0.0745
vn -0.5929 -0.8026 -0.0654
vn -0.9920 -0.0960 -0.0824
vn -0.5785 -0.8123 -0.0744
vn -0.9884 -0.1140 -0.1002
vn -0.5572 -0.8264 -0.0812
vn -0.9829 -0.1411 -0.1185
vn -0.5475 -0.8329 -0.0808
vn -0.9810 -0.1490 -0.1244
vn -0.5669 -0.8187 -0.0913
vn -0.9828 -0.1270 -0.1344
vn -0.5742 -0.8114 -0.1090
vn -0.9808 -0.1146 -0.1581
vn -0.5648 -0.8161 -0.1222
vn -0.9757 -0.1247 -0.1801
vn -0.5714 -0.8111 -0.1248
vn -0.9750 -0.1144 -0.1903
vn -0.5952 -0.7945 -0.1204
vn -0.9793 -0.0865 -0.1827
vn -0.6366 -0.7618 -0.1197
vn -0.9844 -0.0411 -0.1710
vn -0.7107 -0.6964 -0.0997
vn -0.9780 0.1721 -0.1176
vn -0.5992 -0.5111 -0.6163
vn -0.7772 -0.6241 -0.0803
vn -0.4823 -0.5857 0.6514
vn 0.8152 -0.0238 0.5786
vn -0.5791 -0.0113 0.8151
vn -0.7060 -0.6954 0.1343
vn 0.6686 -0.7326 -0.1275
vn 0.6762 -0.7181 -0.1642
vn -0.7253 -0.6808 0.1024
vn 0.6754 -0.7349 -0.0608
vn -0.7339 -0.6784 0.0338
vn 0.6916 -0.7222 -0.0097
vn -0.7219 -0.6917 -0.0185
vn 0.6994 -0.7144 0.0228
vn -0.7127 -0.6996 -0.0506
vn 0.7057 -0.7068 0.0493
vn -0.7030 -0.7072 -0.0749
vn 0.7091 -0.7017 0.0694
vn -0.6958 -0.7122 -0.0930
vn 0.7135 -0.6962 0.0784
vn -0.6894 -0.7175 -0.0997
vn 0.7101 -0.6988 0.0861
vn -0.6897 -0.7133 -0.1243
vn -0.6909 -0.7149 -0.1073
vn -0.6887 -0.7113 -0.1409
vn 0.7061 -0.7005 0.1037
vn -0.6922 -0.7034 -0.1614
vn 0.7013 -0.7026 0.1208
vn -0.6931 -0.6949 -0.1918
vn 0.6897 -0.7106 0.1394
vn -0.6938 -0.6791 -0.2396
vn 0.6746 -0.7191 0.1670
vn -0.6848 -0.6627 -0.3032
vn 0.6465 -0.7345 0.2065
vn -0.3509 0.0420 -0.9355
vn 0.9355 -0.0300 -0.3521
vn -0.3131 -0.5422 -0.7797
vn 0.6000 -0.7456 0.2900
vn -0.6672 -0.6664 -0.3328
vn -0.5851 -0.0069 0.8109
vn 0.8040 -0.0416 0.5932
vn -0.5937 0.0030 0.8047
vn 0.9392 -0.0294 -0.3420
vn 0.9384 -0.0309 -0.3442
vn -0.5913 0.0165 0.8062
vn 0.8049 -0.0573 0.5906
vn -0.5752 0.0167 0.8178
vn 0.8165 -0.0625 0.5739
vn 0.9368 -0.0336 -0.3484
vn -0.5892 -0.0027 0.8080
vn 0.8084 -0.0487 0.5866
vn 0.9330 -0.0439 -0.3573
vn 0.7414 -0.0855 0.6656
vn -0.6675 0.0304 0.7440
vn 0.9273 -0.0442 -0.3718
vn 0.6056 -0.2643 0.7506
vn -0.7146 0.2248 0.6625
vn 0.7822 -0.2377 -0.5760
vn 0.8984 -0.0687 -0.4337
vn 0.2406 -0.5176 0.8211
vn -0.5058 0.6243 0.5953
vn 0.4409 -0.4994 -0.7458
vn -0.1170 0.7074 0.6971
vn -0.0690 -0.7006 0.7102
vn -0.3475 -0.5831 0.7343
vn 0.2284 0.6896 0.6872
vn 0.1155 -0.6935 -0.7111
vn -0.5848 -0.1785 0.7913
vn 0.6974 0.2547 0.6698
vn -0.3801 -0.1776 -0.9077
vn 0.5619 -0.1517 0.8131
vn -0.8024 0.1404 0.5800
vn 0.6100 -0.7886 0.0775
vn -0.7391 -0.5120 0.4377
vn -0.6517 -0.7553 -0.0694
vn -0.5785 -0.8122 -0.0744
vn -0.5573 -0.8263 -0.0812
vn -0.5476 -0.8329 -0.0808
vn -0.5670 -0.8187 -0.0913
vn -0.5743 -0.8114 -0.1090
vn -0.5649 -0.8161 -0.1221
vn -0.5715 -0.8111 -0.1248
vn -0.5953 -0.7944 -0.1204
vn -0.6367 -0.7617 -0.1197
vn -0.7108 -0.6963 -0.0997
vn 0.6231 -0.7795 0.0646
vn -0.6369 0.1343 -0.7592
vn 0.6177 -0.6002 -0.5081
vn -0.5872 0.0858 -0.8049
vn 0.8029 -0.0710 -0.5919
vn 0.7936 -0.0476 -0.6066
vn -0.5950 0.1630 -0.7871
vn 0.7888 -0.0323 -0.6138
vn -0.6102 0.1764 -0.7724
vn 0.7768 -0.0340 -0.6289
vn -0.6263 0.1837 -0.7576
vn 0.7635 -0.0366 -0.6448
vn -0.6437 0.1816 -0.7434
vn 0.7507 -0.0449 -0.6591
vn -0.6599 0.1724 -0.7313
vn 0.7357 -0.0567 -0.6750
vn -0.6838 0.1440 -0.7153
vn 0.7249 -0.0884 -0.6832
vn -0.7053 0.0912 -0.7030
vn 0.7071 -0.1413 -0.6929
vn -0.7209 0.0427 -0.6917
vn 0.6851 -0.1875 -0.7039
vn -0.7338 0.0142 -0.6792
vn 0.6648 -0.2115 -0.7165
vn -0.7448 0.0052 -0.6672
vn 0.6471 -0.2114 -0.7325
vn -0.7554 0.0100 -0.6552
vn 0.6329 -0.1899 -0.7506
vn -0.7643 0.0226 -0.6445
vn 0.6231 -0.1528 -0.7671
vn -0.7940 -0.0025 -0.6079
vn 0.6259 -0.1706 -0.7610
vn -0.7224 0.1190 -0.6812
vn 0.5622 0.0440 -0.8259
vn -0.7999 0.2330 -0.5530
vn 0.6347 0.1960 -0.7475
vn 0.6073 0.1609 -0.7780
vn -0.7838 0.2275 -0.5779
vn 0.5907 0.2268 -0.7743
vn 0.5832 0.3287 -0.7428
vn -0.7895 0.2885 -0.5418
vn 0.5769 0.4282 -0.6956
vn -0.7939 0.3501 -0.4972
vn 0.5669 0.5253 -0.6346
vn -0.8007 0.4074 -0.4392
vn 0.5547 0.6183 -0.5568
vn -0.8092 0.4558 -0.3708
vn 0.5359 0.7129 -0.4523
vn -0.8128 0.5067 -0.2874
vn -0.8204 0.5396 -0.1891
vn 0.5081 0.8076 -0.2992
vn -0.8227 0.5623 -0.0839
vn 0.5163 0.8524 -0.0826
vn -0.8090 0.5878 0.0064
vn 0.5441 0.8276 0.1377
vn -0.7918 0.6016 0.1051
vn 0.5650 0.7623 0.3157
vn -0.7853 0.5840 0.2055
vn 0.5616 0.6881 0.4595
vn -0.7966 0.5311 0.2888
vn 0.5454 0.5969 0.5884
vn -0.8115 0.4689 0.3487
vn 0.5278 0.4999 0.6867
vn -0.8256 0.4071 0.3907
vn 0.5082 0.4060 0.7595
vn -0.8369 0.3412 0.4279
vn 0.4848 0.3002 0.8215
vn -0.8497 0.2802 0.4467
vn 0.4779 0.1939 0.8567
vn 0.4755 0.1191 0.8716
vn -0.8546 0.2471 0.4566
vn 0.4817 0.0704 0.8735
vn -0.8551 0.2322 0.4636
vn 0.4930 0.0514 0.8685
vn -0.8516 0.2384 0.4668
vn 0.5049 0.0513 0.8617
vn -0.8425 0.2556 0.4741
vn 0.5104 0.0410 0.8590
vn -0.8306 0.2606 0.4922
vn 0.5185 0.0159 0.8549
vn -0.8253 0.2542 0.5042
vn 0.5277 -0.0012 0.8494
vn -0.8198 0.2499 0.5152
vn 0.5384 -0.0101 0.8426
vn -0.8138 0.2479 0.5257
vn 0.5504 -0.0114 0.8348
vn -0.8072 0.2484 0.5355
vn 0.5633 -0.0059 0.8262
vn -0.8001 0.2525 0.5442
vn 0.5763 0.0052 0.8172
vn -0.7921 0.2594 0.5525
vn 0.5885 0.0169 0.8083
vn -0.7829 0.2636 0.5636
vn 0.5999 0.0240 0.7997
vn -0.7749 0.2616 0.5755
vn 0.6118 0.0289 0.7905
vn -0.7676 0.2557 0.5877
vn 0.6213 0.0293 0.7830
vn -0.7594 0.2420 0.6039
vn 0.6281 0.0180 0.7779
vn -0.7519 0.2120 0.6242
vn 0.6300 -0.0159 0.7764
vn -0.7470 0.1502 0.6477
vn 0.6469 -0.0474 0.7611
vn -0.7470 0.1501 0.6477
vn -0.7548 0.1085 0.6470
vn 0.6058 0.0200 -0.7954
vn -0.7582 0.2023 -0.6198
vn 0.6074 0.1386 -0.7822
vn 0.6009 -0.0402 -0.7983
vn -0.7758 0.1365 -0.6160
vn 0.5985 -0.0872 -0.7963
vn -0.7829 0.0998 -0.6141
vn 0.5999 -0.1293 -0.7895
vn -0.7830 0.0638 -0.6188
vn 0.6040 -0.1456 -0.7836
vn -0.7861 0.0372 -0.6170
vn 0.6101 -0.1315 -0.7813
vn -0.7901 0.0307 -0.6122
vn 0.6194 -0.0873 -0.7802
vn -0.7914 0.0474 -0.6094
vn 0.6270 -0.0219 -0.7787
vn -0.7914 0.0847 -0.6054
vn 0.6251 0.0271 -0.7801
vn -0.7877 0.1340 -0.6014
vn 0.6281 0.0475 -0.7767
vn -0.7770 0.1659 -0.6073
vn 0.6314 0.0653 -0.7727
vn -0.7737 0.1775 -0.6082
vn 0.4829 -0.4757 -0.7352
vn -0.7667 0.1885 -0.6137
vn 0.6331 0.0724 -0.7707
vn -0.8024 0.0700 0.5927
vn 0.4309 -0.6388 0.6374
vn 0.5858 -0.0890 0.8055
vn -0.7976 0.0242 0.6027
vn 0.5945 -0.1189 0.7953
vn 0.5982 -0.1522 0.7867
vn -0.7849 0.0229 0.6192
vn 0.6129 -0.1667 0.7724
vn -0.7697 0.0253 0.6379
vn 0.6282 -0.1738 0.7584
vn -0.7531 0.0326 0.6570
vn 0.6427 -0.1717 0.7466
vn -0.7374 0.0445 0.6739
vn 0.6593 -0.1628 0.7340
vn -0.7139 0.0720 0.6965
vn 0.6720 -0.1314 0.7288
vn -0.6925 0.1255 0.7104
vn 0.6906 -0.0771 0.7191
vn -0.6762 0.1753 0.7156
vn 0.7127 -0.0303 0.7008
vn -0.6625 0.2023 0.7212
vn 0.7331 -0.0048 0.6801
vn -0.6506 0.2049 0.7312
vn 0.7513 0.0006 0.6600
vn -0.6391 0.1871 0.7460
vn 0.7665 -0.0075 0.6422
vn -0.6300 0.1527 0.7614
vn 0.7782 -0.0214 0.6276
vn -0.5998 0.1670 0.7825
vn 0.7751 0.0199 0.6315
vn -0.6827 -0.0134 0.7306
vn 0.8540 -0.1195 0.5063
vn -0.6022 -0.2127 0.7695
vn 0.7678 -0.2362 0.5956
vn -0.6114 -0.2255 0.7585
vn 0.7964 -0.1854 0.5757
vn 0.8126 -0.2093 0.5439
vn 0.8181 -0.2648 0.5105
vn 0.8230 -0.3213 0.4685
vn -0.6061 -0.3281 0.7246
vn 0.8300 -0.3731 0.4145
vn -0.6004 -0.4272 0.6761
vn 0.8392 -0.4169 0.3493
vn -0.5913 -0.5236 0.6133
vn 0.8526 -0.4502 0.2653
vn -0.5789 -0.6143 0.5362
vn -0.5569 -0.7805 0.2840
vn 0.8741 -0.4579 0.1620
vn -0.5475 -0.8315 0.0944
vn 0.8713 -0.4872 0.0590
vn -0.5629 -0.8203 -0.1013
vn 0.8563 -0.5158 -0.0257
vn -0.5889 -0.7582 -0.2798
vn 0.8314 -0.5448 -0.1092
vn -0.5968 -0.6773 -0.4302
vn 0.8310 -0.5236 -0.1877
vn -0.5798 -0.5889 -0.5630
vn 0.8374 -0.4824 -0.2571
vn -0.5588 -0.4946 -0.6656
vn 0.8445 -0.4345 -0.3131
vn -0.5377 -0.4027 -0.7408
vn 0.8547 -0.3823 -0.3512
vn -0.5173 -0.2973 -0.8025
vn 0.8687 -0.3212 -0.3770
vn -0.4956 -0.1922 -0.8470
vn 0.8704 -0.2728 -0.4099
vn 0.8683 -0.2445 -0.4315
vn 0.8622 -0.2300 -0.4513
vn -0.4877 -0.1166 -0.8652
vn 0.8526 -0.2345 -0.4670
vn -0.4859 -0.0708 -0.8711
vn 0.8424 -0.2505 -0.4770
vn -0.4896 -0.0560 -0.8702
vn 0.8379 -0.2566 -0.4818
vn -0.5015 -0.0580 -0.8632
vn 0.8309 -0.2506 -0.4968
vn -0.5168 -0.0439 -0.8550
vn 0.8235 -0.2462 -0.5111
vn -0.5241 -0.0196 -0.8515
vn 0.8156 -0.2438 -0.5247
vn -0.5324 -0.0033 -0.8465
vn 0.8074 -0.2440 -0.5372
vn -0.5422 0.0048 -0.8402
vn 0.7987 -0.2478 -0.5484
vn -0.5531 0.0052 -0.8331
vn 0.7897 -0.2542 -0.5583
vn -0.5643 -0.0014 -0.8256
vn 0.7818 -0.2584 -0.5675
vn -0.5773 -0.0134 -0.8164
vn 0.7747 -0.2563 -0.5780
vn -0.5920 -0.0242 -0.8056
vn 0.7675 -0.2498 -0.5904
vn -0.6057 -0.0304 -0.7951
vn 0.7624 -0.2360 -0.6026
vn -0.6186 -0.0356 -0.7849
vn 0.7591 -0.2057 -0.6176
vn -0.6328 -0.0343 -0.7736
vn 0.7619 -0.1498 -0.6302
vn -0.6457 -0.0202 -0.7634
vn 0.7538 -0.1099 -0.6478
vn -0.6604 0.0195 -0.7507
vn -0.6341 -0.1115 0.7652
vn 0.7945 -0.1430 0.5902
vn 0.8014 -0.1974 0.5646
vn -0.6162 -0.0025 0.7875
vn 0.7934 -0.1069 0.5993
vn -0.6116 0.0514 0.7895
vn 0.7960 -0.0719 0.6010
vn -0.6090 0.1000 0.7868
vn 0.7934 -0.0430 0.6071
vn -0.6058 0.1389 0.7834
vn 0.7891 -0.0319 0.6135
vn -0.6014 0.1512 0.7845
vn 0.7832 -0.0436 0.6202
vn -0.6008 0.1326 0.7883
vn 0.7751 -0.0781 0.6270
vn -0.6023 0.0844 0.7938
vn 0.7691 -0.1291 0.6260
vn -0.6078 0.0171 0.7939
vn 0.7715 -0.1645 0.6146
vn -0.6206 -0.0274 0.7836
vn 0.7694 -0.1763 0.6140
vn -0.6257 -0.0476 0.7786
vn 0.7671 -0.1841 0.6145
vn -0.6342 -0.0728 0.7697
vn 0.5876 -0.7035 0.3999
vn 0.7675 -0.1864 0.6134
vn -0.5225 -0.5278 -0.6697
vn -0.7043 -0.5372 0.4642
vn 0.5945 -0.1188 0.7953
vn 0.5857 -0.0890 0.8056
vn 0.5982 -0.1522 0.7868
vn -0.5225 -0.5278 -0.6696
vn -0.8023 0.0699 0.5928
vn -0.8118 0.0477 0.5819
vn -0.7976 0.0241 0.6027
vn -0.7848 0.0229 0.6193
vn -0.7696 0.0253 0.6380
vn -0.7531 0.0325 0.6571
vn -0.7374 0.0445 0.6740
vn -0.7138 0.0720 0.6966
vn -0.6925 0.1256 0.7104
vn -0.6761 0.1753 0.7156
vn -0.6625 0.2023 0.7213
vn -0.6506 0.2049 0.7313
vn -0.6390 0.1871 0.7461
vn -0.6299 0.1526 0.7615
vn -0.5997 0.1671 0.7826
vn -0.6826 -0.0134 0.7306
vn -0.6021 -0.2128 0.7696
vn -0.6124 -0.1626 0.7736
vn -0.6113 -0.2256 0.7586
vn -0.6060 -0.3281 0.7247
vn -0.6003 -0.4272 0.6761
vn -0.5912 -0.5237 0.6134
vn -0.5788 -0.6144 0.5362
vn -0.5725 -0.7001 0.4268
vn -0.5569 -0.7806 0.2839
vn -0.5474 -0.8315 0.0943
vn -0.5968 -0.6773 -0.4303
vn -0.5588 -0.4946 -0.6657
vn -0.5376 -0.4027 -0.7409
vn -0.5172 -0.2973 -0.8026
vn -0.4955 -0.1922 -0.8471
vn -0.4877 -0.1165 -0.8652
vn -0.4859 -0.0708 -0.8712
vn -0.4895 -0.0560 -0.8702
vn -0.5167 -0.0439 -0.8550
vn -0.5240 -0.0196 -0.8515
vn -0.5323 -0.0033 -0.8465
vn -0.5421 0.0047 -0.8403
vn -0.5530 0.0052 -0.8332
vn -0.5643 -0.0015 -0.8256
vn -0.5772 -0.0135 -0.8165
vn -0.5920 -0.0243 -0.8056
vn -0.6056 -0.0305 -0.7952
vn -0.6327 -0.0343 -0.7736
vn -0.6456 -0.0203 -0.7634
vn -0.6603 0.0195 -0.7507
vn -0.6467 0.0433 -0.7615
vn -0.6616 -0.5127 0.5472
vn 0.5639 -0.6525 -0.5061
vn 0.4840 -0.5856 0.6503
vn 0.7538 -0.1100 -0.6478
vn 0.7623 -0.2360 -0.6026
vn 0.7674 -0.2498 -0.5904
vn 0.7746 -0.2563 -0.5781
vn 0.7818 -0.2583 -0.5675
vn 0.7897 -0.2541 -0.5584
vn 0.7986 -0.2478 -0.5484
vn 0.8073 -0.2440 -0.5373
vn 0.8156 -0.2438 -0.5248
vn 0.8235 -0.2462 -0.5112
vn 0.8308 -0.2507 -0.4969
vn 0.8379 -0.2566 -0.4819
vn 0.8424 -0.2505 -0.4771
vn 0.8525 -0.2346 -0.4671
vn 0.8622 -0.2299 -0.4514
vn 0.8683 -0.2445 -0.4316
vn 0.8687 -0.3213 -0.3771
vn 0.8546 -0.3824 -0.3513
vn 0.8444 -0.4346 -0.3132
vn 0.8373 -0.4825 -0.2572
vn 0.8310 -0.5237 -0.1877
vn 0.8563 -0.5159 -0.0257
vn 0.8712 -0.4873 0.0590
vn 0.8525 -0.4503 0.2654
vn 0.8391 -0.4170 0.3494
vn 0.8300 -0.3731 0.4146
vn 0.8229 -0.3213 0.4686
vn 0.8180 -0.2648 0.5106
vn 0.8126 -0.2093 0.5440
vn 0.7963 -0.1855 0.5757
vn 0.6073 0.1608 -0.7780
vn 0.6346 0.1960 -0.7475
vn 0.8540 -0.1196 0.5064
vn 0.7751 0.0198 0.6316
vn 0.7782 -0.0214 0.6277
vn 0.7664 -0.0075 0.6423
vn 0.7512 0.0006 0.6600
vn 0.7331 -0.0047 0.6801
vn 0.7126 -0.0303 0.7009
vn 0.6905 -0.0771 0.7192
vn 0.6719 -0.1314 0.7289
vn 0.6592 -0.1628 0.7341
vn 0.6426 -0.1717 0.7467
vn 0.6128 -0.1666 0.7725
vn 0.6073 0.1386 -0.7823
vn 0.6754 0.3206 0.6641
vn 0.5413 0.7394 -0.4004
vn -0.4788 0.3475 0.8062
vn -0.6340 -0.1115 0.7652
vn -0.6162 -0.0026 0.7876
vn -0.6115 0.0514 0.7896
vn -0.6090 0.1000 0.7869
vn -0.6057 0.1389 0.7835
vn -0.6013 0.1511 0.7846
vn -0.6007 0.1326 0.7884
vn -0.6077 0.0171 0.7939
vn -0.6206 -0.0273 0.7837
vn -0.7710 0.1852 -0.6093
vn -0.6257 -0.0477 0.7786
vn -0.6610 -0.4447 -0.6044
vn -0.6611 -0.4446 -0.6044
vn -0.5623 -0.6423 0.5208
vn 0.6333 0.0744 -0.7703
vn 0.7693 -0.1763 0.6141
vn 0.7714 -0.1645 0.6147
vn 0.7690 -0.1291 0.6260
vn 0.7751 -0.0782 0.6270
vn 0.7832 -0.0437 0.6202
vn 0.7890 -0.0319 0.6136
vn 0.7934 -0.0430 0.6072
vn 0.7959 -0.0719 0.6011
vn 0.7944 -0.1430 0.5903
vn -0.7846 0.1962 -0.5882
vn -0.6124 -0.1625 0.7736
vn -0.5938 0.7591 -0.2667
vn 0.8014 -0.1975 0.5646
vn 0.1735 -0.1868 0.9669
vn 0.1859 -0.1735 0.9671
vn 0.1741 -0.1716 0.9697
vn -0.2391 -0.0680 0.9686
vn -0.2090 -0.1457 0.9670
vn 0.1847 -0.1867 0.9649
vn -0.1438 0.1353 0.9803
vn 0.0862 0.2163 0.9725
vn -0.0767 0.8111 0.5799
vn 0.1737 0.1746 0.9692
vn 0.1030 0.8116 0.5751
vn -0.5658 0.5782 0.5879
vn -0.6878 0.7184 -0.1039
vn -0.5658 0.5783 0.5878
vn -0.2090 0.9679 -0.1394
vn -0.9492 0.2619 -0.1742
vn -0.8351 0.1289 0.5348
vn -0.9681 0.1025 -0.2285
vn -0.8541 -0.0279 0.5193
vn -0.8541 -0.0279 0.5194
vn -0.9720 0.1443 -0.1857
vn -0.8542 -0.0185 0.5195
vn -0.8542 -0.0185 0.5196
vn 0.1869 -0.1596 0.9693
vn -0.2091 -0.1315 0.9690
vn 0.1875 -0.1470 0.9712
vn -0.8542 -0.0093 0.5199
vn -0.2089 -0.1176 0.9708
vn 0.1876 -0.1339 0.9731
vn -0.8540 -0.0006 0.5203
vn -0.9882 0.0505 0.1446
vn -0.8542 -0.0093 0.5198
vn -0.9881 0.0542 0.1442
vn -0.8540 -0.0005 0.5202
vn -0.9879 0.0586 0.1434
vn -0.8539 0.0090 0.5203
vn -0.2085 -0.1041 0.9725
vn -0.2079 -0.0895 0.9740
vn -0.8534 0.0184 0.5209
vn -0.2071 -0.0752 0.9754
vn -0.8540 0.0090 0.5203
vn -0.9878 0.0633 0.1425
vn 0.1889 -0.1075 0.9761
vn 0.1885 -0.1205 0.9747
vn 0.1770 -0.1200 0.9769
vn 0.1778 -0.1059 0.9784
vn 0.1897 -0.0955 0.9772
vn -0.2061 -0.0629 0.9765
vn 0.1796 -0.0948 0.9792
vn 0.1802 -0.0843 0.9800
vn 0.1903 -0.0844 0.9781
vn -0.2052 -0.0507 0.9774
vn -0.8524 0.0344 0.5217
vn -0.8529 0.0264 0.5215
vn -0.9876 0.0671 0.1419
vn -0.8529 0.0264 0.5214
vn -0.9753 0.0533 -0.2144
vn -0.8525 0.0344 0.5217
vn -0.9666 0.0947 -0.2383
vn -0.8517 0.0422 0.5223
vn -0.8517 0.0422 0.5224
vn -0.2038 -0.0388 0.9782
vn -0.8692 -0.1378 0.4749
vn -0.2556 -0.1241 0.9588
vn -0.9648 -0.0732 -0.2528
vn -0.8692 -0.1378 0.4748
vn 0.1904 -0.0727 0.9790
vn 0.1907 -0.0617 0.9797
vn -0.1830 -0.3856 0.9043
vn 0.0616 -0.5021 0.8626
vn -0.6556 -0.6714 0.3456
vn -0.1544 -0.9627 0.2223
vn -0.7426 -0.5600 -0.3674
vn -0.6556 -0.6714 0.3455
vn -0.2706 -0.8248 -0.4965
vn -0.1544 -0.9627 0.2222
vn 0.0386 -0.9779 0.2054
vn 0.1608 -0.4674 0.8693
vn 0.0386 -0.9779 0.2053
vn -0.0991 -0.8340 -0.5428
vn -0.0991 -0.8340 -0.5429
vn -0.2561 -0.3134 -0.9144
vn -0.1727 -0.2853 -0.9428
vn -0.4801 -0.2137 -0.8508
vn -0.1894 0.0621 -0.9799
vn -0.1794 0.0611 -0.9819
vn -0.5665 0.0114 -0.8240
vn -0.9647 -0.0732 -0.2528
vn -0.5390 0.0940 -0.8370
vn -0.1894 0.0735 -0.9791
vn -0.9666 0.0947 -0.2384
vn -0.5470 -0.0249 -0.8367
vn -0.1885 -0.0507 -0.9808
vn -0.5280 -0.1106 -0.8420
vn -0.1857 -0.1472 -0.9715
vn -0.9667 -0.0014 -0.2558
vn -0.5378 -0.0005 -0.8430
vn -0.1872 -0.0318 -0.9818
vn -0.9657 0.0334 -0.2575
vn -0.9667 -0.0013 -0.2558
vn -0.9667 -0.0013 -0.2557
vn -0.9673 0.0958 -0.2347
vn -0.9879 0.0587 0.1434
vn -0.9603 0.1598 -0.2288
vn -0.5321 0.2657 -0.8039
vn -0.9673 0.0959 -0.2347
vn -0.1858 0.1213 -0.9751
vn -0.5432 0.1321 -0.8291
vn -0.1799 0.2764 -0.9441
vn -0.5206 0.3749 -0.7671
vn -0.1723 0.3933 -0.9031
vn -0.9580 0.1952 -0.2101
vn -0.5452 0.2890 -0.7869
vn -0.1789 0.2992 -0.9373
vn -0.9580 0.1952 -0.2102
vn -0.9719 0.1443 -0.1858
vn -0.9580 0.1951 -0.2101
vn -0.9681 0.1026 -0.2285
vn -0.5386 0.1729 -0.8246
vn -0.1850 0.1731 -0.9674
vn -0.5647 0.2646 -0.7817
vn -0.1837 0.1871 -0.9650
vn -0.4667 0.4827 -0.7410
vn -0.2408 0.5797 -0.7785
vn -0.1727 0.1876 -0.9669
vn -0.1467 0.5504 -0.8219
vn -0.0332 0.9823 -0.1846
vn -0.1643 0.1871 -0.9685
vn -0.1393 0.5508 -0.8229
vn -0.0310 0.9824 -0.1842
vn 0.0984 0.8119 0.5754
vn -0.0332 0.9823 -0.1845
vn -0.1237 0.5502 -0.8258
vn -0.0269 0.9820 -0.1867
vn 0.0880 0.8134 0.5750
vn -0.0310 0.9824 -0.1841
vn 0.1476 0.1766 0.9732
vn 0.0880 0.8134 0.5751
vn 0.1654 0.1754 0.9705
vn 0.1475 -0.1865 0.9713
vn 0.1654 -0.1865 0.9684
vn 0.1943 -0.5012 0.8432
vn 0.3637 -0.3709 0.8545
vn 0.6832 -0.7075 0.1807
vn 0.9366 -0.2763 0.2152
vn 0.4839 -0.2176 0.8476
vn 0.1762 -0.1589 0.9714
vn 0.5336 -0.5554 -0.6378
vn 0.2248 -0.9599 0.1673
vn 0.8422 -0.1137 -0.5270
vn 0.9367 -0.2763 0.2152
vn 0.0957 -0.7864 -0.6103
vn 0.0201 -0.9834 0.1802
vn 0.0202 -0.9834 0.1803
vn 0.2248 -0.9599 0.1674
vn -0.0632 -0.8130 -0.5789
vn 0.0142 -0.9826 0.1853
vn 0.0993 -0.5435 0.8335
vn 0.1161 -0.1871 0.9755
vn 0.0834 -0.5414 0.8366
vn 0.0996 -0.1873 0.9772
vn 0.0977 -0.5393 0.8364
vn 0.1187 -0.1877 0.9750
vn 0.0131 -0.9816 0.1903
vn 0.1025 -0.5437 0.8330
vn 0.1251 -0.1889 0.9740
vn 0.0104 -0.9831 0.1827
vn 0.0104 -0.9831 0.1826
vn -0.0788 -0.8148 -0.5743
vn -0.0878 -0.8110 -0.5785
vn -0.0735 -0.8102 -0.5815
vn 0.0043 -0.9832 0.1825
vn 0.0043 -0.9832 0.1826
vn 0.0793 -0.5436 0.8356
vn -0.1998 -0.9524 0.2304
vn -0.0111 -0.4944 0.8692
vn -0.2472 -0.7826 -0.5713
vn 0.0986 -0.1890 0.9770
vn 0.0701 -0.1900 0.9793
vn 0.0545 -0.1895 0.9804
vn -0.1581 -0.3472 0.9244
vn -0.6468 -0.6614 0.3797
vn 0.0497 -0.1748 0.9834
vn 0.0494 -0.1624 0.9855
vn -0.2706 -0.1901 0.9437
vn -0.8599 -0.1925 0.4729
vn -0.6469 -0.6614 0.3796
vn -0.9620 -0.0279 -0.2716
vn -0.8599 -0.1925 0.4728
vn -0.7044 -0.5219 -0.4811
vn -0.4137 0.2415 -0.8778
vn -0.2627 -0.0258 -0.9645
vn -0.7044 -0.5220 -0.4811
vn -0.1356 -0.1387 -0.9810
vn -0.0550 0.1896 -0.9803
vn -0.0504 0.1765 -0.9830
vn -0.2627 -0.0257 -0.9645
vn -0.0504 0.1764 -0.9830
vn -0.0985 0.1890 -0.9770
vn -0.0702 0.1899 -0.9793
vn -0.1054 -0.1860 -0.9769
vn -0.1248 0.1889 -0.9740
vn -0.1310 -0.1866 -0.9737
vn -0.1175 0.1878 -0.9752
vn -0.0879 -0.8109 -0.5785
vn -0.1212 -0.1886 -0.9745
vn -0.0985 0.1874 -0.9773
vn -0.1005 -0.1885 -0.9769
vn -0.0788 -0.8148 -0.5744
vn -0.0632 -0.8129 -0.5789
vn -0.1156 0.1873 -0.9755
vn -0.1172 -0.1883 -0.9751
vn -0.0712 -0.8111 -0.5806
vn -0.1468 0.1868 -0.9714
vn -0.0928 -0.1463 -0.9849
vn 0.0336 -0.0445 -0.9984
vn -0.1723 0.1735 -0.9697
vn 0.0336 -0.0444 -0.9985
vn 0.1947 0.2061 -0.9590
vn -0.1723 0.1734 -0.9697
vn 0.0336 -0.0444 -0.9984
vn 0.1947 0.2062 -0.9590
vn 0.2288 0.3526 -0.9074
vn 0.8249 0.2037 -0.5273
vn 0.9524 0.0725 0.2962
vn 0.8016 0.0753 -0.5932
vn 0.7511 0.5977 -0.2802
vn 0.4798 0.2316 -0.8463
vn 0.7512 0.5977 -0.2801
vn 0.9523 0.0726 0.2963
vn 0.7226 0.5155 0.4606
vn 0.7245 0.1267 -0.6775
vn 0.8249 0.2036 -0.5273
vn 0.8016 0.0753 -0.5931
vn 0.6088 0.0047 -0.7933
vn 0.8016 0.0752 -0.5931
vn 0.2218 0.2318 -0.9471
vn 0.9154 -0.0307 -0.4014
vn 0.8466 0.0746 -0.5270
vn 0.9168 -0.0245 -0.3987
vn 0.5795 0.0459 -0.8137
vn 0.9173 -0.0189 -0.3978
vn 0.6198 0.0790 -0.7808
vn 0.8333 -0.0812 -0.5469
vn 0.8503 -0.0059 -0.5263
vn 0.1510 0.0968 -0.9838
vn 0.6197 0.0790 -0.7808
vn -0.0284 -0.2102 -0.9772
vn 0.1509 0.0968 -0.9838
vn -0.0877 0.1157 -0.9894
vn 0.0020 0.4620 -0.8869
vn -0.1213 0.1200 -0.9853
vn -0.1202 -0.2416 -0.9629
vn -0.0714 -0.8235 -0.5628
vn 0.1196 -0.8067 -0.5788
vn 0.4449 -0.0977 -0.8902
vn 0.2290 -0.9571 0.1774
vn 0.6501 -0.5684 -0.5043
vn 0.1196 -0.8067 -0.5787
vn 0.0234 -0.9807 0.1939
vn -0.0714 -0.8235 -0.5627
vn 0.9365 -0.2705 0.2231
vn 0.6854 -0.7033 0.1888
vn 0.7702 -0.0751 -0.6333
vn 0.4450 -0.0977 -0.8902
vn 0.1839 -0.0187 -0.9828
vn 0.7746 -0.1761 -0.6074
vn 0.8714 0.1045 -0.4794
vn 0.9365 -0.2705 0.2230
vn 0.8714 0.1045 -0.4793
vn 0.2175 -0.1472 -0.9649
vn 0.7098 -0.0882 -0.6989
vn 0.2074 -0.0418 -0.9774
vn 0.7097 -0.0882 -0.6989
vn 0.7098 -0.0881 -0.6989
vn 0.7703 -0.0751 -0.6333
vn 0.8502 -0.0059 -0.5264
vn 0.2226 0.0928 -0.9705
vn -0.1778 0.0722 -0.9814
vn 0.1840 -0.0186 -0.9828
vn 0.0602 0.2735 -0.9600
vn -0.1778 0.0725 -0.9814
vn -0.0719 0.4227 -0.9034
vn -0.1717 0.0612 -0.9832
vn 0.0602 0.2734 -0.9600
vn 0.6369 0.6564 -0.4044
vn 0.7118 0.5295 0.4615
vn 0.1648 0.9533 -0.2532
vn 0.9494 0.0828 0.3030
vn -0.1110 0.4730 -0.8740
vn 0.0707 0.8335 0.5480
vn 0.2680 0.8001 0.5366
vn 0.1225 0.2761 0.9533
vn 0.2680 0.8001 0.5367
vn 0.2112 0.2289 0.9503
vn 0.7118 0.5295 0.4616
vn 0.3524 0.1002 0.9305
vn 0.1284 -0.0603 0.9899
vn 0.1571 -0.0599 0.9858
vn 0.1730 -0.0609 0.9830
vn 0.1077 -0.0604 0.9924
vn 0.1038 0.2756 0.9556
vn 0.0707 0.8334 0.5481
vn 0.1216 -0.0621 0.9906
vn 0.1202 0.2733 0.9544
vn 0.0618 0.8322 0.5510
vn 0.0618 0.8322 0.5509
vn -0.0168 0.9794 -0.2012
vn -0.0190 0.9780 -0.2077
vn -0.0256 0.9773 -0.2103
vn -0.0190 0.9780 -0.2078
vn -0.1031 0.4786 -0.8720
vn -0.0920 0.4746 -0.8754
vn -0.0257 0.9773 -0.2103
vn -0.1067 0.0609 -0.9924
vn -0.1275 0.0608 -0.9900
vn -0.1206 0.0626 -0.9907
vn -0.1353 0.0634 -0.9888
vn -0.1137 0.4752 -0.8725
vn -0.0166 0.9779 -0.2084
vn -0.1155 0.0637 -0.9913
vn -0.0949 0.4742 -0.8753
vn -0.0113 0.9773 -0.2117
vn 0.0743 0.8322 0.5495
vn 0.0854 0.8315 0.5490
vn 0.0754 0.8294 0.5535
vn -0.1351 0.4355 -0.8900
vn -0.2035 0.9594 -0.1952
vn -0.1172 0.8052 0.5814
vn 0.0742 0.8322 0.5495
vn 0.0326 0.2304 0.9726
vn -0.1172 0.8051 0.5814
vn 0.0854 0.8314 0.5491
vn 0.1143 0.2730 0.9552
vn 0.0886 -0.0659 0.9939
vn 0.1160 -0.0631 0.9912
vn 0.1344 0.2732 0.9525
vn 0.1360 -0.0629 0.9887
vn 0.0992 -0.4702 0.8770
vn 0.1161 -0.4689 0.8756
vn 0.1046 -0.4658 0.8787
vn 0.0952 -0.4678 0.8787
vn 0.0176 -0.9782 0.2071
vn 0.0190 -0.9770 0.2125
vn 0.0204 -0.9783 0.2063
vn -0.0723 -0.8361 -0.5438
vn 0.0176 -0.9782 0.2070
vn -0.0847 -0.8337 -0.5456
vn 0.0126 -0.9788 0.2044
vn 0.0126 -0.9788 0.2045
vn -0.0620 -0.8321 -0.5512
vn 0.0066 -0.9786 0.2056
vn 0.0066 -0.9786 0.2057
vn 0.0751 -0.4711 0.8789
vn 0.0620 -0.4696 0.8807
vn 0.0735 -0.0662 0.9951
vn 0.0033 -0.9780 0.2088
vn 0.0559 -0.4691 0.8814
vn 0.0669 -0.0667 0.9955
vn 0.0018 -0.9778 0.2096
vn 0.0032 -0.9780 0.2088
vn -0.0503 -0.8324 -0.5519
vn 0.0017 -0.9778 0.2095
vn -0.0539 -0.8328 -0.5509
vn 0.1172 -0.8299 -0.5455
vn 0.1785 -0.9684 0.1739
vn 0.1785 -0.9684 0.1740
vn 0.6656 -0.7302 0.1542
vn 0.6656 -0.7302 0.1543
vn 0.1525 -0.5115 0.8456
vn 0.0578 -0.0672 0.9961
vn 0.3821 -0.4244 0.8209
vn 0.4802 -0.1995 0.8542
vn 0.0550 -0.0779 0.9954
vn 0.4436 -0.1044 0.8901
vn 0.9374 -0.2690 0.2210
vn 0.8460 -0.1922 -0.4974
vn 0.9580 -0.0992 0.2690
vn 0.5783 -0.6150 -0.5360
vn 0.8699 -0.0321 -0.4921
vn 0.9584 -0.1002 0.2673
vn 0.4434 -0.1135 0.8891
vn 0.8803 -0.0701 -0.4692
vn 0.9587 -0.1012 0.2658
vn 0.9584 -0.1002 0.2674
vn 0.4428 -0.1228 0.8882
vn 0.0525 -0.0894 0.9946
vn 0.0500 -0.1005 0.9937
vn 0.0486 -0.1123 0.9925
vn 0.9587 -0.1012 0.2659
vn 0.4422 -0.1322 0.8871
vn 0.0461 -0.1253 0.9910
vn 0.4415 -0.1429 0.8858
vn 0.9589 -0.1024 0.2646
vn 0.9878 -0.0574 -0.1448
vn 0.9593 -0.1035 0.2629
vn 0.9877 -0.0611 -0.1442
vn 0.4402 -0.1540 0.8846
vn 0.9592 -0.1035 0.2630
vn 0.9593 -0.1048 0.2622
vn 0.9593 -0.1047 0.2621
vn 0.9879 -0.0528 -0.1455
vn 0.9880 -0.0484 -0.1464
vn 0.8695 0.0687 -0.4891
vn 0.8584 -0.0669 -0.5086
vn 0.8703 -0.0006 -0.4926
vn 0.3266 0.2313 -0.9164
vn 0.8695 0.0687 -0.4892
vn 0.3110 -0.0345 -0.9498
vn 0.8703 -0.0006 -0.4925
vn 0.8583 -0.0669 -0.5087
vn -0.0471 0.1260 -0.9909
vn 0.3253 0.0967 -0.9406
vn -0.0414 0.2796 -0.9592
vn 0.8695 0.0688 -0.4892
vn 0.3288 0.3409 -0.8807
vn 0.8744 0.1091 -0.4729
vn -0.0359 0.3952 -0.9179
vn -0.4309 0.3933 -0.8121
vn -0.4392 0.2760 -0.8549
vn -0.4527 0.1412 -0.8804
vn -0.8703 0.2132 -0.4440
vn -0.9582 0.0995 -0.2681
vn -0.9484 0.1731 -0.2657
vn -0.9896 0.0723 -0.1244
vn -0.9888 0.0862 -0.1214
vn -0.9537 0.0287 -0.2995
vn -0.9874 0.0994 -0.1229
vn -0.9582 0.0995 -0.2682
vn -0.4461 0.0066 -0.8950
vn -0.9537 0.0288 -0.2995
vn -0.8775 0.0185 -0.4792
vn -0.8775 0.0184 -0.4792
vn -0.4594 -0.0929 -0.8834
vn -0.0545 -0.1409 -0.9885
vn -0.0516 -0.0261 -0.9983
vn -0.9239 -0.0647 -0.3772
vn -0.4233 0.0319 -0.9054
vn -0.9476 0.2336 -0.2181
vn -0.0555 -0.0450 -0.9974
vn -0.9160 0.0356 -0.3996
vn -0.4594 -0.0929 -0.8833
vn -0.8026 -0.5040 -0.3192
vn -0.6569 -0.0194 -0.7537
vn -0.8632 -0.1540 0.4808
vn -0.6564 -0.6446 0.3920
vn -0.9476 0.2336 -0.2180
vn -0.8184 0.1969 0.5399
vn -0.7927 0.1741 -0.5842
vn -0.8776 0.0185 -0.4791
vn -0.3804 0.1384 -0.9144
vn -0.7926 0.1741 -0.5843
vn -0.6568 -0.0193 -0.7538
vn -0.3803 0.1383 -0.9144
vn -0.2087 -0.1915 -0.9590
vn -0.1425 0.1284 -0.9814
vn -0.6569 -0.0194 -0.7538
vn -0.2708 -0.7982 -0.5381
vn -0.1064 0.1227 -0.9867
vn -0.1105 -0.2388 -0.9648
vn -0.0743 -0.8225 -0.5639
vn 0.0085 -0.9806 0.1957
vn -0.2708 -0.7983 -0.5380
vn -0.1978 -0.9501 0.2414
vn -0.1978 -0.9500 0.2415
vn 0.0887 -0.5035 0.8594
vn 0.0084 -0.9806 0.1958
vn -0.0047 -0.4515 0.8923
vn 0.1066 -0.1224 0.9867
vn 0.0783 -0.1244 0.9891
vn 0.0628 -0.1245 0.9902
vn 0.0589 -0.1108 0.9921
vn 0.0561 -0.1252 0.9905
vn -0.2633 -0.1268 0.9564
vn -0.1551 -0.2899 0.9444
vn 0.0613 -0.0893 0.9941
vn -0.2490 -0.0046 0.9685
vn 0.0643 -0.0787 0.9948
vn -0.5404 0.5816 0.6080
vn -0.6691 0.7151 -0.2023
vn -0.5405 0.5817 0.6079
vn -0.1165 0.1238 0.9854
vn -0.2902 0.3149 -0.9037
vn -0.6691 0.7151 -0.2024
vn -0.2903 0.3148 -0.9037
vn -0.4233 0.0320 -0.9054
vn -0.0651 0.0779 -0.9948
vn -0.0736 0.0666 -0.9951
vn -0.2902 0.3148 -0.9037
vn -0.0884 0.0664 -0.9939
vn -0.0918 -0.2810 -0.9553
vn -0.0778 -0.2811 -0.9565
vn -0.1170 -0.2832 -0.9519
vn -0.0761 -0.8323 -0.5490
vn -0.0539 -0.8327 -0.5510
vn -0.0713 -0.2802 -0.9573
vn 0.1172 -0.8298 -0.5455
vn -0.0668 0.0667 -0.9955
vn 0.0183 -0.3144 -0.9491
vn -0.0576 0.0675 -0.9961
vn 0.2354 -0.2390 -0.9421
vn -0.0548 0.0790 -0.9954
vn 0.3347 -0.0426 -0.9414
vn 0.3141 0.0479 -0.9482
vn 0.3202 -0.0692 -0.9448
vn 0.8803 -0.0700 -0.4693
vn 0.8699 -0.0320 -0.4921
vn 0.8566 -0.1083 -0.5044
vn 0.2979 -0.1448 -0.9435
vn 0.8567 -0.1083 -0.5044
vn 0.8459 -0.1921 -0.4975
vn 0.5783 -0.6150 -0.5361
vn -0.1342 -0.2842 -0.9493
vn -0.0848 -0.8337 -0.5457
vn -0.1181 -0.2857 -0.9510
vn -0.0723 -0.8361 -0.5439
vn -0.1044 -0.2863 -0.9524
vn -0.1241 -0.2859 -0.9502
vn -0.0619 -0.8343 -0.5478
vn 0.0262 -0.9789 0.2029
vn -0.0724 -0.8333 -0.5480
vn -0.1506 -0.2867 -0.9461
vn -0.0870 -0.8340 -0.5449
vn 0.1400 -0.4687 0.8722
vn 0.0262 -0.9788 0.2029
vn 0.1146 -0.4692 0.8756
vn 0.0204 -0.9783 0.2064
vn 0.1541 -0.4679 0.8703
vn 0.0327 -0.9786 0.2030
vn 0.1804 -0.0609 0.9817
vn 0.0368 -0.9781 0.2050
vn -0.0950 -0.8344 -0.5429
vn -0.0870 -0.8339 -0.5450
vn -0.1656 -0.2861 -0.9438
vn -0.0950 -0.8343 -0.5430
vn -0.1560 0.0604 -0.9859
vn 0.1793 -0.0735 0.9810
vn 0.4800 -0.0388 0.8764
vn 0.4869 -0.1632 0.8581
vn 0.9494 0.0827 0.3031
vn 0.3752 -0.3198 0.8700
vn 0.6854 -0.7032 0.1889
vn 0.1695 -0.1200 0.9782
vn 0.2025 -0.4590 0.8651
vn 0.1523 -0.1193 0.9811
vn 0.2290 -0.9571 0.1775
vn 0.1068 -0.5027 0.8578
vn 0.1220 -0.1197 0.9853
vn 0.0234 -0.9807 0.1940
vn 0.0884 -0.5012 0.8608
vn 0.1022 -0.1200 0.9875
vn 0.0172 -0.9801 0.1980
vn -0.0618 -0.8247 -0.5621
vn 0.0172 -0.9801 0.1979
vn 0.0162 -0.9789 0.2038
vn 0.1016 -0.4998 0.8602
vn -0.0756 -0.8267 -0.5576
vn 0.0162 -0.9789 0.2037
vn -0.0756 -0.8266 -0.5576
vn -0.1014 -0.2416 -0.9651
vn -0.1199 -0.2407 -0.9632
vn -0.0618 -0.8247 -0.5622
vn -0.1013 0.1203 -0.9876
vn -0.0868 -0.8233 -0.5609
vn -0.1337 -0.2392 -0.9617
vn -0.1194 0.1221 -0.9853
vn -0.1317 0.1226 -0.9837
vn -0.0993 0.5166 -0.8504
vn -0.1079 0.5131 -0.8515
vn -0.0852 0.5133 -0.8540
vn -0.0135 0.9821 -0.1877
vn -0.0155 0.9810 -0.1936
vn 0.0871 0.8215 0.5635
vn -0.0135 0.9821 -0.1876
vn 0.0786 0.8187 0.5688
vn 0.0620 0.8216 0.5667
vn -0.0068 0.9802 -0.1979
vn -0.0130 0.9806 -0.1958
vn -0.0130 0.9805 -0.1959
vn -0.0849 0.5125 -0.8545
vn -0.0068 0.9802 -0.1980
vn -0.1949 0.4780 -0.8565
vn 0.0730 0.8219 0.5650
vn -0.2275 0.9604 -0.1606
vn -0.2275 0.9604 -0.1607
vn -0.6662 0.3028 -0.6815
vn -0.7941 0.0855 -0.6017
vn -0.7668 0.1321 -0.6282
vn -0.6663 0.3027 -0.6815
vn -0.9252 0.1650 -0.3416
vn -0.7942 0.0855 -0.6016
vn -0.7579 0.6504 -0.0501
vn -0.8281 0.1525 0.5395
vn -0.7579 0.6505 -0.0501
vn -0.5610 0.5496 0.6191
vn -0.1270 0.7917 0.5975
vn -0.4136 0.2416 -0.8778
vn -0.9175 0.2903 -0.2719
vn -0.9175 0.2903 -0.2718
vn -0.4310 0.3933 -0.8121
vn -0.8280 0.1525 0.5395
vn -0.2607 -0.0686 0.9630
vn -0.5610 0.5495 0.6191
vn -0.1313 0.0644 0.9892
vn 0.0512 -0.1508 0.9872
vn 0.0538 -0.1390 0.9888
vn 0.0216 0.1802 0.9834
vn 0.1081 0.2259 0.9681
vn 0.0730 0.8218 0.5650
vn 0.1336 0.2263 0.9648
vn 0.1323 -0.1223 0.9836
vn 0.1219 0.2266 0.9663
vn 0.1206 -0.1217 0.9852
vn 0.0785 0.8187 0.5688
vn 0.1010 0.2285 0.9683
vn 0.0621 0.8216 0.5667
vn 0.1190 0.2290 0.9661
vn 0.0701 0.8232 0.5635
vn -0.0154 0.9810 -0.1936
vn 0.0702 0.8232 0.5634
vn 0.1961 0.9537 -0.2282
vn 0.2740 0.7903 0.5481
vn 0.7225 0.5155 0.4607
vn 0.2110 0.1807 0.9606
vn 0.1761 -0.1347 0.9751
vn 0.4822 -0.0932 0.8711
vn 0.3581 0.0490 0.9324
vn 0.9523 0.0725 0.2963
vn 0.1769 -0.1469 0.9732
vn -0.1035 0.5113 -0.8532
vn -0.0223 0.9802 -0.1968
vn 0.1106 -0.5034 0.8570
vn 0.0144 -0.9804 0.1965
vn -0.0742 -0.8225 -0.5638
vn 0.0421 -0.1507 0.9877
vn 0.0441 -0.1382 0.9894
vn 0.4393 -0.1640 0.8832
vn 0.9594 -0.1060 0.2614
vn 0.0401 -0.1630 0.9858
vn 0.4383 -0.1742 0.8818
vn 0.9595 -0.1071 0.2604
vn 0.9594 -0.1060 0.2613
vn 0.9882 -0.0447 -0.1467
vn 0.9596 -0.1071 0.2604
vn 0.8907 0.0614 -0.4505
vn 0.9595 -0.1084 0.2599
vn 0.8733 0.0311 -0.4862
vn 0.4371 -0.1848 0.8803
vn 0.9595 -0.1084 0.2600
vn 0.4719 -0.1054 0.8753
vn 0.9570 0.0629 0.2831
vn 0.8802 0.1992 -0.4308
vn 0.0391 -0.1765 0.9835
vn 0.0377 -0.1899 0.9811
vn 0.3864 0.1162 0.9150
vn 0.1440 0.2113 0.9667
vn 0.7241 0.5488 0.4178
vn 0.2307 0.8067 0.5441
vn 0.6667 0.6866 -0.2899
vn 0.1929 0.9628 -0.1893
vn 0.0530 0.1712 0.9838
vn 0.0447 0.8088 0.5864
vn 0.0447 0.8088 0.5863
vn 0.0090 0.9829 -0.1842
vn 0.0090 0.9828 -0.1843
vn 0.0651 0.5762 -0.8147
vn -0.0322 0.5525 -0.8329
vn 0.1929 0.9628 -0.1894
vn 0.2921 0.4637 -0.8364
vn -0.0381 0.1898 -0.9811
vn -0.0476 0.1902 -0.9806
vn 0.3662 0.2332 -0.9009
vn 0.6667 0.6866 -0.2900
vn 0.3273 0.1454 -0.9337
vn -0.0391 0.1760 -0.9836
vn 0.8801 0.1992 -0.4309
vn 0.3461 0.2540 -0.9031
vn -0.0373 0.3015 -0.9527
vn 0.8733 0.0312 -0.4862
vn 0.8744 0.1092 -0.4728
vn 0.8906 0.0614 -0.4506
vn -0.0385 0.5531 -0.8322
vn 0.0073 0.9830 -0.1835
vn -0.0522 0.5531 -0.8315
vn 0.0038 0.9828 -0.1847
vn 0.0487 0.8091 0.5857
vn 0.0073 0.9830 -0.1834
vn 0.0574 0.8107 0.5827
vn 0.0731 0.8114 0.5800
vn -0.0029 0.9827 -0.1853
vn -0.0767 0.5528 -0.8298
vn 0.0877 0.8111 0.5784
vn -0.0091 0.9829 -0.1837
vn -0.0091 0.9829 -0.1838
vn -0.0994 0.5534 -0.8270
vn -0.0949 0.5559 -0.8258
vn -0.0104 0.9841 -0.1775
vn -0.0811 0.5535 -0.8289
vn -0.0125 0.9832 -0.1821
vn 0.0818 0.8085 0.5828
vn -0.0104 0.9841 -0.1774
vn 0.0654 0.8108 0.5817
vn 0.0711 0.8133 0.5775
vn -0.0191 0.9822 -0.1871
vn -0.0190 0.9822 -0.1870
vn -0.0965 0.5508 -0.8290
vn 0.0710 0.8133 0.5775
vn 0.1023 0.1757 0.9791
vn 0.1166 0.1762 0.9774
vn 0.1231 0.1746 0.9769
vn 0.1299 0.1740 0.9761
vn 0.1037 0.1739 0.9793
vn 0.0731 0.8113 0.5800
vn 0.0877 0.8110 0.5784
vn 0.0756 0.1729 0.9820
vn 0.0575 0.8106 0.5828
vn 0.0475 -0.1900 0.9806
vn 0.0602 0.1718 0.9833
vn 0.8744 0.1091 -0.4728
vn -0.9896 0.0723 -0.1245
vn -0.9874 0.0994 -0.1230
vn 0.0592 -0.0999 0.9932
vn 0.6197 0.0791 -0.7808
vn 0.7382 -0.6014 -0.3056
vn 0.8112 -0.0300 0.5839
vn 0.5999 -0.7457 0.2899
vn 0.9160 -0.0405 0.3991
vn -0.6938 -0.6792 -0.2396
vn -0.6930 -0.6949 -0.1918
vn -0.6921 -0.7035 -0.1614
vn -0.6886 -0.7113 -0.1409
vn -0.6896 -0.7134 -0.1243
vn -0.6908 -0.7150 -0.1073
vn -0.6893 -0.7176 -0.0997
vn -0.6957 -0.7122 -0.0930
vn -0.7030 -0.7073 -0.0749
vn -0.7126 -0.6997 -0.0506
vn -0.7219 -0.6918 -0.0185
vn -0.7339 -0.6784 0.0339
vn -0.7252 -0.6809 0.1024
vn -0.7059 -0.6955 0.1343
vn 0.8343 0.2705 -0.4805
vn 0.3863 -0.6501 0.6543
vn -0.9885 0.0519 -0.1421
vn 0.9068 0.3658 0.2095
vn 0.9432 0.3322 0.0100
vn -0.2124 -0.7443 0.6332
vn -0.5878 -0.5507 0.5926
vn -0.5877 -0.5507 0.5927
vn -0.7669 -0.6326 0.1082
vn 0.9931 -0.1102 0.0396
vn 0.2155 -0.7235 -0.6558
vn -0.0239 -0.7131 -0.7006
vn -0.3922 -0.5998 -0.6975
vn -0.7254 -0.6681 -0.1654
vn -0.7342 -0.6603 -0.1583
vn 0.9504 -0.2104 0.2291
vn -0.7455 -0.6488 -0.1523
vn -0.7561 -0.6408 -0.1325
vn -0.7505 -0.6452 -0.1433
vn -0.7556 -0.6437 -0.1215
vn -0.7606 -0.6400 -0.1090
vn -0.7577 -0.6443 -0.1034
vn -0.7529 -0.6529 -0.0831
vn -0.7370 -0.6735 -0.0576
vn -0.7252 -0.6868 -0.0495
vn -0.6384 -0.0882 -0.7646
vn -0.6641 0.0565 -0.7455
vn -0.6816 0.0552 -0.7297
vn -0.6882 0.0526 -0.7236
vn -0.6935 0.0377 -0.7195
vn -0.6774 0.0353 -0.7347
vn -0.6486 0.0650 -0.7584
vn -0.5972 0.0881 -0.7972
vn -0.2199 0.9755 -0.0064
vn -0.3144 -0.9474 -0.0599
vn 0.4705 -0.6350 0.6127
vn 0.4705 -0.6351 0.6127
vn 0.7806 0.0052 0.6251
vn 0.7932 -0.0157 0.6088
vn 0.8031 -0.0388 0.5946
vn 0.8009 -0.0613 0.5956
vn 0.8438 -0.0418 0.5351
vn 0.8071 -0.0107 0.5904
vn 0.7648 -0.6439 0.0216
vn 0.7492 -0.6623 0.0061
vn 0.7911 -0.6097 0.0483
vn 0.8178 -0.5710 0.0712
vn 0.8115 0.5719 0.1198
vn 0.8012 0.5778 0.1560
vn 0.7677 0.6126 0.1879
vn 0.8368 0.5326 0.1269
vn 0.7378 -0.6561 0.1588
vn 0.7587 -0.6361 0.1406
vn 0.8072 -0.5808 0.1054
vn 0.8143 0.5697 0.1110
vn 0.8225 0.5638 0.0753
vn 0.8225 0.5663 0.0530
vn 0.8188 0.5734 0.0279
vn 0.3970 0.5899 0.7032
vn 0.3969 0.5900 0.7032
vn 0.6928 -0.1591 0.7034
vn 0.7144 -0.2195 0.6645
vn -0.8118 0.0476 0.5819
vn -0.5795 0.1201 -0.8060
vn -0.8119 0.0476 0.5818
vn 0.5945 -0.1188 0.7952
vn 0.7936 -0.0475 -0.6066
vn 0.7618 -0.1498 -0.6303
vn -0.5818 -0.5517 -0.5976
vn 0.5639 -0.6526 -0.5061
vn -0.6467 0.0432 -0.7615
vn 0.7674 -0.1876 0.6131
vn 0.5875 -0.7035 0.3999
vn -0.6302 -0.0652 0.7737
vn -0.6302 -0.0651 0.7737
vn 0.5619 -0.1516 0.8132
vn 0.6974 0.2546 0.6699
vn -0.5791 -0.0113 0.8152
vn 0.6568 -0.5969 0.4607
vn -0.7785 -0.6119 -0.1396
vn 0.6099 -0.7887 0.0775
vn 0.2284 0.6896 0.6873
vn -0.1170 0.7073 0.6971
vn -0.7145 0.2248 0.6625
vn -0.6674 0.0305 0.7441
vn -0.5891 -0.0027 0.8080
vn -0.5751 0.0167 0.8179
vn -0.5913 0.0165 0.8063
vn -0.5936 0.0030 0.8047
vn -0.5851 -0.0068 0.8110
vn -0.9071 -0.3652 -0.2092
vn 0.6095 -0.7496 0.2579
vn 0.6230 -0.7795 0.0646
vn 0.6096 -0.7496 0.2579
vn 0.0087 0.7201 0.6939
vn -0.4524 0.6630 0.5964
vn -0.6619 0.7496 0.0064
vn -0.7605 -0.6401 -0.1090
vn -0.6844 0.7256 -0.0717
vn 0.6300 0.5429 -0.5554
vn -0.3587 0.5913 -0.7223
vn -0.5796 0.1201 -0.8060
vn -0.8119 0.0477 0.5819
vn -0.5725 -0.7000 0.4268
vn -0.6604 0.0194 -0.7507
vn -0.6616 -0.5126 0.5472
vn -0.5818 -0.5516 -0.5977
vn 0.4839 -0.5856 0.6503
vn 0.7618 -0.1499 -0.6302
vn 0.7678 -0.2363 0.5956
vn 0.6754 0.3205 0.6641
vn -0.9674 0.0958 -0.2346
vn -0.0269 0.9821 -0.1866
vn -0.0712 -0.8111 -0.5805
vn 0.4798 0.2317 -0.8463
vn -0.0113 0.9773 -0.2116
vn -0.0761 -0.8324 -0.5490
vn 0.9592 -0.1035 0.2629
vn -0.9239 -0.0646 -0.3771
vn -0.7579 0.6505 -0.0502
vn -0.6662 0.3027 -0.6815
vn -0.0224 0.9802 -0.1967
vn -0.9888 0.0863 -0.1215
vn 0.7483 -0.1314 -0.6502
vn 0.6929 -0.7174 0.0722
vt 0.355713 0.359641
vt 0.333950 0.339310
vt 0.355713 0.339310
vt 0.355713 0.318979
vt 0.333950 0.318979
vt 0.449266 0.951865
vt 0.431128 0.972169
vt 0.431128 0.951838
vt 0.450021 0.992408
vt 0.449590 0.972203
vt 0.411737 0.972169
vt 0.411737 0.951838
vt 0.411737 0.992500
vt 0.029263 0.953717
vt 0.007500 0.973108
vt 0.007500 0.953717
vt 0.029258 0.935214
vt 0.007510 0.935147
vt 0.029263 0.992499
vt 0.007503 0.990717
vt 0.029267 0.990878
vt 0.393915 0.992502
vt 0.392345 0.972169
vt 0.394019 0.972150
vt 0.355713 0.897694
vt 0.333950 0.877363
vt 0.355713 0.877363
vt 0.312187 0.897694
vt 0.312187 0.877363
vt 0.051027 0.990826
vt 0.290423 0.897694
vt 0.290423 0.877363
vt 0.072788 0.990833
vt 0.051027 0.992499
vt 0.072790 0.953717
vt 0.051027 0.973108
vt 0.051027 0.953717
vt 0.029263 0.973108
vt 0.072790 0.935215
vt 0.051026 0.935236
vt 0.312187 0.318979
vt 0.290423 0.339310
vt 0.290423 0.318979
vt 0.312187 0.339310
vt 0.333950 0.359641
vt 0.290423 0.359641
vt 0.312187 0.379972
vt 0.312187 0.359641
vt 0.333950 0.379972
vt 0.312187 0.400302
vt 0.290423 0.400302
vt 0.290423 0.379972
vt 0.333950 0.400302
vt 0.312187 0.420633
vt 0.333950 0.440964
vt 0.333950 0.420633
vt 0.312187 0.440964
vt 0.290423 0.420633
vt 0.333950 0.461295
vt 0.312187 0.461295
vt 0.290423 0.440964
vt 0.333950 0.481626
vt 0.312187 0.481626
vt 0.290423 0.461295
vt 0.333950 0.501957
vt 0.312187 0.501957
vt 0.290423 0.481626
vt 0.333950 0.522287
vt 0.312187 0.522287
vt 0.290423 0.501957
vt 0.333950 0.542618
vt 0.312177 0.541466
vt 0.334146 0.541624
vt 0.312187 0.542618
vt 0.290423 0.541470
vt 0.333950 0.598641
vt 0.312187 0.580135
vt 0.334192 0.579683
vt 0.312187 0.598641
vt 0.290423 0.580124
vt 0.333950 0.618032
vt 0.312187 0.618032
vt 0.290423 0.598641
vt 0.333950 0.637423
vt 0.312187 0.635748
vt 0.334037 0.636057
vt 0.312187 0.637423
vt 0.290424 0.635754
vt 0.312187 0.694386
vt 0.290424 0.675202
vt 0.312210 0.675178
vt 0.333950 0.694386
vt 0.334024 0.675047
vt 0.290423 0.694386
vt 0.268660 0.675206
vt 0.290423 0.637423
vt 0.268660 0.635751
vt 0.268660 0.637423
vt 0.246897 0.635752
vt 0.268660 0.694386
vt 0.246897 0.675206
vt 0.246897 0.694386
vt 0.225134 0.675204
vt 0.246897 0.637423
vt 0.225134 0.635758
vt 0.268660 0.618032
vt 0.246897 0.598641
vt 0.268660 0.598641
vt 0.246897 0.618032
vt 0.225133 0.598641
vt 0.225133 0.618032
vt 0.203370 0.598641
vt 0.225133 0.637423
vt 0.203370 0.635746
vt 0.203370 0.618032
vt 0.181607 0.598641
vt 0.203370 0.637423
vt 0.181607 0.635762
vt 0.203370 0.694386
vt 0.203370 0.675210
vt 0.181607 0.694386
vt 0.181607 0.675204
vt 0.159843 0.694386
vt 0.159843 0.675207
vt 0.159843 0.637423
vt 0.159843 0.635743
vt 0.138080 0.694386
vt 0.138080 0.675208
vt 0.138080 0.637423
vt 0.138080 0.635755
vt 0.159843 0.618032
vt 0.159843 0.598641
vt 0.138080 0.618032
vt 0.138080 0.598641
vt 0.116317 0.618032
vt 0.116317 0.598641
vt 0.116317 0.637423
vt 0.116316 0.635755
vt 0.094553 0.618032
vt 0.094553 0.598641
vt 0.094553 0.637423
vt 0.094553 0.635751
vt 0.116315 0.675203
vt 0.094553 0.694386
vt 0.094553 0.675209
vt 0.116317 0.694386
vt 0.072790 0.637423
vt 0.072791 0.635750
vt 0.072790 0.694386
vt 0.072789 0.675204
vt 0.094553 0.714717
vt 0.072790 0.714717
vt 0.116317 0.714717
vt 0.094553 0.735048
vt 0.072790 0.735048
vt 0.116317 0.735048
vt 0.094553 0.755378
vt 0.072790 0.755378
vt 0.116317 0.775709
vt 0.116317 0.755378
vt 0.094553 0.775709
vt 0.116317 0.796040
vt 0.094553 0.796040
vt 0.072790 0.775709
vt 0.116317 0.816371
vt 0.094553 0.816371
vt 0.072790 0.796040
vt 0.116317 0.836702
vt 0.094553 0.836702
vt 0.072790 0.816371
vt 0.116317 0.857033
vt 0.094553 0.857033
vt 0.072790 0.836702
vt 0.116317 0.877364
vt 0.094553 0.877363
vt 0.072790 0.857033
vt 0.116317 0.897694
vt 0.094553 0.897694
vt 0.072790 0.877363
vt 0.268660 0.992499
vt 0.246897 0.990830
vt 0.268661 0.990830
vt 0.290423 0.992499
vt 0.290423 0.990828
vt 0.290423 0.973108
vt 0.268660 0.953717
vt 0.290423 0.953717
vt 0.268660 0.973108
vt 0.246897 0.953717
vt 0.246897 0.973108
vt 0.225133 0.953717
vt 0.246897 0.992499
vt 0.225134 0.990826
vt 0.225133 0.973108
vt 0.203370 0.953717
vt 0.225133 0.992499
vt 0.203370 0.990824
vt 0.159843 0.897694
vt 0.138080 0.877363
vt 0.159843 0.877363
vt 0.138080 0.897694
vt 0.138080 0.857033
vt 0.159843 0.857033
vt 0.138080 0.836702
vt 0.159843 0.836702
vt 0.138080 0.816371
vt 0.159843 0.816371
vt 0.138080 0.796040
vt 0.159843 0.796040
vt 0.138080 0.775709
vt 0.159843 0.775709
vt 0.138080 0.755378
vt 0.159843 0.755378
vt 0.159843 0.735048
vt 0.138080 0.735048
vt 0.159843 0.714717
vt 0.138080 0.714717
vt 0.181607 0.714717
vt 0.203370 0.714717
vt 0.181607 0.735048
vt 0.203370 0.735048
vt 0.181607 0.755378
vt 0.203370 0.775709
vt 0.203370 0.755378
vt 0.181607 0.775709
vt 0.203370 0.796040
vt 0.181607 0.796040
vt 0.203370 0.816371
vt 0.181607 0.816371
vt 0.203370 0.836702
vt 0.181607 0.836702
vt 0.203370 0.857033
vt 0.181607 0.857033
vt 0.203370 0.877363
vt 0.181607 0.877363
vt 0.203370 0.897694
vt 0.181607 0.897694
vt 0.203370 0.992499
vt 0.181606 0.990831
vt 0.181607 0.992499
vt 0.159843 0.990828
vt 0.203370 0.973108
vt 0.181607 0.953717
vt 0.159843 0.973108
vt 0.159843 0.953717
vt 0.138080 0.973108
vt 0.138080 0.953717
vt 0.138080 0.992499
vt 0.138081 0.990828
vt 0.116317 0.973108
vt 0.116317 0.953717
vt 0.116317 0.992499
vt 0.116316 0.990835
vt 0.246897 0.877364
vt 0.225133 0.897694
vt 0.225133 0.877363
vt 0.246897 0.857033
vt 0.225133 0.857033
vt 0.225133 0.836702
vt 0.246897 0.836702
vt 0.225133 0.816371
vt 0.246897 0.816371
vt 0.246897 0.796040
vt 0.225133 0.796040
vt 0.246897 0.775709
vt 0.225133 0.775709
vt 0.225133 0.755378
vt 0.246897 0.755378
vt 0.246897 0.735047
vt 0.225133 0.735048
vt 0.246897 0.714717
vt 0.225133 0.714717
vt 0.225133 0.694386
vt 0.268660 0.735048
vt 0.268660 0.714717
vt 0.290423 0.735048
vt 0.290423 0.714717
vt 0.268660 0.755378
vt 0.290423 0.755378
vt 0.268660 0.775709
vt 0.290423 0.775709
vt 0.268660 0.796040
vt 0.290423 0.796040
vt 0.268660 0.816371
vt 0.290423 0.816371
vt 0.268660 0.836702
vt 0.290423 0.836702
vt 0.268660 0.857033
vt 0.290423 0.857033
vt 0.268660 0.877363
vt 0.268660 0.897694
vt 0.246897 0.897694
vt 0.094552 0.990824
vt 0.072790 0.992499
vt 0.094553 0.992499
vt 0.094553 0.973108
vt 0.094553 0.953717
vt 0.072790 0.973108
vt 0.116317 0.935203
vt 0.094554 0.935197
vt 0.268660 0.318979
vt 0.246897 0.339310
vt 0.246897 0.318979
vt 0.268660 0.339310
vt 0.138079 0.935208
vt 0.225133 0.339310
vt 0.225133 0.318979
vt 0.203370 0.339310
vt 0.203370 0.318979
vt 0.159842 0.935201
vt 0.181606 0.935201
vt 0.181607 0.339310
vt 0.181607 0.318979
vt 0.203370 0.359641
vt 0.181607 0.359641
vt 0.225133 0.359641
vt 0.203370 0.379972
vt 0.181607 0.379972
vt 0.225133 0.379972
vt 0.203370 0.400302
vt 0.181607 0.400302
vt 0.225133 0.420633
vt 0.225133 0.400302
vt 0.181607 0.420633
vt 0.225133 0.440964
vt 0.203370 0.420633
vt 0.181607 0.440964
vt 0.225133 0.461295
vt 0.203370 0.440964
vt 0.181607 0.461295
vt 0.225133 0.481626
vt 0.203370 0.461295
vt 0.203370 0.481626
vt 0.225133 0.501957
vt 0.203370 0.501957
vt 0.181607 0.481626
vt 0.225133 0.522287
vt 0.203370 0.522287
vt 0.181607 0.501957
vt 0.225133 0.542618
vt 0.203374 0.541478
vt 0.225135 0.541466
vt 0.203370 0.542618
vt 0.181603 0.541477
vt 0.203370 0.580138
vt 0.225133 0.580124
vt 0.181608 0.580135
vt 0.159843 0.580123
vt 0.181607 0.542618
vt 0.159842 0.541461
vt 0.138080 0.542618
vt 0.138082 0.541463
vt 0.138081 0.580131
vt 0.116317 0.542618
vt 0.116318 0.541465
vt 0.116317 0.580132
vt 0.094553 0.542618
vt 0.094554 0.541463
vt 0.094554 0.580135
vt 0.072790 0.542618
vt 0.072791 0.541470
vt 0.072790 0.598641
vt 0.072791 0.580123
vt 0.072790 0.618032
vt 0.051027 0.598641
vt 0.051027 0.580123
vt 0.051027 0.618032
vt 0.051027 0.637423
vt 0.051026 0.635757
vt 0.029263 0.618032
vt 0.029263 0.598641
vt 0.029263 0.637423
vt 0.029140 0.636084
vt 0.051027 0.694386
vt 0.051018 0.675197
vt 0.029263 0.694386
vt 0.029159 0.675100
vt 0.007725 0.675433
vt 0.007500 0.637423
vt 0.007880 0.634739
vt 0.447716 0.510071
vt 0.431128 0.528920
vt 0.431612 0.509591
vt 0.411392 0.509475
vt 0.007500 0.618032
vt 0.007500 0.598641
vt 0.393014 0.528736
vt 0.393065 0.510286
vt 0.394025 0.510359
vt 0.007936 0.580944
vt 0.029051 0.579734
vt 0.029083 0.541673
vt 0.007500 0.542618
vt 0.007908 0.540950
vt 0.392345 0.549251
vt 0.392345 0.528920
vt 0.029263 0.501957
vt 0.007500 0.522287
vt 0.007500 0.501957
vt 0.051037 0.541477
vt 0.029263 0.542618
vt 0.051027 0.522287
vt 0.051027 0.501957
vt 0.051027 0.481626
vt 0.029263 0.481626
vt 0.007500 0.481626
vt 0.051027 0.461295
vt 0.029263 0.461295
vt 0.007500 0.461295
vt 0.393220 0.569582
vt 0.392345 0.589913
vt 0.392345 0.569582
vt 0.393218 0.549250
vt 0.029263 0.440964
vt 0.007500 0.440964
vt 0.393209 0.589911
vt 0.392345 0.610243
vt 0.431128 0.589913
vt 0.411737 0.610243
vt 0.411737 0.589913
vt 0.431128 0.569582
vt 0.411737 0.569582
vt 0.431128 0.630574
vt 0.431128 0.610243
vt 0.393222 0.610243
vt 0.392345 0.630574
vt 0.431128 0.650905
vt 0.411737 0.630574
vt 0.393203 0.650904
vt 0.393227 0.630573
vt 0.431128 0.671236
vt 0.411737 0.650905
vt 0.392985 0.671223
vt 0.392345 0.650905
vt 0.431128 0.691567
vt 0.411737 0.671236
vt 0.392345 0.691567
vt 0.392345 0.671236
vt 0.431128 0.711898
vt 0.411737 0.691567
vt 0.393299 0.711929
vt 0.393621 0.691596
vt 0.431128 0.732228
vt 0.411737 0.711898
vt 0.392837 0.732150
vt 0.392345 0.711898
vt 0.355713 0.973108
vt 0.333950 0.953717
vt 0.355713 0.953717
vt 0.333939 0.935251
vt 0.355724 0.935121
vt 0.029263 0.339310
vt 0.007500 0.318979
vt 0.029263 0.318979
vt 0.051027 0.339310
vt 0.051027 0.318979
vt 0.312191 0.935217
vt 0.312187 0.953717
vt 0.290423 0.935204
vt 0.072790 0.339310
vt 0.072790 0.318979
vt 0.072790 0.359641
vt 0.029263 0.359641
vt 0.051027 0.379972
vt 0.051027 0.359641
vt 0.072790 0.379972
vt 0.051027 0.400302
vt 0.029263 0.400302
vt 0.029263 0.379972
vt 0.072790 0.400302
vt 0.051027 0.420633
vt 0.029263 0.420633
vt 0.072790 0.420633
vt 0.051027 0.440964
vt 0.072790 0.440964
vt 0.072790 0.461295
vt 0.094553 0.461295
vt 0.072790 0.481626
vt 0.094553 0.440964
vt 0.094553 0.481626
vt 0.072790 0.501957
vt 0.094553 0.501957
vt 0.072790 0.522287
vt 0.051027 0.542618
vt 0.116317 0.522287
vt 0.116317 0.501957
vt 0.116317 0.481626
vt 0.138080 0.522287
vt 0.138080 0.501957
vt 0.138080 0.481626
vt 0.138080 0.461295
vt 0.116317 0.461295
vt 0.138080 0.440964
vt 0.116317 0.440964
vt 0.138080 0.420633
vt 0.116317 0.420633
vt 0.094553 0.420633
vt 0.116317 0.400302
vt 0.094553 0.400302
vt 0.116317 0.379972
vt 0.094553 0.379972
vt 0.116317 0.359641
vt 0.094553 0.359641
vt 0.116317 0.339310
vt 0.094553 0.339310
vt 0.094553 0.318979
vt 0.116317 0.318979
vt 0.246896 0.935208
vt 0.268661 0.935201
vt 0.225133 0.935207
vt 0.138080 0.318979
vt 0.203370 0.935203
vt 0.159843 0.318979
vt 0.138080 0.339310
vt 0.159843 0.339310
vt 0.138080 0.359641
vt 0.159843 0.359641
vt 0.138080 0.379972
vt 0.159843 0.379972
vt 0.138080 0.400302
vt 0.159843 0.400302
vt 0.159843 0.420633
vt 0.159843 0.440964
vt 0.159843 0.461295
vt 0.159843 0.481626
vt 0.159843 0.501957
vt 0.181607 0.522287
vt 0.159843 0.522287
vt 0.007500 0.420633
vt 0.007500 0.400302
vt 0.007500 0.379972
vt 0.007500 0.359641
vt 0.007500 0.339310
vt 0.312187 0.973108
vt 0.333950 0.973108
vt 0.333950 0.992499
vt 0.312186 0.990826
vt 0.333953 0.990880
vt 0.312187 0.992499
vt 0.051027 0.897694
vt 0.029263 0.877363
vt 0.051027 0.877363
vt 0.072790 0.897694
vt 0.355713 0.992499
vt 0.355703 0.990722
vt 0.029263 0.897694
vt 0.007500 0.877363
vt 0.448987 0.732235
vt 0.448801 0.711881
vt 0.007500 0.857033
vt 0.029263 0.857033
vt 0.448702 0.691575
vt 0.448950 0.671232
vt 0.007500 0.836702
vt 0.029263 0.836702
vt 0.007500 0.816371
vt 0.029263 0.816371
vt 0.448873 0.650905
vt 0.448843 0.630577
vt 0.007500 0.796040
vt 0.029263 0.796040
vt 0.007500 0.775709
vt 0.029263 0.775709
vt 0.448852 0.610245
vt 0.007500 0.755378
vt 0.029263 0.755378
vt 0.448856 0.589913
vt 0.448842 0.569580
vt 0.007500 0.735048
vt 0.029263 0.735048
vt 0.029263 0.714717
vt 0.007500 0.714717
vt 0.448862 0.549250
vt 0.431128 0.549251
vt 0.411737 0.549251
vt 0.449113 0.528840
vt 0.411737 0.528920
vt 0.007500 0.694386
vt 0.051027 0.714717
vt 0.051027 0.735048
vt 0.051027 0.755378
vt 0.051027 0.775709
vt 0.051027 0.796040
vt 0.051027 0.816371
vt 0.051027 0.836702
vt 0.051027 0.857033
vt 0.246897 0.580132
vt 0.246897 0.542618
vt 0.246895 0.541457
vt 0.268659 0.580132
vt 0.268660 0.542618
vt 0.268657 0.541467
vt 0.268660 0.522287
vt 0.246897 0.501957
vt 0.268660 0.501957
vt 0.246897 0.522287
vt 0.246897 0.481626
vt 0.268660 0.481626
vt 0.246897 0.461295
vt 0.268660 0.461295
vt 0.246897 0.440964
vt 0.268660 0.440964
vt 0.246897 0.420633
vt 0.268660 0.420633
vt 0.246897 0.400302
vt 0.268660 0.400302
vt 0.246897 0.379972
vt 0.268660 0.379972
vt 0.268660 0.359641
vt 0.246897 0.359641
vt 0.290423 0.522287
vt 0.290423 0.542618
vt 0.290423 0.618032
vt 0.312187 0.857033
vt 0.312187 0.836702
vt 0.333950 0.857033
vt 0.333950 0.836702
vt 0.333950 0.816371
vt 0.312187 0.816371
vt 0.333950 0.796040
vt 0.312187 0.796040
vt 0.333950 0.775709
vt 0.312187 0.775709
vt 0.333950 0.755378
vt 0.312187 0.755378
vt 0.333950 0.735048
vt 0.312187 0.735048
vt 0.333950 0.714717
vt 0.312187 0.714717
vt 0.355713 0.735048
vt 0.355713 0.714717
vt 0.355713 0.694386
vt 0.355518 0.675592
vt 0.393769 0.789046
vt 0.392345 0.809522
vt 0.392345 0.789191
vt 0.393331 0.770564
vt 0.395036 0.770599
vt 0.431128 0.809522
vt 0.411737 0.789191
vt 0.431128 0.789191
vt 0.431528 0.769823
vt 0.411303 0.769762
vt 0.431128 0.829853
vt 0.411737 0.809522
vt 0.393984 0.829852
vt 0.394060 0.809511
vt 0.431128 0.850184
vt 0.411737 0.829853
vt 0.393995 0.850183
vt 0.392345 0.829853
vt 0.355713 0.755378
vt 0.392345 0.870515
vt 0.392345 0.850184
vt 0.394011 0.870515
vt 0.392345 0.890846
vt 0.355713 0.775709
vt 0.355713 0.796040
vt 0.394015 0.890845
vt 0.392345 0.911176
vt 0.431128 0.890846
vt 0.411737 0.911176
vt 0.411737 0.890846
vt 0.431128 0.870515
vt 0.411737 0.870515
vt 0.431128 0.911176
vt 0.411737 0.931507
vt 0.394014 0.911178
vt 0.392345 0.931507
vt 0.431128 0.931507
vt 0.393865 0.931509
vt 0.392345 0.951838
vt 0.355713 0.816371
vt 0.355713 0.836702
vt 0.394215 0.951849
vt 0.355713 0.857033
vt 0.449776 0.931496
vt 0.449727 0.911184
vt 0.355713 0.379972
vt 0.449643 0.890845
vt 0.355713 0.400302
vt 0.355713 0.440964
vt 0.355713 0.420633
vt 0.449641 0.870514
vt 0.355713 0.461295
vt 0.449632 0.850184
vt 0.411737 0.850184
vt 0.449646 0.829852
vt 0.355713 0.481626
vt 0.355713 0.501957
vt 0.449635 0.809520
vt 0.449900 0.789072
vt 0.355713 0.522287
vt 0.448727 0.770435
vt 0.355713 0.542618
vt 0.355245 0.541065
vt 0.355183 0.581082
vt 0.355713 0.618032
vt 0.355713 0.598641
vt 0.355713 0.637423
vt 0.355465 0.634927
vt 0.330109 0.023238
vt 0.309706 0.043766
vt 0.309706 0.023238
vt 0.288120 0.043766
vt 0.288118 0.023239
vt 0.266534 0.043766
vt 0.266535 0.023238
vt 0.244948 0.043766
vt 0.244948 0.023239
vt 0.223362 0.043766
vt 0.223362 0.023238
vt 0.201775 0.043766
vt 0.201776 0.023238
vt 0.180189 0.043766
vt 0.180189 0.023238
vt 0.158603 0.043766
vt 0.158603 0.023239
vt 0.137017 0.043766
vt 0.137017 0.023238
vt 0.115431 0.043766
vt 0.115430 0.023238
vt 0.093845 0.043766
vt 0.093844 0.023238
vt 0.072259 0.043766
vt 0.072258 0.023238
vt 0.050672 0.043766
vt 0.050672 0.023238
vt 0.029086 0.043766
vt 0.029087 0.023239
vt 0.009112 0.023239
vt 0.007500 0.043766
vt 0.007501 0.023239
vt 0.330109 0.043766
vt 0.309706 0.065455
vt 0.288120 0.065455
vt 0.266534 0.065455
vt 0.244948 0.065455
vt 0.223362 0.065455
vt 0.201775 0.065455
vt 0.180189 0.065455
vt 0.158603 0.065455
vt 0.137017 0.065455
vt 0.115431 0.065455
vt 0.093845 0.065455
vt 0.072258 0.065455
vt 0.050672 0.065455
vt 0.009109 0.065456
vt 0.009108 0.043765
vt 0.330107 0.065455
vt 0.309706 0.087144
vt 0.288120 0.087144
vt 0.266534 0.087144
vt 0.244948 0.087144
vt 0.223362 0.087144
vt 0.201775 0.087144
vt 0.180189 0.087144
vt 0.158603 0.087144
vt 0.137017 0.087144
vt 0.115431 0.087144
vt 0.093845 0.087144
vt 0.072258 0.087144
vt 0.050672 0.087144
vt 0.029086 0.065455
vt 0.009108 0.087145
vt 0.007500 0.065455
vt 0.330107 0.087144
vt 0.309706 0.108834
vt 0.288120 0.108833
vt 0.266534 0.108833
vt 0.244948 0.108833
vt 0.223362 0.108833
vt 0.201775 0.108833
vt 0.180189 0.108833
vt 0.158603 0.108833
vt 0.137017 0.108833
vt 0.115431 0.108833
vt 0.093845 0.108833
vt 0.072258 0.108833
vt 0.050672 0.108833
vt 0.029086 0.087144
vt 0.009109 0.108834
vt 0.007500 0.087144
vt 0.330111 0.108836
vt 0.309706 0.130523
vt 0.288120 0.130523
vt 0.266534 0.130523
vt 0.244948 0.130523
vt 0.223362 0.130523
vt 0.201775 0.130523
vt 0.180189 0.130523
vt 0.158603 0.130523
vt 0.137017 0.130523
vt 0.115431 0.130523
vt 0.093845 0.130523
vt 0.072258 0.130523
vt 0.050672 0.130523
vt 0.029086 0.108833
vt 0.009106 0.130527
vt 0.007500 0.108833
vt 0.330116 0.130532
vt 0.309706 0.152212
vt 0.288120 0.152212
vt 0.266534 0.152212
vt 0.244948 0.152212
vt 0.223362 0.152212
vt 0.201775 0.152212
vt 0.180189 0.152212
vt 0.158603 0.152212
vt 0.137017 0.152212
vt 0.115431 0.152212
vt 0.093845 0.152212
vt 0.072258 0.152212
vt 0.050672 0.152212
vt 0.029086 0.130523
vt 0.009103 0.152221
vt 0.007500 0.130523
vt 0.330109 0.152214
vt 0.309706 0.173901
vt 0.288120 0.173901
vt 0.266534 0.173901
vt 0.244948 0.173901
vt 0.223362 0.173901
vt 0.201775 0.173901
vt 0.180189 0.173901
vt 0.158603 0.173901
vt 0.137017 0.173901
vt 0.115431 0.173901
vt 0.093845 0.173901
vt 0.072258 0.173901
vt 0.050672 0.173901
vt 0.029086 0.152212
vt 0.009113 0.173924
vt 0.007500 0.152212
vt 0.330109 0.173927
vt 0.309706 0.195590
vt 0.288120 0.195590
vt 0.266534 0.195590
vt 0.244948 0.195590
vt 0.223362 0.195590
vt 0.201775 0.195590
vt 0.180189 0.195590
vt 0.158603 0.195590
vt 0.137017 0.195590
vt 0.115431 0.195590
vt 0.093845 0.195590
vt 0.072258 0.195590
vt 0.050672 0.195590
vt 0.029086 0.173901
vt 0.009119 0.195573
vt 0.007500 0.173901
vt 0.330096 0.195568
vt 0.309706 0.217280
vt 0.288120 0.217279
vt 0.266534 0.217279
vt 0.244948 0.217279
vt 0.223362 0.217279
vt 0.201775 0.217279
vt 0.180189 0.217279
vt 0.158603 0.217279
vt 0.137017 0.217279
vt 0.115431 0.217279
vt 0.093845 0.217279
vt 0.072258 0.217279
vt 0.050672 0.217279
vt 0.029086 0.195590
vt 0.009107 0.217265
vt 0.007500 0.195590
vt 0.330113 0.217260
vt 0.309706 0.238969
vt 0.288120 0.238968
vt 0.266534 0.238968
vt 0.244948 0.238969
vt 0.223362 0.238968
vt 0.201775 0.238968
vt 0.180189 0.238969
vt 0.158603 0.238968
vt 0.137017 0.238969
vt 0.115431 0.238969
vt 0.093845 0.238968
vt 0.072258 0.238968
vt 0.050672 0.238969
vt 0.029086 0.217279
vt 0.009112 0.239015
vt 0.007500 0.217279
vt 0.330107 0.239006
vt 0.309706 0.260658
vt 0.288120 0.260658
vt 0.266534 0.260658
vt 0.244948 0.260658
vt 0.223362 0.260658
vt 0.201775 0.260658
vt 0.180189 0.260658
vt 0.158603 0.260658
vt 0.137017 0.260658
vt 0.115431 0.260658
vt 0.093845 0.260658
vt 0.072258 0.260658
vt 0.050672 0.260658
vt 0.029086 0.238969
vt 0.009091 0.260584
vt 0.007500 0.238969
vt 0.330070 0.281893
vt 0.309706 0.282347
vt 0.309718 0.281729
vt 0.288120 0.282347
vt 0.288130 0.281722
vt 0.266534 0.282347
vt 0.266536 0.281758
vt 0.244948 0.282347
vt 0.244950 0.281744
vt 0.223362 0.282347
vt 0.223361 0.281757
vt 0.201775 0.282347
vt 0.201776 0.281732
vt 0.180189 0.282347
vt 0.180188 0.281752
vt 0.158603 0.282347
vt 0.158608 0.281767
vt 0.137017 0.282347
vt 0.137016 0.281757
vt 0.115431 0.282347
vt 0.115428 0.281739
vt 0.093845 0.282347
vt 0.093843 0.281749
vt 0.072258 0.282347
vt 0.072254 0.281760
vt 0.050672 0.282347
vt 0.050666 0.281741
vt 0.029086 0.282347
vt 0.029076 0.281711
vt 0.009146 0.281887
vt 0.007500 0.282347
vt 0.007526 0.281876
vt 0.330109 0.023239
vt 0.330109 0.043766
vt 0.309706 0.023238
vt 0.288118 0.023239
vt 0.244948 0.023239
vt 0.266535 0.023238
vt 0.223362 0.023238
vt 0.201776 0.023239
vt 0.180189 0.023238
vt 0.158603 0.023239
vt 0.137017 0.023238
vt 0.115430 0.023238
vt 0.093844 0.023239
vt 0.072258 0.023239
vt 0.050672 0.023239
vt 0.009112 0.023238
vt 0.009108 0.043765
vt 0.330107 0.065455
vt 0.009109 0.065456
vt 0.330108 0.087144
vt 0.009108 0.087145
vt 0.330111 0.108835
vt 0.009109 0.108834
vt 0.330115 0.130533
vt 0.009106 0.130526
vt 0.330108 0.152215
vt 0.009104 0.152223
vt 0.330109 0.173930
vt 0.009113 0.173928
vt 0.330096 0.195566
vt 0.009118 0.195570
vt 0.330113 0.217257
vt 0.009107 0.217263
vt 0.330107 0.239011
vt 0.009112 0.239020
vt 0.330125 0.260591
vt 0.009091 0.260576
vt 0.330069 0.281807
vt 0.330103 0.282353
vt 0.309717 0.281727
vt 0.288130 0.281723
vt 0.266536 0.281759
vt 0.244950 0.281745
vt 0.223361 0.281757
vt 0.201776 0.281732
vt 0.180188 0.281753
vt 0.158608 0.281767
vt 0.137016 0.281756
vt 0.115427 0.281739
vt 0.093843 0.281750
vt 0.072254 0.281761
vt 0.050667 0.281742
vt 0.009147 0.281802
vt 0.009114 0.282353
vt 0.331292 0.022077
vt 0.331293 0.023239
vt 0.331293 0.023238
vt 0.330113 0.022077
vt 0.309706 0.022077
vt 0.330104 0.022077
vt 0.288120 0.022077
vt 0.266534 0.022077
vt 0.244948 0.022077
vt 0.223362 0.022077
vt 0.201775 0.022077
vt 0.180189 0.022077
vt 0.158603 0.022077
vt 0.137017 0.022077
vt 0.115431 0.022077
vt 0.093845 0.022077
vt 0.072259 0.022077
vt 0.050672 0.022077
vt 0.029086 0.022077
vt 0.007501 0.023238
vt 0.007500 0.022077
vt 0.009113 0.022076
vt 0.009105 0.022077
vt 0.331292 0.043766
vt 0.331292 0.065455
vt 0.331292 0.087144
vt 0.331292 0.108834
vt 0.331292 0.130523
vt 0.331292 0.152212
vt 0.331292 0.173902
vt 0.331292 0.195591
vt 0.331292 0.217280
vt 0.331292 0.238969
vt 0.331292 0.260659
vt 0.007500 0.260658
vt 0.331266 0.281876
vt 0.331265 0.281772
vt 0.330107 0.282361
vt 0.331292 0.282348
vt 0.009110 0.282361
vt 0.007526 0.281771
vt 0.520903 0.992499
vt 0.487156 0.992205
vt 0.520896 0.992191
vt 0.520903 0.945786
vt 0.487150 0.927212
vt 0.520903 0.927212
vt 0.487150 0.908637
vt 0.520903 0.908637
vt 0.487150 0.890063
vt 0.520903 0.890063
vt 0.487150 0.871488
vt 0.520903 0.871488
vt 0.487150 0.852914
vt 0.520903 0.852914
vt 0.487150 0.834339
vt 0.520903 0.834339
vt 0.487150 0.815765
vt 0.520903 0.815765
vt 0.487150 0.797190
vt 0.520903 0.797191
vt 0.487150 0.778616
vt 0.520903 0.778616
vt 0.487150 0.760042
vt 0.520903 0.760042
vt 0.487150 0.741467
vt 0.520903 0.741467
vt 0.487150 0.722892
vt 0.520903 0.722893
vt 0.487150 0.704318
vt 0.520903 0.704318
vt 0.487150 0.685744
vt 0.520903 0.685744
vt 0.487150 0.676456
vt 0.520903 0.676456
vt 0.520903 0.667169
vt 0.487150 0.648595
vt 0.520903 0.648595
vt 0.520903 0.630020
vt 0.487150 0.630020
vt 0.520903 0.611446
vt 0.487150 0.611446
vt 0.520903 0.592871
vt 0.487150 0.592871
vt 0.520903 0.574297
vt 0.487150 0.574297
vt 0.520903 0.555722
vt 0.487150 0.555722
vt 0.487150 0.537148
vt 0.520903 0.537148
vt 0.487150 0.518573
vt 0.520903 0.518573
vt 0.487150 0.499999
vt 0.520903 0.499999
vt 0.487150 0.481424
vt 0.520903 0.481424
vt 0.487150 0.462850
vt 0.520903 0.462850
vt 0.487150 0.444275
vt 0.520903 0.444275
vt 0.487150 0.425701
vt 0.520903 0.425701
vt 0.487150 0.407126
vt 0.520903 0.407127
vt 0.487150 0.388552
vt 0.520903 0.388552
vt 0.487150 0.369977
vt 0.520903 0.369978
vt 0.520903 0.351403
vt 0.487150 0.351403
vt 0.520903 0.332829
vt 0.487150 0.332829
vt 0.520903 0.314254
vt 0.487150 0.314254
vt 0.520903 0.295680
vt 0.487150 0.295680
vt 0.520903 0.277105
vt 0.487150 0.277105
vt 0.520903 0.258531
vt 0.487150 0.258531
vt 0.520903 0.239956
vt 0.487150 0.239956
vt 0.520903 0.221382
vt 0.487150 0.221382
vt 0.520903 0.202807
vt 0.487150 0.202808
vt 0.520903 0.184233
vt 0.487150 0.184233
vt 0.520903 0.165658
vt 0.487150 0.165659
vt 0.520903 0.147084
vt 0.487150 0.147084
vt 0.520903 0.128510
vt 0.487150 0.128510
vt 0.520903 0.109935
vt 0.487150 0.109935
vt 0.520903 0.091361
vt 0.487150 0.091361
vt 0.520903 0.072786
vt 0.487150 0.072786
vt 0.520903 0.054212
vt 0.487150 0.054212
vt 0.520893 0.007797
vt 0.487150 0.036922
vt 0.487158 0.007785
vt 0.591287 0.772543
vt 0.557535 0.758238
vt 0.591193 0.757554
vt 0.591287 0.790955
vt 0.557535 0.772543
vt 0.591287 0.809367
vt 0.557535 0.790955
vt 0.591287 0.827779
vt 0.557535 0.809367
vt 0.591287 0.846191
vt 0.557535 0.827779
vt 0.591287 0.864603
vt 0.557535 0.846191
vt 0.591287 0.883015
vt 0.557535 0.864603
vt 0.591287 0.901427
vt 0.557535 0.883015
vt 0.591287 0.919839
vt 0.557535 0.901427
vt 0.591287 0.938251
vt 0.557535 0.919839
vt 0.591287 0.956663
vt 0.557535 0.938251
vt 0.591287 0.975075
vt 0.557533 0.974075
vt 0.591289 0.974074
vt 0.487156 0.992193
vt 0.520896 0.992179
vt 0.487150 0.676456
vt 0.520903 0.676456
vt 0.520893 0.007814
vt 0.520903 0.036922
vt 0.557447 0.757459
vt 0.591161 0.758144
vt 0.557533 0.974076
vt 0.591289 0.974075
vt 0.487150 0.992499
vt 0.520903 0.963077
vt 0.487150 0.945786
vt 0.487150 0.667169
vt 0.487158 0.007802
vt 0.487150 0.007500
vt 0.520903 0.007500
vt 0.591287 0.754131
vt 0.557535 0.754131
vt 0.557535 0.956663
vt 0.557535 0.975075
vt 0.875338 0.031382
vt 0.880284 0.040974
vt 0.875338 0.042611
vt 0.891363 0.031382
vt 0.891364 0.040974
vt 0.880284 0.031382
vt 0.888117 0.023548
vt 0.880284 0.020303
vt 0.880284 0.019910
vt 0.875338 0.020301
vt 0.875338 0.019910
vt 0.888396 0.023270
vt 0.919802 0.208884
vt 0.929373 0.217664
vt 0.919802 0.217664
vt 0.919802 0.203939
vt 0.929373 0.208884
vt 0.929373 0.226444
vt 0.919802 0.226444
vt 0.891756 0.031382
vt 0.929373 0.236037
vt 0.919802 0.236037
vt 0.891756 0.040974
vt 0.929373 0.243681
vt 0.919802 0.243672
vt 0.891756 0.048610
vt 0.880284 0.048610
vt 0.891365 0.048610
vt 0.880284 0.058314
vt 0.891756 0.058314
vt 0.891366 0.058314
vt 0.880284 0.065183
vt 0.891756 0.065183
vt 0.929759 0.253377
vt 0.919802 0.253377
vt 0.929759 0.260246
vt 0.919802 0.260246
vt 0.929759 0.270492
vt 0.919802 0.270492
vt 0.891756 0.075429
vt 0.891366 0.065183
vt 0.891366 0.075429
vt 0.891756 0.085674
vt 0.891366 0.085674
vt 0.898050 0.019910
vt 0.908008 0.030156
vt 0.898050 0.030156
vt 0.880284 0.085674
vt 0.880284 0.075429
vt 0.875338 0.075429
vt 0.875338 0.086929
vt 0.880284 0.092544
vt 0.891366 0.092544
vt 0.875338 0.092544
vt 0.875338 0.102248
vt 0.880284 0.102248
vt 0.891365 0.102248
vt 0.891756 0.102248
vt 0.891756 0.092544
vt 0.908008 0.037025
vt 0.898050 0.037025
vt 0.907622 0.046721
vt 0.898050 0.046729
vt 0.907622 0.054365
vt 0.898050 0.054365
vt 0.891756 0.109884
vt 0.891364 0.109884
vt 0.891756 0.119476
vt 0.891363 0.119476
vt 0.907622 0.063957
vt 0.898050 0.063957
vt 0.880284 0.109884
vt 0.880284 0.119476
vt 0.888117 0.127310
vt 0.880284 0.130555
vt 0.888396 0.127588
vt 0.880284 0.130948
vt 0.907622 0.072737
vt 0.898050 0.072737
vt 0.907622 0.081517
vt 0.898050 0.081517
vt 0.875338 0.130948
vt 0.875338 0.130557
vt 0.898050 0.086463
vt 0.907622 0.086463
vt 0.735416 0.156694
vt 0.735147 0.161626
vt 0.735026 0.156703
vt 0.735537 0.161617
vt 0.732104 0.169506
vt 0.724123 0.161895
vt 0.724005 0.156973
vt 0.724378 0.172925
vt 0.724387 0.173316
vt 0.732388 0.169777
vt 0.714819 0.173146
vt 0.714589 0.162123
vt 0.714827 0.173535
vt 0.707202 0.173299
vt 0.707015 0.162283
vt 0.707209 0.173687
vt 0.697096 0.173432
vt 0.696976 0.162401
vt 0.697211 0.173819
vt 0.688479 0.173507
vt 0.688420 0.162491
vt 0.688704 0.173892
vt 0.697100 0.173820
vt 0.910535 0.037025
vt 0.679792 0.173909
vt 0.688481 0.173894
vt 0.908008 0.019910
vt 0.912503 0.028751
vt 0.934254 0.261651
vt 0.671047 0.173474
vt 0.679737 0.173909
vt 0.671043 0.173860
vt 0.679789 0.162536
vt 0.679765 0.173523
vt 0.671157 0.162475
vt 0.662427 0.173347
vt 0.662599 0.162321
vt 0.670820 0.173857
vt 0.662421 0.173735
vt 0.652345 0.173158
vt 0.652500 0.162126
vt 0.662310 0.173733
vt 0.652339 0.173547
vt 0.932287 0.253377
vt 0.644770 0.173436
vt 0.644775 0.173047
vt 0.644910 0.162042
vt 0.635281 0.172937
vt 0.635394 0.161962
vt 0.635277 0.173326
vt 0.627567 0.169649
vt 0.624429 0.161877
vt 0.627289 0.169921
vt 0.624040 0.161874
vt 0.635432 0.157061
vt 0.624466 0.156987
vt 0.624079 0.156985
vt 0.635458 0.152830
vt 0.624494 0.152766
vt 0.624108 0.152764
vt 0.919802 0.199667
vt 0.929373 0.203939
vt 0.624518 0.148458
vt 0.624133 0.148457
vt 0.919802 0.195307
vt 0.929373 0.199667
vt 0.871067 0.019910
vt 0.866706 0.020299
vt 0.866706 0.019910
vt 0.871067 0.020300
vt 0.866706 0.031382
vt 0.871067 0.031382
vt 0.866706 0.042048
vt 0.871360 0.043975
vt 0.871067 0.044249
vt 0.872873 0.048610
vt 0.873279 0.048610
vt 0.875338 0.048610
vt 0.970287 0.034334
vt 0.960721 0.039054
vt 0.960721 0.034334
vt 0.970286 0.029614
vt 0.960721 0.029614
vt 0.970288 0.039054
vt 0.960721 0.064107
vt 0.841653 0.042443
vt 0.866706 0.042443
vt 0.970289 0.076633
vt 0.960721 0.076633
vt 0.829127 0.042443
vt 0.841653 0.042050
vt 0.841653 0.031382
vt 0.829127 0.042050
vt 0.829127 0.031382
vt 0.816600 0.042051
vt 0.816600 0.031382
vt 0.816600 0.042443
vt 0.804074 0.042050
vt 0.804074 0.031382
vt 0.804074 0.042443
vt 0.960721 0.101686
vt 0.970289 0.089160
vt 0.970289 0.101686
vt 0.960721 0.089160
vt 0.970289 0.114213
vt 0.960721 0.114213
vt 0.791548 0.042443
vt 0.791548 0.042050
vt 0.766495 0.042443
vt 0.766495 0.042048
vt 0.970288 0.139266
vt 0.960721 0.139266
vt 0.791548 0.031382
vt 0.766495 0.031382
vt 0.762134 0.031382
vt 0.761841 0.043975
vt 0.762134 0.044249
vt 0.757863 0.042611
vt 0.757863 0.048610
vt 0.759922 0.048610
vt 0.760328 0.048610
vt 0.960721 0.143986
vt 0.970286 0.148705
vt 0.960721 0.148705
vt 0.970287 0.143986
vt 0.647126 0.043253
vt 0.651423 0.040510
vt 0.651461 0.040926
vt 0.645618 0.048066
vt 0.646812 0.042978
vt 0.645204 0.048089
vt 0.633706 0.044245
vt 0.643329 0.039064
vt 0.646810 0.042984
vt 0.646811 0.042986
vt 0.634920 0.074099
vt 0.634006 0.048725
vt 0.646010 0.073839
vt 0.645616 0.073849
vt 0.635172 0.086567
vt 0.645789 0.086402
vt 0.635338 0.098975
vt 0.646179 0.086395
vt 0.645909 0.098872
vt 0.635439 0.111357
vt 0.645995 0.111295
vt 0.646298 0.098868
vt 0.646383 0.111293
vt 0.635490 0.123734
vt 0.646045 0.123706
vt 0.646434 0.123705
vt 0.635478 0.148509
vt 0.646063 0.148550
vt 0.646454 0.148551
vt 0.647965 0.153166
vt 0.648243 0.152890
vt 0.644957 0.157124
vt 0.647963 0.153167
vt 0.652597 0.155086
vt 0.647963 0.153167
vt 0.652598 0.154694
vt 0.652593 0.155090
vt 0.662739 0.155353
vt 0.662634 0.154961
vt 0.960721 0.019910
vt 0.743094 0.250929
vt 0.745895 0.248690
vt 0.746229 0.248900
vt 0.970849 0.272781
vt 0.960721 0.277501
vt 0.960721 0.272781
vt 0.664487 0.155014
vt 0.662747 0.154963
vt 0.664172 0.155005
vt 0.795462 0.143335
vt 0.794136 0.138655
vt 0.794517 0.138527
vt 0.747965 0.250393
vt 0.671267 0.155596
vt 0.795165 0.143896
vt 0.792611 0.145068
vt 0.795165 0.153971
vt 0.795538 0.153971
vt 0.795538 0.143725
vt 0.795165 0.164046
vt 0.795538 0.164217
vt 0.792611 0.162874
vt 0.792010 0.153971
vt 0.758650 0.248690
vt 0.769335 0.250393
vt 0.758650 0.250392
vt 0.746230 0.248899
vt 0.769204 0.244293
vt 0.758650 0.244293
vt 0.748096 0.244293
vt 0.758650 0.219240
vt 0.769205 0.219240
vt 0.769598 0.219240
vt 0.769598 0.244293
vt 0.771069 0.248884
vt 0.954040 0.268061
vt 0.943912 0.272781
vt 0.944475 0.268061
vt 0.954040 0.243008
vt 0.944474 0.243008
vt 0.954040 0.277501
vt 0.954040 0.272781
vt 0.771404 0.248690
vt 0.774206 0.250928
vt 0.771070 0.248900
vt 0.706900 0.155379
vt 0.697006 0.155041
vt 0.706894 0.154991
vt 0.954040 0.019910
vt 0.944475 0.029614
vt 0.941561 0.019910
vt 0.775854 0.251519
vt 0.774110 0.251327
vt 0.696899 0.155432
vt 0.688360 0.155562
vt 0.695153 0.155069
vt 0.794136 0.169287
vt 0.795462 0.164607
vt 0.794517 0.169415
vt 0.679821 0.155243
vt 0.688356 0.155174
vt 0.679794 0.155629
vt 0.679767 0.155243
vt 0.671273 0.155212
vt 0.714476 0.157215
vt 0.706908 0.155383
vt 0.711396 0.153338
vt 0.713147 0.148651
vt 0.723899 0.152721
vt 0.711398 0.153340
vt 0.711396 0.153338
vt 0.711111 0.153068
vt 0.954040 0.034334
vt 0.944473 0.039054
vt 0.944474 0.034334
vt 0.954040 0.029614
vt 0.712754 0.148661
vt 0.712643 0.123672
vt 0.954040 0.064107
vt 0.954040 0.039054
vt 0.841653 0.108808
vt 0.866706 0.108415
vt 0.866706 0.108809
vt 0.871067 0.106609
vt 0.871360 0.106883
vt 0.841653 0.119476
vt 0.866706 0.119476
vt 0.871067 0.119476
vt 0.829127 0.119476
vt 0.829127 0.108808
vt 0.841653 0.108415
vt 0.816600 0.119476
vt 0.816600 0.108807
vt 0.829127 0.108415
vt 0.954040 0.076633
vt 0.944472 0.089160
vt 0.944472 0.076633
vt 0.944472 0.064107
vt 0.712020 0.111173
vt 0.712320 0.098668
vt 0.712410 0.111168
vt 0.712253 0.123679
vt 0.723034 0.111029
vt 0.723244 0.123470
vt 0.722916 0.098614
vt 0.722891 0.086212
vt 0.712299 0.086196
vt 0.711931 0.098670
vt 0.711910 0.086195
vt 0.722964 0.073801
vt 0.712340 0.073696
vt 0.711949 0.073692
vt 0.954040 0.114213
vt 0.944472 0.101686
vt 0.954040 0.101686
vt 0.954040 0.089160
vt 0.712727 0.048499
vt 0.712330 0.048485
vt 0.944473 0.139266
vt 0.954040 0.139266
vt 0.791548 0.108415
vt 0.766495 0.108809
vt 0.766495 0.108415
vt 0.804074 0.108415
vt 0.791548 0.108808
vt 0.766495 0.119476
vt 0.791548 0.119476
vt 0.804074 0.108808
vt 0.804074 0.119476
vt 0.816600 0.108415
vt 0.791548 0.130559
vt 0.804074 0.130559
vt 0.816600 0.130559
vt 0.829127 0.130559
vt 0.804074 0.130948
vt 0.816600 0.130948
vt 0.898050 0.132674
vt 0.907622 0.145201
vt 0.898050 0.145201
vt 0.898050 0.157727
vt 0.907622 0.157727
vt 0.898050 0.170254
vt 0.791548 0.130948
vt 0.907622 0.195307
vt 0.898050 0.195307
vt 0.766495 0.130948
vt 0.766495 0.130559
vt 0.762134 0.130558
vt 0.762134 0.119476
vt 0.762134 0.130948
vt 0.757863 0.130557
vt 0.757863 0.119476
vt 0.757863 0.130948
vt 0.898050 0.199667
vt 0.907622 0.203939
vt 0.898050 0.203939
vt 0.907622 0.199667
vt 0.907622 0.208884
vt 0.898050 0.208884
vt 0.752917 0.130948
vt 0.898050 0.217664
vt 0.744805 0.127588
vt 0.752917 0.130555
vt 0.752917 0.119476
vt 0.745084 0.127310
vt 0.741838 0.119476
vt 0.752917 0.109884
vt 0.741837 0.109884
vt 0.741445 0.119476
vt 0.907622 0.226444
vt 0.898050 0.236037
vt 0.898050 0.226444
vt 0.907622 0.217665
vt 0.907622 0.236037
vt 0.898050 0.243672
vt 0.741445 0.109884
vt 0.741836 0.102248
vt 0.907622 0.243681
vt 0.898050 0.253377
vt 0.741445 0.102248
vt 0.741835 0.092544
vt 0.752917 0.102248
vt 0.752917 0.092544
vt 0.752917 0.085674
vt 0.741445 0.092544
vt 0.741835 0.085674
vt 0.752917 0.075429
vt 0.741834 0.075429
vt 0.741445 0.085674
vt 0.908008 0.260246
vt 0.898050 0.270492
vt 0.898050 0.260246
vt 0.908008 0.253377
vt 0.741835 0.065183
vt 0.741445 0.075429
vt 0.741445 0.065183
vt 0.919802 0.030156
vt 0.929759 0.019910
vt 0.929759 0.030156
vt 0.934254 0.028751
vt 0.912503 0.261651
vt 0.908008 0.270492
vt 0.679027 0.019910
vt 0.669755 0.020399
vt 0.669741 0.019995
vt 0.688317 0.020657
vt 0.679086 0.019911
vt 0.688341 0.020261
vt 0.678914 0.031589
vt 0.679052 0.020306
vt 0.670132 0.031897
vt 0.669504 0.020008
vt 0.660597 0.020887
vt 0.660572 0.020480
vt 0.661314 0.032474
vt 0.661839 0.039687
vt 0.670521 0.038903
vt 0.678946 0.038398
vt 0.663638 0.039928
vt 0.678921 0.038780
vt 0.670543 0.039295
vt 0.785324 0.164046
vt 0.784294 0.169287
vt 0.782769 0.162874
vt 0.785323 0.153971
vt 0.782169 0.153971
vt 0.782769 0.145068
vt 0.785324 0.143896
vt 0.678973 0.038779
vt 0.687107 0.038591
vt 0.687077 0.038963
vt 0.784294 0.138655
vt 0.693656 0.039960
vt 0.695389 0.039825
vt 0.696234 0.032856
vt 0.687632 0.031940
vt 0.695460 0.040237
vt 0.705956 0.041744
vt 0.705917 0.042170
vt 0.706650 0.034157
vt 0.774206 0.137446
vt 0.775854 0.136856
vt 0.775706 0.136950
vt 0.771404 0.139684
vt 0.771070 0.139474
vt 0.943912 0.163130
vt 0.954040 0.158410
vt 0.954040 0.163130
vt 0.944475 0.148705
vt 0.954040 0.148705
vt 0.769335 0.137981
vt 0.774110 0.137047
vt 0.758650 0.139684
vt 0.771069 0.139475
vt 0.769204 0.144081
vt 0.758650 0.144081
vt 0.771069 0.139490
vt 0.769598 0.144081
vt 0.758650 0.169134
vt 0.769205 0.169134
vt 0.769598 0.169134
vt 0.954040 0.192902
vt 0.944475 0.167850
vt 0.954040 0.167850
vt 0.766495 0.086377
vt 0.791548 0.085984
vt 0.791548 0.086377
vt 0.762134 0.088183
vt 0.766495 0.085983
vt 0.791548 0.075429
vt 0.766495 0.075429
vt 0.762134 0.075429
vt 0.757863 0.086929
vt 0.757863 0.075429
vt 0.759922 0.092544
vt 0.761841 0.087910
vt 0.760328 0.092544
vt 0.757863 0.102248
vt 0.759922 0.102248
vt 0.760328 0.102248
vt 0.757863 0.108247
vt 0.762134 0.106609
vt 0.944474 0.143986
vt 0.954040 0.143986
vt 0.761841 0.106883
vt 0.710859 0.043784
vt 0.710570 0.044054
vt 0.710871 0.043775
vt 0.705920 0.041771
vt 0.714110 0.039777
vt 0.723636 0.044511
vt 0.710867 0.043777
vt 0.723464 0.048875
vt 0.734466 0.049304
vt 0.734656 0.045007
vt 0.733906 0.073939
vt 0.734852 0.049319
vt 0.734290 0.073944
vt 0.735044 0.045025
vt 0.735259 0.040811
vt 0.734870 0.040792
vt 0.735537 0.035923
vt 0.723839 0.040239
vt 0.735146 0.035901
vt 0.724114 0.035288
vt 0.732421 0.027960
vt 0.714436 0.034721
vt 0.724888 0.024215
vt 0.715356 0.023488
vt 0.707710 0.022754
vt 0.707747 0.022352
vt 0.715388 0.023091
vt 0.697500 0.021117
vt 0.697347 0.021502
vt 0.688575 0.020282
vt 0.697386 0.021103
vt 0.910535 0.253377
vt 0.724915 0.023822
vt 0.732714 0.027703
vt 0.733819 0.086239
vt 0.734202 0.086240
vt 0.733848 0.098546
vt 0.734231 0.098543
vt 0.733999 0.110875
vt 0.734233 0.123255
vt 0.734383 0.110870
vt 0.898050 0.120148
vt 0.907622 0.132674
vt 0.734618 0.123247
vt 0.734814 0.148119
vt 0.907622 0.095095
vt 0.907622 0.120148
vt 0.866706 0.130559
vt 0.841653 0.130948
vt 0.841653 0.130559
vt 0.829127 0.130948
vt 0.871067 0.130558
vt 0.866706 0.130948
vt 0.875338 0.119476
vt 0.871067 0.130948
vt 0.898050 0.095095
vt 0.907622 0.090735
vt 0.898050 0.090735
vt 0.735201 0.148109
vt 0.734921 0.152454
vt 0.735309 0.152445
vt 0.723791 0.148387
vt 0.875338 0.108247
vt 0.873279 0.102248
vt 0.873279 0.092544
vt 0.872873 0.102248
vt 0.872873 0.092544
vt 0.871360 0.087910
vt 0.871067 0.088183
vt 0.871067 0.075429
vt 0.866706 0.085983
vt 0.866706 0.075429
vt 0.866706 0.086377
vt 0.841653 0.085984
vt 0.841653 0.075429
vt 0.841653 0.086377
vt 0.829127 0.085985
vt 0.829127 0.075429
vt 0.829127 0.086377
vt 0.944473 0.230482
vt 0.954040 0.230482
vt 0.816600 0.086377
vt 0.816600 0.085985
vt 0.944473 0.217955
vt 0.954040 0.217955
vt 0.769598 0.194187
vt 0.769206 0.206714
vt 0.769206 0.194187
vt 0.769598 0.206714
vt 0.758650 0.206714
vt 0.769598 0.181661
vt 0.769206 0.181661
vt 0.758650 0.194187
vt 0.758650 0.181661
vt 0.748094 0.194187
vt 0.748094 0.181661
vt 0.748094 0.206714
vt 0.747702 0.194187
vt 0.747702 0.206714
vt 0.960721 0.205429
vt 0.970288 0.217955
vt 0.960721 0.217955
vt 0.960721 0.230482
vt 0.970287 0.192902
vt 0.970288 0.205429
vt 0.747702 0.181661
vt 0.748095 0.169134
vt 0.747702 0.169134
vt 0.748096 0.144081
vt 0.960721 0.192902
vt 0.970286 0.167850
vt 0.747702 0.144081
vt 0.746230 0.139490
vt 0.747965 0.137981
vt 0.758650 0.137982
vt 0.746229 0.139474
vt 0.743094 0.137446
vt 0.745895 0.139684
vt 0.960721 0.158410
vt 0.970849 0.163130
vt 0.960721 0.163130
vt 0.960721 0.167850
vt 0.651428 0.040518
vt 0.661752 0.040100
vt 0.973200 0.158410
vt 0.743190 0.137047
vt 0.741593 0.136950
vt 0.741445 0.136856
vt 0.760328 0.058314
vt 0.759922 0.058314
vt 0.762134 0.062675
vt 0.761841 0.062948
vt 0.757863 0.058314
vt 0.757863 0.063929
vt 0.766495 0.064875
vt 0.766495 0.064481
vt 0.791548 0.064874
vt 0.791548 0.064481
vt 0.804074 0.064873
vt 0.804074 0.075429
vt 0.804074 0.064481
vt 0.816600 0.064873
vt 0.816600 0.075429
vt 0.816600 0.064481
vt 0.829127 0.064873
vt 0.829127 0.064481
vt 0.841653 0.064874
vt 0.841653 0.064481
vt 0.970288 0.230482
vt 0.960721 0.243008
vt 0.970286 0.268061
vt 0.960721 0.268061
vt 0.866706 0.064481
vt 0.871067 0.062675
vt 0.866706 0.064875
vt 0.875338 0.063929
vt 0.873279 0.058314
vt 0.871360 0.062948
vt 0.872873 0.058314
vt 0.875338 0.058314
vt 0.748095 0.219240
vt 0.747702 0.244293
vt 0.747702 0.219240
vt 0.745913 0.248647
vt 0.804074 0.085985
vt 0.804074 0.086377
vt 0.954040 0.205429
vt 0.944474 0.192902
vt 0.752917 0.058314
vt 0.752917 0.065183
vt 0.741835 0.058314
vt 0.741445 0.058314
vt 0.752917 0.048610
vt 0.741836 0.048610
vt 0.741445 0.048610
vt 0.919802 0.037025
vt 0.929759 0.037025
vt 0.919802 0.046729
vt 0.929373 0.046721
vt 0.919802 0.054365
vt 0.929373 0.054365
vt 0.741837 0.040974
vt 0.741445 0.040974
vt 0.741838 0.031382
vt 0.741445 0.031382
vt 0.919802 0.063957
vt 0.929373 0.063957
vt 0.752917 0.040974
vt 0.752917 0.031382
vt 0.745084 0.023548
vt 0.752917 0.020303
vt 0.744805 0.023270
vt 0.752917 0.019910
vt 0.919802 0.072737
vt 0.929373 0.072737
vt 0.919802 0.081517
vt 0.929373 0.081517
vt 0.757863 0.020301
vt 0.757863 0.019910
vt 0.919802 0.086463
vt 0.929373 0.086463
vt 0.621621 0.040697
vt 0.621613 0.035599
vt 0.622023 0.040668
vt 0.621210 0.035631
vt 0.624278 0.027281
vt 0.633000 0.034710
vt 0.633389 0.039824
vt 0.632058 0.023255
vt 0.623968 0.027018
vt 0.641983 0.022398
vt 0.642923 0.033920
vt 0.632024 0.022849
vt 0.649948 0.021708
vt 0.650844 0.033271
vt 0.641949 0.021991
vt 0.660455 0.020489
vt 0.649916 0.021301
vt 0.622364 0.045026
vt 0.621965 0.045054
vt 0.622694 0.049447
vt 0.622296 0.049472
vt 0.919802 0.090735
vt 0.929373 0.090735
vt 0.919802 0.095095
vt 0.929373 0.095095
vt 0.919802 0.120148
vt 0.929373 0.120148
vt 0.623479 0.074454
vt 0.623867 0.074442
vt 0.919802 0.132674
vt 0.929373 0.132674
vt 0.623823 0.086797
vt 0.624207 0.086789
vt 0.624412 0.099106
vt 0.624029 0.099110
vt 0.624512 0.111425
vt 0.624129 0.111427
vt 0.919802 0.145201
vt 0.929373 0.145201
vt 0.919802 0.157727
vt 0.929373 0.157727
vt 0.919802 0.170254
vt 0.624171 0.123756
vt 0.929373 0.170254
vt 0.624555 0.123755
vt 0.841653 0.019910
vt 0.829127 0.020299
vt 0.829127 0.019910
vt 0.841653 0.020299
vt 0.816600 0.020299
vt 0.816600 0.019910
vt 0.804074 0.020299
vt 0.791548 0.020299
vt 0.791548 0.019910
vt 0.804074 0.019910
vt 0.766495 0.020299
vt 0.766495 0.019910
vt 0.762134 0.019910
vt 0.757863 0.031382
vt 0.762134 0.020300
vt 0.932287 0.037025
vt 0.748575 0.137619
vt 0.768725 0.137619
vt 0.757863 0.092544
vt 0.029087 0.023239
vt 0.029077 0.281709
vt 0.029086 0.260658
vt 0.330126 0.260598
vt 0.449366 0.768990
vt 0.431128 0.768860
vt 0.411737 0.768861
vt 0.392345 0.768860
vt 0.394318 0.769040
vt 0.355713 0.674055
vt 0.333950 0.674055
vt 0.029263 0.522287
vt 0.392345 0.508589
vt 0.393463 0.508779
vt 0.411737 0.508589
vt 0.431128 0.508589
vt 0.448513 0.508691
vt 0.007500 0.674055
vt 0.029263 0.674055
vt 0.051027 0.674055
vt 0.072790 0.674055
vt 0.094553 0.522287
vt 0.094553 0.674055
vt 0.138080 0.674055
vt 0.116317 0.674055
vt 0.159843 0.674055
vt 0.181607 0.674055
vt 0.203370 0.674055
vt 0.225133 0.674055
vt 0.246897 0.674055
vt 0.268660 0.674055
vt 0.290423 0.674055
vt 0.312187 0.674055
vt 0.450519 0.508590
vt 0.450519 0.528921
vt 0.450519 0.549252
vt 0.450519 0.569582
vt 0.450519 0.610244
vt 0.450519 0.589913
vt 0.450519 0.630575
vt 0.450519 0.650905
vt 0.450519 0.671236
vt 0.450519 0.691567
vt 0.450519 0.711898
vt 0.449400 0.510062
vt 0.181607 0.973108
vt 0.181607 0.618032
vt 0.450519 0.768860
vt 0.355713 0.579250
vt 0.333950 0.579250
vt 0.449682 0.770395
vt 0.450519 0.809522
vt 0.450519 0.789191
vt 0.450519 0.829853
vt 0.450519 0.850184
vt 0.450519 0.870515
vt 0.450519 0.890846
vt 0.450519 0.931507
vt 0.450519 0.911176
vt 0.268660 0.579250
vt 0.290423 0.579250
vt 0.246897 0.579250
vt 0.225133 0.579250
vt 0.051027 0.579250
vt 0.029263 0.579250
vt 0.203370 0.934325
vt 0.181607 0.934325
vt 0.225133 0.934325
vt 0.246897 0.934325
vt 0.268660 0.934325
vt 0.290423 0.934325
vt 0.312187 0.934325
vt 0.333950 0.934325
vt 0.355713 0.934325
vt 0.411737 0.732229
vt 0.007500 0.579250
vt 0.072790 0.579250
vt 0.094553 0.579250
vt 0.116317 0.579250
vt 0.138080 0.579250
vt 0.159843 0.579250
vt 0.181607 0.579250
vt 0.203370 0.579250
vt 0.159843 0.934325
vt 0.138080 0.934325
vt 0.116317 0.934325
vt 0.094553 0.934325
vt 0.072790 0.934325
vt 0.312187 0.579250
vt 0.051027 0.934325
vt 0.029263 0.934325
vt 0.007500 0.934325
vt 0.450519 0.992500
vt 0.450519 0.972169
vt 0.450519 0.951838
vt 0.487151 0.963077
vt 0.431128 0.992500
vt 0.007500 0.992499
vt 0.392345 0.992500
vt 0.333950 0.897694
vt 0.181607 0.637423
vt 0.159843 0.992499
vt 0.159843 0.542618
vt 0.392345 0.732229
vt 0.007500 0.897694
vt 0.913099 0.019910
vt 0.934851 0.270492
vt 0.929373 0.195307
vt 0.970289 0.064107
vt 0.973200 0.019910
vt 0.741593 0.251424
vt 0.973200 0.277501
vt 0.670993 0.155204
vt 0.771069 0.248899
vt 0.746230 0.248884
vt 0.771387 0.248647
vt 0.941561 0.277501
vt 0.775706 0.251424
vt 0.688638 0.155170
vt 0.944472 0.114213
vt 0.907622 0.170254
vt 0.919802 0.019910
vt 0.934851 0.019910
vt 0.913099 0.270492
vt 0.670257 0.039321
vt 0.687350 0.039004
vt 0.941561 0.158410
vt 0.768895 0.137619
vt 0.771386 0.139728
vt 0.745913 0.139728
vt 0.746230 0.139475
vt 0.970287 0.243008
vt 0.944473 0.205429
vt 0.748404 0.137619
vt 0.758650 0.137619
vt 0.450519 0.732229
s 1
usemtl ped
f 1/1/1 2/2/2 3/3/3
f 4/4/4 2/2/2 5/5/5
f 6/6/6 7/7/7 8/8/8
f 9/9/9 7/7/7 10/10/10
f 8/8/8 11/11/11 12/12/12
f 7/7/7 13/13/13 11/11/11
f 14/14/14 15/15/15 16/16/16
f 17/17/17 16/16/16 18/18/18
f 19/19/19 20/20/20 21/21/21
f 22/22/22 23/23/23 24/24/24
f 25/25/25 26/26/26 27/27/27
f 26/26/26 28/28/28 29/29/29
f 30/30/30 19/19/19 21/21/21
f 29/29/29 31/31/31 32/32/32
f 33/33/33 34/34/28 30/30/30
f 35/35/34 36/36/35 37/37/36
f 37/37/36 38/38/37 14/14/14
f 39/39/38 37/37/36 40/40/39
f 40/40/39 14/14/14 17/17/17
f 41/41/40 42/42/41 43/43/42
f 5/5/5 44/44/43 41/41/40
f 45/45/44 44/44/43 2/2/2
f 44/44/43 46/46/45 42/42/41
f 45/45/44 47/47/46 48/48/47
f 47/47/46 46/46/45 48/48/47
f 49/49/48 50/50/49 47/47/46
f 47/47/46 51/51/50 52/52/51
f 53/53/52 54/54/53 50/50/49
f 54/54/53 51/51/50 50/50/49
f 55/55/54 54/54/53 56/56/55
f 57/57/56 58/58/57 54/54/53
f 59/59/58 57/57/56 55/55/54
f 60/60/59 61/61/60 57/57/56
f 62/62/61 60/60/59 59/59/58
f 63/63/62 64/64/63 60/60/59
f 65/65/64 63/63/62 62/62/61
f 66/66/65 67/67/66 63/63/62
f 68/68/67 66/66/65 65/65/64
f 69/69/68 70/70/69 66/66/65
f 71/71/70 72/72/71 73/73/72
f 74/74/73 75/75/74 72/72/71
f 76/76/75 77/77/76 78/78/77
f 79/79/78 80/80/79 77/77/76
f 81/81/80 79/79/78 76/76/75
f 82/82/81 83/83/82 79/79/78
f 84/84/83 85/85/84 86/86/85
f 87/87/86 88/88/87 85/85/84
f 89/89/88 90/90/89 91/91/90
f 92/92/91 91/91/90 93/93/92
f 94/94/93 95/95/94 90/90/89
f 96/96/95 97/97/96 88/88/87
f 98/98/97 99/99/98 97/97/96
f 100/100/99 101/101/100 95/95/94
f 102/102/101 103/103/102 101/101/100
f 104/104/103 105/105/104 99/99/98
f 106/106/105 107/107/106 108/108/107
f 109/109/108 110/110/109 107/107/106
f 111/111/110 112/112/111 110/110/109
f 113/113/112 114/114/113 105/105/104
f 115/115/114 116/116/115 112/112/111
f 117/117/116 118/118/117 114/114/113
f 103/103/102 119/119/118 120/120/119
f 120/120/119 121/121/120 122/122/121
f 122/122/121 123/123/122 124/124/123
f 118/118/117 125/125/124 126/126/125
f 124/124/123 127/127/126 128/128/127
f 126/126/125 129/129/128 130/130/129
f 116/116/115 131/131/130 132/132/131
f 132/132/131 133/133/132 134/134/133
f 134/134/133 135/135/134 136/136/135
f 130/130/129 137/137/136 138/138/137
f 136/136/135 139/139/138 140/140/139
f 138/138/137 141/141/140 142/142/141
f 143/143/142 144/144/143 145/145/144
f 128/128/127 146/146/145 143/143/142
f 142/142/141 147/147/146 148/148/147
f 145/145/144 149/149/148 150/150/149
f 146/146/145 151/151/150 144/144/143
f 144/144/143 152/152/151 149/149/148
f 153/153/152 154/154/153 151/151/150
f 151/151/150 155/155/154 152/152/151
f 156/156/155 157/157/156 154/154/153
f 154/154/153 158/158/157 155/155/154
f 159/159/158 157/157/156 160/160/159
f 161/161/160 158/158/157 157/157/156
f 162/162/161 161/161/160 159/159/158
f 163/163/162 164/164/163 161/161/160
f 165/165/164 163/163/162 162/162/161
f 166/166/165 167/167/166 163/163/162
f 168/168/167 166/166/165 165/165/164
f 169/169/168 170/170/169 166/166/165
f 171/171/170 169/169/168 168/168/167
f 172/172/171 173/173/172 169/169/168
f 174/174/173 172/172/171 171/171/170
f 175/175/174 176/176/175 172/172/171
f 177/177/176 175/175/174 174/174/173
f 178/178/177 179/179/178 175/175/174
f 180/180/179 181/181/180 182/182/181
f 183/183/182 182/182/181 184/184/183
f 185/185/184 186/186/185 187/187/186
f 188/188/187 189/189/188 186/186/185
f 190/190/189 191/191/190 189/189/188
f 192/192/191 193/193/192 181/181/180
f 194/194/193 195/195/194 191/191/190
f 196/196/195 197/197/196 193/193/192
f 198/198/197 199/199/198 200/200/199
f 201/201/195 174/174/173 199/199/198
f 200/200/199 202/202/200 203/203/201
f 199/199/198 171/171/170 202/202/200
f 203/203/201 204/204/202 205/205/203
f 202/202/200 168/168/167 204/204/202
f 205/205/203 206/206/204 207/207/205
f 204/204/202 165/165/164 206/206/204
f 207/207/205 208/208/206 209/209/207
f 206/206/204 162/162/161 208/208/206
f 209/209/207 210/210/208 211/211/209
f 208/208/206 159/159/158 210/210/208
f 211/211/209 212/212/210 213/213/211
f 210/210/208 160/160/159 212/212/210
f 214/214/212 212/212/210 215/215/213
f 215/215/213 160/160/159 156/156/155
f 216/216/214 215/215/213 217/217/215
f 217/217/215 156/156/155 153/153/152
f 123/123/122 217/217/215 127/127/126
f 127/127/126 153/153/152 146/146/145
f 218/218/216 214/214/212 216/216/214
f 121/121/120 216/216/214 123/123/122
f 219/219/217 220/220/218 218/218/216
f 119/119/118 218/218/216 121/121/120
f 221/221/219 222/222/220 220/220/218
f 220/220/218 213/213/211 214/214/212
f 223/223/221 222/222/220 224/224/222
f 225/225/223 213/213/211 222/222/220
f 226/226/224 225/225/223 223/223/221
f 227/227/225 211/211/209 225/225/223
f 228/228/226 227/227/225 226/226/224
f 229/229/227 209/209/207 227/227/225
f 230/230/228 229/229/227 228/228/226
f 231/231/229 207/207/205 229/229/227
f 232/232/230 231/231/229 230/230/228
f 233/233/231 205/205/203 231/231/229
f 234/234/232 233/233/231 232/232/230
f 235/235/233 203/203/201 233/233/231
f 236/236/234 235/235/233 234/234/232
f 237/237/235 200/200/199 235/235/233
f 238/238/236 239/239/237 197/197/196
f 240/240/238 241/241/239 239/239/237
f 242/242/240 243/243/241 195/195/194
f 243/243/241 244/244/242 245/245/243
f 245/245/243 246/246/244 247/247/245
f 241/241/239 248/248/246 249/249/247
f 247/247/245 250/250/248 251/251/249
f 249/249/247 252/252/250 253/253/251
f 254/254/252 255/255/253 256/256/254
f 255/255/253 234/234/232 256/256/254
f 257/257/255 256/256/254 258/258/256
f 256/256/254 232/232/230 258/258/256
f 257/257/255 259/259/257 260/260/258
f 258/258/256 230/230/228 259/259/257
f 260/260/258 261/261/259 262/262/260
f 259/259/257 228/228/226 261/261/259
f 263/263/261 261/261/259 264/264/262
f 261/261/259 226/226/224 264/264/262
f 265/265/263 264/264/262 266/266/264
f 264/264/262 223/223/221 266/266/264
f 265/265/263 267/267/265 268/268/266
f 266/266/264 224/224/222 267/267/265
f 269/269/267 267/267/265 270/270/268
f 270/270/268 224/224/222 221/221/219
f 271/271/269 270/270/268 272/272/270
f 272/272/270 221/221/219 219/219/217
f 271/271/269 273/273/271 102/102/101
f 273/273/271 219/219/217 119/119/118
f 274/274/272 271/271/269 275/275/273
f 275/275/273 102/102/101 100/100/99
f 276/276/274 275/275/273 277/277/275
f 277/277/275 100/100/99 94/94/93
f 276/276/274 278/278/276 274/274/272
f 274/274/272 268/268/266 269/269/267
f 279/279/277 280/280/278 278/278/276
f 278/278/276 265/265/263 268/268/266
f 281/281/279 282/282/280 280/280/278
f 280/280/278 263/263/261 265/265/263
f 283/283/281 284/284/282 282/282/280
f 282/282/280 262/262/260 263/263/261
f 285/285/283 286/286/284 284/284/282
f 284/284/282 260/260/258 262/262/260
f 287/287/285 288/288/286 286/286/284
f 286/286/284 257/257/255 260/260/258
f 289/289/287 290/290/288 288/288/286
f 288/288/286 254/254/252 257/257/255
f 32/32/32 291/291/289 290/290/288
f 290/290/288 292/292/290 254/254/252
f 293/293/291 294/294/292 33/33/33
f 253/253/251 295/295/293 293/293/291
f 251/251/249 296/296/294 297/297/295
f 297/297/295 298/298/296 35/35/34
f 299/299/297 297/297/295 300/300/298
f 300/300/298 35/35/34 39/39/38
f 301/301/299 302/302/300 303/303/301
f 43/43/42 304/304/302 301/301/299
f 305/305/303 251/251/249 299/299/297
f 303/303/301 306/306/304 307/307/305
f 307/307/305 308/308/306 309/309/307
f 310/310/308 247/247/245 305/305/303
f 311/311/309 245/245/243 310/310/308
f 309/309/307 312/312/310 313/313/311
f 306/306/304 314/314/312 308/308/306
f 308/308/306 315/315/313 312/312/310
f 316/316/314 317/317/315 314/314/312
f 314/314/312 318/318/316 315/315/313
f 319/319/317 320/320/318 317/317/315
f 317/317/315 321/321/319 318/318/316
f 322/322/320 320/320/318 323/323/321
f 320/320/318 324/324/322 321/321/319
f 325/325/323 326/326/324 322/322/320
f 326/326/324 327/327/325 324/324/322
f 328/328/326 329/329/327 325/325/323
f 329/329/327 330/330/328 327/327/325
f 331/331/329 332/332/330 328/328/326
f 333/333/331 330/330/328 332/332/330
f 334/334/332 333/333/331 331/331/329
f 335/335/333 336/336/334 333/333/331
f 337/337/335 335/335/333 334/334/332
f 338/338/336 339/339/337 335/335/333
f 340/340/338 341/341/339 342/342/340
f 343/343/341 344/344/342 341/341/339
f 110/110/109 345/345/343 346/346/344
f 112/112/111 347/347/345 345/345/343
f 347/347/345 132/132/131 348/348/346
f 349/349/347 350/350/348 344/344/342
f 350/350/348 351/351/349 352/352/350
f 348/348/346 134/134/133 353/353/351
f 352/352/350 354/354/352 355/355/353
f 353/353/351 136/136/135 356/356/354
f 355/355/353 357/357/355 358/358/356
f 356/356/354 140/140/139 359/359/357
f 358/358/356 360/360/358 361/361/359
f 359/359/357 362/362/360 363/363/361
f 140/140/139 364/364/362 362/362/360
f 363/363/361 365/365/363 366/366/364
f 362/362/360 367/367/365 365/365/363
f 148/148/147 368/368/366 369/369/367
f 365/365/363 370/370/368 371/371/369
f 369/369/367 372/372/370 373/373/371
f 150/150/149 374/374/372 375/375/373
f 375/375/373 376/376/374 377/377/375
f 376/376/374 378/378/376 377/377/375
f 373/373/371 379/379/377 380/380/378
f 381/381/379 382/382/380 383/383/381
f 382/382/380 384/384/382 383/383/381
f 371/371/369 385/385/383 386/386/384
f 387/387/385 388/388/386 389/389/387
f 371/371/369 390/390/388 391/391/389
f 392/392/390 393/393/391 394/394/386
f 387/387/385 395/395/392 396/396/393
f 397/397/394 398/398/395 399/399/396
f 400/400/397 401/401/398 392/392/390
f 402/402/399 397/397/394 403/403/400
f 404/404/401 397/397/394 405/405/402
f 405/405/402 399/399/396 406/406/403
f 407/407/404 405/405/402 408/408/405
f 408/408/405 406/406/403 409/409/406
f 410/410/407 411/411/408 412/412/403
f 413/413/409 412/412/403 395/395/392
f 414/414/410 409/409/406 415/415/411
f 416/416/412 417/417/413 411/411/408
f 418/418/414 419/419/415 420/420/416
f 421/421/417 420/420/416 422/422/418
f 423/423/419 419/419/415 424/424/420
f 425/425/421 426/426/422 417/417/413
f 427/427/423 428/428/424 423/423/419
f 429/429/425 426/426/422 430/430/426
f 431/431/427 432/432/428 427/427/423
f 433/433/429 434/434/430 429/429/425
f 435/435/431 436/436/432 431/431/427
f 433/433/429 437/437/433 438/438/434
f 439/439/435 440/440/436 435/435/431
f 441/441/437 437/437/433 442/442/438
f 443/443/439 444/444/440 439/439/435
f 445/445/441 446/446/442 441/441/437
f 447/447/443 448/448/444 449/449/445
f 449/449/445 450/450/446 451/451/447
f 452/452/448 453/453/449 454/454/450
f 455/455/451 454/454/450 456/456/452
f 448/448/444 457/457/453 450/450/446
f 458/458/454 459/459/455 457/457/453
f 460/460/456 456/456/452 461/461/457
f 462/462/458 455/455/451 460/460/456
f 455/455/451 463/463/459 452/452/448
f 462/462/458 464/464/460 465/465/461
f 464/464/460 463/463/459 465/465/461
f 466/466/462 467/467/463 464/464/460
f 464/464/460 468/468/464 469/469/465
f 470/470/466 471/471/467 467/467/463
f 467/467/463 472/472/468 468/468/464
f 473/473/469 474/474/470 471/471/467
f 471/471/467 414/414/410 472/472/468
f 475/475/471 407/407/404 474/474/470
f 474/474/470 408/408/405 414/414/410
f 476/476/472 404/404/401 407/407/404
f 477/477/473 478/478/474 476/476/472
f 479/479/475 476/476/472 475/475/471
f 480/480/476 481/481/477 478/478/474
f 478/478/474 403/403/400 404/404/401
f 482/482/478 483/483/479 481/481/477
f 481/481/477 402/402/399 403/403/400
f 361/361/359 484/484/480 400/400/397
f 485/485/481 482/482/478 486/486/482
f 486/486/482 480/480/476 487/487/483
f 488/488/484 486/486/482 489/489/485
f 489/489/485 487/487/483 490/490/486
f 491/491/487 487/487/483 492/492/488
f 492/492/488 480/480/476 477/477/473
f 493/493/489 492/492/488 494/494/490
f 494/494/490 477/477/473 479/479/475
f 495/495/491 494/494/490 496/496/492
f 496/496/492 479/479/475 497/497/493
f 497/497/493 475/475/471 473/473/469
f 498/498/494 497/497/493 499/499/495
f 499/499/495 473/473/469 470/470/466
f 500/500/496 499/499/495 501/501/497
f 501/501/497 470/470/466 466/466/462
f 502/502/498 501/501/497 503/503/499
f 503/503/499 466/466/462 462/462/458
f 504/504/500 503/503/499 505/505/501
f 503/503/499 460/460/456 505/505/501
f 504/504/500 506/506/502 507/507/503
f 505/505/501 461/461/457 506/506/502
f 186/186/185 508/508/504 509/509/505
f 187/187/186 509/509/505 459/459/455
f 189/189/188 510/510/506 508/508/504
f 511/511/507 504/504/500 507/507/503
f 191/191/190 512/512/508 510/510/506
f 513/513/509 514/514/510 511/511/507
f 515/515/511 516/516/512 514/514/510
f 514/514/510 502/502/498 504/504/500
f 517/517/513 518/518/514 516/516/512
f 516/516/512 500/500/496 502/502/498
f 519/519/515 520/520/516 518/518/514
f 518/518/514 498/498/494 500/500/496
f 521/521/517 495/495/491 520/520/516
f 520/520/516 496/496/492 498/498/494
f 522/522/518 493/493/489 495/495/491
f 324/324/322 523/523/519 522/522/518
f 321/321/319 522/522/518 521/521/517
f 327/327/325 524/524/520 523/523/519
f 523/523/519 491/491/487 493/493/489
f 336/336/334 524/524/520 330/330/328
f 525/525/521 491/491/487 524/524/520
f 339/339/337 525/525/521 336/336/334
f 526/526/522 490/490/486 525/525/521
f 527/527/523 526/526/522 339/339/337
f 528/528/524 489/489/485 526/526/522
f 318/318/316 521/521/517 519/519/515
f 315/315/313 519/519/515 517/517/513
f 312/312/310 517/517/513 515/515/511
f 313/313/311 515/515/511 513/513/509
f 512/512/508 243/243/241 311/311/309
f 472/472/468 415/415/411 529/529/525
f 468/468/464 529/529/525 530/530/430
f 469/469/465 530/530/430 531/531/526
f 469/469/465 532/532/527 463/463/459
f 452/452/448 532/532/527 533/533/528
f 534/534/529 187/187/186 458/458/454
f 535/535/530 458/458/454 448/448/444
f 536/536/531 537/537/532 538/538/533
f 539/539/534 184/184/183 537/537/532
f 540/540/534 541/541/535 542/542/536
f 543/543/537 542/542/536 179/179/178
f 544/544/538 538/538/533 545/545/539
f 546/546/540 547/547/541 541/541/535
f 548/548/542 439/439/435 549/549/543
f 541/541/535 550/550/544 551/551/545
f 549/549/543 435/435/431 552/552/546
f 553/553/547 435/435/431 431/431/427
f 551/551/545 554/554/548 555/555/549
f 555/555/549 556/556/550 557/557/551
f 553/553/547 427/427/423 558/558/552
f 558/558/552 423/423/419 559/559/553
f 557/557/551 560/560/554 561/561/555
f 561/561/555 562/562/556 563/563/557
f 559/559/553 424/424/420 564/564/558
f 563/563/557 565/565/559 566/566/560
f 564/564/558 418/418/414 567/567/561
f 567/567/561 421/421/417 568/568/562
f 566/566/560 569/569/563 570/570/564
f 571/571/565 569/569/563 572/572/566
f 573/573/567 421/421/417 574/574/568
f 574/574/568 422/422/418 575/575/569
f 576/576/570 574/574/568 382/382/380
f 382/382/380 575/575/569 577/577/571
f 376/376/374 572/572/566 578/578/572
f 579/579/573 570/570/564 571/571/565
f 374/374/372 571/571/565 376/376/374
f 152/152/151 580/580/574 579/579/573
f 149/149/148 579/579/573 374/374/372
f 158/158/157 580/580/574 155/155/154
f 581/581/575 570/570/564 580/580/574
f 164/164/163 581/581/575 158/158/157
f 582/582/576 566/566/560 581/581/575
f 167/167/166 582/582/576 164/164/163
f 583/583/577 563/563/557 582/582/576
f 170/170/169 583/583/577 167/167/166
f 584/584/578 561/561/555 583/583/577
f 173/173/172 584/584/578 170/170/169
f 585/585/579 557/557/551 584/584/578
f 176/176/175 585/585/579 173/173/172
f 586/586/580 555/555/549 585/585/579
f 179/179/178 586/586/580 176/176/175
f 542/542/536 551/551/545 586/586/580
f 366/366/364 371/371/369 391/391/389
f 107/107/106 346/346/344 587/587/581
f 588/588/582 342/342/340 589/589/583
f 108/108/107 587/587/581 590/590/584
f 591/591/585 589/589/583 592/592/586
f 593/593/587 594/594/588 595/595/589
f 596/596/590 334/334/332 594/594/588
f 595/595/589 597/597/591 598/598/592
f 594/594/588 331/331/329 597/597/591
f 598/598/592 599/599/593 600/600/594
f 597/597/591 328/328/326 599/599/593
f 600/600/594 601/601/595 602/602/596
f 599/599/593 325/325/323 601/601/595
f 602/602/596 603/603/597 604/604/598
f 601/601/595 322/322/320 603/603/597
f 604/604/598 605/605/599 606/606/600
f 603/603/597 323/323/321 605/605/599
f 606/606/600 607/607/601 608/608/602
f 605/605/599 319/319/317 607/607/601
f 609/609/603 607/607/601 610/610/604
f 610/610/604 319/319/317 316/316/314
f 304/304/302 610/610/604 302/302/300
f 302/302/300 316/316/314 306/306/304
f 46/46/45 608/608/602 609/609/603
f 42/42/41 609/609/603 304/304/302
f 51/51/50 608/608/602 52/52/51
f 58/58/57 606/606/600 51/51/50
f 61/61/60 604/604/598 58/58/57
f 64/64/63 602/602/596 61/61/60
f 67/67/66 600/600/594 64/64/63
f 70/70/69 598/598/592 67/67/66
f 611/611/605 595/595/589 70/70/69
f 612/612/606 592/592/586 75/75/74
f 83/83/82 590/590/584 80/80/79
f 613/613/607 108/108/107 83/83/82
f 614/614/608 32/32/32 289/289/287
f 615/615/609 289/289/287 287/287/285
f 616/616/610 29/29/29 614/614/608
f 617/617/611 614/614/608 615/615/609
f 618/618/612 615/615/609 619/619/613
f 619/619/613 287/287/285 285/285/283
f 620/620/614 619/619/613 621/621/615
f 621/621/615 285/285/283 283/283/281
f 622/622/616 621/621/615 623/623/617
f 623/623/617 283/283/281 281/281/279
f 624/624/618 623/623/617 625/625/619
f 625/625/619 281/281/279 279/279/277
f 626/626/620 625/625/619 627/627/621
f 627/627/621 279/279/277 276/276/274
f 628/628/622 627/627/621 629/629/623
f 629/629/623 276/276/274 277/277/275
f 628/628/622 89/89/88 92/92/91
f 629/629/623 94/94/93 89/89/88
f 630/630/624 628/628/622 631/631/625
f 632/632/626 628/628/622 92/92/91
f 633/633/627 92/92/91 93/93/92
f 634/634/628 635/635/629 636/636/626
f 634/634/628 637/637/630 638/638/631
f 639/639/632 640/640/633 641/641/634
f 642/642/635 640/640/633 643/643/636
f 644/644/637 645/645/638 639/639/632
f 646/646/639 635/635/629 647/647/640
f 648/648/641 649/649/642 644/644/637
f 650/650/643 651/651/624 646/646/639
f 652/652/644 626/626/620 630/630/624
f 652/652/644 622/622/616 624/624/618
f 650/650/643 653/653/645 654/654/646
f 655/655/647 656/656/648 653/653/645
f 657/657/649 620/620/614 622/622/616
f 658/658/650 618/618/612 620/620/614
f 659/659/651 660/660/652 656/656/648
f 661/661/653 662/662/654 663/663/655
f 664/664/656 663/663/655 665/665/657
f 666/666/658 667/667/659 662/662/654
f 668/668/660 669/669/661 660/660/652
f 670/670/662 12/12/12 667/667/659
f 671/671/663 672/672/664 669/669/661
f 673/673/652 617/617/611 618/618/612
f 674/674/665 616/616/610 617/617/611
f 675/675/666 23/23/23 672/672/664
f 676/676/667 26/26/26 616/616/610
f 677/677/668 8/8/8 670/670/662
f 678/678/669 670/670/662 666/666/658
f 679/679/670 53/53/52 49/49/48
f 1/1/1 49/49/48 45/45/44
f 680/680/671 666/666/658 661/661/653
f 681/681/672 56/56/55 53/53/52
f 682/682/673 56/56/55 683/683/674
f 684/684/675 661/661/653 664/664/656
f 685/685/676 55/55/54 682/682/673
f 684/684/675 648/648/641 686/686/677
f 648/648/641 665/665/657 687/687/678
f 686/686/677 644/644/637 688/688/679
f 689/689/680 59/59/58 685/685/676
f 690/690/681 62/62/61 689/689/680
f 688/688/679 639/639/632 691/691/682
f 691/691/682 641/641/634 692/692/683
f 693/693/684 65/65/64 690/690/681
f 694/694/685 641/641/634 642/642/635
f 695/695/686 73/73/72 696/696/687
f 697/697/688 76/76/75 78/78/77
f 698/698/689 76/76/75 699/699/690
f 700/700/691 86/86/85 701/701/692
f 702/702/693 703/703/694 704/704/695
f 704/704/695 705/705/696 706/706/697
f 706/706/697 707/707/698 708/708/699
f 708/708/699 709/709/700 710/710/701
f 710/710/701 711/711/702 712/712/703
f 712/712/703 713/713/704 714/714/705
f 714/714/705 715/715/706 716/716/707
f 716/716/707 717/717/708 718/718/709
f 718/718/709 719/719/710 720/720/711
f 720/720/711 721/721/712 722/722/713
f 722/722/713 723/723/714 724/724/715
f 724/724/715 725/725/716 726/726/717
f 726/726/717 727/727/718 728/728/719
f 728/728/719 729/729/720 730/730/721
f 731/731/722 732/732/723 733/733/724
f 734/734/725 735/735/726 703/703/694
f 703/703/694 736/736/727 705/705/696
f 705/705/696 737/737/728 707/707/698
f 707/707/698 738/738/729 709/709/700
f 709/709/700 739/739/730 711/711/702
f 739/739/730 713/713/704 711/711/702
f 740/740/731 715/715/706 713/713/704
f 741/741/732 717/717/708 715/715/706
f 742/742/733 719/719/710 717/717/708
f 743/743/734 721/721/712 719/719/710
f 744/744/735 723/723/714 721/721/712
f 745/745/736 725/725/716 723/723/714
f 746/746/737 727/727/718 725/725/716
f 747/747/738 729/729/720 727/727/718
f 748/748/739 732/732/723 749/749/740
f 750/750/741 751/751/742 735/735/726
f 735/735/726 752/752/743 736/736/727
f 736/736/727 753/753/744 737/737/728
f 737/737/728 754/754/745 738/738/729
f 738/738/729 755/755/746 739/739/730
f 755/755/746 740/740/731 739/739/730
f 756/756/747 741/741/732 740/740/731
f 757/757/748 742/742/733 741/741/732
f 758/758/749 743/743/734 742/742/733
f 759/759/750 744/744/735 743/743/734
f 760/760/751 745/745/736 744/744/735
f 761/761/752 746/746/737 745/745/736
f 762/762/753 747/747/738 746/746/737
f 763/763/754 764/764/755 747/747/738
f 765/765/756 766/766/757 748/748/739
f 767/767/758 768/768/759 751/751/742
f 751/751/742 769/769/760 752/752/743
f 752/752/743 770/770/761 753/753/744
f 753/753/744 771/771/762 754/754/745
f 754/754/745 772/772/763 755/755/746
f 772/772/763 756/756/747 755/755/746
f 773/773/764 757/757/748 756/756/747
f 774/774/765 758/758/749 757/757/748
f 775/775/766 759/759/750 758/758/749
f 776/776/767 760/760/751 759/759/750
f 777/777/768 761/761/752 760/760/751
f 778/778/769 762/762/753 761/761/752
f 779/779/770 763/763/754 762/762/753
f 780/780/771 781/781/772 763/763/754
f 782/782/773 783/783/774 765/765/756
f 784/784/775 785/785/776 768/768/759
f 768/768/759 786/786/777 769/769/760
f 769/769/760 787/787/778 770/770/761
f 770/770/761 788/788/779 771/771/762
f 771/771/762 789/789/780 772/772/763
f 789/789/780 773/773/764 772/772/763
f 790/790/781 774/774/765 773/773/764
f 791/791/782 775/775/766 774/774/765
f 792/792/783 776/776/767 775/775/766
f 793/793/784 777/777/768 776/776/767
f 794/794/785 778/778/769 777/777/768
f 795/795/786 779/779/770 778/778/769
f 796/796/787 780/780/771 779/779/770
f 797/797/788 798/798/789 780/780/771
f 799/799/790 800/800/791 782/782/773
f 801/801/792 802/802/793 785/785/776
f 785/785/776 803/803/794 786/786/777
f 786/786/777 804/804/795 787/787/778
f 787/787/778 805/805/796 788/788/779
f 788/788/779 806/806/797 789/789/780
f 806/806/797 790/790/781 789/789/780
f 807/807/798 791/791/782 790/790/781
f 808/808/799 792/792/783 791/791/782
f 809/809/800 793/793/784 792/792/783
f 810/810/801 794/794/785 793/793/784
f 811/811/802 795/795/786 794/794/785
f 812/812/803 796/796/787 795/795/786
f 813/813/804 797/797/788 796/796/787
f 814/814/805 815/815/806 797/797/788
f 816/816/807 817/817/808 799/799/790
f 818/818/809 819/819/810 802/802/793
f 802/802/793 820/820/811 803/803/794
f 803/803/794 821/821/812 804/804/795
f 804/804/795 822/822/813 805/805/796
f 805/805/796 823/823/814 806/806/797
f 823/823/814 807/807/798 806/806/797
f 824/824/815 808/808/799 807/807/798
f 825/825/816 809/809/800 808/808/799
f 826/826/817 810/810/801 809/809/800
f 827/827/818 811/811/802 810/810/801
f 828/828/819 812/812/803 811/811/802
f 829/829/820 813/813/804 812/812/803
f 830/830/821 814/814/805 813/813/804
f 831/831/822 832/832/823 814/814/805
f 833/833/824 834/834/825 816/816/807
f 835/835/826 836/836/827 819/819/810
f 819/819/810 837/837/828 820/820/811
f 820/820/811 838/838/829 821/821/812
f 821/821/812 839/839/830 822/822/813
f 822/822/813 840/840/831 823/823/814
f 840/840/831 824/824/815 823/823/814
f 841/841/832 825/825/816 824/824/815
f 842/842/833 826/826/817 825/825/816
f 843/843/834 827/827/818 826/826/817
f 844/844/835 828/828/819 827/827/818
f 845/845/836 829/829/820 828/828/819
f 846/846/837 830/830/821 829/829/820
f 847/847/838 831/831/822 830/830/821
f 848/848/839 849/849/840 831/831/822
f 850/850/841 851/851/842 833/833/824
f 852/852/843 853/853/844 836/836/827
f 836/836/827 854/854/845 837/837/828
f 837/837/828 855/855/846 838/838/829
f 838/838/829 856/856/847 839/839/830
f 839/839/830 857/857/848 840/840/831
f 840/840/831 858/858/849 841/841/832
f 841/841/832 859/859/850 842/842/833
f 859/859/850 843/843/834 842/842/833
f 860/860/851 844/844/835 843/843/834
f 861/861/852 845/845/836 844/844/835
f 862/862/853 846/846/837 845/845/836
f 863/863/854 847/847/838 846/846/837
f 864/864/855 848/848/839 847/847/838
f 865/865/856 866/866/857 848/848/839
f 867/867/858 868/868/859 850/850/841
f 869/869/860 870/870/861 853/853/844
f 853/853/844 871/871/862 854/854/845
f 854/854/845 872/872/863 855/855/846
f 855/855/846 873/873/864 856/856/847
f 856/856/847 874/874/865 857/857/848
f 857/857/848 875/875/866 858/858/849
f 858/858/849 876/876/867 859/859/850
f 859/859/850 877/877/868 860/860/851
f 877/877/868 861/861/852 860/860/851
f 878/878/869 862/862/853 861/861/852
f 879/879/870 863/863/854 862/862/853
f 880/880/871 864/864/855 863/863/854
f 881/881/872 865/865/856 864/864/855
f 882/882/873 883/883/874 865/865/856
f 884/884/875 885/885/876 867/867/858
f 886/886/877 887/887/878 870/870/861
f 870/870/861 888/888/879 871/871/862
f 871/871/862 889/889/880 872/872/863
f 872/872/863 890/890/881 873/873/864
f 873/873/864 891/891/882 874/874/865
f 874/874/865 892/892/883 875/875/866
f 875/875/866 893/893/884 876/876/867
f 876/876/867 894/894/885 877/877/868
f 894/894/885 878/878/869 877/877/868
f 895/895/886 879/879/870 878/878/869
f 896/896/887 880/880/871 879/879/870
f 897/897/888 881/881/872 880/880/871
f 898/898/889 882/882/873 881/881/872
f 899/899/890 900/900/891 882/882/873
f 901/901/892 902/902/893 884/884/875
f 903/903/894 904/904/895 905/905/896
f 905/905/896 906/906/897 907/907/898
f 907/907/898 908/908/899 909/909/900
f 909/909/900 910/910/901 911/911/902
f 911/911/902 912/912/903 913/913/904
f 913/913/904 914/914/905 915/915/906
f 915/915/906 916/916/907 917/917/908
f 917/917/908 918/918/909 919/919/910
f 919/919/910 920/920/911 921/921/912
f 921/921/912 922/922/913 923/923/914
f 923/923/914 924/924/915 925/925/916
f 925/925/916 926/926/917 927/927/918
f 927/927/918 928/928/919 929/929/920
f 929/929/920 930/930/921 931/931/922
f 932/932/923 933/933/924 934/934/925
f 935/935/926 936/703/927 937/936/928
f 938/937/929 939/705/930 936/703/927
f 940/938/931 941/707/932 939/705/930
f 942/939/933 941/707/932 943/940/934
f 942/939/933 944/711/935 945/709/936
f 946/941/937 947/713/938 944/711/935
f 948/942/939 949/715/940 947/713/938
f 950/943/941 951/717/942 949/715/940
f 952/944/943 953/719/944 951/717/942
f 954/945/945 955/721/946 953/719/944
f 956/946/947 957/723/948 955/721/946
f 958/947/949 959/725/950 957/723/948
f 960/948/951 961/727/952 959/725/950
f 962/949/953 963/729/954 961/727/952
f 964/950/955 965/732/956 966/951/957
f 937/936/928 967/735/958 968/952/959
f 936/703/927 969/736/960 967/735/958
f 939/705/930 970/737/961 969/736/960
f 941/707/932 971/738/962 970/737/961
f 944/711/935 971/738/962 945/709/936
f 947/713/938 972/739/963 944/711/935
f 949/715/940 973/740/964 947/713/938
f 951/717/942 974/741/965 949/715/940
f 953/719/944 975/742/966 951/717/942
f 955/721/946 976/743/967 953/719/944
f 957/723/948 977/744/968 955/721/946
f 959/725/950 978/745/969 957/723/948
f 961/727/952 979/746/970 959/725/950
f 963/729/954 980/747/971 961/727/952
f 965/732/956 981/953/972 966/951/957
f 968/952/959 982/751/973 983/954/974
f 967/735/958 984/752/975 982/751/973
f 969/736/960 985/753/976 984/752/975
f 970/737/961 986/754/977 985/753/976
f 971/738/962 987/755/978 986/754/977
f 973/740/964 987/755/978 972/739/963
f 974/741/965 988/756/979 973/740/964
f 975/742/966 989/757/980 974/741/965
f 976/743/967 990/758/981 975/742/966
f 977/744/968 991/759/982 976/743/967
f 978/745/969 992/760/983 977/744/968
f 979/746/970 993/761/984 978/745/969
f 980/747/971 994/762/985 979/746/970
f 995/764/986 996/763/987 980/747/971
f 997/766/988 998/955/989 981/953/972
f 983/954/974 999/768/990 1000/956/991
f 982/751/973 1001/769/992 999/768/990
f 984/752/975 1002/770/993 1001/769/992
f 985/753/976 1003/771/994 1002/770/993
f 986/754/977 1004/772/995 1003/771/994
f 988/756/979 1004/772/995 987/755/978
f 989/757/980 1005/773/996 988/756/979
f 990/758/981 1006/774/997 989/757/980
f 991/759/982 1007/775/998 990/758/981
f 992/760/983 1008/776/999 991/759/982
f 993/761/984 1009/777/1000 992/760/983
f 994/762/985 1010/778/1001 993/761/984
f 996/763/987 1011/779/1002 994/762/985
f 1012/781/1003 1013/780/1004 996/763/987
f 1014/783/1005 1015/957/1006 998/955/989
f 1000/956/991 1016/785/1007 1017/958/1008
f 999/768/990 1018/786/1009 1016/785/1007
f 1001/769/992 1019/787/1010 1018/786/1009
f 1002/770/993 1020/788/1011 1019/787/1010
f 1003/771/994 1021/789/1012 1020/788/1011
f 1005/773/996 1021/789/1012 1004/772/995
f 1006/774/997 1022/790/1013 1005/773/996
f 1007/775/998 1023/791/1014 1006/774/997
f 1008/776/999 1024/792/1015 1007/775/998
f 1009/777/1000 1025/793/1016 1008/776/999
f 1010/778/1001 1026/794/1017 1009/777/1000
f 1011/779/1002 1027/795/1018 1010/778/1001
f 1013/780/1004 1028/796/1019 1011/779/1002
f 1029/798/1020 1030/797/1021 1013/780/1004
f 1031/800/1022 1032/959/1023 1015/957/1006
f 1017/958/1008 1033/802/1024 1034/960/1025
f 1016/785/1007 1035/803/1026 1033/802/1024
f 1018/786/1009 1036/804/1027 1035/803/1026
f 1019/787/1010 1037/805/1028 1036/804/1027
f 1020/788/1011 1038/806/1029 1037/805/1028
f 1022/790/1013 1038/806/1029 1021/789/1012
f 1023/791/1014 1039/807/1030 1022/790/1013
f 1024/792/1015 1040/808/1031 1023/791/1014
f 1025/793/1016 1041/809/1032 1024/792/1015
f 1026/794/1017 1042/810/1033 1025/793/1016
f 1027/795/1018 1043/811/1034 1026/794/1017
f 1028/796/1019 1044/812/1035 1027/795/1018
f 1030/797/1021 1045/813/1036 1028/796/1019
f 1046/815/1037 1047/814/1038 1030/797/1021
f 1048/817/1039 1049/961/1040 1032/959/1023
f 1034/960/1025 1050/819/1041 1051/962/1042
f 1033/802/1024 1052/820/1043 1050/819/1041
f 1035/803/1026 1053/821/1044 1052/820/1043
f 1036/804/1027 1054/822/1045 1053/821/1044
f 1037/805/1028 1055/823/1046 1054/822/1045
f 1039/807/1030 1055/823/1046 1038/806/1029
f 1040/808/1031 1056/824/1047 1039/807/1030
f 1041/809/1032 1057/825/1048 1040/808/1031
f 1042/810/1033 1058/826/1049 1041/809/1032
f 1043/811/1034 1059/827/1050 1042/810/1033
f 1044/812/1035 1060/828/1051 1043/811/1034
f 1045/813/1036 1061/829/1052 1044/812/1035
f 1047/814/1038 1062/830/1053 1045/813/1036
f 1063/832/1054 1064/831/1055 1047/814/1038
f 1065/834/1056 1066/963/1057 1049/961/1040
f 1051/962/1042 1067/836/1058 1068/964/1059
f 1050/819/1041 1069/837/1060 1067/836/1058
f 1052/820/1043 1070/838/1061 1069/837/1060
f 1053/821/1044 1071/839/1062 1070/838/1061
f 1054/822/1045 1072/840/1063 1071/839/1062
f 1056/824/1047 1072/840/1063 1055/823/1046
f 1057/825/1048 1073/841/1064 1056/824/1047
f 1058/826/1049 1074/842/1065 1057/825/1048
f 1059/827/1050 1075/843/1066 1058/826/1049
f 1060/828/1051 1076/844/1067 1059/827/1050
f 1061/829/1052 1077/845/1068 1060/828/1051
f 1062/830/1053 1078/846/1069 1061/829/1052
f 1064/831/1055 1079/847/1070 1062/830/1053
f 1080/849/1071 1081/848/1072 1064/831/1055
f 1082/851/1073 1083/965/1074 1066/963/1057
f 1068/964/1059 1084/853/1075 1085/966/1076
f 1067/836/1058 1086/854/1077 1084/853/1075
f 1069/837/1060 1087/855/1078 1086/854/1077
f 1070/838/1061 1088/856/1079 1087/855/1078
f 1071/839/1062 1089/857/1080 1088/856/1079
f 1072/840/1063 1090/858/1081 1089/857/1080
f 1073/841/1064 1091/859/1082 1090/858/1081
f 1075/843/1066 1091/859/1082 1074/842/1065
f 1076/844/1067 1092/860/1083 1075/843/1066
f 1077/845/1068 1093/861/1084 1076/844/1067
f 1078/846/1069 1094/862/1085 1077/845/1068
f 1079/847/1070 1095/863/1086 1078/846/1069
f 1081/848/1072 1096/864/1087 1079/847/1070
f 1097/866/1088 1098/865/1089 1081/848/1072
f 1099/868/1090 1100/967/1091 1083/965/1074
f 1085/966/1076 1101/870/1092 1102/968/1093
f 1084/853/1075 1103/871/1094 1101/870/1092
f 1086/854/1077 1104/872/1095 1103/871/1094
f 1087/855/1078 1105/873/1096 1104/872/1095
f 1088/856/1079 1106/874/1097 1105/873/1096
f 1089/857/1080 1107/875/1098 1106/874/1097
f 1090/858/1081 1108/876/1099 1107/875/1098
f 1091/859/1082 1109/877/1100 1108/876/1099
f 1093/861/1084 1109/877/1100 1092/860/1083
f 1094/862/1085 1110/878/1101 1093/861/1084
f 1095/863/1086 1111/879/1102 1094/862/1085
f 1096/864/1087 1112/880/1103 1095/863/1086
f 1098/865/1089 1113/881/1104 1096/864/1087
f 1114/883/1105 1115/882/1106 1098/865/1089
f 1116/885/1107 1117/969/1108 1100/967/1091
f 1102/968/1093 1118/887/1109 1119/970/1110
f 1101/870/1092 1120/888/1111 1118/887/1109
f 1103/871/1094 1121/889/1112 1120/888/1111
f 1104/872/1095 1122/890/1113 1121/889/1112
f 1105/873/1096 1123/891/1114 1122/890/1113
f 1106/874/1097 1124/892/1115 1123/891/1114
f 1107/875/1098 1125/893/1116 1124/892/1115
f 1108/876/1099 1126/894/1117 1125/893/1116
f 1110/878/1101 1126/894/1117 1109/877/1100
f 1111/879/1102 1127/895/1118 1110/878/1101
f 1112/880/1103 1128/896/1119 1111/879/1102
f 1113/881/1104 1129/897/1120 1112/880/1103
f 1115/882/1106 1130/898/1121 1113/881/1104
f 1131/900/1122 1132/899/1123 1115/882/1106
f 1133/902/1124 1134/971/1125 1117/969/1108
f 1135/972/1126 1136/904/1127 1137/973/1128
f 1138/974/1129 1139/906/1130 1136/904/1127
f 1140/975/1131 1141/908/1132 1139/906/1130
f 1142/976/1133 1143/910/1134 1141/908/1132
f 1144/977/1135 1145/912/1136 1143/910/1134
f 1146/978/1137 1147/914/1138 1145/912/1136
f 1148/979/1139 1149/916/1140 1147/914/1138
f 1150/980/1141 1151/918/1142 1149/916/1140
f 1152/981/1143 1153/920/1144 1151/918/1142
f 1154/982/1145 1155/922/1146 1153/920/1144
f 1156/983/1147 1157/924/1148 1155/922/1146
f 1158/984/1149 1159/926/1150 1157/924/1148
f 1160/985/1151 1161/928/1152 1159/926/1150
f 1162/986/1153 1163/930/1154 1161/928/1152
f 1164/987/1155 1165/933/1156 1166/988/1157
f 1167/989/1158 1168/990/1159 1169/991/1160
f 1170/992/1161 1171/993/1162 1172/994/1163
f 1173/993/1164 1174/995/1165 1171/993/1162
f 1175/995/1166 1176/996/1167 1174/995/1165
f 1177/996/1168 1178/997/1169 1176/996/1167
f 1179/997/1170 1180/998/1171 1178/997/1169
f 1181/998/1172 1182/999/1173 1180/998/1171
f 1183/999/1174 1184/1000/1175 1182/999/1173
f 1185/1000/1176 1186/1001/1177 1184/1000/1175
f 1187/1002/1178 1186/1001/1177 1188/1001/1179
f 1189/1003/1180 1190/1002/1181 1187/1002/1178
f 1191/1004/1182 1192/1003/1183 1189/1003/1180
f 1193/1005/1184 1194/1004/1185 1191/1004/1182
f 1195/1006/1186 1196/1005/1187 1193/1005/1184
f 1197/1007/1188 1198/1006/1189 1195/1006/1186
f 1199/733/1190 965/732/956 1200/1008/1191
f 1201/1009/1192 1202/1010/1193 1203/1011/1194
f 1204/1012/1195 1205/1013/1196 1206/1013/1197
f 732/732/723 1207/766/1198 1208/732/1199
f 1209/1014/1200 1205/1013/1196 1210/1014/1201
f 783/783/774 1207/766/1198 766/766/757
f 1211/1015/1202 1210/1014/1201 1212/1015/1203
f 800/800/791 1213/783/1204 783/783/774
f 1214/1016/1205 1212/1015/1203 1215/1016/1206
f 817/817/808 1216/800/1207 800/800/791
f 1214/1016/1205 1217/1017/1208 1218/1017/1209
f 834/834/825 1219/817/1210 817/817/808
f 1218/1017/1209 1220/1018/1211 1221/1018/1212
f 834/834/825 1222/851/1213 1223/834/1214
f 1221/1018/1212 1224/1019/1215 1225/1019/1216
f 851/851/842 1226/868/1217 1222/851/1213
f 1227/1020/1218 1224/1019/1215 1228/1020/1219
f 885/885/876 1226/868/1217 868/868/859
f 1227/1020/1218 1229/1021/1220 1230/1021/1221
f 885/885/876 1231/902/1124 1232/885/1222
f 1230/1021/1221 1233/1022/1223 1234/1022/1224
f 902/902/893 1235/1023/1225 1231/902/1124
f 1236/1024/1226 1233/1022/1223 1237/1025/1227
f 1238/1026/1228 1239/1027/1229 1137/973/1128
f 906/906/897 1240/904/1127 1241/906/1230
f 908/908/899 1241/906/1230 1242/908/1132
f 910/910/901 1242/908/1132 1243/910/1134
f 912/912/903 1243/910/1134 1244/912/1231
f 914/914/905 1244/912/1231 1245/914/1232
f 914/914/905 1246/916/1233 916/916/907
f 918/918/909 1246/916/1233 1247/918/1234
f 918/918/909 1248/920/1235 920/920/911
f 920/920/911 1249/922/1236 922/922/913
f 922/922/913 1250/924/1237 924/924/915
f 924/924/915 1251/926/1238 926/926/917
f 926/926/917 1252/928/1239 928/928/919
f 928/928/919 1253/930/1240 930/930/921
f 1254/930/921 1166/988/1157 1255/1028/1241
f 933/933/924 1256/1029/1242 934/934/925
f 1257/1030/1243 1258/1031/1244 1259/1032/1245
f 1260/1033/1246 1261/1034/1247 1262/1035/1248
f 1262/1035/1248 1263/1036/1249 1264/1037/1250
f 1264/1037/1250 1265/1038/1251 1266/1039/1252
f 1266/1039/1252 1267/1040/1253 1268/1041/1254
f 1268/1041/1254 1269/1042/1255 1270/1043/1256
f 1270/1043/1256 1271/1044/1257 1272/1045/1258
f 1272/1045/1258 1273/1046/1259 1274/1047/1260
f 1274/1047/1260 1275/1048/1261 1276/1049/1262
f 1276/1049/1262 1277/1050/1263 1278/1051/1264
f 1278/1051/1264 1279/1052/1265 1280/1053/1266
f 1280/1053/1266 1281/1054/1267 1282/1055/1268
f 1282/1055/1268 1283/1056/1269 1284/1057/1270
f 1284/1057/1270 1285/1058/1271 1286/1059/1272
f 1286/1059/1272 1287/1060/1273 1288/1061/1274
f 1288/1061/1274 1289/1062/1275 1290/1063/1276
f 1291/1064/1277 1292/1065/1278 1293/1066/1279
f 1294/1067/1280 1292/1065/1278 1295/1068/1281
f 1296/1069/1282 1295/1068/1281 1297/1070/1283
f 1298/1071/1284 1297/1070/1283 1299/1072/1285
f 1300/1073/1286 1299/1072/1285 1301/1074/1287
f 1302/1075/1288 1301/1074/1287 1303/1076/1289
f 1302/1075/1288 1304/1077/1290 1305/1078/1291
f 1305/1078/1291 1306/1079/1292 1307/1080/1293
f 1307/1080/1293 1308/1081/1294 1309/1082/1295
f 1309/1082/1295 1310/1083/1296 1311/1084/1297
f 1311/1084/1297 1312/1085/1298 1313/1086/1299
f 1313/1086/1299 1314/1087/1300 1315/1088/1301
f 1315/1088/1301 1316/1089/1302 1317/1090/1303
f 1317/1090/1303 1318/1091/1304 1319/1092/1305
f 1319/1092/1305 1320/1093/1306 1321/1094/1307
f 1321/1094/1307 1322/1095/1308 1323/1096/1309
f 1324/1097/1310 1322/1095/1308 1325/1098/1311
f 1326/1099/1312 1325/1098/1311 1327/1100/1313
f 1328/1101/1314 1327/1100/1313 1329/1102/1315
f 1330/1103/1316 1329/1102/1315 1331/1104/1317
f 1332/1105/1318 1331/1104/1317 1333/1106/1319
f 1334/1107/1320 1333/1106/1319 1335/1108/1321
f 1336/1109/1322 1335/1108/1321 1337/1110/1323
f 1338/1111/1324 1337/1110/1323 1339/1112/1325
f 1340/1113/1326 1339/1112/1325 1341/1114/1327
f 1342/1115/1328 1341/1114/1327 1343/1116/1329
f 1344/1117/1330 1343/1116/1329 1345/1118/1331
f 1346/1119/1332 1345/1118/1331 1347/1120/1333
f 1348/1121/1334 1347/1120/1333 1349/1122/1335
f 1350/1123/1336 1349/1122/1335 1351/1124/1337
f 1352/1125/1338 1351/1124/1337 1353/1126/1339
f 1354/1127/1340 1353/1126/1339 1355/1128/1341
f 1356/1129/1342 1355/1128/1341 1357/1130/1343
f 1358/1131/1344 1359/1132/1345 1360/1133/1346
f 1361/1134/1347 1362/1135/1348 1363/1136/1349
f 1364/1137/1350 1365/1138/1351 1361/1134/1347
f 1366/1139/1352 1367/1140/1353 1364/1137/1350
f 1368/1141/1354 1369/1142/1355 1366/1139/1352
f 1370/1143/1356 1371/1144/1357 1368/1141/1354
f 1372/1145/1358 1373/1146/1359 1370/1143/1356
f 1374/1147/1360 1375/1148/1361 1372/1145/1358
f 1376/1149/1362 1377/1150/1363 1374/1147/1360
f 1378/1151/1364 1379/1152/1365 1376/1149/1362
f 1380/1153/1366 1381/1154/1367 1378/1151/1364
f 1382/1155/1368 1383/1156/1369 1380/1153/1366
f 1384/1157/1370 1385/1158/1371 1386/1159/1372
f 1387/1160/1373 1388/1030/1374 1389/1161/1375
f 1390/1034/1376 1391/1033/1377 1392/1035/1378
f 1393/1036/1379 1392/1035/1378 1394/1037/1380
f 1395/1038/1381 1394/1037/1380 1396/1039/1382
f 1397/1040/1383 1396/1039/1382 1398/1041/1384
f 1399/1042/1385 1398/1041/1384 1400/1043/1386
f 1401/1044/1387 1400/1043/1386 1402/1045/1388
f 1403/1046/1389 1402/1045/1388 1404/1047/1390
f 1405/1048/1391 1404/1047/1390 1406/1049/1392
f 1407/1050/1393 1406/1049/1392 1408/1051/1394
f 1409/1052/1395 1408/1051/1394 1410/1053/1396
f 1411/1054/1397 1410/1053/1396 1412/1055/1398
f 1413/1056/1399 1412/1055/1398 1414/1057/1400
f 1415/1058/1401 1414/1057/1400 1416/1059/1402
f 1417/1060/1403 1416/1059/1402 1418/1061/1404
f 1419/1162/1405 1418/1061/1404 1420/1163/1406
f 1421/1065/1407 1422/1064/1408 1423/1066/1409
f 1424/1067/1410 1421/1065/1407 1423/1066/1409
f 1425/1069/1411 1426/1068/1412 1424/1067/1410
f 1427/1071/1413 1428/1070/1414 1425/1069/1411
f 1429/1073/1415 1430/1072/1416 1427/1071/1413
f 1431/1075/1417 1432/1074/1418 1429/1073/1415
f 1433/1077/1419 1431/1075/1417 1434/1078/1420
f 1435/1079/1421 1434/1078/1420 1436/1080/1422
f 1437/1081/1423 1436/1080/1422 1438/1082/1424
f 1439/1083/1425 1438/1082/1424 1440/1084/1426
f 1441/1085/1427 1440/1084/1426 1442/1086/1428
f 1443/1087/1429 1442/1086/1428 1444/1088/1430
f 1445/1089/1431 1444/1088/1430 1446/1090/1432
f 1447/1091/1433 1446/1090/1432 1448/1092/1434
f 1449/1093/1435 1448/1092/1434 1450/1094/1436
f 1451/1095/1437 1450/1094/1436 1452/1096/1438
f 1453/1097/1439 1451/1095/1437 1452/1096/1438
f 1454/1099/1440 1455/1098/1441 1453/1097/1439
f 1456/1101/1442 1457/1100/1443 1454/1099/1440
f 1458/1103/1444 1459/1102/1445 1456/1101/1442
f 1460/1105/1446 1461/1104/1447 1458/1103/1444
f 1462/1107/1448 1463/1106/1449 1460/1105/1446
f 1464/1109/1450 1465/1108/1451 1462/1107/1448
f 1466/1111/1452 1467/1110/1453 1464/1109/1450
f 1468/1113/1454 1469/1112/1455 1466/1111/1452
f 1470/1115/1456 1471/1114/1457 1468/1113/1454
f 1472/1117/1458 1473/1116/1459 1470/1115/1456
f 1474/1119/1460 1475/1118/1461 1472/1117/1458
f 1476/1121/1462 1477/1120/1463 1474/1119/1460
f 1478/1123/1464 1479/1122/1465 1476/1121/1462
f 1480/1125/1466 1481/1124/1467 1478/1123/1464
f 1482/1127/1468 1483/1126/1469 1480/1125/1466
f 1484/1129/1470 1485/1128/1471 1482/1127/1468
f 1486/1164/1472 1487/1132/1473 1488/1165/1470
f 1489/1166/1474 1490/1134/1475 1491/1167/1476
f 1492/1138/1477 1493/1137/1478 1490/1134/1475
f 1494/1140/1479 1495/1139/1480 1493/1137/1478
f 1496/1142/1481 1497/1141/1482 1495/1139/1480
f 1498/1144/1483 1499/1143/1484 1497/1141/1482
f 1500/1146/1485 1501/1145/1486 1499/1143/1484
f 1502/1148/1487 1503/1147/1488 1501/1145/1486
f 1504/1150/1489 1505/1149/1490 1503/1147/1488
f 1506/1152/1491 1507/1151/1492 1505/1149/1490
f 1508/1154/1493 1509/1153/1494 1507/1151/1492
f 1510/1156/1495 1511/1155/1496 1509/1153/1494
f 1512/1168/1497 1513/1157/1498 1514/1169/1499
f 1515/1170/1500 1388/1030/1374 1516/1170/1501
f 1259/1032/1245 1517/1171/1502 1518/1161/1503
f 1260/1033/1246 1519/1035/1504 1520/1033/1502
f 1521/1170/1505 1522/1160/1506 1258/1031/1244
f 1261/1034/1247 1523/1172/1507 1524/1034/1508
f 1261/1034/1247 1525/1036/1509 1263/1036/1249
f 1263/1036/1249 1526/1038/1510 1265/1038/1251
f 1265/1038/1251 1527/1040/1511 1267/1040/1253
f 1267/1040/1253 1528/1042/1512 1269/1042/1255
f 1269/1042/1255 1529/1044/1513 1271/1044/1257
f 1271/1044/1257 1530/1046/1514 1273/1046/1259
f 1273/1046/1259 1531/1048/1515 1275/1048/1261
f 1275/1048/1261 1532/1050/1516 1277/1050/1263
f 1277/1050/1263 1533/1052/1517 1279/1052/1265
f 1279/1052/1265 1534/1054/1518 1281/1054/1267
f 1281/1054/1267 1535/1056/1519 1283/1056/1269
f 1283/1056/1269 1536/1058/1520 1285/1058/1271
f 1285/1058/1271 1537/1060/1521 1287/1060/1273
f 1289/1062/1275 1537/1060/1521 1538/1162/1522
f 1292/1065/1278 1539/1173/1523 1540/1065/1524
f 1295/1068/1281 1540/1065/1524 1541/1068/1525
f 1297/1070/1283 1541/1068/1525 1542/1070/1526
f 1299/1072/1285 1542/1070/1526 1543/1072/1527
f 1301/1074/1287 1543/1072/1527 1544/1074/1528
f 1303/1076/1289 1544/1074/1528 1545/1076/1529
f 1304/1077/1290 1545/1076/1529 1546/1077/1530
f 1304/1077/1290 1547/1079/1531 1306/1079/1292
f 1306/1079/1292 1548/1081/1423 1308/1081/1294
f 1308/1081/1294 1549/1083/1425 1310/1083/1296
f 1310/1083/1296 1550/1085/1532 1312/1085/1298
f 1312/1085/1298 1551/1087/1429 1314/1087/1300
f 1314/1087/1300 1552/1089/1533 1316/1089/1302
f 1316/1089/1302 1553/1091/1534 1318/1091/1304
f 1318/1091/1304 1554/1093/1535 1320/1093/1306
f 1322/1095/1308 1554/1093/1535 1555/1095/1536
f 1325/1098/1311 1555/1095/1536 1556/1098/1537
f 1327/1100/1313 1556/1098/1537 1557/1100/1538
f 1329/1102/1315 1557/1100/1538 1558/1102/1539
f 1331/1104/1317 1558/1102/1539 1559/1104/1447
f 1333/1106/1319 1559/1104/1447 1560/1106/1540
f 1335/1108/1321 1560/1106/1540 1561/1108/1541
f 1337/1110/1323 1561/1108/1541 1562/1110/1542
f 1339/1112/1325 1562/1110/1542 1563/1112/1543
f 1341/1114/1327 1563/1112/1543 1564/1114/1544
f 1343/1116/1329 1564/1114/1544 1565/1116/1545
f 1345/1118/1331 1565/1116/1545 1566/1118/1546
f 1347/1120/1333 1566/1118/1546 1567/1120/1547
f 1349/1122/1335 1567/1120/1547 1568/1122/1548
f 1351/1124/1337 1568/1122/1548 1569/1124/1467
f 1353/1126/1339 1569/1124/1467 1570/1126/1549
f 1353/1126/1339 1571/1128/1550 1355/1128/1341
f 1355/1128/1341 1572/1130/1551 1357/1130/1343
f 1360/1133/1346 1573/1132/1551 1574/1174/1552
f 1575/1175/1553 1576/1176/1554 1577/1176/1555
f 1577/1176/1555 1578/1164/1556 1358/1131/1344
f 1356/1129/1342 1579/1127/1468 1354/1127/1340
f 1354/1127/1340 1580/1125/1557 1352/1125/1338
f 1352/1125/1338 1581/1123/1558 1350/1123/1336
f 1350/1123/1336 1582/1121/1559 1348/1121/1334
f 1348/1121/1334 1583/1119/1560 1346/1119/1332
f 1346/1119/1332 1584/1117/1561 1344/1117/1330
f 1344/1117/1330 1585/1115/1562 1342/1115/1328
f 1342/1115/1328 1586/1113/1563 1340/1113/1326
f 1340/1113/1326 1587/1111/1564 1338/1111/1324
f 1338/1111/1324 1588/1109/1565 1336/1109/1322
f 1336/1109/1322 1589/1107/1566 1334/1107/1320
f 1334/1107/1320 1590/1105/1567 1332/1105/1318
f 1332/1105/1318 1591/1103/1568 1330/1103/1316
f 1330/1103/1316 1592/1101/1569 1328/1101/1314
f 1328/1101/1314 1593/1099/1570 1326/1099/1312
f 1326/1099/1312 1594/1097/1571 1324/1097/1310
f 1324/1097/1310 1595/1096/1438 1323/1096/1309
f 1323/1096/1309 1596/1094/1572 1321/1094/1307
f 1319/1092/1305 1596/1094/1572 1597/1092/1573
f 1317/1090/1303 1597/1092/1573 1598/1090/1574
f 1315/1088/1301 1598/1090/1574 1599/1088/1575
f 1313/1086/1299 1599/1088/1575 1600/1086/1576
f 1311/1084/1297 1600/1086/1576 1601/1084/1426
f 1309/1082/1295 1601/1084/1426 1602/1082/1577
f 1307/1080/1293 1602/1082/1577 1603/1080/1578
f 1305/1078/1291 1603/1080/1578 1604/1078/1420
f 1302/1075/1288 1604/1078/1420 1605/1075/1579
f 1302/1075/1288 1606/1073/1580 1300/1073/1286
f 1300/1073/1286 1607/1071/1581 1298/1071/1284
f 1298/1071/1284 1608/1069/1582 1296/1069/1282
f 1296/1069/1282 1609/1067/1583 1294/1067/1280
f 1294/1067/1280 1610/1066/1584 1293/1066/1279
f 1293/1066/1279 1611/1064/1585 1291/1064/1277
f 1612/1064/1586 1420/1163/1406 1613/1063/1587
f 1286/1059/1272 1614/1061/1588 1615/1059/1589
f 1284/1057/1270 1615/1059/1589 1616/1057/1590
f 1282/1055/1268 1616/1057/1590 1617/1055/1591
f 1280/1053/1266 1617/1055/1591 1618/1053/1592
f 1278/1051/1264 1618/1053/1592 1619/1051/1593
f 1276/1049/1262 1619/1051/1593 1620/1049/1594
f 1274/1047/1260 1620/1049/1594 1621/1047/1595
f 1272/1045/1258 1621/1047/1595 1622/1045/1596
f 1270/1043/1256 1622/1045/1596 1623/1043/1597
f 1268/1041/1254 1623/1043/1597 1624/1041/1598
f 1266/1039/1252 1624/1041/1598 1625/1039/1382
f 1264/1037/1250 1625/1039/1382 1626/1037/1599
f 1262/1035/1248 1626/1037/1599 1519/1035/1504
f 1627/1136/1600 1628/1177/1601 1491/1167/1476
f 1629/1177/1602 1630/1178/1603 1628/1177/1601
f 1365/1138/1351 1631/1166/1604 1362/1135/1348
f 1367/1140/1353 1632/1138/1605 1365/1138/1351
f 1369/1142/1355 1633/1140/1606 1367/1140/1353
f 1371/1144/1357 1634/1142/1607 1369/1142/1355
f 1373/1146/1359 1635/1144/1608 1371/1144/1357
f 1375/1148/1361 1636/1146/1609 1373/1146/1359
f 1377/1150/1363 1637/1148/1610 1375/1148/1361
f 1379/1152/1365 1638/1150/1489 1377/1150/1363
f 1381/1154/1367 1639/1152/1611 1379/1152/1365
f 1383/1156/1369 1640/1154/1612 1381/1154/1367
f 1641/1179/1613 1642/1156/1614 1383/1156/1369
f 1643/1180/1615 1644/1168/1497 1385/1158/1371
f 1645/1180/1616 1513/1157/1498 1646/1180/1617
f 1647/1159/1618 1511/1155/1496 1514/1169/1499
f 1382/1155/1368 1648/1153/1619 1649/1155/1496
f 1380/1153/1366 1650/1151/1620 1648/1153/1619
f 1378/1151/1364 1651/1149/1621 1650/1151/1620
f 1376/1149/1362 1652/1147/1622 1651/1149/1621
f 1374/1147/1360 1653/1145/1623 1652/1147/1622
f 1372/1145/1358 1654/1143/1624 1653/1145/1623
f 1370/1143/1356 1655/1141/1625 1654/1143/1624
f 1368/1141/1354 1656/1139/1626 1655/1141/1625
f 1366/1139/1352 1657/1137/1478 1656/1139/1626
f 1364/1137/1350 1658/1134/1627 1657/1137/1478
f 1290/1063/1276 1614/1061/1588 1288/1061/1274
f 1659/1173/1628 1419/1162/1405 1660/1173/1629
f 1660/1173/1629 1420/1163/1406 1422/1064/1408
f 1290/1063/1276 1661/1173/1628 1291/1064/1277
f 1362/1135/1348 1662/1178/1603 1663/1178/1630
f 1361/1134/1347 1664/1167/1631 1658/1134/1627
f 1630/1178/1603 1491/1167/1476 1628/1177/1601
f 1363/1136/1349 1663/1178/1630 1665/1177/1602
f 1666/1181/1632 1667/1182/1633 1668/1183/1634
f 1667/1182/1633 1669/1184/1635 1670/1185/1636
f 1671/1186/1637 1672/1187/1638 1669/1184/1635
f 1666/1181/1632 1673/1188/1639 1671/1186/1637
f 1674/1189/1640 1675/1190/1641 1676/1191/1642
f 1677/1192/1643 1673/1188/1639 1674/1189/1640
f 1678/1193/1640 1679/1194/1644 1680/1195/1645
f 1681/1196/1642 1682/1197/1646 1678/1193/1640
f 1680/1195/1645 1683/1198/1647 1684/1199/1648
f 1685/1200/1648 1672/1187/1638 1677/1192/1643
f 1684/1199/1648 1686/1201/1649 1687/1202/1650
f 1688/1203/1651 1669/1184/1635 1685/1200/1648
f 1687/1202/1650 1689/1204/1652 1690/1205/1653
f 1691/1206/1654 1670/1185/1636 1688/1203/1651
f 1692/1207/1655 1670/1185/1636 1693/1208/1656
f 1693/1208/1656 1694/1209/1657 1692/1207/1655
f 1695/1210/1658 1693/1208/1656 1691/1206/1654
f 1696/1211/1659 1697/1212/1660 1694/1209/1657
f 1698/1213/1661 1696/1211/1659 1695/1210/1658
f 1690/1205/1653 1699/1214/1662 1700/1215/1663
f 1700/1215/1663 1701/1216/1664 1702/1217/1665
f 1702/1217/1665 1703/1218/1666 1704/1219/1667
f 1705/1220/1667 1706/1221/1668 1698/1213/1661
f 1707/1222/1669 1708/1223/1670 1709/1224/1671
f 1710/1225/1672 1711/1226/1673 1712/1227/1670
f 1707/1222/1669 1713/1228/1674 1714/1229/1675
f 1714/1229/1675 1706/1221/1668 1707/1222/1669
f 1715/1230/1676 1697/1212/1660 1714/1229/1675
f 1715/1230/1676 1713/1228/1674 1716/1231/1677
f 1717/1232/1678 1709/1224/1671 1718/1233/1679
f 1716/1231/1677 1717/1232/1678 1719/1234/1680
f 1720/1235/1681 1717/1232/1678 1721/1236/1682
f 1721/1236/1682 1718/1233/1679 1722/1237/1683
f 1718/1233/1679 1723/1238/1684 1722/1237/1683
f 1709/1224/1671 1724/1239/1685 1718/1233/1679
f 1712/1227/1670 1725/1240/1686 1726/1241/1687
f 1726/1241/1687 1727/1242/1688 1728/1243/1689
f 1728/1243/1689 1729/1244/1690 1730/1245/1691
f 1722/1237/1683 1731/1246/1692 1732/1247/1693
f 1732/1247/1693 1733/1248/1694 1734/1249/1695
f 1730/1245/1691 1735/1250/1696 1736/1251/1697
f 1722/1237/1683 1737/1252/1698 1721/1236/1682
f 1732/1247/1693 1738/1253/1699 1737/1252/1698
f 1738/1253/1699 1739/1254/1700 1740/1255/1701
f 1734/1249/1695 1741/1256/1702 1739/1254/1700
f 1739/1254/1700 1742/1257/1703 1740/1255/1701
f 1736/1251/1697 1743/1258/1704 1744/1259/1705
f 1744/1259/1705 1745/1260/1706 1746/1261/1707
f 1740/1255/1701 1747/1262/1708 1748/1263/1709
f 1749/1264/1710 1745/1260/1706 1750/1265/1711
f 1751/1266/1712 1752/1267/1713 1753/1268/1714
f 1754/1269/1706 1755/1270/1715 1752/1267/1713
f 1753/1268/1714 1756/1271/1716 1757/1272/1717
f 1756/1271/1716 1755/1270/1715 1758/1273/1718
f 1759/1274/1719 1755/1270/1715 1760/1275/1704
f 1756/1271/1716 1761/1276/1720 1762/1277/1721
f 1763/1278/1722 1758/1273/1718 1759/1274/1719
f 1762/1277/1721 1764/1279/1723 1765/1280/1724
f 1766/1281/1688 1761/1276/1720 1763/1278/1722
f 1765/1280/1724 1767/1282/1725 1768/1283/1726
f 1769/1284/1727 1764/1279/1723 1766/1281/1688
f 1768/1283/1726 1770/1285/1728 1771/1286/1729
f 1772/1287/1730 1767/1282/1725 1773/1288/1731
f 1711/1226/1673 1774/1289/1732 1725/1240/1686
f 1727/1242/1688 1725/1240/1686 1774/1289/1732
f 1775/1290/1733 1770/1285/1728 1776/1291/1730
f 1777/1292/1734 1778/1293/1730 1711/1226/1673
f 1779/1294/1735 1703/1218/1666 1701/1216/1664
f 1780/1295/1736 1781/1296/1737 1782/1297/1735
f 1780/1295/1736 1783/1298/1738 1784/1299/1739
f 1784/1299/1739 1771/1286/1729 1770/1285/1728
f 1785/1300/1740 1786/1301/1741 1787/1302/1742
f 1786/1301/1741 1788/1303/1735 1789/1304/1743
f 1787/1302/1742 1790/1305/1744 1791/1306/1745
f 1790/1305/1744 1792/1307/1746 1793/1308/1747
f 1689/1204/1652 1794/1309/1748 1699/1214/1662
f 1794/1309/1748 1701/1216/1664 1699/1214/1662
f 1790/1305/1744 1795/1310/1749 1796/1311/1750
f 1791/1306/1745 1796/1311/1750 1797/1312/1751
f 1797/1312/1751 1798/1313/1752 1799/1314/1753
f 1796/1311/1750 1800/1315/1647 1798/1313/1752
f 1799/1314/1753 1801/1316/1754 1802/1317/1755
f 1798/1313/1752 1803/1318/1644 1801/1316/1754
f 1801/1316/1754 1804/1319/1646 1802/1317/1755
f 1805/1320/1756 1802/1317/1755 1806/1321/1757
f 1802/1317/1755 1807/1322/1758 1806/1321/1757
f 1808/1323/1759 1806/1321/1757 1809/1324/1760
f 1806/1321/1757 1810/1325/1761 1809/1324/1760
f 1811/1326/1762 1812/1327/1763 1681/1196/1642
f 1813/1328/1764 1810/1325/1761 1814/1329/1765
f 1815/1330/1766 1816/1331/1767 1811/1326/1762
f 1817/1332/1762 1818/1333/1768 1819/1334/1769
f 1676/1191/1642 1820/1335/1770 1817/1332/1762
f 1821/1336/1771 1820/1335/1770 1822/1337/1772
f 1822/1337/1772 1675/1190/1641 1666/1181/1632
f 1823/1338/1773 1822/1337/1772 1824/1339/1774
f 1822/1337/1772 1668/1183/1634 1824/1339/1774
f 1825/1340/1775 1823/1338/1773 1824/1339/1774
f 1826/1341/1776 1824/1339/1774 1827/1342/1777
f 1827/1342/1777 1668/1183/1634 1828/1343/1778
f 1829/1344/1779 1830/1345/1780 1831/1346/1775
f 1832/1347/1781 1831/1346/1775 1833/1348/1782
f 1834/1349/1783 1835/1350/1784 1830/1345/1780
f 1836/1351/1785 1823/1338/1773 1837/1352/1786
f 1835/1350/1784 1838/1353/1787 1839/1354/1788
f 1840/1355/1788 1841/1356/1789 1836/1351/1785
f 1821/1336/1771 1841/1356/1789 1842/1357/1790
f 1842/1357/1790 1843/1358/1791 1844/1359/1792
f 1844/1359/1792 1845/1360/1793 1846/1361/1794
f 1847/1362/1795 1843/1358/1791 1840/1355/1788
f 1846/1361/1794 1848/1363/1796 1849/1364/1797
f 1845/1360/1793 1850/1365/1798 1848/1363/1796
f 1851/1366/1799 1852/1367/1800 1853/1368/1801
f 1839/1354/1788 1852/1367/1800 1854/1369/1795
f 1851/1366/1799 1855/1370/1802 1856/1371/1803
f 1848/1363/1796 1857/1372/1804 1858/1373/1805
f 1858/1373/1805 1859/1374/1806 1860/1375/1807
f 1856/1371/1803 1861/1376/1808 1862/1377/1806
f 1849/1364/1797 1858/1373/1805 1863/1378/1809
f 1863/1378/1809 1860/1375/1807 1864/1379/1810
f 1865/1380/1811 1860/1375/1807 1866/1381/1812
f 1860/1375/1807 1867/1382/1813 1866/1381/1812
f 1868/1383/1814 1865/1380/1811 1866/1381/1812
f 1869/1384/1815 1866/1381/1812 1870/1385/1816
f 1866/1381/1812 1871/1386/1817 1870/1385/1816
f 1872/1387/1818 1873/1388/1819 1874/1389/1820
f 1862/1377/1806 1875/1390/1821 1872/1387/1818
f 1876/1391/1821 1877/1392/1822 1878/1393/1819
f 1879/1394/1808 1880/1395/1823 1881/1391/1824
f 1882/1396/1825 1883/1397/1826 1880/1395/1823
f 1883/1397/1826 1884/1398/1827 1885/1399/1828
f 1877/1392/1822 1886/1400/1823 1887/1398/1829
f 1882/1396/1825 1888/1401/1830 1889/1402/1831
f 1890/1403/1802 1882/1396/1825 1879/1394/1808
f 1891/1404/1832 1892/1405/1833 1888/1401/1830
f 1890/1403/1802 1893/1406/1834 1891/1404/1832
f 1893/1406/1834 1894/1407/1835 1892/1405/1833
f 1895/1408/1836 1896/1409/1837 1893/1406/1834
f 1897/1410/1838 1896/1409/1837 1898/1411/1839
f 1898/1411/1839 1899/1412/1840 1900/1413/1841
f 1901/1414/1842 1898/1411/1839 1902/1415/1843
f 1902/1415/1843 1900/1413/1841 1903/1416/1844
f 1904/1417/1845 1902/1415/1843 1905/1418/1846
f 1905/1418/1846 1903/1416/1844 1906/1419/1783
f 1808/1323/1759 1905/1418/1846 1907/1420/1847
f 1907/1420/1847 1906/1419/1783 1908/1421/1779
f 1909/1422/1848 1808/1323/1759 1910/1423/1849
f 1911/1424/1850 1912/1422/1851 1913/1425/1852
f 1911/1424/1850 1914/1421/1779 1915/1426/1781
f 1904/1417/1845 1809/1324/1760 1813/1328/1764
f 1791/1306/1745 1909/1422/1848 1916/1427/1853
f 1917/1428/1854 1791/1306/1745 1916/1427/1853
f 1918/1429/1855 1916/1427/1853 1919/1426/1781
f 1920/1430/1856 1832/1347/1781 1833/1348/1782
f 1921/1431/1857 1922/1432/1858 1923/1433/1859
f 1924/1434/1860 1925/1435/1861 1926/1436/1862
f 1927/1437/1863 1928/1438/1864 1929/1439/1865
f 1930/1440/1866 1931/1441/1863 1932/1442/1867
f 1923/1433/1859 1933/1443/1866 1921/1431/1857
f 1934/1437/1863 1935/1444/1868 1917/1428/1854
f 1936/1445/1869 1937/1446/1870 1931/1441/1863
f 1938/1447/1871 1937/1446/1870 1936/1445/1869
f 1939/1448/1872 1936/1445/1869 1940/1449/1866
f 1941/1450/1873 1939/1448/1872 1942/1451/1874
f 1938/1447/1871 1943/1452/1875 1944/1453/1876
f 1945/1454/1877 1946/1455/1878 1947/1456/1872
f 1945/1454/1877 1948/1443/1866 1949/1457/1859
f 1950/1458/1879 1951/1454/1880 1952/1459/1881
f 1951/1454/1880 1953/1460/1882 1952/1459/1881
f 1953/1460/1882 1954/1461/1883 1952/1459/1881
f 1952/1459/1881 1955/1462/1884 1950/1458/1879
f 1956/1463/1885 1950/1458/1879 1955/1462/1884
f 1957/1464/1886 1958/1465/1887 1950/1458/1879
f 1959/1466/1888 1960/1467/1889 1961/1468/1890
f 1962/1469/1891 1961/1468/1890 1963/1470/1892
f 1964/1471/1893 1960/1467/1889 1965/1472/1894
f 1966/1473/1889 1967/1474/1895 1968/1475/1896
f 1969/1476/1897 1970/1477/1898 1971/1478/1899
f 1972/1479/1900 1973/1480/1901 1974/1481/1898
f 1967/1474/1895 1975/1482/1902 1976/1483/1903
f 1977/1484/1902 1771/1286/1729 1978/1485/1904
f 1768/1283/1726 1969/1476/1897 1765/1280/1724
f 1978/1485/1904 1979/1486/1905 1977/1484/1902
f 1980/1487/1906 1981/1488/1874 1982/1489/1907
f 1941/1450/1873 1980/1487/1906 1943/1452/1875
f 1978/1485/1904 1983/1490/1908 1984/1491/1875
f 1978/1485/1904 1783/1298/1738 1985/1492/1909
f 1985/1492/1909 1785/1300/1740 1935/1444/1868
f 1986/1493/1908 1935/1444/1868 1987/1494/1870
f 1935/1444/1868 1787/1302/1742 1917/1428/1854
f 1988/1495/1910 1765/1280/1724 1969/1476/1897
f 1989/1496/1911 1990/1497/1912 1991/1495/1913
f 1992/1478/1899 1990/1497/1912 1989/1496/1911
f 1993/1498/1914 1994/1499/1915 1995/1500/1912
f 1994/1499/1915 1988/1495/1910 1996/1501/1916
f 1997/1502/1917 1993/1498/1914 1995/1500/1912
f 1998/1503/1918 1999/1504/1919 2000/1505/1917
f 2001/1506/1920 2000/1505/1917 1973/1480/1901
f 2002/1507/1919 2003/1508/1921 1993/1498/1914
f 2004/1509/1922 1999/1504/1919 2005/1510/1923
f 2006/1511/1924 2007/1512/1925 2008/1513/1926
f 2008/1513/1926 2009/1514/1927 2010/1515/1928
f 2011/1516/1929 2008/1513/1926 2012/1517/1930
f 2013/1518/1931 2008/1513/1926 2010/1515/1928
f 2014/1519/1932 2006/1511/1924 2011/1516/1929
f 2015/1520/1933 2016/1521/1934 2006/1511/1924
f 2017/1522/1935 2015/1520/1933 2014/1519/1932
f 2018/1523/1936 2019/1524/1937 2015/1520/1933
f 2020/1525/1938 2021/1526/1939 2022/1527/1940
f 2004/1509/1922 2022/1527/1940 2023/1528/1941
f 2024/1529/1942 2025/1530/1943 2026/1531/1944
f 2027/1532/1945 2026/1531/1944 2003/1508/1921
f 2003/1508/1921 2028/1533/1946 2029/1534/1947
f 2026/1531/1944 2030/1535/1948 2028/1533/1946
f 2031/1536/1949 2025/1530/1943 2032/1537/1950
f 2032/1537/1950 2033/1538/1939 2034/1539/1951
f 2035/1540/1952 2032/1537/1950 2036/1541/1953
f 2036/1541/1953 2034/1539/1951 2037/1542/1954
f 2038/1543/1955 2039/1544/1951 2040/1545/1956
f 2040/1545/1956 2021/1526/1939 2041/1546/1957
f 2042/1547/1958 2037/1542/1954 2043/1548/1959
f 2044/1549/1959 2038/1543/1955 2045/1550/1960
f 2046/1551/1961 2047/1552/1962 2048/1553/1963
f 2049/1554/1964 2050/1555/1965 2046/1551/1961
f 2051/1556/1966 2050/1555/1965 2052/1557/1967
f 2052/1557/1967 2053/1558/1968 2054/1559/1969
f 2054/1559/1969 2018/1523/1936 2017/1522/1935
f 2055/1560/1957 2053/1558/1968 2049/1554/1964
f 2056/1561/1970 2054/1559/1969 2057/1562/1971
f 2057/1562/1971 2017/1522/1935 2058/1563/1972
f 2058/1563/1972 2014/1519/1932 2059/1564/1973
f 2060/1565/1974 2058/1563/1972 2061/1566/1975
f 2059/1564/1973 2061/1566/1975 2058/1563/1972
f 2062/1567/1976 2063/1568/1977 2064/1569/1975
f 2063/1568/1977 2065/1570/1978 2064/1569/1975
f 2066/1571/1979 2067/1572/1980 2065/1570/1978
f 2068/1573/1981 2057/1562/1971 2060/1565/1974
f 2067/1572/1980 2069/1574/1982 2070/1575/1983
f 2071/1576/1984 2056/1561/1970 2068/1573/1981
f 2072/1577/1985 2052/1557/1967 2056/1561/1970
f 2051/1556/1966 2073/1578/1986 2074/1579/1987
f 2075/1580/1988 2072/1577/1985 2071/1576/1984
f 2074/1579/1987 2076/1581/1989 2077/1582/1990
f 2078/1583/1991 2073/1578/1986 2075/1580/1988
f 2079/1584/1992 2080/1585/1993 2081/1586/1994
f 2070/1575/1983 2082/1587/1995 2079/1584/1992
f 2081/1586/1994 2083/1588/1996 2084/1589/1997
f 2085/1590/1998 2076/1581/1989 2078/1583/1991
f 2083/1588/1996 2086/1591/1999 2084/1589/1997
f 2087/1592/2000 2088/1593/2001 2085/1590/1998
f 2077/1582/1990 2088/1593/2001 2089/1594/2002
f 2089/1594/2002 2090/1595/2003 2091/1596/2004
f 2087/1592/2000 2091/1596/2004 2090/1595/2003
f 2092/1597/2005 2091/1596/2004 2093/1598/2006
f 2094/1599/2007 2093/1598/2006 2091/1596/2004
f 2095/1600/2008 2096/1601/2009 2097/1602/2007
f 2098/1603/2010 2097/1602/2007 2086/1591/1999
f 2099/1604/2011 2100/1605/2012 2096/1601/2009
f 2101/1606/2009 2102/1607/2013 2093/1598/2006
f 2103/1608/2014 2104/1609/2015 2100/1605/2012
f 2105/1610/2016 2106/1611/2017 2102/1607/2013
f 2107/1612/2018 2093/1598/2006 2102/1607/2013
f 2102/1607/2013 2108/1613/2019 2107/1612/2018
f 2106/1611/2017 2109/1614/2020 2108/1613/2019
f 2110/1615/2021 2111/1616/2022 2106/1611/2017
f 2112/1617/2023 2111/1616/2022 2113/1618/2024
f 2114/1619/2025 2113/1618/2024 2111/1616/2022
f 2115/1620/2026 2116/1621/2027 2117/1622/2025
f 2118/1623/2028 2117/1622/2025 2104/1609/2015
f 2119/1624/2029 2120/1625/2030 2121/1626/2031
f 2122/1627/2032 2123/1628/2033 2124/1629/2034
f 2123/1628/2033 2125/1630/2035 2124/1629/2034
f 2126/1631/2036 2127/1632/2033 2115/1620/2026
f 2128/1633/2037 2129/1634/2038 2130/1635/2039
f 2131/1636/2040 2132/1637/2041 2133/1638/2042
f 2131/1636/2040 2134/1639/2043 2135/1640/2044
f 2135/1640/2044 2136/1641/2045 2129/1634/2038
f 2137/1642/2046 2138/1643/2047 2139/1644/2048
f 2140/1645/2049 2129/1634/2038 2136/1641/2045
f 2141/1646/2050 2136/1641/2045 2142/1647/2051
f 2142/1647/2051 2134/1639/2043 2143/1648/2052
f 2142/1647/2051 2144/1649/2053 2141/1646/2050
f 2142/1647/2051 2145/1650/2054 2146/1651/2055
f 2147/1652/2056 2148/1653/2053 2149/1654/2055
f 2150/1655/2057 2149/1654/2055 2151/1656/2054
f 2150/1655/2057 2152/1657/2058 2153/1658/2059
f 2154/1659/2060 2155/1660/2061 2156/1661/2062
f 2153/1658/2059 2152/1657/2058 2157/1662/2063
f 2158/1663/2064 2155/1660/2061 2159/1664/2065
f 2155/1660/2061 2160/1665/2066 2159/1664/2065
f 2143/1648/2052 2161/1666/2067 2155/1660/2061
f 2162/1667/2068 2163/1668/2069 2164/1669/2070
f 2165/1670/2071 2159/1664/2065 2160/1665/2066
f 2166/1671/2072 2167/1672/2073 2168/1673/2068
f 2166/1671/2072 2169/1674/2074 2170/1675/2075
f 2171/1676/2074 2172/1677/2076 2173/1678/2077
f 2172/1677/2076 2174/1679/2078 2175/1680/2079
f 2176/1681/2080 2177/1682/2081 2166/1671/2072
f 2170/1675/2075 2176/1681/2080 2166/1671/2072
f 2178/1683/2082 2179/1681/2083 2180/1684/2084
f 2181/1683/2085 2182/1685/2086 2183/1686/2087
f 2184/1687/2088 2185/1688/2089 2182/1685/2086
f 2182/1685/2086 2186/1689/2090 2183/1686/2087
f 2187/1690/2091 2185/1688/2089 2188/1691/2092
f 2189/1692/2093 2190/1693/2094 2191/1694/2095
f 2191/1694/2095 2171/1676/2074 2173/1678/2077
f 2192/1695/2096 2193/1696/2097 2194/1697/2098
f 2195/1698/2077 2196/1699/2099 2192/1695/2096
f 2197/1700/2100 2196/1699/2099 2198/1701/2101
f 2196/1699/2099 2199/1702/2102 2198/1701/2101
f 2199/1702/2102 2200/1703/2103 2201/1704/2104
f 2202/1705/2105 2200/1703/2103 2203/1706/2106
f 2204/1707/2076 2203/1706/2106 2195/1698/2077
f 2205/1708/2107 2202/1705/2105 2206/1709/2108
f 2207/1710/2079 2202/1705/2105 2204/1707/2076
f 2206/1709/2108 2208/1711/2109 2205/1708/2107
f 2209/1712/2110 2206/1709/2108 2207/1710/2079
f 2175/1680/2079 2210/1713/2111 2211/1714/2112
f 2211/1714/2112 2044/1549/1959 2045/1550/1960
f 2048/1553/1963 2212/1715/2113 2209/1712/2110
f 2213/1716/2114 2043/1548/1959 2214/1717/2115
f 2215/1718/2116 2216/1669/2070 2217/1719/2117
f 2218/1720/2118 2219/1721/2119 2220/1722/2120
f 2217/1719/2117 2221/1720/2118 2215/1718/2116
f 2219/1721/2119 2042/1547/1958 2213/1716/2114
f 2222/1723/2121 2036/1541/1953 2042/1547/1958
f 2223/1724/2122 2035/1540/1952 2222/1723/2121
f 2222/1723/2121 2224/1725/2123 2223/1724/2122
f 2225/1726/2124 2226/1727/1982 2227/1728/2125
f 2223/1724/2122 2228/1729/2126 2226/1727/1982
f 2224/1725/2123 2229/1730/1993 2228/1729/2126
f 2219/1721/2119 2230/1731/2127 2224/1725/2123
f 2230/1731/2127 2231/1732/2128 2229/1730/1993
f 2232/1733/2129 2233/1734/2130 2230/1731/2127
f 2218/1720/2118 2234/1735/2131 2232/1733/2129
f 2234/1735/2131 2235/1736/2132 2233/1734/2130
f 2236/1737/2133 2237/1738/2134 2234/1735/2131
f 2165/1670/2071 2238/1739/2135 2236/1737/2133
f 2165/1670/2071 2218/1720/2118 2163/1668/2069
f 2160/1665/2066 2239/1740/2136 2165/1670/2071
f 2238/1739/2135 2240/1741/2137 2241/1742/2138
f 2239/1740/2136 2242/1743/2139 2240/1741/2137
f 2243/1744/2140 2244/1745/2042 2245/1746/2139
f 2161/1666/2067 2243/1744/2140 2160/1665/2066
f 2103/1608/2014 2246/1747/2141 2118/1623/2028
f 2246/1747/2141 2115/1620/2026 2118/1623/2028
f 2237/1738/2134 2241/1742/2138 2247/1748/2142
f 2235/1736/2132 2247/1748/2142 2248/1749/2143
f 2233/1734/2130 2248/1749/2143 2231/1732/2128
f 2225/1726/2124 2031/1536/1949 2035/1540/1952
f 2249/1750/2144 2227/1728/2125 2250/1751/2145
f 2251/1752/2146 2250/1751/2145 2252/1753/2147
f 2249/1750/2144 2030/1535/1948 2031/1536/1949
f 2028/1533/1946 2251/1752/2146 2253/1754/2148
f 2252/1753/2147 2253/1754/2148 2251/1752/2146
f 2029/1534/1947 2253/1754/2148 2254/1755/2149
f 2255/1756/2150 2254/1755/2149 2253/1754/2148
f 2256/1757/2151 2257/1758/2150 2062/1567/1976
f 2258/1759/2152 2259/1760/2153 2254/1755/2149
f 2256/1757/2151 2260/1761/2154 2261/1762/2152
f 2262/1763/2155 2263/1764/2156 2264/1765/2157
f 2264/1765/2157 2265/1766/2158 2059/1564/1973
f 2059/1564/1973 2011/1516/1929 2264/1765/2157
f 2264/1765/2157 2012/1517/1930 2262/1763/2155
f 2266/1767/2159 2267/1768/2160 2262/1763/2155
f 2013/1518/1931 2262/1763/2155 2012/1517/1930
f 2268/1769/2161 2266/1767/2159 2013/1518/1931
f 1748/1263/1709 2269/1770/2162 2266/1767/2159
f 2270/1771/2160 2271/1772/2163 2260/1761/2154
f 2272/1773/2162 1750/1265/1711 2271/1772/2163
f 2273/1774/2164 2274/1775/2165 2259/1760/2153
f 2275/1776/2166 1753/1268/1714 2274/1775/2165
f 2259/1760/2153 1994/1499/1915 2276/1777/2167
f 2274/1775/2165 1757/1272/1717 1994/1499/1915
f 2276/1777/2167 2254/1755/2149 2259/1760/2153
f 1993/1498/1914 2029/1534/1947 2276/1777/2167
f 1738/1253/1699 1748/1263/1709 2268/1769/2161
f 1737/1252/1698 2268/1769/2161 2277/1778/2168
f 2277/1778/2168 2013/1518/1931 2010/1515/1928
f 1721/1236/1682 2277/1778/2168 1720/1235/1681
f 1720/1235/1681 2010/1515/1928 2278/1779/2169
f 2278/1779/2169 1719/1234/1680 1720/1235/1681
f 2279/1780/2170 2280/1781/2171 2281/1782/1893
f 2278/1779/2169 2009/1514/1927 2280/1781/2171
f 1716/1231/1677 2279/1780/2170 2282/1783/2172
f 2282/1783/2172 2281/1782/1893 2283/1784/2173
f 2284/1785/2174 1716/1231/1677 2282/1783/2172
f 2284/1785/2174 2285/1786/2175 2286/1787/2176
f 2285/1786/2175 2283/1784/2173 2287/1788/2177
f 2286/1787/2176 2288/1789/2178 2289/1790/2179
f 2285/1786/2175 2290/1791/2180 2288/1789/2178
f 2289/1790/2179 2291/1792/2181 2292/1793/2182
f 2288/1789/2178 2293/1794/2183 2291/1792/2181
f 1962/1469/1891 2294/1795/2184 2295/1796/2185
f 2291/1792/2181 2296/1797/2186 2297/1798/2187
f 2295/1796/2185 2298/1799/2188 2299/1800/2189
f 2300/1801/2190 2301/1802/2191 2302/1803/2192
f 2303/1804/2193 1955/1462/1884 2301/1802/2191
f 2304/1805/2194 2302/1803/2192 2301/1802/2191
f 1954/1461/1883 2301/1802/2191 1955/1462/1884
f 2302/1803/2192 2305/1806/2195 2300/1801/2190
f 2306/1807/2196 2307/1808/2197 2308/1809/2198
f 2308/1809/2198 2309/1810/2199 2310/1811/2200
f 2311/1812/2201 2307/1808/2197 2304/1805/2194
f 2312/1813/2202 2310/1811/2200 2309/1810/2199
f 2309/1810/2199 2313/1814/2203 2312/1813/2202
f 2314/1815/2204 2315/1816/2205 2316/1817/2206
f 2315/1816/2205 2317/1818/2207 2316/1817/2206
f 2314/1815/2204 2318/1819/2208 2319/1820/2209
f 2320/1821/2210 2321/1822/2211 2310/1811/2200
f 2322/1823/2212 2323/1824/2213 2321/1822/2211
f 2324/1825/2214 2325/1826/2215 2318/1819/2208
f 2186/1689/2090 2310/1811/2200 2321/1822/2211
f 2183/1686/2087 2321/1822/2211 2323/1824/2213
f 2323/1824/2213 2181/1683/2085 2183/1686/2087
f 2326/1827/2216 2327/1828/2217 2323/1824/2213
f 2178/1683/2082 2328/1829/2218 2329/1830/2219
f 2330/1831/2220 2331/1832/2221 2332/1829/2222
f 2333/1833/2223 2331/1832/2221 2330/1831/2220
f 2334/1834/2224 2335/1835/2225 2336/1836/2226
f 2336/1836/2226 2325/1826/2215 2337/1837/2227
f 2338/1838/2228 2339/1839/2229 2340/1393/1819
f 2334/1834/2224 1873/1388/1819 2341/1840/2230
f 2342/1841/2053 2343/1842/2229 2344/1843/2231
f 1870/1385/1816 2345/1844/2232 2346/1845/2233
f 2346/1845/2233 2347/1846/2234 2348/1847/2235
f 1870/1385/1816 2349/1848/2236 1869/1384/1815
f 2350/1849/2237 2346/1845/2233 2348/1847/2235
f 2199/1702/2102 2350/1849/2237 2348/1847/2235
f 2199/1702/2102 2351/1850/2238 2198/1701/2101
f 2348/1847/2235 2352/1851/2227 2351/1850/2238
f 2198/1701/2101 2353/1852/2239 2197/1700/2100
f 2351/1850/2238 2354/1853/2240 2353/1852/2239
f 2197/1700/2100 2355/1854/2241 2356/1855/2242
f 2353/1852/2239 2357/1856/2204 2355/1854/2241
f 2356/1855/2242 2358/1857/2243 2359/1858/2244
f 2355/1854/2241 2360/1859/2245 2358/1857/2243
f 2359/1858/2244 2361/1860/2246 2292/1793/2182
f 2362/1861/2247 2358/1857/2243 2360/1859/2245
f 2292/1793/2182 2363/1862/2248 2289/1790/2179
f 2364/1863/2249 2361/1860/2246 2362/1861/2247
f 2365/1864/2250 2366/1865/2251 2317/1818/2207
f 2366/1865/2251 2367/1866/2252 2368/1867/2253
f 2369/1868/2253 2363/1862/2248 2364/1863/2249
f 2367/1866/2252 1926/1436/1862 2368/1867/2253
f 2370/1869/2254 2371/1870/2255 2369/1868/2253
f 2289/1790/2179 2371/1870/2255 2286/1787/2176
f 2371/1870/2255 2284/1785/2174 2286/1787/2176
f 2284/1785/2174 2372/1871/2256 1715/1230/1676
f 2373/1872/2257 2372/1871/2256 2374/1873/2258
f 2370/1869/2254 2373/1872/2257 2374/1873/2258
f 1828/1343/1778 2373/1872/2257 1827/1342/1777
f 2375/1874/2259 1827/1342/1777 2373/1872/2257
f 2372/1871/2256 1694/1209/1657 1697/1212/1660
f 1692/1207/1655 2376/1875/2260 1828/1343/1778
f 1668/1183/1634 1692/1207/1655 1828/1343/1778
f 2377/1876/2261 2378/1877/2252 2379/1878/2262
f 1953/1460/1882 2380/1879/1858 2378/1877/2252
f 2311/1812/2201 2379/1878/2262 2313/1814/2203
f 2377/1876/2261 2304/1805/2194 1954/1461/1883
f 2292/1793/2182 2297/1798/2187 2359/1858/2244
f 2359/1858/2244 2381/1880/2263 2356/1855/2242
f 2382/1881/2264 2297/1798/2187 2296/1797/2186
f 2356/1855/2242 2193/1696/2097 2197/1700/2100
f 2194/1697/2098 2381/1880/2263 2382/1881/2264
f 2383/1882/2264 2384/1883/2265 2189/1692/2093
f 2298/1799/2188 2383/1882/2264 2299/1800/2189
f 2306/1807/2196 2188/1691/2092 2305/1806/2195
f 2350/1849/2237 2385/1884/2266 2349/1848/2236
f 2201/1704/2104 2386/1885/2267 2350/1849/2237
f 2201/1704/2104 2109/1614/2020 2112/1617/2023
f 2113/1618/2024 2386/1885/2267 2112/1617/2023
f 2385/1884/2266 2119/1624/2029 2387/1886/2268
f 2387/1886/2268 2121/1626/2031 2388/1887/2269
f 2389/1888/2270 2387/1886/2268 2390/1889/2271
f 2390/1889/2271 2388/1887/2269 2391/1890/2272
f 2392/1891/2273 2124/1629/2034 2393/1892/2274
f 2394/1893/2275 2393/1892/2274 2395/1894/2276
f 2396/1895/2277 2395/1894/2276 2397/1896/2278
f 2398/1897/2279 2391/1890/2272 2399/1898/2280
f 2400/1899/2281 2399/1898/2280 2401/1900/2282
f 2402/1901/2282 2397/1896/2278 2403/1902/2283
f 2390/1889/2271 2404/1903/2284 2389/1888/2270
f 2398/1897/2279 2405/1904/2285 2404/1903/2284
f 2405/1904/2285 2406/1905/2286 2407/1906/2287
f 2406/1905/2286 2401/1900/2282 2408/1907/2288
f 2407/1906/2287 2408/1907/2288 2409/1908/2289
f 2410/1909/2288 2403/1902/2283 2411/1910/2290
f 2412/1911/2289 2411/1910/2290 2413/1912/2291
f 2414/1913/2292 2409/1908/2289 2415/1914/2293
f 2416/1915/2294 2413/1912/2291 2417/1916/2295
f 2418/1917/2296 2419/1918/2297 2420/1919/2298
f 2421/1920/2299 2422/1921/2300 2419/1918/2297
f 2420/1919/2298 2423/1922/2301 2424/1923/2302
f 2423/1922/2301 2422/1921/2300 2425/1924/2303
f 2426/1925/2304 2425/1924/2303 2422/1921/2300
f 2423/1922/2301 2427/1926/2305 2428/1927/2306
f 2429/1928/2307 2427/1926/2305 2425/1924/2303
f 2428/1927/2306 2430/1929/2308 2431/1930/2309
f 2432/1931/2310 2430/1929/2308 2427/1926/2305
f 2431/1930/2309 2138/1643/2047 2140/1645/2049
f 2433/1932/2311 2430/1929/2308 2434/1933/2312
f 2338/1838/2228 2140/1645/2049 2141/1646/2050
f 1884/1398/1827 2431/1930/2309 2338/1838/2228
f 2424/1923/2302 2428/1927/2306 1884/1398/1827
f 2435/1934/2313 2424/1923/2302 1883/1397/1826
f 2436/1935/2314 2420/1919/2298 2435/1934/2313
f 2437/1936/2315 1883/1397/1826 1889/1402/1831
f 2438/1937/2316 2435/1934/2313 2437/1936/2315
f 2439/1938/2317 2417/1916/2295 2440/1939/2318
f 2441/1940/2319 2440/1939/2318 2442/1941/2316
f 2443/1942/2320 2442/1941/2316 2444/1943/2321
f 2445/1944/2321 2437/1936/2315 2446/1945/2322
f 2447/1946/2323 2444/1943/2321 2448/1947/2324
f 2449/1948/2325 2446/1945/2322 2450/1949/2326
f 1889/1402/1831 2446/1945/2322 2437/1936/2315
f 1888/1401/1830 2450/1949/2326 2446/1945/2322
f 1892/1405/1833 2451/1950/2327 2450/1949/2326
f 2452/1951/2328 2450/1949/2326 2451/1950/2327
f 2453/1952/2329 1894/1407/1835 1897/1410/1838
f 2451/1950/2327 2454/1953/2330 2452/1951/2328
f 2455/1954/2331 2448/1947/2324 2456/1955/2332
f 2456/1955/2332 2457/1956/2333 2455/1954/2331
f 2458/1957/2330 2459/1958/2334 2457/1956/2333
f 2453/1952/2329 2460/1959/2335 2454/1953/2330
f 2461/1960/2336 1815/1330/1766 2459/1958/2334
f 2462/1961/2337 1814/1329/1765 2460/1959/2335
f 2462/1961/2337 1897/1410/1838 1901/1414/1842
f 1813/1328/1764 1901/1414/1842 1904/1417/1845
f 2463/1962/2338 2464/1963/2339 2465/1964/2333
f 1819/1334/1769 2466/1965/2340 2463/1962/2338
f 2466/1965/2340 1844/1359/1792 2464/1963/2339
f 1818/1333/1768 1842/1357/1790 2466/1965/2340
f 2464/1963/2339 1846/1361/1794 2467/1966/2341
f 2468/1967/2331 2464/1963/2339 2467/1966/2341
f 2469/1968/2342 2468/1967/2331 2467/1966/2341
f 2467/1966/2341 1849/1364/1797 2469/1968/2342
f 2469/1968/2342 1863/1378/1809 2470/1969/2343
f 2469/1968/2342 2471/1970/2344 2472/1971/2345
f 2470/1969/2343 1864/1379/1810 2473/1972/2346
f 2470/1969/2343 2474/1973/2347 2471/1970/2344
f 2473/1972/2346 2475/1974/2317 2474/1973/2347
f 1865/1380/1811 2473/1972/2346 1864/1379/1810
f 2476/1975/2348 2477/1976/2349 1865/1380/1811
f 2477/1976/2349 2415/1914/2293 2475/1974/2317
f 2405/1904/2285 2414/1913/2292 2476/1975/2348
f 2404/1903/2284 2476/1975/2348 1868/1383/1814
f 2389/1888/2270 1868/1383/1814 1869/1384/1815
f 1869/1384/1815 2385/1884/2266 2389/1888/2270
f 2395/1894/2276 2393/1892/2274 2478/1977/2350
f 2124/1629/2034 2478/1977/2350 2393/1892/2274
f 2342/1841/2053 2332/1829/2222 2331/1832/2221
f 2479/1978/2351 2329/1830/2219 2328/1829/2218
f 2329/1830/2219 2480/1979/2352 2179/1681/2083
f 2187/1690/2091 2308/1809/2198 2186/1689/2090
f 2047/1552/1962 2074/1579/1987 2212/1715/2113
f 2074/1579/1987 2208/1711/2109 2212/1715/2113
f 2077/1582/1990 2092/1597/2005 2208/1711/2109
f 2208/1711/2109 2107/1612/2018 2205/1708/2107
f 2107/1612/2018 2481/1980/2353 2205/1708/2107
f 2200/1703/2103 2108/1613/2019 2109/1614/2020
f 1757/1272/1717 1762/1277/1721 1988/1495/1910
f 1968/1475/1896 1967/1474/1895 2482/1455/2354
f 1909/1422/1848 1799/1314/1753 1805/1320/1756
f 2483/1009/1192 1200/1008/1191 2484/1009/2355
f 1169/991/1160 2485/1012/2356 1204/1012/1195
f 2486/1010/2357 1200/1008/1191 964/950/955
f 1198/1006/1189 2487/1981/2358 962/949/953
f 1196/1005/1187 962/949/953 960/948/951
f 1194/1004/1185 960/948/951 958/947/949
f 1192/1003/1183 958/947/949 956/946/947
f 1190/1002/1181 956/946/947 954/945/945
f 1186/1001/1177 954/945/945 952/944/943
f 1184/1000/1175 952/944/943 950/943/941
f 1182/999/1173 950/943/941 948/942/939
f 1180/998/1171 948/942/939 946/941/937
f 1178/997/1169 946/941/937 942/939/933
f 1178/997/1169 943/940/934 1176/996/1167
f 1174/995/1165 943/940/934 940/938/931
f 1171/993/1162 940/938/931 938/937/929
f 1172/994/1163 938/937/929 935/935/926
f 1203/1011/1194 733/733/724 1201/1009/1192
f 2488/1006/2359 730/730/721 2489/1007/1188
f 2490/1005/2360 728/728/719 2488/1006/2359
f 2491/1004/2361 726/726/717 2490/1005/2360
f 2492/1003/2362 724/724/715 2491/1004/2361
f 2493/1002/2363 722/722/713 2492/1003/2362
f 2494/1001/2364 720/720/711 2493/1002/2363
f 2495/1000/2365 718/718/709 2494/1001/2364
f 2496/999/2366 716/716/707 2495/1000/2365
f 2497/998/2367 714/714/705 2496/999/2366
f 2498/997/2368 712/712/703 2497/998/2367
f 2499/996/2369 710/710/701 2498/997/2368
f 2500/995/2370 708/708/699 2499/996/2369
f 2501/993/2371 706/706/697 2500/995/2370
f 2502/992/2372 704/704/695 2501/993/2371
f 934/934/925 1235/1023/1225 2503/1023/2373
f 2504/1027/2374 1237/1025/1227 1239/1027/1229
f 1134/971/1125 2505/1029/1242 1164/987/1155
f 1132/899/1123 2506/1982/2375 1162/986/1153
f 1130/898/1121 1162/986/1153 1160/985/1151
f 1129/897/1120 1160/985/1151 1158/984/1149
f 1128/896/1119 1158/984/1149 1156/983/1147
f 1127/895/1118 1156/983/1147 1154/982/1145
f 1126/894/1117 1154/982/1145 1152/981/1143
f 1125/893/1116 1152/981/1143 1150/980/1141
f 1124/892/1115 1150/980/1141 1148/979/1139
f 1123/891/1114 1148/979/1139 1146/978/1137
f 1122/890/1113 1146/978/1137 1144/977/1135
f 1121/889/1112 1144/977/1135 1142/976/1133
f 1120/888/1111 1142/976/1133 1140/975/1131
f 1120/888/1111 1138/974/1129 1118/887/1109
f 1118/887/1109 1135/972/1126 1119/970/1110
f 901/901/892 934/934/925 2503/1023/2373
f 899/899/890 931/931/922 2507/1983/2376
f 898/898/889 929/929/920 899/899/890
f 897/897/888 927/927/918 898/898/889
f 896/896/887 925/925/916 897/897/888
f 895/895/886 923/923/914 896/896/887
f 894/894/885 921/921/912 895/895/886
f 893/893/884 919/919/910 894/894/885
f 892/892/883 917/917/908 893/893/884
f 891/891/882 915/915/906 892/892/883
f 890/890/881 913/913/904 891/891/882
f 889/889/880 911/911/902 890/890/881
f 888/888/879 909/909/900 889/889/880
f 887/887/878 907/907/898 888/888/879
f 903/903/894 887/887/878 2508/1984/2377
f 696/696/687 68/68/67 693/693/684
f 2509/1985/688 642/642/635 2510/1986/690
f 2510/1986/690 643/643/636 2511/1987/2378
f 638/638/631 2512/1988/2379 2513/1989/692
f 2514/1990/2380 93/93/92 2515/1991/2381
f 75/75/74 593/593/587 611/611/605
f 592/592/586 596/596/590 593/593/587
f 589/589/583 337/337/335 596/596/590
f 483/483/479 400/400/397 402/402/399
f 402/402/399 392/392/390 2516/1992/2382
f 2516/1992/2382 394/394/386 398/398/395
f 389/389/387 2517/1993/391 2518/1994/388
f 383/383/381 2519/1995/2383 2520/1996/2384
f 2521/1997/378 383/383/381 2520/1996/2384
f 377/377/375 2522/1998/2385 2523/1999/370
f 2524/2000/2386 377/377/375 2523/1999/370
f 2525/2001/2387 375/375/373 2524/2000/2386
f 2526/2002/2388 361/361/359 483/483/479
f 485/485/481 358/358/356 2526/2002/2388
f 488/488/484 355/355/353 485/485/481
f 528/528/524 352/352/350 488/488/484
f 344/344/342 528/528/524 527/527/523
f 341/341/339 527/527/523 338/338/336
f 342/342/340 338/338/336 337/337/335
f 2527/2003/2389 150/150/149 2525/2001/2387
f 2528/2004/2390 143/143/142 2529/2005/2391
f 2529/2005/2391 145/145/144 2527/2003/2389
f 2530/2006/2392 128/128/127 2528/2004/2390
f 2531/2007/2393 124/124/123 2530/2006/2392
f 2532/2008/2394 122/122/121 2531/2007/2393
f 2533/2009/112 120/120/119 2532/2008/2394
f 101/101/100 2533/2009/112 2534/2010/2395
f 95/95/94 2534/2010/2395 2535/2011/97
f 90/90/89 2535/2011/97 2536/2012/2396
f 93/93/92 2537/2013/2397 2515/1991/2381
f 91/91/90 2536/2012/2396 2537/2013/2397
f 72/72/71 611/611/605 69/69/68
f 73/73/72 69/69/68 68/68/67
f 2538/2014/377 381/381/379 2521/1997/378
f 643/643/636 2513/1989/692 2511/1987/2378
f 701/701/692 81/81/80 698/698/689
f 12/12/12 24/24/24 675/675/666
f 12/12/12 671/671/663 667/667/659
f 662/662/654 671/671/663 668/668/660
f 663/663/655 668/668/660 659/659/651
f 665/665/657 659/659/651 655/655/647
f 687/687/678 655/655/647 650/650/643
f 687/687/678 646/646/639 649/649/642
f 649/649/642 647/647/640 645/645/638
f 640/640/633 638/638/631 643/643/636
f 640/640/633 647/647/640 634/634/628
f 2539/2015/2398 573/573/567 576/576/570
f 2540/2016/2399 568/568/562 573/573/567
f 2541/2017/2400 567/567/561 568/568/562
f 2542/2018/556 567/567/561 2543/2019/2401
f 2544/2020/2402 564/564/558 2542/2018/556
f 2545/2021/2403 559/559/553 2544/2020/2402
f 2546/2022/2404 558/558/552 2545/2021/2403
f 2547/2023/544 553/553/547 2546/2022/2404
f 2548/2024/2405 552/552/546 2547/2023/544
f 2548/2024/2405 548/548/542 549/549/543
f 447/447/443 538/538/533 535/535/530
f 537/537/532 185/185/184 534/534/529
f 538/538/533 534/534/529 535/535/530
f 2549/2025/376 576/576/570 381/381/379
f 370/370/368 380/380/378 385/385/383
f 367/367/365 373/373/371 370/370/368
f 364/364/362 369/369/367 367/367/365
f 250/250/248 293/293/291 296/296/294
f 296/296/294 33/33/33 298/298/296
f 246/246/244 253/253/251 250/250/248
f 244/244/242 249/249/247 246/246/244
f 239/239/237 244/244/242 2550/2026/2406
f 197/197/196 2550/2026/2406 242/242/240
f 193/193/192 242/242/240 194/194/193
f 181/181/180 194/194/193 190/190/189
f 184/184/183 188/188/187 185/185/184
f 182/182/181 190/190/189 188/188/187
f 139/139/138 148/148/147 364/364/362
f 135/135/134 142/142/141 139/139/138
f 133/133/132 138/138/137 135/135/134
f 131/131/130 130/130/129 133/133/132
f 2551/2027/2407 126/126/125 131/131/130
f 114/114/113 2551/2027/2407 115/115/114
f 105/105/104 115/115/114 111/111/110
f 99/99/98 111/111/110 109/109/108
f 97/97/96 109/109/108 106/106/105
f 88/88/87 106/106/105 613/613/607
f 85/85/84 613/613/607 82/82/81
f 86/86/85 82/82/81 81/81/80
f 298/298/296 30/30/30 36/36/35
f 36/36/35 21/21/21 38/38/37
f 13/13/13 24/24/24 11/11/11
f 38/38/37 20/20/20 15/15/15
f 384/384/382 2518/1994/388 2519/1995/2383
f 2552/2028/2408 694/694/685 2509/1985/688
f 2553/2029/2409 78/78/77 2554/2030/70
f 2555/2031/687 692/692/683 694/694/685
f 2556/2032/681 692/692/683 2557/2033/684
f 2558/2034/2410 691/691/682 2556/2032/681
f 2559/2035/2411 688/688/679 2558/2034/2410
f 2560/2036/2412 686/686/677 2559/2035/2411
f 2560/2036/2412 680/680/671 684/684/675
f 2561/2037/2413 678/678/669 680/680/671
f 2562/2038/2414 678/678/669 2563/2039/2415
f 2562/2038/2414 6/6/6 677/677/668
f 80/80/79 2564/2040/2416 2565/2041/2417
f 590/590/584 2566/2042/2418 2564/2040/2416
f 587/587/581 2567/2043/2419 2566/2042/2418
f 2568/2044/480 391/391/389 2569/2045/398
f 2570/2046/509 311/311/309 2571/2047/2420
f 510/510/506 2570/2046/509 2572/2048/2421
f 508/508/504 2572/2048/2421 2573/2049/503
f 459/459/455 2574/2050/2422 2575/2051/457
f 509/509/505 2573/2049/503 2574/2050/2422
f 457/457/453 2575/2051/457 2576/2052/452
f 450/450/446 2576/2052/452 2577/2053/2423
f 451/451/447 2577/2053/2423 2578/2054/449
f 2579/2055/445 441/441/437 444/444/440
f 444/444/440 442/442/438 440/440/436
f 440/440/436 433/433/429 436/436/432
f 436/436/432 429/429/425 432/432/428
f 432/432/428 430/430/426 428/428/424
f 419/419/415 430/430/426 425/425/421
f 420/420/416 425/425/421 416/416/412
f 575/575/569 410/410/407 413/413/409
f 422/422/418 416/416/412 410/410/407
f 577/577/571 413/413/409 387/387/385
f 391/391/389 2580/2056/391 2569/2045/398
f 577/577/571 389/389/387 384/384/382
f 2581/2057/358 366/366/364 2568/2044/480
f 2582/2058/2424 363/363/361 2581/2057/358
f 2583/2059/2425 359/359/357 2582/2058/2424
f 2584/2060/349 356/356/354 2583/2059/2425
f 2585/2061/2426 353/353/351 2584/2060/349
f 2586/2062/347 348/348/346 2585/2061/2426
f 345/345/343 2586/2062/347 2587/2063/341
f 346/346/344 2587/2063/341 2567/2043/2419
f 2571/2047/2420 310/310/308 2588/2064/2427
f 2588/2064/2427 305/305/303 2589/2065/305
f 2589/2065/305 299/299/297 2590/2066/2428
f 2591/2067/2429 39/39/38 2592/2068/42
f 2590/2066/2428 300/300/298 2591/2067/2429
f 77/77/76 2565/2041/2417 2593/2069/73
f 78/78/77 2593/2069/73 2554/2030/70
f 2594/2070/2430 17/17/17 2595/2071/5
f 2592/2068/42 40/40/39 2594/2070/2430
f 2595/2071/5 18/18/18 2596/2072/2431
f 2597/2073/2432 10/10/10 2598/2074/2433
f 2599/2075/2434 10/10/10 6/6/6
f 1258/1031/1244 2600/2076/2435 2601/2076/2436
f 1257/1030/1243 1518/1161/1503 2602/1030/1374
f 2603/2076/2437 1389/1161/1375 2604/1171/2438
f 1259/1032/1245 2601/2076/2436 2605/1171/2439
f 1358/1131/1344 2606/1165/2440 2607/1165/1342
f 1575/1175/1553 1574/1174/1552 2608/1175/2441
f 2609/1176/2442 2610/1174/2443 1486/1164/1472
f 1577/1176/1555 1360/1133/1346 1575/1175/1553
f 1384/1157/1370 2611/1169/2444 2612/1157/2445
f 1385/1158/1371 2613/1179/2446 1641/1179/1613
f 2614/1179/2447 1514/1169/1499 1511/1155/1496
f 1386/1159/1372 1641/1179/1613 1382/1155/1368
f 2615/1024/2448 2508/1984/2377 2616/1022/2449
f 1119/970/1110 1237/1025/1227 1233/1022/1223
f 2617/991/2450 2502/992/2372 2618/989/1158
f 2619/989/2451 935/935/926 1168/990/1159
f 904/904/895 2620/973/2452 1240/904/1127
f 1167/989/1158 1172/994/1163 2619/989/2451
f 1237/1025/1227 1137/973/1128 1239/1027/1229
f 1229/1021/1220 1119/970/1110 1233/1022/1223
f 1228/1020/1219 1102/968/1093 1229/1021/1220
f 1224/1019/1215 1085/966/1076 1228/1020/1219
f 1220/1018/1211 1068/964/1059 1224/1019/1215
f 1217/1017/1208 1051/962/1042 1220/1018/1211
f 1215/1016/1206 1034/960/1025 1217/1017/1208
f 1212/1015/1203 1017/958/1008 1215/1016/1206
f 1210/1014/1201 1000/956/991 1212/1015/1203
f 1205/1013/1196 983/954/974 1210/1014/1201
f 2485/1012/2356 968/952/959 1205/1013/1196
f 1168/990/1159 937/936/928 2485/1012/2356
f 2615/1024/2448 2621/1026/2453 903/903/894
f 2622/1021/2454 2508/1984/2377 886/886/877
f 2623/1020/2455 886/886/877 869/869/860
f 2624/1019/1216 869/869/860 852/852/843
f 2625/1018/2456 852/852/843 835/835/826
f 2626/1017/2457 835/835/826 818/818/809
f 2627/1016/2458 818/818/809 801/801/792
f 2628/1015/2459 801/801/792 784/784/775
f 2629/1014/2460 784/784/775 767/767/758
f 2630/1013/2461 767/767/758 750/750/741
f 2631/1012/2462 750/750/741 734/734/725
f 2631/1012/2462 702/702/693 2617/991/2450
f 2507/1983/2376 932/932/923 901/901/892
f 2632/1983/2463 1164/987/1155 2506/1982/2375
f 2489/1007/1188 731/731/722 1203/1011/1194
f 2633/1007/2464 964/950/955 2487/1981/2358
f 2634/1028/2465 2635/933/1156 933/933/924
f 1203/1011/1194 2636/1007/2466 2489/1007/1188
f 2506/1982/2375 1166/988/1157 1163/930/1154
f 1117/969/1108 2632/1983/2463 1131/900/1122
f 1100/967/1091 1131/900/1122 1114/883/1105
f 1083/965/1074 1114/883/1105 1097/866/1088
f 1066/963/1057 1097/866/1088 1080/849/1071
f 1049/961/1040 1080/849/1071 1063/832/1054
f 1032/959/1023 1063/832/1054 1046/815/1037
f 1015/957/1006 1046/815/1037 1029/798/1020
f 998/955/989 1029/798/1020 1012/781/1003
f 981/953/972 1012/781/1003 995/764/986
f 966/951/957 995/764/986 963/729/954
f 2487/1981/2358 966/951/957 963/729/954
f 931/931/922 2634/1028/2465 932/932/923
f 2507/1983/2376 884/884/875 900/900/891
f 900/900/891 867/867/858 883/883/874
f 883/883/874 850/850/841 866/866/857
f 866/866/857 833/833/824 849/849/840
f 849/849/840 816/816/807 832/832/823
f 832/832/823 799/799/790 815/815/806
f 815/815/806 782/782/773 798/798/789
f 798/798/789 765/765/756 781/781/772
f 781/781/772 748/748/739 764/764/755
f 764/764/755 749/749/740 729/729/720
f 730/730/721 749/749/740 731/731/722
f 1/1/1 45/45/44 2/2/2
f 4/4/4 3/3/3 2/2/2
f 6/6/6 10/10/10 7/7/7
f 9/9/9 2637/2077/2467 7/7/7
f 8/8/8 7/7/7 11/11/11
f 7/7/7 2637/2077/2467 13/13/13
f 14/14/14 38/38/37 15/15/15
f 17/17/17 14/14/14 16/16/16
f 19/19/19 2638/2078/25 20/20/20
f 22/22/22 2639/2079/2468 23/23/23
f 25/25/25 2640/2080/2469 26/26/26
f 26/26/26 2640/2080/2469 28/28/28
f 30/30/30 34/34/28 19/19/19
f 29/29/29 28/28/28 31/31/31
f 33/33/33 294/294/292 34/34/28
f 35/35/34 298/298/296 36/36/35
f 37/37/36 36/36/35 38/38/37
f 39/39/38 35/35/34 37/37/36
f 40/40/39 37/37/36 14/14/14
f 41/41/40 44/44/43 42/42/41
f 5/5/5 2/2/2 44/44/43
f 45/45/44 48/48/47 44/44/43
f 44/44/43 48/48/47 46/46/45
f 45/45/44 49/49/48 47/47/46
f 47/47/46 52/52/51 46/46/45
f 49/49/48 53/53/52 50/50/49
f 47/47/46 50/50/49 51/51/50
f 53/53/52 56/56/55 54/54/53
f 54/54/53 58/58/57 51/51/50
f 55/55/54 57/57/56 54/54/53
f 57/57/56 61/61/60 58/58/57
f 59/59/58 60/60/59 57/57/56
f 60/60/59 64/64/63 61/61/60
f 62/62/61 63/63/62 60/60/59
f 63/63/62 67/67/66 64/64/63
f 65/65/64 66/66/65 63/63/62
f 66/66/65 70/70/69 67/67/66
f 68/68/67 69/69/68 66/66/65
f 69/69/68 611/611/605 70/70/69
f 71/71/70 74/74/73 72/72/71
f 74/74/73 612/612/606 75/75/74
f 76/76/75 79/79/78 77/77/76
f 79/79/78 83/83/82 80/80/79
f 81/81/80 82/82/81 79/79/78
f 82/82/81 613/613/607 83/83/82
f 84/84/83 87/87/86 85/85/84
f 87/87/86 96/96/95 88/88/87
f 89/89/88 94/94/93 90/90/89
f 92/92/91 89/89/88 91/91/90
f 94/94/93 100/100/99 95/95/94
f 96/96/95 98/98/97 97/97/96
f 98/98/97 104/104/103 99/99/98
f 100/100/99 102/102/101 101/101/100
f 102/102/101 273/273/271 103/103/102
f 104/104/103 113/113/112 105/105/104
f 106/106/105 109/109/108 107/107/106
f 109/109/108 111/111/110 110/110/109
f 111/111/110 115/115/114 112/112/111
f 113/113/112 117/117/116 114/114/113
f 115/115/114 2551/2027/2407 116/116/115
f 117/117/116 2641/2081/2470 118/118/117
f 103/103/102 273/273/271 119/119/118
f 120/120/119 119/119/118 121/121/120
f 122/122/121 121/121/120 123/123/122
f 118/118/117 2641/2081/2470 125/125/124
f 124/124/123 123/123/122 127/127/126
f 126/126/125 125/125/124 129/129/128
f 116/116/115 2551/2027/2407 131/131/130
f 132/132/131 131/131/130 133/133/132
f 134/134/133 133/133/132 135/135/134
f 130/130/129 129/129/128 137/137/136
f 136/136/135 135/135/134 139/139/138
f 138/138/137 137/137/136 141/141/140
f 143/143/142 146/146/145 144/144/143
f 128/128/127 127/127/126 146/146/145
f 142/142/141 141/141/140 147/147/146
f 145/145/144 144/144/143 149/149/148
f 146/146/145 153/153/152 151/151/150
f 144/144/143 151/151/150 152/152/151
f 153/153/152 156/156/155 154/154/153
f 151/151/150 154/154/153 155/155/154
f 156/156/155 160/160/159 157/157/156
f 154/154/153 157/157/156 158/158/157
f 159/159/158 161/161/160 157/157/156
f 161/161/160 164/164/163 158/158/157
f 162/162/161 163/163/162 161/161/160
f 163/163/162 167/167/166 164/164/163
f 165/165/164 166/166/165 163/163/162
f 166/166/165 170/170/169 167/167/166
f 168/168/167 169/169/168 166/166/165
f 169/169/168 173/173/172 170/170/169
f 171/171/170 172/172/171 169/169/168
f 172/172/171 176/176/175 173/173/172
f 174/174/173 175/175/174 172/172/171
f 175/175/174 179/179/178 176/176/175
f 177/177/176 178/178/177 175/175/174
f 178/178/177 543/543/537 179/179/178
f 180/180/179 192/192/191 181/181/180
f 183/183/182 180/180/179 182/182/181
f 185/185/184 188/188/187 186/186/185
f 188/188/187 190/190/189 189/189/188
f 190/190/189 194/194/193 191/191/190
f 192/192/191 196/196/195 193/193/192
f 194/194/193 242/242/240 195/195/194
f 196/196/195 238/238/236 197/197/196
f 198/198/197 201/201/195 199/199/198
f 201/201/195 177/177/176 174/174/173
f 200/200/199 199/199/198 202/202/200
f 199/199/198 174/174/173 171/171/170
f 203/203/201 202/202/200 204/204/202
f 202/202/200 171/171/170 168/168/167
f 205/205/203 204/204/202 206/206/204
f 204/204/202 168/168/167 165/165/164
f 207/207/205 206/206/204 208/208/206
f 206/206/204 165/165/164 162/162/161
f 209/209/207 208/208/206 210/210/208
f 208/208/206 162/162/161 159/159/158
f 211/211/209 210/210/208 212/212/210
f 210/210/208 159/159/158 160/160/159
f 214/214/212 213/213/211 212/212/210
f 215/215/213 212/212/210 160/160/159
f 216/216/214 214/214/212 215/215/213
f 217/217/215 215/215/213 156/156/155
f 123/123/122 216/216/214 217/217/215
f 127/127/126 217/217/215 153/153/152
f 218/218/216 220/220/218 214/214/212
f 121/121/120 218/218/216 216/216/214
f 219/219/217 221/221/219 220/220/218
f 119/119/118 219/219/217 218/218/216
f 221/221/219 224/224/222 222/222/220
f 220/220/218 222/222/220 213/213/211
f 223/223/221 225/225/223 222/222/220
f 225/225/223 211/211/209 213/213/211
f 226/226/224 227/227/225 225/225/223
f 227/227/225 209/209/207 211/211/209
f 228/228/226 229/229/227 227/227/225
f 229/229/227 207/207/205 209/209/207
f 230/230/228 231/231/229 229/229/227
f 231/231/229 205/205/203 207/207/205
f 232/232/230 233/233/231 231/231/229
f 233/233/231 203/203/201 205/205/203
f 234/234/232 235/235/233 233/233/231
f 235/235/233 200/200/199 203/203/201
f 236/236/234 237/237/235 235/235/233
f 237/237/235 198/198/197 200/200/199
f 238/238/236 240/240/238 239/239/237
f 240/240/238 2642/2082/2471 241/241/239
f 242/242/240 2550/2026/2406 243/243/241
f 243/243/241 2550/2026/2406 244/244/242
f 245/245/243 244/244/242 246/246/244
f 241/241/239 2642/2082/2471 248/248/246
f 247/247/245 246/246/244 250/250/248
f 249/249/247 248/248/246 252/252/250
f 254/254/252 292/292/290 255/255/253
f 255/255/253 236/236/234 234/234/232
f 257/257/255 254/254/252 256/256/254
f 256/256/254 234/234/232 232/232/230
f 257/257/255 258/258/256 259/259/257
f 258/258/256 232/232/230 230/230/228
f 260/260/258 259/259/257 261/261/259
f 259/259/257 230/230/228 228/228/226
f 263/263/261 262/262/260 261/261/259
f 261/261/259 228/228/226 226/226/224
f 265/265/263 263/263/261 264/264/262
f 264/264/262 226/226/224 223/223/221
f 265/265/263 266/266/264 267/267/265
f 266/266/264 223/223/221 224/224/222
f 269/269/267 268/268/266 267/267/265
f 270/270/268 267/267/265 224/224/222
f 271/271/269 269/269/267 270/270/268
f 272/272/270 270/270/268 221/221/219
f 271/271/269 272/272/270 273/273/271
f 273/273/271 272/272/270 219/219/217
f 274/274/272 269/269/267 271/271/269
f 275/275/273 271/271/269 102/102/101
f 276/276/274 274/274/272 275/275/273
f 277/277/275 275/275/273 100/100/99
f 276/276/274 279/279/277 278/278/276
f 274/274/272 278/278/276 268/268/266
f 279/279/277 281/281/279 280/280/278
f 278/278/276 280/280/278 265/265/263
f 281/281/279 283/283/281 282/282/280
f 280/280/278 282/282/280 263/263/261
f 283/283/281 285/285/283 284/284/282
f 282/282/280 284/284/282 262/262/260
f 285/285/283 287/287/285 286/286/284
f 284/284/282 286/286/284 260/260/258
f 287/287/285 289/289/287 288/288/286
f 286/286/284 288/288/286 257/257/255
f 289/289/287 32/32/32 290/290/288
f 288/288/286 290/290/288 254/254/252
f 32/32/32 31/31/31 291/291/289
f 290/290/288 291/291/289 292/292/290
f 293/293/291 295/295/293 294/294/292
f 253/253/251 252/252/250 295/295/293
f 251/251/249 250/250/248 296/296/294
f 297/297/295 296/296/294 298/298/296
f 299/299/297 251/251/249 297/297/295
f 300/300/298 297/297/295 35/35/34
f 301/301/299 304/304/302 302/302/300
f 43/43/42 42/42/41 304/304/302
f 305/305/303 247/247/245 251/251/249
f 303/303/301 302/302/300 306/306/304
f 307/307/305 306/306/304 308/308/306
f 310/310/308 245/245/243 247/247/245
f 311/311/309 243/243/241 245/245/243
f 309/309/307 308/308/306 312/312/310
f 306/306/304 316/316/314 314/314/312
f 308/308/306 314/314/312 315/315/313
f 316/316/314 319/319/317 317/317/315
f 314/314/312 317/317/315 318/318/316
f 319/319/317 323/323/321 320/320/318
f 317/317/315 320/320/318 321/321/319
f 322/322/320 326/326/324 320/320/318
f 320/320/318 326/326/324 324/324/322
f 325/325/323 329/329/327 326/326/324
f 326/326/324 329/329/327 327/327/325
f 328/328/326 332/332/330 329/329/327
f 329/329/327 332/332/330 330/330/328
f 331/331/329 333/333/331 332/332/330
f 333/333/331 336/336/334 330/330/328
f 334/334/332 335/335/333 333/333/331
f 335/335/333 339/339/337 336/336/334
f 337/337/335 338/338/336 335/335/333
f 338/338/336 527/527/523 339/339/337
f 340/340/338 343/343/341 341/341/339
f 343/343/341 349/349/347 344/344/342
f 110/110/109 112/112/111 345/345/343
f 112/112/111 116/116/115 347/347/345
f 347/347/345 116/116/115 132/132/131
f 349/349/347 2643/2083/2426 350/350/348
f 350/350/348 2643/2083/2426 351/351/349
f 348/348/346 132/132/131 134/134/133
f 352/352/350 351/351/349 354/354/352
f 353/353/351 134/134/133 136/136/135
f 355/355/353 354/354/352 357/357/355
f 356/356/354 136/136/135 140/140/139
f 358/358/356 357/357/355 360/360/358
f 359/359/357 140/140/139 362/362/360
f 140/140/139 139/139/138 364/364/362
f 363/363/361 362/362/360 365/365/363
f 362/362/360 364/364/362 367/367/365
f 148/148/147 147/147/146 368/368/366
f 365/365/363 367/367/365 370/370/368
f 369/369/367 368/368/366 372/372/370
f 150/150/149 149/149/148 374/374/372
f 375/375/373 374/374/372 376/376/374
f 376/376/374 578/578/572 378/378/376
f 373/373/371 372/372/370 379/379/377
f 381/381/379 576/576/570 382/382/380
f 382/382/380 577/577/571 384/384/382
f 371/371/369 370/370/368 385/385/383
f 387/387/385 396/396/393 388/388/386
f 371/371/369 386/386/384 390/390/388
f 392/392/390 401/401/398 393/393/391
f 387/387/385 413/413/409 395/395/392
f 397/397/394 2516/1992/2382 398/398/395
f 400/400/397 484/484/480 401/401/398
f 402/402/399 2516/1992/2382 397/397/394
f 404/404/401 403/403/400 397/397/394
f 405/405/402 397/397/394 399/399/396
f 407/407/404 404/404/401 405/405/402
f 408/408/405 405/405/402 406/406/403
f 410/410/407 416/416/412 411/411/408
f 413/413/409 410/410/407 412/412/403
f 414/414/410 408/408/405 409/409/406
f 416/416/412 425/425/421 417/417/413
f 418/418/414 424/424/420 419/419/415
f 421/421/417 418/418/414 420/420/416
f 423/423/419 428/428/424 419/419/415
f 425/425/421 430/430/426 426/426/422
f 427/427/423 432/432/428 428/428/424
f 429/429/425 434/434/430 426/426/422
f 431/431/427 436/436/432 432/432/428
f 433/433/429 438/438/434 434/434/430
f 435/435/431 440/440/436 436/436/432
f 433/433/429 442/442/438 437/437/433
f 439/439/435 444/444/440 440/440/436
f 441/441/437 446/446/442 437/437/433
f 443/443/439 2579/2055/445 444/444/440
f 445/445/441 2644/2084/2472 446/446/442
f 447/447/443 535/535/530 448/448/444
f 449/449/445 448/448/444 450/450/446
f 452/452/448 533/533/528 453/453/449
f 455/455/451 452/452/448 454/454/450
f 448/448/444 458/458/454 457/457/453
f 458/458/454 187/187/186 459/459/455
f 460/460/456 455/455/451 456/456/452
f 462/462/458 465/465/461 455/455/451
f 455/455/451 465/465/461 463/463/459
f 462/462/458 466/466/462 464/464/460
f 464/464/460 469/469/465 463/463/459
f 466/466/462 470/470/466 467/467/463
f 464/464/460 467/467/463 468/468/464
f 470/470/466 473/473/469 471/471/467
f 467/467/463 471/471/467 472/472/468
f 473/473/469 475/475/471 474/474/470
f 471/471/467 474/474/470 414/414/410
f 475/475/471 476/476/472 407/407/404
f 474/474/470 407/407/404 408/408/405
f 476/476/472 478/478/474 404/404/401
f 477/477/473 480/480/476 478/478/474
f 479/479/475 477/477/473 476/476/472
f 480/480/476 482/482/478 481/481/477
f 478/478/474 481/481/477 403/403/400
f 482/482/478 2526/2002/2388 483/483/479
f 481/481/477 483/483/479 402/402/399
f 361/361/359 360/360/358 484/484/480
f 485/485/481 2526/2002/2388 482/482/478
f 486/486/482 482/482/478 480/480/476
f 488/488/484 485/485/481 486/486/482
f 489/489/485 486/486/482 487/487/483
f 491/491/487 490/490/486 487/487/483
f 492/492/488 487/487/483 480/480/476
f 493/493/489 491/491/487 492/492/488
f 494/494/490 492/492/488 477/477/473
f 495/495/491 493/493/489 494/494/490
f 496/496/492 494/494/490 479/479/475
f 497/497/493 479/479/475 475/475/471
f 498/498/494 496/496/492 497/497/493
f 499/499/495 497/497/493 473/473/469
f 500/500/496 498/498/494 499/499/495
f 501/501/497 499/499/495 470/470/466
f 502/502/498 500/500/496 501/501/497
f 503/503/499 501/501/497 466/466/462
f 504/504/500 502/502/498 503/503/499
f 503/503/499 462/462/458 460/460/456
f 504/504/500 505/505/501 506/506/502
f 505/505/501 460/460/456 461/461/457
f 186/186/185 189/189/188 508/508/504
f 187/187/186 186/186/185 509/509/505
f 189/189/188 191/191/190 510/510/506
f 511/511/507 514/514/510 504/504/500
f 191/191/190 195/195/194 512/512/508
f 513/513/509 515/515/511 514/514/510
f 515/515/511 517/517/513 516/516/512
f 514/514/510 516/516/512 502/502/498
f 517/517/513 519/519/515 518/518/514
f 516/516/512 518/518/514 500/500/496
f 519/519/515 521/521/517 520/520/516
f 518/518/514 520/520/516 498/498/494
f 521/521/517 522/522/518 495/495/491
f 520/520/516 495/495/491 496/496/492
f 522/522/518 523/523/519 493/493/489
f 324/324/322 327/327/325 523/523/519
f 321/321/319 324/324/322 522/522/518
f 327/327/325 330/330/328 524/524/520
f 523/523/519 524/524/520 491/491/487
f 336/336/334 525/525/521 524/524/520
f 525/525/521 490/490/486 491/491/487
f 339/339/337 526/526/522 525/525/521
f 526/526/522 489/489/485 490/490/486
f 527/527/523 528/528/524 526/526/522
f 528/528/524 488/488/484 489/489/485
f 318/318/316 321/321/319 521/521/517
f 315/315/313 318/318/316 519/519/515
f 312/312/310 315/315/313 517/517/513
f 313/313/311 312/312/310 515/515/511
f 512/512/508 195/195/194 243/243/241
f 472/472/468 414/414/410 415/415/411
f 468/468/464 472/472/468 529/529/525
f 469/469/465 468/468/464 530/530/430
f 469/469/465 531/531/526 532/532/527
f 452/452/448 463/463/459 532/532/527
f 534/534/529 185/185/184 187/187/186
f 535/535/530 534/534/529 458/458/454
f 536/536/531 539/539/534 537/537/532
f 539/539/534 183/183/182 184/184/183
f 540/540/534 546/546/540 541/541/535
f 543/543/537 540/540/534 542/542/536
f 544/544/538 536/536/531 538/538/533
f 546/546/540 2645/2085/2473 547/547/541
f 548/548/542 443/443/439 439/439/435
f 541/541/535 547/547/541 550/550/544
f 549/549/543 439/439/435 435/435/431
f 553/553/547 552/552/546 435/435/431
f 551/551/545 550/550/544 554/554/548
f 555/555/549 554/554/548 556/556/550
f 553/553/547 431/431/427 427/427/423
f 558/558/552 427/427/423 423/423/419
f 557/557/551 556/556/550 560/560/554
f 561/561/555 560/560/554 562/562/556
f 559/559/553 423/423/419 424/424/420
f 563/563/557 562/562/556 565/565/559
f 564/564/558 424/424/420 418/418/414
f 567/567/561 418/418/414 421/421/417
f 566/566/560 565/565/559 569/569/563
f 571/571/565 570/570/564 569/569/563
f 573/573/567 568/568/562 421/421/417
f 574/574/568 421/421/417 422/422/418
f 576/576/570 573/573/567 574/574/568
f 382/382/380 574/574/568 575/575/569
f 376/376/374 571/571/565 572/572/566
f 579/579/573 580/580/574 570/570/564
f 374/374/372 579/579/573 571/571/565
f 152/152/151 155/155/154 580/580/574
f 149/149/148 152/152/151 579/579/573
f 158/158/157 581/581/575 580/580/574
f 581/581/575 566/566/560 570/570/564
f 164/164/163 582/582/576 581/581/575
f 582/582/576 563/563/557 566/566/560
f 167/167/166 583/583/577 582/582/576
f 583/583/577 561/561/555 563/563/557
f 170/170/169 584/584/578 583/583/577
f 584/584/578 557/557/551 561/561/555
f 173/173/172 585/585/579 584/584/578
f 585/585/579 555/555/549 557/557/551
f 176/176/175 586/586/580 585/585/579
f 586/586/580 551/551/545 555/555/549
f 179/179/178 542/542/536 586/586/580
f 542/542/536 541/541/535 551/551/545
f 366/366/364 365/365/363 371/371/369
f 107/107/106 110/110/109 346/346/344
f 588/588/582 340/340/338 342/342/340
f 108/108/107 107/107/106 587/587/581
f 591/591/585 588/588/582 589/589/583
f 593/593/587 596/596/590 594/594/588
f 596/596/590 337/337/335 334/334/332
f 595/595/589 594/594/588 597/597/591
f 594/594/588 334/334/332 331/331/329
f 598/598/592 597/597/591 599/599/593
f 597/597/591 331/331/329 328/328/326
f 600/600/594 599/599/593 601/601/595
f 599/599/593 328/328/326 325/325/323
f 602/602/596 601/601/595 603/603/597
f 601/601/595 325/325/323 322/322/320
f 604/604/598 603/603/597 605/605/599
f 603/603/597 322/322/320 323/323/321
f 606/606/600 605/605/599 607/607/601
f 605/605/599 323/323/321 319/319/317
f 609/609/603 608/608/602 607/607/601
f 610/610/604 607/607/601 319/319/317
f 304/304/302 609/609/603 610/610/604
f 302/302/300 610/610/604 316/316/314
f 46/46/45 52/52/51 608/608/602
f 42/42/41 46/46/45 609/609/603
f 51/51/50 606/606/600 608/608/602
f 58/58/57 604/604/598 606/606/600
f 61/61/60 602/602/596 604/604/598
f 64/64/63 600/600/594 602/602/596
f 67/67/66 598/598/592 600/600/594
f 70/70/69 595/595/589 598/598/592
f 611/611/605 593/593/587 595/595/589
f 612/612/606 591/591/585 592/592/586
f 83/83/82 108/108/107 590/590/584
f 613/613/607 106/106/105 108/108/107
f 614/614/608 29/29/29 32/32/32
f 615/615/609 614/614/608 289/289/287
f 616/616/610 26/26/26 29/29/29
f 617/617/611 616/616/610 614/614/608
f 618/618/612 617/617/611 615/615/609
f 619/619/613 615/615/609 287/287/285
f 620/620/614 618/618/612 619/619/613
f 621/621/615 619/619/613 285/285/283
f 622/622/616 620/620/614 621/621/615
f 623/623/617 621/621/615 283/283/281
f 624/624/618 622/622/616 623/623/617
f 625/625/619 623/623/617 281/281/279
f 626/626/620 624/624/618 625/625/619
f 627/627/621 625/625/619 279/279/277
f 628/628/622 626/626/620 627/627/621
f 629/629/623 627/627/621 276/276/274
f 628/628/622 629/629/623 89/89/88
f 629/629/623 277/277/275 94/94/93
f 630/630/624 626/626/620 628/628/622
f 632/632/626 631/631/625 628/628/622
f 633/633/627 632/632/626 92/92/91
f 634/634/628 647/647/640 635/635/629
f 634/634/628 636/636/626 637/637/630
f 639/639/632 645/645/638 640/640/633
f 642/642/635 641/641/634 640/640/633
f 644/644/637 649/649/642 645/645/638
f 646/646/639 651/651/624 635/635/629
f 648/648/641 687/687/678 649/649/642
f 650/650/643 654/654/646 651/651/624
f 652/652/644 624/624/618 626/626/620
f 652/652/644 657/657/649 622/622/616
f 650/650/643 655/655/647 653/653/645
f 655/655/647 659/659/651 656/656/648
f 657/657/649 658/658/650 620/620/614
f 658/658/650 673/673/652 618/618/612
f 659/659/651 668/668/660 660/660/652
f 661/661/653 666/666/658 662/662/654
f 664/664/656 661/661/653 663/663/655
f 666/666/658 670/670/662 667/667/659
f 668/668/660 671/671/663 669/669/661
f 670/670/662 8/8/8 12/12/12
f 671/671/663 675/675/666 672/672/664
f 673/673/652 674/674/665 617/617/611
f 674/674/665 676/676/667 616/616/610
f 675/675/666 24/24/24 23/23/23
f 676/676/667 27/27/27 26/26/26
f 677/677/668 6/6/6 8/8/8
f 678/678/669 677/677/668 670/670/662
f 679/679/670 681/681/672 53/53/52
f 1/1/1 679/679/670 49/49/48
f 680/680/671 678/678/669 666/666/658
f 681/681/672 683/683/674 56/56/55
f 682/682/673 55/55/54 56/56/55
f 684/684/675 680/680/671 661/661/653
f 685/685/676 59/59/58 55/55/54
f 684/684/675 664/664/656 648/648/641
f 648/648/641 664/664/656 665/665/657
f 686/686/677 648/648/641 644/644/637
f 689/689/680 62/62/61 59/59/58
f 690/690/681 65/65/64 62/62/61
f 688/688/679 644/644/637 639/639/632
f 691/691/682 639/639/632 641/641/634
f 693/693/684 68/68/67 65/65/64
f 694/694/685 692/692/683 641/641/634
f 695/695/686 71/71/70 73/73/72
f 697/697/688 699/699/690 76/76/75
f 698/698/689 81/81/80 76/76/75
f 700/700/691 84/84/83 86/86/85
f 702/702/693 734/734/725 703/703/694
f 704/704/695 703/703/694 705/705/696
f 706/706/697 705/705/696 707/707/698
f 708/708/699 707/707/698 709/709/700
f 710/710/701 709/709/700 711/711/702
f 712/712/703 711/711/702 713/713/704
f 714/714/705 713/713/704 715/715/706
f 716/716/707 715/715/706 717/717/708
f 718/718/709 717/717/708 719/719/710
f 720/720/711 719/719/710 721/721/712
f 722/722/713 721/721/712 723/723/714
f 724/724/715 723/723/714 725/725/716
f 726/726/717 725/725/716 727/727/718
f 728/728/719 727/727/718 729/729/720
f 731/731/722 749/749/740 732/732/723
f 734/734/725 750/750/741 735/735/726
f 703/703/694 735/735/726 736/736/727
f 705/705/696 736/736/727 737/737/728
f 707/707/698 737/737/728 738/738/729
f 709/709/700 738/738/729 739/739/730
f 739/739/730 740/740/731 713/713/704
f 740/740/731 741/741/732 715/715/706
f 741/741/732 742/742/733 717/717/708
f 742/742/733 743/743/734 719/719/710
f 743/743/734 744/744/735 721/721/712
f 744/744/735 745/745/736 723/723/714
f 745/745/736 746/746/737 725/725/716
f 746/746/737 747/747/738 727/727/718
f 747/747/738 764/764/755 729/729/720
f 748/748/739 766/766/757 732/732/723
f 750/750/741 767/767/758 751/751/742
f 735/735/726 751/751/742 752/752/743
f 736/736/727 752/752/743 753/753/744
f 737/737/728 753/753/744 754/754/745
f 738/738/729 754/754/745 755/755/746
f 755/755/746 756/756/747 740/740/731
f 756/756/747 757/757/748 741/741/732
f 757/757/748 758/758/749 742/742/733
f 758/758/749 759/759/750 743/743/734
f 759/759/750 760/760/751 744/744/735
f 760/760/751 761/761/752 745/745/736
f 761/761/752 762/762/753 746/746/737
f 762/762/753 763/763/754 747/747/738
f 763/763/754 781/781/772 764/764/755
f 765/765/756 783/783/774 766/766/757
f 767/767/758 784/784/775 768/768/759
f 751/751/742 768/768/759 769/769/760
f 752/752/743 769/769/760 770/770/761
f 753/753/744 770/770/761 771/771/762
f 754/754/745 771/771/762 772/772/763
f 772/772/763 773/773/764 756/756/747
f 773/773/764 774/774/765 757/757/748
f 774/774/765 775/775/766 758/758/749
f 775/775/766 776/776/767 759/759/750
f 776/776/767 777/777/768 760/760/751
f 777/777/768 778/778/769 761/761/752
f 778/778/769 779/779/770 762/762/753
f 779/779/770 780/780/771 763/763/754
f 780/780/771 798/798/789 781/781/772
f 782/782/773 800/800/791 783/783/774
f 784/784/775 801/801/792 785/785/776
f 768/768/759 785/785/776 786/786/777
f 769/769/760 786/786/777 787/787/778
f 770/770/761 787/787/778 788/788/779
f 771/771/762 788/788/779 789/789/780
f 789/789/780 790/790/781 773/773/764
f 790/790/781 791/791/782 774/774/765
f 791/791/782 792/792/783 775/775/766
f 792/792/783 793/793/784 776/776/767
f 793/793/784 794/794/785 777/777/768
f 794/794/785 795/795/786 778/778/769
f 795/795/786 796/796/787 779/779/770
f 796/796/787 797/797/788 780/780/771
f 797/797/788 815/815/806 798/798/789
f 799/799/790 817/817/808 800/800/791
f 801/801/792 818/818/809 802/802/793
f 785/785/776 802/802/793 803/803/794
f 786/786/777 803/803/794 804/804/795
f 787/787/778 804/804/795 805/805/796
f 788/788/779 805/805/796 806/806/797
f 806/806/797 807/807/798 790/790/781
f 807/807/798 808/808/799 791/791/782
f 808/808/799 809/809/800 792/792/783
f 809/809/800 810/810/801 793/793/784
f 810/810/801 811/811/802 794/794/785
f 811/811/802 812/812/803 795/795/786
f 812/812/803 813/813/804 796/796/787
f 813/813/804 814/814/805 797/797/788
f 814/814/805 832/832/823 815/815/806
f 816/816/807 834/834/825 817/817/808
f 818/818/809 835/835/826 819/819/810
f 802/802/793 819/819/810 820/820/811
f 803/803/794 820/820/811 821/821/812
f 804/804/795 821/821/812 822/822/813
f 805/805/796 822/822/813 823/823/814
f 823/823/814 824/824/815 807/807/798
f 824/824/815 825/825/816 808/808/799
f 825/825/816 826/826/817 809/809/800
f 826/826/817 827/827/818 810/810/801
f 827/827/818 828/828/819 811/811/802
f 828/828/819 829/829/820 812/812/803
f 829/829/820 830/830/821 813/813/804
f 830/830/821 831/831/822 814/814/805
f 831/831/822 849/849/840 832/832/823
f 833/833/824 851/851/842 834/834/825
f 835/835/826 852/852/843 836/836/827
f 819/819/810 836/836/827 837/837/828
f 820/820/811 837/837/828 838/838/829
f 821/821/812 838/838/829 839/839/830
f 822/822/813 839/839/830 840/840/831
f 840/840/831 841/841/832 824/824/815
f 841/841/832 842/842/833 825/825/816
f 842/842/833 843/843/834 826/826/817
f 843/843/834 844/844/835 827/827/818
f 844/844/835 845/845/836 828/828/819
f 845/845/836 846/846/837 829/829/820
f 846/846/837 847/847/838 830/830/821
f 847/847/838 848/848/839 831/831/822
f 848/848/839 866/866/857 849/849/840
f 850/850/841 868/868/859 851/851/842
f 852/852/843 869/869/860 853/853/844
f 836/836/827 853/853/844 854/854/845
f 837/837/828 854/854/845 855/855/846
f 838/838/829 855/855/846 856/856/847
f 839/839/830 856/856/847 857/857/848
f 840/840/831 857/857/848 858/858/849
f 841/841/832 858/858/849 859/859/850
f 859/859/850 860/860/851 843/843/834
f 860/860/851 861/861/852 844/844/835
f 861/861/852 862/862/853 845/845/836
f 862/862/853 863/863/854 846/846/837
f 863/863/854 864/864/855 847/847/838
f 864/864/855 865/865/856 848/848/839
f 865/865/856 883/883/874 866/866/857
f 867/867/858 885/885/876 868/868/859
f 869/869/860 886/886/877 870/870/861
f 853/853/844 870/870/861 871/871/862
f 854/854/845 871/871/862 872/872/863
f 855/855/846 872/872/863 873/873/864
f 856/856/847 873/873/864 874/874/865
f 857/857/848 874/874/865 875/875/866
f 858/858/849 875/875/866 876/876/867
f 859/859/850 876/876/867 877/877/868
f 877/877/868 878/878/869 861/861/852
f 878/878/869 879/879/870 862/862/853
f 879/879/870 880/880/871 863/863/854
f 880/880/871 881/881/872 864/864/855
f 881/881/872 882/882/873 865/865/856
f 882/882/873 900/900/891 883/883/874
f 884/884/875 902/902/893 885/885/876
f 886/886/877 2508/1984/2377 887/887/878
f 870/870/861 887/887/878 888/888/879
f 871/871/862 888/888/879 889/889/880
f 872/872/863 889/889/880 890/890/881
f 873/873/864 890/890/881 891/891/882
f 874/874/865 891/891/882 892/892/883
f 875/875/866 892/892/883 893/893/884
f 876/876/867 893/893/884 894/894/885
f 894/894/885 895/895/886 878/878/869
f 895/895/886 896/896/887 879/879/870
f 896/896/887 897/897/888 880/880/871
f 897/897/888 898/898/889 881/881/872
f 898/898/889 899/899/890 882/882/873
f 899/899/890 2507/1983/2376 900/900/891
f 901/901/892 2503/1023/2373 902/902/893
f 903/903/894 2621/1026/2453 904/904/895
f 905/905/896 904/904/895 906/906/897
f 907/907/898 906/906/897 908/908/899
f 909/909/900 908/908/899 910/910/901
f 911/911/902 910/910/901 912/912/903
f 913/913/904 912/912/903 914/914/905
f 915/915/906 914/914/905 916/916/907
f 917/917/908 916/916/907 918/918/909
f 919/919/910 918/918/909 920/920/911
f 921/921/912 920/920/911 922/922/913
f 923/923/914 922/922/913 924/924/915
f 925/925/916 924/924/915 926/926/917
f 927/927/918 926/926/917 928/928/919
f 929/929/920 928/928/919 930/930/921
f 932/932/923 2634/1028/2465 933/933/924
f 935/935/926 938/937/929 936/703/927
f 938/937/929 940/938/931 939/705/930
f 940/938/931 943/940/934 941/707/932
f 942/939/933 945/709/936 941/707/932
f 942/939/933 946/941/937 944/711/935
f 946/941/937 948/942/939 947/713/938
f 948/942/939 950/943/941 949/715/940
f 950/943/941 952/944/943 951/717/942
f 952/944/943 954/945/945 953/719/944
f 954/945/945 956/946/947 955/721/946
f 956/946/947 958/947/949 957/723/948
f 958/947/949 960/948/951 959/725/950
f 960/948/951 962/949/953 961/727/952
f 962/949/953 2487/1981/2358 963/729/954
f 964/950/955 1200/1008/1191 965/732/956
f 937/936/928 936/703/927 967/735/958
f 936/703/927 939/705/930 969/736/960
f 939/705/930 941/707/932 970/737/961
f 941/707/932 945/709/936 971/738/962
f 944/711/935 972/739/963 971/738/962
f 947/713/938 973/740/964 972/739/963
f 949/715/940 974/741/965 973/740/964
f 951/717/942 975/742/966 974/741/965
f 953/719/944 976/743/967 975/742/966
f 955/721/946 977/744/968 976/743/967
f 957/723/948 978/745/969 977/744/968
f 959/725/950 979/746/970 978/745/969
f 961/727/952 980/747/971 979/746/970
f 963/729/954 995/764/986 980/747/971
f 965/732/956 997/766/988 981/953/972
f 968/952/959 967/735/958 982/751/973
f 967/735/958 969/736/960 984/752/975
f 969/736/960 970/737/961 985/753/976
f 970/737/961 971/738/962 986/754/977
f 971/738/962 972/739/963 987/755/978
f 973/740/964 988/756/979 987/755/978
f 974/741/965 989/757/980 988/756/979
f 975/742/966 990/758/981 989/757/980
f 976/743/967 991/759/982 990/758/981
f 977/744/968 992/760/983 991/759/982
f 978/745/969 993/761/984 992/760/983
f 979/746/970 994/762/985 993/761/984
f 980/747/971 996/763/987 994/762/985
f 995/764/986 1012/781/1003 996/763/987
f 997/766/988 1014/783/1005 998/955/989
f 983/954/974 982/751/973 999/768/990
f 982/751/973 984/752/975 1001/769/992
f 984/752/975 985/753/976 1002/770/993
f 985/753/976 986/754/977 1003/771/994
f 986/754/977 987/755/978 1004/772/995
f 988/756/979 1005/773/996 1004/772/995
f 989/757/980 1006/774/997 1005/773/996
f 990/758/981 1007/775/998 1006/774/997
f 991/759/982 1008/776/999 1007/775/998
f 992/760/983 1009/777/1000 1008/776/999
f 993/761/984 1010/778/1001 1009/777/1000
f 994/762/985 1011/779/1002 1010/778/1001
f 996/763/987 1013/780/1004 1011/779/1002
f 1012/781/1003 1029/798/1020 1013/780/1004
f 1014/783/1005 1031/800/1022 1015/957/1006
f 1000/956/991 999/768/990 1016/785/1007
f 999/768/990 1001/769/992 1018/786/1009
f 1001/769/992 1002/770/993 1019/787/1010
f 1002/770/993 1003/771/994 1020/788/1011
f 1003/771/994 1004/772/995 1021/789/1012
f 1005/773/996 1022/790/1013 1021/789/1012
f 1006/774/997 1023/791/1014 1022/790/1013
f 1007/775/998 1024/792/1015 1023/791/1014
f 1008/776/999 1025/793/1016 1024/792/1015
f 1009/777/1000 1026/794/1017 1025/793/1016
f 1010/778/1001 1027/795/1018 1026/794/1017
f 1011/779/1002 1028/796/1019 1027/795/1018
f 1013/780/1004 1030/797/1021 1028/796/1019
f 1029/798/1020 1046/815/1037 1030/797/1021
f 1031/800/1022 1048/817/1039 1032/959/1023
f 1017/958/1008 1016/785/1007 1033/802/1024
f 1016/785/1007 1018/786/1009 1035/803/1026
f 1018/786/1009 1019/787/1010 1036/804/1027
f 1019/787/1010 1020/788/1011 1037/805/1028
f 1020/788/1011 1021/789/1012 1038/806/1029
f 1022/790/1013 1039/807/1030 1038/806/1029
f 1023/791/1014 1040/808/1031 1039/807/1030
f 1024/792/1015 1041/809/1032 1040/808/1031
f 1025/793/1016 1042/810/1033 1041/809/1032
f 1026/794/1017 1043/811/1034 1042/810/1033
f 1027/795/1018 1044/812/1035 1043/811/1034
f 1028/796/1019 1045/813/1036 1044/812/1035
f 1030/797/1021 1047/814/1038 1045/813/1036
f 1046/815/1037 1063/832/1054 1047/814/1038
f 1048/817/1039 1065/834/1056 1049/961/1040
f 1034/960/1025 1033/802/1024 1050/819/1041
f 1033/802/1024 1035/803/1026 1052/820/1043
f 1035/803/1026 1036/804/1027 1053/821/1044
f 1036/804/1027 1037/805/1028 1054/822/1045
f 1037/805/1028 1038/806/1029 1055/823/1046
f 1039/807/1030 1056/824/1047 1055/823/1046
f 1040/808/1031 1057/825/1048 1056/824/1047
f 1041/809/1032 1058/826/1049 1057/825/1048
f 1042/810/1033 1059/827/1050 1058/826/1049
f 1043/811/1034 1060/828/1051 1059/827/1050
f 1044/812/1035 1061/829/1052 1060/828/1051
f 1045/813/1036 1062/830/1053 1061/829/1052
f 1047/814/1038 1064/831/1055 1062/830/1053
f 1063/832/1054 1080/849/1071 1064/831/1055
f 1065/834/1056 1082/851/1073 1066/963/1057
f 1051/962/1042 1050/819/1041 1067/836/1058
f 1050/819/1041 1052/820/1043 1069/837/1060
f 1052/820/1043 1053/821/1044 1070/838/1061
f 1053/821/1044 1054/822/1045 1071/839/1062
f 1054/822/1045 1055/823/1046 1072/840/1063
f 1056/824/1047 1073/841/1064 1072/840/1063
f 1057/825/1048 1074/842/1065 1073/841/1064
f 1058/826/1049 1075/843/1066 1074/842/1065
f 1059/827/1050 1076/844/1067 1075/843/1066
f 1060/828/1051 1077/845/1068 1076/844/1067
f 1061/829/1052 1078/846/1069 1077/845/1068
f 1062/830/1053 1079/847/1070 1078/846/1069
f 1064/831/1055 1081/848/1072 1079/847/1070
f 1080/849/1071 1097/866/1088 1081/848/1072
f 1082/851/1073 1099/868/1090 1083/965/1074
f 1068/964/1059 1067/836/1058 1084/853/1075
f 1067/836/1058 1069/837/1060 1086/854/1077
f 1069/837/1060 1070/838/1061 1087/855/1078
f 1070/838/1061 1071/839/1062 1088/856/1079
f 1071/839/1062 1072/840/1063 1089/857/1080
f 1072/840/1063 1073/841/1064 1090/858/1081
f 1073/841/1064 1074/842/1065 1091/859/1082
f 1075/843/1066 1092/860/1083 1091/859/1082
f 1076/844/1067 1093/861/1084 1092/860/1083
f 1077/845/1068 1094/862/1085 1093/861/1084
f 1078/846/1069 1095/863/1086 1094/862/1085
f 1079/847/1070 1096/864/1087 1095/863/1086
f 1081/848/1072 1098/865/1089 1096/864/1087
f 1097/866/1088 1114/883/1105 1098/865/1089
f 1099/868/1090 1116/885/1107 1100/967/1091
f 1085/966/1076 1084/853/1075 1101/870/1092
f 1084/853/1075 1086/854/1077 1103/871/1094
f 1086/854/1077 1087/855/1078 1104/872/1095
f 1087/855/1078 1088/856/1079 1105/873/1096
f 1088/856/1079 1089/857/1080 1106/874/1097
f 1089/857/1080 1090/858/1081 1107/875/1098
f 1090/858/1081 1091/859/1082 1108/876/1099
f 1091/859/1082 1092/860/1083 1109/877/1100
f 1093/861/1084 1110/878/1101 1109/877/1100
f 1094/862/1085 1111/879/1102 1110/878/1101
f 1095/863/1086 1112/880/1103 1111/879/1102
f 1096/864/1087 1113/881/1104 1112/880/1103
f 1098/865/1089 1115/882/1106 1113/881/1104
f 1114/883/1105 1131/900/1122 1115/882/1106
f 1116/885/1107 1133/902/1124 1117/969/1108
f 1102/968/1093 1101/870/1092 1118/887/1109
f 1101/870/1092 1103/871/1094 1120/888/1111
f 1103/871/1094 1104/872/1095 1121/889/1112
f 1104/872/1095 1105/873/1096 1122/890/1113
f 1105/873/1096 1106/874/1097 1123/891/1114
f 1106/874/1097 1107/875/1098 1124/892/1115
f 1107/875/1098 1108/876/1099 1125/893/1116
f 1108/876/1099 1109/877/1100 1126/894/1117
f 1110/878/1101 1127/895/1118 1126/894/1117
f 1111/879/1102 1128/896/1119 1127/895/1118
f 1112/880/1103 1129/897/1120 1128/896/1119
f 1113/881/1104 1130/898/1121 1129/897/1120
f 1115/882/1106 1132/899/1123 1130/898/1121
f 1131/900/1122 2632/1983/2463 1132/899/1123
f 1133/902/1124 2646/1023/1225 1134/971/1125
f 1135/972/1126 1138/974/1129 1136/904/1127
f 1138/974/1129 1140/975/1131 1139/906/1130
f 1140/975/1131 1142/976/1133 1141/908/1132
f 1142/976/1133 1144/977/1135 1143/910/1134
f 1144/977/1135 1146/978/1137 1145/912/1136
f 1146/978/1137 1148/979/1139 1147/914/1138
f 1148/979/1139 1150/980/1141 1149/916/1140
f 1150/980/1141 1152/981/1143 1151/918/1142
f 1152/981/1143 1154/982/1145 1153/920/1144
f 1154/982/1145 1156/983/1147 1155/922/1146
f 1156/983/1147 1158/984/1149 1157/924/1148
f 1158/984/1149 1160/985/1151 1159/926/1150
f 1160/985/1151 1162/986/1153 1161/928/1152
f 1162/986/1153 2506/1982/2375 1163/930/1154
f 1164/987/1155 2505/1029/1242 1165/933/1156
f 1167/989/1158 2619/989/2451 1168/990/1159
f 1170/992/1161 1173/993/1164 1171/993/1162
f 1173/993/1164 1175/995/1166 1174/995/1165
f 1175/995/1166 1177/996/1168 1176/996/1167
f 1177/996/1168 1179/997/1170 1178/997/1169
f 1179/997/1170 1181/998/1172 1180/998/1171
f 1181/998/1172 1183/999/1174 1182/999/1173
f 1183/999/1174 1185/1000/1176 1184/1000/1175
f 1185/1000/1176 1188/1001/1179 1186/1001/1177
f 1187/1002/1178 1190/1002/1181 1186/1001/1177
f 1189/1003/1180 1192/1003/1183 1190/1002/1181
f 1191/1004/1182 1194/1004/1185 1192/1003/1183
f 1193/1005/1184 1196/1005/1187 1194/1004/1185
f 1195/1006/1186 1198/1006/1189 1196/1005/1187
f 1197/1007/1188 2633/1007/2464 1198/1006/1189
f 733/733/724 732/732/723 1208/732/1199
f 1201/1009/1192 2647/1009/2355 1202/1010/1193
f 1204/1012/1195 2485/1012/2356 1205/1013/1196
f 732/732/723 766/766/757 1207/766/1198
f 1209/1014/1200 1206/1013/1197 1205/1013/1196
f 783/783/774 1213/783/1204 1207/766/1198
f 1211/1015/1202 1209/1014/1200 1210/1014/1201
f 800/800/791 1216/800/1207 1213/783/1204
f 1214/1016/1205 1211/1015/1202 1212/1015/1203
f 817/817/808 1219/817/1210 1216/800/1207
f 1214/1016/1205 1215/1016/1206 1217/1017/1208
f 834/834/825 1223/834/1214 1219/817/1210
f 1218/1017/1209 1217/1017/1208 1220/1018/1211
f 834/834/825 851/851/842 1222/851/1213
f 1221/1018/1212 1220/1018/1211 1224/1019/1215
f 851/851/842 868/868/859 1226/868/1217
f 1227/1020/1218 1225/1019/1216 1224/1019/1215
f 885/885/876 1232/885/1222 1226/868/1217
f 1227/1020/1218 1228/1020/1219 1229/1021/1220
f 885/885/876 902/902/893 1231/902/1124
f 1230/1021/1221 1229/1021/1220 1233/1022/1223
f 902/902/893 2503/1023/2373 1235/1023/1225
f 1236/1024/1226 1234/1022/1224 1233/1022/1223
f 1238/1026/1228 2504/1027/2374 1239/1027/1229
f 906/906/897 904/904/895 1240/904/1127
f 908/908/899 906/906/897 1241/906/1230
f 910/910/901 908/908/899 1242/908/1132
f 912/912/903 910/910/901 1243/910/1134
f 914/914/905 912/912/903 1244/912/1231
f 914/914/905 1245/914/1232 1246/916/1233
f 918/918/909 916/916/907 1246/916/1233
f 918/918/909 1247/918/1234 1248/920/1235
f 920/920/911 1248/920/1235 1249/922/1236
f 922/922/913 1249/922/1236 1250/924/1237
f 924/924/915 1250/924/1237 1251/926/1238
f 926/926/917 1251/926/1238 1252/928/1239
f 928/928/919 1252/928/1239 1253/930/1240
f 930/930/921 1253/930/1240 2648/988/1157
f 933/933/924 2635/933/1156 1256/1029/1242
f 1257/1030/1243 1521/1170/1505 1258/1031/1244
f 1260/1033/1246 2649/1172/2474 1261/1034/1247
f 1262/1035/1248 1261/1034/1247 1263/1036/1249
f 1264/1037/1250 1263/1036/1249 1265/1038/1251
f 1266/1039/1252 1265/1038/1251 1267/1040/1253
f 1268/1041/1254 1267/1040/1253 1269/1042/1255
f 1270/1043/1256 1269/1042/1255 1271/1044/1257
f 1272/1045/1258 1271/1044/1257 1273/1046/1259
f 1274/1047/1260 1273/1046/1259 1275/1048/1261
f 1276/1049/1262 1275/1048/1261 1277/1050/1263
f 1278/1051/1264 1277/1050/1263 1279/1052/1265
f 1280/1053/1266 1279/1052/1265 1281/1054/1267
f 1282/1055/1268 1281/1054/1267 1283/1056/1269
f 1284/1057/1270 1283/1056/1269 1285/1058/1271
f 1286/1059/1272 1285/1058/1271 1287/1060/1273
f 1288/1061/1274 1287/1060/1273 1289/1062/1275
f 1291/1064/1277 1661/1173/1628 1292/1065/1278
f 1294/1067/1280 1293/1066/1279 1292/1065/1278
f 1296/1069/1282 1294/1067/1280 1295/1068/1281
f 1298/1071/1284 1296/1069/1282 1297/1070/1283
f 1300/1073/1286 1298/1071/1284 1299/1072/1285
f 1302/1075/1288 1300/1073/1286 1301/1074/1287
f 1302/1075/1288 1303/1076/1289 1304/1077/1290
f 1305/1078/1291 1304/1077/1290 1306/1079/1292
f 1307/1080/1293 1306/1079/1292 1308/1081/1294
f 1309/1082/1295 1308/1081/1294 1310/1083/1296
f 1311/1084/1297 1310/1083/1296 1312/1085/1298
f 1313/1086/1299 1312/1085/1298 1314/1087/1300
f 1315/1088/1301 1314/1087/1300 1316/1089/1302
f 1317/1090/1303 1316/1089/1302 1318/1091/1304
f 1319/1092/1305 1318/1091/1304 1320/1093/1306
f 1321/1094/1307 1320/1093/1306 1322/1095/1308
f 1324/1097/1310 1323/1096/1309 1322/1095/1308
f 1326/1099/1312 1324/1097/1310 1325/1098/1311
f 1328/1101/1314 1326/1099/1312 1327/1100/1313
f 1330/1103/1316 1328/1101/1314 1329/1102/1315
f 1332/1105/1318 1330/1103/1316 1331/1104/1317
f 1334/1107/1320 1332/1105/1318 1333/1106/1319
f 1336/1109/1322 1334/1107/1320 1335/1108/1321
f 1338/1111/1324 1336/1109/1322 1337/1110/1323
f 1340/1113/1326 1338/1111/1324 1339/1112/1325
f 1342/1115/1328 1340/1113/1326 1341/1114/1327
f 1344/1117/1330 1342/1115/1328 1343/1116/1329
f 1346/1119/1332 1344/1117/1330 1345/1118/1331
f 1348/1121/1334 1346/1119/1332 1347/1120/1333
f 1350/1123/1336 1348/1121/1334 1349/1122/1335
f 1352/1125/1338 1350/1123/1336 1351/1124/1337
f 1354/1127/1340 1352/1125/1338 1353/1126/1339
f 1356/1129/1342 1354/1127/1340 1355/1128/1341
f 1358/1131/1344 2607/1165/1342 1359/1132/1345
f 1361/1134/1347 1365/1138/1351 1362/1135/1348
f 1364/1137/1350 1367/1140/1353 1365/1138/1351
f 1366/1139/1352 1369/1142/1355 1367/1140/1353
f 1368/1141/1354 1371/1144/1357 1369/1142/1355
f 1370/1143/1356 1373/1146/1359 1371/1144/1357
f 1372/1145/1358 1375/1148/1361 1373/1146/1359
f 1374/1147/1360 1377/1150/1363 1375/1148/1361
f 1376/1149/1362 1379/1152/1365 1377/1150/1363
f 1378/1151/1364 1381/1154/1367 1379/1152/1365
f 1380/1153/1366 1383/1156/1369 1381/1154/1367
f 1382/1155/1368 1641/1179/1613 1383/1156/1369
f 1384/1157/1370 1643/1180/1615 1385/1158/1371
f 1387/1160/1373 1516/1170/1501 1388/1030/1374
f 1390/1034/1376 2650/1172/2475 1391/1033/1377
f 1393/1036/1379 1390/1034/1376 1392/1035/1378
f 1395/1038/1381 1393/1036/1379 1394/1037/1380
f 1397/1040/1383 1395/1038/1381 1396/1039/1382
f 1399/1042/1385 1397/1040/1383 1398/1041/1384
f 1401/1044/1387 1399/1042/1385 1400/1043/1386
f 1403/1046/1389 1401/1044/1387 1402/1045/1388
f 1405/1048/1391 1403/1046/1389 1404/1047/1390
f 1407/1050/1393 1405/1048/1391 1406/1049/1392
f 1409/1052/1395 1407/1050/1393 1408/1051/1394
f 1411/1054/1397 1409/1052/1395 1410/1053/1396
f 1413/1056/1399 1411/1054/1397 1412/1055/1398
f 1415/1058/1401 1413/1056/1399 1414/1057/1400
f 1417/1060/1403 1415/1058/1401 1416/1059/1402
f 1419/1162/1405 1417/1060/1403 1418/1061/1404
f 1421/1065/1407 1660/1173/1629 1422/1064/1408
f 1424/1067/1410 1426/1068/1412 1421/1065/1407
f 1425/1069/1411 1428/1070/1414 1426/1068/1412
f 1427/1071/1413 1430/1072/1416 1428/1070/1414
f 1429/1073/1415 1432/1074/1418 1430/1072/1416
f 1431/1075/1417 2651/1076/2476 1432/1074/1418
f 1433/1077/1419 2651/1076/2476 1431/1075/1417
f 1435/1079/1421 1433/1077/1419 1434/1078/1420
f 1437/1081/1423 1435/1079/1421 1436/1080/1422
f 1439/1083/1425 1437/1081/1423 1438/1082/1424
f 1441/1085/1427 1439/1083/1425 1440/1084/1426
f 1443/1087/1429 1441/1085/1427 1442/1086/1428
f 1445/1089/1431 1443/1087/1429 1444/1088/1430
f 1447/1091/1433 1445/1089/1431 1446/1090/1432
f 1449/1093/1435 1447/1091/1433 1448/1092/1434
f 1451/1095/1437 1449/1093/1435 1450/1094/1436
f 1453/1097/1439 1455/1098/1441 1451/1095/1437
f 1454/1099/1440 1457/1100/1443 1455/1098/1441
f 1456/1101/1442 1459/1102/1445 1457/1100/1443
f 1458/1103/1444 1461/1104/1447 1459/1102/1445
f 1460/1105/1446 1463/1106/1449 1461/1104/1447
f 1462/1107/1448 1465/1108/1451 1463/1106/1449
f 1464/1109/1450 1467/1110/1453 1465/1108/1451
f 1466/1111/1452 1469/1112/1455 1467/1110/1453
f 1468/1113/1454 1471/1114/1457 1469/1112/1455
f 1470/1115/1456 1473/1116/1459 1471/1114/1457
f 1472/1117/1458 1475/1118/1461 1473/1116/1459
f 1474/1119/1460 1477/1120/1463 1475/1118/1461
f 1476/1121/1462 1479/1122/1465 1477/1120/1463
f 1478/1123/1464 1481/1124/1467 1479/1122/1465
f 1480/1125/1466 1483/1126/1469 1481/1124/1467
f 1482/1127/1468 1485/1128/1471 1483/1126/1469
f 1484/1129/1470 2652/1130/2477 1485/1128/1471
f 1486/1164/1472 2610/1174/2443 1487/1132/1473
f 1489/1166/1474 1492/1138/1477 1490/1134/1475
f 1492/1138/1477 1494/1140/1479 1493/1137/1478
f 1494/1140/1479 1496/1142/1481 1495/1139/1480
f 1496/1142/1481 1498/1144/1483 1497/1141/1482
f 1498/1144/1483 1500/1146/1485 1499/1143/1484
f 1500/1146/1485 1502/1148/1487 1501/1145/1486
f 1502/1148/1487 1504/1150/1489 1503/1147/1488
f 1504/1150/1489 1506/1152/1491 1505/1149/1490
f 1506/1152/1491 1508/1154/1493 1507/1151/1492
f 1508/1154/1493 1510/1156/1495 1509/1153/1494
f 1510/1156/1495 2614/1179/2447 1511/1155/1496
f 1512/1168/1497 1646/1180/1617 1513/1157/1498
f 1521/1170/1505 1257/1030/1243 2602/1030/1374
f 1259/1032/1245 2605/1171/2439 1517/1171/1502
f 1260/1033/1246 1262/1035/1248 1519/1035/1504
f 1515/1170/1500 1516/1170/1501 1387/1160/1373
f 1261/1034/1247 2649/1172/2474 1523/1172/1507
f 1261/1034/1247 1524/1034/1508 1525/1036/1509
f 1263/1036/1249 1525/1036/1509 1526/1038/1510
f 1265/1038/1251 1526/1038/1510 1527/1040/1511
f 1267/1040/1253 1527/1040/1511 1528/1042/1512
f 1269/1042/1255 1528/1042/1512 1529/1044/1513
f 1271/1044/1257 1529/1044/1513 1530/1046/1514
f 1273/1046/1259 1530/1046/1514 1531/1048/1515
f 1275/1048/1261 1531/1048/1515 1532/1050/1516
f 1277/1050/1263 1532/1050/1516 1533/1052/1517
f 1279/1052/1265 1533/1052/1517 1534/1054/1518
f 1281/1054/1267 1534/1054/1518 1535/1056/1519
f 1283/1056/1269 1535/1056/1519 1536/1058/1520
f 1285/1058/1271 1536/1058/1520 1537/1060/1521
f 1289/1062/1275 1287/1060/1273 1537/1060/1521
f 1292/1065/1278 1661/1173/1628 1539/1173/1523
f 1295/1068/1281 1292/1065/1278 1540/1065/1524
f 1297/1070/1283 1295/1068/1281 1541/1068/1525
f 1299/1072/1285 1297/1070/1283 1542/1070/1526
f 1301/1074/1287 1299/1072/1285 1543/1072/1527
f 1303/1076/1289 1301/1074/1287 1544/1074/1528
f 1304/1077/1290 1303/1076/1289 1545/1076/1529
f 1304/1077/1290 1546/1077/1530 1547/1079/1531
f 1306/1079/1292 1547/1079/1531 1548/1081/1423
f 1308/1081/1294 1548/1081/1423 1549/1083/1425
f 1310/1083/1296 1549/1083/1425 1550/1085/1532
f 1312/1085/1298 1550/1085/1532 1551/1087/1429
f 1314/1087/1300 1551/1087/1429 1552/1089/1533
f 1316/1089/1302 1552/1089/1533 1553/1091/1534
f 1318/1091/1304 1553/1091/1534 1554/1093/1535
f 1322/1095/1308 1320/1093/1306 1554/1093/1535
f 1325/1098/1311 1322/1095/1308 1555/1095/1536
f 1327/1100/1313 1325/1098/1311 1556/1098/1537
f 1329/1102/1315 1327/1100/1313 1557/1100/1538
f 1331/1104/1317 1329/1102/1315 1558/1102/1539
f 1333/1106/1319 1331/1104/1317 1559/1104/1447
f 1335/1108/1321 1333/1106/1319 1560/1106/1540
f 1337/1110/1323 1335/1108/1321 1561/1108/1541
f 1339/1112/1325 1337/1110/1323 1562/1110/1542
f 1341/1114/1327 1339/1112/1325 1563/1112/1543
f 1343/1116/1329 1341/1114/1327 1564/1114/1544
f 1345/1118/1331 1343/1116/1329 1565/1116/1545
f 1347/1120/1333 1345/1118/1331 1566/1118/1546
f 1349/1122/1335 1347/1120/1333 1567/1120/1547
f 1351/1124/1337 1349/1122/1335 1568/1122/1548
f 1353/1126/1339 1351/1124/1337 1569/1124/1467
f 1353/1126/1339 1570/1126/1549 1571/1128/1550
f 1355/1128/1341 1571/1128/1550 1572/1130/1551
f 1360/1133/1346 1359/1132/1345 1573/1132/1551
f 2653/1175/2478 2654/1175/2479 2609/1176/2442
f 2655/1176/2480 2609/1176/2442 1486/1164/1472
f 1356/1129/1342 2656/1129/2481 1579/1127/1468
f 1354/1127/1340 1579/1127/1468 1580/1125/1557
f 1352/1125/1338 1580/1125/1557 1581/1123/1558
f 1350/1123/1336 1581/1123/1558 1582/1121/1559
f 1348/1121/1334 1582/1121/1559 1583/1119/1560
f 1346/1119/1332 1583/1119/1560 1584/1117/1561
f 1344/1117/1330 1584/1117/1561 1585/1115/1562
f 1342/1115/1328 1585/1115/1562 1586/1113/1563
f 1340/1113/1326 1586/1113/1563 1587/1111/1564
f 1338/1111/1324 1587/1111/1564 1588/1109/1565
f 1336/1109/1322 1588/1109/1565 1589/1107/1566
f 1334/1107/1320 1589/1107/1566 1590/1105/1567
f 1332/1105/1318 1590/1105/1567 1591/1103/1568
f 1330/1103/1316 1591/1103/1568 1592/1101/1569
f 1328/1101/1314 1592/1101/1569 1593/1099/1570
f 1326/1099/1312 1593/1099/1570 1594/1097/1571
f 1324/1097/1310 1594/1097/1571 1595/1096/1438
f 1323/1096/1309 1595/1096/1438 1596/1094/1572
f 1319/1092/1305 1321/1094/1307 1596/1094/1572
f 1317/1090/1303 1319/1092/1305 1597/1092/1573
f 1315/1088/1301 1317/1090/1303 1598/1090/1574
f 1313/1086/1299 1315/1088/1301 1599/1088/1575
f 1311/1084/1297 1313/1086/1299 1600/1086/1576
f 1309/1082/1295 1311/1084/1297 1601/1084/1426
f 1307/1080/1293 1309/1082/1295 1602/1082/1577
f 1305/1078/1291 1307/1080/1293 1603/1080/1578
f 1302/1075/1288 1305/1078/1291 1604/1078/1420
f 1302/1075/1288 1605/1075/1579 1606/1073/1580
f 1300/1073/1286 1606/1073/1580 1607/1071/1581
f 1298/1071/1284 1607/1071/1581 1608/1069/1582
f 1296/1069/1282 1608/1069/1582 1609/1067/1583
f 1294/1067/1280 1609/1067/1583 1610/1066/1584
f 1293/1066/1279 1610/1066/1584 1611/1064/1585
f 1291/1064/1277 1611/1064/1585 2657/1163/2482
f 1286/1059/1272 1288/1061/1274 1614/1061/1588
f 1284/1057/1270 1286/1059/1272 1615/1059/1589
f 1282/1055/1268 1284/1057/1270 1616/1057/1590
f 1280/1053/1266 1282/1055/1268 1617/1055/1591
f 1278/1051/1264 1280/1053/1266 1618/1053/1592
f 1276/1049/1262 1278/1051/1264 1619/1051/1593
f 1274/1047/1260 1276/1049/1262 1620/1049/1594
f 1272/1045/1258 1274/1047/1260 1621/1047/1595
f 1270/1043/1256 1272/1045/1258 1622/1045/1596
f 1268/1041/1254 1270/1043/1256 1623/1043/1597
f 1266/1039/1252 1268/1041/1254 1624/1041/1598
f 1264/1037/1250 1266/1039/1252 1625/1039/1382
f 1262/1035/1248 1264/1037/1250 1626/1037/1599
f 1363/1136/1349 1665/1177/1602 2658/1177/2483
f 1629/1177/1602 2659/1178/1630 1630/1178/1603
f 1365/1138/1351 1632/1138/1605 1631/1166/1604
f 1367/1140/1353 1633/1140/1606 1632/1138/1605
f 1369/1142/1355 1634/1142/1607 1633/1140/1606
f 1371/1144/1357 1635/1144/1608 1634/1142/1607
f 1373/1146/1359 1636/1146/1609 1635/1144/1608
f 1375/1148/1361 1637/1148/1610 1636/1146/1609
f 1377/1150/1363 1638/1150/1489 1637/1148/1610
f 1379/1152/1365 1639/1152/1611 1638/1150/1489
f 1381/1154/1367 1640/1154/1612 1639/1152/1611
f 1383/1156/1369 1642/1156/1614 1640/1154/1612
f 2660/1179/1613 2614/1179/2447 1510/1156/1495
f 1645/1180/1616 1646/1180/1617 1512/1168/1497
f 1643/1180/1615 1384/1157/1370 2612/1157/2445
f 1386/1159/1372 1382/1155/1368 1649/1155/1496
f 1382/1155/1368 1380/1153/1366 1648/1153/1619
f 1380/1153/1366 1378/1151/1364 1650/1151/1620
f 1378/1151/1364 1376/1149/1362 1651/1149/1621
f 1376/1149/1362 1374/1147/1360 1652/1147/1622
f 1374/1147/1360 1372/1145/1358 1653/1145/1623
f 1372/1145/1358 1370/1143/1356 1654/1143/1624
f 1370/1143/1356 1368/1141/1354 1655/1141/1625
f 1368/1141/1354 1366/1139/1352 1656/1139/1626
f 1366/1139/1352 1364/1137/1350 1657/1137/1478
f 1364/1137/1350 1361/1134/1347 1658/1134/1627
f 1613/1063/1587 1420/1163/1406 1418/1061/1404
f 1661/1173/1628 1289/1062/1275 1538/1162/1522
f 1660/1173/1629 1419/1162/1405 1420/1163/1406
f 1290/1063/1276 1289/1062/1275 1661/1173/1628
f 1362/1135/1348 1631/1166/1604 1662/1178/1603
f 2661/1134/1347 1627/1136/1600 1491/1167/1476
f 1630/1178/1603 1489/1166/1474 1491/1167/1476
f 1363/1136/1349 1362/1135/1348 1663/1178/1630
f 1666/1181/1632 1671/1186/1637 1667/1182/1633
f 1667/1182/1633 1671/1186/1637 1669/1184/1635
f 1671/1186/1637 1673/1188/1639 1672/1187/1638
f 1666/1181/1632 1675/1190/1641 1673/1188/1639
f 1674/1189/1640 1673/1188/1639 1675/1190/1641
f 1677/1192/1643 1672/1187/1638 1673/1188/1639
f 1678/1193/1640 1682/1197/1646 1679/1194/1644
f 1681/1196/1642 1812/1327/1763 1682/1197/1646
f 1680/1195/1645 1679/1194/1644 1683/1198/1647
f 1685/1200/1648 1669/1184/1635 1672/1187/1638
f 1684/1199/1648 1683/1198/1647 1686/1201/1649
f 1688/1203/1651 1670/1185/1636 1669/1184/1635
f 1687/1202/1650 1686/1201/1649 1689/1204/1652
f 1691/1206/1654 1693/1208/1656 1670/1185/1636
f 1692/1207/1655 1667/1182/1633 1670/1185/1636
f 1693/1208/1656 1696/1211/1659 1694/1209/1657
f 1695/1210/1658 1696/1211/1659 1693/1208/1656
f 1696/1211/1659 1706/1221/1668 1697/1212/1660
f 1698/1213/1661 1706/1221/1668 1696/1211/1659
f 1690/1205/1653 1689/1204/1652 1699/1214/1662
f 1700/1215/1663 1699/1214/1662 1701/1216/1664
f 1702/1217/1665 1701/1216/1664 1703/1218/1666
f 1705/1220/1667 1707/1222/1669 1706/1221/1668
f 1707/1222/1669 1705/1220/1667 1708/1223/1670
f 1710/1225/1672 1777/1292/1734 1711/1226/1673
f 1707/1222/1669 1709/1224/1671 1713/1228/1674
f 1714/1229/1675 1697/1212/1660 1706/1221/1668
f 1715/1230/1676 2372/1871/2256 1697/1212/1660
f 1715/1230/1676 1714/1229/1675 1713/1228/1674
f 1717/1232/1678 1713/1228/1674 1709/1224/1671
f 1716/1231/1677 1713/1228/1674 1717/1232/1678
f 1720/1235/1681 1719/1234/1680 1717/1232/1678
f 1721/1236/1682 1717/1232/1678 1718/1233/1679
f 1718/1233/1679 1724/1239/1685 1723/1238/1684
f 1709/1224/1671 1708/1223/1670 1724/1239/1685
f 1712/1227/1670 1711/1226/1673 1725/1240/1686
f 1726/1241/1687 1725/1240/1686 1727/1242/1688
f 1728/1243/1689 1727/1242/1688 1729/1244/1690
f 1722/1237/1683 1723/1238/1684 1731/1246/1692
f 1732/1247/1693 1731/1246/1692 1733/1248/1694
f 1730/1245/1691 1729/1244/1690 1735/1250/1696
f 1722/1237/1683 1732/1247/1693 1737/1252/1698
f 1732/1247/1693 1734/1249/1695 1738/1253/1699
f 1738/1253/1699 1734/1249/1695 1739/1254/1700
f 1734/1249/1695 1733/1248/1694 1741/1256/1702
f 1739/1254/1700 1741/1256/1702 1742/1257/1703
f 1736/1251/1697 1735/1250/1696 1743/1258/1704
f 1744/1259/1705 1743/1258/1704 1745/1260/1706
f 1740/1255/1701 1742/1257/1703 1747/1262/1708
f 1749/1264/1710 1746/1261/1707 1745/1260/1706
f 1751/1266/1712 1754/1269/1706 1752/1267/1713
f 1754/1269/1706 1760/1275/1704 1755/1270/1715
f 1753/1268/1714 1752/1267/1713 1756/1271/1716
f 1756/1271/1716 1752/1267/1713 1755/1270/1715
f 1759/1274/1719 1758/1273/1718 1755/1270/1715
f 1756/1271/1716 1758/1273/1718 1761/1276/1720
f 1763/1278/1722 1761/1276/1720 1758/1273/1718
f 1762/1277/1721 1761/1276/1720 1764/1279/1723
f 1766/1281/1688 1764/1279/1723 1761/1276/1720
f 1765/1280/1724 1764/1279/1723 1767/1282/1725
f 1769/1284/1727 1767/1282/1725 1764/1279/1723
f 1768/1283/1726 1767/1282/1725 1770/1285/1728
f 1772/1287/1730 1770/1285/1728 1767/1282/1725
f 1711/1226/1673 1778/1293/1730 1774/1289/1732
f 1775/1290/1733 1784/1299/1739 1770/1285/1728
f 1777/1292/1734 2662/2086/2484 1778/1293/1730
f 1779/1294/1735 2663/2087/2484 1703/1218/1666
f 1780/1295/1736 1784/1299/1739 1781/1296/1737
f 1780/1295/1736 1785/1300/1740 1783/1298/1738
f 1784/1299/1739 1783/1298/1738 1771/1286/1729
f 1785/1300/1740 1780/1295/1736 1786/1301/1741
f 1786/1301/1741 1780/1295/1736 1788/1303/1735
f 1787/1302/1742 1786/1301/1741 1790/1305/1744
f 1790/1305/1744 1786/1301/1741 1792/1307/1746
f 1794/1309/1748 1779/1294/1735 1701/1216/1664
f 1790/1305/1744 1793/1308/1747 1795/1310/1749
f 1791/1306/1745 1790/1305/1744 1796/1311/1750
f 1797/1312/1751 1796/1311/1750 1798/1313/1752
f 1796/1311/1750 1795/1310/1749 1800/1315/1647
f 1799/1314/1753 1798/1313/1752 1801/1316/1754
f 1798/1313/1752 1800/1315/1647 1803/1318/1644
f 1801/1316/1754 1803/1318/1644 1804/1319/1646
f 1805/1320/1756 1799/1314/1753 1802/1317/1755
f 1802/1317/1755 1804/1319/1646 1807/1322/1758
f 1808/1323/1759 1805/1320/1756 1806/1321/1757
f 1806/1321/1757 1807/1322/1758 1810/1325/1761
f 1811/1326/1762 1816/1331/1767 1812/1327/1763
f 1813/1328/1764 1809/1324/1760 1810/1325/1761
f 1815/1330/1766 2664/2088/2485 1816/1331/1767
f 1817/1332/1762 1820/1335/1770 1818/1333/1768
f 1676/1191/1642 1675/1190/1641 1820/1335/1770
f 1821/1336/1771 1818/1333/1768 1820/1335/1770
f 1822/1337/1772 1820/1335/1770 1675/1190/1641
f 1823/1338/1773 1821/1336/1771 1822/1337/1772
f 1822/1337/1772 1666/1181/1632 1668/1183/1634
f 1825/1340/1775 1837/1352/1786 1823/1338/1773
f 1826/1341/1776 1825/1340/1775 1824/1339/1774
f 1827/1342/1777 1824/1339/1774 1668/1183/1634
f 1829/1344/1779 1834/1349/1783 1830/1345/1780
f 1832/1347/1781 1829/1344/1779 1831/1346/1775
f 1834/1349/1783 2665/2089/2486 1835/1350/1784
f 1836/1351/1785 1841/1356/1789 1823/1338/1773
f 1835/1350/1784 2665/2089/2486 1838/1353/1787
f 1840/1355/1788 1843/1358/1791 1841/1356/1789
f 1821/1336/1771 1823/1338/1773 1841/1356/1789
f 1842/1357/1790 1841/1356/1789 1843/1358/1791
f 1844/1359/1792 1843/1358/1791 1845/1360/1793
f 1847/1362/1795 1845/1360/1793 1843/1358/1791
f 1846/1361/1794 1845/1360/1793 1848/1363/1796
f 1845/1360/1793 1847/1362/1795 1850/1365/1798
f 1851/1366/1799 1854/1369/1795 1852/1367/1800
f 1839/1354/1788 1838/1353/1787 1852/1367/1800
f 1851/1366/1799 1853/1368/1801 1855/1370/1802
f 1848/1363/1796 1850/1365/1798 1857/1372/1804
f 1858/1373/1805 1857/1372/1804 1859/1374/1806
f 1856/1371/1803 1855/1370/1802 1861/1376/1808
f 1849/1364/1797 1848/1363/1796 1858/1373/1805
f 1863/1378/1809 1858/1373/1805 1860/1375/1807
f 1865/1380/1811 1864/1379/1810 1860/1375/1807
f 1860/1375/1807 1859/1374/1806 1867/1382/1813
f 1868/1383/1814 2476/1975/2348 1865/1380/1811
f 1869/1384/1815 1868/1383/1814 1866/1381/1812
f 1866/1381/1812 1867/1382/1813 1871/1386/1817
f 1872/1387/1818 1875/1390/1821 1873/1388/1819
f 1862/1377/1806 1861/1376/1808 1875/1390/1821
f 1876/1391/1821 1886/1400/1823 1877/1392/1822
f 1879/1394/1808 1882/1396/1825 1880/1395/1823
f 1882/1396/1825 1889/1402/1831 1883/1397/1826
f 1883/1397/1826 2424/1923/2302 1884/1398/1827
f 1882/1396/1825 1891/1404/1832 1888/1401/1830
f 1890/1403/1802 1891/1404/1832 1882/1396/1825
f 1891/1404/1832 1893/1406/1834 1892/1405/1833
f 1890/1403/1802 1895/1408/1836 1893/1406/1834
f 1893/1406/1834 1896/1409/1837 1894/1407/1835
f 1895/1408/1836 1899/1412/1840 1896/1409/1837
f 1897/1410/1838 1894/1407/1835 1896/1409/1837
f 1898/1411/1839 1896/1409/1837 1899/1412/1840
f 1901/1414/1842 1897/1410/1838 1898/1411/1839
f 1902/1415/1843 1898/1411/1839 1900/1413/1841
f 1904/1417/1845 1901/1414/1842 1902/1415/1843
f 1905/1418/1846 1902/1415/1843 1903/1416/1844
f 1808/1323/1759 1904/1417/1845 1905/1418/1846
f 1907/1420/1847 1905/1418/1846 1906/1419/1783
f 1909/1422/1848 1805/1320/1756 1808/1323/1759
f 1911/1424/1850 1913/1425/1852 1914/1421/1779
f 1904/1417/1845 1808/1323/1759 1809/1324/1760
f 1791/1306/1745 1797/1312/1751 1909/1422/1848
f 1917/1428/1854 1787/1302/1742 1791/1306/1745
f 1918/1429/1855 1917/1428/1854 1916/1427/1853
f 1920/1430/1856 2666/2090/1855 1832/1347/1781
f 1921/1431/1857 2667/2091/1864 1922/1432/1858
f 1924/1434/1860 2668/2092/1864 1925/1435/1861
f 1934/1437/1863 1917/1428/1854 2669/1438/1855
f 1930/1440/1866 1936/1445/1869 1931/1441/1863
f 1934/1437/1863 2670/2093/1870 1935/1444/1868
f 1938/1447/1871 1944/1453/1876 1937/1446/1870
f 1939/1448/1872 1938/1447/1871 1936/1445/1869
f 1941/1450/1873 1938/1447/1871 1939/1448/1872
f 1938/1447/1871 1941/1450/1873 1943/1452/1875
f 1945/1454/1877 2671/2094/1887 1946/1455/1878
f 1945/1454/1877 1947/1456/1872 1948/1443/1866
f 1950/1458/1879 1958/1465/1887 1951/1454/1880
f 1951/1454/1880 2672/2095/2487 1953/1460/1882
f 1953/1460/1882 2377/1876/2261 1954/1461/1883
f 1952/1459/1881 1954/1461/1883 1955/1462/1884
f 1956/1463/1885 1957/1464/1886 1950/1458/1879
f 1957/1464/1886 2673/2096/1889 1958/1465/1887
f 1959/1466/1888 1965/1472/1894 1960/1467/1889
f 1962/1469/1891 1959/1466/1888 1961/1468/1890
f 1964/1471/1893 2674/2097/1898 1960/1467/1889
f 1966/1473/1889 2675/2098/1898 1967/1474/1895
f 1969/1476/1897 1977/1484/1902 1970/1477/1898
f 1972/1479/1900 2001/1506/1920 1973/1480/1901
f 1967/1474/1895 2675/2098/1898 1975/1482/1902
f 1977/1484/1902 1768/1283/1726 1771/1286/1729
f 1768/1283/1726 1977/1484/1902 1969/1476/1897
f 1978/1485/1904 2676/2099/1875 1979/1486/1905
f 1980/1487/1906 1941/1450/1873 1981/1488/1874
f 1978/1485/1904 1985/1492/1909 1983/1490/1908
f 1978/1485/1904 1771/1286/1729 1783/1298/1738
f 1985/1492/1909 1783/1298/1738 1785/1300/1740
f 1986/1493/1908 1985/1492/1909 1935/1444/1868
f 1935/1444/1868 1785/1300/1740 1787/1302/1742
f 1988/1495/1910 1762/1277/1721 1765/1280/1724
f 1992/1478/1899 2677/1502/1917 1990/1497/1912
f 1993/1498/1914 2276/1777/2167 1994/1499/1915
f 1994/1499/1915 1757/1272/1717 1988/1495/1910
f 1997/1502/1917 2002/1507/1919 1993/1498/1914
f 1998/1503/1918 2005/1510/1923 1999/1504/1919
f 2001/1506/1920 1998/1503/1918 2000/1505/1917
f 2002/1507/1919 2027/1532/1945 2003/1508/1921
f 2004/1509/1922 2023/1528/1941 1999/1504/1919
f 2006/1511/1924 2016/1521/1934 2007/1512/1925
f 2008/1513/1926 2007/1512/1925 2009/1514/1927
f 2011/1516/1929 2006/1511/1924 2008/1513/1926
f 2013/1518/1931 2012/1517/1930 2008/1513/1926
f 2014/1519/1932 2015/1520/1933 2006/1511/1924
f 2015/1520/1933 2019/1524/1937 2016/1521/1934
f 2017/1522/1935 2018/1523/1936 2015/1520/1933
f 2018/1523/1936 2055/1560/1957 2019/1524/1937
f 2020/1525/1938 2041/1546/1957 2021/1526/1939
f 2004/1509/1922 2020/1525/1938 2022/1527/1940
f 2024/1529/1942 2033/1538/1939 2025/1530/1943
f 2027/1532/1945 2024/1529/1942 2026/1531/1944
f 2003/1508/1921 2026/1531/1944 2028/1533/1946
f 2026/1531/1944 2025/1530/1943 2030/1535/1948
f 2031/1536/1949 2030/1535/1948 2025/1530/1943
f 2032/1537/1950 2025/1530/1943 2033/1538/1939
f 2035/1540/1952 2031/1536/1949 2032/1537/1950
f 2036/1541/1953 2032/1537/1950 2034/1539/1951
f 2038/1543/1955 2678/2100/2488 2039/1544/1951
f 2040/1545/1956 2039/1544/1951 2021/1526/1939
f 2042/1547/1958 2036/1541/1953 2037/1542/1954
f 2044/1549/1959 2678/2100/2488 2038/1543/1955
f 2046/1551/1961 2050/1555/1965 2047/1552/1962
f 2049/1554/1964 2053/1558/1968 2050/1555/1965
f 2051/1556/1966 2047/1552/1962 2050/1555/1965
f 2052/1557/1967 2050/1555/1965 2053/1558/1968
f 2054/1559/1969 2053/1558/1968 2018/1523/1936
f 2055/1560/1957 2018/1523/1936 2053/1558/1968
f 2056/1561/1970 2052/1557/1967 2054/1559/1969
f 2057/1562/1971 2054/1559/1969 2017/1522/1935
f 2058/1563/1972 2017/1522/1935 2014/1519/1932
f 2060/1565/1974 2057/1562/1971 2058/1563/1972
f 2059/1564/1973 2265/1766/2158 2061/1566/1975
f 2062/1567/1976 2257/1758/2150 2063/1568/1977
f 2063/1568/1977 2066/1571/1979 2065/1570/1978
f 2066/1571/1979 2679/2101/2489 2067/1572/1980
f 2068/1573/1981 2056/1561/1970 2057/1562/1971
f 2067/1572/1980 2679/2101/2489 2069/1574/1982
f 2071/1576/1984 2072/1577/1985 2056/1561/1970
f 2072/1577/1985 2051/1556/1966 2052/1557/1967
f 2051/1556/1966 2072/1577/1985 2073/1578/1986
f 2075/1580/1988 2073/1578/1986 2072/1577/1985
f 2074/1579/1987 2073/1578/1986 2076/1581/1989
f 2078/1583/1991 2076/1581/1989 2073/1578/1986
f 2079/1584/1992 2082/1587/1995 2080/1585/1993
f 2070/1575/1983 2069/1574/1982 2082/1587/1995
f 2081/1586/1994 2080/1585/1993 2083/1588/1996
f 2085/1590/1998 2088/1593/2001 2076/1581/1989
f 2083/1588/1996 2098/1603/2010 2086/1591/1999
f 2087/1592/2000 2090/1595/2003 2088/1593/2001
f 2077/1582/1990 2076/1581/1989 2088/1593/2001
f 2089/1594/2002 2088/1593/2001 2090/1595/2003
f 2087/1592/2000 2094/1599/2007 2091/1596/2004
f 2092/1597/2005 2089/1594/2002 2091/1596/2004
f 2094/1599/2007 2101/1606/2009 2093/1598/2006
f 2095/1600/2008 2099/1604/2011 2096/1601/2009
f 2098/1603/2010 2095/1600/2008 2097/1602/2007
f 2099/1604/2011 2103/1608/2014 2100/1605/2012
f 2101/1606/2009 2105/1610/2016 2102/1607/2013
f 2103/1608/2014 2118/1623/2028 2104/1609/2015
f 2105/1610/2016 2110/1615/2021 2106/1611/2017
f 2107/1612/2018 2092/1597/2005 2093/1598/2006
f 2102/1607/2013 2106/1611/2017 2108/1613/2019
f 2106/1611/2017 2111/1616/2022 2109/1614/2020
f 2110/1615/2021 2114/1619/2025 2111/1616/2022
f 2112/1617/2023 2109/1614/2020 2111/1616/2022
f 2114/1619/2025 2120/1625/2030 2113/1618/2024
f 2115/1620/2026 2127/1632/2033 2116/1621/2027
f 2118/1623/2028 2115/1620/2026 2117/1622/2025
f 2119/1624/2029 2113/1618/2024 2120/1625/2030
f 2122/1627/2032 2680/2102/2490 2123/1628/2033
f 2123/1628/2033 2681/2103/2041 2125/1630/2035
f 2126/1631/2036 2682/2104/2041 2127/1632/2033
f 2128/1633/2037 2135/1640/2044 2129/1634/2038
f 2131/1636/2040 2135/1640/2044 2132/1637/2041
f 2131/1636/2040 2161/1666/2067 2134/1639/2043
f 2135/1640/2044 2134/1639/2043 2136/1641/2045
f 2137/1642/2046 2129/1634/2038 2138/1643/2047
f 2140/1645/2049 2138/1643/2047 2129/1634/2038
f 2141/1646/2050 2140/1645/2049 2136/1641/2045
f 2142/1647/2051 2136/1641/2045 2134/1639/2043
f 2142/1647/2051 2683/2105/2055 2144/1649/2053
f 2142/1647/2051 2143/1648/2052 2145/1650/2054
f 2150/1655/2057 2147/1652/2056 2149/1654/2055
f 2150/1655/2057 2151/1656/2054 2152/1657/2058
f 2154/1659/2060 2143/1648/2052 2155/1660/2061
f 2158/1663/2064 2684/2106/2058 2155/1660/2061
f 2155/1660/2061 2161/1666/2067 2160/1665/2066
f 2143/1648/2052 2134/1639/2043 2161/1666/2067
f 2162/1667/2068 2159/1664/2065 2163/1668/2069
f 2165/1670/2071 2163/1668/2069 2159/1664/2065
f 2166/1671/2072 2177/1682/2081 2167/1672/2073
f 2166/1671/2072 2168/1673/2068 2169/1674/2074
f 2171/1676/2074 2685/2107/2491 2172/1677/2076
f 2172/1677/2076 2685/2107/2491 2174/1679/2078
f 2176/1681/2080 2686/2108/2352 2177/1682/2081
f 2178/1683/2082 2329/1830/2219 2179/1681/2083
f 2181/1683/2085 2184/1687/2088 2182/1685/2086
f 2184/1687/2088 2687/2109/2074 2185/1688/2089
f 2182/1685/2086 2187/1690/2091 2186/1689/2090
f 2187/1690/2091 2182/1685/2086 2185/1688/2089
f 2189/1692/2093 2384/1883/2265 2190/1693/2094
f 2191/1694/2095 2190/1693/2094 2171/1676/2074
f 2192/1695/2096 2196/1699/2099 2193/1696/2097
f 2195/1698/2077 2203/1706/2106 2196/1699/2099
f 2197/1700/2100 2193/1696/2097 2196/1699/2099
f 2196/1699/2099 2203/1706/2106 2199/1702/2102
f 2199/1702/2102 2203/1706/2106 2200/1703/2103
f 2202/1705/2105 2481/1980/2353 2200/1703/2103
f 2204/1707/2076 2202/1705/2105 2203/1706/2106
f 2205/1708/2107 2481/1980/2353 2202/1705/2105
f 2207/1710/2079 2206/1709/2108 2202/1705/2105
f 2206/1709/2108 2212/1715/2113 2208/1711/2109
f 2209/1712/2110 2212/1715/2113 2206/1709/2108
f 2175/1680/2079 2174/1679/2078 2210/1713/2111
f 2211/1714/2112 2210/1713/2111 2044/1549/1959
f 2048/1553/1963 2047/1552/1962 2212/1715/2113
f 2213/1716/2114 2042/1547/1958 2043/1548/1959
f 2215/1718/2116 2688/1717/2111 2216/1669/2070
f 2218/1720/2118 2232/1733/2129 2219/1721/2119
f 2219/1721/2119 2222/1723/2121 2042/1547/1958
f 2222/1723/2121 2035/1540/1952 2036/1541/1953
f 2223/1724/2122 2225/1726/2124 2035/1540/1952
f 2222/1723/2121 2219/1721/2119 2224/1725/2123
f 2225/1726/2124 2223/1724/2122 2226/1727/1982
f 2223/1724/2122 2224/1725/2123 2228/1729/2126
f 2224/1725/2123 2230/1731/2127 2229/1730/1993
f 2219/1721/2119 2232/1733/2129 2230/1731/2127
f 2230/1731/2127 2233/1734/2130 2231/1732/2128
f 2232/1733/2129 2234/1735/2131 2233/1734/2130
f 2218/1720/2118 2236/1737/2133 2234/1735/2131
f 2234/1735/2131 2237/1738/2134 2235/1736/2132
f 2236/1737/2133 2238/1739/2135 2237/1738/2134
f 2165/1670/2071 2239/1740/2136 2238/1739/2135
f 2165/1670/2071 2236/1737/2133 2218/1720/2118
f 2160/1665/2066 2243/1744/2140 2239/1740/2136
f 2238/1739/2135 2239/1740/2136 2240/1741/2137
f 2239/1740/2136 2243/1744/2140 2242/1743/2139
f 2243/1744/2140 2131/1636/2040 2244/1745/2042
f 2161/1666/2067 2131/1636/2040 2243/1744/2140
f 2246/1747/2141 2126/1631/2036 2115/1620/2026
f 2237/1738/2134 2238/1739/2135 2241/1742/2138
f 2235/1736/2132 2237/1738/2134 2247/1748/2142
f 2233/1734/2130 2235/1736/2132 2248/1749/2143
f 2225/1726/2124 2249/1750/2144 2031/1536/1949
f 2249/1750/2144 2225/1726/2124 2227/1728/2125
f 2251/1752/2146 2249/1750/2144 2250/1751/2145
f 2249/1750/2144 2251/1752/2146 2030/1535/1948
f 2028/1533/1946 2030/1535/1948 2251/1752/2146
f 2252/1753/2147 2255/1756/2150 2253/1754/2148
f 2029/1534/1947 2028/1533/1946 2253/1754/2148
f 2255/1756/2150 2258/1759/2152 2254/1755/2149
f 2256/1757/2151 2261/1762/2152 2257/1758/2150
f 2258/1759/2152 2273/1774/2164 2259/1760/2153
f 2256/1757/2151 2270/1771/2160 2260/1761/2154
f 2262/1763/2155 2267/1768/2160 2263/1764/2156
f 2264/1765/2157 2263/1764/2156 2265/1766/2158
f 2059/1564/1973 2014/1519/1932 2011/1516/1929
f 2264/1765/2157 2011/1516/1929 2012/1517/1930
f 2266/1767/2159 2269/1770/2162 2267/1768/2160
f 2013/1518/1931 2266/1767/2159 2262/1763/2155
f 2268/1769/2161 1748/1263/1709 2266/1767/2159
f 1748/1263/1709 1747/1262/1708 2269/1770/2162
f 2270/1771/2160 2272/1773/2162 2271/1772/2163
f 2272/1773/2162 1749/1264/1710 1750/1265/1711
f 2273/1774/2164 2275/1776/2166 2274/1775/2165
f 2275/1776/2166 1751/1266/1712 1753/1268/1714
f 2259/1760/2153 2274/1775/2165 1994/1499/1915
f 2274/1775/2165 1753/1268/1714 1757/1272/1717
f 2276/1777/2167 2029/1534/1947 2254/1755/2149
f 1993/1498/1914 2003/1508/1921 2029/1534/1947
f 1738/1253/1699 1740/1255/1701 1748/1263/1709
f 1737/1252/1698 1738/1253/1699 2268/1769/2161
f 2277/1778/2168 2268/1769/2161 2013/1518/1931
f 1721/1236/1682 1737/1252/1698 2277/1778/2168
f 1720/1235/1681 2277/1778/2168 2010/1515/1928
f 2278/1779/2169 2279/1780/2170 1719/1234/1680
f 2279/1780/2170 2278/1779/2169 2280/1781/2171
f 2278/1779/2169 2010/1515/1928 2009/1514/1927
f 1716/1231/1677 1719/1234/1680 2279/1780/2170
f 2282/1783/2172 2279/1780/2170 2281/1782/1893
f 2284/1785/2174 1715/1230/1676 1716/1231/1677
f 2284/1785/2174 2282/1783/2172 2285/1786/2175
f 2285/1786/2175 2282/1783/2172 2283/1784/2173
f 2286/1787/2176 2285/1786/2175 2288/1789/2178
f 2285/1786/2175 2287/1788/2177 2290/1791/2180
f 2289/1790/2179 2288/1789/2178 2291/1792/2181
f 2288/1789/2178 2290/1791/2180 2293/1794/2183
f 1962/1469/1891 1963/1470/1892 2294/1795/2184
f 2291/1792/2181 2293/1794/2183 2296/1797/2186
f 2295/1796/2185 2294/1795/2184 2298/1799/2188
f 2300/1801/2190 2303/1804/2193 2301/1802/2191
f 2303/1804/2193 1956/1463/1885 1955/1462/1884
f 2304/1805/2194 2307/1808/2197 2302/1803/2192
f 1954/1461/1883 2304/1805/2194 2301/1802/2191
f 2302/1803/2192 2306/1807/2196 2305/1806/2195
f 2306/1807/2196 2302/1803/2192 2307/1808/2197
f 2308/1809/2198 2307/1808/2197 2309/1810/2199
f 2311/1812/2201 2309/1810/2199 2307/1808/2197
f 2312/1813/2202 2320/1821/2210 2310/1811/2200
f 2309/1810/2199 2311/1812/2201 2313/1814/2203
f 2314/1815/2204 2319/1820/2209 2315/1816/2205
f 2315/1816/2205 2365/1864/2250 2317/1818/2207
f 2314/1815/2204 2324/1825/2214 2318/1819/2208
f 2320/1821/2210 2322/1823/2212 2321/1822/2211
f 2322/1823/2212 2326/1827/2216 2323/1824/2213
f 2324/1825/2214 2337/1837/2227 2325/1826/2215
f 2186/1689/2090 2308/1809/2198 2310/1811/2200
f 2183/1686/2087 2186/1689/2090 2321/1822/2211
f 2323/1824/2213 2327/1828/2217 2181/1683/2085
f 2326/1827/2216 2689/2110/2492 2327/1828/2217
f 2178/1683/2082 2690/2111/2493 2328/1829/2218
f 2333/1833/2223 2343/1842/2229 2331/1832/2221
f 2334/1834/2224 2341/1840/2230 2335/1835/2225
f 2336/1836/2226 2335/1835/2225 2325/1826/2215
f 2338/1838/2228 2141/1646/2050 2339/1839/2229
f 2334/1834/2224 1874/1389/1820 1873/1388/1819
f 2342/1841/2053 2331/1832/2221 2343/1842/2229
f 1870/1385/1816 1871/1386/1817 2345/1844/2232
f 2346/1845/2233 2345/1844/2232 2347/1846/2234
f 1870/1385/1816 2346/1845/2233 2349/1848/2236
f 2350/1849/2237 2349/1848/2236 2346/1845/2233
f 2199/1702/2102 2201/1704/2104 2350/1849/2237
f 2199/1702/2102 2348/1847/2235 2351/1850/2238
f 2348/1847/2235 2347/1846/2234 2352/1851/2227
f 2198/1701/2101 2351/1850/2238 2353/1852/2239
f 2351/1850/2238 2352/1851/2227 2354/1853/2240
f 2197/1700/2100 2353/1852/2239 2355/1854/2241
f 2353/1852/2239 2354/1853/2240 2357/1856/2204
f 2356/1855/2242 2355/1854/2241 2358/1857/2243
f 2355/1854/2241 2357/1856/2204 2360/1859/2245
f 2359/1858/2244 2358/1857/2243 2361/1860/2246
f 2362/1861/2247 2361/1860/2246 2358/1857/2243
f 2292/1793/2182 2361/1860/2246 2363/1862/2248
f 2364/1863/2249 2363/1862/2248 2361/1860/2246
f 2365/1864/2250 2691/2112/2494 2366/1865/2251
f 2366/1865/2251 2691/2112/2494 2367/1866/2252
f 2369/1868/2253 2371/1870/2255 2363/1862/2248
f 2367/1866/2252 1924/1434/1860 1926/1436/1862
f 2370/1869/2254 2374/1873/2258 2371/1870/2255
f 2289/1790/2179 2363/1862/2248 2371/1870/2255
f 2371/1870/2255 2374/1873/2258 2284/1785/2174
f 2284/1785/2174 2374/1873/2258 2372/1871/2256
f 2373/1872/2257 2376/1875/2260 2372/1871/2256
f 2370/1869/2254 2375/1874/2259 2373/1872/2257
f 1828/1343/1778 2376/1875/2260 2373/1872/2257
f 2375/1874/2259 1826/1341/1776 1827/1342/1777
f 2372/1871/2256 2376/1875/2260 1694/1209/1657
f 1692/1207/1655 1694/1209/1657 2376/1875/2260
f 1668/1183/1634 1667/1182/1633 1692/1207/1655
f 2377/1876/2261 1953/1460/1882 2378/1877/2252
f 1953/1460/1882 2672/2095/2487 2380/1879/1858
f 2311/1812/2201 2377/1876/2261 2379/1878/2262
f 2377/1876/2261 2311/1812/2201 2304/1805/2194
f 2292/1793/2182 2291/1792/2181 2297/1798/2187
f 2359/1858/2244 2297/1798/2187 2381/1880/2263
f 2382/1881/2264 2381/1880/2263 2297/1798/2187
f 2356/1855/2242 2381/1880/2263 2193/1696/2097
f 2194/1697/2098 2193/1696/2097 2381/1880/2263
f 2383/1882/2264 2692/2113/2195 2384/1883/2265
f 2298/1799/2188 2692/2113/2195 2383/1882/2264
f 2306/1807/2196 2187/1690/2091 2188/1691/2092
f 2350/1849/2237 2386/1885/2267 2385/1884/2266
f 2201/1704/2104 2112/1617/2023 2386/1885/2267
f 2201/1704/2104 2200/1703/2103 2109/1614/2020
f 2113/1618/2024 2119/1624/2029 2386/1885/2267
f 2385/1884/2266 2386/1885/2267 2119/1624/2029
f 2387/1886/2268 2119/1624/2029 2121/1626/2031
f 2389/1888/2270 2385/1884/2266 2387/1886/2268
f 2390/1889/2271 2387/1886/2268 2388/1887/2269
f 2392/1891/2273 2122/1627/2032 2124/1629/2034
f 2394/1893/2275 2392/1891/2273 2393/1892/2274
f 2396/1895/2277 2394/1893/2275 2395/1894/2276
f 2398/1897/2279 2390/1889/2271 2391/1890/2272
f 2400/1899/2281 2398/1897/2279 2399/1898/2280
f 2402/1901/2282 2396/1895/2277 2397/1896/2278
f 2390/1889/2271 2398/1897/2279 2404/1903/2284
f 2398/1897/2279 2400/1899/2281 2405/1904/2285
f 2405/1904/2285 2400/1899/2281 2406/1905/2286
f 2406/1905/2286 2400/1899/2281 2401/1900/2282
f 2407/1906/2287 2406/1905/2286 2408/1907/2288
f 2410/1909/2288 2402/1901/2282 2403/1902/2283
f 2412/1911/2289 2410/1909/2288 2411/1910/2290
f 2414/1913/2292 2407/1906/2287 2409/1908/2289
f 2416/1915/2294 2412/1911/2289 2413/1912/2291
f 2418/1917/2296 2421/1920/2299 2419/1918/2297
f 2421/1920/2299 2426/1925/2304 2422/1921/2300
f 2420/1919/2298 2419/1918/2297 2423/1922/2301
f 2423/1922/2301 2419/1918/2297 2422/1921/2300
f 2426/1925/2304 2429/1928/2307 2425/1924/2303
f 2423/1922/2301 2425/1924/2303 2427/1926/2305
f 2429/1928/2307 2432/1931/2310 2427/1926/2305
f 2428/1927/2306 2427/1926/2305 2430/1929/2308
f 2432/1931/2310 2434/1933/2312 2430/1929/2308
f 2431/1930/2309 2430/1929/2308 2138/1643/2047
f 2433/1932/2311 2138/1643/2047 2430/1929/2308
f 2338/1838/2228 2431/1930/2309 2140/1645/2049
f 1884/1398/1827 2428/1927/2306 2431/1930/2309
f 2424/1923/2302 2423/1922/2301 2428/1927/2306
f 2435/1934/2313 2420/1919/2298 2424/1923/2302
f 2436/1935/2314 2418/1917/2296 2420/1919/2298
f 2437/1936/2315 2435/1934/2313 1883/1397/1826
f 2438/1937/2316 2436/1935/2314 2435/1934/2313
f 2439/1938/2317 2416/1915/2294 2417/1916/2295
f 2441/1940/2319 2439/1938/2317 2440/1939/2318
f 2443/1942/2320 2441/1940/2319 2442/1941/2316
f 2445/1944/2321 2438/1937/2316 2437/1936/2315
f 2447/1946/2323 2443/1942/2320 2444/1943/2321
f 2449/1948/2325 2445/1944/2321 2446/1945/2322
f 1889/1402/1831 1888/1401/1830 2446/1945/2322
f 1888/1401/1830 1892/1405/1833 2450/1949/2326
f 1892/1405/1833 1894/1407/1835 2451/1950/2327
f 2452/1951/2328 2449/1948/2325 2450/1949/2326
f 2453/1952/2329 2451/1950/2327 1894/1407/1835
f 2451/1950/2327 2453/1952/2329 2454/1953/2330
f 2455/1954/2331 2447/1946/2323 2448/1947/2324
f 2456/1955/2332 2458/1957/2330 2457/1956/2333
f 2458/1957/2330 2461/1960/2336 2459/1958/2334
f 2453/1952/2329 2462/1961/2337 2460/1959/2335
f 2461/1960/2336 2664/2088/2485 1815/1330/1766
f 2462/1961/2337 1813/1328/1764 1814/1329/1765
f 2462/1961/2337 2453/1952/2329 1897/1410/1838
f 1813/1328/1764 2462/1961/2337 1901/1414/1842
f 2463/1962/2338 2466/1965/2340 2464/1963/2339
f 1819/1334/1769 1818/1333/1768 2466/1965/2340
f 2466/1965/2340 1842/1357/1790 1844/1359/1792
f 1818/1333/1768 1821/1336/1771 1842/1357/1790
f 2464/1963/2339 1844/1359/1792 1846/1361/1794
f 2468/1967/2331 2465/1964/2333 2464/1963/2339
f 2469/1968/2342 2472/1971/2345 2468/1967/2331
f 2467/1966/2341 1846/1361/1794 1849/1364/1797
f 2469/1968/2342 1849/1364/1797 1863/1378/1809
f 2469/1968/2342 2470/1969/2343 2471/1970/2344
f 2470/1969/2343 1863/1378/1809 1864/1379/1810
f 2470/1969/2343 2473/1972/2346 2474/1973/2347
f 2473/1972/2346 2477/1976/2349 2475/1974/2317
f 1865/1380/1811 2477/1976/2349 2473/1972/2346
f 2476/1975/2348 2414/1913/2292 2477/1976/2349
f 2477/1976/2349 2414/1913/2292 2415/1914/2293
f 2405/1904/2285 2407/1906/2287 2414/1913/2292
f 2404/1903/2284 2405/1904/2285 2476/1975/2348
f 2389/1888/2270 2404/1903/2284 1868/1383/1814
f 1869/1384/1815 2349/1848/2236 2385/1884/2266
f 2124/1629/2034 2125/1630/2035 2478/1977/2350
f 2342/1841/2053 2693/2114/2056 2332/1829/2222
f 2479/1978/2351 2694/2115/2495 2329/1830/2219
f 2329/1830/2219 2694/2115/2495 2480/1979/2352
f 2187/1690/2091 2306/1807/2196 2308/1809/2198
f 2047/1552/1962 2051/1556/1966 2074/1579/1987
f 2074/1579/1987 2077/1582/1990 2208/1711/2109
f 2077/1582/1990 2089/1594/2002 2092/1597/2005
f 2208/1711/2109 2092/1597/2005 2107/1612/2018
f 2107/1612/2018 2108/1613/2019 2481/1980/2353
f 2200/1703/2103 2481/1980/2353 2108/1613/2019
f 1757/1272/1717 1756/1271/1716 1762/1277/1721
f 1909/1422/1848 1797/1312/1751 1799/1314/1753
f 2483/1009/1192 1199/733/1190 1200/1008/1191
f 1169/991/1160 1168/990/1159 2485/1012/2356
f 2486/1010/2357 2484/1009/2355 1200/1008/1191
f 1198/1006/1189 2633/1007/2464 2487/1981/2358
f 1196/1005/1187 1198/1006/1189 962/949/953
f 1194/1004/1185 1196/1005/1187 960/948/951
f 1192/1003/1183 1194/1004/1185 958/947/949
f 1190/1002/1181 1192/1003/1183 956/946/947
f 1186/1001/1177 1190/1002/1181 954/945/945
f 1184/1000/1175 1186/1001/1177 952/944/943
f 1182/999/1173 1184/1000/1175 950/943/941
f 1180/998/1171 1182/999/1173 948/942/939
f 1178/997/1169 1180/998/1171 946/941/937
f 1178/997/1169 942/939/933 943/940/934
f 1174/995/1165 1176/996/1167 943/940/934
f 1171/993/1162 1174/995/1165 940/938/931
f 1172/994/1163 1171/993/1162 938/937/929
f 1203/1011/1194 731/731/722 733/733/724
f 2488/1006/2359 728/728/719 730/730/721
f 2490/1005/2360 726/726/717 728/728/719
f 2491/1004/2361 724/724/715 726/726/717
f 2492/1003/2362 722/722/713 724/724/715
f 2493/1002/2363 720/720/711 722/722/713
f 2494/1001/2364 718/718/709 720/720/711
f 2495/1000/2365 716/716/707 718/718/709
f 2496/999/2366 714/714/705 716/716/707
f 2497/998/2367 712/712/703 714/714/705
f 2498/997/2368 710/710/701 712/712/703
f 2499/996/2369 708/708/699 710/710/701
f 2500/995/2370 706/706/697 708/708/699
f 2501/993/2371 704/704/695 706/706/697
f 2502/992/2372 702/702/693 704/704/695
f 2695/934/2496 2505/1029/1242 2646/1023/1225
f 2696/1027/2374 2615/1024/2448 2697/1025/1227
f 1134/971/1125 2646/1023/1225 2505/1029/1242
f 1132/899/1123 2632/1983/2463 2506/1982/2375
f 1130/898/1121 1132/899/1123 1162/986/1153
f 1129/897/1120 1130/898/1121 1160/985/1151
f 1128/896/1119 1129/897/1120 1158/984/1149
f 1127/895/1118 1128/896/1119 1156/983/1147
f 1126/894/1117 1127/895/1118 1154/982/1145
f 1125/893/1116 1126/894/1117 1152/981/1143
f 1124/892/1115 1125/893/1116 1150/980/1141
f 1123/891/1114 1124/892/1115 1148/979/1139
f 1122/890/1113 1123/891/1114 1146/978/1137
f 1121/889/1112 1122/890/1113 1144/977/1135
f 1120/888/1111 1121/889/1112 1142/976/1133
f 1120/888/1111 1140/975/1131 1138/974/1129
f 1118/887/1109 1138/974/1129 1135/972/1126
f 901/901/892 932/932/923 934/934/925
f 899/899/890 929/929/920 931/931/922
f 898/898/889 927/927/918 929/929/920
f 897/897/888 925/925/916 927/927/918
f 896/896/887 923/923/914 925/925/916
f 895/895/886 921/921/912 923/923/914
f 894/894/885 919/919/910 921/921/912
f 893/893/884 917/917/908 919/919/910
f 892/892/883 915/915/906 917/917/908
f 891/891/882 913/913/904 915/915/906
f 890/890/881 911/911/902 913/913/904
f 889/889/880 909/909/900 911/911/902
f 888/888/879 907/907/898 909/909/900
f 887/887/878 905/905/896 907/907/898
f 903/903/894 905/905/896 887/887/878
f 696/696/687 73/73/72 68/68/67
f 2509/1985/688 694/694/685 642/642/635
f 2510/1986/690 642/642/635 643/643/636
f 638/638/631 637/637/630 2512/1988/2379
f 2514/1990/2380 633/633/627 93/93/92
f 75/75/74 592/592/586 593/593/587
f 592/592/586 589/589/583 596/596/590
f 589/589/583 342/342/340 337/337/335
f 483/483/479 361/361/359 400/400/397
f 402/402/399 400/400/397 392/392/390
f 2516/1992/2382 392/392/390 394/394/386
f 389/389/387 388/388/386 2517/1993/391
f 383/383/381 384/384/382 2519/1995/2383
f 2521/1997/378 381/381/379 383/383/381
f 377/377/375 378/378/376 2522/1998/2385
f 2524/2000/2386 375/375/373 377/377/375
f 2525/2001/2387 150/150/149 375/375/373
f 2526/2002/2388 358/358/356 361/361/359
f 485/485/481 355/355/353 358/358/356
f 488/488/484 352/352/350 355/355/353
f 528/528/524 350/350/348 352/352/350
f 344/344/342 350/350/348 528/528/524
f 341/341/339 344/344/342 527/527/523
f 342/342/340 341/341/339 338/338/336
f 2527/2003/2389 145/145/144 150/150/149
f 2528/2004/2390 128/128/127 143/143/142
f 2529/2005/2391 143/143/142 145/145/144
f 2530/2006/2392 124/124/123 128/128/127
f 2531/2007/2393 122/122/121 124/124/123
f 2532/2008/2394 120/120/119 122/122/121
f 2533/2009/112 103/103/102 120/120/119
f 101/101/100 103/103/102 2533/2009/112
f 95/95/94 101/101/100 2534/2010/2395
f 90/90/89 95/95/94 2535/2011/97
f 93/93/92 91/91/90 2537/2013/2397
f 91/91/90 90/90/89 2536/2012/2396
f 72/72/71 75/75/74 611/611/605
f 73/73/72 72/72/71 69/69/68
f 2538/2014/377 2549/2025/376 381/381/379
f 643/643/636 638/638/631 2513/1989/692
f 701/701/692 86/86/85 81/81/80
f 12/12/12 11/11/11 24/24/24
f 12/12/12 675/675/666 671/671/663
f 662/662/654 667/667/659 671/671/663
f 663/663/655 662/662/654 668/668/660
f 665/665/657 663/663/655 659/659/651
f 687/687/678 665/665/657 655/655/647
f 687/687/678 650/650/643 646/646/639
f 649/649/642 646/646/639 647/647/640
f 640/640/633 634/634/628 638/638/631
f 640/640/633 645/645/638 647/647/640
f 2539/2015/2398 2540/2016/2399 573/573/567
f 2540/2016/2399 2541/2017/2400 568/568/562
f 2541/2017/2400 2543/2019/2401 567/567/561
f 2542/2018/556 564/564/558 567/567/561
f 2544/2020/2402 559/559/553 564/564/558
f 2545/2021/2403 558/558/552 559/559/553
f 2546/2022/2404 553/553/547 558/558/552
f 2547/2023/544 552/552/546 553/553/547
f 2548/2024/2405 549/549/543 552/552/546
f 2548/2024/2405 2698/2116/2473 548/548/542
f 447/447/443 545/545/539 538/538/533
f 537/537/532 184/184/183 185/185/184
f 538/538/533 537/537/532 534/534/529
f 2549/2025/376 2539/2015/2398 576/576/570
f 370/370/368 373/373/371 380/380/378
f 367/367/365 369/369/367 373/373/371
f 364/364/362 148/148/147 369/369/367
f 250/250/248 253/253/251 293/293/291
f 296/296/294 293/293/291 33/33/33
f 246/246/244 249/249/247 253/253/251
f 244/244/242 241/241/239 249/249/247
f 239/239/237 241/241/239 244/244/242
f 197/197/196 239/239/237 2550/2026/2406
f 193/193/192 197/197/196 242/242/240
f 181/181/180 193/193/192 194/194/193
f 184/184/183 182/182/181 188/188/187
f 182/182/181 181/181/180 190/190/189
f 139/139/138 142/142/141 148/148/147
f 135/135/134 138/138/137 142/142/141
f 133/133/132 130/130/129 138/138/137
f 131/131/130 126/126/125 130/130/129
f 2551/2027/2407 118/118/117 126/126/125
f 114/114/113 118/118/117 2551/2027/2407
f 105/105/104 114/114/113 115/115/114
f 99/99/98 105/105/104 111/111/110
f 97/97/96 99/99/98 109/109/108
f 88/88/87 97/97/96 106/106/105
f 85/85/84 88/88/87 613/613/607
f 86/86/85 85/85/84 82/82/81
f 298/298/296 33/33/33 30/30/30
f 36/36/35 30/30/30 21/21/21
f 13/13/13 22/22/22 24/24/24
f 38/38/37 21/21/21 20/20/20
f 384/384/382 389/389/387 2518/1994/388
f 2552/2028/2408 2555/2031/687 694/694/685
f 2553/2029/2409 697/697/688 78/78/77
f 2555/2031/687 2557/2033/684 692/692/683
f 2556/2032/681 691/691/682 692/692/683
f 2558/2034/2410 688/688/679 691/691/682
f 2559/2035/2411 686/686/677 688/688/679
f 2560/2036/2412 684/684/675 686/686/677
f 2560/2036/2412 2561/2037/2413 680/680/671
f 2561/2037/2413 2563/2039/2415 678/678/669
f 2562/2038/2414 677/677/668 678/678/669
f 2562/2038/2414 2599/2075/2434 6/6/6
f 80/80/79 590/590/584 2564/2040/2416
f 590/590/584 587/587/581 2566/2042/2418
f 587/587/581 346/346/344 2567/2043/2419
f 2568/2044/480 366/366/364 391/391/389
f 2570/2046/509 512/512/508 311/311/309
f 510/510/506 512/512/508 2570/2046/509
f 508/508/504 510/510/506 2572/2048/2421
f 459/459/455 509/509/505 2574/2050/2422
f 509/509/505 508/508/504 2573/2049/503
f 457/457/453 459/459/455 2575/2051/457
f 450/450/446 457/457/453 2576/2052/452
f 451/451/447 450/450/446 2577/2053/2423
f 2579/2055/445 445/445/441 441/441/437
f 444/444/440 441/441/437 442/442/438
f 440/440/436 442/442/438 433/433/429
f 436/436/432 433/433/429 429/429/425
f 432/432/428 429/429/425 430/430/426
f 419/419/415 428/428/424 430/430/426
f 420/420/416 419/419/415 425/425/421
f 575/575/569 422/422/418 410/410/407
f 422/422/418 420/420/416 416/416/412
f 577/577/571 575/575/569 413/413/409
f 391/391/389 390/390/388 2580/2056/391
f 577/577/571 387/387/385 389/389/387
f 2581/2057/358 363/363/361 366/366/364
f 2582/2058/2424 359/359/357 363/363/361
f 2583/2059/2425 356/356/354 359/359/357
f 2584/2060/349 353/353/351 356/356/354
f 2585/2061/2426 348/348/346 353/353/351
f 2586/2062/347 347/347/345 348/348/346
f 345/345/343 347/347/345 2586/2062/347
f 346/346/344 345/345/343 2587/2063/341
f 2571/2047/2420 311/311/309 310/310/308
f 2588/2064/2427 310/310/308 305/305/303
f 2589/2065/305 305/305/303 299/299/297
f 2591/2067/2429 300/300/298 39/39/38
f 2590/2066/2428 299/299/297 300/300/298
f 77/77/76 80/80/79 2565/2041/2417
f 78/78/77 77/77/76 2593/2069/73
f 2594/2070/2430 40/40/39 17/17/17
f 2592/2068/42 39/39/38 40/40/39
f 2595/2071/5 17/17/17 18/18/18
f 2597/2073/2432 9/9/9 10/10/10
f 2599/2075/2434 2598/2074/2433 10/10/10
f 2699/1031/1244 1387/1160/1373 2603/2076/2437
f 1257/1030/1243 1259/1032/1245 1518/1161/1503
f 2603/2076/2437 1387/1160/1373 1389/1161/1375
f 1259/1032/1245 1258/1031/1244 2601/2076/2436
f 2700/1131/1344 1486/1164/1472 1488/1165/1470
f 1575/1175/1553 1360/1133/1346 1574/1174/1552
f 2609/1176/2442 2654/1175/2479 2610/1174/2443
f 1577/1176/1555 1358/1131/1344 1360/1133/1346
f 1384/1157/1370 1386/1159/1372 2611/1169/2444
f 2701/1158/1371 1512/1168/1497 2614/1179/2447
f 2614/1179/2447 1512/1168/1497 1514/1169/1499
f 1386/1159/1372 1385/1158/1371 1641/1179/1613
f 2615/1024/2448 903/903/894 2508/1984/2377
f 1119/970/1110 1135/972/1126 1237/1025/1227
f 2617/991/2450 702/702/693 2502/992/2372
f 2619/989/2451 1172/994/1163 935/935/926
f 2702/904/2497 1238/1026/1228 1137/973/1128
f 1167/989/1158 1170/992/1161 1172/994/1163
f 1237/1025/1227 1135/972/1126 1137/973/1128
f 1229/1021/1220 1102/968/1093 1119/970/1110
f 1228/1020/1219 1085/966/1076 1102/968/1093
f 1224/1019/1215 1068/964/1059 1085/966/1076
f 1220/1018/1211 1051/962/1042 1068/964/1059
f 1217/1017/1208 1034/960/1025 1051/962/1042
f 1215/1016/1206 1017/958/1008 1034/960/1025
f 1212/1015/1203 1000/956/991 1017/958/1008
f 1210/1014/1201 983/954/974 1000/956/991
f 1205/1013/1196 968/952/959 983/954/974
f 2485/1012/2356 937/936/928 968/952/959
f 1168/990/1159 935/935/926 937/936/928
f 2615/1024/2448 2696/1027/2374 2621/1026/2453
f 2622/1021/2454 2616/1022/2449 2508/1984/2377
f 2623/1020/2455 2622/1021/2454 886/886/877
f 2624/1019/1216 2623/1020/2455 869/869/860
f 2625/1018/2456 2624/1019/1216 852/852/843
f 2626/1017/2457 2625/1018/2456 835/835/826
f 2627/1016/2458 2626/1017/2457 818/818/809
f 2628/1015/2459 2627/1016/2458 801/801/792
f 2629/1014/2460 2628/1015/2459 784/784/775
f 2630/1013/2461 2629/1014/2460 767/767/758
f 2631/1012/2462 2630/1013/2461 750/750/741
f 2631/1012/2462 734/734/725 702/702/693
f 2507/1983/2376 931/931/922 932/932/923
f 2632/1983/2463 1134/971/1125 1164/987/1155
f 2489/1007/1188 730/730/721 731/731/722
f 2633/1007/2464 2486/1010/2357 964/950/955
f 1255/1028/1241 1166/988/1157 1165/933/1156
f 1203/1011/1194 1202/1010/1193 2636/1007/2466
f 2506/1982/2375 1164/987/1155 1166/988/1157
f 1117/969/1108 1134/971/1125 2632/1983/2463
f 1100/967/1091 1117/969/1108 1131/900/1122
f 1083/965/1074 1100/967/1091 1114/883/1105
f 1066/963/1057 1083/965/1074 1097/866/1088
f 1049/961/1040 1066/963/1057 1080/849/1071
f 1032/959/1023 1049/961/1040 1063/832/1054
f 1015/957/1006 1032/959/1023 1046/815/1037
f 998/955/989 1015/957/1006 1029/798/1020
f 981/953/972 998/955/989 1012/781/1003
f 966/951/957 981/953/972 995/764/986
f 2487/1981/2358 964/950/955 966/951/957
f 931/931/922 930/930/921 2634/1028/2465
f 2507/1983/2376 901/901/892 884/884/875
f 900/900/891 884/884/875 867/867/858
f 883/883/874 867/867/858 850/850/841
f 866/866/857 850/850/841 833/833/824
f 849/849/840 833/833/824 816/816/807
f 832/832/823 816/816/807 799/799/790
f 815/815/806 799/799/790 782/782/773
f 798/798/789 782/782/773 765/765/756
f 781/781/772 765/765/756 748/748/739
f 764/764/755 748/748/739 749/749/740
f 730/730/721 729/729/720 749/749/740
