# Blender 4.4.3
# www.blender.org
mtllib Untitled.mtl
o hash_57A9CA91.model
v 0.004429 -0.009986 0.133619
v -0.026708 -0.044862 0.130711
v 0.006490 -0.043521 0.133684
v -0.027865 -0.011212 0.130763
v -0.059876 -0.046120 0.135394
v -0.092663 -0.014228 0.128165
v -0.091370 -0.047957 0.124593
v -0.126022 -0.015272 0.117632
v -0.125793 -0.049684 0.114290
v -0.158743 -0.016335 0.095897
v -0.161672 -0.051531 0.097835
v -0.186845 -0.017685 0.063932
v -0.191394 -0.054400 0.068239
v -0.205834 -0.055603 0.031278
v -0.194230 -0.019036 0.022887
v -0.206303 -0.058046 -0.007392
v -0.029047 0.022972 0.130584
v -0.062353 0.021655 0.136858
v -0.061171 -0.012499 0.136891
v -0.093847 0.019761 0.129297
v -0.123129 0.018441 0.113564
v -0.157221 0.017980 0.094689
v -0.176876 0.015166 0.057756
v -0.186929 0.011956 0.016976
v -0.197344 -0.020800 -0.013308
v 0.003325 0.024158 0.132945
v -0.030101 0.057208 0.129836
v -0.063562 0.055856 0.134238
v -0.094029 0.053819 0.124032
v -0.122980 0.051645 0.108054
v -0.152143 0.050552 0.087558
v -0.170177 0.045918 0.050565
v -0.181205 0.041631 0.011797
v -0.189407 0.012179 -0.018993
v 0.002386 0.058339 0.132114
v -0.031153 0.091489 0.128933
v -0.064704 0.090113 0.130021
v -0.093358 0.087955 0.114955
v -0.124643 0.085556 0.103278
v -0.146946 0.082855 0.076651
v -0.163872 0.078242 0.042184
v -0.173573 0.074091 0.006404
v -0.186438 0.042714 -0.022502
v 0.001528 0.092549 0.131357
v -0.032181 0.125815 0.128835
v -0.065603 0.124407 0.126584
v -0.093427 0.122281 0.107822
v -0.125267 0.119987 0.096496
v -0.144013 0.116722 0.067853
v -0.167991 0.108206 0.003356
v -0.174634 0.105801 -0.027827
v -0.180972 0.073352 -0.025436
v 0.001069 0.126793 0.130105
v -0.033151 0.160193 0.128679
v -0.066348 0.158743 0.124555
v -0.096107 0.156531 0.108597
v -0.126136 0.154003 0.094716
v -0.141966 0.150375 0.064901
v -0.158706 0.146800 0.035199
v -0.160300 0.112986 0.036484
v -0.166556 0.141998 0.002440
v -0.172552 0.138313 -0.029002
v 0.000582 0.161088 0.129106
v -0.034010 0.194623 0.128272
v -0.067107 0.193146 0.122644
v -0.098773 0.190853 0.110517
v -0.124909 0.187787 0.092546
v -0.141130 0.183968 0.062755
v -0.156497 0.180215 0.032437
v -0.166484 0.174765 0.000593
v -0.172728 0.169852 -0.031082
v 0.000081 0.195418 0.128315
v -0.034672 0.229106 0.127224
v -0.068025 0.227632 0.121190
v -0.100432 0.225295 0.110996
v -0.123614 0.221812 0.088460
v -0.142453 0.218032 0.060235
v -0.157457 0.214124 0.029767
v -0.168311 0.207962 -0.001648
v -0.175862 0.202417 -0.033066
v -0.000554 0.229808 0.127932
v -0.035087 0.263601 0.124952
v -0.068727 0.262182 0.119334
v -0.101341 0.259790 0.109536
v -0.125118 0.256035 0.086034
v -0.143524 0.252155 0.057500
v -0.159163 0.248093 0.027301
v -0.171242 0.241691 -0.003491
v -0.179868 0.235941 -0.034743
v -0.000912 0.264173 0.125516
v -0.035433 0.298047 0.121456
v -0.069527 0.296824 0.117354
v -0.102040 0.294289 0.107260
v -0.127227 0.290303 0.084652
v -0.145726 0.286255 0.055944
v -0.162670 0.282031 0.026076
v -0.177504 0.274702 -0.003713
v -0.187088 0.269580 -0.035949
v 0.185056 0.271671 -0.035469
v 0.169900 0.243692 -0.002643
v 0.177936 0.238010 -0.034178
v 0.168231 0.209952 -0.000039
v 0.174725 0.204430 -0.032149
v 0.168223 0.176722 0.003537
v 0.173101 0.171842 -0.029275
v 0.169283 0.143797 0.007737
v 0.174388 0.140238 -0.025802
v 0.177130 0.108133 -0.022178
v 0.173804 0.080561 0.015346
v 0.181503 0.078107 -0.019462
v 0.179707 0.050626 0.018864
v 0.185974 0.048524 -0.017315
v 0.190852 0.016244 -0.014562
v 0.187046 0.018223 0.022643
v 0.198985 -0.018990 -0.010766
v 0.204048 -0.053986 0.031984
v 0.205694 -0.056674 -0.006777
v 0.205643 -0.056137 -0.006833
v 0.175915 0.276797 -0.002852
v 0.158291 0.249934 0.028437
v 0.158012 0.215944 0.031813
v 0.158688 0.181969 0.035931
v 0.160043 0.148217 0.040643
v 0.161338 0.114590 0.045183
v 0.170726 0.110953 0.011935
v 0.164193 0.082517 0.049576
v 0.171135 0.051821 0.054728
v 0.178743 0.019371 0.059563
v 0.196156 -0.017095 0.027133
v 0.189236 -0.052845 0.068247
v 0.204139 -0.054522 0.032054
v 0.161713 0.283888 0.027424
v 0.142798 0.253757 0.058711
v 0.142840 0.219621 0.062116
v 0.142911 0.185513 0.065874
v 0.144163 0.151649 0.070556
v 0.147720 0.118081 0.076134
v 0.152000 0.084874 0.081314
v 0.157145 0.053046 0.086613
v 0.158054 -0.014292 0.093508
v 0.186688 -0.015646 0.064274
v 0.159251 -0.050273 0.099374
v 0.189247 -0.053380 0.068293
v 0.144818 0.287858 0.057347
v 0.124232 0.257366 0.087157
v 0.123849 0.223152 0.090164
v 0.126411 0.189108 0.095129
v 0.129252 0.155187 0.100170
v 0.130140 0.121293 0.103427
v 0.129077 0.087383 0.104701
v 0.127091 0.053767 0.109094
v 0.158277 0.020182 0.089534
v 0.126452 0.020586 0.114689
v 0.159247 -0.049758 0.099331
v 0.122901 -0.047097 0.120321
v 0.126092 0.291650 0.085941
v 0.099255 0.260680 0.109393
v 0.098265 0.226172 0.110607
v 0.097395 0.191711 0.111484
v 0.097181 0.157415 0.113697
v 0.097051 0.123321 0.116022
v 0.096186 0.089307 0.118404
v 0.094195 0.055419 0.123968
v 0.091656 0.021553 0.127045
v 0.125292 -0.012603 0.119854
v 0.122941 -0.046597 0.120360
v 0.087446 -0.045073 0.128871
v 0.100234 0.295243 0.107731
v 0.066845 0.262870 0.119830
v 0.066072 0.228327 0.121684
v 0.064716 0.193830 0.121815
v 0.063222 0.159428 0.121385
v 0.061987 0.125177 0.121557
v 0.060648 0.091015 0.122361
v 0.059175 0.057002 0.127031
v 0.057855 0.022934 0.131552
v 0.089593 -0.011368 0.129285
v 0.055255 -0.043924 0.133853
v 0.087479 -0.044586 0.128916
v 0.067615 0.297488 0.117689
v 0.033175 0.264101 0.125111
v 0.032829 0.229847 0.128873
v 0.032452 0.195567 0.132066
v 0.032250 0.161278 0.134941
v 0.032060 0.127040 0.137670
v 0.032215 0.092891 0.140835
v 0.032041 0.058811 0.143910
v 0.031792 0.024738 0.147712
v 0.056593 -0.010680 0.133427
v 0.030982 -0.042605 0.152843
v 0.055237 -0.044404 0.133857
v -0.000971 0.298530 0.122247
v 0.033476 0.298441 0.121508
v 0.031402 -0.009269 0.150219
v 0.006519 -0.043999 0.133685
v 0.030975 -0.043082 0.152877
v -0.207783 0.503374 -0.024956
v -0.194632 0.515040 -0.049787
v -0.229156 0.494187 -0.050151
v -0.172850 0.521703 -0.026045
v -0.147877 0.533531 -0.048682
v -0.136798 0.534434 -0.027625
v -0.107367 0.550414 -0.047422
v -0.082992 0.559858 -0.030019
v -0.078511 0.567228 -0.048204
v -0.173448 0.506012 -0.003825
v -0.146978 0.519211 -0.005486
v -0.122277 0.530252 -0.007773
v -0.106416 0.546622 -0.028949
v -0.083994 0.549436 -0.011932
v -0.137129 0.505712 0.015636
v -0.120746 0.516472 0.013976
v -0.105861 0.525841 0.011643
v -0.101076 0.540204 -0.010267
v -0.080724 0.539241 0.006558
v -0.106885 0.505145 0.035333
v -0.097449 0.513871 0.033233
v -0.088613 0.521062 0.030585
v -0.092476 0.533363 0.008901
v -0.080384 0.526738 0.027706
v -0.080053 0.500580 0.052278
v -0.074178 0.507658 0.049033
v -0.068862 0.513981 0.045949
v -0.063988 0.519552 0.042964
v -0.072803 0.531191 0.024911
v -0.053744 0.490769 0.064168
v -0.050130 0.498744 0.059901
v -0.046878 0.505971 0.055928
v -0.041986 0.518389 0.048633
v -0.059467 0.524215 0.039742
v -0.025829 0.488687 0.067081
v -0.024171 0.498406 0.061919
v -0.022832 0.507114 0.057045
v -0.044098 0.512507 0.052168
v -0.022213 0.514750 0.052311
v -0.027769 0.477976 0.072867
v -0.001330 0.477553 0.071741
v -0.001406 0.491184 0.064702
v -0.001500 0.503057 0.058171
v -0.001602 0.513314 0.052207
v 0.019756 0.507235 0.056943
v 0.019062 0.514847 0.052193
v 0.040985 0.512889 0.052152
v 0.038747 0.518787 0.048653
v 0.060654 0.520176 0.042835
v 0.056046 0.524686 0.039502
v 0.069317 0.532007 0.025134
v 0.076907 0.527637 0.027852
v 0.077213 0.540291 0.006883
v 0.097474 0.541477 -0.009828
v 0.080504 0.550837 -0.011564
v 0.102850 0.548043 -0.028562
v 0.079658 0.561619 -0.029983
v 0.103847 0.551848 -0.047254
v 0.075042 0.568882 -0.048559
v 0.021258 0.498554 0.061913
v 0.043822 0.506370 0.055779
v 0.065711 0.514721 0.045930
v 0.085291 0.522216 0.030883
v 0.088944 0.534489 0.009236
v 0.102449 0.527154 0.012276
v 0.118658 0.531202 -0.007180
v 0.133013 0.535114 -0.027175
v 0.023066 0.488858 0.067132
v 0.047237 0.499141 0.059700
v 0.071216 0.508456 0.049032
v 0.094360 0.515213 0.033757
v 0.117492 0.517744 0.014794
v 0.143525 0.520202 -0.004758
v 0.169172 0.522795 -0.025685
v 0.144002 0.534410 -0.048368
v 0.025147 0.478145 0.072818
v 0.050987 0.491202 0.063840
v 0.077216 0.501387 0.052306
v 0.104069 0.506613 0.036181
v 0.134102 0.507070 0.016706
v 0.170224 0.507563 -0.003109
v 0.204658 0.505451 -0.025058
v 0.191175 0.516574 -0.049951
v -0.001262 0.462251 0.079329
v 0.024223 0.457569 0.082872
v 0.048817 0.470715 0.075388
v 0.073284 0.481172 0.066169
v 0.098331 0.488348 0.053752
v 0.124442 0.490897 0.036932
v 0.154977 0.491435 0.019060
v 0.189376 0.492068 0.001654
v 0.219440 0.490621 -0.017061
v 0.226450 0.496647 -0.050308
v -0.001233 0.442012 0.088833
v 0.024099 0.434321 0.093183
v 0.048582 0.446366 0.087436
v 0.072190 0.457084 0.079228
v 0.096141 0.464613 0.069304
v 0.121131 0.467798 0.056042
v 0.147263 0.469116 0.039637
v 0.176501 0.469458 0.023139
v 0.205852 0.470169 0.007865
v -0.001208 0.420739 0.098422
v 0.024481 0.410435 0.103535
v 0.049501 0.420570 0.099222
v 0.073804 0.429241 0.092299
v 0.098242 0.435285 0.083950
v 0.122326 0.439635 0.072599
v 0.146590 0.440976 0.058003
v 0.170905 0.441757 0.041672
v 0.195240 0.442724 0.025756
v -0.001189 0.399865 0.107233
v 0.024965 0.388179 0.111927
v 0.050905 0.395378 0.109645
v 0.076341 0.401418 0.104004
v 0.101298 0.406190 0.096160
v 0.125467 0.409515 0.085576
v 0.148456 0.411426 0.071965
v 0.169360 0.412012 0.055351
v 0.189621 0.411897 0.038497
v -0.001174 0.381085 0.113717
v 0.025496 0.368895 0.117118
v 0.052148 0.373493 0.116264
v 0.078458 0.377424 0.111832
v 0.103881 0.380403 0.104141
v 0.127934 0.382087 0.093273
v 0.149607 0.382303 0.078708
v 0.168716 0.380900 0.061375
v 0.188408 0.378533 0.045387
v -0.001147 0.364321 0.117493
v 0.026310 0.350466 0.119407
v 0.053844 0.352941 0.119779
v 0.081043 0.354694 0.115970
v 0.107138 0.355282 0.107908
v 0.130919 0.354437 0.095295
v 0.150365 0.352428 0.077437
v 0.167643 0.348982 0.058031
v -0.001109 0.347975 0.119314
v 0.027639 0.332137 0.120071
v 0.056317 0.332599 0.119295
v 0.084663 0.332181 0.115318
v 0.111343 0.330498 0.105528
v 0.134016 0.327419 0.088949
v 0.150047 0.324693 0.065964
v 0.168583 0.319138 0.046326
v 0.189073 0.343704 0.044203
v -0.001006 0.315025 0.120991
v -0.001043 0.331518 0.120142
v 0.029928 0.314475 0.120584
v 0.060665 0.313520 0.118355
v 0.090540 0.311527 0.111811
v 0.117110 0.308244 0.097350
v 0.137038 0.304248 0.074578
v 0.153410 0.300422 0.048723
v 0.168943 0.295730 0.022361
v 0.188890 0.310439 0.029438
v 0.186396 0.283640 0.000074
v -0.031944 0.314148 0.120586
v -0.062660 0.312946 0.118162
v -0.092470 0.310695 0.111388
v -0.118507 0.307047 0.096100
v -0.137962 0.302783 0.072964
v -0.154388 0.298725 0.047169
v -0.170664 0.293561 0.021374
v -0.188245 0.281288 -0.000547
v -0.029748 0.331872 0.120080
v -0.058438 0.332115 0.119209
v -0.086706 0.331405 0.114748
v -0.113127 0.329387 0.104390
v -0.135268 0.326063 0.087189
v -0.151348 0.323080 0.064228
v -0.168817 0.319294 0.042725
v -0.190366 0.307723 0.029205
v -0.056114 0.352510 0.119736
v -0.083246 0.353960 0.115534
v -0.109134 0.354211 0.107038
v -0.132641 0.353027 0.094054
v -0.151363 0.350930 0.075644
v -0.170439 0.346462 0.058408
v -0.190291 0.341219 0.043333
v -0.028554 0.350237 0.119479
v -0.027832 0.368689 0.117174
v -0.054507 0.373124 0.116340
v -0.106079 0.379384 0.103676
v -0.129940 0.380737 0.092558
v -0.151204 0.380597 0.077518
v -0.169892 0.378692 0.060026
v -0.189918 0.375855 0.044754
v -0.027355 0.387993 0.112002
v -0.053296 0.395018 0.109829
v -0.080776 0.376745 0.111673
v -0.078704 0.400775 0.104110
v -0.103606 0.405267 0.096075
v -0.127683 0.408240 0.085111
v -0.150505 0.409809 0.071159
v -0.171086 0.409888 0.054261
v -0.026895 0.410272 0.103635
v -0.051919 0.420201 0.099568
v -0.076223 0.428638 0.092604
v -0.100648 0.434361 0.083914
v -0.124640 0.438381 0.072036
v -0.148721 0.439430 0.057047
v -0.173016 0.439782 0.040714
v -0.191056 0.409153 0.037413
v -0.026566 0.434195 0.093346
v -0.051051 0.446043 0.087918
v -0.074674 0.456486 0.079512
v -0.098650 0.463645 0.069084
v -0.123543 0.466526 0.055168
v -0.149670 0.467632 0.038593
v -0.178936 0.467567 0.022312
v -0.197214 0.440108 0.025010
v -0.026746 0.457407 0.082914
v -0.051394 0.470328 0.075858
v -0.075908 0.480455 0.066229
v -0.100944 0.487198 0.053141
v -0.127116 0.489539 0.035987
v -0.157748 0.489942 0.018030
v -0.192240 0.490044 0.001189
v -0.208275 0.467667 0.007564
v -0.222191 0.488117 -0.016975
v 0.001158 -0.069310 -0.178038
v 0.033601 -0.035361 -0.180040
v 0.033977 -0.069244 -0.181520
v 0.066878 -0.035407 -0.186083
v 0.067222 -0.069275 -0.187137
v 0.098811 -0.069254 -0.179594
v 0.098884 -0.035333 -0.178103
v 0.128613 -0.069033 -0.154622
v 0.129317 -0.034467 -0.153734
v 0.158011 -0.068438 -0.119216
v 0.158992 -0.032694 -0.119274
v 0.183591 -0.066718 -0.080334
v 0.183585 -0.029253 -0.082838
v 0.199231 -0.061660 -0.044435
v 0.196639 -0.023822 -0.047866
v 0.205643 -0.056137 -0.006833
v 0.001084 -0.035395 -0.176136
v 0.033118 -0.000798 -0.173752
v 0.066385 -0.000826 -0.180337
v 0.098627 -0.000847 -0.170994
v 0.128541 0.000224 -0.147056
v 0.155787 0.003553 -0.115622
v 0.177523 0.008062 -0.084466
v 0.190585 0.012560 -0.051149
v 0.198985 -0.018990 -0.010766
v 0.000758 -0.000858 -0.168182
v 0.032797 0.033827 -0.167621
v 0.066091 0.033881 -0.174590
v 0.098575 0.033785 -0.163977
v 0.126516 0.034914 -0.140596
v 0.150798 0.037980 -0.114158
v 0.185579 0.045185 -0.053699
v 0.190852 0.016244 -0.014562
v 0.000297 0.033576 -0.159264
v 0.032859 0.068231 -0.166180
v 0.066192 0.068339 -0.173030
v 0.098533 0.068326 -0.162302
v 0.125421 0.069160 -0.140262
v 0.168439 0.072519 -0.087566
v 0.171504 0.041521 -0.085942
v 0.181729 0.075306 -0.055354
v 0.185974 0.048524 -0.017315
v 0.000175 0.101819 -0.155483
v 0.000011 0.067787 -0.156600
v 0.033272 0.102244 -0.163870
v 0.066654 0.102374 -0.170640
v 0.099030 0.102259 -0.160946
v 0.125706 0.102463 -0.140034
v 0.148628 0.070369 -0.115675
v 0.149779 0.102996 -0.117716
v 0.177977 0.106235 -0.057185
v 0.177130 0.108133 -0.022178
v 0.181503 0.078107 -0.019462
v 0.000486 0.135812 -0.153663
v 0.033844 0.136101 -0.160500
v 0.067290 0.136193 -0.166784
v 0.099713 0.135954 -0.158421
v 0.126622 0.135523 -0.139103
v 0.150942 0.135400 -0.119201
v 0.167592 0.104620 -0.089677
v 0.175448 0.138413 -0.059818
v 0.174388 0.140238 -0.025802
v 0.000715 0.169970 -0.152297
v 0.034331 0.170115 -0.157493
v 0.067862 0.170170 -0.163220
v 0.100218 0.169690 -0.156035
v 0.127575 0.168736 -0.138830
v 0.167460 0.168589 -0.094267
v 0.167043 0.136922 -0.091941
v 0.174372 0.169534 -0.062533
v 0.173101 0.171842 -0.029275
v 0.000754 0.204310 -0.152160
v 0.034545 0.204409 -0.156097
v 0.068185 0.204465 -0.161235
v 0.129128 0.202370 -0.140193
v 0.155310 0.201252 -0.124265
v 0.152618 0.168000 -0.121382
v 0.171303 0.201617 -0.096949
v 0.177582 0.202137 -0.065050
v 0.174725 0.204430 -0.032149
v 0.000707 0.238721 -0.152599
v 0.034571 0.238836 -0.155932
v 0.101495 0.238575 -0.155634
v 0.100757 0.203820 -0.155157
v 0.131592 0.237118 -0.142601
v 0.158974 0.235910 -0.127216
v 0.182120 0.236300 -0.067124
v 0.177936 0.238010 -0.034178
v 0.000660 0.273154 -0.153078
v 0.034569 0.273300 -0.155862
v 0.068282 0.238926 -0.160615
v 0.101871 0.273276 -0.155805
v 0.133891 0.272540 -0.145137
v 0.162490 0.271740 -0.130244
v 0.176366 0.236186 -0.099728
v 0.188388 0.271513 -0.069989
v 0.185056 0.271671 -0.035469
v -0.187088 0.269580 -0.035949
v -0.184137 0.234187 -0.067838
v -0.179868 0.235941 -0.034743
v -0.179178 0.200106 -0.065772
v -0.175862 0.202417 -0.033066
v -0.175221 0.167545 -0.063536
v -0.172728 0.169852 -0.031082
v -0.175737 0.136432 -0.061179
v -0.172552 0.138313 -0.029002
v -0.174634 0.105801 -0.027827
v -0.182413 0.073278 -0.058471
v -0.180972 0.073352 -0.025436
v -0.187639 0.042967 -0.056645
v -0.186438 0.042714 -0.022502
v -0.192687 0.010453 -0.053461
v -0.189407 0.012179 -0.018993
v -0.197615 -0.026012 -0.048799
v -0.197344 -0.020800 -0.013308
v -0.199652 -0.063909 -0.045279
v -0.206386 -0.058588 -0.007326
v -0.206303 -0.058046 -0.007392
v -0.190134 0.269307 -0.070504
v -0.177812 0.234330 -0.100596
v -0.172695 0.199772 -0.097813
v -0.168669 0.166731 -0.095073
v -0.168019 0.135042 -0.092764
v -0.168297 0.102742 -0.090447
v -0.177919 0.104271 -0.059554
v -0.169346 0.070787 -0.088517
v -0.173359 0.039883 -0.087219
v -0.179640 0.006108 -0.087157
v -0.183602 -0.068842 -0.089653
v -0.199618 -0.064444 -0.045224
v -0.163118 0.270182 -0.130420
v -0.183114 0.270307 -0.103802
v -0.159299 0.234394 -0.127292
v -0.152525 0.166521 -0.121248
v -0.150516 0.133862 -0.118556
v -0.149218 0.101317 -0.116169
v -0.148025 0.068595 -0.113204
v -0.150355 0.036201 -0.112633
v -0.155522 0.001647 -0.119846
v -0.185186 -0.031659 -0.090070
v -0.157288 -0.070586 -0.131316
v -0.183544 -0.069368 -0.089598
v -0.130836 0.236040 -0.141518
v -0.128346 0.201284 -0.139290
v -0.155338 0.199772 -0.124155
v -0.126885 0.167502 -0.138064
v -0.125986 0.133903 -0.137373
v -0.125164 0.100462 -0.136371
v -0.124971 0.067057 -0.134735
v -0.125963 0.032949 -0.136288
v -0.127599 -0.001531 -0.146600
v -0.158186 -0.034442 -0.128833
v -0.157318 -0.070076 -0.131357
v -0.127192 -0.070898 -0.159532
v -0.133260 0.271434 -0.144187
v -0.100977 0.237656 -0.155754
v -0.100194 0.202891 -0.155128
v -0.099509 0.168518 -0.154760
v -0.098936 0.134221 -0.154612
v -0.098349 0.099992 -0.154049
v -0.097928 0.066007 -0.153687
v -0.097486 0.031913 -0.155685
v -0.096826 -0.002162 -0.163907
v -0.127949 -0.035970 -0.156940
v -0.127211 -0.070406 -0.159578
v -0.096223 -0.070709 -0.171736
v -0.101456 0.272339 -0.156136
v -0.067234 0.238298 -0.159898
v -0.067018 0.203821 -0.160238
v -0.066736 0.169326 -0.160721
v -0.066370 0.134778 -0.161609
v -0.066097 0.100354 -0.162228
v -0.065636 0.066260 -0.163695
v -0.064892 0.032370 -0.166308
v -0.064263 -0.001706 -0.171145
v -0.096549 -0.036361 -0.171348
v -0.096231 -0.070226 -0.171791
v -0.064693 -0.070392 -0.174627
v -0.067436 0.272814 -0.159295
v -0.033296 0.238536 -0.156204
v -0.033140 0.204102 -0.156430
v -0.032984 0.169698 -0.156655
v -0.032833 0.135315 -0.157763
v -0.032783 0.101091 -0.159269
v -0.032532 0.067049 -0.161202
v -0.031890 0.033047 -0.164712
v -0.031243 -0.001205 -0.173587
v -0.064315 -0.036032 -0.175166
v -0.064688 -0.069909 -0.174669
v -0.031246 -0.070085 -0.182617
v -0.033426 0.273001 -0.156040
v -0.031137 -0.035670 -0.180909
v -0.031245 -0.069603 -0.182646
v 0.001159 -0.069792 -0.178007
v 0.202018 0.508116 -0.063631
v 0.191175 0.516574 -0.049951
v 0.226450 0.496647 -0.050308
v 0.164169 0.524801 -0.061631
v 0.144002 0.534410 -0.048368
v 0.125356 0.540715 -0.058969
v 0.103847 0.551848 -0.047254
v 0.093199 0.557166 -0.057537
v 0.075042 0.568882 -0.048559
v 0.170774 0.517263 -0.075433
v 0.136947 0.532039 -0.071370
v 0.105778 0.546731 -0.067682
v 0.081088 0.560441 -0.066375
v 0.069237 0.570313 -0.058899
v 0.137364 0.524388 -0.084428
v 0.110691 0.538134 -0.079182
v 0.087539 0.551745 -0.075805
v 0.068363 0.562685 -0.074064
v 0.060876 0.571109 -0.066984
v 0.106211 0.530049 -0.091838
v 0.087127 0.543047 -0.087041
v 0.070039 0.554386 -0.083225
v 0.055117 0.564209 -0.080390
v 0.051405 0.572095 -0.073289
v 0.078610 0.533352 -0.099883
v 0.065084 0.545422 -0.094625
v 0.052749 0.555853 -0.089761
v 0.041314 0.565076 -0.084923
v 0.041273 0.573025 -0.077655
v 0.052179 0.533832 -0.106387
v 0.043166 0.545437 -0.099647
v 0.034720 0.555780 -0.093160
v 0.027046 0.565076 -0.087483
v 0.030615 0.573484 -0.080473
v 0.025603 0.531680 -0.108646
v 0.020931 0.543856 -0.101390
v 0.016602 0.554926 -0.095117
v 0.012621 0.564855 -0.089057
v 0.019784 0.573763 -0.082325
v -0.001038 0.528968 -0.109972
v -0.001342 0.541998 -0.102578
v -0.001613 0.553828 -0.096026
v -0.001837 0.564279 -0.089682
v 0.008872 0.573774 -0.083276
v -0.012976 0.573507 -0.083161
v -0.002069 0.573644 -0.083675
v -0.016340 0.564559 -0.088956
v -0.023844 0.573234 -0.082098
v -0.030785 0.564490 -0.087332
v -0.034583 0.572727 -0.080141
v -0.045059 0.564336 -0.084719
v -0.045136 0.572116 -0.077255
v -0.058749 0.563220 -0.079886
v -0.055080 0.570922 -0.072588
v -0.071916 0.561525 -0.073571
v -0.064520 0.569963 -0.066404
v -0.084627 0.559099 -0.066088
v -0.072753 0.568931 -0.058362
v -0.096690 0.555656 -0.057420
v -0.078511 0.567228 -0.048204
v -0.019934 0.554613 -0.095135
v -0.038150 0.555262 -0.093219
v -0.056213 0.555043 -0.089552
v -0.073405 0.553327 -0.082798
v -0.090939 0.550523 -0.075574
v -0.109261 0.545548 -0.067729
v -0.128974 0.539635 -0.059188
v -0.107367 0.550414 -0.047422
v -0.023768 0.543556 -0.101488
v -0.046149 0.544841 -0.099664
v -0.068046 0.544529 -0.094254
v -0.090142 0.542040 -0.086850
v -0.113773 0.537201 -0.079273
v -0.140117 0.531312 -0.071570
v -0.167598 0.523939 -0.061762
v -0.147877 0.533531 -0.048682
v -0.027921 0.531396 -0.108776
v -0.054688 0.533295 -0.106372
v -0.081211 0.532559 -0.099728
v -0.108850 0.529208 -0.091828
v -0.140048 0.523783 -0.084579
v -0.173552 0.516295 -0.075425
v -0.204769 0.506374 -0.063453
v -0.194632 0.515040 -0.049787
v -0.027326 0.500888 -0.124851
v -0.053886 0.503366 -0.124100
v -0.080465 0.504512 -0.120618
v -0.107308 0.502920 -0.114026
v -0.135986 0.500402 -0.108120
v -0.166413 0.497526 -0.102116
v -0.196087 0.494085 -0.094159
v -0.221078 0.486012 -0.082757
v -0.229156 0.494187 -0.050151
v -0.000738 0.498406 -0.125782
v -0.026708 0.467367 -0.138602
v -0.052988 0.469317 -0.138552
v -0.079332 0.470954 -0.137598
v -0.105463 0.470663 -0.132533
v -0.131893 0.469834 -0.126770
v -0.158421 0.469414 -0.120851
v -0.184465 0.468607 -0.114372
v -0.209830 0.465439 -0.107366
v -0.000426 0.465650 -0.138959
v -0.025743 0.437608 -0.146926
v -0.051296 0.438874 -0.148044
v -0.076840 0.440130 -0.148273
v -0.102143 0.440370 -0.144878
v -0.127082 0.440107 -0.139672
v -0.151985 0.439967 -0.134795
v -0.176661 0.439203 -0.129625
v -0.200983 0.437240 -0.124691
v -0.000174 0.436864 -0.146677
v -0.025081 0.409772 -0.151390
v -0.050139 0.410178 -0.153175
v -0.075199 0.410528 -0.154193
v -0.100083 0.410164 -0.151614
v -0.124766 0.409448 -0.147741
v -0.149365 0.408674 -0.143933
v -0.173743 0.407368 -0.139574
v -0.197612 0.404634 -0.134252
v 0.000226 0.382647 -0.152997
v 0.000051 0.409894 -0.150834
v -0.025097 0.381650 -0.153878
v -0.050304 0.381174 -0.156284
v -0.075567 0.380544 -0.157093
v -0.100746 0.379443 -0.155307
v -0.125682 0.378001 -0.151619
v -0.150469 0.376315 -0.147304
v -0.174678 0.374091 -0.140825
v 0.000358 0.355294 -0.153706
v -0.025762 0.353511 -0.155001
v -0.051794 0.352209 -0.157469
v -0.077898 0.350720 -0.157830
v -0.103847 0.348864 -0.155537
v -0.129413 0.346674 -0.150573
v -0.154368 0.344329 -0.143768
v -0.177131 0.342080 -0.132377
v -0.196747 0.370554 -0.133510
v 0.000459 0.327916 -0.153684
v -0.027267 0.325601 -0.155165
v -0.054870 0.323735 -0.158154
v -0.082598 0.321656 -0.158088
v -0.109879 0.319268 -0.153865
v -0.136742 0.316530 -0.147571
v -0.161966 0.313912 -0.136838
v -0.182279 0.312291 -0.118832
v -0.197368 0.339829 -0.116695
v 0.000559 0.300533 -0.153432
v -0.029799 0.298442 -0.155426
v -0.060016 0.296653 -0.158898
v -0.090410 0.294615 -0.157912
v -0.119408 0.292338 -0.149440
v -0.148805 0.289635 -0.142424
v -0.173371 0.287544 -0.124863
v -0.188319 0.286072 -0.098733
v -0.199327 0.310025 -0.097051
v -0.197071 0.281911 -0.069781
v 0.030731 0.298705 -0.155379
v 0.060757 0.297191 -0.158973
v 0.068348 0.273439 -0.159955
v 0.090911 0.295449 -0.158533
v 0.119701 0.293377 -0.149534
v 0.149151 0.290904 -0.143620
v 0.171269 0.289304 -0.123553
v 0.182150 0.272138 -0.103292
v 0.187651 0.288012 -0.098904
v 0.194767 0.284285 -0.069434
v 0.027992 0.325843 -0.155200
v 0.055419 0.324208 -0.157981
v 0.082937 0.322404 -0.158759
v 0.109862 0.320233 -0.153439
v 0.136775 0.317724 -0.148009
v 0.160885 0.315455 -0.136821
v 0.182678 0.313493 -0.120294
v 0.196881 0.312720 -0.096770
v 0.026283 0.353741 -0.155057
v 0.052119 0.352648 -0.157434
v 0.078016 0.351390 -0.157943
v 0.103741 0.349762 -0.155414
v 0.129157 0.347807 -0.150624
v 0.153818 0.345660 -0.144439
v 0.176796 0.343409 -0.133116
v 0.193428 0.342794 -0.116297
v 0.025349 0.381873 -0.153882
v 0.050363 0.381586 -0.156234
v 0.075434 0.381168 -0.157090
v 0.100422 0.380302 -0.155297
v 0.125162 0.379071 -0.151601
v 0.149784 0.377576 -0.147515
v 0.173841 0.375497 -0.141213
v 0.192659 0.373757 -0.131112
v 0.024974 0.409998 -0.151380
v 0.049825 0.410589 -0.153106
v 0.074683 0.411124 -0.154059
v 0.099363 0.410999 -0.151592
v 0.123825 0.410485 -0.147724
v 0.148229 0.409861 -0.143895
v 0.172437 0.408701 -0.139627
v 0.194594 0.407179 -0.134608
v 0.025174 0.437843 -0.146842
v 0.050485 0.439276 -0.147856
v 0.075806 0.440730 -0.148220
v 0.100899 0.441229 -0.144871
v 0.125611 0.441145 -0.139621
v 0.150295 0.441092 -0.134685
v 0.174770 0.440498 -0.129576
v 0.025616 0.467571 -0.138507
v 0.051674 0.469672 -0.138516
v 0.077818 0.471442 -0.137503
v 0.103828 0.471487 -0.132637
v 0.130061 0.470797 -0.126759
v 0.156419 0.470525 -0.120880
v 0.182234 0.469920 -0.114346
v 0.199035 0.439078 -0.125036
v 0.025600 0.501124 -0.124773
v 0.051930 0.503759 -0.124014
v 0.078421 0.505065 -0.120725
v 0.105207 0.503713 -0.114171
v 0.133788 0.501174 -0.108086
v 0.164234 0.498464 -0.102215
v 0.193538 0.495405 -0.094120
v 0.207501 0.467221 -0.107410
v 0.218470 0.487862 -0.082761
v -0.221078 0.486012 -0.082757
v -0.253611 0.456403 -0.051183
v -0.229156 0.494187 -0.050151
v -0.209830 0.465439 -0.107366
v -0.251462 0.450565 -0.083723
v -0.200983 0.437240 -0.124691
v -0.239833 0.431704 -0.108278
v -0.197612 0.404634 -0.134252
v -0.227631 0.404790 -0.124480
v -0.196747 0.370554 -0.133510
v -0.219869 0.374276 -0.128050
v -0.197368 0.339829 -0.116695
v -0.215306 0.343037 -0.119552
v -0.199327 0.310025 -0.097051
v -0.216808 0.312433 -0.108998
v -0.197071 0.281911 -0.069781
v -0.221619 0.284659 -0.091537
v -0.211033 0.257064 -0.035252
v -0.222922 0.264670 -0.065017
v -0.275800 0.416076 -0.052209
v -0.274816 0.410686 -0.083109
v -0.265674 0.394748 -0.109052
v -0.252758 0.369546 -0.124302
v -0.241972 0.339940 -0.127873
v -0.236706 0.309768 -0.120915
v -0.237894 0.281902 -0.107628
v -0.241373 0.257134 -0.089301
v -0.228934 0.230743 -0.036915
v -0.239645 0.237157 -0.065710
v -0.298359 0.375991 -0.052235
v -0.296951 0.370578 -0.081854
v -0.290264 0.357072 -0.108202
v -0.277707 0.333857 -0.123135
v -0.265930 0.306074 -0.124267
v -0.260469 0.278404 -0.116610
v -0.260353 0.252860 -0.103039
v -0.261926 0.229502 -0.086715
v -0.249913 0.205467 -0.038064
v -0.259983 0.211176 -0.064923
v -0.323074 0.337322 -0.051631
v -0.322141 0.332642 -0.080017
v -0.315226 0.319959 -0.104344
v -0.302409 0.298464 -0.117294
v -0.291042 0.273095 -0.119102
v -0.285014 0.247638 -0.111808
v -0.283503 0.223937 -0.099432
v -0.284351 0.202575 -0.084005
v -0.276283 0.183595 -0.038283
v -0.280212 0.184325 -0.064632
v -0.349725 0.299999 -0.050791
v -0.348503 0.295605 -0.077781
v -0.341009 0.283405 -0.100786
v -0.328205 0.263554 -0.113339
v -0.316504 0.240153 -0.115350
v -0.309874 0.216888 -0.107992
v -0.307985 0.195475 -0.095918
v -0.307980 0.175964 -0.081085
v -0.298755 0.158440 -0.038499
v -0.303445 0.159191 -0.064593
v -0.378460 0.264230 -0.050256
v -0.375424 0.259029 -0.075384
v -0.365672 0.246357 -0.095636
v -0.353873 0.228586 -0.109452
v -0.342285 0.207287 -0.112655
v -0.335050 0.186405 -0.104178
v -0.332267 0.167208 -0.092062
v -0.327433 0.146748 -0.083973
v -0.315116 0.129676 -0.042086
v -0.328943 0.137336 -0.062321
v -0.408171 0.229100 -0.049864
v -0.401715 0.222045 -0.072530
v -0.391281 0.209963 -0.091313
v -0.379909 0.193962 -0.105242
v -0.368027 0.174557 -0.108925
v -0.359934 0.155625 -0.101391
v -0.353046 0.136338 -0.095954
v -0.352583 0.122356 -0.080993
v -0.334449 0.102626 -0.043617
v -0.345848 0.108645 -0.064430
v -0.432094 0.190066 -0.049566
v -0.428374 0.185340 -0.072217
v -0.418761 0.174745 -0.090869
v -0.406225 0.159473 -0.102561
v -0.393587 0.141578 -0.106384
v -0.383374 0.123527 -0.103771
v -0.376304 0.106951 -0.095024
v -0.371963 0.093192 -0.080783
v -0.353400 0.075351 -0.044864
v -0.364566 0.080985 -0.064482
v -0.455021 0.150647 -0.049807
v -0.452235 0.146806 -0.071415
v -0.444055 0.137941 -0.089997
v -0.431750 0.124326 -0.101603
v -0.418315 0.108040 -0.104099
v -0.407049 0.091921 -0.100461
v -0.398344 0.077258 -0.091437
v -0.391016 0.063940 -0.079740
v -0.372506 0.048195 -0.045691
v -0.382828 0.053071 -0.064461
v -0.476687 0.110882 -0.047238
v -0.473574 0.107082 -0.067481
v -0.467030 0.099826 -0.085178
v -0.455634 0.088212 -0.097243
v -0.441906 0.074354 -0.097441
v -0.429779 0.060074 -0.095044
v -0.419205 0.046497 -0.089590
v -0.410617 0.034968 -0.078453
v -0.392445 0.021628 -0.045980
v -0.401845 0.025666 -0.063975
v -0.496578 0.070464 -0.043868
v -0.496832 0.068629 -0.063337
v -0.490674 0.062310 -0.080230
v -0.478964 0.051994 -0.091323
v -0.465623 0.040061 -0.095890
v -0.452692 0.027961 -0.092928
v -0.441124 0.016484 -0.086637
v -0.430863 0.006394 -0.076951
v -0.413348 -0.004164 -0.045807
v -0.421559 -0.001248 -0.063153
v -0.520273 0.030392 -0.058870
v -0.520833 0.032381 -0.040757
v -0.514043 0.024827 -0.074672
v -0.502725 0.016150 -0.085662
v -0.489805 0.006196 -0.092313
v -0.476050 -0.004056 -0.090823
v -0.463382 -0.013453 -0.084496
v -0.451929 -0.021598 -0.074945
v -0.435057 -0.029200 -0.045263
v -0.441896 -0.027659 -0.061939
v -0.544016 -0.002781 -0.037435
v -0.543646 -0.007766 -0.054141
v -0.545554 -0.005114 -0.037215
v -0.542192 -0.005392 -0.054435
v -0.537328 -0.012635 -0.069360
v -0.535879 -0.010304 -0.069690
v -0.527785 -0.018988 -0.082084
v -0.526225 -0.016802 -0.082306
v -0.514651 -0.027072 -0.089474
v -0.513105 -0.025002 -0.089651
v -0.500067 -0.035607 -0.088677
v -0.498572 -0.033644 -0.088810
v -0.486541 -0.042607 -0.081012
v -0.485100 -0.040793 -0.081229
v -0.473642 -0.048962 -0.071947
v -0.472291 -0.047260 -0.072134
v -0.462314 -0.053894 -0.060529
v -0.461044 -0.052262 -0.060617
v -0.457299 -0.053657 -0.044686
v -0.455915 -0.052135 -0.044722
v -0.438875 -0.029238 -0.027729
v -0.462121 -0.050156 -0.029056
v -0.435057 -0.029200 -0.045263
v -0.414800 -0.006081 -0.026911
v -0.413348 -0.004164 -0.045807
v -0.391233 0.017528 -0.026150
v -0.392445 0.021628 -0.045980
v -0.371621 0.044426 -0.024637
v -0.372506 0.048195 -0.045691
v -0.351981 0.071352 -0.022513
v -0.353400 0.075351 -0.044864
v -0.332048 0.098033 -0.020167
v -0.334449 0.102626 -0.043617
v -0.312010 0.124661 -0.017397
v -0.298755 0.158440 -0.038499
v -0.315116 0.129676 -0.042086
v -0.276283 0.183595 -0.038283
v -0.291850 0.151267 -0.014382
v -0.249913 0.205467 -0.038064
v -0.271709 0.178142 -0.011236
v -0.228934 0.230743 -0.036915
v -0.252727 0.205843 -0.008441
v -0.211033 0.257064 -0.035252
v -0.232064 0.232150 -0.006151
v -0.187088 0.269580 -0.035949
v -0.210149 0.257046 -0.003847
v -0.445524 -0.024161 -0.012490
v -0.470816 -0.045161 -0.015367
v -0.421988 0.001838 -0.012666
v -0.403140 0.030313 -0.019117
v -0.381541 0.057319 -0.014199
v -0.360104 0.084728 -0.009917
v -0.338689 0.112203 -0.005532
v -0.317263 0.139583 -0.000478
v -0.295521 0.166916 0.004406
v -0.273921 0.194479 0.009651
v -0.252720 0.222589 0.014079
v -0.231147 0.250621 0.018387
v -0.188245 0.281288 -0.000547
v -0.210139 0.279070 0.021271
v -0.454489 -0.015913 -0.001797
v -0.480610 -0.038745 -0.003055
v -0.432092 0.013635 -0.004683
v -0.412310 0.044227 -0.012069
v -0.390745 0.074047 -0.014588
v -0.368318 0.103192 -0.007903
v -0.345653 0.132560 -0.002994
v -0.322810 0.161734 0.002771
v -0.299808 0.190817 0.009102
v -0.276968 0.220156 0.015310
v -0.254470 0.249867 0.021444
v -0.232197 0.279756 0.027765
v -0.190366 0.307723 0.029205
v -0.210848 0.310409 0.034244
v -0.467627 -0.005423 -0.004682
v -0.491185 -0.031007 0.007318
v -0.443767 0.026017 -0.005174
v -0.421147 0.058277 -0.004659
v -0.400134 0.090672 -0.013409
v -0.376354 0.121922 -0.008472
v -0.352506 0.153193 -0.002890
v -0.328131 0.184176 0.002895
v -0.303595 0.215220 0.008153
v -0.279387 0.246547 0.013556
v -0.255802 0.278241 0.019881
v -0.232999 0.310336 0.027237
v -0.190291 0.341219 0.043333
v -0.210991 0.342848 0.035507
v -0.481217 0.005252 -0.006587
v -0.504658 -0.021277 0.009739
v -0.456045 0.038352 -0.009232
v -0.433080 0.072566 -0.004423
v -0.410505 0.106967 -0.008305
v -0.386409 0.140605 -0.009264
v -0.361582 0.173744 -0.003912
v -0.335779 0.206527 0.000201
v -0.309945 0.239431 0.003776
v -0.284506 0.272615 0.008020
v -0.259722 0.306161 0.013397
v -0.235886 0.340150 0.020190
v -0.189918 0.375855 0.044754
v -0.213104 0.374559 0.028232
v -0.495145 0.016278 -0.007141
v -0.519215 -0.014022 0.004002
v -0.469794 0.050861 -0.007348
v -0.445416 0.086122 -0.011737
v -0.423714 0.122819 -0.005328
v -0.399692 0.158527 -0.008354
v -0.374002 0.193393 -0.006935
v -0.347375 0.227819 -0.004760
v -0.320948 0.262472 -0.002376
v -0.294924 0.297411 0.000814
v -0.269386 0.332656 0.004761
v -0.244825 0.368372 0.010348
v -0.191056 0.409153 0.037413
v -0.221465 0.404562 0.017416
v -0.509295 0.026909 -0.007796
v -0.531823 -0.007811 -0.005999
v -0.483681 0.061720 -0.014379
v -0.460949 0.099220 -0.014034
v -0.437449 0.136506 -0.014641
v -0.415492 0.174852 -0.012002
v -0.389439 0.211050 -0.012661
v -0.362853 0.247058 -0.011148
v -0.336630 0.283335 -0.009025
v -0.310643 0.319818 -0.006762
v -0.284917 0.356532 -0.004360
v -0.259599 0.393561 -0.001476
v -0.197214 0.440108 0.025010
v -0.235788 0.431426 0.003877
v -0.517462 0.031310 -0.022976
v -0.540497 -0.003685 -0.020484
v -0.496519 0.070691 -0.024604
v -0.471554 0.107476 -0.028871
v -0.450696 0.147161 -0.028440
v -0.428884 0.186564 -0.026612
v -0.404328 0.224813 -0.025911
v -0.378032 0.262055 -0.024689
v -0.351470 0.299015 -0.023761
v -0.324804 0.335882 -0.023125
v -0.298887 0.373312 -0.022396
v -0.273728 0.411432 -0.021305
v -0.208275 0.467667 0.007564
v -0.249154 0.450178 -0.019451
v -0.222191 0.488117 -0.016975
v 0.251799 0.459264 -0.051178
v 0.218470 0.487862 -0.082761
v 0.226450 0.496647 -0.050308
v 0.249609 0.453154 -0.083797
v 0.207501 0.467221 -0.107410
v 0.237904 0.434044 -0.108216
v 0.199035 0.439078 -0.125036
v 0.226456 0.407402 -0.125414
v 0.194594 0.407179 -0.134608
v 0.217817 0.376882 -0.128946
v 0.192659 0.373757 -0.131112
v 0.213172 0.345843 -0.119275
v 0.193428 0.342794 -0.116297
v 0.214478 0.315368 -0.108487
v 0.196881 0.312720 -0.096770
v 0.219524 0.287796 -0.091078
v 0.194767 0.284285 -0.069434
v 0.208867 0.259611 -0.034898
v 0.185056 0.271671 -0.035469
v 0.274202 0.418991 -0.052538
v 0.273209 0.413463 -0.083437
v 0.263601 0.397155 -0.108974
v 0.250665 0.372072 -0.124348
v 0.239670 0.342580 -0.127683
v 0.234251 0.312554 -0.120790
v 0.235285 0.284691 -0.107486
v 0.238897 0.259923 -0.089091
v 0.220705 0.267409 -0.064659
v 0.226849 0.233433 -0.036632
v 0.295992 0.378419 -0.052889
v 0.295190 0.373276 -0.082559
v 0.288141 0.359544 -0.108727
v 0.275257 0.336321 -0.123282
v 0.263335 0.308543 -0.124907
v 0.257528 0.280890 -0.116872
v 0.257238 0.255497 -0.102885
v 0.257908 0.231503 -0.087173
v 0.236022 0.239221 -0.065920
v 0.246924 0.207704 -0.037858
v 0.320506 0.339575 -0.052640
v 0.319962 0.335076 -0.081091
v 0.312821 0.322287 -0.105375
v 0.299558 0.300665 -0.117885
v 0.287938 0.275373 -0.119034
v 0.281515 0.249841 -0.111796
v 0.279261 0.225760 -0.100020
v 0.279424 0.203969 -0.085058
v 0.255705 0.212916 -0.065572
v 0.268557 0.182023 -0.038522
v 0.347257 0.302291 -0.052234
v 0.345866 0.297731 -0.079267
v 0.338211 0.285506 -0.102170
v 0.324886 0.265483 -0.114022
v 0.312871 0.242084 -0.115326
v 0.305832 0.218689 -0.108278
v 0.303173 0.196845 -0.096929
v 0.302316 0.176623 -0.083006
v 0.276338 0.186411 -0.064857
v 0.292001 0.157368 -0.038435
v 0.376066 0.266561 -0.052256
v 0.372362 0.260921 -0.077370
v 0.362428 0.248153 -0.097667
v 0.350345 0.230286 -0.111259
v 0.338135 0.208909 -0.112374
v 0.330467 0.187771 -0.104660
v 0.326605 0.167655 -0.094310
v 0.323659 0.148482 -0.082247
v 0.297855 0.159740 -0.064514
v 0.311004 0.130105 -0.040191
v 0.405737 0.231454 -0.052910
v 0.398434 0.223815 -0.075156
v 0.387479 0.211424 -0.093482
v 0.375630 0.195172 -0.106725
v 0.363404 0.175727 -0.109246
v 0.354698 0.156377 -0.102610
v 0.349213 0.137952 -0.093431
v 0.347013 0.122414 -0.080096
v 0.321587 0.135768 -0.062587
v 0.329848 0.102839 -0.042168
v 0.430354 0.192861 -0.052959
v 0.425080 0.187130 -0.075144
v 0.414628 0.176003 -0.092996
v 0.401584 0.160455 -0.103647
v 0.388790 0.142567 -0.106510
v 0.378662 0.124625 -0.102754
v 0.372315 0.108575 -0.092772
v 0.367943 0.094558 -0.078887
v 0.342278 0.109888 -0.061967
v 0.349351 0.076009 -0.043418
v 0.453526 0.153562 -0.053622
v 0.449506 0.148955 -0.074998
v 0.440230 0.139412 -0.092803
v 0.426997 0.125272 -0.102627
v 0.413526 0.108945 -0.104618
v 0.402331 0.092928 -0.100093
v 0.394494 0.078911 -0.089454
v 0.387056 0.065323 -0.078220
v 0.360308 0.081852 -0.063078
v 0.369049 0.049334 -0.044155
v 0.474393 0.113220 -0.051179
v 0.471276 0.109379 -0.071419
v 0.463127 0.101237 -0.088130
v 0.450972 0.089212 -0.099250
v 0.437291 0.075492 -0.097190
v 0.425189 0.061120 -0.094810
v 0.414573 0.047538 -0.089219
v 0.406187 0.036049 -0.077906
v 0.378786 0.054133 -0.063255
v 0.389501 0.023212 -0.044500
v 0.494889 0.072957 -0.048162
v 0.494359 0.070737 -0.067565
v 0.486117 0.063400 -0.082701
v 0.473491 0.052662 -0.092410
v 0.460345 0.040743 -0.097685
v 0.447809 0.029013 -0.092629
v 0.436457 0.017640 -0.085759
v 0.425706 0.006989 -0.077414
v 0.397946 0.026874 -0.063009
v 0.411079 -0.001979 -0.044466
v 0.517713 0.032408 -0.063227
v 0.509984 0.026131 -0.078199
v 0.497201 0.016758 -0.086749
v 0.484296 0.006764 -0.093674
v 0.470570 -0.003482 -0.092033
v 0.457912 -0.012881 -0.085547
v 0.446500 -0.021164 -0.076000
v 0.417416 -0.000155 -0.062705
v 0.433459 -0.026398 -0.044388
v 0.542399 -0.001089 -0.042214
v 0.540486 -0.006072 -0.058639
v 0.539337 -0.004130 -0.058870
v 0.533330 -0.011326 -0.073253
v 0.532152 -0.009435 -0.073503
v 0.522758 -0.018128 -0.084560
v 0.521468 -0.016368 -0.084671
v 0.509080 -0.026599 -0.090046
v 0.507829 -0.024916 -0.090229
v 0.494429 -0.035016 -0.088407
v 0.493225 -0.033424 -0.088590
v 0.480180 -0.042788 -0.083509
v 0.479056 -0.041279 -0.083612
v 0.467363 -0.049251 -0.074681
v 0.466310 -0.047833 -0.074748
v 0.458397 -0.052580 -0.061060
v 0.457359 -0.051262 -0.061102
v 0.456516 -0.050088 -0.044595
v 0.455352 -0.048892 -0.044585
v 0.455352 -0.048892 -0.044585
v 0.438702 -0.025497 -0.027246
v 0.433459 -0.026398 -0.044388
v 0.414450 -0.002547 -0.025631
v 0.411079 -0.001979 -0.044466
v 0.392016 0.022154 -0.024707
v 0.389501 0.023212 -0.044500
v 0.370320 0.047223 -0.023351
v 0.369049 0.049334 -0.044155
v 0.350693 0.074003 -0.021086
v 0.349351 0.076009 -0.043418
v 0.330573 0.100467 -0.018745
v 0.329848 0.102839 -0.042168
v 0.309780 0.126436 -0.015697
v 0.311004 0.130105 -0.040191
v 0.289383 0.152854 -0.012704
v 0.292001 0.157368 -0.038435
v 0.269232 0.179798 -0.010065
v 0.268557 0.182023 -0.038522
v 0.249069 0.206846 -0.007920
v 0.246924 0.207704 -0.037858
v 0.228442 0.233257 -0.005746
v 0.226849 0.233433 -0.036632
v 0.208867 0.259611 -0.034898
v 0.208008 0.259231 -0.003419
v 0.185056 0.271671 -0.035469
v 0.462747 -0.046035 -0.029543
v 0.445765 -0.020371 -0.012205
v 0.423022 0.005870 -0.012729
v 0.401997 0.033886 -0.013723
v 0.382315 0.062192 -0.017212
v 0.360877 0.089353 -0.011729
v 0.339533 0.116828 -0.007120
v 0.318013 0.144211 -0.002484
v 0.296131 0.171337 0.002870
v 0.274208 0.198628 0.008072
v 0.252497 0.226248 0.013180
v 0.230880 0.254260 0.016902
v 0.209030 0.281908 0.021017
v 0.186396 0.283640 0.000074
v 0.471799 -0.040954 -0.016091
v 0.455675 -0.011015 -0.002303
v 0.434717 0.018472 -0.010686
v 0.412226 0.047994 -0.008452
v 0.391444 0.078483 -0.013709
v 0.369072 0.107930 -0.010547
v 0.346547 0.137251 -0.004898
v 0.323582 0.166292 0.001153
v 0.300322 0.195096 0.007976
v 0.277117 0.224141 0.014386
v 0.254169 0.253487 0.020797
v 0.231336 0.282979 0.027160
v 0.209530 0.313260 0.033970
v 0.188890 0.310439 0.029438
v 0.481720 -0.034629 -0.003759
v 0.468906 -0.000501 -0.004364
v 0.445927 0.031140 -0.006295
v 0.423008 0.062627 -0.008248
v 0.400368 0.094752 -0.008834
v 0.377306 0.126574 -0.010081
v 0.353506 0.157788 -0.003936
v 0.329053 0.188541 0.002947
v 0.304415 0.219339 0.009461
v 0.279877 0.250418 0.015173
v 0.255737 0.281807 0.021056
v 0.232271 0.313566 0.027807
v 0.209756 0.345779 0.035848
v 0.189073 0.343704 0.044203
v 0.492266 -0.026861 0.006786
v 0.482387 0.010059 -0.007066
v 0.457971 0.043713 -0.004641
v 0.434725 0.077243 -0.010735
v 0.411375 0.111198 -0.005512
v 0.387635 0.145125 -0.009308
v 0.362705 0.178234 -0.003994
v 0.336977 0.210835 0.002128
v 0.310995 0.243572 0.006557
v 0.285192 0.276520 0.010677
v 0.259937 0.309796 0.015635
v 0.235512 0.343473 0.021869
v 0.212123 0.377574 0.029465
v 0.188408 0.378533 0.045387
v 0.506255 -0.017367 0.007684
v 0.496310 0.021024 -0.006858
v 0.470742 0.055361 -0.011433
v 0.448340 0.091498 -0.009483
v 0.424494 0.127072 -0.008851
v 0.401012 0.163042 -0.008292
v 0.375173 0.197818 -0.006423
v 0.348320 0.232037 -0.003159
v 0.321261 0.266298 -0.001348
v 0.294920 0.301049 0.002026
v 0.269145 0.336147 0.006349
v 0.244118 0.371626 0.011748
v 0.220184 0.407562 0.018382
v 0.189621 0.411897 0.038497
v 0.520726 -0.010463 0.001237
v 0.510457 0.030959 -0.010869
v 0.485174 0.066469 -0.017337
v 0.462207 0.103589 -0.015924
v 0.439143 0.141185 -0.016406
v 0.416622 0.179278 -0.013351
v 0.390035 0.215194 -0.013669
v 0.362692 0.250711 -0.012598
v 0.336422 0.286959 -0.009243
v 0.310238 0.323350 -0.006331
v 0.284215 0.359921 -0.003565
v 0.258490 0.396773 -0.000527
v 0.234093 0.434428 0.004170
v 0.195240 0.442724 0.025756
v 0.532745 -0.004444 -0.009786
v 0.517533 0.034692 -0.027180
v 0.495322 0.073466 -0.028649
v 0.472439 0.111636 -0.032165
v 0.450346 0.150748 -0.031982
v 0.428633 0.190325 -0.029664
v 0.403466 0.228180 -0.028854
v 0.376789 0.265170 -0.027248
v 0.350131 0.302104 -0.025796
v 0.323581 0.339062 -0.024350
v 0.297274 0.376301 -0.023061
v 0.271852 0.414326 -0.021629
v 0.247559 0.453307 -0.019295
v 0.205852 0.470169 0.007865
v 0.540235 -0.001127 -0.025065
v 0.519334 0.034928 -0.045336
v 0.219440 0.490621 -0.017061
v -0.096223 -0.070709 -0.171736
v -0.122999 -0.070523 -0.155504
v -0.127192 -0.070898 -0.159532
v -0.206386 -0.058588 -0.007326
v -0.198673 -0.056043 0.029829
v -0.205963 -0.056138 0.031378
v 0.122901 -0.047097 0.120321
v 0.154058 -0.050413 0.096709
v 0.159251 -0.050273 0.099374
v -0.026692 -0.045342 0.130717
v 0.006296 -0.044537 0.128781
v 0.006519 -0.043999 0.133685
v 0.128593 -0.069527 -0.154575
v 0.152743 -0.068632 -0.116715
v 0.124375 -0.069189 -0.150989
v -0.031246 -0.070085 -0.182617
v -0.062446 -0.070022 -0.170567
v -0.064693 -0.070392 -0.174627
v -0.161697 -0.052037 0.097846
v -0.185024 -0.055058 0.065936
v -0.156386 -0.052284 0.094732
v 0.055237 -0.044404 0.133857
v 0.084559 -0.045497 0.124371
v 0.087446 -0.045073 0.128871
v 0.001159 -0.069792 -0.178007
v 0.032801 -0.069376 -0.177043
v 0.001116 -0.069441 -0.173151
v -0.183544 -0.069368 -0.089598
v -0.192663 -0.064206 -0.044410
v -0.199618 -0.064444 -0.045224
v -0.057801 -0.047054 0.130440
v -0.025775 -0.045840 0.125897
v 0.157977 -0.068948 -0.119169
v 0.177282 -0.066986 -0.078390
v -0.191431 -0.054929 0.068282
v -0.152066 -0.070221 -0.128605
v -0.157288 -0.070586 -0.131316
v 0.033980 -0.069726 -0.181493
v 0.064893 -0.069403 -0.181755
v 0.182953 -0.053514 0.065949
v 0.189247 -0.053380 0.068293
v 0.205694 -0.056674 -0.006777
v 0.197024 -0.054498 0.030605
v 0.198505 -0.056610 -0.006897
v -0.059858 -0.046599 0.135374
v -0.088298 -0.048818 0.120103
v -0.092966 -0.070331 -0.166979
v 0.183543 -0.067247 -0.080277
v 0.192265 -0.062010 -0.043187
v 0.029935 -0.043596 0.147512
v 0.030975 -0.043082 0.152877
v 0.118912 -0.047321 0.116828
v 0.067225 -0.069757 -0.187104
v 0.095481 -0.069391 -0.174805
v -0.199091 -0.058434 -0.007461
v -0.091349 -0.048440 0.124535
v -0.121628 -0.050491 0.110348
v 0.053351 -0.044903 0.129005
v 0.199210 -0.062198 -0.044380
v -0.177245 -0.069026 -0.088188
v 0.098806 -0.069737 -0.179549
v 0.204139 -0.054522 0.032054
v -0.030158 -0.069725 -0.178188
v -0.125781 -0.050178 0.114231
v 0.140533 -0.005131 0.087050
v -0.158184 -0.019399 -0.077390
v -0.168340 -0.014289 -0.041692
v 0.108919 -0.004228 0.106026
v -0.137293 -0.022884 -0.111434
v 0.077611 -0.003818 0.113089
v -0.111397 -0.024747 -0.136520
v 0.027234 -0.001719 0.133729
v 0.048868 -0.003185 0.118163
v -0.023504 -0.003565 0.114903
v 0.005725 -0.002402 0.116483
v -0.084047 -0.025484 -0.150174
v 0.029330 -0.024686 -0.161347
v 0.000934 -0.024707 -0.155471
v -0.052703 -0.004672 0.121227
v -0.056157 -0.025343 -0.158521
v 0.058460 -0.024700 -0.164973
v -0.080216 -0.006135 0.113386
v -0.027029 -0.024965 -0.162581
v 0.086418 -0.024493 -0.157234
v -0.109824 -0.006822 0.105720
v -0.176260 -0.009416 0.023844
v -0.140437 -0.007139 0.090970
v 0.174515 -0.008476 -0.006912
v 0.112669 -0.023283 -0.135432
v -0.165223 -0.008090 0.060890
v 0.137691 -0.021130 -0.104570
v 0.157188 -0.017353 -0.070700
v 0.176288 -0.006516 0.027611
v 0.168358 -0.012487 -0.039600
v 0.165363 -0.005956 0.059644
v -0.174317 -0.010974 -0.010474
v 0.077213 0.540291 0.006883
v 0.065927 0.532967 0.022455
v 0.069317 0.532007 0.025134
v 0.075042 0.568882 -0.048559
v 0.075776 0.561325 -0.029979
v 0.079658 0.561619 -0.029983
v -0.001602 0.513314 0.052207
v 0.018067 0.516580 0.048325
v -0.001612 0.515119 0.048354
v -0.034583 0.572727 -0.080141
v -0.043070 0.571293 -0.075029
v -0.033021 0.571877 -0.077778
v -0.080724 0.539241 0.006558
v -0.069419 0.532196 0.022275
v -0.076963 0.539942 0.004812
v -0.022213 0.514750 0.052311
v -0.040071 0.519953 0.044886
v -0.041986 0.518389 0.048633
v 0.060876 0.571109 -0.066984
v 0.065852 0.569602 -0.057534
v 0.069237 0.570313 -0.058899
v 0.080504 0.550837 -0.011564
v 0.073448 0.540938 0.005085
v 0.030615 0.573484 -0.080473
v 0.039220 0.572159 -0.075410
v 0.041273 0.573025 -0.077655
v -0.002069 0.573644 -0.083675
v 0.008364 0.572875 -0.080763
v 0.008872 0.573774 -0.083276
v 0.019062 0.514847 0.052193
v 0.036815 0.520332 0.044941
v -0.045136 0.572116 -0.077255
v -0.052541 0.570155 -0.070584
v 0.076582 0.551031 -0.012455
v -0.012443 0.572621 -0.080653
v -0.002056 0.572752 -0.081143
v 0.071380 0.568250 -0.047679
v -0.083994 0.549436 -0.011932
v -0.080077 0.549699 -0.012774
v -0.056719 0.525501 0.036399
v -0.059467 0.524215 0.039742
v 0.056046 0.524686 0.039502
v 0.038747 0.518787 0.048653
v 0.048869 0.571272 -0.071249
v 0.051405 0.572095 -0.073289
v 0.018755 0.572864 -0.079858
v 0.019784 0.573763 -0.082325
v -0.055080 0.570922 -0.072588
v -0.061531 0.569240 -0.064690
v -0.012976 0.573507 -0.083161
v -0.022794 0.572361 -0.079642
v 0.053289 0.525949 0.036149
v -0.078511 0.567228 -0.048204
v -0.079122 0.559648 -0.029994
v -0.074855 0.566675 -0.047333
v -0.064520 0.569963 -0.066404
v -0.069371 0.568285 -0.057022
v -0.082992 0.559858 -0.030019
v -0.072803 0.531191 0.024911
v -0.021241 0.516487 0.048440
v -0.072753 0.568931 -0.058362
v 0.057889 0.570331 -0.065238
v 0.029070 0.572597 -0.078094
v -0.023844 0.573234 -0.082098
v 0.056650 0.549639 -0.064391
v 0.064445 0.548941 -0.056727
v -0.075273 0.520021 0.005191
v -0.067961 0.547650 -0.056254
v 0.047819 0.550558 -0.070341
v -0.067850 0.512695 0.022149
v -0.073324 0.546092 -0.046509
v 0.038371 0.551425 -0.074471
v -0.055405 0.506316 0.035697
v 0.069851 0.547643 -0.046825
v 0.074004 0.540913 -0.029100
v 0.028431 0.551855 -0.077110
v -0.039124 0.500980 0.043666
v 0.018329 0.552117 -0.078837
v -0.020748 0.497658 0.047047
v 0.017564 0.497748 0.046921
v -0.001617 0.496351 0.046829
v 0.008153 0.552129 -0.079723
v 0.035862 0.501343 0.043834
v -0.002051 0.552010 -0.080095
v 0.051975 0.506747 0.035333
v -0.012222 0.551882 -0.079614
v 0.064357 0.513460 0.022219
v -0.022358 0.551627 -0.078624
v 0.071759 0.520999 0.005396
v -0.032373 0.551154 -0.076798
v 0.074794 0.530815 -0.011768
v -0.042214 0.550583 -0.074105
v -0.077349 0.539267 -0.029127
v -0.051486 0.549471 -0.069724
v -0.078302 0.529496 -0.012059
v -0.060287 0.548577 -0.063895
v -0.001800 0.523812 -0.029814
v -0.000045 -0.013460 -0.009894
v 0.205694 -0.056674 -0.006777
v 0.199210 -0.062198 -0.044380
v 0.183543 -0.067247 -0.080277
v 0.157977 -0.068948 -0.119169
v 0.128593 -0.069527 -0.154575
v 0.098806 -0.069737 -0.179549
v 0.067225 -0.069757 -0.187104
v 0.033980 -0.069726 -0.181493
v -0.206386 -0.058588 -0.007326
v -0.205963 -0.056138 0.031378
v -0.191431 -0.054929 0.068282
v -0.161697 -0.052037 0.097846
v -0.125781 -0.050178 0.114231
v -0.091349 -0.048440 0.124535
v -0.059858 -0.046599 0.135374
v -0.026692 -0.045342 0.130717
v 0.464025 -0.047126 -0.029665
v 0.460554 -0.048023 -0.044420
v 0.467387 -0.045328 -0.030834
v 0.473183 -0.042048 -0.016297
v 0.484750 -0.035098 -0.007330
v 0.483105 -0.035885 -0.003837
v 0.493508 -0.028262 0.007378
v 0.506971 -0.019573 0.003868
v 0.507524 -0.018824 0.008468
v 0.533930 -0.006325 -0.009728
v 0.520166 -0.013486 -0.002322
v 0.531001 -0.008198 -0.012691
v 0.543625 -0.003003 -0.042048
v 0.537837 -0.005201 -0.026546
v 0.539823 -0.005175 -0.042102
v 0.533330 -0.011326 -0.073253
v 0.520834 -0.018939 -0.080789
v 0.522758 -0.018128 -0.084560
v 0.480180 -0.042788 -0.083509
v 0.470424 -0.047261 -0.071799
v 0.467363 -0.049251 -0.074681
v 0.508388 -0.026648 -0.085781
v 0.509080 -0.026599 -0.090046
v 0.462265 -0.050291 -0.059403
v 0.458397 -0.052580 -0.061060
v 0.475721 -0.040706 -0.018669
v 0.494217 -0.028161 0.002876
v 0.522024 -0.012136 0.001667
v 0.540486 -0.006072 -0.058639
v 0.536967 -0.007968 -0.057200
v 0.541442 -0.003031 -0.024953
v 0.494429 -0.035016 -0.088407
v 0.495055 -0.034307 -0.084289
v 0.456516 -0.050088 -0.044595
v 0.530455 -0.012749 -0.070499
v 0.482088 -0.041380 -0.079833
v -0.527785 -0.018988 -0.082084
v -0.513663 -0.027294 -0.085149
v -0.525636 -0.019924 -0.078412
v -0.473642 -0.048962 -0.071947
v -0.465950 -0.051746 -0.058762
v -0.476277 -0.047250 -0.069171
v -0.472494 -0.046554 -0.015558
v -0.467180 -0.049604 -0.030150
v -0.463663 -0.051544 -0.029144
v -0.482343 -0.040260 -0.003138
v -0.493695 -0.032429 0.003817
v -0.484210 -0.039317 -0.006442
v -0.520812 -0.016032 0.004742
v -0.505970 -0.023616 0.006286
v -0.506213 -0.023037 0.010822
v -0.543646 -0.007766 -0.054141
v -0.541836 -0.007276 -0.037508
v -0.545554 -0.005114 -0.037215
v -0.542025 -0.006007 -0.020319
v -0.530680 -0.011834 -0.008941
v -0.533318 -0.010114 -0.005880
v -0.500067 -0.035607 -0.088677
v -0.514651 -0.027072 -0.089474
v -0.462314 -0.053894 -0.060529
v -0.461378 -0.051530 -0.044319
v -0.537328 -0.012635 -0.069360
v -0.540097 -0.009694 -0.052938
v -0.486541 -0.042607 -0.081012
v -0.500367 -0.035075 -0.084422
v -0.457299 -0.053657 -0.044686
v -0.475231 -0.045055 -0.017764
v -0.492748 -0.032705 0.008115
v -0.519279 -0.017230 0.000742
v -0.538618 -0.008090 -0.022104
v -0.534337 -0.014132 -0.066812
v -0.488037 -0.041456 -0.077435
v -0.510928 0.018256 -0.038399
v -0.508615 0.017671 -0.027324
v -0.457251 -0.012177 -0.033108
v -0.490672 0.003864 -0.072653
v -0.499281 0.009162 -0.067809
v -0.469495 -0.004781 -0.016062
v -0.463039 -0.008906 -0.024203
v -0.476315 0.000171 -0.008687
v -0.481112 -0.001731 -0.072130
v -0.472247 -0.006319 -0.067106
v -0.494710 0.011100 -0.010897
v -0.485141 0.006508 -0.006912
v -0.463792 -0.010485 -0.061165
v -0.509678 0.016518 -0.049493
v -0.502907 0.014979 -0.017859
v -0.456367 -0.013718 -0.053681
v -0.505536 0.013327 -0.059469
v -0.453079 -0.013562 -0.043296
v 0.507312 0.020245 -0.031098
v 0.452074 -0.010362 -0.043874
v 0.456958 -0.008435 -0.034163
v 0.495159 0.010425 -0.069868
v 0.508732 0.020263 -0.042217
v 0.462915 -0.005132 -0.025468
v 0.486263 0.004916 -0.073436
v 0.469368 -0.001124 -0.017364
v 0.476734 -0.000558 -0.072370
v 0.476135 0.003834 -0.010069
v 0.467466 -0.005614 -0.069184
v 0.485251 0.009973 -0.009360
v 0.459129 -0.009817 -0.063443
v 0.494682 0.014323 -0.013784
v 0.453298 -0.011983 -0.054583
v 0.506690 0.018267 -0.053008
v 0.502426 0.018102 -0.021196
v 0.502036 0.014850 -0.062513
v -0.483343 0.002215 -0.040570
v 0.481257 0.004565 -0.042611
v 0.541442 -0.003031 -0.024953
v 0.533930 -0.006325 -0.009728
v 0.522024 -0.012136 0.001667
v 0.507524 -0.018824 0.008468
v 0.493508 -0.028262 0.007378
v 0.483105 -0.035885 -0.003837
v 0.473183 -0.042048 -0.016297
v 0.464025 -0.047126 -0.029665
v 0.456516 -0.050088 -0.044595
v 0.437836 -0.026461 -0.061897
v -0.542025 -0.006007 -0.020319
v -0.533318 -0.010114 -0.005880
v -0.520812 -0.016032 0.004742
v -0.506213 -0.023037 0.010822
v -0.492748 -0.032705 0.008115
v -0.482343 -0.040260 -0.003138
v -0.472494 -0.046554 -0.015558
v -0.463663 -0.051544 -0.029144
v -0.457299 -0.053657 -0.044686
v -0.455915 -0.052135 -0.044722
v -0.187088 0.269580 -0.035949
v 0.543625 -0.003003 -0.042048
vn -0.3029 0.0033 0.9530
vn 0.0251 0.0069 0.9997
vn -0.3547 -0.0052 0.9350
vn 0.0423 -0.0025 0.9991
vn -0.0795 -0.0484 0.9957
vn -0.3111 -0.0467 0.9492
vn -0.3002 -0.1161 0.9468
vn -0.4190 0.0133 0.9079
vn -0.3688 -0.0837 0.9258
vn -0.6653 0.0867 0.7415
vn -0.5792 0.0778 0.8115
vn -0.8572 0.2635 0.4425
vn -0.8322 0.1329 0.5383
vn -0.9521 0.2680 0.1475
vn -0.9526 0.2829 0.1118
vn -0.9826 0.1740 -0.0652
vn 0.0471 0.0240 0.9986
vn -0.0378 0.0489 0.9981
vn -0.0387 -0.0274 0.9989
vn -0.3609 0.0523 0.9311
vn -0.4575 0.1189 0.8812
vn -0.7227 0.1523 0.6742
vn -0.9001 0.2598 0.3498
vn -0.9604 0.2375 0.1455
vn -0.9713 0.2369 0.0223
vn -0.2605 0.0257 0.9651
vn 0.0163 0.0373 0.9992
vn -0.0931 0.0884 0.9917
vn -0.4113 0.1612 0.8971
vn -0.5009 0.1535 0.8518
vn -0.7604 0.2541 0.5977
vn -0.9123 0.2622 0.3145
vn -0.9581 0.2203 0.1830
vn -0.9822 0.1717 0.0760
vn -0.2139 0.0274 0.9765
vn -0.0337 0.0255 0.9991
vn -0.1981 0.1108 0.9739
vn -0.4407 0.1798 0.8795
vn -0.5480 0.1580 0.8215
vn -0.8355 0.2352 0.4966
vn -0.9228 0.2153 0.3196
vn -0.9537 0.2128 0.2126
vn -0.9805 0.1627 0.1104
vn -0.1743 0.0285 0.9843
vn -0.0645 0.0133 0.9978
vn -0.2916 0.0571 0.9548
vn -0.4643 0.0708 0.8829
vn -0.6247 0.1129 0.7726
vn -0.8623 0.1390 0.4869
vn -0.9721 0.1107 0.2069
vn -0.9817 0.1260 0.1431
vn -0.9730 0.1917 0.1290
vn -0.1288 0.0346 0.9911
vn -0.0773 0.0149 0.9969
vn -0.2823 0.0254 0.9590
vn -0.4728 -0.0379 0.8803
vn -0.6824 0.0330 0.7302
vn -0.8757 0.0676 0.4781
vn -0.9295 0.0704 0.3621
vn -0.9385 0.1023 0.3298
vn -0.9780 0.0308 0.2063
vn -0.9890 0.0337 0.1437
vn -0.0881 0.0315 0.9956
vn -0.0883 0.0219 0.9959
vn -0.2524 0.0277 0.9672
vn -0.4962 -0.0235 0.8679
vn -0.7208 0.0552 0.6909
vn -0.8875 0.0284 0.4599
vn -0.9235 0.0379 0.3818
vn -0.9697 -0.0065 0.2444
vn -0.9893 -0.0367 0.1412
vn -0.0503 0.0295 0.9983
vn -0.0969 0.0423 0.9944
vn -0.2386 0.0380 0.9704
vn -0.5192 0.0022 0.8546
vn -0.7584 0.0402 0.6506
vn -0.8714 0.0161 0.4902
vn -0.9192 -0.0135 0.3935
vn -0.9559 -0.0507 0.2891
vn -0.9812 -0.0936 0.1688
vn -0.0193 0.0450 0.9988
vn -0.0875 0.0769 0.9932
vn -0.2319 0.0517 0.9714
vn -0.5080 0.0302 0.8608
vn -0.7754 -0.0068 0.6314
vn -0.8606 -0.0163 0.5090
vn -0.9013 -0.0561 0.4296
vn -0.9367 -0.1155 0.3306
vn -0.9674 -0.1497 0.2042
vn -0.0037 0.0832 0.9965
vn -0.0674 0.0763 0.9948
vn -0.2111 0.0349 0.9768
vn -0.4870 0.0130 0.8733
vn -0.7590 -0.0615 0.6482
vn -0.8399 -0.1137 0.5306
vn -0.8433 -0.1950 0.5008
vn -0.7393 -0.5040 0.4467
vn -0.4767 -0.8748 0.0867
vn 0.4871 -0.8697 0.0798
vn 0.9464 -0.0925 0.3096
vn 0.9727 -0.1359 0.1882
vn 0.9667 -0.0038 0.2558
vn 0.9890 -0.0606 0.1353
vn 0.9760 0.0356 0.2146
vn 0.9958 0.0041 0.0918
vn 0.9760 0.0686 0.2069
vn 0.9939 0.0715 0.0840
vn 0.9892 0.1120 0.0942
vn 0.9592 0.1722 0.2244
vn 0.9828 0.1595 0.0930
vn 0.9582 0.2148 0.1889
vn 0.9859 0.1519 0.0704
vn 0.9791 0.1995 0.0398
vn 0.9581 0.2478 0.1439
vn 0.9804 0.1969 -0.0006
vn 0.9644 0.1905 0.1833
vn 0.7650 -0.6439 0.0155
vn 0.9911 0.1207 -0.0566
vn 0.7569 -0.4899 0.4325
vn 0.9081 -0.0341 0.4174
vn 0.9240 0.0383 0.3806
vn 0.9265 0.0728 0.3691
vn 0.9282 0.0845 0.3624
vn 0.9356 0.1154 0.3336
vn 0.9709 0.0970 0.2188
vn 0.9346 0.1937 0.2982
vn 0.9231 0.2499 0.2924
vn 0.8951 0.2167 0.3897
vn 0.9617 0.2365 0.1384
vn 0.8361 0.0909 0.5410
vn 0.7791 -0.5941 0.1998
vn 0.8582 -0.1759 0.4823
vn 0.8615 0.0029 0.5077
vn 0.8692 0.0620 0.4905
vn 0.8828 0.0835 0.4622
vn 0.8864 0.1093 0.4498
vn 0.8683 0.1464 0.4740
vn 0.8264 0.2118 0.5218
vn 0.7727 0.1576 0.6150
vn 0.6851 0.1309 0.7166
vn 0.8501 0.2006 0.4869
vn 0.4436 -0.6286 0.6388
vn 0.6279 -0.6376 0.4463
vn 0.8396 -0.1157 0.5307
vn 0.7542 0.0088 0.6566
vn 0.7243 0.0840 0.6843
vn 0.6909 0.1329 0.7106
vn 0.6781 0.1142 0.7260
vn 0.6459 0.0675 0.7604
vn 0.5692 0.0928 0.8169
vn 0.5084 0.1086 0.8542
vn 0.7289 0.0828 0.6796
vn 0.4945 0.1130 0.8618
vn 0.6333 0.0876 0.7689
vn 0.2301 -0.6828 0.6934
vn 0.7441 -0.0675 0.6647
vn 0.4964 0.0211 0.8678
vn 0.4857 0.0170 0.8740
vn 0.4093 0.0442 0.9113
vn 0.3144 0.0672 0.9469
vn 0.2593 0.0616 0.9638
vn 0.2561 0.0938 0.9621
vn 0.2481 0.1139 0.9620
vn 0.2192 0.0790 0.9725
vn 0.4408 0.0622 0.8955
vn 0.3691 -0.0592 0.9275
vn 0.1112 -0.6959 0.7095
vn 0.4706 0.0015 0.8823
vn 0.2388 0.0560 0.9695
vn 0.2791 0.0284 0.9599
vn 0.3175 -0.0009 0.9483
vn 0.3323 0.0042 0.9432
vn 0.3377 0.0197 0.9410
vn 0.3394 0.0702 0.9380
vn 0.3278 0.1049 0.9389
vn 0.3405 0.0763 0.9372
vn 0.1888 0.0178 0.9819
vn 0.3893 0.0035 0.9211
vn 0.1869 -0.0592 0.9806
vn 0.2041 0.0400 0.9781
vn 0.0758 0.0940 0.9927
vn 0.0761 0.0820 0.9937
vn 0.0770 0.0669 0.9948
vn 0.0960 0.0596 0.9936
vn 0.1097 0.0665 0.9917
vn 0.1182 0.0710 0.9904
vn 0.0785 0.0860 0.9932
vn 0.0349 0.0771 0.9964
vn 0.3498 0.0190 0.9366
vn 0.0007 0.0741 0.9972
vn 0.2474 -0.7364 0.6296
vn -0.0021 0.0841 0.9965
vn 0.0628 0.0805 0.9948
vn 0.0144 0.0482 0.9987
vn -0.2333 -0.7391 0.6319
vn -0.0056 -0.5266 0.8501
vn -0.4928 0.7896 0.3656
vn -0.4460 0.8941 -0.0420
vn -0.7191 0.6940 -0.0359
vn -0.3726 0.8720 0.3174
vn -0.3645 0.9312 0.0004
vn -0.3394 0.8922 0.2979
vn -0.4402 0.8942 0.0818
vn -0.2287 0.8939 0.3856
vn -0.2439 0.9577 0.1528
vn -0.3665 0.6994 0.6136
vn -0.3251 0.7826 0.5309
vn -0.3359 0.8230 0.4581
vn -0.3973 0.8638 0.3100
vn -0.1958 0.8541 0.4819
vn -0.3849 0.6517 0.6535
vn -0.3816 0.7237 0.5750
vn -0.3690 0.7769 0.5103
vn -0.3649 0.8242 0.4331
vn -0.1645 0.8699 0.4650
vn -0.4068 0.6045 0.6849
vn -0.3822 0.6499 0.6569
vn -0.3376 0.7152 0.6120
vn -0.3382 0.8128 0.4743
vn -0.2942 0.7676 0.5694
vn -0.2723 0.5576 0.7842
vn -0.2519 0.5792 0.7753
vn -0.2462 0.6050 0.7572
vn -0.2392 0.6513 0.7201
vn -0.1345 0.8627 0.4874
vn -0.1177 0.5039 0.8557
vn -0.1186 0.5132 0.8501
vn -0.1205 0.5260 0.8419
vn -0.0269 0.7440 0.6677
vn -0.0997 0.8139 0.5723
vn -0.0080 0.4733 0.8809
vn -0.0097 0.4811 0.8766
vn -0.0077 0.5072 0.8618
vn -0.1213 0.5379 0.8342
vn 0.0305 0.7337 0.6787
vn -0.0023 0.4620 0.8869
vn -0.0013 0.4525 0.8917
vn -0.0021 0.4690 0.8832
vn -0.0004 0.4918 0.8707
vn 0.0001 0.7340 0.6792
vn 0.0046 0.5112 0.8595
vn -0.0377 0.7333 0.6788
vn 0.1191 0.5310 0.8390
vn 0.0206 0.7417 0.6705
vn 0.2188 0.6619 0.7169
vn 0.0805 0.8198 0.5669
vn 0.1178 0.8603 0.4961
vn 0.2744 0.7725 0.5727
vn 0.1511 0.8679 0.4731
vn 0.3670 0.8213 0.4367
vn 0.1859 0.8505 0.4920
vn 0.4100 0.8572 0.3117
vn 0.2230 0.8956 0.3849
vn 0.4520 0.8885 0.0797
vn 0.2339 0.9623 0.1388
vn 0.0080 0.4864 0.8737
vn 0.1173 0.5213 0.8453
vn 0.2261 0.6121 0.7578
vn 0.3100 0.7281 0.6113
vn 0.3237 0.8171 0.4771
vn 0.3608 0.7845 0.5044
vn 0.3426 0.8258 0.4479
vn 0.3442 0.8911 0.2957
vn 0.0091 0.4723 0.8814
vn 0.1162 0.5084 0.8532
vn 0.2341 0.5791 0.7809
vn 0.3575 0.6642 0.6565
vn 0.3770 0.7365 0.5617
vn 0.3201 0.7959 0.5138
vn 0.3590 0.8806 0.3092
vn 0.3645 0.9312 0.0094
vn 0.0069 0.4586 0.8886
vn 0.1127 0.4995 0.8589
vn 0.2490 0.5590 0.7909
vn 0.3901 0.6147 0.6855
vn 0.3815 0.6636 0.6435
vn 0.3609 0.7141 0.5999
vn 0.4755 0.8047 0.3554
vn 0.4228 0.9052 -0.0420
vn -0.0006 0.4351 0.9004
vn -0.0064 0.4269 0.9043
vn 0.0825 0.4607 0.8837
vn 0.1893 0.4976 0.8465
vn 0.3372 0.5420 0.7697
vn 0.4181 0.5658 0.7107
vn 0.3879 0.5741 0.7211
vn 0.4035 0.6058 0.6857
vn 0.6193 0.6149 0.4882
vn 0.7030 0.7100 -0.0405
vn 0.0009 0.4145 0.9100
vn -0.0114 0.4053 0.9141
vn 0.0657 0.4258 0.9024
vn 0.1635 0.4460 0.8800
vn 0.2868 0.4744 0.8323
vn 0.4068 0.5026 0.7628
vn 0.4372 0.5011 0.7468
vn 0.4197 0.4664 0.7787
vn 0.4953 0.4370 0.7508
vn 0.0012 0.3985 0.9172
vn -0.0121 0.3785 0.9255
vn 0.0580 0.3995 0.9149
vn 0.1585 0.4102 0.8981
vn 0.2640 0.4193 0.8686
vn 0.3880 0.4342 0.8129
vn 0.4816 0.4257 0.7660
vn 0.5088 0.3699 0.7774
vn 0.5031 0.3029 0.8094
vn 0.0004 0.3567 0.9342
vn -0.0105 0.3070 0.9516
vn 0.0588 0.3380 0.9393
vn 0.1727 0.3550 0.9188
vn 0.2814 0.3497 0.8936
vn 0.4097 0.3302 0.8504
vn 0.5388 0.2913 0.7905
vn 0.6019 0.2390 0.7620
vn 0.5810 0.2030 0.7882
vn 0.0002 0.2733 0.9619
vn -0.0115 0.1926 0.9812
vn 0.0609 0.2315 0.9709
vn 0.1903 0.2561 0.9477
vn 0.3191 0.2508 0.9139
vn 0.4710 0.2117 0.8563
vn 0.6181 0.1240 0.7763
vn 0.6560 0.0402 0.7537
vn 0.5721 0.0676 0.8174
vn 0.0005 0.1623 0.9867
vn -0.0142 0.0780 0.9969
vn 0.0663 0.0812 0.9945
vn 0.2088 0.0984 0.9730
vn 0.3769 0.0793 0.9228
vn 0.5716 0.0006 0.8205
vn 0.7077 -0.1255 0.6953
vn 0.6298 -0.1797 0.7557
vn 0.0006 0.0758 0.9971
vn 0.0081 0.0306 0.9995
vn 0.0896 -0.0134 0.9959
vn 0.2424 -0.0372 0.9695
vn 0.4592 -0.0996 0.8827
vn 0.6823 -0.2033 0.7022
vn 0.7292 -0.2828 0.6231
vn 0.5612 -0.4207 0.7128
vn 0.4075 -0.1608 0.8989
vn -0.0002 0.0598 0.9982
vn -0.0001 0.0508 0.9987
vn 0.0363 0.0439 0.9984
vn 0.1346 -0.0050 0.9909
vn 0.3272 -0.0623 0.9429
vn 0.5986 -0.1631 0.7843
vn 0.7785 -0.2215 0.5873
vn 0.7688 -0.3204 0.5534
vn 0.5951 -0.5401 0.5951
vn 0.0476 -0.5563 0.8296
vn -0.1611 -0.8101 0.5638
vn -0.0395 0.0421 0.9983
vn -0.1435 -0.0082 0.9896
vn -0.3425 -0.0576 0.9378
vn -0.6206 -0.1564 0.7684
vn -0.7820 -0.2184 0.5838
vn -0.7816 -0.2908 0.5519
vn -0.5576 -0.5427 0.6282
vn 0.1874 -0.8161 0.5466
vn -0.0098 0.0292 0.9995
vn -0.0996 -0.0160 0.9949
vn -0.2586 -0.0365 0.9653
vn -0.4801 -0.1050 0.8709
vn -0.6930 -0.2089 0.6900
vn -0.7284 -0.3067 0.6127
vn -0.5388 -0.4356 0.7211
vn 0.0294 -0.5334 0.8453
vn -0.0756 0.0781 0.9941
vn -0.2250 0.0906 0.9701
vn -0.3939 0.0662 0.9168
vn -0.5915 -0.0191 0.8061
vn -0.6900 -0.1288 0.7123
vn -0.6134 -0.2124 0.7607
vn -0.3915 -0.1937 0.8996
vn 0.0126 0.0767 0.9970
vn 0.0108 0.1918 0.9814
vn -0.0681 0.2263 0.9717
vn -0.3353 0.2365 0.9119
vn -0.4911 0.1956 0.8489
vn -0.6357 0.1020 0.7652
vn -0.6421 0.0521 0.7648
vn -0.5807 0.0810 0.8100
vn 0.0110 0.3056 0.9521
vn -0.0629 0.3332 0.9408
vn -0.2045 0.2460 0.9474
vn -0.1843 0.3466 0.9197
vn -0.2976 0.3413 0.8916
vn -0.4289 0.3224 0.8438
vn -0.5561 0.2804 0.7824
vn -0.6111 0.2293 0.7576
vn 0.0144 0.3763 0.9264
vn -0.0597 0.3948 0.9168
vn -0.1708 0.4071 0.8973
vn -0.2833 0.4192 0.8626
vn -0.4066 0.4347 0.8035
vn -0.4934 0.4219 0.7606
vn -0.5156 0.3584 0.7783
vn -0.5887 0.1950 0.7845
vn 0.0163 0.4053 0.9140
vn -0.0660 0.4254 0.9026
vn -0.1799 0.4483 0.8756
vn -0.3081 0.4781 0.8225
vn -0.4209 0.5017 0.7557
vn -0.4426 0.4956 0.7473
vn -0.4207 0.4567 0.7839
vn -0.5045 0.2857 0.8148
vn 0.0122 0.4286 0.9034
vn -0.0845 0.4638 0.8819
vn -0.2100 0.4993 0.8406
vn -0.3583 0.5415 0.7605
vn -0.4238 0.5629 0.7095
vn -0.3892 0.5667 0.7262
vn -0.4056 0.5940 0.6947
vn -0.4981 0.4220 0.7575
vn -0.6318 0.5966 0.4948
vn 0.0169 -0.0067 -0.9998
vn -0.1486 0.1084 -0.9829
vn -0.1378 -0.0095 -0.9904
vn 0.0324 0.0999 -0.9945
vn 0.0336 -0.0182 -0.9993
vn 0.4469 -0.0256 -0.8942
vn 0.4440 0.1025 -0.8901
vn 0.7047 -0.0426 -0.7082
vn 0.6910 0.0760 -0.7189
vn 0.8009 -0.0630 -0.5954
vn 0.7919 0.0526 -0.6083
vn 0.8789 -0.0799 -0.4702
vn 0.8812 0.0530 -0.4697
vn 0.9608 -0.0190 -0.2767
vn 0.9658 0.1073 -0.2361
vn 0.0090 0.1333 -0.9910
vn -0.1745 0.1768 -0.9687
vn 0.0396 0.1707 -0.9845
vn 0.4554 0.1759 -0.8727
vn 0.6822 0.1581 -0.7139
vn 0.7739 0.1350 -0.6187
vn 0.8653 0.1232 -0.4859
vn 0.9666 0.1445 -0.2118
vn -0.0138 0.2278 -0.9736
vn -0.2162 0.1157 -0.9695
vn 0.0512 0.1112 -0.9925
vn 0.4822 0.1132 -0.8687
vn 0.6869 0.0993 -0.7199
vn 0.7678 0.0815 -0.6354
vn 0.9680 0.1263 -0.2169
vn 0.9791 0.1995 0.0397
vn -0.0504 0.1614 -0.9856
vn -0.2328 0.0545 -0.9710
vn 0.0570 0.0568 -0.9968
vn 0.4793 0.0381 -0.8768
vn 0.6803 0.0154 -0.7328
vn 0.8811 0.0291 -0.4720
vn 0.8582 0.0982 -0.5038
vn 0.9730 0.1120 -0.2019
vn -0.0707 0.0471 -0.9964
vn -0.0747 0.0581 -0.9955
vn -0.2168 0.0791 -0.9730
vn 0.0503 0.0849 -0.9951
vn 0.4567 0.0452 -0.8885
vn 0.6513 -0.0015 -0.7588
vn 0.7685 -0.0137 -0.6397
vn 0.7591 -0.0482 -0.6491
vn 0.9848 0.0773 -0.1555
vn -0.0454 0.0520 -0.9976
vn -0.1882 0.0905 -0.9780
vn 0.0406 0.1010 -0.9941
vn 0.4251 0.0571 -0.9033
vn 0.6090 -0.0031 -0.7932
vn 0.7524 -0.0520 -0.6567
vn 0.9104 -0.0054 -0.4137
vn 0.9919 0.0398 -0.1204
vn -0.0193 0.0286 -0.9994
vn -0.1579 0.0626 -0.9855
vn 0.0320 0.0742 -0.9967
vn 0.3760 0.0257 -0.9263
vn 0.5521 -0.0514 -0.8322
vn 0.9327 -0.0893 -0.3493
vn 0.9252 -0.0202 -0.3790
vn 0.9955 -0.0377 -0.0868
vn -0.0025 0.0028 -1.0000
vn -0.1334 0.0229 -0.9908
vn 0.0184 0.0272 -0.9995
vn 0.4942 -0.0710 -0.8664
vn 0.7112 -0.1180 -0.6930
vn 0.7373 -0.1038 -0.6676
vn 0.9270 -0.1398 -0.3480
vn 0.9922 -0.1156 -0.0473
vn 0.9890 -0.0606 0.1352
vn -0.0008 -0.0087 -1.0000
vn -0.1175 0.0031 -0.9931
vn 0.2684 -0.0199 -0.9631
vn 0.3196 -0.0101 -0.9475
vn 0.4478 -0.0838 -0.8902
vn 0.6849 -0.1270 -0.7175
vn 0.9864 -0.1623 -0.0255
vn 0.9727 -0.1359 0.1881
vn -0.0002 -0.0065 -1.0000
vn -0.1039 0.0051 -0.9946
vn 0.0045 0.0131 -0.9999
vn 0.2352 -0.0031 -0.9719
vn 0.3590 -0.0974 -0.9282
vn 0.6604 -0.1503 -0.7357
vn 0.9165 -0.1674 -0.3633
vn 0.9512 -0.3013 -0.0660
vn -0.4767 -0.8748 0.0868
vn -0.9857 -0.1651 -0.0330
vn -0.9674 -0.1497 0.2041
vn -0.9904 -0.1321 -0.0415
vn -0.9963 -0.0576 -0.0637
vn -0.9964 0.0256 -0.0808
vn -0.9715 0.1480 -0.1852
vn -0.9730 0.1917 0.1289
vn -0.9686 0.1530 -0.1962
vn -0.9805 0.1626 0.1104
vn -0.9810 0.1182 -0.1540
vn -0.9822 0.1717 0.0761
vn -0.9772 0.1184 -0.1761
vn -0.9686 -0.0357 -0.2461
vn -0.7769 -0.6296 0.0053
vn -0.9826 0.1740 -0.0653
vn -0.9468 -0.3094 -0.0888
vn -0.9062 -0.1651 -0.3892
vn -0.9151 -0.1467 -0.3757
vn -0.9227 -0.0998 -0.3723
vn -0.9134 -0.0358 -0.4056
vn -0.8911 -0.0130 -0.4536
vn -0.9894 0.0860 -0.1171
vn -0.8478 0.0523 -0.5277
vn -0.8222 0.1214 -0.5561
vn -0.8552 0.1534 -0.4951
vn -0.8937 -0.0878 -0.4400
vn -0.6726 -0.7354 -0.0827
vn -0.6205 -0.1631 -0.7671
vn -0.8919 -0.1870 -0.4117
vn -0.6524 -0.1356 -0.7456
vn -0.7152 -0.1051 -0.6910
vn -0.7288 -0.0848 -0.6794
vn -0.7272 -0.0728 -0.6825
vn -0.7223 -0.0086 -0.6915
vn -0.7149 0.1347 -0.6861
vn -0.7238 0.2231 -0.6529
vn -0.8893 0.0703 -0.4519
vn -0.5294 -0.7367 -0.4207
vn -0.6024 -0.7619 -0.2380
vn -0.4370 -0.0885 -0.8951
vn -0.4842 -0.0728 -0.8719
vn -0.6791 -0.1230 -0.7237
vn -0.5276 -0.0486 -0.8481
vn -0.5698 -0.0500 -0.8203
vn -0.6012 -0.0451 -0.7978
vn -0.6291 0.0076 -0.7773
vn -0.6201 0.1564 -0.7688
vn -0.5778 0.2396 -0.7802
vn -0.7509 0.1133 -0.6506
vn -0.7682 -0.0338 -0.6393
vn -0.3697 -0.7250 -0.5811
vn -0.3576 -0.0962 -0.9289
vn -0.2722 -0.0259 -0.9619
vn -0.3205 -0.0256 -0.9469
vn -0.3549 -0.0140 -0.9348
vn -0.3830 -0.0159 -0.9236
vn -0.4069 -0.0220 -0.9132
vn -0.4340 0.0247 -0.9006
vn -0.4266 0.1419 -0.8933
vn -0.3499 0.2030 -0.9145
vn -0.5541 0.1365 -0.8212
vn -0.5367 -0.0299 -0.8432
vn -0.1507 -0.7385 -0.6572
vn -0.2337 0.0033 -0.9723
vn -0.0029 0.0095 -1.0000
vn -0.0158 0.0069 -0.9999
vn -0.0278 0.0169 -0.9995
vn -0.0482 0.0207 -0.9986
vn -0.0843 0.0200 -0.9962
vn -0.1192 0.0590 -0.9911
vn -0.1222 0.1182 -0.9854
vn -0.1194 0.1534 -0.9809
vn -0.2688 0.0960 -0.9584
vn -0.2295 -0.0511 -0.9720
vn -0.0932 -0.7794 -0.6196
vn 0.0042 0.0051 -1.0000
vn 0.1076 0.0052 -0.9942
vn 0.1183 0.0071 -0.9930
vn 0.1219 0.0216 -0.9923
vn 0.1171 0.0385 -0.9924
vn 0.1066 0.0440 -0.9933
vn 0.1106 0.0756 -0.9910
vn 0.0929 0.1612 -0.9825
vn 0.0289 0.2202 -0.9750
vn -0.1411 0.0715 -0.9874
vn -0.1648 -0.0458 -0.9853
vn -0.0262 -0.7141 -0.6996
vn 0.0964 0.0025 -0.9953
vn -0.0136 0.1296 -0.9915
vn -0.0383 -0.0122 -0.9992
vn 0.0154 -0.7819 -0.6232
vn 0.4592 0.8340 -0.3060
vn 0.7030 0.7100 -0.0406
vn 0.3557 0.9050 -0.2332
vn 0.3645 0.9311 0.0093
vn 0.3904 0.8982 -0.2020
vn 0.4748 0.8577 -0.1972
vn 0.2340 0.9623 0.1388
vn 0.3429 0.8269 -0.4457
vn 0.3380 0.8588 -0.3850
vn 0.4033 0.8299 -0.3856
vn 0.4386 0.8074 -0.3946
vn 0.2101 0.9749 -0.0742
vn 0.2924 0.7574 -0.5838
vn 0.3351 0.7831 -0.5239
vn 0.3857 0.7665 -0.5136
vn 0.3913 0.7513 -0.5315
vn 0.1885 0.9719 -0.1410
vn 0.2906 0.6837 -0.6694
vn 0.3234 0.7009 -0.6357
vn 0.3343 0.7023 -0.6286
vn 0.3229 0.6942 -0.6433
vn 0.1771 0.9652 -0.1926
vn 0.2541 0.6138 -0.7475
vn 0.2513 0.6295 -0.7353
vn 0.2300 0.6384 -0.7346
vn 0.2008 0.6319 -0.7486
vn 0.1347 0.9602 -0.2445
vn 0.1165 0.5485 -0.8280
vn 0.0986 0.5651 -0.8191
vn 0.0966 0.5729 -0.8139
vn 0.1094 0.5763 -0.8099
vn 0.0798 0.9542 -0.2883
vn 0.0085 0.4974 -0.8675
vn 0.0211 0.5120 -0.8587
vn 0.0406 0.5197 -0.8534
vn 0.0465 0.5436 -0.8380
vn 0.0458 0.9476 -0.3161
vn -0.0008 0.4806 -0.8769
vn -0.0020 0.4917 -0.8708
vn -0.0049 0.5030 -0.8643
vn -0.0089 0.5314 -0.8471
vn 0.0097 0.9456 -0.3252
vn -0.0349 0.9457 -0.3233
vn -0.0135 0.9406 -0.3394
vn -0.0611 0.5487 -0.8338
vn -0.0684 0.9479 -0.3112
vn -0.1193 0.5877 -0.8002
vn -0.0962 0.9551 -0.2803
vn -0.2175 0.6429 -0.7344
vn -0.1556 0.9597 -0.2341
vn -0.3385 0.7034 -0.6250
vn -0.1886 0.9659 -0.1774
vn -0.3939 0.7531 -0.5270
vn -0.1968 0.9705 -0.1392
vn -0.4391 0.8116 -0.3854
vn -0.2223 0.9734 -0.0551
vn -0.4694 0.8629 -0.1875
vn -0.0464 0.5263 -0.8490
vn -0.1073 0.5801 -0.8075
vn -0.2500 0.6404 -0.7262
vn -0.3393 0.7034 -0.6246
vn -0.3803 0.7696 -0.5128
vn -0.3940 0.8361 -0.3816
vn -0.3804 0.9026 -0.2017
vn -0.4402 0.8942 0.0817
vn -0.0257 0.5149 -0.8569
vn -0.1136 0.5667 -0.8161
vn -0.2609 0.6318 -0.7299
vn -0.3186 0.7041 -0.6346
vn -0.3265 0.7849 -0.5267
vn -0.3370 0.8591 -0.3852
vn -0.3687 0.8990 -0.2363
vn -0.0130 0.4993 -0.8663
vn -0.1270 0.5528 -0.8236
vn -0.2558 0.6164 -0.7447
vn -0.2846 0.6812 -0.6745
vn -0.2931 0.7530 -0.5892
vn -0.3562 0.8181 -0.4515
vn -0.4776 0.8237 -0.3056
vn -0.4460 0.8941 -0.0421
vn 0.0116 0.4242 -0.9055
vn -0.0373 0.4528 -0.8908
vn -0.1708 0.5076 -0.8445
vn -0.2287 0.5453 -0.8065
vn -0.2195 0.5776 -0.7863
vn -0.2519 0.6221 -0.7413
vn -0.3750 0.6689 -0.6419
vn -0.5992 0.6379 -0.4838
vn -0.0004 0.4158 -0.9094
vn 0.0189 0.3286 -0.9443
vn 0.0083 0.3476 -0.9376
vn -0.0991 0.3808 -0.9194
vn -0.1975 0.4113 -0.8899
vn -0.2030 0.4282 -0.8806
vn -0.2137 0.4423 -0.8710
vn -0.2562 0.4618 -0.8492
vn -0.4192 0.4802 -0.7705
vn 0.0004 0.3172 -0.9484
vn 0.0356 0.2159 -0.9758
vn 0.0360 0.2372 -0.9708
vn -0.0536 0.2569 -0.9650
vn -0.1636 0.2789 -0.9463
vn -0.1899 0.3030 -0.9339
vn -0.1943 0.3223 -0.9265
vn -0.2146 0.3333 -0.9180
vn -0.2993 0.3385 -0.8921
vn 0.0002 0.2069 -0.9784
vn 0.0471 0.1215 -0.9915
vn 0.0574 0.1370 -0.9889
vn -0.0337 0.1442 -0.9890
vn -0.1296 0.1579 -0.9789
vn -0.1613 0.1767 -0.9710
vn -0.1747 0.1849 -0.9671
vn -0.2177 0.1684 -0.9614
vn -0.2662 0.1282 -0.9554
vn -0.0004 0.0557 -0.9985
vn -0.0004 0.1159 -0.9933
vn 0.0621 0.0637 -0.9960
vn 0.0635 0.0706 -0.9955
vn -0.0262 0.0676 -0.9974
vn -0.1136 0.0730 -0.9908
vn -0.1648 0.0597 -0.9845
vn -0.2162 0.0168 -0.9762
vn -0.2878 -0.0731 -0.9549
vn -0.0011 0.0169 -0.9999
vn 0.0714 0.0192 -0.9973
vn 0.0577 0.0235 -0.9981
vn -0.0373 0.0212 -0.9991
vn -0.1414 0.0014 -0.9900
vn -0.2170 -0.0314 -0.9757
vn -0.3375 -0.0993 -0.9361
vn -0.4917 -0.2375 -0.8378
vn -0.2824 -0.1945 -0.9394
vn -0.0009 -0.0039 -1.0000
vn 0.0802 0.0018 -0.9968
vn 0.0563 0.0138 -0.9983
vn -0.0723 0.0131 -0.9973
vn -0.2020 -0.0329 -0.9788
vn -0.2834 -0.0612 -0.9571
vn -0.5177 -0.1056 -0.8490
vn -0.7074 -0.2274 -0.6692
vn -0.2551 -0.4166 -0.8726
vn 0.0002 -0.0082 -1.0000
vn 0.0919 0.0036 -0.9958
vn 0.0438 0.0096 -0.9990
vn -0.1435 0.0046 -0.9896
vn -0.2696 -0.0426 -0.9620
vn -0.3987 -0.1189 -0.9093
vn -0.7277 -0.1540 -0.6683
vn -0.8745 -0.2717 -0.4017
vn -0.1948 -0.5676 -0.7999
vn -0.2785 -0.8263 -0.4896
vn -0.0916 0.0010 -0.9958
vn -0.0603 0.0164 -0.9980
vn -0.0053 0.0107 -0.9999
vn 0.1561 0.0011 -0.9877
vn 0.2531 -0.0318 -0.9669
vn 0.4366 -0.1110 -0.8928
vn 0.7317 -0.1673 -0.6608
vn 0.8919 -0.1935 -0.4087
vn 0.8829 -0.2747 -0.3808
vn 0.3182 -0.8193 -0.4769
vn -0.0779 -0.0006 -0.9970
vn -0.0663 0.0155 -0.9977
vn 0.0746 0.0205 -0.9970
vn 0.2094 -0.0249 -0.9775
vn 0.2766 -0.0503 -0.9597
vn 0.5193 -0.1189 -0.8463
vn 0.7246 -0.2291 -0.6500
vn 0.2663 -0.5586 -0.7856
vn -0.0715 0.0191 -0.9973
vn -0.0584 0.0218 -0.9981
vn 0.0348 0.0280 -0.9990
vn 0.1490 0.0022 -0.9888
vn 0.2032 -0.0274 -0.9788
vn 0.3315 -0.0989 -0.9383
vn 0.5523 -0.2009 -0.8091
vn 0.3434 -0.3670 -0.8645
vn -0.0624 0.0640 -0.9960
vn -0.0636 0.0711 -0.9954
vn 0.0241 0.0709 -0.9972
vn 0.1153 0.0739 -0.9906
vn 0.1617 0.0626 -0.9849
vn 0.2092 0.0273 -0.9775
vn 0.3508 -0.0719 -0.9337
vn 0.3113 -0.2160 -0.9255
vn -0.0469 0.1220 -0.9914
vn -0.0563 0.1383 -0.9888
vn 0.0305 0.1460 -0.9888
vn 0.1278 0.1600 -0.9788
vn 0.1619 0.1795 -0.9704
vn 0.1728 0.1913 -0.9662
vn 0.2142 0.1768 -0.9607
vn 0.2506 0.1174 -0.9609
vn -0.0342 0.2170 -0.9756
vn -0.0383 0.2364 -0.9709
vn 0.0488 0.2571 -0.9652
vn 0.1614 0.2809 -0.9461
vn 0.1918 0.3055 -0.9327
vn 0.1935 0.3250 -0.9257
vn 0.2047 0.3376 -0.9188
vn -0.0200 0.3277 -0.9446
vn -0.0108 0.3467 -0.9379
vn 0.0935 0.3811 -0.9198
vn 0.1940 0.4121 -0.8902
vn 0.2042 0.4303 -0.8793
vn 0.2117 0.4439 -0.8707
vn 0.2503 0.4673 -0.8479
vn 0.2868 0.3498 -0.8919
vn -0.0135 0.4242 -0.9055
vn 0.0320 0.4516 -0.8917
vn 0.1633 0.5067 -0.8465
vn 0.2294 0.5480 -0.8044
vn 0.2197 0.5828 -0.7824
vn 0.2472 0.6269 -0.7389
vn 0.3658 0.6733 -0.6426
vn 0.4107 0.4902 -0.7688
vn 0.5858 0.6467 -0.4885
vn -0.8426 0.5382 0.0179
vn -0.7192 0.6939 -0.0359
vn -0.7408 0.5321 -0.4100
vn -0.5329 0.4090 -0.7408
vn -0.3428 0.2176 -0.9138
vn -0.2823 -0.1945 -0.9394
vn -0.1514 -0.0574 -0.9868
vn 0.1741 -0.3086 -0.9351
vn -0.1949 -0.5676 -0.7999
vn 0.4660 -0.4345 -0.7707
vn -0.2785 -0.8263 -0.4895
vn 0.5816 -0.5722 -0.5782
vn 0.6376 -0.7403 -0.2132
vn 0.6424 -0.6278 -0.4396
vn -0.8674 0.4974 0.0139
vn -0.8109 0.4744 -0.3427
vn -0.5994 0.3873 -0.7005
vn -0.2935 0.1858 -0.9377
vn 0.0719 -0.0713 -0.9949
vn 0.3424 -0.2895 -0.8938
vn 0.5320 -0.4649 -0.7077
vn 0.6637 -0.5228 -0.5349
vn 0.7985 -0.5812 -0.1570
vn 0.7299 -0.5203 -0.4434
vn -0.8530 0.5205 -0.0385
vn -0.8162 0.4943 -0.2991
vn -0.6365 0.3889 -0.6661
vn -0.3245 0.1316 -0.9367
vn -0.0139 -0.1296 -0.9915
vn 0.2622 -0.3395 -0.9033
vn 0.4799 -0.4731 -0.7389
vn 0.6012 -0.5311 -0.5971
vn 0.7262 -0.6601 -0.1922
vn 0.6783 -0.5869 -0.4422
vn -0.8232 0.5638 -0.0668
vn -0.7961 0.5285 -0.2948
vn -0.6368 0.3661 -0.6785
vn -0.3310 0.1095 -0.9372
vn -0.0157 -0.1251 -0.9920
vn 0.2706 -0.3335 -0.9031
vn 0.4555 -0.4663 -0.7583
vn 0.5578 -0.5268 -0.6414
vn 0.7083 -0.6654 -0.2357
vn 0.6974 -0.5989 -0.3937
vn -0.7960 0.6001 -0.0792
vn -0.7736 0.5455 -0.3225
vn -0.6173 0.3585 -0.7003
vn -0.3280 0.1255 -0.9363
vn 0.0103 -0.1181 -0.9930
vn 0.2939 -0.3435 -0.8920
vn 0.4480 -0.4787 -0.7550
vn 0.5517 -0.4740 -0.6862
vn 0.7781 -0.5752 -0.2526
vn 0.6971 -0.5823 -0.4183
vn -0.7817 0.6188 -0.0775
vn -0.7485 0.5160 -0.4166
vn -0.6106 0.3420 -0.7142
vn -0.3610 0.1656 -0.9177
vn 0.0158 -0.1242 -0.9921
vn 0.3234 -0.3684 -0.8716
vn 0.4530 -0.3384 -0.8248
vn 0.6063 -0.5085 -0.6114
vn 0.7653 -0.5268 -0.3700
vn 0.6440 -0.6025 -0.4714
vn -0.8263 0.5578 -0.0776
vn -0.7253 0.4766 -0.4967
vn -0.5832 0.3809 -0.7175
vn -0.3590 0.1954 -0.9127
vn 0.0205 -0.1086 -0.9939
vn 0.2984 -0.2148 -0.9300
vn 0.4686 -0.3584 -0.8074
vn 0.6526 -0.5150 -0.5557
vn 0.7714 -0.5111 -0.3792
vn 0.7010 -0.4259 -0.5720
vn -0.8490 0.5274 -0.0329
vn -0.7523 0.5003 -0.4286
vn -0.5706 0.3841 -0.7258
vn -0.3217 0.1873 -0.9281
vn -0.0165 -0.0165 -0.9997
vn 0.2211 -0.1954 -0.9555
vn 0.4874 -0.4111 -0.7704
vn 0.6196 -0.4483 -0.6443
vn 0.7693 -0.5315 -0.3545
vn 0.6755 -0.4554 -0.5800
vn -0.8712 0.4907 0.0145
vn -0.8066 0.4560 -0.3760
vn -0.6297 0.3512 -0.6930
vn -0.3400 0.1524 -0.9280
vn -0.0521 -0.0863 -0.9949
vn 0.1790 -0.2707 -0.9459
vn 0.4188 -0.3732 -0.8278
vn 0.5771 -0.4107 -0.7059
vn 0.7660 -0.5474 -0.3369
vn 0.6697 -0.4637 -0.5801
vn -0.8893 0.4549 0.0471
vn -0.8368 0.4325 -0.3358
vn -0.6859 0.3458 -0.6403
vn -0.3591 0.0916 -0.9288
vn -0.0485 -0.1088 -0.9929
vn 0.1418 -0.1863 -0.9722
vn 0.3616 -0.3131 -0.8782
vn 0.5447 -0.4212 -0.7252
vn 0.7494 -0.5728 -0.3321
vn 0.6591 -0.4922 -0.5687
vn -0.8526 0.5223 -0.0144
vn -0.8389 0.4834 -0.2501
vn -0.6898 0.3396 -0.6395
vn -0.4072 0.1439 -0.9019
vn -0.0932 -0.0265 -0.9953
vn 0.1647 -0.1972 -0.9664
vn 0.3451 -0.3178 -0.8831
vn 0.5125 -0.4202 -0.7489
vn 0.7342 -0.6331 -0.2453
vn 0.6552 -0.5252 -0.5430
vn -0.8327 0.4816 -0.2734
vn -0.8494 0.5266 0.0349
vn -0.6902 0.3578 -0.6289
vn -0.4531 0.2163 -0.8648
vn -0.1580 0.0318 -0.9869
vn 0.1539 -0.1912 -0.9694
vn 0.3321 -0.3383 -0.8805
vn 0.4906 -0.4383 -0.7531
vn 0.7353 -0.6666 -0.1220
vn 0.6609 -0.5523 -0.5081
vn -0.8354 0.5496 0.0120
vn -0.9529 -0.2422 -0.1823
vn -0.9835 -0.1720 0.0565
vn -0.8232 0.4739 -0.3127
vn -0.8757 -0.3147 -0.3663
vn -0.7310 0.3759 -0.5695
vn -0.7401 -0.3698 -0.5616
vn -0.5196 0.2712 -0.8102
vn -0.4909 -0.5193 -0.6995
vn -0.1920 0.0545 -0.9799
vn -0.2070 -0.7125 -0.6704
vn 0.1774 -0.2052 -0.9625
vn -0.0874 -0.8370 -0.5402
vn 0.3476 -0.3678 -0.8625
vn -0.0041 -0.8750 -0.4841
vn 0.4517 -0.4439 -0.7739
vn 0.1933 -0.9355 -0.2958
vn 0.6700 -0.5588 -0.4887
vn 0.2914 -0.9536 0.0761
vn 0.7337 -0.6787 0.0315
vn 0.6555 -0.6718 0.3451
vn 0.5767 -0.6828 0.4486
vn 0.7353 -0.6667 -0.1219
vn 0.6698 -0.6689 0.3224
vn 0.7342 -0.6331 -0.2452
vn 0.7224 -0.5348 0.4384
vn 0.7494 -0.5728 -0.3320
vn 0.6983 -0.5739 0.4278
vn 0.7661 -0.5474 -0.3369
vn 0.7257 -0.5830 0.3653
vn 0.7443 -0.5962 0.3011
vn 0.7714 -0.5111 -0.3791
vn 0.7714 -0.5928 0.2313
vn 0.7780 -0.5752 -0.2526
vn 0.7646 -0.6298 0.1368
vn 0.7262 -0.6601 -0.1921
vn 0.7529 -0.6309 0.1871
vn 0.7985 -0.5812 -0.1569
vn 0.7554 -0.5947 0.2752
vn 0.7431 -0.6176 0.2578
vn 0.6821 -0.6750 0.2812
vn 0.5262 -0.5727 0.6286
vn 0.4670 -0.6292 0.6213
vn 0.5258 -0.3736 0.7642
vn 0.3744 -0.2090 0.9034
vn 0.2043 -0.2391 0.9493
vn 0.2041 -0.3090 0.9289
vn 0.2578 -0.3415 0.9038
vn 0.2848 -0.3753 0.8820
vn 0.3281 -0.4107 0.8507
vn 0.3872 -0.4293 0.8159
vn 0.4300 -0.4595 0.7772
vn 0.4523 -0.4717 0.7569
vn 0.4595 -0.4855 0.7438
vn 0.1969 -0.2047 0.9588
vn 0.4568 -0.4448 0.7703
vn 0.2635 -0.0416 0.9638
vn 0.3218 -0.1837 0.9288
vn 0.0469 -0.0391 0.9981
vn -0.1058 -0.0958 0.9898
vn -0.1048 -0.0993 0.9895
vn -0.1080 -0.1080 0.9883
vn -0.1131 -0.1054 0.9880
vn -0.1106 -0.0991 0.9889
vn -0.0971 -0.1191 0.9881
vn -0.0406 -0.1604 0.9862
vn 0.0295 -0.5334 0.8453
vn -0.0623 -0.2114 0.9754
vn 0.0111 0.1370 0.9905
vn 0.4730 -0.0024 0.8811
vn -0.0283 0.0909 0.9955
vn 0.1913 -0.0748 0.9787
vn 0.1182 -0.0784 0.9899
vn -0.1042 -0.0408 0.9937
vn -0.1724 -0.0455 0.9840
vn -0.2084 -0.0067 0.9780
vn -0.2643 0.0464 0.9633
vn -0.3226 0.0774 0.9434
vn -0.3693 0.0845 0.9255
vn -0.3994 0.0724 0.9139
vn -0.3914 -0.1936 0.8996
vn -0.4483 0.0571 0.8921
vn 0.0859 0.2099 0.9739
vn 0.1559 0.3738 0.9143
vn -0.0599 0.0220 0.9980
vn -0.0567 0.1169 0.9915
vn 0.0943 -0.1030 0.9902
vn -0.0391 -0.0300 0.9988
vn -0.1693 0.0020 0.9856
vn -0.2326 0.0687 0.9701
vn -0.2895 0.1088 0.9510
vn -0.3529 0.1286 0.9268
vn -0.4226 0.1446 0.8947
vn -0.4896 0.1503 0.8589
vn -0.5807 0.0810 0.8101
vn -0.5459 0.1501 0.8243
vn 0.0726 0.1716 0.9825
vn -0.2390 0.4475 0.8618
vn -0.0999 0.1145 0.9884
vn -0.1886 0.1228 0.9744
vn -0.1275 0.0660 0.9896
vn -0.1082 0.0352 0.9935
vn -0.1885 0.0902 0.9779
vn -0.2384 0.1146 0.9644
vn -0.2703 0.1204 0.9552
vn -0.3126 0.1283 0.9412
vn -0.3751 0.1398 0.9164
vn -0.4525 0.1532 0.8785
vn -0.5146 0.1639 0.8416
vn -0.3988 0.3968 0.8267
vn -0.5920 0.4299 0.6817
vn -0.3578 0.3007 0.8841
vn -0.4043 0.2393 0.8827
vn -0.4560 0.2692 0.8483
vn -0.3760 0.2102 0.9025
vn -0.3487 0.2267 0.9094
vn -0.3548 0.2117 0.9107
vn -0.3742 0.2149 0.9021
vn -0.4096 0.2334 0.8819
vn -0.4590 0.2479 0.8531
vn -0.5258 0.2494 0.8132
vn -0.5688 0.2913 0.7691
vn -0.7637 0.5154 0.3888
vn -0.7604 0.5271 0.3796
vn -0.7435 0.4763 0.4694
vn -0.7428 0.4513 0.4945
vn -0.7477 0.3938 0.5347
vn -0.7318 0.4400 0.5204
vn -0.6917 0.4492 0.5654
vn -0.6976 0.4985 0.5146
vn -0.7264 0.5185 0.4511
vn -0.7474 0.5129 0.4224
vn -0.7614 0.4913 0.4230
vn -0.7740 0.4559 0.4394
vn -0.4981 0.4219 0.7575
vn -0.7565 0.4729 0.4517
vn -0.6319 0.5965 0.4948
vn 0.8346 0.5508 0.0111
vn 0.7031 0.7100 -0.0405
vn 0.7312 0.5409 -0.4156
vn 0.4108 0.4902 -0.7687
vn 0.5320 0.4198 -0.7354
vn 0.3461 0.2266 -0.9104
vn 0.1008 -0.0846 -0.9913
vn 0.3112 -0.2160 -0.9255
vn -0.1957 -0.3061 -0.9317
vn -0.4650 -0.4386 -0.7690
vn 0.2663 -0.5585 -0.7856
vn -0.5848 -0.5710 -0.5761
vn 0.3183 -0.8193 -0.4769
vn -0.6357 -0.7378 -0.2268
vn 0.4870 -0.8697 0.0798
vn 0.8716 0.4899 0.0142
vn 0.8089 0.4720 -0.3506
vn 0.5999 0.3843 -0.7017
vn 0.3027 0.1775 -0.9364
vn -0.0772 -0.0757 -0.9941
vn -0.3616 -0.2857 -0.8875
vn -0.5525 -0.4618 -0.6939
vn -0.6813 -0.4961 -0.5382
vn -0.6504 -0.6175 -0.4423
vn -0.8069 -0.5657 -0.1698
vn 0.8559 0.5155 -0.0414
vn 0.8180 0.4925 -0.2973
vn 0.6279 0.3852 -0.6762
vn 0.3155 0.1334 -0.9395
vn 0.0046 -0.1280 -0.9918
vn -0.2740 -0.3446 -0.8979
vn -0.4976 -0.4556 -0.7381
vn -0.6196 -0.4967 -0.6078
vn -0.7598 -0.4907 -0.4265
vn -0.7705 -0.6178 -0.1570
vn 0.8218 0.5634 -0.0846
vn 0.7992 0.5244 -0.2936
vn 0.6290 0.3591 -0.6895
vn 0.3175 0.0959 -0.9434
vn 0.0100 -0.1354 -0.9907
vn -0.2736 -0.3189 -0.9075
vn -0.4577 -0.4344 -0.7758
vn -0.5775 -0.5142 -0.6340
vn -0.7045 -0.5584 -0.4380
vn -0.7438 -0.6460 -0.1716
vn 0.7940 0.5982 -0.1078
vn 0.7743 0.5395 -0.3307
vn 0.6078 0.3489 -0.7133
vn 0.2995 0.1115 -0.9476
vn -0.0298 -0.1224 -0.9920
vn -0.2789 -0.3184 -0.9060
vn -0.4385 -0.4358 -0.7860
vn -0.5645 -0.4873 -0.6662
vn -0.6865 -0.5789 -0.4400
vn -0.7793 -0.5945 -0.1983
vn 0.7786 0.6166 -0.1166
vn 0.7426 0.5102 -0.4339
vn 0.6007 0.3371 -0.7249
vn 0.3246 0.1359 -0.9361
vn -0.0394 -0.1378 -0.9897
vn -0.2970 -0.3167 -0.9008
vn -0.4460 -0.3885 -0.8063
vn -0.5736 -0.5186 -0.6341
vn -0.6930 -0.5760 -0.4336
vn -0.7756 -0.5660 -0.2792
vn 0.8153 0.5631 -0.1353
vn 0.7073 0.4672 -0.5305
vn 0.5690 0.3600 -0.7394
vn 0.3265 0.1605 -0.9315
vn -0.0286 -0.1058 -0.9940
vn -0.2999 -0.2692 -0.9152
vn -0.4745 -0.4038 -0.7822
vn -0.6117 -0.5199 -0.5962
vn -0.6462 -0.5875 -0.4871
vn -0.7665 -0.5572 -0.3193
vn 0.8393 0.5327 -0.1088
vn 0.7236 0.4892 -0.4869
vn 0.5360 0.3636 -0.7619
vn 0.2830 0.1555 -0.9464
vn -0.0048 -0.0483 -0.9988
vn -0.2769 -0.2467 -0.9287
vn -0.4949 -0.4252 -0.7578
vn -0.6064 -0.4498 -0.6557
vn -0.6607 -0.4935 -0.5656
vn -0.7798 -0.5549 -0.2898
vn 0.8741 0.4830 -0.0521
vn 0.7814 0.4488 -0.4336
vn 0.5778 0.3226 -0.7497
vn 0.2883 0.1252 -0.9493
vn 0.0113 -0.1077 -0.9941
vn -0.2369 -0.3079 -0.9214
vn -0.4560 -0.3769 -0.8063
vn -0.5806 -0.3869 -0.7164
vn -0.6786 -0.4412 -0.5872
vn -0.7750 -0.5746 -0.2632
vn 0.8858 0.4620 -0.0443
vn 0.8199 0.4237 -0.3849
vn 0.6393 0.3071 -0.7050
vn 0.2999 0.0397 -0.9532
vn 0.0027 -0.1348 -0.9909
vn -0.1762 -0.1814 -0.9675
vn -0.3828 -0.3055 -0.8719
vn -0.5640 -0.4122 -0.7155
vn -0.6764 -0.4670 -0.5695
vn -0.7574 -0.6198 -0.2052
vn 0.8579 0.5102 -0.0602
vn 0.8222 0.4564 -0.3401
vn 0.6286 0.2863 -0.7231
vn 0.3737 0.1264 -0.9189
vn 0.0574 -0.0395 -0.9976
vn -0.2247 -0.2293 -0.9471
vn -0.3504 -0.2854 -0.8920
vn -0.5321 -0.3953 -0.7488
vn -0.6868 -0.5051 -0.5226
vn -0.7493 -0.6513 -0.1201
vn 0.8144 0.4614 -0.3519
vn 0.6164 0.3143 -0.7220
vn 0.3939 0.1766 -0.9020
vn 0.1567 0.0200 -0.9874
vn -0.1657 -0.1743 -0.9706
vn -0.3583 -0.2984 -0.8846
vn -0.5420 -0.4418 -0.7148
vn -0.7026 -0.5504 -0.4510
vn -0.7273 -0.6863 0.0085
vn 0.8440 0.5314 -0.0722
vn 0.9361 -0.2624 -0.2342
vn 0.8119 0.4452 -0.3777
vn 0.8449 -0.3307 -0.4204
vn 0.6879 0.3432 -0.6395
vn 0.6811 -0.3933 -0.6175
vn 0.4292 0.2352 -0.8721
vn 0.4464 -0.5663 -0.6928
vn 0.1400 0.0045 -0.9901
vn 0.2609 -0.7161 -0.6474
vn -0.1115 -0.1943 -0.9746
vn 0.1125 -0.7870 -0.6066
vn -0.3098 -0.3011 -0.9019
vn -0.0766 -0.8781 -0.4722
vn -0.5436 -0.4413 -0.7140
vn -0.2487 -0.9582 -0.1414
vn -0.7476 -0.5959 -0.2932
vn -0.2484 -0.9462 0.2074
vn -0.7021 -0.6866 0.1886
vn -0.6243 -0.6694 0.4027
vn -0.7272 -0.6863 0.0086
vn -0.6441 -0.6354 0.4259
vn -0.7493 -0.6513 -0.1200
vn -0.6676 -0.5779 0.4694
vn -0.7574 -0.6199 -0.2051
vn -0.6629 -0.5055 0.5523
vn -0.7750 -0.5746 -0.2631
vn -0.6382 -0.5528 0.5359
vn -0.7798 -0.5550 -0.2897
vn -0.6641 -0.5773 0.4751
vn -0.6940 -0.5888 0.4144
vn -0.7757 -0.5661 -0.2792
vn -0.7222 -0.5979 0.3477
vn -0.7793 -0.5945 -0.1982
vn -0.7133 -0.6094 0.3462
vn -0.7438 -0.6460 -0.1715
vn -0.7217 -0.6051 0.3361
vn -0.7705 -0.6178 -0.1569
vn -0.7384 -0.5981 0.3115
vn -0.8069 -0.5657 -0.1697
vn -0.6358 -0.7378 -0.2267
vn -0.6783 -0.6597 0.3237
vn 0.4872 -0.8691 0.0849
vn -0.5307 -0.6904 0.4917
vn -0.4940 -0.5535 0.6706
vn -0.4021 -0.2939 0.8671
vn -0.3409 -0.2402 0.9089
vn -0.2345 -0.1633 0.9583
vn -0.1314 -0.2427 0.9612
vn -0.1517 -0.2771 0.9488
vn -0.1880 -0.3125 0.9311
vn -0.2420 -0.3595 0.9012
vn -0.3119 -0.3975 0.8630
vn -0.3669 -0.4247 0.8276
vn -0.4194 -0.4510 0.7878
vn -0.4243 -0.4897 0.7617
vn -0.1610 -0.8101 0.5638
vn -0.4395 -0.6409 0.6294
vn -0.1992 -0.1451 0.9692
vn -0.1879 -0.0590 0.9804
vn -0.1857 -0.0655 0.9804
vn -0.1490 -0.1306 0.9802
vn 0.0308 -0.0829 0.9961
vn 0.0974 -0.1147 0.9886
vn 0.0859 -0.1454 0.9856
vn 0.0706 -0.1551 0.9854
vn 0.0596 -0.1519 0.9866
vn 0.0367 -0.1584 0.9867
vn 0.0110 -0.1929 0.9812
vn 0.0607 -0.2274 0.9719
vn 0.0475 -0.5563 0.8296
vn -0.4622 -0.4484 0.7651
vn -0.0435 0.1496 0.9878
vn -0.1171 -0.0813 0.9898
vn -0.0485 0.0664 0.9966
vn -0.1155 -0.1278 0.9850
vn 0.0145 -0.0496 0.9987
vn 0.1422 -0.0849 0.9862
vn 0.1701 -0.0757 0.9825
vn 0.2016 -0.0238 0.9792
vn 0.2510 0.0221 0.9677
vn 0.3017 0.0456 0.9523
vn 0.3469 0.0440 0.9369
vn 0.4309 0.0417 0.9014
vn -0.4342 0.0114 0.9008
vn -0.0683 0.1596 0.9848
vn 0.0643 0.1165 0.9911
vn 0.0366 0.0213 0.9991
vn -0.0060 -0.0093 0.9999
vn 0.0296 -0.0417 0.9987
vn 0.1591 -0.0340 0.9867
vn 0.2321 0.0300 0.9722
vn 0.2908 0.1094 0.9505
vn 0.3496 0.1374 0.9268
vn 0.4037 0.1453 0.9033
vn 0.4636 0.1472 0.8737
vn 0.5291 0.1490 0.8354
vn -0.0754 0.3734 0.9246
vn 0.0352 0.2201 0.9748
vn 0.2023 0.2280 0.9524
vn 0.1664 0.0476 0.9849
vn 0.1918 0.1412 0.9712
vn 0.1425 0.0262 0.9894
vn 0.2253 0.0928 0.9699
vn 0.2967 0.1593 0.9416
vn 0.3225 0.1630 0.9324
vn 0.3479 0.1544 0.9247
vn 0.3921 0.1588 0.9061
vn 0.4549 0.1695 0.8743
vn 0.5146 0.1827 0.8377
vn 0.5810 0.2029 0.7882
vn 0.3221 0.4227 0.8471
vn 0.4806 0.4398 0.7587
vn 0.4319 0.3025 0.8497
vn 0.4870 0.3021 0.8195
vn 0.4875 0.2709 0.8300
vn 0.4408 0.2479 0.8627
vn 0.4131 0.2786 0.8670
vn 0.4202 0.2637 0.8683
vn 0.4287 0.2412 0.8706
vn 0.4515 0.2548 0.8551
vn 0.4893 0.2721 0.8286
vn 0.5417 0.2740 0.7947
vn 0.5707 0.3067 0.7618
vn 0.6483 0.4351 0.6248
vn 0.7985 0.5266 0.2917
vn 0.7863 0.4808 0.3881
vn 0.7962 0.4699 0.3811
vn 0.7899 0.4215 0.4455
vn 0.7650 0.4665 0.4440
vn 0.7215 0.4867 0.4925
vn 0.7244 0.5140 0.4594
vn 0.7521 0.5323 0.3886
vn 0.7676 0.5270 0.3648
vn 0.7754 0.5044 0.3799
vn 0.7818 0.4584 0.4227
vn 0.7528 0.4819 0.4483
vn 0.4954 0.4369 0.7508
vn 0.8000 0.5239 0.2925
vn 0.8518 0.5221 -0.0437
vn 0.6194 0.6148 0.4882
vn -0.1507 -0.7384 -0.6573
vn 0.2693 -0.8585 0.4364
vn -0.3697 -0.7249 -0.5812
vn 0.4901 -0.8702 -0.0502
vn -0.8020 -0.5659 0.1914
vn 0.2301 -0.6827 0.6935
vn -0.3735 -0.8582 -0.3521
vn 0.4436 -0.6285 0.6389
vn 0.0467 -0.6858 0.7263
vn 0.2755 -0.7639 -0.5835
vn -0.2333 -0.7390 0.6320
vn 0.4809 -0.7417 -0.4675
vn -0.4451 -0.8239 0.3509
vn -0.3852 -0.8315 0.4003
vn -0.0262 -0.7140 -0.6996
vn 0.1333 -0.7765 0.6158
vn -0.0932 -0.7793 -0.6196
vn -0.4204 -0.6244 0.6583
vn 0.4298 -0.8802 -0.2016
vn 0.3556 -0.8560 -0.3752
vn 0.2475 -0.7364 0.6297
vn -0.1283 -0.8339 -0.5368
vn 0.1112 -0.6958 0.7095
vn 0.0154 -0.7818 -0.6233
vn 0.0806 -0.7872 0.6114
vn -0.0089 -0.7731 0.6342
vn -0.6024 -0.7618 -0.2381
vn 0.4902 -0.8390 0.2361
vn -0.6726 -0.7353 -0.0828
vn 0.0973 -0.8560 -0.5077
vn -0.0001 -0.7964 -0.6047
vn 0.5391 -0.7540 -0.3753
vn -0.4548 -0.8336 0.3136
vn -0.6410 -0.6203 0.4522
vn 0.3985 -0.8472 0.3513
vn -0.5295 -0.7367 -0.4207
vn -0.0883 -0.7613 -0.6424
vn -0.0290 -0.8377 0.5453
vn -0.4462 -0.8687 -0.2152
vn 0.7650 -0.6438 0.0155
vn -0.4976 -0.8656 -0.0563
vn -0.5072 -0.8529 0.1238
vn -0.0455 -0.6388 0.7681
vn 0.2149 -0.7957 -0.5664
vn 0.1466 -0.8365 0.5280
vn 0.6014 -0.7581 -0.2521
vn -0.4708 -0.8435 0.2586
vn -0.0233 -0.9504 -0.3102
vn -0.0056 -0.5265 0.8501
vn -0.2463 -0.8565 -0.4535
vn 0.0227 -0.7101 -0.7037
vn -0.2242 -0.8574 0.4633
vn 0.5152 -0.8455 0.1404
vn -0.1750 -0.7237 0.6676
vn 0.2471 -0.8139 -0.5259
vn -0.2660 -0.7828 -0.5625
vn 0.6915 -0.7145 -0.1064
vn 0.4633 -0.8393 0.2845
vn 0.3209 -0.7101 -0.6268
vn 0.7792 -0.5941 0.1998
vn 0.0226 -0.8209 0.5707
vn -0.2210 -0.7050 0.6739
vn -0.3834 -0.8068 -0.4496
vn 0.5027 -0.8029 0.3204
vn 0.5040 -0.8344 0.2230
vn -0.2292 -0.7997 -0.5549
vn 0.4318 -0.8052 0.4064
vn -0.1217 -0.8172 -0.5633
vn 0.3170 -0.7993 0.5106
vn 0.0262 -0.7333 -0.6794
vn -0.2320 -0.8593 -0.4559
vn 0.0014 -0.8448 -0.5351
vn 0.1818 -0.8798 -0.4392
vn 0.2013 -0.7852 0.5855
vn 0.0928 -0.7875 0.6093
vn -0.0075 -0.8422 0.5391
vn 0.0481 -0.7640 -0.6434
vn 0.1512 -0.7706 0.6191
vn -0.0337 -0.7697 0.6375
vn 0.1925 -0.7976 -0.5716
vn -0.0221 -0.7672 0.6410
vn -0.2716 -0.7820 0.5610
vn 0.2262 -0.7693 -0.5975
vn 0.5593 -0.8277 -0.0466
vn 0.3851 -0.7687 -0.5107
vn -0.5284 -0.8397 0.1257
vn -0.4045 -0.7996 0.4439
vn 0.5249 -0.8047 -0.2775
vn -0.4562 -0.8011 0.3875
vn -0.4837 -0.8076 0.3374
vn -0.5758 -0.8155 -0.0588
vn -0.5025 -0.8280 0.2488
vn -0.5180 -0.8026 -0.2958
vn 0.5206 -0.8441 0.1280
vn 0.1510 0.8679 0.4731
vn -0.6512 0.7584 -0.0261
vn 0.1177 0.8603 0.4960
vn -0.6257 0.6563 0.4216
vn 0.2229 0.8956 0.3849
vn 0.0001 0.7341 0.6791
vn -0.1647 0.8651 -0.4737
vn -0.0037 0.8535 -0.5210
vn 0.2175 0.6284 0.7469
vn 0.1431 0.6112 0.7785
vn -0.1644 0.8699 0.4650
vn 0.6428 0.7654 -0.0319
vn 0.6960 0.6976 0.1701
vn 0.0305 0.7338 0.6787
vn 0.3647 0.8466 -0.3877
vn -0.0269 0.7440 0.6676
vn -0.5336 0.6830 0.4988
vn 0.2100 0.9749 -0.0741
vn 0.1858 0.8505 0.4920
vn -0.7060 0.6866 0.1738
vn -0.2167 0.6223 0.7522
vn 0.1348 0.9602 -0.2445
vn -0.0135 0.9405 -0.3395
vn -0.0524 0.6037 0.7955
vn 0.0097 0.9456 -0.3253
vn -0.0377 0.7334 0.6787
vn -0.3788 0.8461 -0.3750
vn 0.3193 0.6281 0.7096
vn -0.6796 0.6424 0.3542
vn 0.0460 0.6042 0.7955
vn -0.0033 0.6054 0.7959
vn -0.5816 0.6946 0.4234
vn -0.1957 0.8541 0.4819
vn 0.6694 0.6523 0.3556
vn 0.5409 0.8111 -0.2226
vn -0.0997 0.8140 0.5723
vn 0.0804 0.8199 0.5668
vn 0.0206 0.7417 0.6704
vn -0.3165 0.6310 0.7083
vn -0.0932 0.6084 0.7881
vn 0.0458 0.9476 -0.3162
vn 0.4246 0.6533 0.6268
vn 0.0874 0.6092 0.7882
vn -0.5526 0.8025 -0.2250
vn 0.6193 0.6597 0.4258
vn 0.5698 0.6966 0.4360
vn 0.5214 0.6845 0.5095
vn -0.2286 0.8939 0.3857
vn -0.1345 0.8628 0.4874
vn 0.1585 0.8686 -0.4696
vn -0.2223 0.9734 -0.0550
vn -0.4341 0.6463 0.6276
vn -0.1470 0.6101 0.7786
vn -0.4920 0.5671 0.6605
vn -0.6278 0.5682 0.5320
vn 0.7509 0.6572 0.0645
vn 0.6187 0.5707 0.5399
vn -0.3676 0.5444 0.7540
vn 0.6973 0.6942 -0.1784
vn 0.7167 0.5564 0.4203
vn -0.2509 0.5262 0.8125
vn 0.5551 0.7331 -0.3930
vn -0.7251 0.5519 0.4118
vn -0.7501 0.5569 0.3567
vn -0.1653 0.5254 0.8347
vn 0.3464 0.7875 -0.5098
vn -0.1029 0.5206 0.8476
vn 0.1437 0.8188 -0.5558
vn -0.1502 0.8215 -0.5501
vn -0.0036 0.8520 -0.5236
vn -0.0554 0.5222 0.8510
vn -0.3566 0.7782 -0.5169
vn -0.0016 0.5213 0.8534
vn -0.5628 0.7357 -0.3768
vn 0.0521 0.5228 0.8509
vn -0.7046 0.6870 -0.1778
vn 0.1006 0.5219 0.8471
vn -0.7567 0.6500 0.0698
vn 0.1640 0.5282 0.8331
vn -0.7686 0.5845 0.2601
vn 0.2571 0.5260 0.8107
vn 0.7406 0.5648 0.3640
vn 0.3670 0.5529 0.7480
vn 0.7625 0.5929 0.2590
vn 0.4871 0.5657 0.6654
vn -0.0072 0.9138 0.4061
vn 0.0068 -0.9970 0.0774
vn 0.6914 -0.7146 -0.1064
vn 0.6013 -0.7582 -0.2521
vn 0.5390 -0.7541 -0.3753
vn 0.4808 -0.7418 -0.4675
vn 0.3209 -0.7101 -0.6267
vn 0.0228 -0.7102 -0.7037
vn -0.6409 -0.6203 0.4522
vn -0.4204 -0.6245 0.6582
vn -0.2210 -0.7051 0.6739
vn -0.1750 -0.7238 0.6675
vn -0.0455 -0.6388 0.7680
vn 0.0467 -0.6859 0.7262
vn -0.0550 -0.9512 0.3036
vn 0.8728 -0.4826 -0.0732
vn 0.8122 -0.4757 -0.3376
vn 0.0238 -0.9203 0.3906
vn 0.7800 -0.4866 -0.3934
vn 0.0405 -0.8669 0.4969
vn 0.0547 -0.5855 0.8088
vn 0.3596 -0.8061 -0.4699
vn 0.3530 -0.3040 0.8849
vn 0.8235 -0.2623 0.5030
vn 0.1555 -0.9071 -0.3911
vn 0.0670 -0.9594 -0.2740
vn 0.9817 -0.1900 -0.0100
vn -0.0051 -0.9949 -0.1006
vn -0.0269 -0.9953 0.0927
vn 0.8450 -0.3306 -0.4204
vn 0.1938 -0.8487 0.4920
vn 0.6811 -0.3933 -0.6176
vn 0.7053 -0.5507 0.4464
vn -0.0767 -0.8781 -0.4723
vn 0.3659 -0.7450 0.5578
vn 0.4464 -0.5662 -0.6929
vn 0.8005 -0.5252 0.2888
vn 0.7934 -0.4764 -0.3788
vn 0.6477 -0.6395 -0.4142
vn 0.6288 -0.2945 0.7196
vn -0.0050 -0.9654 0.2607
vn 0.9459 -0.1928 0.2611
vn 0.2609 -0.7160 -0.6475
vn 0.4913 -0.6424 0.5882
vn -0.2485 -0.9462 0.2074
vn 0.0624 -0.9199 0.3872
vn 0.5894 -0.5937 0.5479
vn -0.7401 -0.3698 -0.5617
vn -0.3341 -0.7734 0.5387
vn -0.1506 -0.8748 0.4605
vn -0.0040 -0.8750 -0.4842
vn -0.7590 -0.5381 0.3664
vn -0.6772 -0.5322 0.5081
vn -0.0096 -0.9175 0.3976
vn -0.8237 -0.4769 -0.3066
vn 0.0848 -0.9563 0.2798
vn -0.0447 -0.8658 0.4983
vn -0.6752 -0.6103 -0.4143
vn -0.7830 -0.4841 -0.3907
vn -0.5869 -0.2794 0.7599
vn -0.4084 -0.7817 -0.4713
vn -0.2970 -0.3066 0.9043
vn -0.9530 -0.2421 -0.1824
vn 0.0277 -0.9982 0.0539
vn -0.9251 -0.1913 0.3281
vn -0.0783 -0.9481 -0.3081
vn -0.7884 -0.2782 0.5486
vn -0.2070 -0.7124 -0.6705
vn -0.4909 -0.5192 -0.6996
vn -0.8635 -0.5044 0.0041
vn -0.8757 -0.3146 -0.3664
vn 0.0139 -0.9723 0.2332
vn -0.0873 -0.8370 -0.5402
vn -0.5187 -0.6519 0.5532
vn -0.7996 -0.4754 -0.3669
vn -0.0360 -0.6110 0.7908
vn -0.1701 -0.8958 -0.4107
vn -0.0076 -0.9885 -0.1509
vn -0.0329 -0.9330 0.3583
vn -0.6261 -0.5493 0.5534
vn 0.1353 -0.9900 0.0413
vn 0.0959 -0.9756 -0.1976
vn -0.8481 -0.3971 -0.3509
vn -0.2745 -0.7084 0.6502
vn -0.0653 -0.8455 0.5300
vn -0.7928 -0.4493 -0.4118
vn -0.8086 -0.4394 -0.3911
vn -0.6776 -0.4905 -0.5479
vn -0.5150 -0.5618 0.6475
vn -0.6299 -0.5247 0.5726
vn -0.1194 -0.8657 -0.4860
vn -0.3669 -0.7230 -0.5854
vn -0.6861 -0.4841 0.5430
vn 0.1040 -0.9628 0.2494
vn -0.0002 -0.9264 -0.3765
vn -0.8271 -0.3755 0.4182
vn 0.0365 -0.9209 0.3882
vn -0.9307 -0.3654 -0.0186
vn -0.1108 -0.9842 -0.1381
vn 0.9156 -0.3889 -0.1021
vn 0.8283 -0.4172 -0.3740
vn 0.1166 -0.8135 0.5698
vn -0.1327 -0.9870 0.0907
vn 0.8015 -0.4468 -0.3974
vn 0.3210 -0.6820 0.6572
vn 0.7932 -0.4457 -0.4150
vn 0.4836 -0.6038 0.6337
vn 0.6482 -0.5070 -0.5681
vn 0.5899 -0.5372 0.6029
vn 0.3213 -0.7547 -0.5720
vn 0.7349 -0.4441 0.5126
vn 0.0974 -0.8768 -0.4709
vn 0.8918 -0.3479 0.2893
vn -0.0876 -0.9554 0.2821
vn -0.0213 -0.9393 -0.3423
vn -0.0140 -0.9035 0.4284
vn -0.4942 -0.8670 0.0634
vn 0.4920 -0.8682 0.0645
vn 0.8235 -0.2624 0.5029
vn 0.6289 -0.2945 0.7195
vn 0.0406 -0.8669 0.4969
vn 0.0239 -0.9202 0.3906
vn -0.7116 -0.5923 -0.3779
vn -0.9251 -0.1914 0.3281
vn -0.7884 -0.2783 0.5486
vn -0.5869 -0.2795 0.7599
vn -0.0359 -0.6111 0.7908
vn -0.0448 -0.8658 0.4983
vn -0.0097 -0.9175 0.3976
vn 0.2913 -0.9536 0.0761
vn 0.7337 -0.6787 0.0314
vt 0.263524 0.037121
vt 0.233863 0.007916
vt 0.263515 0.007916
vt 0.233871 0.037117
vt 0.204211 0.007916
vt 0.174565 0.037108
vt 0.174560 0.007916
vt 0.144913 0.037104
vt 0.144908 0.007916
vt 0.115260 0.037100
vt 0.115256 0.007916
vt 0.085607 0.037096
vt 0.085605 0.007916
vt 0.055953 0.007916
vt 0.055954 0.037092
vt 0.026301 0.007916
vt 0.233879 0.066733
vt 0.204225 0.066725
vt 0.204218 0.037112
vt 0.174571 0.066717
vt 0.144917 0.066708
vt 0.115263 0.066700
vt 0.085609 0.066692
vt 0.055955 0.066684
vt 0.026301 0.037088
vt 0.263533 0.066741
vt 0.233887 0.096350
vt 0.204232 0.096337
vt 0.174577 0.096325
vt 0.144922 0.096313
vt 0.115267 0.096300
vt 0.085612 0.096288
vt 0.055957 0.096276
vt 0.026301 0.066676
vt 0.263543 0.096362
vt 0.233895 0.125966
vt 0.204239 0.125950
vt 0.174583 0.125933
vt 0.144927 0.125917
vt 0.115270 0.125900
vt 0.085614 0.125884
vt 0.055958 0.125867
vt 0.026301 0.096263
vt 0.263552 0.125983
vt 0.233904 0.155583
vt 0.204246 0.155562
vt 0.174589 0.155542
vt 0.144931 0.155521
vt 0.115274 0.155501
vt 0.055959 0.155459
vt 0.026301 0.155439
vt 0.026301 0.125851
vt 0.263561 0.155603
vt 0.233912 0.185199
vt 0.204253 0.185175
vt 0.174594 0.185150
vt 0.144936 0.185125
vt 0.115277 0.185101
vt 0.085619 0.185076
vt 0.085616 0.155480
vt 0.055960 0.185051
vt 0.026301 0.185027
vt 0.263570 0.185224
vt 0.233920 0.214816
vt 0.204260 0.214787
vt 0.174600 0.214758
vt 0.144941 0.214730
vt 0.115281 0.214701
vt 0.085621 0.214672
vt 0.055961 0.214643
vt 0.026301 0.214614
vt 0.263580 0.214845
vt 0.233928 0.244433
vt 0.204267 0.244400
vt 0.174606 0.244367
vt 0.144945 0.244334
vt 0.115284 0.244301
vt 0.085623 0.244268
vt 0.055962 0.244235
vt 0.026301 0.244202
vt 0.263589 0.244465
vt 0.233936 0.274049
vt 0.204274 0.274012
vt 0.174612 0.273975
vt 0.144950 0.273938
vt 0.115288 0.273901
vt 0.085626 0.273864
vt 0.055963 0.273827
vt 0.026301 0.273790
vt 0.263598 0.274086
vt 0.233944 0.303666
vt 0.204281 0.303625
vt 0.174618 0.303583
vt 0.144954 0.303542
vt 0.115291 0.303501
vt 0.085628 0.303460
vt 0.055965 0.303419
vt 0.026301 0.303378
vt 0.500728 0.303378
vt 0.471086 0.273827
vt 0.500727 0.273790
vt 0.471085 0.244235
vt 0.500727 0.244202
vt 0.471084 0.214643
vt 0.500727 0.214614
vt 0.471083 0.185051
vt 0.500727 0.185027
vt 0.500727 0.155439
vt 0.471081 0.125867
vt 0.500727 0.125851
vt 0.471079 0.096276
vt 0.500727 0.096263
vt 0.500727 0.066675
vt 0.471078 0.066684
vt 0.500727 0.037088
vt 0.471076 0.007916
vt 0.500727 0.007500
vt 0.500727 0.007916
vt 0.471088 0.303419
vt 0.441445 0.273864
vt 0.441443 0.244268
vt 0.441441 0.214672
vt 0.441438 0.185076
vt 0.441436 0.155480
vt 0.471082 0.155459
vt 0.441434 0.125884
vt 0.441431 0.096288
vt 0.441429 0.066692
vt 0.471077 0.037092
vt 0.441424 0.007916
vt 0.471076 0.007500
vt 0.441448 0.303460
vt 0.411804 0.273901
vt 0.411801 0.244301
vt 0.411797 0.214701
vt 0.411794 0.185101
vt 0.411790 0.155501
vt 0.411787 0.125900
vt 0.411783 0.096300
vt 0.411776 0.037100
vt 0.441427 0.037096
vt 0.411773 0.007500
vt 0.441424 0.007500
vt 0.411808 0.303501
vt 0.382163 0.273938
vt 0.382158 0.244334
vt 0.382154 0.214730
vt 0.382149 0.185125
vt 0.382144 0.155521
vt 0.382140 0.125917
vt 0.382135 0.096313
vt 0.411780 0.066700
vt 0.382130 0.066709
vt 0.411773 0.007916
vt 0.382121 0.007500
vt 0.382168 0.303542
vt 0.352522 0.273975
vt 0.352516 0.244367
vt 0.352510 0.214758
vt 0.352504 0.185150
vt 0.352498 0.155542
vt 0.352493 0.125933
vt 0.352487 0.096325
vt 0.352481 0.066717
vt 0.382126 0.037104
vt 0.382121 0.007916
vt 0.352469 0.007500
vt 0.352528 0.303583
vt 0.322881 0.274012
vt 0.322874 0.244400
vt 0.322867 0.214787
vt 0.322860 0.185175
vt 0.322853 0.155562
vt 0.322846 0.125950
vt 0.322839 0.096337
vt 0.322832 0.066725
vt 0.352475 0.037108
vt 0.322818 0.007916
vt 0.352470 0.007916
vt 0.322888 0.303625
vt 0.293240 0.274049
vt 0.293231 0.244433
vt 0.293223 0.214816
vt 0.293215 0.185199
vt 0.293207 0.155583
vt 0.293199 0.125966
vt 0.293191 0.096350
vt 0.293182 0.066733
vt 0.322825 0.037113
vt 0.293166 0.007916
vt 0.322818 0.007500
vt 0.263608 0.303707
vt 0.293248 0.303666
vt 0.293174 0.037117
vt 0.263515 0.007500
vt 0.293166 0.007500
vt 0.087999 0.520438
vt 0.092264 0.544590
vt 0.062913 0.533136
vt 0.110899 0.530376
vt 0.121615 0.556044
vt 0.133771 0.540327
vt 0.150967 0.567497
vt 0.179516 0.560229
vt 0.180319 0.578950
vt 0.113086 0.507740
vt 0.130291 0.516198
vt 0.147452 0.524678
vt 0.156643 0.550278
vt 0.181776 0.541637
vt 0.138172 0.495042
vt 0.150516 0.502213
vt 0.162817 0.509406
vt 0.164614 0.533157
vt 0.187418 0.523790
vt 0.163259 0.482344
vt 0.171703 0.488667
vt 0.180115 0.495006
vt 0.175118 0.516598
vt 0.188527 0.501345
vt 0.188345 0.469646
vt 0.193870 0.475924
vt 0.199395 0.482203
vt 0.204920 0.488481
vt 0.196939 0.507684
vt 0.213432 0.456948
vt 0.216763 0.464167
vt 0.220124 0.471373
vt 0.226845 0.485783
vt 0.210445 0.494759
vt 0.240083 0.453382
vt 0.241678 0.462499
vt 0.243273 0.471617
vt 0.223484 0.478578
vt 0.244868 0.480734
vt 0.238518 0.444250
vt 0.263582 0.443381
vt 0.263559 0.455210
vt 0.263537 0.467039
vt 0.263515 0.478868
vt 0.283788 0.471613
vt 0.282161 0.480734
vt 0.303571 0.478574
vt 0.300184 0.485783
vt 0.322138 0.488481
vt 0.316585 0.494759
vt 0.330090 0.507684
vt 0.338533 0.501349
vt 0.339612 0.523790
vt 0.362438 0.533163
vt 0.345254 0.541636
vt 0.370399 0.550282
vt 0.347514 0.560229
vt 0.376063 0.567497
vt 0.346711 0.578950
vt 0.285415 0.462492
vt 0.306959 0.471365
vt 0.327691 0.482202
vt 0.346976 0.495014
vt 0.351940 0.516603
vt 0.364268 0.509416
vt 0.379622 0.524689
vt 0.393284 0.540334
vt 0.287042 0.453371
vt 0.310346 0.464156
vt 0.333244 0.475924
vt 0.355418 0.488679
vt 0.376597 0.502229
vt 0.396805 0.516214
vt 0.416168 0.530386
vt 0.405414 0.556044
vt 0.288669 0.444250
vt 0.313733 0.456948
vt 0.338797 0.469646
vt 0.363861 0.482344
vt 0.388925 0.495042
vt 0.413989 0.507740
vt 0.439053 0.520438
vt 0.434766 0.544590
vt 0.263604 0.431551
vt 0.286920 0.428602
vt 0.310236 0.439875
vt 0.333551 0.451147
vt 0.356867 0.462420
vt 0.380182 0.473693
vt 0.403497 0.484965
vt 0.426813 0.496238
vt 0.450128 0.507510
vt 0.464117 0.533136
vt 0.263605 0.417346
vt 0.285779 0.412679
vt 0.307953 0.422261
vt 0.330126 0.431844
vt 0.352300 0.441426
vt 0.374474 0.451009
vt 0.396648 0.460591
vt 0.418821 0.470174
vt 0.440995 0.479756
vt 0.263605 0.403142
vt 0.285176 0.396618
vt 0.306747 0.404377
vt 0.328317 0.412136
vt 0.349888 0.419895
vt 0.371459 0.427654
vt 0.393029 0.435413
vt 0.414600 0.443172
vt 0.436171 0.450931
vt 0.263606 0.388937
vt 0.285030 0.380507
vt 0.306454 0.386395
vt 0.327878 0.392283
vt 0.349302 0.398171
vt 0.370727 0.404059
vt 0.392151 0.409947
vt 0.413575 0.415835
vt 0.434999 0.421722
vt 0.263606 0.374732
vt 0.285353 0.364409
vt 0.307100 0.368437
vt 0.328847 0.372465
vt 0.350593 0.376493
vt 0.372340 0.380521
vt 0.394087 0.384549
vt 0.415834 0.388578
vt 0.437581 0.392606
vt 0.263606 0.360527
vt 0.286170 0.348393
vt 0.308734 0.350641
vt 0.331297 0.352888
vt 0.353861 0.355135
vt 0.376425 0.357383
vt 0.398988 0.359630
vt 0.421552 0.361877
vt 0.263607 0.346322
vt 0.287617 0.332601
vt 0.311628 0.333276
vt 0.335638 0.333951
vt 0.359649 0.334627
vt 0.383659 0.335302
vt 0.407670 0.335977
vt 0.431680 0.336652
vt 0.444115 0.364125
vt 0.263607 0.317912
vt 0.263607 0.332117
vt 0.289945 0.317423
vt 0.316283 0.317078
vt 0.342621 0.316733
vt 0.368959 0.316388
vt 0.395297 0.316044
vt 0.421635 0.315699
vt 0.447973 0.315354
vt 0.455690 0.337327
vt 0.474311 0.315009
vt 0.237246 0.317423
vt 0.210885 0.317078
vt 0.184524 0.316733
vt 0.158163 0.316388
vt 0.131802 0.316043
vt 0.105441 0.315698
vt 0.079080 0.315354
vt 0.052718 0.315009
vt 0.239573 0.332601
vt 0.215540 0.333276
vt 0.191507 0.333951
vt 0.167473 0.334626
vt 0.143440 0.335301
vt 0.119406 0.335976
vt 0.095373 0.336651
vt 0.071339 0.337326
vt 0.218433 0.350640
vt 0.195847 0.352888
vt 0.173260 0.355135
vt 0.150674 0.357382
vt 0.128087 0.359629
vt 0.105501 0.361877
vt 0.082914 0.364124
vt 0.241020 0.348393
vt 0.241837 0.364408
vt 0.220067 0.368437
vt 0.176528 0.376493
vt 0.154758 0.380521
vt 0.132988 0.384549
vt 0.111219 0.388577
vt 0.089449 0.392605
vt 0.242159 0.380507
vt 0.220712 0.386395
vt 0.198297 0.372465
vt 0.199265 0.392283
vt 0.177818 0.398171
vt 0.156371 0.404058
vt 0.134924 0.409946
vt 0.113477 0.415834
vt 0.242012 0.396618
vt 0.220419 0.404377
vt 0.198826 0.412136
vt 0.177232 0.419895
vt 0.155639 0.427654
vt 0.134046 0.435413
vt 0.112453 0.443172
vt 0.092030 0.421722
vt 0.241409 0.412679
vt 0.219212 0.422261
vt 0.197016 0.431844
vt 0.174820 0.441426
vt 0.152623 0.451008
vt 0.130427 0.460591
vt 0.108231 0.470173
vt 0.090859 0.450931
vt 0.240267 0.428602
vt 0.216929 0.439875
vt 0.193591 0.451147
vt 0.170253 0.462420
vt 0.146915 0.473692
vt 0.123577 0.484965
vt 0.100240 0.496238
vt 0.086034 0.479756
vt 0.076902 0.507510
vt 0.755286 0.007916
vt 0.725571 0.037117
vt 0.725634 0.007916
vt 0.695929 0.037112
vt 0.695983 0.007916
vt 0.666331 0.007916
vt 0.666286 0.037108
vt 0.636680 0.007916
vt 0.636644 0.037104
vt 0.607028 0.007916
vt 0.607001 0.037100
vt 0.577377 0.007916
vt 0.577359 0.037096
vt 0.547725 0.007916
vt 0.547716 0.037092
vt 0.518074 0.007916
vt 0.755214 0.037121
vt 0.725507 0.066733
vt 0.695874 0.066725
vt 0.666241 0.066717
vt 0.636607 0.066708
vt 0.606974 0.066700
vt 0.577340 0.066692
vt 0.547707 0.066684
vt 0.518074 0.037088
vt 0.755140 0.066741
vt 0.725443 0.096350
vt 0.695819 0.096337
vt 0.666195 0.096325
vt 0.636571 0.096313
vt 0.606946 0.096300
vt 0.547698 0.096276
vt 0.518074 0.066676
vt 0.755067 0.096362
vt 0.725379 0.125966
vt 0.695764 0.125950
vt 0.666149 0.125933
vt 0.636534 0.125917
vt 0.577304 0.125884
vt 0.577322 0.096288
vt 0.547689 0.125867
vt 0.518074 0.096263
vt 0.754921 0.155603
vt 0.754994 0.125983
vt 0.725315 0.155583
vt 0.695709 0.155562
vt 0.666103 0.155542
vt 0.636497 0.155521
vt 0.606919 0.125900
vt 0.606891 0.155501
vt 0.547680 0.155459
vt 0.518074 0.155439
vt 0.518074 0.125851
vt 0.754848 0.185224
vt 0.725251 0.185199
vt 0.695654 0.185175
vt 0.666058 0.185150
vt 0.636461 0.185125
vt 0.606864 0.185101
vt 0.577286 0.155480
vt 0.547671 0.185051
vt 0.518074 0.185027
vt 0.754775 0.214845
vt 0.725187 0.214816
vt 0.695599 0.214787
vt 0.666012 0.214758
vt 0.636424 0.214730
vt 0.577249 0.214672
vt 0.577267 0.185076
vt 0.547661 0.214643
vt 0.518074 0.214614
vt 0.754701 0.244465
vt 0.725123 0.244433
vt 0.695545 0.244400
vt 0.636388 0.244334
vt 0.606809 0.244301
vt 0.606837 0.214701
vt 0.577231 0.244268
vt 0.547652 0.244235
vt 0.518074 0.244202
vt 0.754628 0.274086
vt 0.725059 0.274049
vt 0.665920 0.273975
vt 0.665966 0.244367
vt 0.636351 0.273938
vt 0.606782 0.273901
vt 0.547643 0.273827
vt 0.518074 0.273790
vt 0.754555 0.303707
vt 0.724995 0.303666
vt 0.695490 0.274012
vt 0.665875 0.303583
vt 0.636314 0.303542
vt 0.606754 0.303501
vt 0.577212 0.273864
vt 0.547634 0.303419
vt 0.518074 0.303378
vt 0.992500 0.303378
vt 0.962766 0.273827
vt 0.992500 0.273790
vt 0.962775 0.244235
vt 0.992500 0.244202
vt 0.962784 0.214643
vt 0.992500 0.214614
vt 0.962793 0.185051
vt 0.992500 0.185027
vt 0.992500 0.155439
vt 0.962812 0.125867
vt 0.992500 0.125851
vt 0.962821 0.096276
vt 0.992500 0.096263
vt 0.962830 0.066684
vt 0.992500 0.066675
vt 0.962839 0.037092
vt 0.992500 0.037088
vt 0.962848 0.007916
vt 0.992500 0.007500
vt 0.992500 0.007916
vt 0.962757 0.303419
vt 0.933032 0.273864
vt 0.933050 0.244268
vt 0.933069 0.214672
vt 0.933087 0.185076
vt 0.933105 0.155480
vt 0.962803 0.155459
vt 0.933124 0.125884
vt 0.933142 0.096288
vt 0.933160 0.066692
vt 0.933196 0.007916
vt 0.962848 0.007500
vt 0.903271 0.303501
vt 0.933014 0.303460
vt 0.903298 0.273901
vt 0.903353 0.214701
vt 0.903380 0.185101
vt 0.903408 0.155501
vt 0.903435 0.125900
vt 0.903463 0.096300
vt 0.903490 0.066700
vt 0.933178 0.037096
vt 0.903545 0.007500
vt 0.933197 0.007500
vt 0.873564 0.273938
vt 0.873601 0.244334
vt 0.903326 0.244301
vt 0.873637 0.214730
vt 0.873674 0.185125
vt 0.873710 0.155521
vt 0.873747 0.125917
vt 0.873784 0.096313
vt 0.873820 0.066708
vt 0.903518 0.037100
vt 0.903545 0.007916
vt 0.873893 0.007500
vt 0.873527 0.303542
vt 0.843830 0.273975
vt 0.843876 0.244367
vt 0.843922 0.214758
vt 0.843967 0.185150
vt 0.844013 0.155542
vt 0.844059 0.125933
vt 0.844104 0.096325
vt 0.844150 0.066717
vt 0.873857 0.037104
vt 0.873893 0.007916
vt 0.844242 0.007500
vt 0.843784 0.303583
vt 0.814096 0.274012
vt 0.814151 0.244400
vt 0.814206 0.214787
vt 0.814261 0.185175
vt 0.814316 0.155562
vt 0.814371 0.125950
vt 0.814425 0.096337
vt 0.814480 0.066725
vt 0.844196 0.037108
vt 0.844241 0.007916
vt 0.814590 0.007500
vt 0.814041 0.303625
vt 0.784362 0.274049
vt 0.784426 0.244433
vt 0.784490 0.214816
vt 0.784554 0.185199
vt 0.784618 0.155583
vt 0.784682 0.125966
vt 0.784746 0.096350
vt 0.784810 0.066733
vt 0.814535 0.037113
vt 0.814589 0.007916
vt 0.784938 0.007500
vt 0.784298 0.303666
vt 0.784874 0.037117
vt 0.784937 0.007916
vt 0.755287 0.007500
vt 0.579668 0.530942
vt 0.584036 0.544590
vt 0.554685 0.533136
vt 0.604874 0.541303
vt 0.613388 0.556044
vt 0.630146 0.551657
vt 0.642739 0.567498
vt 0.655419 0.562011
vt 0.672091 0.578950
vt 0.604652 0.528749
vt 0.626042 0.538552
vt 0.647554 0.548343
vt 0.669066 0.558135
vt 0.680691 0.572365
vt 0.629635 0.526555
vt 0.647407 0.536237
vt 0.665305 0.545908
vt 0.683203 0.555578
vt 0.690578 0.567926
vt 0.654618 0.524362
vt 0.668850 0.534204
vt 0.683187 0.544036
vt 0.697524 0.553869
vt 0.701102 0.565248
vt 0.679602 0.522168
vt 0.690313 0.532313
vt 0.701105 0.542451
vt 0.711897 0.552588
vt 0.711862 0.563701
vt 0.704585 0.519974
vt 0.711784 0.530523
vt 0.719039 0.541066
vt 0.726293 0.551610
vt 0.722690 0.562726
vt 0.729568 0.517781
vt 0.733260 0.528790
vt 0.736978 0.539797
vt 0.740697 0.550804
vt 0.733548 0.562153
vt 0.754552 0.515587
vt 0.754736 0.527091
vt 0.754919 0.538596
vt 0.755103 0.550100
vt 0.744415 0.561811
vt 0.766158 0.561811
vt 0.755287 0.561605
vt 0.769549 0.550804
vt 0.777026 0.562153
vt 0.783991 0.551608
vt 0.787884 0.562726
vt 0.798426 0.552586
vt 0.798712 0.563701
vt 0.812839 0.553866
vt 0.809472 0.565248
vt 0.827201 0.555575
vt 0.819996 0.567926
vt 0.841385 0.558132
vt 0.829882 0.572365
vt 0.855092 0.562009
vt 0.838483 0.578950
vt 0.772939 0.539796
vt 0.790956 0.541064
vt 0.808969 0.542447
vt 0.826966 0.544031
vt 0.844930 0.545902
vt 0.862775 0.548338
vt 0.880302 0.551654
vt 0.867834 0.567497
vt 0.776329 0.528788
vt 0.797921 0.530519
vt 0.819511 0.532308
vt 0.841093 0.534197
vt 0.862659 0.536229
vt 0.884165 0.538543
vt 0.905512 0.541298
vt 0.897186 0.556044
vt 0.779719 0.517781
vt 0.804886 0.519974
vt 0.830053 0.522168
vt 0.855220 0.524362
vt 0.880387 0.526555
vt 0.905554 0.528749
vt 0.930722 0.530942
vt 0.926537 0.544590
vt 0.777971 0.493953
vt 0.801389 0.495890
vt 0.824808 0.497827
vt 0.848226 0.499763
vt 0.871645 0.501700
vt 0.895063 0.503637
vt 0.918482 0.505573
vt 0.941900 0.507510
vt 0.955889 0.533136
vt 0.754552 0.492045
vt 0.776829 0.469844
vt 0.799106 0.471260
vt 0.821383 0.472676
vt 0.843660 0.474092
vt 0.865937 0.475508
vt 0.888214 0.476924
vt 0.910490 0.478340
vt 0.932767 0.479756
vt 0.754553 0.468503
vt 0.776227 0.445594
vt 0.797900 0.446357
vt 0.819574 0.447119
vt 0.841248 0.447881
vt 0.862921 0.448644
vt 0.884595 0.449406
vt 0.906268 0.450168
vt 0.927942 0.450931
vt 0.754553 0.444960
vt 0.776081 0.421293
vt 0.797608 0.421355
vt 0.819135 0.421416
vt 0.840662 0.421477
vt 0.862189 0.421538
vt 0.883717 0.421600
vt 0.905244 0.421661
vt 0.926771 0.421722
vt 0.754554 0.397876
vt 0.754553 0.421418
vt 0.776404 0.397005
vt 0.798254 0.396376
vt 0.820104 0.395748
vt 0.841953 0.395119
vt 0.863803 0.394491
vt 0.885653 0.393862
vt 0.907503 0.393234
vt 0.754554 0.374334
vt 0.777221 0.372802
vt 0.799887 0.371562
vt 0.822554 0.370323
vt 0.845221 0.369083
vt 0.867887 0.367843
vt 0.890554 0.366604
vt 0.913220 0.365364
vt 0.929353 0.392605
vt 0.754554 0.350791
vt 0.778668 0.348832
vt 0.802782 0.347188
vt 0.826895 0.345545
vt 0.851009 0.343901
vt 0.875122 0.342257
vt 0.899236 0.340614
vt 0.923349 0.338970
vt 0.935887 0.364124
vt 0.754555 0.327249
vt 0.780996 0.325510
vt 0.807437 0.324010
vt 0.833878 0.322510
vt 0.860319 0.321009
vt 0.886760 0.319509
vt 0.913201 0.318009
vt 0.939642 0.316509
vt 0.947463 0.337327
vt 0.966083 0.315009
vt 0.728297 0.325510
vt 0.702039 0.324010
vt 0.695435 0.303625
vt 0.675781 0.322509
vt 0.649523 0.321009
vt 0.623265 0.319509
vt 0.597007 0.318009
vt 0.577194 0.303460
vt 0.570749 0.316509
vt 0.544491 0.315009
vt 0.730624 0.348832
vt 0.706693 0.347188
vt 0.682763 0.345544
vt 0.658833 0.343901
vt 0.634902 0.342257
vt 0.610972 0.340614
vt 0.587041 0.338970
vt 0.563111 0.337327
vt 0.732071 0.372802
vt 0.709587 0.371562
vt 0.687104 0.370323
vt 0.664620 0.369083
vt 0.642137 0.367843
vt 0.619653 0.366603
vt 0.597170 0.365364
vt 0.574686 0.364124
vt 0.732887 0.397005
vt 0.711220 0.396376
vt 0.689554 0.395748
vt 0.667887 0.395119
vt 0.646221 0.394491
vt 0.624554 0.393862
vt 0.602887 0.393234
vt 0.581221 0.392605
vt 0.733209 0.421293
vt 0.711866 0.421355
vt 0.690522 0.421416
vt 0.669178 0.421477
vt 0.647834 0.421538
vt 0.626490 0.421600
vt 0.605146 0.421661
vt 0.583802 0.421722
vt 0.733063 0.445594
vt 0.711572 0.446357
vt 0.690082 0.447119
vt 0.668592 0.447881
vt 0.647102 0.448644
vt 0.625612 0.449406
vt 0.604122 0.450168
vt 0.732459 0.469844
vt 0.710366 0.471260
vt 0.688273 0.472676
vt 0.666179 0.474092
vt 0.644086 0.475508
vt 0.621993 0.476924
vt 0.599900 0.478340
vt 0.582631 0.450931
vt 0.731317 0.493953
vt 0.708082 0.495890
vt 0.684848 0.497827
vt 0.661613 0.499763
vt 0.638378 0.501700
vt 0.615143 0.503637
vt 0.591908 0.505573
vt 0.577806 0.479756
vt 0.568673 0.507510
vt 0.010278 0.757030
vt 0.039318 0.780875
vt 0.007500 0.780857
vt 0.016232 0.733805
vt 0.041882 0.757963
vt 0.026712 0.712267
vt 0.047378 0.735607
vt 0.042011 0.693873
vt 0.057052 0.714809
vt 0.061257 0.679609
vt 0.071174 0.696913
vt 0.082508 0.668470
vt 0.088939 0.682828
vt 0.103805 0.657428
vt 0.108556 0.671629
vt 0.120665 0.640795
vt 0.128215 0.660518
vt 0.147738 0.621875
vt 0.143778 0.644248
vt 0.071135 0.780893
vt 0.073486 0.758896
vt 0.078524 0.737410
vt 0.087392 0.717351
vt 0.100337 0.699952
vt 0.116622 0.686047
vt 0.134604 0.674787
vt 0.152624 0.663609
vt 0.170521 0.626199
vt 0.166890 0.647701
vt 0.102953 0.780911
vt 0.105090 0.759830
vt 0.109670 0.739212
vt 0.117732 0.719893
vt 0.129500 0.702992
vt 0.144304 0.689267
vt 0.160652 0.677946
vt 0.177034 0.666700
vt 0.193304 0.630522
vt 0.190003 0.651154
vt 0.134771 0.780928
vt 0.136694 0.760763
vt 0.140816 0.741015
vt 0.148071 0.722435
vt 0.158663 0.706031
vt 0.171987 0.692487
vt 0.186699 0.681106
vt 0.201443 0.669792
vt 0.216086 0.634847
vt 0.213116 0.654608
vt 0.166589 0.780946
vt 0.168298 0.761696
vt 0.171962 0.742818
vt 0.178411 0.724977
vt 0.187826 0.709071
vt 0.199669 0.695706
vt 0.212747 0.684265
vt 0.225853 0.672883
vt 0.238869 0.639170
vt 0.236228 0.658061
vt 0.198406 0.780964
vt 0.199902 0.762630
vt 0.203108 0.744620
vt 0.208751 0.727519
vt 0.216989 0.712110
vt 0.227352 0.698925
vt 0.238795 0.687424
vt 0.250263 0.675974
vt 0.261652 0.643494
vt 0.259341 0.661514
vt 0.230224 0.780982
vt 0.231506 0.763563
vt 0.234254 0.746423
vt 0.239091 0.730061
vt 0.246152 0.715150
vt 0.255035 0.702145
vt 0.264843 0.690582
vt 0.274672 0.679065
vt 0.284434 0.647818
vt 0.282454 0.664967
vt 0.262042 0.780999
vt 0.263110 0.764496
vt 0.265400 0.748225
vt 0.269431 0.732602
vt 0.275315 0.718189
vt 0.282717 0.705364
vt 0.290891 0.693741
vt 0.299082 0.682156
vt 0.307217 0.652141
vt 0.305567 0.668420
vt 0.293859 0.781017
vt 0.294714 0.765430
vt 0.296546 0.750028
vt 0.299771 0.735145
vt 0.304478 0.721229
vt 0.310400 0.708584
vt 0.316939 0.696901
vt 0.323492 0.685247
vt 0.329999 0.656466
vt 0.328679 0.671874
vt 0.325677 0.781035
vt 0.326318 0.766363
vt 0.327692 0.751830
vt 0.330110 0.737687
vt 0.333641 0.724269
vt 0.338082 0.711803
vt 0.342986 0.700060
vt 0.347901 0.688338
vt 0.352782 0.660789
vt 0.351792 0.675327
vt 0.357495 0.781053
vt 0.357922 0.767296
vt 0.358838 0.753633
vt 0.360450 0.740228
vt 0.362804 0.727308
vt 0.365765 0.715023
vt 0.369034 0.703219
vt 0.372311 0.691429
vt 0.375565 0.665113
vt 0.374905 0.678780
vt 0.389526 0.768229
vt 0.389312 0.781071
vt 0.389984 0.755435
vt 0.390790 0.742770
vt 0.391967 0.730347
vt 0.393447 0.718242
vt 0.395082 0.706377
vt 0.396720 0.694520
vt 0.398347 0.669437
vt 0.398017 0.682233
vt 0.419150 0.781087
vt 0.421130 0.769163
vt 0.421130 0.781088
vt 0.419164 0.769105
vt 0.421130 0.757238
vt 0.419192 0.757125
vt 0.421130 0.745312
vt 0.419242 0.745154
vt 0.421130 0.733387
vt 0.419306 0.733201
vt 0.421130 0.721462
vt 0.419415 0.721261
vt 0.421130 0.709536
vt 0.419510 0.709339
vt 0.421130 0.697611
vt 0.419613 0.697411
vt 0.421130 0.685686
vt 0.419691 0.685463
vt 0.421130 0.673760
vt 0.419703 0.888668
vt 0.397975 0.880063
vt 0.419689 0.876718
vt 0.398298 0.892739
vt 0.374820 0.883505
vt 0.375466 0.897062
vt 0.351665 0.886947
vt 0.352634 0.901387
vt 0.328509 0.890389
vt 0.329802 0.905711
vt 0.305354 0.893830
vt 0.306970 0.910034
vt 0.282199 0.897272
vt 0.284137 0.914358
vt 0.259044 0.900713
vt 0.238473 0.923005
vt 0.261305 0.918681
vt 0.215641 0.927330
vt 0.235889 0.904155
vt 0.192809 0.931653
vt 0.212734 0.907597
vt 0.169977 0.935977
vt 0.189578 0.911039
vt 0.147145 0.940300
vt 0.166423 0.914481
vt 0.124313 0.944624
vt 0.143268 0.917922
vt 0.396683 0.867871
vt 0.419642 0.864813
vt 0.372236 0.870937
vt 0.347789 0.874003
vt 0.323342 0.877069
vt 0.298895 0.880135
vt 0.274448 0.883201
vt 0.250001 0.886268
vt 0.225554 0.889334
vt 0.201107 0.892400
vt 0.176660 0.895467
vt 0.152213 0.898533
vt 0.120113 0.921364
vt 0.127766 0.901599
vt 0.395048 0.855966
vt 0.419428 0.852601
vt 0.368966 0.859097
vt 0.342884 0.862228
vt 0.316802 0.865359
vt 0.290720 0.868490
vt 0.264638 0.871621
vt 0.238556 0.874752
vt 0.212474 0.877883
vt 0.186393 0.881015
vt 0.160311 0.884146
vt 0.134229 0.887277
vt 0.103318 0.904665
vt 0.108147 0.890408
vt 0.393417 0.844051
vt 0.419424 0.841055
vt 0.365703 0.847240
vt 0.337990 0.850429
vt 0.310277 0.853618
vt 0.282564 0.856807
vt 0.254850 0.859995
vt 0.227137 0.863184
vt 0.199424 0.866373
vt 0.171710 0.869562
vt 0.143997 0.872751
vt 0.116284 0.875939
vt 0.082065 0.893539
vt 0.088571 0.879128
vt 0.391941 0.831915
vt 0.419314 0.828984
vt 0.362751 0.834920
vt 0.333562 0.837925
vt 0.304373 0.840930
vt 0.275183 0.843935
vt 0.245994 0.846940
vt 0.216804 0.849945
vt 0.187615 0.852950
vt 0.158426 0.855956
vt 0.129236 0.858961
vt 0.100047 0.861966
vt 0.060857 0.882317
vt 0.070858 0.864971
vt 0.390769 0.819476
vt 0.419241 0.817026
vt 0.360409 0.821980
vt 0.330048 0.824484
vt 0.299688 0.826988
vt 0.269327 0.829491
vt 0.238966 0.831995
vt 0.208606 0.834499
vt 0.178245 0.837003
vt 0.147884 0.839507
vt 0.117524 0.842011
vt 0.087163 0.844515
vt 0.041668 0.867976
vt 0.056803 0.847018
vt 0.389970 0.806784
vt 0.419205 0.805120
vt 0.358810 0.808547
vt 0.327649 0.810311
vt 0.296489 0.812074
vt 0.265329 0.813837
vt 0.234169 0.815600
vt 0.203008 0.817364
vt 0.171848 0.819127
vt 0.140688 0.820890
vt 0.109528 0.822654
vt 0.078367 0.824417
vt 0.026442 0.849522
vt 0.047207 0.826180
vt 0.389519 0.793953
vt 0.419163 0.793072
vt 0.357908 0.794848
vt 0.326296 0.795743
vt 0.294685 0.796638
vt 0.263074 0.797534
vt 0.231463 0.798429
vt 0.199852 0.799324
vt 0.168240 0.800219
vt 0.136629 0.801115
vt 0.105018 0.802010
vt 0.073407 0.802905
vt 0.016047 0.827943
vt 0.041796 0.803800
vt 0.010184 0.804695
vt 0.816993 0.780875
vt 0.846033 0.757030
vt 0.848811 0.780857
vt 0.814429 0.757963
vt 0.840080 0.733805
vt 0.808934 0.735607
vt 0.829599 0.712267
vt 0.799259 0.714809
vt 0.814300 0.693874
vt 0.785137 0.696913
vt 0.795055 0.679609
vt 0.767372 0.682828
vt 0.773804 0.668470
vt 0.747756 0.671629
vt 0.752506 0.657428
vt 0.728097 0.660519
vt 0.735646 0.640795
vt 0.708573 0.621875
vt 0.731355 0.617552
vt 0.785176 0.780893
vt 0.782825 0.758896
vt 0.777788 0.737410
vt 0.768919 0.717351
vt 0.755974 0.699952
vt 0.739689 0.686048
vt 0.721708 0.674788
vt 0.703687 0.663610
vt 0.712534 0.644248
vt 0.685790 0.626199
vt 0.753358 0.780911
vt 0.751221 0.759830
vt 0.746642 0.739212
vt 0.738580 0.719893
vt 0.726811 0.702992
vt 0.712007 0.689267
vt 0.695660 0.677946
vt 0.679278 0.666701
vt 0.689421 0.647701
vt 0.663007 0.630522
vt 0.721541 0.780928
vt 0.719617 0.760763
vt 0.715496 0.741015
vt 0.708240 0.722435
vt 0.697649 0.706032
vt 0.684325 0.692487
vt 0.669612 0.681106
vt 0.654868 0.669792
vt 0.666308 0.651154
vt 0.640225 0.634847
vt 0.689723 0.780946
vt 0.688013 0.761696
vt 0.684350 0.742818
vt 0.677900 0.724977
vt 0.668486 0.709071
vt 0.656642 0.695706
vt 0.643565 0.684265
vt 0.630459 0.672883
vt 0.643196 0.654608
vt 0.617443 0.639171
vt 0.657905 0.780964
vt 0.656410 0.762630
vt 0.653204 0.744620
vt 0.647560 0.727519
vt 0.639323 0.712110
vt 0.628960 0.698926
vt 0.617517 0.687424
vt 0.606049 0.675974
vt 0.620083 0.658061
vt 0.594660 0.643494
vt 0.626088 0.780982
vt 0.624806 0.763563
vt 0.622058 0.746423
vt 0.617221 0.730061
vt 0.610160 0.715150
vt 0.601277 0.702145
vt 0.591469 0.690583
vt 0.581639 0.679065
vt 0.596971 0.661514
vt 0.571877 0.647818
vt 0.594270 0.780999
vt 0.593202 0.764496
vt 0.590912 0.748225
vt 0.586881 0.732602
vt 0.580997 0.718189
vt 0.573595 0.705364
vt 0.565421 0.693741
vt 0.557230 0.682156
vt 0.573858 0.664967
vt 0.549095 0.652141
vt 0.562452 0.781017
vt 0.561598 0.765430
vt 0.559766 0.750028
vt 0.556541 0.735145
vt 0.551834 0.721229
vt 0.545912 0.708584
vt 0.539373 0.696901
vt 0.532820 0.685247
vt 0.550745 0.668420
vt 0.526312 0.656466
vt 0.530635 0.781035
vt 0.529994 0.766363
vt 0.528620 0.751830
vt 0.526201 0.737687
vt 0.522671 0.724269
vt 0.518230 0.711803
vt 0.513326 0.700060
vt 0.508411 0.688338
vt 0.527633 0.671873
vt 0.503530 0.660790
vt 0.498817 0.781053
vt 0.498390 0.767296
vt 0.497474 0.753633
vt 0.495862 0.740229
vt 0.493508 0.727308
vt 0.490547 0.715023
vt 0.487278 0.703219
vt 0.484001 0.691429
vt 0.504520 0.675327
vt 0.480747 0.665113
vt 0.466786 0.768229
vt 0.466328 0.755435
vt 0.465522 0.742770
vt 0.464345 0.730347
vt 0.462865 0.718242
vt 0.461230 0.706377
vt 0.459592 0.694520
vt 0.481407 0.678779
vt 0.457965 0.669437
vt 0.436788 0.781087
vt 0.435182 0.769163
vt 0.436777 0.769116
vt 0.435182 0.757238
vt 0.436754 0.757147
vt 0.435182 0.745312
vt 0.436714 0.745184
vt 0.435182 0.733387
vt 0.436654 0.733233
vt 0.435182 0.721462
vt 0.436573 0.721290
vt 0.435182 0.709536
vt 0.436499 0.709374
vt 0.435182 0.697611
vt 0.436414 0.697454
vt 0.435182 0.685686
vt 0.436350 0.685509
vt 0.435182 0.673760
vt 0.436331 0.673568
vt 0.436343 0.888623
vt 0.458337 0.880063
vt 0.458014 0.892739
vt 0.481492 0.883505
vt 0.480846 0.897062
vt 0.504647 0.886947
vt 0.503678 0.901387
vt 0.527802 0.890389
vt 0.526510 0.905711
vt 0.550958 0.893830
vt 0.549342 0.910034
vt 0.574113 0.897272
vt 0.572174 0.914358
vt 0.597268 0.900713
vt 0.595006 0.918681
vt 0.620423 0.904155
vt 0.617838 0.923005
vt 0.643578 0.907597
vt 0.640670 0.927329
vt 0.666733 0.911039
vt 0.663502 0.931653
vt 0.689888 0.914481
vt 0.686334 0.935977
vt 0.709166 0.940300
vt 0.713043 0.917922
vt 0.731998 0.944624
vt 0.436350 0.876675
vt 0.459629 0.867871
vt 0.484076 0.870937
vt 0.508523 0.874003
vt 0.532970 0.877069
vt 0.557417 0.880135
vt 0.581864 0.883201
vt 0.606311 0.886268
vt 0.630758 0.889334
vt 0.655205 0.892400
vt 0.679652 0.895466
vt 0.704099 0.898532
vt 0.728546 0.901598
vt 0.736198 0.921364
vt 0.436392 0.864735
vt 0.461264 0.855966
vt 0.487346 0.859097
vt 0.513428 0.862228
vt 0.539510 0.865359
vt 0.565591 0.868490
vt 0.591673 0.871621
vt 0.617755 0.874752
vt 0.643837 0.877883
vt 0.669919 0.881015
vt 0.696001 0.884146
vt 0.722083 0.887277
vt 0.748165 0.890408
vt 0.752993 0.904664
vt 0.436540 0.852624
vt 0.462895 0.844051
vt 0.490609 0.847240
vt 0.518322 0.850429
vt 0.546035 0.853618
vt 0.573748 0.856807
vt 0.601461 0.859995
vt 0.629175 0.863184
vt 0.656888 0.866373
vt 0.684601 0.869562
vt 0.712314 0.872751
vt 0.740028 0.875940
vt 0.767741 0.879128
vt 0.774246 0.893539
vt 0.436587 0.841016
vt 0.464371 0.831915
vt 0.493561 0.834920
vt 0.522750 0.837925
vt 0.551939 0.840930
vt 0.581129 0.843935
vt 0.610318 0.846940
vt 0.639507 0.849946
vt 0.668697 0.852951
vt 0.697886 0.855956
vt 0.727075 0.858961
vt 0.756265 0.861966
vt 0.785454 0.864971
vt 0.795454 0.882317
vt 0.436655 0.828947
vt 0.465543 0.819476
vt 0.495903 0.821980
vt 0.526264 0.824484
vt 0.556624 0.826988
vt 0.586985 0.829491
vt 0.617346 0.831995
vt 0.647706 0.834499
vt 0.678067 0.837003
vt 0.708427 0.839507
vt 0.738788 0.842011
vt 0.769149 0.844515
vt 0.799509 0.847018
vt 0.814643 0.867976
vt 0.436715 0.816996
vt 0.466342 0.806784
vt 0.497503 0.808547
vt 0.528663 0.810311
vt 0.559823 0.812074
vt 0.590983 0.813837
vt 0.622144 0.815601
vt 0.653304 0.817364
vt 0.684464 0.819127
vt 0.715624 0.820891
vt 0.746784 0.822654
vt 0.777945 0.824417
vt 0.809105 0.826180
vt 0.829870 0.849522
vt 0.436755 0.805032
vt 0.466793 0.793953
vt 0.498404 0.794848
vt 0.530015 0.795743
vt 0.561627 0.796639
vt 0.593238 0.797534
vt 0.624849 0.798429
vt 0.656460 0.799324
vt 0.688071 0.800219
vt 0.719682 0.801115
vt 0.751293 0.802010
vt 0.782905 0.802905
vt 0.814516 0.803800
vt 0.840265 0.827944
vt 0.436778 0.793061
vt 0.467000 0.781071
vt 0.846127 0.804695
vt 0.966353 0.861555
vt 0.972374 0.855469
vt 0.973438 0.856493
vt 0.989360 0.826283
vt 0.987279 0.817383
vt 0.988976 0.817081
vt 0.910685 0.794041
vt 0.904451 0.800018
vt 0.903010 0.799242
vt 0.949666 0.786377
vt 0.942180 0.786915
vt 0.942022 0.785773
vt 0.909245 0.856244
vt 0.904581 0.849046
vt 0.910317 0.855193
vt 0.949494 0.865596
vt 0.957658 0.863989
vt 0.958332 0.865287
vt 0.981174 0.800340
vt 0.984681 0.808719
vt 0.979717 0.801100
vt 0.926313 0.787290
vt 0.919399 0.791470
vt 0.918651 0.790434
vt 0.941248 0.864117
vt 0.933529 0.864114
vt 0.941255 0.863002
vt 0.983989 0.842973
vt 0.985792 0.834677
vt 0.987326 0.834966
vt 0.957696 0.787773
vt 0.949386 0.787540
vt 0.903311 0.849888
vt 0.900258 0.841779
vt 0.986288 0.808153
vt 0.978152 0.849443
vt 0.979404 0.850270
vt 0.933080 0.865313
vt 0.924910 0.864160
vt 0.899185 0.807558
vt 0.897584 0.806962
vt 0.893814 0.825229
vt 0.896229 0.816234
vt 0.895483 0.825258
vt 0.958318 0.786538
vt 0.965314 0.791613
vt 0.965501 0.860352
vt 0.898822 0.842354
vt 0.897163 0.833849
vt 0.934500 0.782987
vt 0.934157 0.781432
vt 0.911817 0.794939
vt 0.924172 0.865456
vt 0.916987 0.860446
vt 0.987715 0.826290
vt 0.966161 0.790519
vt 0.972677 0.795723
vt 0.926657 0.788489
vt 0.895596 0.834121
vt 0.982586 0.842390
vt 0.916101 0.861673
vt 0.894524 0.815903
vt 0.949077 0.864368
vt 0.973840 0.794814
vt 0.913426 0.806494
vt 0.973034 0.837230
vt 0.975436 0.831147
vt 0.918789 0.803102
vt 0.969723 0.842800
vt 0.924887 0.800434
vt 0.965214 0.847383
vt 0.935992 0.794071
vt 0.931101 0.797606
vt 0.947447 0.797522
vt 0.940740 0.796607
vt 0.959956 0.851026
vt 0.934532 0.853287
vt 0.941312 0.852263
vt 0.953788 0.797698
vt 0.954181 0.853465
vt 0.928351 0.853575
vt 0.959651 0.800415
vt 0.947992 0.853480
vt 0.922620 0.851150
vt 0.965422 0.803493
vt 0.976274 0.818311
vt 0.970572 0.807142
vt 0.906611 0.824025
vt 0.917527 0.847263
vt 0.974234 0.812275
vt 0.913269 0.842391
vt 0.910045 0.836689
vt 0.907307 0.817550
vt 0.907741 0.830504
vt 0.909578 0.811537
vt 0.976761 0.824747
vt 0.933621 0.873943
vt 0.920570 0.880635
vt 0.919043 0.877909
vt 0.974040 0.879609
vt 0.961084 0.877197
vt 0.961518 0.874530
vt 0.887207 0.928682
vt 0.892750 0.914227
vt 0.890233 0.928886
vt 0.990164 0.957557
vt 0.986029 0.963154
vt 0.988538 0.956351
vt 0.925984 0.989172
vt 0.914032 0.980814
vt 0.927228 0.986453
vt 0.887664 0.944350
vt 0.894588 0.958200
vt 0.891678 0.959589
vt 0.984925 0.891903
vt 0.978808 0.887326
vt 0.980271 0.885110
vt 0.947852 0.872880
vt 0.934493 0.876786
vt 0.992992 0.913404
vt 0.989596 0.907433
vt 0.991280 0.906101
vt 0.994182 0.935611
vt 0.992548 0.928451
vt 0.994360 0.928193
vt 0.889803 0.913183
vt 0.898314 0.900393
vt 0.987563 0.964706
vt 0.982347 0.969624
vt 0.948115 0.875677
vt 0.991627 0.942510
vt 0.992374 0.935501
vt 0.972880 0.882036
vt 0.939893 0.992007
vt 0.940538 0.989253
vt 0.902574 0.971103
vt 0.900031 0.973197
vt 0.905704 0.886362
vt 0.895611 0.898622
vt 0.987013 0.900596
vt 0.988642 0.898956
vt 0.992244 0.921412
vt 0.994035 0.920778
vt 0.983757 0.971486
vt 0.977860 0.975942
vt 0.993398 0.942985
vt 0.990412 0.949473
vt 0.907955 0.888770
vt 0.966513 0.988725
vt 0.953429 0.989298
vt 0.965720 0.986145
vt 0.979137 0.978092
vt 0.972356 0.981749
vt 0.953477 0.992007
vt 0.912162 0.983330
vt 0.890728 0.943717
vt 0.973482 0.984163
vt 0.983370 0.893836
vt 0.991256 0.914400
vt 0.992125 0.950320
vt 0.972660 0.900369
vt 0.968884 0.895495
vt 0.926414 0.974120
vt 0.963430 0.972346
vt 0.975679 0.905552
vt 0.916996 0.968887
vt 0.957890 0.975736
vt 0.977851 0.910989
vt 0.909279 0.960969
vt 0.963862 0.891347
vt 0.953516 0.887552
vt 0.979108 0.916786
vt 0.904370 0.951220
vt 0.979843 0.922733
vt 0.902248 0.940649
vt 0.903709 0.918859
vt 0.902434 0.929731
vt 0.980040 0.928766
vt 0.907033 0.908685
vt 0.979844 0.934815
vt 0.913156 0.899746
vt 0.979195 0.940830
vt 0.921808 0.892863
vt 0.978156 0.946780
vt 0.931966 0.888877
vt 0.976585 0.952561
vt 0.942497 0.886970
vt 0.974509 0.958118
vt 0.947249 0.978032
vt 0.971514 0.963212
vt 0.936490 0.977289
vt 0.967882 0.968034
vt 0.948790 0.932737
vt 0.941792 0.824863
vt 0.518074 0.007500
vt 0.547725 0.007500
vt 0.577377 0.007500
vt 0.607029 0.007500
vt 0.636680 0.007500
vt 0.666332 0.007500
vt 0.695984 0.007500
vt 0.725635 0.007500
vt 0.026301 0.007500
vt 0.055953 0.007500
vt 0.085605 0.007500
vt 0.115256 0.007500
vt 0.144908 0.007500
vt 0.174560 0.007500
vt 0.204211 0.007500
vt 0.233863 0.007500
vt 0.905211 0.712430
vt 0.912549 0.699537
vt 0.908450 0.713866
vt 0.905060 0.727715
vt 0.911725 0.740461
vt 0.908922 0.742607
vt 0.916324 0.757289
vt 0.931816 0.761167
vt 0.930416 0.765446
vt 0.962308 0.764483
vt 0.946644 0.763358
vt 0.960903 0.760613
vt 0.984620 0.743711
vt 0.972996 0.753008
vt 0.981361 0.741766
vt 0.988487 0.714857
vt 0.981036 0.702968
vt 0.984221 0.701226
vt 0.948519 0.678141
vt 0.934851 0.682071
vt 0.933462 0.678141
vt 0.972866 0.692299
vt 0.975413 0.689558
vt 0.921772 0.687752
vt 0.919151 0.684054
vt 0.908362 0.727363
vt 0.918618 0.753682
vt 0.946610 0.767514
vt 0.988746 0.729373
vt 0.985208 0.728727
vt 0.975542 0.756077
vt 0.962607 0.682255
vt 0.961278 0.685562
vt 0.909364 0.696664
vt 0.985061 0.715485
vt 0.948539 0.681923
vt 0.907801 0.603500
vt 0.918809 0.594663
vt 0.910897 0.605291
vt 0.956486 0.583803
vt 0.967845 0.590756
vt 0.955300 0.587006
vt 0.985911 0.627786
vt 0.982527 0.614571
vt 0.985743 0.613080
vt 0.982200 0.641881
vt 0.973078 0.652440
vt 0.979414 0.640101
vt 0.947090 0.667239
vt 0.961309 0.660754
vt 0.962897 0.664701
vt 0.904014 0.631579
vt 0.911754 0.643680
vt 0.908618 0.645606
vt 0.918174 0.657374
vt 0.932829 0.661195
vt 0.931654 0.664880
vt 0.928535 0.584816
vt 0.916246 0.591924
vt 0.970225 0.587713
vt 0.977870 0.600818
vt 0.904014 0.617239
vt 0.907451 0.630904
vt 0.942589 0.583090
vt 0.930084 0.587980
vt 0.981110 0.598013
vt 0.982663 0.627645
vt 0.975403 0.655561
vt 0.946832 0.663324
vt 0.920561 0.654394
vt 0.907368 0.617855
vt 0.942823 0.586332
vt 0.934251 0.631969
vt 0.937690 0.635645
vt 0.958999 0.620232
vt 0.935991 0.612887
vt 0.933128 0.617116
vt 0.957528 0.630085
vt 0.958612 0.625115
vt 0.955592 0.634594
vt 0.940488 0.610606
vt 0.945595 0.610254
vt 0.947193 0.638238
vt 0.951732 0.637076
vt 0.950668 0.610769
vt 0.932328 0.627259
vt 0.942233 0.637803
vt 0.955167 0.612399
vt 0.932004 0.622118
vt 0.957964 0.615796
vt 0.954602 0.734450
vt 0.933637 0.714190
vt 0.932812 0.718891
vt 0.958534 0.715173
vt 0.957962 0.730473
vt 0.933212 0.724020
vt 0.955129 0.711170
vt 0.934234 0.729168
vt 0.950439 0.708800
vt 0.936140 0.733736
vt 0.945336 0.707631
vt 0.940053 0.736470
vt 0.940280 0.707979
vt 0.944891 0.737576
vt 0.936002 0.710240
vt 0.959733 0.725528
vt 0.950049 0.736924
vt 0.959934 0.720240
vt 0.945978 0.623874
vt 0.945714 0.722340
vt 0.435182 0.793013
vt 0.435182 0.804939
vt 0.435182 0.816864
vt 0.435182 0.828789
vt 0.435182 0.840714
vt 0.435182 0.852640
vt 0.435182 0.864565
vt 0.435182 0.876490
vt 0.435182 0.888415
vt 0.458295 0.682233
vt 0.421130 0.793013
vt 0.421130 0.804939
vt 0.421130 0.816864
vt 0.421130 0.828789
vt 0.421130 0.840714
vt 0.421130 0.852640
vt 0.421130 0.864565
vt 0.421130 0.876490
vt 0.421130 0.888415
vt 0.419710 0.673526
vt 0.124956 0.617552
vt 0.435182 0.781088
s 1
usemtl jbib_diff_014_a_uni
f 1/1/1 2/2/2 3/3/3
f 4/4/4 5/5/5 2/2/2
f 5/5/5 6/6/6 7/7/7
f 7/7/7 8/8/8 9/9/9
f 9/9/9 10/10/10 11/11/11
f 11/11/11 12/12/12 13/13/13
f 12/12/12 14/14/14 13/13/13
f 15/15/15 16/16/16 14/14/14
f 1/1/1 17/17/17 4/4/4
f 4/4/4 18/18/18 19/19/19
f 19/19/19 20/20/20 6/6/6
f 6/6/6 21/21/21 8/8/8
f 8/8/8 22/22/22 10/10/10
f 10/10/10 23/23/23 12/12/12
f 23/23/23 15/15/15 12/12/12
f 24/24/24 25/25/25 15/15/15
f 26/26/26 27/27/27 17/17/17
f 17/17/17 28/28/28 18/18/18
f 18/18/18 29/29/29 20/20/20
f 29/29/29 21/21/21 20/20/20
f 30/30/30 22/22/22 21/21/21
f 31/31/31 23/23/23 22/22/22
f 32/32/32 24/24/24 23/23/23
f 33/33/33 34/34/34 24/24/24
f 35/35/35 36/36/36 27/27/27
f 27/27/27 37/37/37 28/28/28
f 37/37/37 29/29/29 28/28/28
f 38/38/38 30/30/30 29/29/29
f 39/39/39 31/31/31 30/30/30
f 40/40/40 32/32/32 31/31/31
f 41/41/41 33/33/33 32/32/32
f 42/42/42 43/43/43 33/33/33
f 44/44/44 45/45/45 36/36/36
f 36/36/36 46/46/46 37/37/37
f 46/46/46 38/38/38 37/37/37
f 47/47/47 39/39/39 38/38/38
f 48/48/48 40/40/40 39/39/39
f 49/49/49 41/41/41 40/40/40
f 41/41/41 50/50/50 42/42/42
f 42/42/42 51/51/51 52/52/52
f 53/53/53 54/54/54 45/45/45
f 45/45/45 55/55/55 46/46/46
f 46/46/46 56/56/56 47/47/47
f 47/47/47 57/57/57 48/48/48
f 48/48/48 58/58/58 49/49/49
f 49/49/49 59/59/59 60/60/60
f 60/60/60 61/61/61 50/50/50
f 50/50/50 62/62/62 51/51/51
f 63/63/63 64/64/64 54/54/54
f 54/54/54 65/65/65 55/55/55
f 55/55/55 66/66/66 56/56/56
f 56/56/56 67/67/67 57/57/57
f 57/57/57 68/68/68 58/58/58
f 58/58/58 69/69/69 59/59/59
f 59/59/59 70/70/70 61/61/61
f 61/61/61 71/71/71 62/62/62
f 72/72/72 73/73/73 64/64/64
f 64/64/64 74/74/74 65/65/65
f 65/65/65 75/75/75 66/66/66
f 66/66/66 76/76/76 67/67/67
f 67/67/67 77/77/77 68/68/68
f 68/68/68 78/78/78 69/69/69
f 69/69/69 79/79/79 70/70/70
f 70/70/70 80/80/80 71/71/71
f 81/81/81 82/82/82 73/73/73
f 73/73/73 83/83/83 74/74/74
f 74/74/74 84/84/84 75/75/75
f 75/75/75 85/85/85 76/76/76
f 76/76/76 86/86/86 77/77/77
f 77/77/77 87/87/87 78/78/78
f 78/78/78 88/88/88 79/79/79
f 79/79/79 89/89/89 80/80/80
f 90/90/90 91/91/91 82/82/82
f 82/82/82 92/92/92 83/83/83
f 83/83/83 93/93/93 84/84/84
f 84/84/84 94/94/94 85/85/85
f 85/85/85 95/95/95 86/86/86
f 86/86/86 96/96/96 87/87/87
f 87/87/87 97/97/97 88/88/88
f 88/88/88 98/98/98 89/89/89
f 99/99/99 100/100/100 101/101/101
f 101/101/101 102/102/102 103/103/103
f 103/103/103 104/104/104 105/105/105
f 105/105/105 106/106/106 107/107/107
f 106/106/106 108/108/108 107/107/107
f 108/108/108 109/109/109 110/110/110
f 110/110/110 111/111/111 112/112/112
f 111/111/111 113/113/113 112/112/112
f 114/114/114 115/115/115 113/113/113
f 116/116/116 117/117/117 118/118/118
f 119/119/119 120/120/120 100/100/100
f 100/100/100 121/121/121 102/102/102
f 102/102/102 122/122/122 104/104/104
f 104/104/104 123/123/123 106/106/106
f 106/106/106 124/124/124 125/125/125
f 124/124/124 109/109/109 125/125/125
f 126/126/126 111/111/111 109/109/109
f 127/127/127 114/114/114 111/111/111
f 128/128/128 129/129/129 114/114/114
f 130/130/130 131/131/131 116/116/116
f 132/132/132 133/133/133 120/120/120
f 120/120/120 134/134/134 121/121/121
f 121/121/121 135/135/135 122/122/122
f 135/135/135 123/123/123 122/122/122
f 136/136/136 124/124/124 123/123/123
f 137/137/137 126/126/126 124/124/124
f 138/138/138 127/127/127 126/126/126
f 139/139/139 128/128/128 127/127/127
f 128/128/128 140/140/140 141/141/141
f 130/130/130 142/142/142 143/143/143
f 144/144/144 145/145/145 133/133/133
f 133/133/133 146/146/146 134/134/134
f 134/134/134 147/147/147 135/135/135
f 135/135/135 148/148/148 136/136/136
f 136/136/136 149/149/149 137/137/137
f 137/137/137 150/150/150 138/138/138
f 150/150/150 139/139/139 138/138/138
f 151/151/151 152/152/152 139/139/139
f 153/153/153 140/140/140 152/152/152
f 154/154/154 155/155/155 142/142/142
f 156/156/156 157/157/157 145/145/145
f 145/145/145 158/158/158 146/146/146
f 146/146/146 159/159/159 147/147/147
f 147/147/147 160/160/160 148/148/148
f 148/148/148 161/161/161 149/149/149
f 149/149/149 162/162/162 150/150/150
f 162/162/162 151/151/151 150/150/150
f 163/163/163 153/153/153 151/151/151
f 164/164/164 165/165/165 153/153/153
f 166/166/166 167/167/167 155/155/155
f 168/168/168 169/169/169 157/157/157
f 157/157/157 170/170/170 158/158/158
f 158/158/158 171/171/171 159/159/159
f 159/159/159 172/172/172 160/160/160
f 160/160/160 173/173/173 161/161/161
f 161/161/161 174/174/174 162/162/162
f 174/174/174 163/163/163 162/162/162
f 175/175/175 164/164/164 163/163/163
f 176/176/176 177/177/177 164/164/164
f 178/178/178 167/167/167 179/179/179
f 180/180/180 181/181/181 169/169/169
f 169/169/169 182/182/182 170/170/170
f 170/170/170 183/183/183 171/171/171
f 171/171/171 184/184/184 172/172/172
f 172/172/172 185/185/185 173/173/173
f 173/173/173 186/186/186 174/174/174
f 186/186/186 175/175/175 174/174/174
f 187/187/187 176/176/176 175/175/175
f 188/188/188 189/189/189 176/176/176
f 190/190/190 191/191/191 178/178/178
f 192/192/192 181/181/181 193/193/193
f 181/181/181 81/81/81 182/182/182
f 182/182/182 72/72/72 183/183/183
f 183/183/183 63/63/63 184/184/184
f 184/184/184 53/53/53 185/185/185
f 185/185/185 44/44/44 186/186/186
f 186/186/186 35/35/35 187/187/187
f 187/187/187 26/26/26 188/188/188
f 188/188/188 1/1/1 194/194/194
f 190/190/190 195/195/195 196/196/196
f 197/197/197 198/198/198 199/199/199
f 200/200/200 201/201/201 198/198/198
f 202/202/202 203/203/203 201/201/201
f 203/203/203 204/204/204 205/205/205
f 206/206/206 200/200/200 197/197/197
f 207/207/207 202/202/202 200/200/200
f 208/208/208 209/209/209 202/202/202
f 209/209/209 210/210/210 204/204/204
f 211/211/211 207/207/207 206/206/206
f 212/212/212 208/208/208 207/207/207
f 213/213/213 214/214/214 208/208/208
f 214/214/214 215/215/215 210/210/210
f 216/216/216 212/212/212 211/211/211
f 217/217/217 213/213/213 212/212/212
f 218/218/218 219/219/219 213/213/213
f 220/220/220 215/215/215 219/219/219
f 221/221/221 217/217/217 216/216/216
f 222/222/222 218/218/218 217/217/217
f 223/223/223 220/220/220 218/218/218
f 224/224/224 225/225/225 220/220/220
f 226/226/226 222/222/222 221/221/221
f 227/227/227 223/223/223 222/222/222
f 228/228/228 224/224/224 223/223/223
f 224/224/224 229/229/229 230/230/230
f 226/226/226 231/231/231 227/227/227
f 227/227/227 232/232/232 228/228/228
f 228/228/228 233/233/233 234/234/234
f 234/234/234 235/235/235 229/229/229
f 236/236/236 237/237/237 231/231/231
f 231/231/231 238/238/238 232/232/232
f 232/232/232 239/239/239 233/233/233
f 233/233/233 240/240/240 235/235/235
f 240/240/240 241/241/241 242/242/242
f 242/242/242 243/243/243 244/244/244
f 244/244/244 245/245/245 246/246/246
f 245/245/245 247/247/247 246/246/246
f 248/248/248 249/249/249 247/247/247
f 249/249/249 250/250/250 251/251/251
f 251/251/251 252/252/252 253/253/253
f 253/253/253 254/254/254 255/255/255
f 239/239/239 256/256/256 241/241/241
f 241/241/241 257/257/257 243/243/243
f 257/257/257 245/245/245 243/243/243
f 258/258/258 248/248/248 245/245/245
f 259/259/259 260/260/260 248/248/248
f 261/261/261 250/250/250 260/260/260
f 262/262/262 252/252/252 250/250/250
f 263/263/263 254/254/254 252/252/252
f 238/238/238 264/264/264 256/256/256
f 256/256/256 265/265/265 257/257/257
f 265/265/265 258/258/258 257/257/257
f 266/266/266 259/259/259 258/258/258
f 267/267/267 261/261/261 259/259/259
f 268/268/268 262/262/262 261/261/261
f 269/269/269 263/263/263 262/262/262
f 270/270/270 271/271/271 263/263/263
f 237/237/237 272/272/272 264/264/264
f 264/264/264 273/273/273 265/265/265
f 273/273/273 266/266/266 265/265/265
f 274/274/274 267/267/267 266/266/266
f 275/275/275 268/268/268 267/267/267
f 276/276/276 269/269/269 268/268/268
f 277/277/277 270/270/270 269/269/269
f 278/278/278 279/279/279 270/270/270
f 280/280/280 281/281/281 272/272/272
f 272/272/272 282/282/282 273/273/273
f 273/273/273 283/283/283 274/274/274
f 274/274/274 284/284/284 275/275/275
f 275/275/275 285/285/285 276/276/276
f 276/276/276 286/286/286 277/277/277
f 277/277/277 287/287/287 278/278/278
f 278/278/278 288/288/288 289/289/289
f 290/290/290 291/291/291 281/281/281
f 281/281/281 292/292/292 282/282/282
f 282/282/282 293/293/293 283/283/283
f 283/283/283 294/294/294 284/284/284
f 284/284/284 295/295/295 285/285/285
f 285/285/285 296/296/296 286/286/286
f 286/286/286 297/297/297 287/287/287
f 287/287/287 298/298/298 288/288/288
f 299/299/299 300/300/300 291/291/291
f 291/291/291 301/301/301 292/292/292
f 292/292/292 302/302/302 293/293/293
f 293/293/293 303/303/303 294/294/294
f 294/294/294 304/304/304 295/295/295
f 295/295/295 305/305/305 296/296/296
f 296/296/296 306/306/306 297/297/297
f 297/297/297 307/307/307 298/298/298
f 308/308/308 309/309/309 300/300/300
f 300/300/300 310/310/310 301/301/301
f 301/301/301 311/311/311 302/302/302
f 302/302/302 312/312/312 303/303/303
f 303/303/303 313/313/313 304/304/304
f 304/304/304 314/314/314 305/305/305
f 305/305/305 315/315/315 306/306/306
f 306/306/306 316/316/316 307/307/307
f 317/317/317 318/318/318 309/309/309
f 309/309/309 319/319/319 310/310/310
f 310/310/310 320/320/320 311/311/311
f 311/311/311 321/321/321 312/312/312
f 312/312/312 322/322/322 313/313/313
f 313/313/313 323/323/323 314/314/314
f 314/314/314 324/324/324 315/315/315
f 315/315/315 325/325/325 316/316/316
f 326/326/326 327/327/327 318/318/318
f 318/318/318 328/328/328 319/319/319
f 319/319/319 329/329/329 320/320/320
f 329/329/329 321/321/321 320/320/320
f 330/330/330 322/322/322 321/321/321
f 331/331/331 323/323/323 322/322/322
f 332/332/332 324/324/324 323/323/323
f 333/333/333 325/325/325 324/324/324
f 334/334/334 335/335/335 327/327/327
f 335/335/335 328/328/328 327/327/327
f 336/336/336 329/329/329 328/328/328
f 337/337/337 330/330/330 329/329/329
f 338/338/338 331/331/331 330/330/330
f 339/339/339 332/332/332 331/331/331
f 340/340/340 333/333/333 332/332/332
f 341/341/341 342/342/342 333/333/333
f 343/343/343 335/335/335 344/344/344
f 345/345/345 336/336/336 335/335/335
f 346/346/346 337/337/337 336/336/336
f 347/347/347 338/338/338 337/337/337
f 348/348/348 339/339/339 338/338/338
f 349/349/349 340/340/340 339/339/339
f 350/350/350 341/341/341 340/340/340
f 351/351/351 352/352/352 341/341/341
f 192/192/192 345/345/345 343/343/343
f 193/193/193 346/346/346 345/345/345
f 180/180/180 347/347/347 346/346/346
f 168/168/168 348/348/348 347/347/347
f 156/156/156 349/349/349 348/348/348
f 144/144/144 350/350/350 349/349/349
f 132/132/132 351/351/351 350/350/350
f 119/119/119 353/353/353 351/351/351
f 192/192/192 354/354/354 91/91/91
f 91/91/91 355/355/355 92/92/92
f 92/92/92 356/356/356 93/93/93
f 93/93/93 357/357/357 94/94/94
f 94/94/94 358/358/358 95/95/95
f 95/95/95 359/359/359 96/96/96
f 96/96/96 360/360/360 97/97/97
f 97/97/97 361/361/361 98/98/98
f 343/343/343 362/362/362 354/354/354
f 354/354/354 363/363/363 355/355/355
f 355/355/355 364/364/364 356/356/356
f 356/356/356 365/365/365 357/357/357
f 357/357/357 366/366/366 358/358/358
f 358/358/358 367/367/367 359/359/359
f 359/359/359 368/368/368 360/360/360
f 360/360/360 369/369/369 361/361/361
f 334/334/334 362/362/362 344/344/344
f 362/362/362 370/370/370 363/363/363
f 363/363/363 371/371/371 364/364/364
f 364/364/364 372/372/372 365/365/365
f 365/365/365 373/373/373 366/366/366
f 366/366/366 374/374/374 367/367/367
f 367/367/367 375/375/375 368/368/368
f 368/368/368 376/376/376 369/369/369
f 326/326/326 377/377/377 334/334/334
f 378/378/378 370/370/370 377/377/377
f 379/379/379 371/371/371 370/370/370
f 371/371/371 380/380/380 372/372/372
f 372/372/372 381/381/381 373/373/373
f 373/373/373 382/382/382 374/374/374
f 374/374/374 383/383/383 375/375/375
f 375/375/375 384/384/384 376/376/376
f 317/317/317 378/378/378 326/326/326
f 385/385/385 379/379/379 378/378/378
f 386/386/386 387/387/387 379/379/379
f 388/388/388 380/380/380 387/387/387
f 389/389/389 381/381/381 380/380/380
f 390/390/390 382/382/382 381/381/381
f 391/391/391 383/383/383 382/382/382
f 392/392/392 384/384/384 383/383/383
f 308/308/308 385/385/385 317/317/317
f 393/393/393 386/386/386 385/385/385
f 394/394/394 388/388/388 386/386/386
f 395/395/395 389/389/389 388/388/388
f 396/396/396 390/390/390 389/389/389
f 397/397/397 391/391/391 390/390/390
f 398/398/398 392/392/392 391/391/391
f 399/399/399 400/400/400 392/392/392
f 299/299/299 393/393/393 308/308/308
f 401/401/401 394/394/394 393/393/393
f 402/402/402 395/395/395 394/394/394
f 403/403/403 396/396/396 395/395/395
f 404/404/404 397/397/397 396/396/396
f 405/405/405 398/398/398 397/397/397
f 406/406/406 399/399/399 398/398/398
f 407/407/407 408/408/408 399/399/399
f 290/290/290 401/401/401 299/299/299
f 409/409/409 402/402/402 401/401/401
f 410/410/410 403/403/403 402/402/402
f 411/411/411 404/404/404 403/403/403
f 412/412/412 405/405/405 404/404/404
f 413/413/413 406/406/406 405/405/405
f 414/414/414 407/407/407 406/406/406
f 415/415/415 416/416/416 407/407/407
f 280/280/280 409/409/409 290/290/290
f 236/236/236 410/410/410 409/409/409
f 226/226/226 411/411/411 410/410/410
f 221/221/221 412/412/412 411/411/411
f 216/216/216 413/413/413 412/412/412
f 211/211/211 414/414/414 413/413/413
f 206/206/206 415/415/415 414/414/414
f 415/415/415 197/197/197 417/417/417
f 418/418/418 419/419/419 420/420/420
f 420/420/420 421/421/421 422/422/422
f 421/421/421 423/423/423 422/422/422
f 424/424/424 425/425/425 423/423/423
f 426/426/426 427/427/427 425/425/425
f 428/428/428 429/429/429 427/427/427
f 430/430/430 431/431/431 429/429/429
f 432/432/432 433/433/118 431/431/431
f 434/434/433 435/435/434 419/419/419
f 419/419/419 436/436/435 421/421/421
f 436/436/435 424/424/424 421/421/421
f 437/437/436 426/426/426 424/424/424
f 438/438/437 428/428/428 426/426/426
f 439/439/438 430/430/430 428/428/428
f 440/440/439 432/432/432 430/430/430
f 441/441/440 442/442/115 432/432/432
f 443/443/441 444/444/442 435/435/434
f 435/435/434 445/445/443 436/436/435
f 445/445/443 437/437/436 436/436/435
f 446/446/444 438/438/437 437/437/436
f 447/447/445 439/439/438 438/438/437
f 448/448/446 440/440/439 439/439/438
f 440/440/439 449/449/447 441/441/440
f 449/449/447 450/450/448 441/441/440
f 451/451/449 452/452/450 444/444/442
f 444/444/442 453/453/451 445/445/443
f 453/453/451 446/446/444 445/445/443
f 454/454/452 447/447/445 446/446/444
f 455/455/453 448/448/446 447/447/445
f 448/448/446 456/456/454 457/457/455
f 457/457/455 458/458/456 449/449/447
f 458/458/456 459/459/112 449/449/447
f 460/460/457 452/452/450 461/461/458
f 462/462/459 453/453/451 452/452/450
f 463/463/460 454/454/452 453/453/451
f 464/464/461 455/455/453 454/454/452
f 465/465/462 466/466/463 455/455/453
f 467/467/464 456/456/454 466/466/463
f 456/456/454 468/468/465 458/458/456
f 458/458/456 469/469/108 470/470/110
f 471/471/466 462/462/459 460/460/457
f 472/472/467 463/463/460 462/462/459
f 473/473/468 464/464/461 463/463/460
f 474/474/469 465/465/462 464/464/461
f 475/475/470 467/467/464 465/465/462
f 476/476/471 477/477/472 467/467/464
f 477/477/472 478/478/473 468/468/465
f 468/468/465 479/479/107 469/469/108
f 480/480/474 472/472/467 471/471/466
f 481/481/475 473/473/468 472/472/467
f 482/482/476 474/474/469 473/473/468
f 483/483/477 475/475/470 474/474/469
f 484/484/478 476/476/471 475/475/470
f 476/476/471 485/485/479 486/486/480
f 486/486/480 487/487/481 478/478/473
f 478/478/473 488/488/105 479/479/107
f 489/489/482 481/481/475 480/480/474
f 490/490/483 482/482/476 481/481/475
f 491/491/484 483/483/477 482/482/476
f 483/483/477 492/492/485 484/484/478
f 484/484/478 493/493/486 494/494/487
f 494/494/487 495/495/488 485/485/479
f 485/485/479 496/496/489 487/487/481
f 487/487/481 497/497/490 488/488/105
f 498/498/491 490/490/483 489/489/482
f 499/499/492 491/491/484 490/490/483
f 491/491/484 500/500/493 501/501/494
f 501/501/494 502/502/495 492/492/485
f 492/492/485 503/503/496 493/493/486
f 503/503/496 495/495/488 493/493/486
f 495/495/488 504/504/497 496/496/489
f 496/496/489 505/505/498 497/497/490
f 506/506/499 499/499/492 498/498/491
f 507/507/500 508/508/501 499/499/492
f 508/508/501 509/509/502 500/500/493
f 500/500/493 510/510/503 502/502/495
f 510/510/503 503/503/496 502/502/495
f 511/511/504 512/512/505 503/503/496
f 512/512/505 513/513/506 504/504/497
f 504/504/497 514/514/99 505/505/498
f 515/515/507 516/516/508 517/517/509
f 517/517/509 518/518/510 519/519/80
f 519/519/80 520/520/511 521/521/71
f 521/521/71 522/522/512 523/523/62
f 522/522/512 524/524/51 523/523/62
f 524/524/51 525/525/513 526/526/514
f 526/526/514 527/527/515 528/528/516
f 528/528/516 529/529/517 530/530/518
f 530/530/518 531/531/519 532/532/25
f 533/533/520 534/534/521 535/535/522
f 536/536/523 537/537/524 516/516/508
f 516/516/508 538/538/525 518/518/510
f 518/518/510 539/539/526 520/520/511
f 520/520/511 540/540/527 522/522/512
f 522/522/512 541/541/528 542/542/529
f 542/542/529 543/543/530 525/525/513
f 525/525/513 544/544/531 527/527/515
f 527/527/515 545/545/532 529/529/517
f 545/545/532 531/531/519 529/529/517
f 546/546/533 547/547/534 533/533/520
f 548/548/535 537/537/524 549/549/536
f 550/550/537 538/538/525 537/537/524
f 538/538/525 551/551/538 539/539/526
f 539/539/526 552/552/539 540/540/527
f 540/540/527 553/553/540 541/541/528
f 541/541/528 554/554/541 543/543/530
f 543/543/530 555/555/542 544/544/531
f 555/555/542 545/545/532 544/544/531
f 556/556/543 557/557/544 545/545/532
f 546/546/533 558/558/545 559/559/546
f 548/548/535 560/560/547 550/550/537
f 550/550/537 561/561/548 562/562/549
f 562/562/549 563/563/550 551/551/538
f 551/551/538 564/564/551 552/552/539
f 564/564/551 553/553/540 552/552/539
f 565/565/552 554/554/541 553/553/540
f 566/566/553 555/555/542 554/554/541
f 567/567/554 556/556/543 555/555/542
f 568/568/555 569/569/556 556/556/543
f 570/570/557 571/571/558 558/558/545
f 572/572/559 573/573/560 560/560/547
f 560/560/547 574/574/561 561/561/548
f 561/561/548 575/575/562 563/563/550
f 563/563/550 576/576/563 564/564/551
f 576/576/563 565/565/552 564/564/551
f 577/577/564 566/566/553 565/565/552
f 578/578/565 567/567/554 566/566/553
f 579/579/566 568/568/555 567/567/554
f 580/580/567 581/581/568 568/568/555
f 582/582/569 583/583/570 571/571/558
f 584/584/571 585/585/572 573/573/560
f 573/573/560 586/586/573 574/574/561
f 574/574/561 587/587/574 575/575/562
f 575/575/562 588/588/575 576/576/563
f 576/576/563 589/589/576 577/577/564
f 589/589/576 578/578/565 577/577/564
f 590/590/577 579/579/566 578/578/565
f 591/591/578 580/580/567 579/579/566
f 592/592/579 593/593/580 580/580/567
f 594/594/581 595/595/582 583/583/570
f 596/596/583 597/597/584 585/585/572
f 585/585/572 598/598/585 586/586/573
f 586/586/573 599/599/586 587/587/574
f 587/587/574 600/600/587 588/588/575
f 588/588/575 601/601/588 589/589/576
f 589/589/576 602/602/589 590/590/577
f 590/590/577 603/603/590 591/591/578
f 603/603/590 592/592/579 591/591/578
f 604/604/591 605/605/592 592/592/579
f 606/606/593 607/607/594 595/595/582
f 608/608/595 498/498/491 597/597/584
f 597/597/584 489/489/482 598/598/585
f 598/598/585 480/480/474 599/599/586
f 599/599/586 471/471/466 600/600/587
f 600/600/587 460/460/457 601/601/588
f 601/601/588 461/461/458 602/602/589
f 602/602/589 451/451/449 603/603/590
f 603/603/590 443/443/441 604/604/591
f 604/604/591 434/434/433 609/609/596
f 610/610/597 611/611/598 607/607/594
f 612/612/599 613/613/279 614/614/600
f 615/615/601 616/616/602 613/613/279
f 617/617/603 618/618/254 616/616/602
f 619/619/604 620/620/605 618/618/254
f 621/621/606 615/615/601 612/612/599
f 622/622/607 617/617/603 615/615/601
f 623/623/608 619/619/604 617/617/603
f 624/624/609 625/625/610 619/619/604
f 626/626/611 622/622/607 621/621/606
f 627/627/612 623/623/608 622/622/607
f 628/628/613 624/624/609 623/623/608
f 629/629/614 630/630/615 624/624/609
f 631/631/616 627/627/612 626/626/611
f 632/632/617 628/628/613 627/627/612
f 633/633/618 629/629/614 628/628/613
f 634/634/619 635/635/620 629/629/614
f 636/636/621 632/632/617 631/631/616
f 637/637/622 633/633/618 632/632/617
f 638/638/623 634/634/619 633/633/618
f 639/639/624 640/640/625 634/634/619
f 641/641/626 637/637/622 636/636/621
f 642/642/627 638/638/623 637/637/622
f 643/643/628 639/639/624 638/638/623
f 644/644/629 645/645/630 639/639/624
f 646/646/631 642/642/627 641/641/626
f 647/647/632 643/643/628 642/642/627
f 648/648/633 644/644/629 643/643/628
f 649/649/634 650/650/635 644/644/629
f 651/651/636 647/647/632 646/646/631
f 652/652/637 648/648/633 647/647/632
f 653/653/638 649/649/634 648/648/633
f 654/654/639 655/655/640 649/649/634
f 654/654/639 656/656/641 657/657/642
f 658/658/643 659/659/644 656/656/641
f 660/660/645 661/661/646 659/659/644
f 662/662/647 663/663/648 661/661/646
f 664/664/649 665/665/650 663/663/648
f 666/666/651 667/667/652 665/665/650
f 668/668/653 669/669/654 667/667/652
f 670/670/655 671/671/205 669/669/654
f 653/653/638 658/658/643 654/654/639
f 672/672/656 660/660/645 658/658/643
f 673/673/657 662/662/647 660/660/645
f 674/674/658 664/664/649 662/662/647
f 675/675/659 666/666/651 664/664/649
f 676/676/660 668/668/653 666/666/651
f 677/677/661 670/670/655 668/668/653
f 678/678/662 679/679/663 670/670/655
f 652/652/637 672/672/656 653/653/638
f 680/680/664 673/673/657 672/672/656
f 681/681/665 674/674/658 673/673/657
f 682/682/666 675/675/659 674/674/658
f 683/683/667 676/676/660 675/675/659
f 684/684/668 677/677/661 676/676/660
f 685/685/669 678/678/662 677/677/661
f 686/686/670 687/687/201 678/678/662
f 651/651/636 680/680/664 652/652/637
f 688/688/671 681/681/665 680/680/664
f 689/689/672 682/682/666 681/681/665
f 690/690/673 683/683/667 682/682/666
f 691/691/674 684/684/668 683/683/667
f 692/692/675 685/685/669 684/684/668
f 693/693/676 686/686/670 685/685/669
f 694/694/677 695/695/678 686/686/670
f 651/651/636 696/696/679 688/688/671
f 688/688/671 697/697/680 689/689/672
f 689/689/672 698/698/681 690/690/673
f 690/690/673 699/699/682 691/691/674
f 691/691/674 700/700/683 692/692/675
f 692/692/675 701/701/684 693/693/676
f 693/693/676 702/702/685 694/694/677
f 694/694/677 703/703/686 704/704/199
f 705/705/687 706/706/688 696/696/679
f 696/696/679 707/707/689 697/697/680
f 697/697/680 708/708/690 698/698/681
f 698/698/681 709/709/691 699/699/682
f 699/699/682 710/710/692 700/700/683
f 700/700/683 711/711/693 701/701/684
f 701/701/684 712/712/694 702/702/685
f 702/702/685 713/713/695 703/703/686
f 714/714/696 715/715/697 706/706/688
f 706/706/688 716/716/698 707/707/689
f 707/707/689 717/717/699 708/708/690
f 708/708/690 718/718/700 709/709/691
f 709/709/691 719/719/701 710/710/692
f 710/710/692 720/720/702 711/711/693
f 711/711/693 721/721/703 712/712/694
f 712/712/694 722/722/704 713/713/695
f 723/723/705 724/724/706 715/715/697
f 715/715/697 725/725/707 716/716/698
f 716/716/698 726/726/708 717/717/699
f 717/717/699 727/727/709 718/718/700
f 718/718/700 728/728/710 719/719/701
f 719/719/701 729/729/711 720/720/702
f 720/720/702 730/730/712 721/721/703
f 721/721/703 731/731/713 722/722/704
f 732/732/714 724/724/706 733/733/715
f 734/734/716 725/725/707 724/724/706
f 735/735/717 726/726/708 725/725/707
f 736/736/718 727/727/709 726/726/708
f 737/737/719 728/728/710 727/727/709
f 738/738/720 729/729/711 728/728/710
f 739/739/721 730/730/712 729/729/711
f 740/740/722 731/731/713 730/730/712
f 741/741/723 734/734/716 732/732/714
f 742/742/724 735/735/717 734/734/716
f 743/743/725 736/736/718 735/735/717
f 744/744/726 737/737/719 736/736/718
f 745/745/727 738/738/720 737/737/719
f 746/746/728 739/739/721 738/738/720
f 747/747/729 740/740/722 739/739/721
f 748/748/730 749/749/731 740/740/722
f 750/750/732 742/742/724 741/741/723
f 751/751/733 743/743/725 742/742/724
f 752/752/734 744/744/726 743/743/725
f 753/753/735 745/745/727 744/744/726
f 754/754/736 746/746/728 745/745/727
f 755/755/737 747/747/729 746/746/728
f 756/756/738 748/748/730 747/747/729
f 757/757/739 758/758/740 748/748/730
f 759/759/741 751/751/733 750/750/732
f 760/760/742 752/752/734 751/751/733
f 761/761/743 753/753/735 752/752/734
f 762/762/744 754/754/736 753/753/735
f 763/763/745 755/755/737 754/754/736
f 764/764/746 756/756/738 755/755/737
f 765/765/747 757/757/739 756/756/738
f 766/766/748 767/767/749 757/757/739
f 506/506/499 760/760/742 759/759/741
f 608/608/595 761/761/743 760/760/742
f 596/596/583 762/762/744 761/761/743
f 584/584/571 763/763/745 762/762/744
f 572/572/559 764/764/746 763/763/745
f 548/548/535 765/765/747 764/764/746
f 549/549/536 766/766/748 765/765/747
f 536/536/523 768/768/750 766/766/748
f 506/506/499 769/769/751 507/507/500
f 507/507/500 770/770/752 771/771/753
f 771/771/753 772/772/754 509/509/502
f 509/509/502 773/773/755 510/510/503
f 510/510/503 774/774/756 511/511/504
f 511/511/504 775/775/757 776/776/758
f 776/776/758 777/777/759 513/513/506
f 513/513/506 778/778/760 514/514/99
f 759/759/741 779/779/761 769/769/751
f 769/769/751 780/780/762 770/770/752
f 770/770/752 781/781/763 772/772/754
f 772/772/754 782/782/764 773/773/755
f 773/773/755 783/783/765 774/774/756
f 774/774/756 784/784/766 775/775/757
f 775/775/757 785/785/767 777/777/759
f 777/777/759 786/786/768 778/778/760
f 750/750/732 787/787/769 779/779/761
f 779/779/761 788/788/770 780/780/762
f 780/780/762 789/789/771 781/781/763
f 781/781/763 790/790/772 782/782/764
f 782/782/764 791/791/773 783/783/765
f 783/783/765 792/792/774 784/784/766
f 784/784/766 793/793/775 785/785/767
f 785/785/767 794/794/776 786/786/768
f 741/741/723 795/795/777 787/787/769
f 787/787/769 796/796/778 788/788/770
f 788/788/770 797/797/779 789/789/771
f 789/789/771 798/798/780 790/790/772
f 790/790/772 799/799/781 791/791/773
f 791/791/773 800/800/782 792/792/774
f 792/792/774 801/801/783 793/793/775
f 793/793/775 802/802/784 794/794/776
f 732/732/714 803/803/785 795/795/777
f 795/795/777 804/804/786 796/796/778
f 796/796/778 805/805/787 797/797/779
f 797/797/779 806/806/788 798/798/780
f 798/798/780 807/807/789 799/799/781
f 799/799/781 808/808/790 800/800/782
f 800/800/782 809/809/791 801/801/783
f 801/801/783 810/810/792 802/802/784
f 723/723/705 803/803/785 733/733/715
f 811/811/793 804/804/786 803/803/785
f 812/812/794 805/805/787 804/804/786
f 813/813/795 806/806/788 805/805/787
f 814/814/796 807/807/789 806/806/788
f 815/815/797 808/808/790 807/807/789
f 816/816/798 809/809/791 808/808/790
f 817/817/799 810/810/792 809/809/791
f 714/714/696 811/811/793 723/723/705
f 818/818/800 812/812/794 811/811/793
f 819/819/801 813/813/795 812/812/794
f 820/820/802 814/814/796 813/813/795
f 821/821/803 815/815/797 814/814/796
f 822/822/804 816/816/798 815/815/797
f 823/823/805 817/817/799 816/816/798
f 824/824/806 825/825/807 817/817/799
f 705/705/687 818/818/800 714/714/696
f 826/826/808 819/819/801 818/818/800
f 827/827/809 820/820/802 819/819/801
f 828/828/810 821/821/803 820/820/802
f 829/829/811 822/822/804 821/821/803
f 830/830/812 823/823/805 822/822/804
f 831/831/813 824/824/806 823/823/805
f 832/832/814 833/833/815 824/824/806
f 651/651/636 826/826/808 705/705/687
f 646/646/631 827/827/809 826/826/808
f 641/641/626 828/828/810 827/827/809
f 636/636/621 829/829/811 828/828/810
f 631/631/616 830/830/812 829/829/811
f 626/626/611 831/831/813 830/830/812
f 831/831/813 621/621/606 832/832/814
f 612/612/599 834/834/816 832/832/814
f 835/835/686 836/836/817 837/837/818
f 838/838/695 839/839/819 835/835/686
f 840/840/704 841/841/820 838/838/695
f 842/842/713 843/843/821 840/840/704
f 844/844/822 845/845/823 842/842/713
f 846/846/740 847/847/824 844/844/822
f 848/848/825 849/849/826 846/846/740
f 850/850/827 851/851/828 848/848/825
f 850/850/827 852/852/829 853/853/830
f 839/839/819 854/854/831 836/836/817
f 841/841/820 855/855/832 839/839/819
f 843/843/821 856/856/833 841/841/820
f 845/845/823 857/857/834 843/843/821
f 847/847/824 858/858/835 845/845/823
f 849/849/826 859/859/836 847/847/824
f 851/851/828 860/860/837 849/849/826
f 853/853/830 861/861/838 851/851/828
f 853/853/830 862/862/839 863/863/840
f 855/855/832 864/864/841 854/854/831
f 856/856/833 865/865/842 855/855/832
f 857/857/834 866/866/843 856/856/833
f 858/858/835 867/867/844 857/857/834
f 859/859/836 868/868/845 858/858/835
f 860/860/837 869/869/846 859/859/836
f 861/861/838 870/870/847 860/860/837
f 863/863/840 871/871/848 861/861/838
f 863/863/840 872/872/849 873/873/850
f 865/865/842 874/874/851 864/864/841
f 866/866/843 875/875/852 865/865/842
f 867/867/844 876/876/853 866/866/843
f 868/868/845 877/877/854 867/867/844
f 869/869/846 878/878/855 868/868/845
f 870/870/847 879/879/856 869/869/846
f 871/871/848 880/880/857 870/870/847
f 873/873/850 881/881/858 871/871/848
f 873/873/850 882/882/859 883/883/860
f 875/875/852 884/884/861 874/874/851
f 876/876/853 885/885/862 875/875/852
f 877/877/854 886/886/863 876/876/853
f 878/878/855 887/887/864 877/877/854
f 879/879/856 888/888/865 878/878/855
f 880/880/857 889/889/866 879/879/856
f 881/881/858 890/890/867 880/880/857
f 883/883/860 891/891/868 881/881/858
f 883/883/860 892/892/869 893/893/870
f 885/885/862 894/894/871 884/884/861
f 886/886/863 895/895/872 885/885/862
f 887/887/864 896/896/873 886/886/863
f 888/888/865 897/897/874 887/887/864
f 889/889/866 898/898/875 888/888/865
f 890/890/867 899/899/876 889/889/866
f 891/891/868 900/900/877 890/890/867
f 893/893/870 901/901/878 891/891/868
f 893/893/870 902/902/879 903/903/880
f 895/895/872 904/904/881 894/894/871
f 896/896/873 905/905/882 895/895/872
f 897/897/874 906/906/883 896/896/873
f 898/898/875 907/907/884 897/897/874
f 899/899/876 908/908/885 898/898/875
f 900/900/877 909/909/886 899/899/876
f 901/901/878 910/910/887 900/900/877
f 903/903/880 911/911/888 901/901/878
f 903/903/880 912/912/889 913/913/890
f 905/905/882 914/914/891 904/904/881
f 906/906/883 915/915/892 905/905/882
f 907/907/884 916/916/893 906/906/883
f 908/908/885 917/917/894 907/907/884
f 909/909/886 918/918/895 908/908/885
f 910/910/887 919/919/896 909/909/886
f 911/911/888 920/920/897 910/910/887
f 913/913/890 921/921/898 911/911/888
f 913/913/890 922/922/899 923/923/900
f 915/915/892 924/924/901 914/914/891
f 916/916/893 925/925/902 915/915/892
f 917/917/894 926/926/903 916/916/893
f 918/918/895 927/927/904 917/917/894
f 919/919/896 928/928/905 918/918/895
f 920/920/897 929/929/906 919/919/896
f 921/921/898 930/930/907 920/920/897
f 923/923/900 931/931/908 921/921/898
f 923/923/900 932/932/909 933/933/910
f 925/925/902 934/934/911 924/924/901
f 926/926/903 935/935/912 925/925/902
f 927/927/904 936/936/913 926/926/903
f 928/928/905 937/937/914 927/927/904
f 929/929/906 938/938/915 928/928/905
f 930/930/907 939/939/916 929/929/906
f 931/931/908 940/940/917 930/930/907
f 933/933/910 941/941/918 931/931/908
f 933/933/910 942/942/919 943/943/920
f 935/935/912 944/944/921 934/934/911
f 936/936/913 945/945/922 935/935/912
f 937/937/914 946/946/923 936/936/913
f 938/938/915 947/947/924 937/937/914
f 939/939/916 948/948/925 938/938/915
f 940/940/917 949/949/926 939/939/916
f 941/941/918 950/950/927 940/940/917
f 943/943/920 951/951/928 941/941/918
f 943/943/920 952/952/929 953/953/930
f 944/944/921 954/954/931 955/955/932
f 945/945/922 956/956/933 954/954/931
f 947/947/924 956/956/933 946/946/923
f 948/948/925 957/957/934 947/947/924
f 949/949/926 958/958/935 948/948/925
f 950/950/927 959/959/936 949/949/926
f 951/951/928 960/960/937 950/950/927
f 953/953/930 961/961/938 951/951/928
f 953/953/930 962/962/939 963/963/940
f 964/964/941 965/965/942 966/966/943
f 967/967/944 968/968/945 965/965/942
f 969/969/946 970/970/947 968/968/945
f 971/971/948 972/972/949 970/970/947
f 973/973/950 974/974/951 972/972/949
f 975/975/952 976/976/953 974/974/951
f 977/977/954 978/978/955 976/976/953
f 979/979/956 980/980/957 978/978/955
f 981/981/958 982/982/959 980/980/957
f 983/983/960 984/984/961 985/985/962
f 986/986/963 987/987/964 984/984/961
f 988/988/965 989/989/966 987/987/964
f 990/990/967 991/991/968 989/989/966
f 992/992/969 993/993/970 991/991/968
f 994/994/899 995/995/971 993/993/970
f 996/996/972 997/997/973 995/995/971
f 998/998/974 997/997/973 999/999/879
f 1000/1000/859 1001/1001/975 998/998/974
f 1002/1002/976 1003/1003/977 1000/1000/859
f 1004/1004/978 1005/1005/979 1002/1002/976
f 1006/1006/829 1007/1007/980 1004/1004/978
f 1008/1008/98 1009/1009/981 1006/1006/829
f 985/985/962 1010/1010/982 1011/1011/983
f 984/984/961 1012/1012/984 1010/1010/982
f 989/989/966 1012/1012/984 987/987/964
f 991/991/968 1013/1013/985 989/989/966
f 993/993/970 1014/1014/986 991/991/968
f 995/995/971 1015/1015/987 993/993/970
f 997/997/973 1016/1016/988 995/995/971
f 1001/1001/975 1017/1017/989 997/997/973
f 1003/1003/977 1018/1018/990 1001/1001/975
f 1005/1005/979 1019/1019/991 1003/1003/977
f 1007/1007/980 1020/1020/992 1005/1005/979
f 1009/1009/981 1021/1021/993 1007/1007/980
f 1022/1022/361 1023/1023/994 1009/1009/981
f 1011/1011/983 1024/1024/995 1025/1025/996
f 1012/1012/984 1024/1024/995 1010/1010/982
f 1013/1013/985 1026/1026/997 1012/1012/984
f 1014/1014/986 1027/1027/998 1013/1013/985
f 1015/1015/987 1028/1028/999 1014/1014/986
f 1016/1016/988 1029/1029/1000 1015/1015/987
f 1017/1017/989 1030/1030/1001 1016/1016/988
f 1018/1018/990 1031/1031/1002 1017/1017/989
f 1019/1019/991 1032/1032/1003 1018/1018/990
f 1020/1020/992 1033/1033/1004 1019/1019/991
f 1021/1021/993 1034/1034/1005 1020/1020/992
f 1023/1023/994 1035/1035/1006 1021/1021/993
f 1036/1036/1007 1037/1037/1008 1023/1023/994
f 1025/1025/996 1038/1038/1009 1039/1039/1010
f 1026/1026/997 1038/1038/1009 1024/1024/995
f 1027/1027/998 1040/1040/1011 1026/1026/997
f 1028/1028/999 1041/1041/1012 1027/1027/998
f 1029/1029/1000 1042/1042/1013 1028/1028/999
f 1030/1030/1001 1043/1043/1014 1029/1029/1000
f 1031/1031/1002 1044/1044/1015 1030/1030/1001
f 1032/1032/1003 1045/1045/1016 1031/1031/1002
f 1033/1033/1004 1046/1046/1017 1032/1032/1003
f 1034/1034/1005 1047/1047/1018 1033/1033/1004
f 1035/1035/1006 1048/1048/1019 1034/1034/1005
f 1037/1037/1008 1049/1049/1020 1035/1035/1006
f 1050/1050/1021 1051/1051/1022 1037/1037/1008
f 1039/1039/1010 1052/1052/1023 1053/1053/1024
f 1040/1040/1011 1052/1052/1023 1038/1038/1009
f 1041/1041/1012 1054/1054/1025 1040/1040/1011
f 1042/1042/1013 1055/1055/1026 1041/1041/1012
f 1043/1043/1014 1056/1056/1027 1042/1042/1013
f 1044/1044/1015 1057/1057/1028 1043/1043/1014
f 1045/1045/1016 1058/1058/1029 1044/1044/1015
f 1046/1046/1017 1059/1059/1030 1045/1045/1016
f 1047/1047/1018 1060/1060/1031 1046/1046/1017
f 1048/1048/1019 1061/1061/1032 1047/1047/1018
f 1049/1049/1020 1062/1062/1033 1048/1048/1019
f 1051/1051/1022 1063/1063/1034 1049/1049/1020
f 1064/1064/1035 1065/1065/1036 1051/1051/1022
f 1053/1053/1024 1066/1066/1037 1067/1067/1038
f 1054/1054/1025 1066/1066/1037 1052/1052/1023
f 1055/1055/1026 1068/1068/1039 1054/1054/1025
f 1056/1056/1027 1069/1069/1040 1055/1055/1026
f 1057/1057/1028 1070/1070/1041 1056/1056/1027
f 1058/1058/1029 1071/1071/1042 1057/1057/1028
f 1059/1059/1030 1072/1072/1043 1058/1058/1029
f 1060/1060/1031 1073/1073/1044 1059/1059/1030
f 1061/1061/1032 1074/1074/1045 1060/1060/1031
f 1062/1062/1033 1075/1075/1046 1061/1061/1032
f 1063/1063/1034 1076/1076/1047 1062/1062/1033
f 1065/1065/1036 1077/1077/1048 1063/1063/1034
f 1078/1078/400 1079/1079/1049 1065/1065/1036
f 1067/1067/1038 1080/1080/1050 1081/1081/1051
f 1068/1068/1039 1080/1080/1050 1066/1066/1037
f 1069/1069/1040 1082/1082/1052 1068/1068/1039
f 1070/1070/1041 1083/1083/1053 1069/1069/1040
f 1071/1071/1042 1084/1084/1054 1070/1070/1041
f 1072/1072/1043 1085/1085/1055 1071/1071/1042
f 1073/1073/1044 1086/1086/1056 1072/1072/1043
f 1074/1074/1045 1087/1087/1057 1073/1073/1044
f 1075/1075/1046 1088/1088/1058 1074/1074/1045
f 1076/1076/1047 1089/1089/1059 1075/1075/1046
f 1077/1077/1048 1090/1090/1060 1076/1076/1047
f 1079/1079/1049 1091/1091/1061 1077/1077/1048
f 1092/1092/408 1093/1093/1062 1079/1079/1049
f 1081/1081/1051 1094/1094/1063 1095/1095/1064
f 1082/1082/1052 1094/1094/1063 1080/1080/1050
f 1083/1083/1053 1096/1096/1065 1082/1082/1052
f 1084/1084/1054 1097/1097/1066 1083/1083/1053
f 1085/1085/1055 1098/1098/1067 1084/1084/1054
f 1086/1086/1056 1099/1099/1068 1085/1085/1055
f 1087/1087/1057 1100/1100/1069 1086/1086/1056
f 1088/1088/1058 1101/1101/1070 1087/1087/1057
f 1089/1089/1059 1102/1102/1071 1088/1088/1058
f 1090/1090/1060 1103/1103/1072 1089/1089/1059
f 1091/1091/1061 1104/1104/1073 1090/1090/1060
f 1093/1093/1062 1105/1105/1074 1091/1091/1061
f 1106/1106/1075 1107/1107/1076 1093/1093/1062
f 1094/1094/1063 964/964/941 1095/1095/1064
f 1096/1096/1065 955/955/932 1094/1094/1063
f 1097/1097/1066 944/944/921 1096/1096/1065
f 1098/1098/1067 934/934/911 1097/1097/1066
f 1099/1099/1068 924/924/901 1098/1098/1067
f 1100/1100/1069 914/914/891 1099/1099/1068
f 1101/1101/1070 904/904/881 1100/1100/1069
f 1102/1102/1071 894/894/871 1101/1101/1070
f 1103/1103/1072 884/884/861 1102/1102/1071
f 1104/1104/1073 874/874/851 1103/1103/1072
f 1105/1105/1074 864/864/841 1104/1104/1073
f 1107/1107/1076 854/854/831 1105/1105/1074
f 1108/1108/1077 836/836/817 1107/1107/1076
f 1109/1109/1078 1110/1110/816 1111/1111/1079
f 1112/1112/1080 1113/1113/1081 1110/1110/816
f 1114/1114/1082 1115/1115/807 1113/1113/1081
f 1116/1116/1083 1117/1117/792 1115/1115/807
f 1118/1118/1084 1119/1119/1085 1117/1117/792
f 1120/1120/1086 1121/1121/776 1119/1119/1085
f 1122/1122/1087 1123/1123/1088 1121/1121/776
f 1124/1124/1089 1125/1125/1090 1123/1123/1088
f 1125/1125/1090 1126/1126/1091 1127/1127/1092
f 1128/1128/1093 1112/1112/1080 1109/1109/1078
f 1129/1129/1094 1114/1114/1082 1112/1112/1080
f 1130/1130/1095 1116/1116/1083 1114/1114/1082
f 1131/1131/1096 1118/1118/1084 1116/1116/1083
f 1132/1132/1097 1120/1120/1086 1118/1118/1084
f 1133/1133/1098 1122/1122/1087 1120/1120/1086
f 1134/1134/1099 1124/1124/1089 1122/1122/1087
f 1135/1135/1100 1136/1136/1101 1124/1124/1089
f 1136/1136/1101 1137/1137/1102 1126/1126/1091
f 1138/1138/1103 1129/1129/1094 1128/1128/1093
f 1139/1139/1104 1130/1130/1095 1129/1129/1094
f 1140/1140/1105 1131/1131/1096 1130/1130/1095
f 1141/1141/1106 1132/1132/1097 1131/1131/1096
f 1142/1142/1107 1133/1133/1098 1132/1132/1097
f 1143/1143/1108 1134/1134/1099 1133/1133/1098
f 1144/1144/1109 1135/1135/1100 1134/1134/1099
f 1145/1145/1110 1146/1146/1111 1135/1135/1100
f 1146/1146/1111 1147/1147/1112 1137/1137/1102
f 1148/1148/1113 1139/1139/1104 1138/1138/1103
f 1149/1149/1114 1140/1140/1105 1139/1139/1104
f 1150/1150/1115 1141/1141/1106 1140/1140/1105
f 1151/1151/1116 1142/1142/1107 1141/1141/1106
f 1152/1152/1117 1143/1143/1108 1142/1142/1107
f 1153/1153/1118 1144/1144/1109 1143/1143/1108
f 1154/1154/1119 1145/1145/1110 1144/1144/1109
f 1155/1155/1120 1156/1156/1121 1145/1145/1110
f 1156/1156/1121 1157/1157/1122 1147/1147/1112
f 1158/1158/1123 1149/1149/1114 1148/1148/1113
f 1159/1159/1124 1150/1150/1115 1149/1149/1114
f 1160/1160/1125 1151/1151/1116 1150/1150/1115
f 1161/1161/1126 1152/1152/1117 1151/1151/1116
f 1162/1162/1127 1153/1153/1118 1152/1152/1117
f 1163/1163/1128 1154/1154/1119 1153/1153/1118
f 1164/1164/1129 1155/1155/1120 1154/1154/1119
f 1165/1165/1130 1166/1166/1131 1155/1155/1120
f 1166/1166/1131 1167/1167/1132 1157/1157/1122
f 1168/1168/1133 1159/1159/1124 1158/1158/1123
f 1169/1169/1134 1160/1160/1125 1159/1159/1124
f 1170/1170/1135 1161/1161/1126 1160/1160/1125
f 1171/1171/1136 1162/1162/1127 1161/1161/1126
f 1172/1172/1137 1163/1163/1128 1162/1162/1127
f 1173/1173/1138 1164/1164/1129 1163/1163/1128
f 1174/1174/1139 1165/1165/1130 1164/1164/1129
f 1175/1175/1140 1176/1176/1141 1165/1165/1130
f 1176/1176/1141 1177/1177/1142 1167/1167/1132
f 1178/1178/1143 1169/1169/1134 1168/1168/1133
f 1179/1179/1144 1170/1170/1135 1169/1169/1134
f 1180/1180/1145 1171/1171/1136 1170/1170/1135
f 1181/1181/1146 1172/1172/1137 1171/1171/1136
f 1182/1182/1147 1173/1173/1138 1172/1172/1137
f 1183/1183/1148 1174/1174/1139 1173/1173/1138
f 1184/1184/1149 1175/1175/1140 1174/1174/1139
f 1185/1185/1150 1186/1186/1151 1175/1175/1140
f 1186/1186/1151 1187/1187/1152 1177/1177/1142
f 1188/1188/1153 1179/1179/1144 1178/1178/1143
f 1189/1189/1154 1180/1180/1145 1179/1179/1144
f 1190/1190/1155 1181/1181/1146 1180/1180/1145
f 1191/1191/1156 1182/1182/1147 1181/1181/1146
f 1192/1192/1157 1183/1183/1148 1182/1182/1147
f 1193/1193/1158 1184/1184/1149 1183/1183/1148
f 1194/1194/1159 1185/1185/1150 1184/1184/1149
f 1195/1195/1160 1196/1196/1161 1185/1185/1150
f 1196/1196/1161 1197/1197/1162 1187/1187/1152
f 1198/1198/1163 1189/1189/1154 1188/1188/1153
f 1199/1199/1164 1190/1190/1155 1189/1189/1154
f 1200/1200/1165 1191/1191/1156 1190/1190/1155
f 1201/1201/1166 1192/1192/1157 1191/1191/1156
f 1202/1202/1167 1193/1193/1158 1192/1192/1157
f 1203/1203/1168 1194/1194/1159 1193/1193/1158
f 1204/1204/1169 1195/1195/1160 1194/1194/1159
f 1205/1205/1170 1206/1206/1171 1195/1195/1160
f 1206/1206/1171 1207/1207/1172 1197/1197/1162
f 1208/1208/1173 1199/1199/1164 1198/1198/1163
f 1209/1209/1174 1200/1200/1165 1199/1199/1164
f 1210/1210/1175 1201/1201/1166 1200/1200/1165
f 1211/1211/1176 1202/1202/1167 1201/1201/1166
f 1212/1212/1177 1203/1203/1168 1202/1202/1167
f 1213/1213/1178 1204/1204/1169 1203/1203/1168
f 1214/1214/1179 1205/1205/1170 1204/1204/1169
f 1215/1215/1180 1216/1216/1181 1205/1205/1170
f 1216/1216/1181 1217/1217/1182 1207/1207/1172
f 1218/1218/1183 1209/1209/1174 1208/1208/1173
f 1219/1219/1184 1210/1210/1175 1209/1209/1174
f 1220/1220/1185 1211/1211/1176 1210/1210/1175
f 1221/1221/1186 1212/1212/1177 1211/1211/1176
f 1222/1222/1187 1213/1213/1178 1212/1212/1177
f 1223/1223/1188 1214/1214/1179 1213/1213/1178
f 1224/1224/1189 1215/1215/1180 1214/1214/1179
f 1225/1225/1190 1226/1226/1191 1215/1215/1180
f 1226/1226/1191 1227/1227/1192 1217/1217/1182
f 1218/1218/1183 1228/1228/1193 1219/1219/1184
f 1228/1228/1193 1220/1220/1185 1219/1219/1184
f 1229/1229/1194 1221/1221/1186 1220/1220/1185
f 1230/1230/1195 1222/1222/1187 1221/1221/1186
f 1231/1231/1196 1223/1223/1188 1222/1222/1187
f 1232/1232/1197 1224/1224/1189 1223/1223/1188
f 1233/1233/1198 1225/1225/1190 1224/1224/1189
f 1234/1234/1199 1235/1235/1200 1225/1225/1190
f 1235/1235/1200 1236/1236/1201 1227/1227/1192
f 1237/1237/1202 1238/1238/1203 1239/1239/1204
f 1239/1239/1204 1240/1240/1205 1241/1241/1206
f 1241/1241/1206 1242/1242/1207 1243/1243/1208
f 1243/1243/1208 1244/1244/1209 1245/1245/1210
f 1245/1245/1210 1246/1246/1211 1247/1247/1212
f 1247/1247/1212 1248/1248/1213 1249/1249/1214
f 1249/1249/1214 1250/1250/1215 1251/1251/1216
f 1251/1251/1216 1252/1252/1217 1253/1253/1218
f 1253/1253/1218 1254/1254/1219 1255/1255/1220
f 1256/1256/1220 1257/1257/1221 1258/1258/1222
f 1258/1258/1222 1259/1259/1223 1260/1260/1224
f 1260/1260/1224 1261/1261/1225 1262/1262/1226
f 1262/1262/1226 1263/1263/1227 1264/1264/1228
f 1264/1264/1228 1265/1265/1229 1266/1266/1230
f 1266/1266/1230 1267/1267/1231 1268/1268/1152
f 1268/1268/1152 1269/1269/1232 1270/1270/1233
f 1270/1270/1233 1271/1271/1234 1272/1272/1235
f 1272/1272/1235 1273/1273/1236 1274/1274/1237
f 1274/1274/1237 1275/1275/1238 1276/1276/1239
f 1276/1276/1239 1277/1277/1240 1278/1278/1241
f 1277/1277/1240 1279/1279/1242 1278/1278/1241
f 1280/1280/1243 1281/1281/1244 1279/1279/1242
f 1282/1282/1245 1283/1283/1246 1257/1257/1221
f 1257/1257/1221 1284/1284/1247 1259/1259/1223
f 1284/1284/1247 1261/1261/1225 1259/1259/1223
f 1285/1285/1248 1263/1263/1227 1261/1261/1225
f 1286/1286/1249 1265/1265/1229 1263/1263/1227
f 1287/1287/1250 1267/1267/1231 1265/1265/1229
f 1288/1288/1251 1269/1269/1232 1267/1267/1231
f 1289/1289/1252 1271/1271/1234 1269/1269/1232
f 1290/1290/1253 1273/1273/1236 1271/1271/1234
f 1291/1291/1254 1275/1275/1238 1273/1273/1236
f 1292/1292/1255 1277/1277/1240 1275/1275/1238
f 1293/1293/1256 1280/1280/1243 1277/1277/1240
f 1294/1294/1257 1295/1295/1258 1280/1280/1243
f 1296/1296/1259 1297/1297/1260 1283/1283/1246
f 1297/1297/1260 1284/1284/1247 1283/1283/1246
f 1298/1298/1261 1285/1285/1248 1284/1284/1247
f 1299/1299/1262 1286/1286/1249 1285/1285/1248
f 1300/1300/1263 1287/1287/1250 1286/1286/1249
f 1301/1301/1264 1288/1288/1251 1287/1287/1250
f 1302/1302/1265 1289/1289/1252 1288/1288/1251
f 1303/1303/1266 1290/1290/1253 1289/1289/1252
f 1304/1304/1267 1291/1291/1254 1290/1290/1253
f 1305/1305/1268 1292/1292/1255 1291/1291/1254
f 1306/1306/1269 1293/1293/1256 1292/1292/1255
f 1307/1307/1270 1294/1294/1257 1293/1293/1256
f 1308/1308/1271 1309/1309/1272 1294/1294/1257
f 1310/1310/1273 1311/1311/1274 1297/1297/1260
f 1311/1311/1274 1298/1298/1261 1297/1297/1260
f 1312/1312/1275 1299/1299/1262 1298/1298/1261
f 1313/1313/1276 1300/1300/1263 1299/1299/1262
f 1314/1314/1277 1301/1301/1264 1300/1300/1263
f 1315/1315/1278 1302/1302/1265 1301/1301/1264
f 1316/1316/1279 1303/1303/1266 1302/1302/1265
f 1317/1317/1280 1304/1304/1267 1303/1303/1266
f 1318/1318/1281 1305/1305/1268 1304/1304/1267
f 1319/1319/1282 1306/1306/1269 1305/1305/1268
f 1320/1320/1283 1307/1307/1270 1306/1306/1269
f 1321/1321/1284 1308/1308/1271 1307/1307/1270
f 1322/1322/1285 1323/1323/342 1308/1308/1271
f 1324/1324/1286 1325/1325/1287 1311/1311/1274
f 1325/1325/1287 1312/1312/1275 1311/1311/1274
f 1326/1326/1288 1313/1313/1276 1312/1312/1275
f 1327/1327/1289 1314/1314/1277 1313/1313/1276
f 1328/1328/1290 1315/1315/1278 1314/1314/1277
f 1329/1329/1291 1316/1316/1279 1315/1315/1278
f 1330/1330/1292 1317/1317/1280 1316/1316/1279
f 1331/1331/1293 1318/1318/1281 1317/1317/1280
f 1332/1332/1294 1319/1319/1282 1318/1318/1281
f 1333/1333/1295 1320/1320/1283 1319/1319/1282
f 1334/1334/1296 1321/1321/1284 1320/1320/1283
f 1335/1335/1297 1322/1322/1285 1321/1321/1284
f 1336/1336/1298 1337/1337/325 1322/1322/1285
f 1338/1338/1299 1339/1339/1300 1325/1325/1287
f 1339/1339/1300 1326/1326/1288 1325/1325/1287
f 1340/1340/1301 1327/1327/1289 1326/1326/1288
f 1341/1341/1302 1328/1328/1290 1327/1327/1289
f 1342/1342/1303 1329/1329/1291 1328/1328/1290
f 1343/1343/1304 1330/1330/1292 1329/1329/1291
f 1344/1344/1305 1331/1331/1293 1330/1330/1292
f 1345/1345/1306 1332/1332/1294 1331/1331/1293
f 1346/1346/1307 1333/1333/1295 1332/1332/1294
f 1347/1347/1308 1334/1334/1296 1333/1333/1295
f 1348/1348/1309 1335/1335/1297 1334/1334/1296
f 1349/1349/1310 1336/1336/1298 1335/1335/1297
f 1350/1350/1311 1351/1351/1312 1336/1336/1298
f 1352/1352/1313 1353/1353/1314 1339/1339/1300
f 1353/1353/1314 1340/1340/1301 1339/1339/1300
f 1354/1354/1315 1341/1341/1302 1340/1340/1301
f 1355/1355/1316 1342/1342/1303 1341/1341/1302
f 1356/1356/1317 1343/1343/1304 1342/1342/1303
f 1357/1357/1318 1344/1344/1305 1343/1343/1304
f 1358/1358/1319 1345/1345/1306 1344/1344/1305
f 1359/1359/1320 1346/1346/1307 1345/1345/1306
f 1360/1360/1321 1347/1347/1308 1346/1346/1307
f 1361/1361/1322 1348/1348/1309 1347/1347/1308
f 1362/1362/1323 1349/1349/1310 1348/1348/1309
f 1363/1363/1324 1350/1350/1311 1349/1349/1310
f 1364/1364/1325 1365/1365/307 1350/1350/1311
f 1366/1366/1326 1367/1367/1327 1353/1353/1314
f 1367/1367/1327 1354/1354/1315 1353/1353/1314
f 1368/1368/1328 1355/1355/1316 1354/1354/1315
f 1369/1369/1329 1356/1356/1317 1355/1355/1316
f 1370/1370/1330 1357/1357/1318 1356/1356/1317
f 1371/1371/1331 1358/1358/1319 1357/1357/1318
f 1372/1372/1332 1359/1359/1320 1358/1358/1319
f 1373/1373/1333 1360/1360/1321 1359/1359/1320
f 1374/1374/1334 1361/1361/1322 1360/1360/1321
f 1375/1375/1335 1362/1362/1323 1361/1361/1322
f 1376/1376/1336 1363/1363/1324 1362/1362/1323
f 1377/1377/1337 1364/1364/1325 1363/1363/1324
f 1378/1378/1338 1379/1379/1339 1364/1364/1325
f 1237/1237/1202 1367/1367/1327 1380/1380/1340
f 1381/1381/1341 1368/1368/1328 1367/1367/1327
f 1218/1218/1183 1369/1369/1329 1368/1368/1328
f 1208/1208/1173 1370/1370/1330 1369/1369/1329
f 1198/1198/1163 1371/1371/1331 1370/1370/1330
f 1188/1188/1153 1372/1372/1332 1371/1371/1331
f 1178/1178/1143 1373/1373/1333 1372/1372/1332
f 1168/1168/1133 1374/1374/1334 1373/1373/1333
f 1158/1158/1123 1375/1375/1335 1374/1374/1334
f 1148/1148/1113 1376/1376/1336 1375/1375/1335
f 1138/1138/1103 1377/1377/1337 1376/1376/1336
f 1128/1128/1093 1378/1378/1338 1377/1377/1337
f 1109/1109/1078 1382/1382/1342 1378/1378/1338
f 417/417/417 197/197/197 199/199/199
f 832/832/814 621/621/606 612/612/599
f 1383/1383/1343 1384/1384/1344 1385/1385/1345
f 1386/1386/521 1387/1387/1346 1388/1388/1347
f 1389/1389/1348 1390/1390/1349 1391/1391/1350
f 1392/1392/1351 1393/1393/1352 1394/1394/1353
f 1395/1395/1354 1396/1396/1355 1397/1397/1356
f 1398/1398/1357 1399/1399/1358 1400/1400/1359
f 1401/1401/1360 1402/1402/1361 1403/1403/1362
f 1404/1404/1363 1405/1405/1364 1406/1406/1365
f 1407/1407/1366 1408/1408/1367 1409/1409/1368
f 1410/1410/1369 1411/1411/1370 1412/1412/1371
f 1392/1392/1351 1413/1413/1372 1414/1414/1373
f 1415/1415/1374 1416/1416/1375 1396/1396/1355
f 1417/1417/1376 1387/1387/1346 1402/1402/1361
f 1385/1385/1345 1418/1418/1377 1419/1419/1378
f 1420/1420/1379 1421/1421/1380 1408/1408/1367
f 1391/1391/1350 1422/1422/1381 1423/1423/143
f 1424/1424/1382 1425/1425/1383 1426/1426/1384
f 1427/1427/1385 1428/1428/1386 1413/1413/1372
f 1400/1400/1359 1429/1429/1387 1383/1383/1343
f 1430/1430/1388 1431/1431/1389 1416/1416/1375
f 1394/1394/1353 1432/1432/1390 1433/1433/1391
f 1406/1406/1365 1434/1434/1392 1389/1389/1348
f 1435/1435/1393 1436/1436/1394 1421/1421/1380
f 1412/1412/1371 1437/1437/1395 1386/1386/521
f 1438/1438/1396 1439/1439/1397 1428/1428/1386
f 1404/1404/1363 1432/1432/1390 1440/1440/1398
f 1441/1441/1399 1426/1426/1384 1431/1431/1389
f 1419/1419/1378 1442/1442/1400 1410/1410/1369
f 1443/1443/1401 1397/1397/1356 1436/1436/1394
f 1423/1423/143 1425/1425/1383 1444/1444/1402
f 1407/1407/1366 1445/1445/1403 1398/1398/1357
f 1446/1446/1404 1403/1403/1362 1439/1439/1397
f 1434/1434/1392 1447/1447/1405 1390/1390/1349
f 1411/1411/1370 1448/1448/1406 1449/1449/1407
f 1405/1405/1364 1450/1450/1408 1434/1434/1392
f 1442/1442/1400 1451/1451/1409 1448/1448/1406
f 1440/1440/1398 1452/1452/1410 1405/1405/1364
f 1418/1418/1377 1453/1453/1411 1451/1451/1409
f 1440/1440/1398 1454/1454/1412 1455/1455/1413
f 1429/1429/1387 1453/1453/1411 1384/1384/1344
f 1393/1393/1352 1454/1454/1412 1432/1432/1390
f 1393/1393/1352 1456/1456/1414 1457/1457/1415
f 1399/1399/1358 1458/1458/1416 1429/1429/1387
f 1409/1409/1368 1459/1459/1417 1460/1460/1418
f 1414/1414/1373 1461/1461/1419 1456/1456/1414
f 1445/1445/1403 1462/1462/1420 1399/1399/1358
f 1408/1408/1367 1463/1463/1421 1459/1459/1417
f 1413/1413/1372 1464/1464/1422 1461/1461/1419
f 1409/1409/1368 1465/1465/1423 1445/1445/1403
f 1421/1421/1380 1466/1466/1424 1463/1463/1421
f 1428/1428/1386 1467/1467/1425 1464/1464/1422
f 1437/1437/1395 1468/1468/1426 1387/1387/1346
f 1397/1397/1356 1466/1466/1424 1436/1436/1394
f 1439/1439/1397 1469/1469/1427 1467/1467/1425
f 1425/1425/1383 1470/1470/1428 1426/1426/1384
f 1396/1396/1355 1471/1471/1429 1397/1397/1356
f 1403/1403/1362 1472/1472/1430 1469/1469/1427
f 1416/1416/1375 1473/1473/1431 1396/1396/1355
f 1402/1402/1361 1468/1468/1426 1472/1472/1430
f 1431/1431/1389 1474/1474/1432 1416/1416/1375
f 1422/1422/1381 1475/1475/1433 1425/1425/1383
f 1426/1426/1384 1476/1476/1434 1431/1431/1389
f 1390/1390/1349 1477/1477/1435 1422/1422/1381
f 1437/1437/1395 1449/1449/1407 1478/1478/1436
f 1479/1479/1437 1480/1480/1438 1481/1481/1439
f 1482/1482/255 1483/1483/1440 1484/1484/1441
f 1485/1485/1442 1486/1486/1443 1487/1487/1444
f 1488/1488/646 1489/1489/1445 1490/1490/1446
f 1491/1491/1447 1492/1492/1448 1493/1493/1449
f 1494/1494/1450 1495/1495/1451 1496/1496/1452
f 1497/1497/615 1498/1498/1453 1499/1499/1454
f 1500/1500/1455 1501/1501/1456 1479/1479/1437
f 1502/1502/630 1503/1503/1457 1504/1504/1458
f 1505/1505/1459 1506/1506/1460 1507/1507/1461
f 1508/1508/1462 1509/1509/1463 1486/1486/1443
f 1510/1510/648 1511/1511/1464 1489/1489/1445
f 1484/1484/1441 1512/1512/1465 1500/1500/1455
f 1505/1505/1459 1513/1513/1466 1514/1514/1467
f 1499/1499/1454 1515/1515/1468 1482/1482/255
f 1516/1516/1469 1493/1493/1449 1517/1517/1470
f 1496/1496/1452 1518/1518/1471 1519/1519/1472
f 1520/1520/1473 1509/1509/1463 1521/1521/1474
f 1504/1504/1458 1522/1522/1475 1523/1523/620
f 1507/1507/1461 1524/1524/1476 1525/1525/1477
f 1526/1526/650 1527/1527/1478 1511/1511/1464
f 1528/1528/641 1529/1529/1479 1513/1513/1466
f 1481/1481/1439 1530/1530/1480 1520/1520/1473
f 1531/1531/205 1532/1532/1481 1533/1533/1482
f 1534/1534/652 1535/1535/1483 1527/1527/1478
f 1536/1536/1484 1517/1517/1470 1532/1532/1481
f 1537/1537/1485 1518/1518/1471 1492/1492/1448
f 1485/1485/1442 1538/1538/1486 1494/1494/1450
f 1539/1539/1487 1533/1533/1482 1535/1535/1483
f 1523/1523/620 1540/1540/1488 1497/1497/615
f 1525/1525/1477 1541/1541/1489 1502/1502/630
f 1542/1542/644 1490/1490/1446 1529/1529/1479
f 1498/1498/1453 1543/1543/1490 1544/1544/1491
f 1492/1492/1448 1545/1545/1492 1493/1493/1449
f 1533/1533/1482 1546/1546/1493 1535/1535/1483
f 1540/1540/1488 1547/1547/1494 1543/1543/1490
f 1518/1518/1471 1548/1548/1495 1492/1492/1448
f 1532/1532/1481 1549/1549/1496 1533/1533/1482
f 1522/1522/1475 1550/1550/1497 1547/1547/1494
f 1495/1495/1451 1551/1551/1498 1518/1518/1471
f 1483/1483/1440 1552/1552/1499 1553/1553/1500
f 1503/1503/1457 1554/1554/1501 1550/1550/1497
f 1538/1538/1486 1555/1555/1502 1495/1495/1451
f 1541/1541/1489 1556/1556/1503 1554/1554/1501
f 1487/1487/1444 1557/1557/1504 1538/1538/1486
f 1506/1506/1460 1556/1556/1503 1524/1524/1476
f 1487/1487/1444 1558/1558/1505 1559/1559/1506
f 1514/1514/1467 1560/1560/1507 1506/1506/1460
f 1486/1486/1443 1561/1561/1508 1558/1558/1505
f 1513/1513/1466 1562/1562/1509 1514/1514/1467
f 1509/1509/1463 1563/1563/1510 1561/1561/1508
f 1529/1529/1479 1564/1564/1511 1513/1513/1466
f 1530/1530/1480 1565/1565/1512 1563/1563/1510
f 1490/1490/1446 1566/1566/1513 1529/1529/1479
f 1480/1480/1438 1567/1567/1514 1565/1565/1512
f 1489/1489/1445 1568/1568/1515 1490/1490/1446
f 1501/1501/1456 1569/1569/1516 1567/1567/1514
f 1511/1511/1464 1570/1570/1517 1489/1489/1445
f 1512/1512/1465 1553/1553/1500 1569/1569/1516
f 1517/1517/1470 1571/1571/1518 1532/1532/1481
f 1527/1527/1478 1572/1572/1519 1511/1511/1464
f 1515/1515/1468 1544/1544/1491 1552/1552/1499
f 1493/1493/1449 1573/1573/1520 1517/1517/1470
f 1535/1535/1483 1574/1574/1521 1527/1527/1478
f 1550/1550/1497 1554/1554/1501 1575/1575/1522
f 1555/1555/1502 1557/1557/1504 1575/1575/1522
f 1554/1554/1501 1556/1556/1503 1575/1575/1522
f 1557/1557/1504 1559/1559/1506 1575/1575/1522
f 1556/1556/1503 1560/1560/1507 1575/1575/1522
f 1559/1559/1506 1558/1558/1505 1575/1575/1522
f 1560/1560/1507 1562/1562/1509 1575/1575/1522
f 1558/1558/1505 1561/1561/1508 1575/1575/1522
f 1562/1562/1509 1564/1564/1511 1575/1575/1522
f 1561/1561/1508 1563/1563/1510 1575/1575/1522
f 1564/1564/1511 1566/1566/1513 1575/1575/1522
f 1563/1563/1510 1565/1565/1512 1575/1575/1522
f 1566/1566/1513 1568/1568/1515 1575/1575/1522
f 1565/1565/1512 1567/1567/1514 1575/1575/1522
f 1568/1568/1515 1570/1570/1517 1575/1575/1522
f 1567/1567/1514 1569/1569/1516 1575/1575/1522
f 1570/1570/1517 1572/1572/1519 1575/1575/1522
f 1569/1569/1516 1553/1553/1500 1575/1575/1522
f 1571/1571/1518 1573/1573/1520 1575/1575/1522
f 1572/1572/1519 1574/1574/1521 1575/1575/1522
f 1552/1552/1499 1544/1544/1491 1575/1575/1522
f 1573/1573/1520 1545/1545/1492 1575/1575/1522
f 1574/1574/1521 1546/1546/1493 1575/1575/1522
f 1544/1544/1491 1543/1543/1490 1575/1575/1522
f 1545/1545/1492 1548/1548/1495 1575/1575/1522
f 1546/1546/1493 1549/1549/1496 1575/1575/1522
f 1543/1543/1490 1547/1547/1494 1575/1575/1522
f 1548/1548/1495 1551/1551/1498 1575/1575/1522
f 1549/1549/1496 1571/1571/1518 1575/1575/1522
f 1547/1547/1494 1550/1550/1497 1575/1575/1522
f 1551/1551/1498 1555/1555/1502 1575/1575/1522
f 1553/1553/1500 1552/1552/1499 1575/1575/1522
f 1455/1455/1413 1454/1454/1412 1576/1576/1523
f 1453/1453/1411 1458/1458/1416 1576/1576/1523
f 1454/1454/1412 1457/1457/1415 1576/1576/1523
f 1457/1457/1415 1456/1456/1414 1576/1576/1523
f 1458/1458/1416 1462/1462/1420 1576/1576/1523
f 1460/1460/1418 1459/1459/1417 1576/1576/1523
f 1456/1456/1414 1461/1461/1419 1576/1576/1523
f 1462/1462/1420 1465/1465/1423 1576/1576/1523
f 1459/1459/1417 1463/1463/1421 1576/1576/1523
f 1461/1461/1419 1464/1464/1422 1576/1576/1523
f 1465/1465/1423 1460/1460/1418 1576/1576/1523
f 1463/1463/1421 1466/1466/1424 1576/1576/1523
f 1464/1464/1422 1467/1467/1425 1576/1576/1523
f 1468/1468/1426 1478/1478/1436 1576/1576/1523
f 1466/1466/1424 1471/1471/1429 1576/1576/1523
f 1467/1467/1425 1469/1469/1427 1576/1576/1523
f 1470/1470/1428 1475/1475/1433 1576/1576/1523
f 1471/1471/1429 1473/1473/1431 1576/1576/1523
f 1469/1469/1427 1472/1472/1430 1576/1576/1523
f 1473/1473/1431 1474/1474/1432 1576/1576/1523
f 1472/1472/1430 1468/1468/1426 1576/1576/1523
f 1474/1474/1432 1476/1476/1434 1576/1576/1523
f 1475/1475/1433 1477/1477/1435 1576/1576/1523
f 1476/1476/1434 1470/1470/1428 1576/1576/1523
f 1477/1477/1435 1447/1447/1405 1576/1576/1523
f 1478/1478/1436 1449/1449/1407 1576/1576/1523
f 1447/1447/1405 1450/1450/1408 1576/1576/1523
f 1449/1449/1407 1448/1448/1406 1576/1576/1523
f 1450/1450/1408 1452/1452/1410 1576/1576/1523
f 1448/1448/1406 1451/1451/1409 1576/1576/1523
f 1452/1452/1410 1455/1455/1413 1576/1576/1523
f 1451/1451/1409 1453/1453/1411 1576/1576/1523
f 609/609/596 418/418/418 610/610/597
f 605/605/592 610/610/597 606/606/593
f 593/593/580 606/606/593 594/594/581
f 593/593/580 582/582/569 581/581/568
f 581/581/568 570/570/557 569/569/556
f 569/569/556 546/546/533 557/557/544
f 557/557/544 533/533/520 531/531/519
f 531/531/519 535/535/522 532/532/25
f 431/431/431 1577/1577/117 1578/1578/1524
f 429/429/429 1578/1578/1524 1579/1579/1525
f 1580/1580/1526 429/429/429 1579/1579/1525
f 1581/1581/1527 427/427/427 1580/1580/1526
f 1582/1582/1528 425/425/425 1581/1581/1527
f 1583/1583/1529 423/423/423 1582/1582/1528
f 420/420/420 1583/1583/1529 1584/1584/1379
f 418/418/418 1584/1584/1379 611/611/598
f 194/194/194 3/3/3 190/190/190
f 194/194/194 178/178/178 189/189/189
f 189/189/189 179/179/179 177/177/177
f 177/177/177 166/166/166 165/165/165
f 165/165/165 154/154/154 140/140/140
f 140/140/140 130/130/130 141/141/141
f 141/141/141 116/116/116 129/129/129
f 129/129/129 118/118/118 115/115/115
f 14/14/14 1585/1585/521 1586/1586/1347
f 13/13/13 1586/1586/1347 1587/1587/1530
f 1588/1588/1531 13/13/13 1587/1587/1530
f 1589/1589/1532 11/11/11 1588/1588/1531
f 1590/1590/1533 9/9/9 1589/1589/1532
f 1591/1591/1534 7/7/7 1590/1590/1533
f 2/2/2 1591/1591/1534 1592/1592/1535
f 3/3/3 1592/1592/1535 195/195/195
f 1593/1593/1536 1594/1594/1537 1595/1595/1538
f 1596/1596/1539 1597/1597/1540 1598/1598/1541
f 1599/1599/1542 1600/1600/1543 1601/1601/1544
f 1602/1602/1545 1603/1603/1546 1604/1604/1547
f 1605/1605/1548 1606/1606/1549 1607/1607/1550
f 1608/1608/1551 1609/1609/1552 1610/1610/1553
f 1611/1611/1213 1612/1612/1554 1613/1613/1555
f 1610/1610/1553 1614/1614/1556 1615/1615/1557
f 1613/1613/1555 1616/1616/1558 1617/1617/1217
f 1596/1596/1539 1595/1595/1538 1618/1618/1559
f 1598/1598/1541 1619/1619/1560 1599/1599/1542
f 1620/1620/1561 1600/1600/1543 1603/1603/1546
f 1621/1621/1203 1607/1607/1550 1622/1622/1562
f 1623/1623/1563 1604/1604/1547 1606/1606/1549
f 1624/1624/1564 1614/1614/1556 1625/1625/1565
f 1626/1626/1566 1616/1616/1558 1594/1594/1537
f 1608/1608/1551 1622/1622/1562 1627/1627/1567
f 1624/1624/1564 1628/1628/1568 1611/1611/1213
f 1629/1629/1569 1630/1630/1570 1631/1631/1571
f 1632/1632/1572 1633/1633/1573 1634/1634/1574
f 1635/1635/1575 1636/1636/1576 1637/1637/1577
f 1638/1638/1578 1639/1639/1579 1640/1640/1580
f 1641/1641/1581 1642/1642/1582 1643/1643/1583
f 1644/1644/1584 1645/1645/1585 1646/1646/943
f 1647/1647/1586 1648/1648/1587 1649/1649/1588
f 1650/1650/1589 1630/1630/1570 1651/1651/1590
f 1652/1652/957 1653/1653/1591 1633/1633/1573
f 1654/1654/1592 1655/1655/1593 1644/1644/1584
f 1656/1656/1594 1657/1657/1595 1650/1650/1589
f 1637/1637/1577 1653/1653/1591 1658/1658/959
f 1635/1635/1575 1640/1640/1580 1659/1659/1596
f 1660/1660/1597 1642/1642/1582 1639/1639/1579
f 1649/1649/1588 1661/1661/1598 1641/1641/1581
f 1646/1646/943 1662/1662/1599 1647/1647/1586
f 1654/1654/1592 1631/1631/1571 1663/1663/1600
f 1656/1656/1594 1634/1634/1574 1664/1664/1601
f 1662/1662/1599 1665/1665/1602 1666/1666/1603
f 1659/1659/1596 1667/1667/1604 1636/1636/1576
f 1631/1631/1571 1668/1668/1605 1669/1669/1606
f 1659/1659/1596 1670/1670/1607 1671/1671/1608
f 1657/1657/1595 1668/1668/1605 1630/1630/1570
f 1640/1640/1580 1672/1672/1609 1670/1670/1607
f 1664/1664/1601 1673/1673/1610 1657/1657/1595
f 1642/1642/1582 1672/1672/1609 1639/1639/1579
f 1634/1634/1574 1674/1674/1611 1664/1664/1601
f 1642/1642/1582 1675/1675/1612 1676/1676/1613
f 1633/1633/1573 1677/1677/1614 1634/1634/1574
f 1645/1645/1585 1678/1678/1615 1665/1665/1602
f 1661/1661/1598 1679/1679/1616 1675/1675/1612
f 1653/1653/1591 1680/1680/1617 1633/1633/1573
f 1655/1655/1593 1681/1681/1618 1678/1678/1615
f 1648/1648/1587 1666/1666/1603 1679/1679/1616
f 1636/1636/1576 1682/1682/1619 1653/1653/1591
f 1663/1663/1600 1669/1669/1606 1681/1681/1618
f 1604/1604/1547 1683/1683/1620 1606/1606/1549
f 1595/1595/1538 1684/1684/1621 1685/1685/1622
f 1627/1627/1567 1686/1686/1623 1609/1609/1552
f 1606/1606/1549 1687/1687/1624 1607/1607/1550
f 1618/1618/1559 1685/1685/1622 1688/1688/1625
f 1614/1614/1556 1686/1686/1623 1689/1689/1626
f 1618/1618/1559 1690/1690/1627 1597/1597/1540
f 1625/1625/1565 1689/1689/1626 1691/1691/1628
f 1597/1597/1540 1692/1692/1629 1619/1619/1560
f 1628/1628/1568 1691/1691/1628 1693/1693/1630
f 1619/1619/1560 1694/1694/1631 1600/1600/1543
f 1612/1612/1554 1693/1693/1630 1695/1695/1632
f 1600/1600/1543 1696/1696/1633 1603/1603/1546
f 1616/1616/1558 1695/1695/1632 1697/1697/1634
f 1607/1607/1550 1698/1698/1635 1622/1622/1562
f 1603/1603/1546 1699/1699/1636 1604/1604/1547
f 1594/1594/1537 1697/1697/1634 1684/1684/1621
f 1622/1622/1562 1700/1700/1637 1627/1627/1567
f 1671/1671/1608 1670/1670/1607 1701/1701/1638
f 1668/1668/1605 1673/1673/1610 1701/1701/1638
f 1670/1670/1607 1672/1672/1609 1701/1701/1638
f 1673/1673/1610 1674/1674/1611 1701/1701/1638
f 1672/1672/1609 1676/1676/1613 1701/1701/1638
f 1674/1674/1611 1677/1677/1614 1701/1701/1638
f 1676/1676/1613 1675/1675/1612 1701/1701/1638
f 1677/1677/1614 1680/1680/1617 1701/1701/1638
f 1665/1665/1602 1678/1678/1615 1701/1701/1638
f 1675/1675/1612 1679/1679/1616 1701/1701/1638
f 1680/1680/1617 1682/1682/1619 1701/1701/1638
f 1678/1678/1615 1681/1681/1618 1701/1701/1638
f 1679/1679/1616 1666/1666/1603 1701/1701/1638
f 1682/1682/1619 1667/1667/1604 1701/1701/1638
f 1681/1681/1618 1669/1669/1606 1701/1701/1638
f 1666/1666/1603 1665/1665/1602 1701/1701/1638
f 1667/1667/1604 1671/1671/1608 1701/1701/1638
f 1669/1669/1606 1668/1668/1605 1701/1701/1638
f 1692/1692/1629 1690/1690/1627 1702/1702/1639
f 1693/1693/1630 1691/1691/1628 1702/1702/1639
f 1694/1694/1631 1692/1692/1629 1702/1702/1639
f 1695/1695/1632 1693/1693/1630 1702/1702/1639
f 1696/1696/1633 1694/1694/1631 1702/1702/1639
f 1697/1697/1634 1695/1695/1632 1702/1702/1639
f 1698/1698/1635 1687/1687/1624 1702/1702/1639
f 1699/1699/1636 1696/1696/1633 1702/1702/1639
f 1684/1684/1621 1697/1697/1634 1702/1702/1639
f 1700/1700/1637 1698/1698/1635 1702/1702/1639
f 1683/1683/1620 1699/1699/1636 1702/1702/1639
f 1685/1685/1622 1684/1684/1621 1702/1702/1639
f 1686/1686/1623 1700/1700/1637 1702/1702/1639
f 1687/1687/1624 1683/1683/1620 1702/1702/1639
f 1688/1688/1625 1685/1685/1622 1702/1702/1639
f 1689/1689/1626 1686/1686/1623 1702/1702/1639
f 1690/1690/1627 1688/1688/1625 1702/1702/1639
f 1691/1691/1628 1689/1689/1626 1702/1702/1639
f 1703/1703/1563 1237/1237/1202 1380/1380/1340
f 1704/1704/1640 1380/1380/1340 1366/1366/1326
f 1705/1705/1641 1366/1366/1326 1352/1352/1313
f 1706/1706/1544 1352/1352/1313 1338/1338/1299
f 1707/1707/1542 1338/1338/1299 1324/1324/1286
f 1708/1708/1642 1324/1324/1286 1310/1310/1273
f 1709/1709/1643 1310/1310/1273 1296/1296/1259
f 1710/1710/1536 1296/1296/1259 1282/1282/1245
f 1711/1711/1219 1282/1282/1245 1256/1256/1220
f 1712/1712/1644 1255/1255/1220 1236/1236/1201
f 1234/1234/1199 1253/1253/1218 1712/1712/1644
f 1233/1233/1198 1251/1251/1216 1234/1234/1199
f 1232/1232/1197 1249/1249/1214 1233/1233/1198
f 1231/1231/1196 1247/1247/1212 1232/1232/1197
f 1230/1230/1195 1245/1245/1210 1231/1231/1196
f 1229/1229/1194 1243/1243/1208 1230/1230/1195
f 1228/1228/1193 1241/1241/1206 1229/1229/1194
f 1381/1381/1341 1239/1239/1204 1228/1228/1193
f 1713/1713/1645 964/964/941 966/966/943
f 1714/1714/1646 1095/1095/1064 1713/1713/1645
f 1715/1715/1647 1081/1081/1051 1714/1714/1646
f 1716/1716/1583 1067/1067/1038 1715/1715/1647
f 1717/1717/1648 1053/1053/1024 1716/1716/1583
f 1718/1718/1649 1039/1039/1010 1717/1717/1648
f 1719/1719/1650 1025/1025/996 1718/1718/1649
f 1720/1720/1577 1011/1011/983 1719/1719/1650
f 1721/1721/1651 985/985/962 1720/1720/1577
f 963/963/940 1722/1722/1652 981/981/958
f 961/961/938 981/981/958 979/979/956
f 960/960/937 979/979/956 977/977/954
f 959/959/936 977/977/954 975/975/952
f 958/958/935 975/975/952 973/973/950
f 957/957/934 973/973/950 971/971/948
f 956/956/933 971/971/948 969/969/946
f 954/954/931 969/969/946 967/967/944
f 955/955/932 967/967/944 964/964/941
f 1/1/1 4/4/4 2/2/2
f 4/4/4 19/19/19 5/5/5
f 5/5/5 19/19/19 6/6/6
f 7/7/7 6/6/6 8/8/8
f 9/9/9 8/8/8 10/10/10
f 11/11/11 10/10/10 12/12/12
f 12/12/12 15/15/15 14/14/14
f 15/15/15 25/25/25 16/16/16
f 1/1/1 26/26/26 17/17/17
f 4/4/4 17/17/17 18/18/18
f 19/19/19 18/18/18 20/20/20
f 6/6/6 20/20/20 21/21/21
f 8/8/8 21/21/21 22/22/22
f 10/10/10 22/22/22 23/23/23
f 23/23/23 24/24/24 15/15/15
f 24/24/24 34/34/34 25/25/25
f 26/26/26 35/35/35 27/27/27
f 17/17/17 27/27/27 28/28/28
f 18/18/18 28/28/28 29/29/29
f 29/29/29 30/30/30 21/21/21
f 30/30/30 31/31/31 22/22/22
f 31/31/31 32/32/32 23/23/23
f 32/32/32 33/33/33 24/24/24
f 33/33/33 43/43/43 34/34/34
f 35/35/35 44/44/44 36/36/36
f 27/27/27 36/36/36 37/37/37
f 37/37/37 38/38/38 29/29/29
f 38/38/38 39/39/39 30/30/30
f 39/39/39 40/40/40 31/31/31
f 40/40/40 41/41/41 32/32/32
f 41/41/41 42/42/42 33/33/33
f 42/42/42 52/52/52 43/43/43
f 44/44/44 53/53/53 45/45/45
f 36/36/36 45/45/45 46/46/46
f 46/46/46 47/47/47 38/38/38
f 47/47/47 48/48/48 39/39/39
f 48/48/48 49/49/49 40/40/40
f 49/49/49 60/60/60 41/41/41
f 41/41/41 60/60/60 50/50/50
f 42/42/42 50/50/50 51/51/51
f 53/53/53 63/63/63 54/54/54
f 45/45/45 54/54/54 55/55/55
f 46/46/46 55/55/55 56/56/56
f 47/47/47 56/56/56 57/57/57
f 48/48/48 57/57/57 58/58/58
f 49/49/49 58/58/58 59/59/59
f 60/60/60 59/59/59 61/61/61
f 50/50/50 61/61/61 62/62/62
f 63/63/63 72/72/72 64/64/64
f 54/54/54 64/64/64 65/65/65
f 55/55/55 65/65/65 66/66/66
f 56/56/56 66/66/66 67/67/67
f 57/57/57 67/67/67 68/68/68
f 58/58/58 68/68/68 69/69/69
f 59/59/59 69/69/69 70/70/70
f 61/61/61 70/70/70 71/71/71
f 72/72/72 81/81/81 73/73/73
f 64/64/64 73/73/73 74/74/74
f 65/65/65 74/74/74 75/75/75
f 66/66/66 75/75/75 76/76/76
f 67/67/67 76/76/76 77/77/77
f 68/68/68 77/77/77 78/78/78
f 69/69/69 78/78/78 79/79/79
f 70/70/70 79/79/79 80/80/80
f 81/81/81 90/90/90 82/82/82
f 73/73/73 82/82/82 83/83/83
f 74/74/74 83/83/83 84/84/84
f 75/75/75 84/84/84 85/85/85
f 76/76/76 85/85/85 86/86/86
f 77/77/77 86/86/86 87/87/87
f 78/78/78 87/87/87 88/88/88
f 79/79/79 88/88/88 89/89/89
f 90/90/90 192/192/192 91/91/91
f 82/82/82 91/91/91 92/92/92
f 83/83/83 92/92/92 93/93/93
f 84/84/84 93/93/93 94/94/94
f 85/85/85 94/94/94 95/95/95
f 86/86/86 95/95/95 96/96/96
f 87/87/87 96/96/96 97/97/97
f 88/88/88 97/97/97 98/98/98
f 99/99/99 119/119/119 100/100/100
f 101/101/101 100/100/100 102/102/102
f 103/103/103 102/102/102 104/104/104
f 105/105/105 104/104/104 106/106/106
f 106/106/106 125/125/125 108/108/108
f 108/108/108 125/125/125 109/109/109
f 110/110/110 109/109/109 111/111/111
f 111/111/111 114/114/114 113/113/113
f 114/114/114 129/129/129 115/115/115
f 116/116/116 131/131/131 117/117/117
f 119/119/119 132/132/132 120/120/120
f 100/100/100 120/120/120 121/121/121
f 102/102/102 121/121/121 122/122/122
f 104/104/104 122/122/122 123/123/123
f 106/106/106 123/123/123 124/124/124
f 124/124/124 126/126/126 109/109/109
f 126/126/126 127/127/127 111/111/111
f 127/127/127 128/128/128 114/114/114
f 128/128/128 141/141/141 129/129/129
f 130/130/130 143/143/143 131/131/131
f 132/132/132 144/144/144 133/133/133
f 120/120/120 133/133/133 134/134/134
f 121/121/121 134/134/134 135/135/135
f 135/135/135 136/136/136 123/123/123
f 136/136/136 137/137/137 124/124/124
f 137/137/137 138/138/138 126/126/126
f 138/138/138 139/139/139 127/127/127
f 139/139/139 152/152/152 128/128/128
f 128/128/128 152/152/152 140/140/140
f 130/130/130 154/154/154 142/142/142
f 144/144/144 156/156/156 145/145/145
f 133/133/133 145/145/145 146/146/146
f 134/134/134 146/146/146 147/147/147
f 135/135/135 147/147/147 148/148/148
f 136/136/136 148/148/148 149/149/149
f 137/137/137 149/149/149 150/150/150
f 150/150/150 151/151/151 139/139/139
f 151/151/151 153/153/153 152/152/152
f 153/153/153 165/165/165 140/140/140
f 154/154/154 166/166/166 155/155/155
f 156/156/156 168/168/168 157/157/157
f 145/145/145 157/157/157 158/158/158
f 146/146/146 158/158/158 159/159/159
f 147/147/147 159/159/159 160/160/160
f 148/148/148 160/160/160 161/161/161
f 149/149/149 161/161/161 162/162/162
f 162/162/162 163/163/163 151/151/151
f 163/163/163 164/164/164 153/153/153
f 164/164/164 177/177/177 165/165/165
f 166/166/166 179/179/179 167/167/167
f 168/168/168 180/180/180 169/169/169
f 157/157/157 169/169/169 170/170/170
f 158/158/158 170/170/170 171/171/171
f 159/159/159 171/171/171 172/172/172
f 160/160/160 172/172/172 173/173/173
f 161/161/161 173/173/173 174/174/174
f 174/174/174 175/175/175 163/163/163
f 175/175/175 176/176/176 164/164/164
f 176/176/176 189/189/189 177/177/177
f 178/178/178 191/191/191 167/167/167
f 180/180/180 193/193/193 181/181/181
f 169/169/169 181/181/181 182/182/182
f 170/170/170 182/182/182 183/183/183
f 171/171/171 183/183/183 184/184/184
f 172/172/172 184/184/184 185/185/185
f 173/173/173 185/185/185 186/186/186
f 186/186/186 187/187/187 175/175/175
f 187/187/187 188/188/188 176/176/176
f 188/188/188 194/194/194 189/189/189
f 190/190/190 196/196/196 191/191/191
f 192/192/192 90/90/90 181/181/181
f 181/181/181 90/90/90 81/81/81
f 182/182/182 81/81/81 72/72/72
f 183/183/183 72/72/72 63/63/63
f 184/184/184 63/63/63 53/53/53
f 185/185/185 53/53/53 44/44/44
f 186/186/186 44/44/44 35/35/35
f 187/187/187 35/35/35 26/26/26
f 188/188/188 26/26/26 1/1/1
f 190/190/190 3/3/3 195/195/195
f 197/197/197 200/200/200 198/198/198
f 200/200/200 202/202/202 201/201/201
f 202/202/202 209/209/209 203/203/203
f 203/203/203 209/209/209 204/204/204
f 206/206/206 207/207/207 200/200/200
f 207/207/207 208/208/208 202/202/202
f 208/208/208 214/214/214 209/209/209
f 209/209/209 214/214/214 210/210/210
f 211/211/211 212/212/212 207/207/207
f 212/212/212 213/213/213 208/208/208
f 213/213/213 219/219/219 214/214/214
f 214/214/214 219/219/219 215/215/215
f 216/216/216 217/217/217 212/212/212
f 217/217/217 218/218/218 213/213/213
f 218/218/218 220/220/220 219/219/219
f 220/220/220 225/225/225 215/215/215
f 221/221/221 222/222/222 217/217/217
f 222/222/222 223/223/223 218/218/218
f 223/223/223 224/224/224 220/220/220
f 224/224/224 230/230/230 225/225/225
f 226/226/226 227/227/227 222/222/222
f 227/227/227 228/228/228 223/223/223
f 228/228/228 234/234/234 224/224/224
f 224/224/224 234/234/234 229/229/229
f 226/226/226 236/236/236 231/231/231
f 227/227/227 231/231/231 232/232/232
f 228/228/228 232/232/232 233/233/233
f 234/234/234 233/233/233 235/235/235
f 236/236/236 280/280/280 237/237/237
f 231/231/231 237/237/237 238/238/238
f 232/232/232 238/238/238 239/239/239
f 233/233/233 239/239/239 240/240/240
f 240/240/240 239/239/239 241/241/241
f 242/242/242 241/241/241 243/243/243
f 244/244/244 243/243/243 245/245/245
f 245/245/245 248/248/248 247/247/247
f 248/248/248 260/260/260 249/249/249
f 249/249/249 260/260/260 250/250/250
f 251/251/251 250/250/250 252/252/252
f 253/253/253 252/252/252 254/254/254
f 239/239/239 238/238/238 256/256/256
f 241/241/241 256/256/256 257/257/257
f 257/257/257 258/258/258 245/245/245
f 258/258/258 259/259/259 248/248/248
f 259/259/259 261/261/261 260/260/260
f 261/261/261 262/262/262 250/250/250
f 262/262/262 263/263/263 252/252/252
f 263/263/263 271/271/271 254/254/254
f 238/238/238 237/237/237 264/264/264
f 256/256/256 264/264/264 265/265/265
f 265/265/265 266/266/266 258/258/258
f 266/266/266 267/267/267 259/259/259
f 267/267/267 268/268/268 261/261/261
f 268/268/268 269/269/269 262/262/262
f 269/269/269 270/270/270 263/263/263
f 270/270/270 279/279/279 271/271/271
f 237/237/237 280/280/280 272/272/272
f 264/264/264 272/272/272 273/273/273
f 273/273/273 274/274/274 266/266/266
f 274/274/274 275/275/275 267/267/267
f 275/275/275 276/276/276 268/268/268
f 276/276/276 277/277/277 269/269/269
f 277/277/277 278/278/278 270/270/270
f 278/278/278 289/289/289 279/279/279
f 280/280/280 290/290/290 281/281/281
f 272/272/272 281/281/281 282/282/282
f 273/273/273 282/282/282 283/283/283
f 274/274/274 283/283/283 284/284/284
f 275/275/275 284/284/284 285/285/285
f 276/276/276 285/285/285 286/286/286
f 277/277/277 286/286/286 287/287/287
f 278/278/278 287/287/287 288/288/288
f 290/290/290 299/299/299 291/291/291
f 281/281/281 291/291/291 292/292/292
f 282/282/282 292/292/292 293/293/293
f 283/283/283 293/293/293 294/294/294
f 284/284/284 294/294/294 295/295/295
f 285/285/285 295/295/295 296/296/296
f 286/286/286 296/296/296 297/297/297
f 287/287/287 297/297/297 298/298/298
f 299/299/299 308/308/308 300/300/300
f 291/291/291 300/300/300 301/301/301
f 292/292/292 301/301/301 302/302/302
f 293/293/293 302/302/302 303/303/303
f 294/294/294 303/303/303 304/304/304
f 295/295/295 304/304/304 305/305/305
f 296/296/296 305/305/305 306/306/306
f 297/297/297 306/306/306 307/307/307
f 308/308/308 317/317/317 309/309/309
f 300/300/300 309/309/309 310/310/310
f 301/301/301 310/310/310 311/311/311
f 302/302/302 311/311/311 312/312/312
f 303/303/303 312/312/312 313/313/313
f 304/304/304 313/313/313 314/314/314
f 305/305/305 314/314/314 315/315/315
f 306/306/306 315/315/315 316/316/316
f 317/317/317 326/326/326 318/318/318
f 309/309/309 318/318/318 319/319/319
f 310/310/310 319/319/319 320/320/320
f 311/311/311 320/320/320 321/321/321
f 312/312/312 321/321/321 322/322/322
f 313/313/313 322/322/322 323/323/323
f 314/314/314 323/323/323 324/324/324
f 315/315/315 324/324/324 325/325/325
f 326/326/326 334/334/334 327/327/327
f 318/318/318 327/327/327 328/328/328
f 319/319/319 328/328/328 329/329/329
f 329/329/329 330/330/330 321/321/321
f 330/330/330 331/331/331 322/322/322
f 331/331/331 332/332/332 323/323/323
f 332/332/332 333/333/333 324/324/324
f 333/333/333 342/342/342 325/325/325
f 334/334/334 344/344/344 335/335/335
f 335/335/335 336/336/336 328/328/328
f 336/336/336 337/337/337 329/329/329
f 337/337/337 338/338/338 330/330/330
f 338/338/338 339/339/339 331/331/331
f 339/339/339 340/340/340 332/332/332
f 340/340/340 341/341/341 333/333/333
f 341/341/341 352/352/352 342/342/342
f 343/343/343 345/345/345 335/335/335
f 345/345/345 346/346/346 336/336/336
f 346/346/346 347/347/347 337/337/337
f 347/347/347 348/348/348 338/338/338
f 348/348/348 349/349/349 339/339/339
f 349/349/349 350/350/350 340/340/340
f 350/350/350 351/351/351 341/341/341
f 351/351/351 353/353/353 352/352/352
f 192/192/192 193/193/193 345/345/345
f 193/193/193 180/180/180 346/346/346
f 180/180/180 168/168/168 347/347/347
f 168/168/168 156/156/156 348/348/348
f 156/156/156 144/144/144 349/349/349
f 144/144/144 132/132/132 350/350/350
f 132/132/132 119/119/119 351/351/351
f 119/119/119 99/99/99 353/353/353
f 192/192/192 343/343/343 354/354/354
f 91/91/91 354/354/354 355/355/355
f 92/92/92 355/355/355 356/356/356
f 93/93/93 356/356/356 357/357/357
f 94/94/94 357/357/357 358/358/358
f 95/95/95 358/358/358 359/359/359
f 96/96/96 359/359/359 360/360/360
f 97/97/97 360/360/360 361/361/361
f 343/343/343 344/344/344 362/362/362
f 354/354/354 362/362/362 363/363/363
f 355/355/355 363/363/363 364/364/364
f 356/356/356 364/364/364 365/365/365
f 357/357/357 365/365/365 366/366/366
f 358/358/358 366/366/366 367/367/367
f 359/359/359 367/367/367 368/368/368
f 360/360/360 368/368/368 369/369/369
f 334/334/334 377/377/377 362/362/362
f 362/362/362 377/377/377 370/370/370
f 363/363/363 370/370/370 371/371/371
f 364/364/364 371/371/371 372/372/372
f 365/365/365 372/372/372 373/373/373
f 366/366/366 373/373/373 374/374/374
f 367/367/367 374/374/374 375/375/375
f 368/368/368 375/375/375 376/376/376
f 326/326/326 378/378/378 377/377/377
f 378/378/378 379/379/379 370/370/370
f 379/379/379 387/387/387 371/371/371
f 371/371/371 387/387/387 380/380/380
f 372/372/372 380/380/380 381/381/381
f 373/373/373 381/381/381 382/382/382
f 374/374/374 382/382/382 383/383/383
f 375/375/375 383/383/383 384/384/384
f 317/317/317 385/385/385 378/378/378
f 385/385/385 386/386/386 379/379/379
f 386/386/386 388/388/388 387/387/387
f 388/388/388 389/389/389 380/380/380
f 389/389/389 390/390/390 381/381/381
f 390/390/390 391/391/391 382/382/382
f 391/391/391 392/392/392 383/383/383
f 392/392/392 400/400/400 384/384/384
f 308/308/308 393/393/393 385/385/385
f 393/393/393 394/394/394 386/386/386
f 394/394/394 395/395/395 388/388/388
f 395/395/395 396/396/396 389/389/389
f 396/396/396 397/397/397 390/390/390
f 397/397/397 398/398/398 391/391/391
f 398/398/398 399/399/399 392/392/392
f 399/399/399 408/408/408 400/400/400
f 299/299/299 401/401/401 393/393/393
f 401/401/401 402/402/402 394/394/394
f 402/402/402 403/403/403 395/395/395
f 403/403/403 404/404/404 396/396/396
f 404/404/404 405/405/405 397/397/397
f 405/405/405 406/406/406 398/398/398
f 406/406/406 407/407/407 399/399/399
f 407/407/407 416/416/416 408/408/408
f 290/290/290 409/409/409 401/401/401
f 409/409/409 410/410/410 402/402/402
f 410/410/410 411/411/411 403/403/403
f 411/411/411 412/412/412 404/404/404
f 412/412/412 413/413/413 405/405/405
f 413/413/413 414/414/414 406/406/406
f 414/414/414 415/415/415 407/407/407
f 415/415/415 417/417/417 416/416/416
f 280/280/280 236/236/236 409/409/409
f 236/236/236 226/226/226 410/410/410
f 226/226/226 221/221/221 411/411/411
f 221/221/221 216/216/216 412/412/412
f 216/216/216 211/211/211 413/413/413
f 211/211/211 206/206/206 414/414/414
f 206/206/206 197/197/197 415/415/415
f 418/418/418 434/434/433 419/419/419
f 420/420/420 419/419/419 421/421/421
f 421/421/421 424/424/424 423/423/423
f 424/424/424 426/426/426 425/425/425
f 426/426/426 428/428/428 427/427/427
f 428/428/428 430/430/430 429/429/429
f 430/430/430 432/432/432 431/431/431
f 432/432/432 442/442/115 433/433/118
f 434/434/433 443/443/441 435/435/434
f 419/419/419 435/435/434 436/436/435
f 436/436/435 437/437/436 424/424/424
f 437/437/436 438/438/437 426/426/426
f 438/438/437 439/439/438 428/428/428
f 439/439/438 440/440/439 430/430/430
f 440/440/439 441/441/440 432/432/432
f 441/441/440 450/450/448 442/442/115
f 443/443/441 451/451/449 444/444/442
f 435/435/434 444/444/442 445/445/443
f 445/445/443 446/446/444 437/437/436
f 446/446/444 447/447/445 438/438/437
f 447/447/445 448/448/446 439/439/438
f 448/448/446 457/457/455 440/440/439
f 440/440/439 457/457/455 449/449/447
f 449/449/447 459/459/112 450/450/448
f 451/451/449 461/461/458 452/452/450
f 444/444/442 452/452/450 453/453/451
f 453/453/451 454/454/452 446/446/444
f 454/454/452 455/455/453 447/447/445
f 455/455/453 466/466/463 448/448/446
f 448/448/446 466/466/463 456/456/454
f 457/457/455 456/456/454 458/458/456
f 458/458/456 470/470/110 459/459/112
f 460/460/457 462/462/459 452/452/450
f 462/462/459 463/463/460 453/453/451
f 463/463/460 464/464/461 454/454/452
f 464/464/461 465/465/462 455/455/453
f 465/465/462 467/467/464 466/466/463
f 467/467/464 477/477/472 456/456/454
f 456/456/454 477/477/472 468/468/465
f 458/458/456 468/468/465 469/469/108
f 471/471/466 472/472/467 462/462/459
f 472/472/467 473/473/468 463/463/460
f 473/473/468 474/474/469 464/464/461
f 474/474/469 475/475/470 465/465/462
f 475/475/470 476/476/471 467/467/464
f 476/476/471 486/486/480 477/477/472
f 477/477/472 486/486/480 478/478/473
f 468/468/465 478/478/473 479/479/107
f 480/480/474 481/481/475 472/472/467
f 481/481/475 482/482/476 473/473/468
f 482/482/476 483/483/477 474/474/469
f 483/483/477 484/484/478 475/475/470
f 484/484/478 494/494/487 476/476/471
f 476/476/471 494/494/487 485/485/479
f 486/486/480 485/485/479 487/487/481
f 478/478/473 487/487/481 488/488/105
f 489/489/482 490/490/483 481/481/475
f 490/490/483 491/491/484 482/482/476
f 491/491/484 501/501/494 483/483/477
f 483/483/477 501/501/494 492/492/485
f 484/484/478 492/492/485 493/493/486
f 494/494/487 493/493/486 495/495/488
f 485/485/479 495/495/488 496/496/489
f 487/487/481 496/496/489 497/497/490
f 498/498/491 499/499/492 490/490/483
f 499/499/492 508/508/501 491/491/484
f 491/491/484 508/508/501 500/500/493
f 501/501/494 500/500/493 502/502/495
f 492/492/485 502/502/495 503/503/496
f 503/503/496 512/512/505 495/495/488
f 495/495/488 512/512/505 504/504/497
f 496/496/489 504/504/497 505/505/498
f 506/506/499 507/507/500 499/499/492
f 507/507/500 771/771/753 508/508/501
f 508/508/501 771/771/753 509/509/502
f 500/500/493 509/509/502 510/510/503
f 510/510/503 511/511/504 503/503/496
f 511/511/504 776/776/758 512/512/505
f 512/512/505 776/776/758 513/513/506
f 504/504/497 513/513/506 514/514/99
f 515/515/507 536/536/523 516/516/508
f 517/517/509 516/516/508 518/518/510
f 519/519/80 518/518/510 520/520/511
f 521/521/71 520/520/511 522/522/512
f 522/522/512 542/542/529 524/524/51
f 524/524/51 542/542/529 525/525/513
f 526/526/514 525/525/513 527/527/515
f 528/528/516 527/527/515 529/529/517
f 530/530/518 529/529/517 531/531/519
f 533/533/520 547/547/534 534/534/521
f 536/536/523 549/549/536 537/537/524
f 516/516/508 537/537/524 538/538/525
f 518/518/510 538/538/525 539/539/526
f 520/520/511 539/539/526 540/540/527
f 522/522/512 540/540/527 541/541/528
f 542/542/529 541/541/528 543/543/530
f 525/525/513 543/543/530 544/544/531
f 527/527/515 544/544/531 545/545/532
f 545/545/532 557/557/544 531/531/519
f 546/546/533 559/559/546 547/547/534
f 548/548/535 550/550/537 537/537/524
f 550/550/537 562/562/549 538/538/525
f 538/538/525 562/562/549 551/551/538
f 539/539/526 551/551/538 552/552/539
f 540/540/527 552/552/539 553/553/540
f 541/541/528 553/553/540 554/554/541
f 543/543/530 554/554/541 555/555/542
f 555/555/542 556/556/543 545/545/532
f 556/556/543 569/569/556 557/557/544
f 546/546/533 570/570/557 558/558/545
f 548/548/535 572/572/559 560/560/547
f 550/550/537 560/560/547 561/561/548
f 562/562/549 561/561/548 563/563/550
f 551/551/538 563/563/550 564/564/551
f 564/564/551 565/565/552 553/553/540
f 565/565/552 566/566/553 554/554/541
f 566/566/553 567/567/554 555/555/542
f 567/567/554 568/568/555 556/556/543
f 568/568/555 581/581/568 569/569/556
f 570/570/557 582/582/569 571/571/558
f 572/572/559 584/584/571 573/573/560
f 560/560/547 573/573/560 574/574/561
f 561/561/548 574/574/561 575/575/562
f 563/563/550 575/575/562 576/576/563
f 576/576/563 577/577/564 565/565/552
f 577/577/564 578/578/565 566/566/553
f 578/578/565 579/579/566 567/567/554
f 579/579/566 580/580/567 568/568/555
f 580/580/567 593/593/580 581/581/568
f 582/582/569 594/594/581 583/583/570
f 584/584/571 596/596/583 585/585/572
f 573/573/560 585/585/572 586/586/573
f 574/574/561 586/586/573 587/587/574
f 575/575/562 587/587/574 588/588/575
f 576/576/563 588/588/575 589/589/576
f 589/589/576 590/590/577 578/578/565
f 590/590/577 591/591/578 579/579/566
f 591/591/578 592/592/579 580/580/567
f 592/592/579 605/605/592 593/593/580
f 594/594/581 606/606/593 595/595/582
f 596/596/583 608/608/595 597/597/584
f 585/585/572 597/597/584 598/598/585
f 586/586/573 598/598/585 599/599/586
f 587/587/574 599/599/586 600/600/587
f 588/588/575 600/600/587 601/601/588
f 589/589/576 601/601/588 602/602/589
f 590/590/577 602/602/589 603/603/590
f 603/603/590 604/604/591 592/592/579
f 604/604/591 609/609/596 605/605/592
f 606/606/593 610/610/597 607/607/594
f 608/608/595 506/506/499 498/498/491
f 597/597/584 498/498/491 489/489/482
f 598/598/585 489/489/482 480/480/474
f 599/599/586 480/480/474 471/471/466
f 600/600/587 471/471/466 460/460/457
f 601/601/588 460/460/457 461/461/458
f 602/602/589 461/461/458 451/451/449
f 603/603/590 451/451/449 443/443/441
f 604/604/591 443/443/441 434/434/433
f 610/610/597 418/418/418 611/611/598
f 612/612/599 615/615/601 613/613/279
f 615/615/601 617/617/603 616/616/602
f 617/617/603 619/619/604 618/618/254
f 619/619/604 625/625/610 620/620/605
f 621/621/606 622/622/607 615/615/601
f 622/622/607 623/623/608 617/617/603
f 623/623/608 624/624/609 619/619/604
f 624/624/609 630/630/615 625/625/610
f 626/626/611 627/627/612 622/622/607
f 627/627/612 628/628/613 623/623/608
f 628/628/613 629/629/614 624/624/609
f 629/629/614 635/635/620 630/630/615
f 631/631/616 632/632/617 627/627/612
f 632/632/617 633/633/618 628/628/613
f 633/633/618 634/634/619 629/629/614
f 634/634/619 640/640/625 635/635/620
f 636/636/621 637/637/622 632/632/617
f 637/637/622 638/638/623 633/633/618
f 638/638/623 639/639/624 634/634/619
f 639/639/624 645/645/630 640/640/625
f 641/641/626 642/642/627 637/637/622
f 642/642/627 643/643/628 638/638/623
f 643/643/628 644/644/629 639/639/624
f 644/644/629 650/650/635 645/645/630
f 646/646/631 647/647/632 642/642/627
f 647/647/632 648/648/633 643/643/628
f 648/648/633 649/649/634 644/644/629
f 649/649/634 655/655/640 650/650/635
f 651/651/636 652/652/637 647/647/632
f 652/652/637 653/653/638 648/648/633
f 653/653/638 654/654/639 649/649/634
f 654/654/639 657/657/642 655/655/640
f 654/654/639 658/658/643 656/656/641
f 658/658/643 660/660/645 659/659/644
f 660/660/645 662/662/647 661/661/646
f 662/662/647 664/664/649 663/663/648
f 664/664/649 666/666/651 665/665/650
f 666/666/651 668/668/653 667/667/652
f 668/668/653 670/670/655 669/669/654
f 670/670/655 679/679/663 671/671/205
f 653/653/638 672/672/656 658/658/643
f 672/672/656 673/673/657 660/660/645
f 673/673/657 674/674/658 662/662/647
f 674/674/658 675/675/659 664/664/649
f 675/675/659 676/676/660 666/666/651
f 676/676/660 677/677/661 668/668/653
f 677/677/661 678/678/662 670/670/655
f 678/678/662 687/687/201 679/679/663
f 652/652/637 680/680/664 672/672/656
f 680/680/664 681/681/665 673/673/657
f 681/681/665 682/682/666 674/674/658
f 682/682/666 683/683/667 675/675/659
f 683/683/667 684/684/668 676/676/660
f 684/684/668 685/685/669 677/677/661
f 685/685/669 686/686/670 678/678/662
f 686/686/670 695/695/678 687/687/201
f 651/651/636 688/688/671 680/680/664
f 688/688/671 689/689/672 681/681/665
f 689/689/672 690/690/673 682/682/666
f 690/690/673 691/691/674 683/683/667
f 691/691/674 692/692/675 684/684/668
f 692/692/675 693/693/676 685/685/669
f 693/693/676 694/694/677 686/686/670
f 694/694/677 704/704/199 695/695/678
f 651/651/636 705/705/687 696/696/679
f 688/688/671 696/696/679 697/697/680
f 689/689/672 697/697/680 698/698/681
f 690/690/673 698/698/681 699/699/682
f 691/691/674 699/699/682 700/700/683
f 692/692/675 700/700/683 701/701/684
f 693/693/676 701/701/684 702/702/685
f 694/694/677 702/702/685 703/703/686
f 705/705/687 714/714/696 706/706/688
f 696/696/679 706/706/688 707/707/689
f 697/697/680 707/707/689 708/708/690
f 698/698/681 708/708/690 709/709/691
f 699/699/682 709/709/691 710/710/692
f 700/700/683 710/710/692 711/711/693
f 701/701/684 711/711/693 712/712/694
f 702/702/685 712/712/694 713/713/695
f 714/714/696 723/723/705 715/715/697
f 706/706/688 715/715/697 716/716/698
f 707/707/689 716/716/698 717/717/699
f 708/708/690 717/717/699 718/718/700
f 709/709/691 718/718/700 719/719/701
f 710/710/692 719/719/701 720/720/702
f 711/711/693 720/720/702 721/721/703
f 712/712/694 721/721/703 722/722/704
f 723/723/705 733/733/715 724/724/706
f 715/715/697 724/724/706 725/725/707
f 716/716/698 725/725/707 726/726/708
f 717/717/699 726/726/708 727/727/709
f 718/718/700 727/727/709 728/728/710
f 719/719/701 728/728/710 729/729/711
f 720/720/702 729/729/711 730/730/712
f 721/721/703 730/730/712 731/731/713
f 732/732/714 734/734/716 724/724/706
f 734/734/716 735/735/717 725/725/707
f 735/735/717 736/736/718 726/726/708
f 736/736/718 737/737/719 727/727/709
f 737/737/719 738/738/720 728/728/710
f 738/738/720 739/739/721 729/729/711
f 739/739/721 740/740/722 730/730/712
f 740/740/722 749/749/731 731/731/713
f 741/741/723 742/742/724 734/734/716
f 742/742/724 743/743/725 735/735/717
f 743/743/725 744/744/726 736/736/718
f 744/744/726 745/745/727 737/737/719
f 745/745/727 746/746/728 738/738/720
f 746/746/728 747/747/729 739/739/721
f 747/747/729 748/748/730 740/740/722
f 748/748/730 758/758/740 749/749/731
f 750/750/732 751/751/733 742/742/724
f 751/751/733 752/752/734 743/743/725
f 752/752/734 753/753/735 744/744/726
f 753/753/735 754/754/736 745/745/727
f 754/754/736 755/755/737 746/746/728
f 755/755/737 756/756/738 747/747/729
f 756/756/738 757/757/739 748/748/730
f 757/757/739 767/767/749 758/758/740
f 759/759/741 760/760/742 751/751/733
f 760/760/742 761/761/743 752/752/734
f 761/761/743 762/762/744 753/753/735
f 762/762/744 763/763/745 754/754/736
f 763/763/745 764/764/746 755/755/737
f 764/764/746 765/765/747 756/756/738
f 765/765/747 766/766/748 757/757/739
f 766/766/748 768/768/750 767/767/749
f 506/506/499 608/608/595 760/760/742
f 608/608/595 596/596/583 761/761/743
f 596/596/583 584/584/571 762/762/744
f 584/584/571 572/572/559 763/763/745
f 572/572/559 548/548/535 764/764/746
f 548/548/535 549/549/536 765/765/747
f 549/549/536 536/536/523 766/766/748
f 536/536/523 515/515/507 768/768/750
f 506/506/499 759/759/741 769/769/751
f 507/507/500 769/769/751 770/770/752
f 771/771/753 770/770/752 772/772/754
f 509/509/502 772/772/754 773/773/755
f 510/510/503 773/773/755 774/774/756
f 511/511/504 774/774/756 775/775/757
f 776/776/758 775/775/757 777/777/759
f 513/513/506 777/777/759 778/778/760
f 759/759/741 750/750/732 779/779/761
f 769/769/751 779/779/761 780/780/762
f 770/770/752 780/780/762 781/781/763
f 772/772/754 781/781/763 782/782/764
f 773/773/755 782/782/764 783/783/765
f 774/774/756 783/783/765 784/784/766
f 775/775/757 784/784/766 785/785/767
f 777/777/759 785/785/767 786/786/768
f 750/750/732 741/741/723 787/787/769
f 779/779/761 787/787/769 788/788/770
f 780/780/762 788/788/770 789/789/771
f 781/781/763 789/789/771 790/790/772
f 782/782/764 790/790/772 791/791/773
f 783/783/765 791/791/773 792/792/774
f 784/784/766 792/792/774 793/793/775
f 785/785/767 793/793/775 794/794/776
f 741/741/723 732/732/714 795/795/777
f 787/787/769 795/795/777 796/796/778
f 788/788/770 796/796/778 797/797/779
f 789/789/771 797/797/779 798/798/780
f 790/790/772 798/798/780 799/799/781
f 791/791/773 799/799/781 800/800/782
f 792/792/774 800/800/782 801/801/783
f 793/793/775 801/801/783 802/802/784
f 732/732/714 733/733/715 803/803/785
f 795/795/777 803/803/785 804/804/786
f 796/796/778 804/804/786 805/805/787
f 797/797/779 805/805/787 806/806/788
f 798/798/780 806/806/788 807/807/789
f 799/799/781 807/807/789 808/808/790
f 800/800/782 808/808/790 809/809/791
f 801/801/783 809/809/791 810/810/792
f 723/723/705 811/811/793 803/803/785
f 811/811/793 812/812/794 804/804/786
f 812/812/794 813/813/795 805/805/787
f 813/813/795 814/814/796 806/806/788
f 814/814/796 815/815/797 807/807/789
f 815/815/797 816/816/798 808/808/790
f 816/816/798 817/817/799 809/809/791
f 817/817/799 825/825/807 810/810/792
f 714/714/696 818/818/800 811/811/793
f 818/818/800 819/819/801 812/812/794
f 819/819/801 820/820/802 813/813/795
f 820/820/802 821/821/803 814/814/796
f 821/821/803 822/822/804 815/815/797
f 822/822/804 823/823/805 816/816/798
f 823/823/805 824/824/806 817/817/799
f 824/824/806 833/833/815 825/825/807
f 705/705/687 826/826/808 818/818/800
f 826/826/808 827/827/809 819/819/801
f 827/827/809 828/828/810 820/820/802
f 828/828/810 829/829/811 821/821/803
f 829/829/811 830/830/812 822/822/804
f 830/830/812 831/831/813 823/823/805
f 831/831/813 832/832/814 824/824/806
f 832/832/814 834/834/816 833/833/815
f 651/651/636 646/646/631 826/826/808
f 646/646/631 641/641/626 827/827/809
f 641/641/626 636/636/621 828/828/810
f 636/636/621 631/631/616 829/829/811
f 631/631/616 626/626/611 830/830/812
f 626/626/611 621/621/606 831/831/813
f 612/612/599 614/614/600 834/834/816
f 835/835/686 839/839/819 836/836/817
f 838/838/695 841/841/820 839/839/819
f 840/840/704 843/843/821 841/841/820
f 842/842/713 845/845/823 843/843/821
f 844/844/822 847/847/824 845/845/823
f 846/846/740 849/849/826 847/847/824
f 848/848/825 851/851/828 849/849/826
f 850/850/827 853/853/830 851/851/828
f 850/850/827 1723/1723/507 852/852/829
f 839/839/819 855/855/832 854/854/831
f 841/841/820 856/856/833 855/855/832
f 843/843/821 857/857/834 856/856/833
f 845/845/823 858/858/835 857/857/834
f 847/847/824 859/859/836 858/858/835
f 849/849/826 860/860/837 859/859/836
f 851/851/828 861/861/838 860/860/837
f 853/853/830 863/863/840 861/861/838
f 853/853/830 852/852/829 862/862/839
f 855/855/832 865/865/842 864/864/841
f 856/856/833 866/866/843 865/865/842
f 857/857/834 867/867/844 866/866/843
f 858/858/835 868/868/845 867/867/844
f 859/859/836 869/869/846 868/868/845
f 860/860/837 870/870/847 869/869/846
f 861/861/838 871/871/848 870/870/847
f 863/863/840 873/873/850 871/871/848
f 863/863/840 862/862/839 872/872/849
f 865/865/842 875/875/852 874/874/851
f 866/866/843 876/876/853 875/875/852
f 867/867/844 877/877/854 876/876/853
f 868/868/845 878/878/855 877/877/854
f 869/869/846 879/879/856 878/878/855
f 870/870/847 880/880/857 879/879/856
f 871/871/848 881/881/858 880/880/857
f 873/873/850 883/883/860 881/881/858
f 873/873/850 872/872/849 882/882/859
f 875/875/852 885/885/862 884/884/861
f 876/876/853 886/886/863 885/885/862
f 877/877/854 887/887/864 886/886/863
f 878/878/855 888/888/865 887/887/864
f 879/879/856 889/889/866 888/888/865
f 880/880/857 890/890/867 889/889/866
f 881/881/858 891/891/868 890/890/867
f 883/883/860 893/893/870 891/891/868
f 883/883/860 882/882/859 892/892/869
f 885/885/862 895/895/872 894/894/871
f 886/886/863 896/896/873 895/895/872
f 887/887/864 897/897/874 896/896/873
f 888/888/865 898/898/875 897/897/874
f 889/889/866 899/899/876 898/898/875
f 890/890/867 900/900/877 899/899/876
f 891/891/868 901/901/878 900/900/877
f 893/893/870 903/903/880 901/901/878
f 893/893/870 892/892/869 902/902/879
f 895/895/872 905/905/882 904/904/881
f 896/896/873 906/906/883 905/905/882
f 897/897/874 907/907/884 906/906/883
f 898/898/875 908/908/885 907/907/884
f 899/899/876 909/909/886 908/908/885
f 900/900/877 910/910/887 909/909/886
f 901/901/878 911/911/888 910/910/887
f 903/903/880 913/913/890 911/911/888
f 903/903/880 902/902/879 912/912/889
f 905/905/882 915/915/892 914/914/891
f 906/906/883 916/916/893 915/915/892
f 907/907/884 917/917/894 916/916/893
f 908/908/885 918/918/895 917/917/894
f 909/909/886 919/919/896 918/918/895
f 910/910/887 920/920/897 919/919/896
f 911/911/888 921/921/898 920/920/897
f 913/913/890 923/923/900 921/921/898
f 913/913/890 912/912/889 922/922/899
f 915/915/892 925/925/902 924/924/901
f 916/916/893 926/926/903 925/925/902
f 917/917/894 927/927/904 926/926/903
f 918/918/895 928/928/905 927/927/904
f 919/919/896 929/929/906 928/928/905
f 920/920/897 930/930/907 929/929/906
f 921/921/898 931/931/908 930/930/907
f 923/923/900 933/933/910 931/931/908
f 923/923/900 922/922/899 932/932/909
f 925/925/902 935/935/912 934/934/911
f 926/926/903 936/936/913 935/935/912
f 927/927/904 937/937/914 936/936/913
f 928/928/905 938/938/915 937/937/914
f 929/929/906 939/939/916 938/938/915
f 930/930/907 940/940/917 939/939/916
f 931/931/908 941/941/918 940/940/917
f 933/933/910 943/943/920 941/941/918
f 933/933/910 932/932/909 942/942/919
f 935/935/912 945/945/922 944/944/921
f 936/936/913 946/946/923 945/945/922
f 937/937/914 947/947/924 946/946/923
f 938/938/915 948/948/925 947/947/924
f 939/939/916 949/949/926 948/948/925
f 940/940/917 950/950/927 949/949/926
f 941/941/918 951/951/928 950/950/927
f 943/943/920 953/953/930 951/951/928
f 943/943/920 942/942/919 952/952/929
f 944/944/921 945/945/922 954/954/931
f 945/945/922 946/946/923 956/956/933
f 947/947/924 957/957/934 956/956/933
f 948/948/925 958/958/935 957/957/934
f 949/949/926 959/959/936 958/958/935
f 950/950/927 960/960/937 959/959/936
f 951/951/928 961/961/938 960/960/937
f 953/953/930 963/963/940 961/961/938
f 953/953/930 952/952/929 962/962/939
f 964/964/941 967/967/944 965/965/942
f 967/967/944 969/969/946 968/968/945
f 969/969/946 971/971/948 970/970/947
f 971/971/948 973/973/950 972/972/949
f 973/973/950 975/975/952 974/974/951
f 975/975/952 977/977/954 976/976/953
f 977/977/954 979/979/956 978/978/955
f 979/979/956 981/981/958 980/980/957
f 981/981/958 1722/1722/1652 982/982/959
f 983/983/960 986/986/963 984/984/961
f 986/986/963 988/988/965 987/987/964
f 988/988/965 990/990/967 989/989/966
f 990/990/967 992/992/969 991/991/968
f 992/992/969 994/994/899 993/993/970
f 994/994/899 996/996/972 995/995/971
f 996/996/972 999/999/879 997/997/973
f 998/998/974 1001/1001/975 997/997/973
f 1000/1000/859 1003/1003/977 1001/1001/975
f 1002/1002/976 1005/1005/979 1003/1003/977
f 1004/1004/978 1007/1007/980 1005/1005/979
f 1006/1006/829 1009/1009/981 1007/1007/980
f 1008/1008/98 1022/1022/361 1009/1009/981
f 985/985/962 984/984/961 1010/1010/982
f 984/984/961 987/987/964 1012/1012/984
f 989/989/966 1013/1013/985 1012/1012/984
f 991/991/968 1014/1014/986 1013/1013/985
f 993/993/970 1015/1015/987 1014/1014/986
f 995/995/971 1016/1016/988 1015/1015/987
f 997/997/973 1017/1017/989 1016/1016/988
f 1001/1001/975 1018/1018/990 1017/1017/989
f 1003/1003/977 1019/1019/991 1018/1018/990
f 1005/1005/979 1020/1020/992 1019/1019/991
f 1007/1007/980 1021/1021/993 1020/1020/992
f 1009/1009/981 1023/1023/994 1021/1021/993
f 1022/1022/361 1036/1036/1007 1023/1023/994
f 1011/1011/983 1010/1010/982 1024/1024/995
f 1012/1012/984 1026/1026/997 1024/1024/995
f 1013/1013/985 1027/1027/998 1026/1026/997
f 1014/1014/986 1028/1028/999 1027/1027/998
f 1015/1015/987 1029/1029/1000 1028/1028/999
f 1016/1016/988 1030/1030/1001 1029/1029/1000
f 1017/1017/989 1031/1031/1002 1030/1030/1001
f 1018/1018/990 1032/1032/1003 1031/1031/1002
f 1019/1019/991 1033/1033/1004 1032/1032/1003
f 1020/1020/992 1034/1034/1005 1033/1033/1004
f 1021/1021/993 1035/1035/1006 1034/1034/1005
f 1023/1023/994 1037/1037/1008 1035/1035/1006
f 1036/1036/1007 1050/1050/1021 1037/1037/1008
f 1025/1025/996 1024/1024/995 1038/1038/1009
f 1026/1026/997 1040/1040/1011 1038/1038/1009
f 1027/1027/998 1041/1041/1012 1040/1040/1011
f 1028/1028/999 1042/1042/1013 1041/1041/1012
f 1029/1029/1000 1043/1043/1014 1042/1042/1013
f 1030/1030/1001 1044/1044/1015 1043/1043/1014
f 1031/1031/1002 1045/1045/1016 1044/1044/1015
f 1032/1032/1003 1046/1046/1017 1045/1045/1016
f 1033/1033/1004 1047/1047/1018 1046/1046/1017
f 1034/1034/1005 1048/1048/1019 1047/1047/1018
f 1035/1035/1006 1049/1049/1020 1048/1048/1019
f 1037/1037/1008 1051/1051/1022 1049/1049/1020
f 1050/1050/1021 1064/1064/1035 1051/1051/1022
f 1039/1039/1010 1038/1038/1009 1052/1052/1023
f 1040/1040/1011 1054/1054/1025 1052/1052/1023
f 1041/1041/1012 1055/1055/1026 1054/1054/1025
f 1042/1042/1013 1056/1056/1027 1055/1055/1026
f 1043/1043/1014 1057/1057/1028 1056/1056/1027
f 1044/1044/1015 1058/1058/1029 1057/1057/1028
f 1045/1045/1016 1059/1059/1030 1058/1058/1029
f 1046/1046/1017 1060/1060/1031 1059/1059/1030
f 1047/1047/1018 1061/1061/1032 1060/1060/1031
f 1048/1048/1019 1062/1062/1033 1061/1061/1032
f 1049/1049/1020 1063/1063/1034 1062/1062/1033
f 1051/1051/1022 1065/1065/1036 1063/1063/1034
f 1064/1064/1035 1078/1078/400 1065/1065/1036
f 1053/1053/1024 1052/1052/1023 1066/1066/1037
f 1054/1054/1025 1068/1068/1039 1066/1066/1037
f 1055/1055/1026 1069/1069/1040 1068/1068/1039
f 1056/1056/1027 1070/1070/1041 1069/1069/1040
f 1057/1057/1028 1071/1071/1042 1070/1070/1041
f 1058/1058/1029 1072/1072/1043 1071/1071/1042
f 1059/1059/1030 1073/1073/1044 1072/1072/1043
f 1060/1060/1031 1074/1074/1045 1073/1073/1044
f 1061/1061/1032 1075/1075/1046 1074/1074/1045
f 1062/1062/1033 1076/1076/1047 1075/1075/1046
f 1063/1063/1034 1077/1077/1048 1076/1076/1047
f 1065/1065/1036 1079/1079/1049 1077/1077/1048
f 1078/1078/400 1092/1092/408 1079/1079/1049
f 1067/1067/1038 1066/1066/1037 1080/1080/1050
f 1068/1068/1039 1082/1082/1052 1080/1080/1050
f 1069/1069/1040 1083/1083/1053 1082/1082/1052
f 1070/1070/1041 1084/1084/1054 1083/1083/1053
f 1071/1071/1042 1085/1085/1055 1084/1084/1054
f 1072/1072/1043 1086/1086/1056 1085/1085/1055
f 1073/1073/1044 1087/1087/1057 1086/1086/1056
f 1074/1074/1045 1088/1088/1058 1087/1087/1057
f 1075/1075/1046 1089/1089/1059 1088/1088/1058
f 1076/1076/1047 1090/1090/1060 1089/1089/1059
f 1077/1077/1048 1091/1091/1061 1090/1090/1060
f 1079/1079/1049 1093/1093/1062 1091/1091/1061
f 1092/1092/408 1106/1106/1075 1093/1093/1062
f 1081/1081/1051 1080/1080/1050 1094/1094/1063
f 1082/1082/1052 1096/1096/1065 1094/1094/1063
f 1083/1083/1053 1097/1097/1066 1096/1096/1065
f 1084/1084/1054 1098/1098/1067 1097/1097/1066
f 1085/1085/1055 1099/1099/1068 1098/1098/1067
f 1086/1086/1056 1100/1100/1069 1099/1099/1068
f 1087/1087/1057 1101/1101/1070 1100/1100/1069
f 1088/1088/1058 1102/1102/1071 1101/1101/1070
f 1089/1089/1059 1103/1103/1072 1102/1102/1071
f 1090/1090/1060 1104/1104/1073 1103/1103/1072
f 1091/1091/1061 1105/1105/1074 1104/1104/1073
f 1093/1093/1062 1107/1107/1076 1105/1105/1074
f 1106/1106/1075 1108/1108/1077 1107/1107/1076
f 1094/1094/1063 955/955/932 964/964/941
f 1096/1096/1065 944/944/921 955/955/932
f 1097/1097/1066 934/934/911 944/944/921
f 1098/1098/1067 924/924/901 934/934/911
f 1099/1099/1068 914/914/891 924/924/901
f 1100/1100/1069 904/904/881 914/914/891
f 1101/1101/1070 894/894/871 904/904/881
f 1102/1102/1071 884/884/861 894/894/871
f 1103/1103/1072 874/874/851 884/884/861
f 1104/1104/1073 864/864/841 874/874/851
f 1105/1105/1074 854/854/831 864/864/841
f 1107/1107/1076 836/836/817 854/854/831
f 1108/1108/1077 837/837/818 836/836/817
f 1109/1109/1078 1112/1112/1080 1110/1110/816
f 1112/1112/1080 1114/1114/1082 1113/1113/1081
f 1114/1114/1082 1116/1116/1083 1115/1115/807
f 1116/1116/1083 1118/1118/1084 1117/1117/792
f 1118/1118/1084 1120/1120/1086 1119/1119/1085
f 1120/1120/1086 1122/1122/1087 1121/1121/776
f 1122/1122/1087 1124/1124/1089 1123/1123/1088
f 1124/1124/1089 1136/1136/1101 1125/1125/1090
f 1125/1125/1090 1136/1136/1101 1126/1126/1091
f 1128/1128/1093 1129/1129/1094 1112/1112/1080
f 1129/1129/1094 1130/1130/1095 1114/1114/1082
f 1130/1130/1095 1131/1131/1096 1116/1116/1083
f 1131/1131/1096 1132/1132/1097 1118/1118/1084
f 1132/1132/1097 1133/1133/1098 1120/1120/1086
f 1133/1133/1098 1134/1134/1099 1122/1122/1087
f 1134/1134/1099 1135/1135/1100 1124/1124/1089
f 1135/1135/1100 1146/1146/1111 1136/1136/1101
f 1136/1136/1101 1146/1146/1111 1137/1137/1102
f 1138/1138/1103 1139/1139/1104 1129/1129/1094
f 1139/1139/1104 1140/1140/1105 1130/1130/1095
f 1140/1140/1105 1141/1141/1106 1131/1131/1096
f 1141/1141/1106 1142/1142/1107 1132/1132/1097
f 1142/1142/1107 1143/1143/1108 1133/1133/1098
f 1143/1143/1108 1144/1144/1109 1134/1134/1099
f 1144/1144/1109 1145/1145/1110 1135/1135/1100
f 1145/1145/1110 1156/1156/1121 1146/1146/1111
f 1146/1146/1111 1156/1156/1121 1147/1147/1112
f 1148/1148/1113 1149/1149/1114 1139/1139/1104
f 1149/1149/1114 1150/1150/1115 1140/1140/1105
f 1150/1150/1115 1151/1151/1116 1141/1141/1106
f 1151/1151/1116 1152/1152/1117 1142/1142/1107
f 1152/1152/1117 1153/1153/1118 1143/1143/1108
f 1153/1153/1118 1154/1154/1119 1144/1144/1109
f 1154/1154/1119 1155/1155/1120 1145/1145/1110
f 1155/1155/1120 1166/1166/1131 1156/1156/1121
f 1156/1156/1121 1166/1166/1131 1157/1157/1122
f 1158/1158/1123 1159/1159/1124 1149/1149/1114
f 1159/1159/1124 1160/1160/1125 1150/1150/1115
f 1160/1160/1125 1161/1161/1126 1151/1151/1116
f 1161/1161/1126 1162/1162/1127 1152/1152/1117
f 1162/1162/1127 1163/1163/1128 1153/1153/1118
f 1163/1163/1128 1164/1164/1129 1154/1154/1119
f 1164/1164/1129 1165/1165/1130 1155/1155/1120
f 1165/1165/1130 1176/1176/1141 1166/1166/1131
f 1166/1166/1131 1176/1176/1141 1167/1167/1132
f 1168/1168/1133 1169/1169/1134 1159/1159/1124
f 1169/1169/1134 1170/1170/1135 1160/1160/1125
f 1170/1170/1135 1171/1171/1136 1161/1161/1126
f 1171/1171/1136 1172/1172/1137 1162/1162/1127
f 1172/1172/1137 1173/1173/1138 1163/1163/1128
f 1173/1173/1138 1174/1174/1139 1164/1164/1129
f 1174/1174/1139 1175/1175/1140 1165/1165/1130
f 1175/1175/1140 1186/1186/1151 1176/1176/1141
f 1176/1176/1141 1186/1186/1151 1177/1177/1142
f 1178/1178/1143 1179/1179/1144 1169/1169/1134
f 1179/1179/1144 1180/1180/1145 1170/1170/1135
f 1180/1180/1145 1181/1181/1146 1171/1171/1136
f 1181/1181/1146 1182/1182/1147 1172/1172/1137
f 1182/1182/1147 1183/1183/1148 1173/1173/1138
f 1183/1183/1148 1184/1184/1149 1174/1174/1139
f 1184/1184/1149 1185/1185/1150 1175/1175/1140
f 1185/1185/1150 1196/1196/1161 1186/1186/1151
f 1186/1186/1151 1196/1196/1161 1187/1187/1152
f 1188/1188/1153 1189/1189/1154 1179/1179/1144
f 1189/1189/1154 1190/1190/1155 1180/1180/1145
f 1190/1190/1155 1191/1191/1156 1181/1181/1146
f 1191/1191/1156 1192/1192/1157 1182/1182/1147
f 1192/1192/1157 1193/1193/1158 1183/1183/1148
f 1193/1193/1158 1194/1194/1159 1184/1184/1149
f 1194/1194/1159 1195/1195/1160 1185/1185/1150
f 1195/1195/1160 1206/1206/1171 1196/1196/1161
f 1196/1196/1161 1206/1206/1171 1197/1197/1162
f 1198/1198/1163 1199/1199/1164 1189/1189/1154
f 1199/1199/1164 1200/1200/1165 1190/1190/1155
f 1200/1200/1165 1201/1201/1166 1191/1191/1156
f 1201/1201/1166 1202/1202/1167 1192/1192/1157
f 1202/1202/1167 1203/1203/1168 1193/1193/1158
f 1203/1203/1168 1204/1204/1169 1194/1194/1159
f 1204/1204/1169 1205/1205/1170 1195/1195/1160
f 1205/1205/1170 1216/1216/1181 1206/1206/1171
f 1206/1206/1171 1216/1216/1181 1207/1207/1172
f 1208/1208/1173 1209/1209/1174 1199/1199/1164
f 1209/1209/1174 1210/1210/1175 1200/1200/1165
f 1210/1210/1175 1211/1211/1176 1201/1201/1166
f 1211/1211/1176 1212/1212/1177 1202/1202/1167
f 1212/1212/1177 1213/1213/1178 1203/1203/1168
f 1213/1213/1178 1214/1214/1179 1204/1204/1169
f 1214/1214/1179 1215/1215/1180 1205/1205/1170
f 1215/1215/1180 1226/1226/1191 1216/1216/1181
f 1216/1216/1181 1226/1226/1191 1217/1217/1182
f 1218/1218/1183 1219/1219/1184 1209/1209/1174
f 1219/1219/1184 1220/1220/1185 1210/1210/1175
f 1220/1220/1185 1221/1221/1186 1211/1211/1176
f 1221/1221/1186 1222/1222/1187 1212/1212/1177
f 1222/1222/1187 1223/1223/1188 1213/1213/1178
f 1223/1223/1188 1224/1224/1189 1214/1214/1179
f 1224/1224/1189 1225/1225/1190 1215/1215/1180
f 1225/1225/1190 1235/1235/1200 1226/1226/1191
f 1226/1226/1191 1235/1235/1200 1227/1227/1192
f 1218/1218/1183 1381/1381/1341 1228/1228/1193
f 1228/1228/1193 1229/1229/1194 1220/1220/1185
f 1229/1229/1194 1230/1230/1195 1221/1221/1186
f 1230/1230/1195 1231/1231/1196 1222/1222/1187
f 1231/1231/1196 1232/1232/1197 1223/1223/1188
f 1232/1232/1197 1233/1233/1198 1224/1224/1189
f 1233/1233/1198 1234/1234/1199 1225/1225/1190
f 1234/1234/1199 1712/1712/1644 1235/1235/1200
f 1235/1235/1200 1712/1712/1644 1236/1236/1201
f 1237/1237/1202 1724/1724/1548 1238/1238/1203
f 1239/1239/1204 1238/1238/1203 1240/1240/1205
f 1241/1241/1206 1240/1240/1205 1242/1242/1207
f 1243/1243/1208 1242/1242/1207 1244/1244/1209
f 1245/1245/1210 1244/1244/1209 1246/1246/1211
f 1247/1247/1212 1246/1246/1211 1248/1248/1213
f 1249/1249/1214 1248/1248/1213 1250/1250/1215
f 1251/1251/1216 1250/1250/1215 1252/1252/1217
f 1253/1253/1218 1252/1252/1217 1254/1254/1219
f 1256/1256/1220 1282/1282/1245 1257/1257/1221
f 1258/1258/1222 1257/1257/1221 1259/1259/1223
f 1260/1260/1224 1259/1259/1223 1261/1261/1225
f 1262/1262/1226 1261/1261/1225 1263/1263/1227
f 1264/1264/1228 1263/1263/1227 1265/1265/1229
f 1266/1266/1230 1265/1265/1229 1267/1267/1231
f 1268/1268/1152 1267/1267/1231 1269/1269/1232
f 1270/1270/1233 1269/1269/1232 1271/1271/1234
f 1272/1272/1235 1271/1271/1234 1273/1273/1236
f 1274/1274/1237 1273/1273/1236 1275/1275/1238
f 1276/1276/1239 1275/1275/1238 1277/1277/1240
f 1277/1277/1240 1280/1280/1243 1279/1279/1242
f 1280/1280/1243 1295/1295/1258 1281/1281/1244
f 1282/1282/1245 1296/1296/1259 1283/1283/1246
f 1257/1257/1221 1283/1283/1246 1284/1284/1247
f 1284/1284/1247 1285/1285/1248 1261/1261/1225
f 1285/1285/1248 1286/1286/1249 1263/1263/1227
f 1286/1286/1249 1287/1287/1250 1265/1265/1229
f 1287/1287/1250 1288/1288/1251 1267/1267/1231
f 1288/1288/1251 1289/1289/1252 1269/1269/1232
f 1289/1289/1252 1290/1290/1253 1271/1271/1234
f 1290/1290/1253 1291/1291/1254 1273/1273/1236
f 1291/1291/1254 1292/1292/1255 1275/1275/1238
f 1292/1292/1255 1293/1293/1256 1277/1277/1240
f 1293/1293/1256 1294/1294/1257 1280/1280/1243
f 1294/1294/1257 1309/1309/1272 1295/1295/1258
f 1296/1296/1259 1310/1310/1273 1297/1297/1260
f 1297/1297/1260 1298/1298/1261 1284/1284/1247
f 1298/1298/1261 1299/1299/1262 1285/1285/1248
f 1299/1299/1262 1300/1300/1263 1286/1286/1249
f 1300/1300/1263 1301/1301/1264 1287/1287/1250
f 1301/1301/1264 1302/1302/1265 1288/1288/1251
f 1302/1302/1265 1303/1303/1266 1289/1289/1252
f 1303/1303/1266 1304/1304/1267 1290/1290/1253
f 1304/1304/1267 1305/1305/1268 1291/1291/1254
f 1305/1305/1268 1306/1306/1269 1292/1292/1255
f 1306/1306/1269 1307/1307/1270 1293/1293/1256
f 1307/1307/1270 1308/1308/1271 1294/1294/1257
f 1308/1308/1271 1323/1323/342 1309/1309/1272
f 1310/1310/1273 1324/1324/1286 1311/1311/1274
f 1311/1311/1274 1312/1312/1275 1298/1298/1261
f 1312/1312/1275 1313/1313/1276 1299/1299/1262
f 1313/1313/1276 1314/1314/1277 1300/1300/1263
f 1314/1314/1277 1315/1315/1278 1301/1301/1264
f 1315/1315/1278 1316/1316/1279 1302/1302/1265
f 1316/1316/1279 1317/1317/1280 1303/1303/1266
f 1317/1317/1280 1318/1318/1281 1304/1304/1267
f 1318/1318/1281 1319/1319/1282 1305/1305/1268
f 1319/1319/1282 1320/1320/1283 1306/1306/1269
f 1320/1320/1283 1321/1321/1284 1307/1307/1270
f 1321/1321/1284 1322/1322/1285 1308/1308/1271
f 1322/1322/1285 1337/1337/325 1323/1323/342
f 1324/1324/1286 1338/1338/1299 1325/1325/1287
f 1325/1325/1287 1326/1326/1288 1312/1312/1275
f 1326/1326/1288 1327/1327/1289 1313/1313/1276
f 1327/1327/1289 1328/1328/1290 1314/1314/1277
f 1328/1328/1290 1329/1329/1291 1315/1315/1278
f 1329/1329/1291 1330/1330/1292 1316/1316/1279
f 1330/1330/1292 1331/1331/1293 1317/1317/1280
f 1331/1331/1293 1332/1332/1294 1318/1318/1281
f 1332/1332/1294 1333/1333/1295 1319/1319/1282
f 1333/1333/1295 1334/1334/1296 1320/1320/1283
f 1334/1334/1296 1335/1335/1297 1321/1321/1284
f 1335/1335/1297 1336/1336/1298 1322/1322/1285
f 1336/1336/1298 1351/1351/1312 1337/1337/325
f 1338/1338/1299 1352/1352/1313 1339/1339/1300
f 1339/1339/1300 1340/1340/1301 1326/1326/1288
f 1340/1340/1301 1341/1341/1302 1327/1327/1289
f 1341/1341/1302 1342/1342/1303 1328/1328/1290
f 1342/1342/1303 1343/1343/1304 1329/1329/1291
f 1343/1343/1304 1344/1344/1305 1330/1330/1292
f 1344/1344/1305 1345/1345/1306 1331/1331/1293
f 1345/1345/1306 1346/1346/1307 1332/1332/1294
f 1346/1346/1307 1347/1347/1308 1333/1333/1295
f 1347/1347/1308 1348/1348/1309 1334/1334/1296
f 1348/1348/1309 1349/1349/1310 1335/1335/1297
f 1349/1349/1310 1350/1350/1311 1336/1336/1298
f 1350/1350/1311 1365/1365/307 1351/1351/1312
f 1352/1352/1313 1366/1366/1326 1353/1353/1314
f 1353/1353/1314 1354/1354/1315 1340/1340/1301
f 1354/1354/1315 1355/1355/1316 1341/1341/1302
f 1355/1355/1316 1356/1356/1317 1342/1342/1303
f 1356/1356/1317 1357/1357/1318 1343/1343/1304
f 1357/1357/1318 1358/1358/1319 1344/1344/1305
f 1358/1358/1319 1359/1359/1320 1345/1345/1306
f 1359/1359/1320 1360/1360/1321 1346/1346/1307
f 1360/1360/1321 1361/1361/1322 1347/1347/1308
f 1361/1361/1322 1362/1362/1323 1348/1348/1309
f 1362/1362/1323 1363/1363/1324 1349/1349/1310
f 1363/1363/1324 1364/1364/1325 1350/1350/1311
f 1364/1364/1325 1379/1379/1339 1365/1365/307
f 1366/1366/1326 1380/1380/1340 1367/1367/1327
f 1367/1367/1327 1368/1368/1328 1354/1354/1315
f 1368/1368/1328 1369/1369/1329 1355/1355/1316
f 1369/1369/1329 1370/1370/1330 1356/1356/1317
f 1370/1370/1330 1371/1371/1331 1357/1357/1318
f 1371/1371/1331 1372/1372/1332 1358/1358/1319
f 1372/1372/1332 1373/1373/1333 1359/1359/1320
f 1373/1373/1333 1374/1374/1334 1360/1360/1321
f 1374/1374/1334 1375/1375/1335 1361/1361/1322
f 1375/1375/1335 1376/1376/1336 1362/1362/1323
f 1376/1376/1336 1377/1377/1337 1363/1363/1324
f 1377/1377/1337 1378/1378/1338 1364/1364/1325
f 1378/1378/1338 1382/1382/1342 1379/1379/1339
f 1237/1237/1202 1381/1381/1341 1367/1367/1327
f 1381/1381/1341 1218/1218/1183 1368/1368/1328
f 1218/1218/1183 1208/1208/1173 1369/1369/1329
f 1208/1208/1173 1198/1198/1163 1370/1370/1330
f 1198/1198/1163 1188/1188/1153 1371/1371/1331
f 1188/1188/1153 1178/1178/1143 1372/1372/1332
f 1178/1178/1143 1168/1168/1133 1373/1373/1333
f 1168/1168/1133 1158/1158/1123 1374/1374/1334
f 1158/1158/1123 1148/1148/1113 1375/1375/1335
f 1148/1148/1113 1138/1138/1103 1376/1376/1336
f 1138/1138/1103 1128/1128/1093 1377/1377/1337
f 1128/1128/1093 1109/1109/1078 1378/1378/1338
f 1109/1109/1078 1111/1111/1079 1382/1382/1342
f 1383/1383/1343 1429/1429/1387 1384/1384/1344
f 1386/1386/521 1437/1437/1395 1387/1387/1346
f 1389/1389/1348 1434/1434/1392 1390/1390/1349
f 1392/1392/1351 1414/1414/1373 1393/1393/1352
f 1395/1395/1354 1415/1415/1374 1396/1396/1355
f 1398/1398/1357 1445/1445/1403 1399/1399/1358
f 1401/1401/1360 1417/1417/1376 1402/1402/1361
f 1404/1404/1363 1440/1440/1398 1405/1405/1364
f 1407/1407/1366 1420/1420/1379 1408/1408/1367
f 1410/1410/1369 1442/1442/1400 1411/1411/1370
f 1392/1392/1351 1427/1427/1385 1413/1413/1372
f 1415/1415/1374 1430/1430/1388 1416/1416/1375
f 1417/1417/1376 1388/1388/1347 1387/1387/1346
f 1385/1385/1345 1384/1384/1344 1418/1418/1377
f 1420/1420/1379 1435/1435/1393 1421/1421/1380
f 1391/1391/1350 1390/1390/1349 1422/1422/1381
f 1424/1424/1382 1444/1444/1402 1425/1425/1383
f 1427/1427/1385 1438/1438/1396 1428/1428/1386
f 1400/1400/1359 1399/1399/1358 1429/1429/1387
f 1430/1430/1388 1441/1441/1399 1431/1431/1389
f 1394/1394/1353 1393/1393/1352 1432/1432/1390
f 1406/1406/1365 1405/1405/1364 1434/1434/1392
f 1435/1435/1393 1443/1443/1401 1436/1436/1394
f 1412/1412/1371 1411/1411/1370 1437/1437/1395
f 1438/1438/1396 1446/1446/1404 1439/1439/1397
f 1404/1404/1363 1433/1433/1391 1432/1432/1390
f 1441/1441/1399 1424/1424/1382 1426/1426/1384
f 1419/1419/1378 1418/1418/1377 1442/1442/1400
f 1443/1443/1401 1395/1395/1354 1397/1397/1356
f 1423/1423/143 1422/1422/1381 1425/1425/1383
f 1407/1407/1366 1409/1409/1368 1445/1445/1403
f 1446/1446/1404 1401/1401/1360 1403/1403/1362
f 1434/1434/1392 1450/1450/1408 1447/1447/1405
f 1411/1411/1370 1442/1442/1400 1448/1448/1406
f 1405/1405/1364 1452/1452/1410 1450/1450/1408
f 1442/1442/1400 1418/1418/1377 1451/1451/1409
f 1440/1440/1398 1455/1455/1413 1452/1452/1410
f 1418/1418/1377 1384/1384/1344 1453/1453/1411
f 1440/1440/1398 1432/1432/1390 1454/1454/1412
f 1429/1429/1387 1458/1458/1416 1453/1453/1411
f 1393/1393/1352 1457/1457/1415 1454/1454/1412
f 1393/1393/1352 1414/1414/1373 1456/1456/1414
f 1399/1399/1358 1462/1462/1420 1458/1458/1416
f 1409/1409/1368 1408/1408/1367 1459/1459/1417
f 1414/1414/1373 1413/1413/1372 1461/1461/1419
f 1445/1445/1403 1465/1465/1423 1462/1462/1420
f 1408/1408/1367 1421/1421/1380 1463/1463/1421
f 1413/1413/1372 1428/1428/1386 1464/1464/1422
f 1409/1409/1368 1460/1460/1418 1465/1465/1423
f 1421/1421/1380 1436/1436/1394 1466/1466/1424
f 1428/1428/1386 1439/1439/1397 1467/1467/1425
f 1437/1437/1395 1478/1478/1436 1468/1468/1426
f 1397/1397/1356 1471/1471/1429 1466/1466/1424
f 1439/1439/1397 1403/1403/1362 1469/1469/1427
f 1425/1425/1383 1475/1475/1433 1470/1470/1428
f 1396/1396/1355 1473/1473/1431 1471/1471/1429
f 1403/1403/1362 1402/1402/1361 1472/1472/1430
f 1416/1416/1375 1474/1474/1432 1473/1473/1431
f 1402/1402/1361 1387/1387/1346 1468/1468/1426
f 1431/1431/1389 1476/1476/1434 1474/1474/1432
f 1422/1422/1381 1477/1477/1435 1475/1475/1433
f 1426/1426/1384 1470/1470/1428 1476/1476/1434
f 1390/1390/1349 1447/1447/1405 1477/1477/1435
f 1437/1437/1395 1411/1411/1370 1449/1449/1407
f 1479/1479/1437 1501/1501/1456 1480/1480/1438
f 1482/1482/255 1515/1515/1468 1483/1483/1440
f 1485/1485/1442 1508/1508/1462 1486/1486/1443
f 1488/1488/646 1510/1510/648 1489/1489/1445
f 1491/1491/1447 1537/1537/1485 1492/1492/1448
f 1494/1494/1450 1538/1538/1486 1495/1495/1451
f 1497/1497/615 1540/1540/1488 1498/1498/1453
f 1500/1500/1455 1512/1512/1465 1501/1501/1456
f 1502/1502/630 1541/1541/1489 1503/1503/1457
f 1505/1505/1459 1514/1514/1467 1506/1506/1460
f 1508/1508/1462 1521/1521/1474 1509/1509/1463
f 1510/1510/648 1526/1526/650 1511/1511/1464
f 1484/1484/1441 1483/1483/1440 1512/1512/1465
f 1505/1505/1459 1528/1528/641 1513/1513/1466
f 1499/1499/1454 1498/1498/1453 1515/1515/1468
f 1516/1516/1469 1491/1491/1447 1493/1493/1449
f 1496/1496/1452 1495/1495/1451 1518/1518/1471
f 1520/1520/1473 1530/1530/1480 1509/1509/1463
f 1504/1504/1458 1503/1503/1457 1522/1522/1475
f 1507/1507/1461 1506/1506/1460 1524/1524/1476
f 1526/1526/650 1534/1534/652 1527/1527/1478
f 1528/1528/641 1542/1542/644 1529/1529/1479
f 1481/1481/1439 1480/1480/1438 1530/1530/1480
f 1531/1531/205 1536/1536/1484 1532/1532/1481
f 1534/1534/652 1539/1539/1487 1535/1535/1483
f 1536/1536/1484 1516/1516/1469 1517/1517/1470
f 1537/1537/1485 1519/1519/1472 1518/1518/1471
f 1485/1485/1442 1487/1487/1444 1538/1538/1486
f 1539/1539/1487 1531/1531/205 1533/1533/1482
f 1523/1523/620 1522/1522/1475 1540/1540/1488
f 1525/1525/1477 1524/1524/1476 1541/1541/1489
f 1542/1542/644 1488/1488/646 1490/1490/1446
f 1498/1498/1453 1540/1540/1488 1543/1543/1490
f 1492/1492/1448 1548/1548/1495 1545/1545/1492
f 1533/1533/1482 1549/1549/1496 1546/1546/1493
f 1540/1540/1488 1522/1522/1475 1547/1547/1494
f 1518/1518/1471 1551/1551/1498 1548/1548/1495
f 1532/1532/1481 1571/1571/1518 1549/1549/1496
f 1522/1522/1475 1503/1503/1457 1550/1550/1497
f 1495/1495/1451 1555/1555/1502 1551/1551/1498
f 1483/1483/1440 1515/1515/1468 1552/1552/1499
f 1503/1503/1457 1541/1541/1489 1554/1554/1501
f 1538/1538/1486 1557/1557/1504 1555/1555/1502
f 1541/1541/1489 1524/1524/1476 1556/1556/1503
f 1487/1487/1444 1559/1559/1506 1557/1557/1504
f 1506/1506/1460 1560/1560/1507 1556/1556/1503
f 1487/1487/1444 1486/1486/1443 1558/1558/1505
f 1514/1514/1467 1562/1562/1509 1560/1560/1507
f 1486/1486/1443 1509/1509/1463 1561/1561/1508
f 1513/1513/1466 1564/1564/1511 1562/1562/1509
f 1509/1509/1463 1530/1530/1480 1563/1563/1510
f 1529/1529/1479 1566/1566/1513 1564/1564/1511
f 1530/1530/1480 1480/1480/1438 1565/1565/1512
f 1490/1490/1446 1568/1568/1515 1566/1566/1513
f 1480/1480/1438 1501/1501/1456 1567/1567/1514
f 1489/1489/1445 1570/1570/1517 1568/1568/1515
f 1501/1501/1456 1512/1512/1465 1569/1569/1516
f 1511/1511/1464 1572/1572/1519 1570/1570/1517
f 1512/1512/1465 1483/1483/1440 1553/1553/1500
f 1517/1517/1470 1573/1573/1520 1571/1571/1518
f 1527/1527/1478 1574/1574/1521 1572/1572/1519
f 1515/1515/1468 1498/1498/1453 1544/1544/1491
f 1493/1493/1449 1545/1545/1492 1573/1573/1520
f 1535/1535/1483 1546/1546/1493 1574/1574/1521
f 609/609/596 434/434/433 418/418/418
f 605/605/592 609/609/596 610/610/597
f 593/593/580 605/605/592 606/606/593
f 593/593/580 594/594/581 582/582/569
f 581/581/568 582/582/569 570/570/557
f 569/569/556 570/570/557 546/546/533
f 557/557/544 546/546/533 533/533/520
f 531/531/519 533/533/520 535/535/522
f 431/431/431 433/433/118 1577/1577/117
f 429/429/429 431/431/431 1578/1578/1524
f 1580/1580/1526 427/427/427 429/429/429
f 1581/1581/1527 425/425/425 427/427/427
f 1582/1582/1528 423/423/423 425/425/425
f 1583/1583/1529 422/422/422 423/423/423
f 420/420/420 422/422/422 1583/1583/1529
f 418/418/418 420/420/420 1584/1584/1379
f 194/194/194 1/1/1 3/3/3
f 194/194/194 190/190/190 178/178/178
f 189/189/189 178/178/178 179/179/179
f 177/177/177 179/179/179 166/166/166
f 165/165/165 166/166/166 154/154/154
f 140/140/140 154/154/154 130/130/130
f 141/141/141 130/130/130 116/116/116
f 129/129/129 116/116/116 118/118/118
f 14/14/14 16/16/16 1585/1585/521
f 13/13/13 14/14/14 1586/1586/1347
f 1588/1588/1531 11/11/11 13/13/13
f 1589/1589/1532 9/9/9 11/11/11
f 1590/1590/1533 7/7/7 9/9/9
f 1591/1591/1534 5/5/5 7/7/7
f 2/2/2 5/5/5 1591/1591/1534
f 3/3/3 2/2/2 1592/1592/1535
f 1593/1593/1536 1626/1626/1566 1594/1594/1537
f 1596/1596/1539 1618/1618/1559 1597/1597/1540
f 1599/1599/1542 1619/1619/1560 1600/1600/1543
f 1602/1602/1545 1620/1620/1561 1603/1603/1546
f 1605/1605/1548 1623/1623/1563 1606/1606/1549
f 1608/1608/1551 1627/1627/1567 1609/1609/1552
f 1611/1611/1213 1628/1628/1568 1612/1612/1554
f 1610/1610/1553 1609/1609/1552 1614/1614/1556
f 1613/1613/1555 1612/1612/1554 1616/1616/1558
f 1596/1596/1539 1593/1593/1536 1595/1595/1538
f 1598/1598/1541 1597/1597/1540 1619/1619/1560
f 1620/1620/1561 1601/1601/1544 1600/1600/1543
f 1621/1621/1203 1605/1605/1548 1607/1607/1550
f 1623/1623/1563 1602/1602/1545 1604/1604/1547
f 1624/1624/1564 1615/1615/1557 1614/1614/1556
f 1626/1626/1566 1617/1617/1217 1616/1616/1558
f 1608/1608/1551 1621/1621/1203 1622/1622/1562
f 1624/1624/1564 1625/1625/1565 1628/1628/1568
f 1629/1629/1569 1651/1651/1590 1630/1630/1570
f 1632/1632/1572 1652/1652/957 1633/1633/1573
f 1635/1635/1575 1659/1659/1596 1636/1636/1576
f 1638/1638/1578 1660/1660/1597 1639/1639/1579
f 1641/1641/1581 1661/1661/1598 1642/1642/1582
f 1644/1644/1584 1655/1655/1593 1645/1645/1585
f 1647/1647/1586 1662/1662/1599 1648/1648/1587
f 1650/1650/1589 1657/1657/1595 1630/1630/1570
f 1652/1652/957 1658/1658/959 1653/1653/1591
f 1654/1654/1592 1663/1663/1600 1655/1655/1593
f 1656/1656/1594 1664/1664/1601 1657/1657/1595
f 1637/1637/1577 1636/1636/1576 1653/1653/1591
f 1635/1635/1575 1638/1638/1578 1640/1640/1580
f 1660/1660/1597 1643/1643/1583 1642/1642/1582
f 1649/1649/1588 1648/1648/1587 1661/1661/1598
f 1646/1646/943 1645/1645/1585 1662/1662/1599
f 1654/1654/1592 1629/1629/1569 1631/1631/1571
f 1656/1656/1594 1632/1632/1572 1634/1634/1574
f 1662/1662/1599 1645/1645/1585 1665/1665/1602
f 1659/1659/1596 1671/1671/1608 1667/1667/1604
f 1631/1631/1571 1630/1630/1570 1668/1668/1605
f 1659/1659/1596 1640/1640/1580 1670/1670/1607
f 1657/1657/1595 1673/1673/1610 1668/1668/1605
f 1640/1640/1580 1639/1639/1579 1672/1672/1609
f 1664/1664/1601 1674/1674/1611 1673/1673/1610
f 1642/1642/1582 1676/1676/1613 1672/1672/1609
f 1634/1634/1574 1677/1677/1614 1674/1674/1611
f 1642/1642/1582 1661/1661/1598 1675/1675/1612
f 1633/1633/1573 1680/1680/1617 1677/1677/1614
f 1645/1645/1585 1655/1655/1593 1678/1678/1615
f 1661/1661/1598 1648/1648/1587 1679/1679/1616
f 1653/1653/1591 1682/1682/1619 1680/1680/1617
f 1655/1655/1593 1663/1663/1600 1681/1681/1618
f 1648/1648/1587 1662/1662/1599 1666/1666/1603
f 1636/1636/1576 1667/1667/1604 1682/1682/1619
f 1663/1663/1600 1631/1631/1571 1669/1669/1606
f 1604/1604/1547 1699/1699/1636 1683/1683/1620
f 1595/1595/1538 1594/1594/1537 1684/1684/1621
f 1627/1627/1567 1700/1700/1637 1686/1686/1623
f 1606/1606/1549 1683/1683/1620 1687/1687/1624
f 1618/1618/1559 1595/1595/1538 1685/1685/1622
f 1614/1614/1556 1609/1609/1552 1686/1686/1623
f 1618/1618/1559 1688/1688/1625 1690/1690/1627
f 1625/1625/1565 1614/1614/1556 1689/1689/1626
f 1597/1597/1540 1690/1690/1627 1692/1692/1629
f 1628/1628/1568 1625/1625/1565 1691/1691/1628
f 1619/1619/1560 1692/1692/1629 1694/1694/1631
f 1612/1612/1554 1628/1628/1568 1693/1693/1630
f 1600/1600/1543 1694/1694/1631 1696/1696/1633
f 1616/1616/1558 1612/1612/1554 1695/1695/1632
f 1607/1607/1550 1687/1687/1624 1698/1698/1635
f 1603/1603/1546 1696/1696/1633 1699/1699/1636
f 1594/1594/1537 1616/1616/1558 1697/1697/1634
f 1622/1622/1562 1698/1698/1635 1700/1700/1637
f 1703/1703/1563 1724/1724/1548 1237/1237/1202
f 1704/1704/1640 1703/1703/1563 1380/1380/1340
f 1705/1705/1641 1704/1704/1640 1366/1366/1326
f 1706/1706/1544 1705/1705/1641 1352/1352/1313
f 1707/1707/1542 1706/1706/1544 1338/1338/1299
f 1708/1708/1642 1707/1707/1542 1324/1324/1286
f 1709/1709/1643 1708/1708/1642 1310/1310/1273
f 1710/1710/1536 1709/1709/1643 1296/1296/1259
f 1711/1711/1219 1710/1710/1536 1282/1282/1245
f 1712/1712/1644 1253/1253/1218 1255/1255/1220
f 1234/1234/1199 1251/1251/1216 1253/1253/1218
f 1233/1233/1198 1249/1249/1214 1251/1251/1216
f 1232/1232/1197 1247/1247/1212 1249/1249/1214
f 1231/1231/1196 1245/1245/1210 1247/1247/1212
f 1230/1230/1195 1243/1243/1208 1245/1245/1210
f 1229/1229/1194 1241/1241/1206 1243/1243/1208
f 1228/1228/1193 1239/1239/1204 1241/1241/1206
f 1381/1381/1341 1237/1237/1202 1239/1239/1204
f 1713/1713/1645 1095/1095/1064 964/964/941
f 1714/1714/1646 1081/1081/1051 1095/1095/1064
f 1715/1715/1647 1067/1067/1038 1081/1081/1051
f 1716/1716/1583 1053/1053/1024 1067/1067/1038
f 1717/1717/1648 1039/1039/1010 1053/1053/1024
f 1718/1718/1649 1025/1025/996 1039/1039/1010
f 1719/1719/1650 1011/1011/983 1025/1025/996
f 1720/1720/1577 985/985/962 1011/1011/983
f 1721/1721/1651 983/983/960 985/985/962
f 963/963/940 962/962/939 1722/1722/1652
f 961/961/938 963/963/940 981/981/958
f 960/960/937 961/961/938 979/979/956
f 959/959/936 960/960/937 977/977/954
f 958/958/935 959/959/936 975/975/952
f 957/957/934 958/958/935 973/973/950
f 956/956/933 957/957/934 971/971/948
f 954/954/931 956/956/933 969/969/946
f 955/955/932 954/954/931 967/967/944
