# Blender 4.4.3
# www.blender.org
mtllib Untitled.mtl
o hash_439FD9BF.model
v 0.005050 -0.021699 0.146021
v -0.029798 -0.006917 0.150224
v -0.030233 -0.021174 0.145862
v -0.064510 -0.004602 0.147735
v -0.064688 -0.020755 0.140809
v -0.096937 -0.003820 0.134616
v -0.098066 -0.019864 0.130666
v -0.130510 0.000748 0.124601
v -0.130157 -0.019064 0.118214
v -0.153533 0.002250 0.096757
v -0.157492 -0.018500 0.096377
v -0.177997 0.004973 0.067950
v -0.176456 -0.018300 0.066617
v -0.185043 0.005240 0.031701
v -0.188249 -0.017760 0.032377
v -0.192857 -0.017250 -0.002341
v 0.002829 0.026537 0.152508
v -0.029805 -0.004334 0.150140
v 0.004743 -0.004718 0.153246
v -0.029953 0.026139 0.147570
v -0.064299 -0.002169 0.147004
v -0.061806 0.026547 0.136873
v -0.096841 -0.001394 0.134294
v -0.095528 0.027234 0.129333
v -0.130110 0.003034 0.124066
v -0.125119 0.030010 0.116765
v -0.153385 0.004474 0.096508
v -0.151297 0.030724 0.092773
v -0.177710 0.007238 0.067787
v -0.173826 0.033968 0.065199
v -0.184752 0.007463 0.031465
v -0.180583 0.033699 0.028213
v -0.195861 0.007017 -0.005854
v 0.001186 0.060493 0.145660
v -0.031236 0.060163 0.146283
v -0.062844 0.059912 0.137562
v -0.092509 0.060565 0.122909
v -0.123580 0.060722 0.108878
v -0.149321 0.063195 0.091041
v -0.165114 0.063375 0.058551
v -0.181354 0.064674 0.025038
v -0.190726 0.033599 -0.008906
v 0.000228 0.094575 0.140002
v -0.031738 0.094355 0.142654
v -0.063751 0.093783 0.137143
v -0.123267 0.093634 0.110339
v -0.146426 0.093388 0.084519
v -0.168942 0.094362 0.056430
v -0.171372 0.095357 0.020365
v -0.185620 0.063713 -0.011273
v -0.032070 0.128580 0.139950
v -0.093465 0.127131 0.124561
v -0.095320 0.093301 0.128343
v -0.116844 0.125484 0.101830
v -0.141252 0.124311 0.078654
v -0.155160 0.123310 0.045733
v -0.175982 0.126050 0.016739
v -0.181607 0.094562 -0.015098
v -0.000017 0.128752 0.136703
v -0.032478 0.162842 0.136571
v -0.064062 0.127958 0.135573
v -0.064745 0.162190 0.133693
v -0.091772 0.161088 0.118152
v -0.119983 0.159108 0.102034
v -0.138301 0.157665 0.073753
v -0.150813 0.157061 0.041036
v -0.162651 0.156995 0.006977
v -0.179656 0.126024 -0.017829
v -0.000028 0.162989 0.133847
v -0.032895 0.197129 0.132620
v -0.065490 0.196495 0.129867
v -0.094295 0.195096 0.115563
v -0.120635 0.193190 0.096885
v -0.140214 0.191613 0.069748
v -0.155480 0.190302 0.038746
v -0.170703 0.190884 0.005213
v -0.181568 0.158778 -0.023150
v -0.000107 0.231582 0.128502
v -0.000069 0.197265 0.130878
v -0.033417 0.231459 0.128930
v -0.066209 0.230767 0.124587
v -0.096806 0.229235 0.112546
v -0.122983 0.227256 0.092561
v -0.141994 0.225512 0.065043
v -0.155514 0.224123 0.033568
v -0.170619 0.223534 0.001215
v -0.185785 0.192405 -0.029679
v -0.000273 0.265848 0.125483
v -0.033987 0.265765 0.125080
v -0.067252 0.265075 0.120442
v -0.098497 0.263443 0.108630
v -0.125198 0.261279 0.088486
v -0.142786 0.259448 0.059663
v -0.157284 0.257860 0.029117
v -0.176149 0.256116 -0.001838
v -0.184706 0.223874 -0.033015
v -0.000475 0.300116 0.122569
v -0.034756 0.300088 0.122116
v -0.068728 0.299469 0.118287
v -0.100612 0.297654 0.106565
v -0.126490 0.295105 0.085186
v -0.147660 0.292502 0.058518
v -0.174273 0.289342 -0.003444
v -0.190118 0.282544 -0.035966
v -0.183633 0.253782 -0.035105
v 0.188331 0.285511 -0.036062
v 0.173061 0.258500 -0.002121
v 0.182224 0.256448 -0.035295
v 0.182435 0.225792 -0.032980
v 0.168544 0.225278 0.000986
v 0.183612 0.193275 -0.029003
v 0.170718 0.192046 0.005720
v 0.180202 0.159512 -0.023409
v 0.161890 0.158234 0.007590
v 0.179394 0.127154 -0.017293
v 0.171887 0.126557 0.015562
v 0.182069 0.095888 -0.013336
v 0.183659 0.094312 0.021465
v 0.187063 0.065476 -0.009751
v 0.179102 0.062697 0.022876
v 0.189654 0.035541 -0.006934
v 0.192902 0.008340 0.028929
v 0.199421 0.007683 -0.005536
v 0.198713 0.009860 -0.005619
v 0.192986 0.006061 0.028956
v 0.191954 -0.013661 -0.003402
v 0.159355 0.293240 0.027995
v 0.174047 0.291711 -0.002791
v 0.157023 0.259384 0.029664
v 0.155066 0.225475 0.033572
v 0.155556 0.191600 0.038756
v 0.151384 0.158216 0.041349
v 0.156865 0.124563 0.045992
v 0.166783 0.092377 0.052469
v 0.172525 0.062283 0.057931
v 0.191269 0.035230 0.028177
v 0.179377 0.006489 0.062654
v 0.179344 0.004470 0.062925
v 0.191467 -0.015314 0.029604
v 0.144871 0.293900 0.058128
v 0.142773 0.260487 0.060022
v 0.141812 0.226550 0.065080
v 0.140615 0.192602 0.069738
v 0.140060 0.158757 0.074026
v 0.140699 0.125356 0.076464
v 0.146046 0.091616 0.081594
v 0.157781 0.061105 0.087216
v 0.179255 0.030307 0.059022
v 0.168118 0.004797 0.096206
v 0.165817 -0.017908 0.090113
v 0.182947 -0.016916 0.061563
v 0.126076 0.295429 0.086517
v 0.123825 0.262035 0.087874
v 0.122891 0.227982 0.092644
v 0.121099 0.193861 0.096978
v 0.118181 0.159975 0.098915
v 0.126116 0.093326 0.109891
v 0.128473 0.060233 0.107001
v 0.158865 0.029539 0.088801
v 0.139612 -0.001734 0.113821
v 0.168843 0.002700 0.096782
v 0.139869 -0.004275 0.113687
v 0.099831 0.297982 0.107187
v 0.097736 0.263817 0.108370
v 0.096671 0.229648 0.112653
v 0.094061 0.195533 0.115396
v 0.094206 0.161498 0.120989
v 0.117245 0.126018 0.101584
v 0.096841 0.093487 0.125573
v 0.097487 0.059799 0.123054
v 0.102615 0.026411 0.127517
v 0.135781 0.028250 0.114569
v 0.107238 -0.005926 0.129735
v 0.109013 -0.020503 0.126762
v 0.140695 -0.019543 0.111850
v 0.067653 0.299568 0.118124
v 0.066606 0.265213 0.120328
v 0.065955 0.230940 0.124458
v 0.065127 0.196633 0.127736
v 0.063764 0.128207 0.131362
v 0.096472 0.127471 0.126331
v 0.064154 0.094024 0.133313
v 0.065972 0.059886 0.136205
v 0.069844 0.026036 0.141195
v 0.106935 -0.003399 0.129653
v 0.073358 -0.006728 0.142659
v 0.075334 -0.021391 0.139197
v 0.033746 0.300113 0.122015
v 0.033387 0.265796 0.124995
v 0.033179 0.231497 0.128911
v 0.032821 0.197135 0.132124
v 0.064177 0.162402 0.129577
v 0.032549 0.162812 0.135379
v 0.032513 0.094295 0.139828
v 0.033731 0.060113 0.142726
v 0.035657 0.026002 0.145110
v 0.073131 -0.004168 0.142657
v 0.039294 -0.007005 0.152721
v 0.040452 -0.022001 0.145738
v 0.032362 0.128530 0.137996
v 0.039050 -0.004426 0.152255
v 0.004883 -0.007367 0.153171
v -0.193686 0.511334 -0.023305
v -0.184950 0.520241 -0.046181
v -0.216409 0.504504 -0.046312
v -0.163972 0.523788 -0.024780
v -0.146947 0.533731 -0.046367
v -0.134044 0.533845 -0.026971
v -0.112428 0.548659 -0.046389
v -0.086134 0.557096 -0.028344
v -0.084940 0.562858 -0.046146
v -0.163078 0.511307 -0.004679
v -0.141286 0.522188 -0.005764
v -0.119849 0.529942 -0.008529
v -0.107660 0.545351 -0.028126
v -0.084633 0.547577 -0.011202
v -0.133438 0.510211 0.013628
v -0.119294 0.519406 0.012951
v -0.104981 0.525410 0.010201
v -0.100898 0.538899 -0.010288
v -0.091891 0.531359 0.007862
v -0.106823 0.507166 0.032417
v -0.097487 0.513605 0.030653
v -0.088345 0.519166 0.028328
v -0.079547 0.523936 0.025755
v -0.079975 0.537054 0.005948
v -0.081536 0.500570 0.050102
v -0.075410 0.506746 0.047406
v -0.069164 0.512113 0.044049
v -0.063049 0.516947 0.040433
v -0.071139 0.528117 0.023123
v -0.055520 0.490920 0.063586
v -0.051564 0.498222 0.059413
v -0.047618 0.505253 0.055178
v -0.043682 0.511722 0.050401
v -0.057080 0.521278 0.036626
v -0.026735 0.489676 0.066692
v -0.024782 0.498525 0.061040
v -0.022869 0.506939 0.055558
v -0.039736 0.517430 0.045022
v -0.028690 0.480281 0.072087
v -0.001431 0.480934 0.072070
v -0.001542 0.492274 0.065012
v -0.001643 0.502862 0.058024
v -0.001729 0.512764 0.051070
v -0.020980 0.514842 0.049649
v 0.019533 0.506892 0.055426
v 0.017520 0.514820 0.049564
v 0.036308 0.517768 0.045382
v 0.040343 0.512027 0.050756
v 0.053664 0.521709 0.037111
v 0.059687 0.517343 0.040864
v 0.067779 0.528751 0.023720
v 0.076263 0.524550 0.026372
v 0.076688 0.537819 0.006653
v 0.088606 0.532078 0.008480
v 0.081500 0.548597 -0.010470
v 0.104539 0.546302 -0.027474
v 0.083231 0.558335 -0.027663
v 0.109426 0.549684 -0.045706
v 0.082115 0.563858 -0.045730
v 0.021599 0.498539 0.060964
v 0.044397 0.505624 0.055598
v 0.065951 0.512714 0.044666
v 0.085139 0.519728 0.028938
v 0.101706 0.526037 0.010736
v 0.097673 0.539782 -0.009668
v 0.116568 0.530618 -0.007959
v 0.130721 0.534274 -0.026405
v 0.023716 0.489756 0.066754
v 0.048456 0.498563 0.059824
v 0.072273 0.507303 0.047972
v 0.094414 0.514262 0.031353
v 0.116062 0.519831 0.013414
v 0.138002 0.522804 -0.005126
v 0.160577 0.524391 -0.024098
v 0.143756 0.534487 -0.045680
v 0.025909 0.480419 0.072198
v 0.052637 0.491282 0.063933
v 0.078628 0.501189 0.050729
v 0.103932 0.507911 0.033293
v 0.130464 0.511080 0.014600
v 0.159871 0.512083 -0.003779
v 0.190297 0.512305 -0.022380
v 0.181825 0.521119 -0.045267
v -0.001319 0.469001 0.078825
v 0.024622 0.461239 0.082657
v 0.049965 0.471487 0.075731
v 0.074869 0.480497 0.065622
v 0.099684 0.487630 0.052311
v 0.124450 0.491473 0.035738
v 0.150869 0.493742 0.019214
v 0.179080 0.495699 0.003166
v 0.206569 0.497119 -0.012892
v 0.213732 0.506606 -0.044977
v -0.001249 0.450687 0.087978
v 0.024021 0.440793 0.092686
v 0.048793 0.449739 0.087126
v 0.073171 0.457576 0.079122
v 0.097260 0.464006 0.068239
v 0.121122 0.467898 0.054412
v 0.145208 0.469327 0.038560
v 0.170774 0.472055 0.024658
v 0.196455 0.474843 0.011319
v -0.001171 0.431680 0.096562
v 0.023912 0.419696 0.101667
v 0.048672 0.426952 0.097918
v 0.073055 0.433006 0.091353
v 0.097079 0.438263 0.082458
v 0.120884 0.441470 0.071083
v 0.143958 0.443509 0.057290
v 0.166289 0.444307 0.041922
v 0.189569 0.447173 0.029650
v -0.001088 0.412544 0.104266
v 0.024078 0.399174 0.109259
v 0.049074 0.404370 0.107142
v 0.073776 0.408559 0.102054
v 0.098003 0.412038 0.094362
v 0.121611 0.414674 0.084340
v 0.144331 0.416385 0.072206
v 0.166882 0.418084 0.060163
v 0.186371 0.418181 0.044030
v -0.000995 0.394011 0.110320
v 0.024646 0.379140 0.114661
v 0.050149 0.382779 0.114264
v 0.075373 0.385274 0.109978
v 0.100052 0.387159 0.103155
v 0.123674 0.388065 0.093326
v 0.145853 0.388044 0.080668
v 0.165950 0.387048 0.065317
v 0.184193 0.385431 0.048701
v -0.000897 0.375735 0.114809
v 0.025730 0.358689 0.118335
v 0.052250 0.360533 0.118850
v 0.078602 0.361433 0.115566
v 0.104130 0.361390 0.108225
v 0.128052 0.360337 0.096981
v 0.149366 0.358597 0.081590
v 0.165022 0.356063 0.061567
v -0.000685 0.338118 0.119787
v -0.000794 0.357043 0.117953
v 0.027386 0.338175 0.119945
v 0.055447 0.338343 0.119754
v 0.083261 0.337527 0.116028
v 0.109812 0.335686 0.106987
v 0.133018 0.332927 0.091434
v 0.150165 0.331088 0.069533
v 0.164321 0.328955 0.047288
v 0.183748 0.352698 0.046223
v -0.000586 0.319124 0.121136
v 0.029969 0.318319 0.120965
v 0.060376 0.317385 0.119043
v 0.089980 0.315475 0.112397
v 0.116841 0.312480 0.098775
v 0.137469 0.309542 0.076586
v 0.152424 0.307996 0.050558
v 0.164784 0.306766 0.023485
v 0.182196 0.323093 0.028935
v 0.183565 0.299838 0.000734
v -0.031194 0.318307 0.121081
v -0.061652 0.317324 0.119142
v -0.091217 0.315296 0.112190
v -0.117650 0.312210 0.097638
v -0.139681 0.308368 0.076779
v -0.152380 0.306204 0.049670
v -0.159398 0.291201 0.027348
v -0.165047 0.304409 0.022733
v -0.184155 0.297842 -0.000151
v -0.028823 0.338172 0.120047
v -0.056943 0.338298 0.119686
v -0.084761 0.337452 0.115616
v -0.111195 0.335420 0.106288
v -0.134035 0.332373 0.090288
v -0.150522 0.329780 0.068046
v -0.165344 0.326734 0.046220
v -0.182866 0.322145 0.026916
v -0.027396 0.358689 0.118411
v -0.054000 0.360508 0.118775
v -0.080416 0.361408 0.115230
v -0.105923 0.361167 0.107566
v -0.129796 0.359818 0.096073
v -0.149628 0.357905 0.078762
v -0.164973 0.356378 0.058274
v -0.185021 0.351242 0.045582
v -0.026544 0.379141 0.114731
v -0.077450 0.385177 0.109591
v -0.102175 0.386900 0.102528
v -0.125776 0.387529 0.092425
v -0.148778 0.387536 0.081178
v -0.169785 0.385883 0.067003
v -0.188872 0.383981 0.051215
v -0.026197 0.399189 0.109389
v -0.052152 0.382766 0.114219
v -0.051310 0.404270 0.106917
v -0.076126 0.408423 0.101696
v -0.100437 0.411754 0.093787
v -0.124096 0.414121 0.083538
v -0.146414 0.415238 0.070425
v -0.167316 0.415114 0.055494
v -0.026225 0.419679 0.101746
v -0.051111 0.426821 0.097712
v -0.075576 0.432790 0.090913
v -0.099687 0.437932 0.081863
v -0.123477 0.440869 0.070192
v -0.147204 0.443450 0.057550
v -0.170188 0.444652 0.043160
v -0.190273 0.416940 0.044984
v -0.026513 0.440750 0.092726
v -0.051404 0.449520 0.086834
v -0.075875 0.457208 0.078637
v -0.100047 0.463534 0.067582
v -0.123869 0.467176 0.053410
v -0.148000 0.468505 0.037480
v -0.173439 0.470796 0.023120
v -0.191139 0.445184 0.026862
v -0.027280 0.461170 0.082674
v -0.052731 0.471192 0.075407
v -0.077723 0.480027 0.065127
v -0.102510 0.486962 0.051467
v -0.127495 0.490941 0.035104
v -0.154139 0.493380 0.018745
v -0.182301 0.494870 0.002229
v -0.199408 0.473602 0.010191
v -0.209749 0.495717 -0.014068
v -0.000784 -0.010504 -0.153479
v 0.035780 -0.023326 -0.159027
v 0.036113 -0.009529 -0.149979
v 0.072801 -0.020871 -0.154811
v 0.073650 -0.008775 -0.146616
v 0.109284 -0.017409 -0.148946
v 0.110108 -0.008858 -0.141393
v 0.109213 -0.015785 -0.155945
v 0.141591 -0.009544 -0.138501
v 0.141835 -0.010001 -0.127487
v 0.160606 -0.006058 -0.108091
v 0.162983 -0.011310 -0.100952
v 0.175183 -0.003506 -0.074133
v 0.177075 -0.011755 -0.069550
v 0.188526 0.001252 -0.039475
v 0.186328 -0.012332 -0.036492
v 0.199421 0.007683 -0.005536
v 0.191954 -0.013661 -0.003402
v 0.003283 0.002694 -0.160471
v 0.035892 -0.024171 -0.167591
v 0.000591 -0.024133 -0.171298
v 0.037178 0.004975 -0.167025
v 0.072305 -0.020164 -0.162159
v 0.068762 0.007919 -0.157621
v 0.108800 -0.013516 -0.155344
v 0.102906 0.013264 -0.147680
v 0.140836 -0.007375 -0.137885
v 0.130656 0.018225 -0.129822
v 0.160341 -0.003716 -0.108069
v 0.172243 0.025748 -0.075647
v 0.175026 -0.001221 -0.074261
v 0.188548 0.003600 -0.039760
v 0.187984 0.031308 -0.043306
v 0.198713 0.009860 -0.005619
v 0.002623 0.036703 -0.160428
v 0.038557 0.037107 -0.157525
v 0.072735 0.039012 -0.164472
v 0.102854 0.042931 -0.150577
v 0.129918 0.048599 -0.134491
v 0.156023 0.023923 -0.107382
v 0.170389 0.057928 -0.079246
v 0.182227 0.061116 -0.045025
v 0.189654 0.035541 -0.006934
v 0.036457 0.071206 -0.156800
v 0.071940 0.071795 -0.155319
v 0.120903 0.079438 -0.135489
v 0.136006 0.083880 -0.104479
v 0.152845 0.053816 -0.110277
v 0.157100 0.087699 -0.076917
v 0.173841 0.091863 -0.046505
v 0.182069 0.095888 -0.013336
v 0.187063 0.065476 -0.009751
v 0.002075 0.070802 -0.158947
v 0.034605 0.105321 -0.156768
v 0.068333 0.105886 -0.155128
v 0.102307 0.106550 -0.152991
v 0.105218 0.073161 -0.161861
v 0.132141 0.107521 -0.143885
v 0.147499 0.111258 -0.113551
v 0.155063 0.118623 -0.080295
v 0.179394 0.127154 -0.017293
v 0.001710 0.139084 -0.156937
v 0.001883 0.104926 -0.157375
v 0.066568 0.140041 -0.155419
v 0.099311 0.140693 -0.151849
v 0.131443 0.141341 -0.145175
v 0.151806 0.143803 -0.119796
v 0.170696 0.153491 -0.055649
v 0.163843 0.123912 -0.046898
v 0.180202 0.159512 -0.023409
v 0.001383 0.173264 -0.156580
v 0.034125 0.139491 -0.156773
v 0.034008 0.173685 -0.156574
v 0.066619 0.174251 -0.155606
v 0.099132 0.174888 -0.152672
v 0.131107 0.175556 -0.145824
v 0.155557 0.177354 -0.124658
v 0.164419 0.148078 -0.088716
v 0.167066 0.181750 -0.094055
v 0.174179 0.187343 -0.061781
v 0.001054 0.207462 -0.156295
v 0.034066 0.207896 -0.156457
v 0.067066 0.208481 -0.155890
v 0.099963 0.209114 -0.153295
v 0.132290 0.209750 -0.147023
v 0.158444 0.211323 -0.128059
v 0.171618 0.215417 -0.099033
v 0.176762 0.221128 -0.066589
v 0.183612 0.193275 -0.029003
v 0.000753 0.241672 -0.156319
v 0.034293 0.242112 -0.156651
v 0.067821 0.242722 -0.156448
v 0.101239 0.243347 -0.153831
v 0.134225 0.243928 -0.148170
v 0.162108 0.245292 -0.132273
v 0.177444 0.249201 -0.104452
v 0.181659 0.254337 -0.070481
v 0.182435 0.225792 -0.032980
v 0.000473 0.275890 -0.156460
v 0.034676 0.276328 -0.156871
v 0.068863 0.276970 -0.156912
v 0.102926 0.277578 -0.154207
v 0.136700 0.278078 -0.149938
v 0.166285 0.279167 -0.137325
v 0.185742 0.288201 -0.074959
v 0.188331 0.285511 -0.036062
v 0.182224 0.256448 -0.035295
v -0.190118 0.282544 -0.035966
v -0.183376 0.252054 -0.069925
v -0.183633 0.253782 -0.035105
v -0.184706 0.223874 -0.033015
v -0.180058 0.219196 -0.066549
v -0.185785 0.192405 -0.029679
v -0.180999 0.185592 -0.062513
v -0.181568 0.158778 -0.023150
v -0.175575 0.151584 -0.056254
v -0.179656 0.126024 -0.017829
v -0.171751 0.120031 -0.048422
v -0.181607 0.094562 -0.015098
v -0.175756 0.091489 -0.048632
v -0.185620 0.063713 -0.011273
v -0.185812 0.059525 -0.048164
v -0.190726 0.033599 -0.008906
v -0.187533 0.000918 -0.041381
v -0.196212 0.004764 -0.005626
v -0.195861 0.007017 -0.005854
v -0.189554 -0.017494 -0.036863
v -0.192857 -0.017250 -0.002341
v -0.186810 0.285717 -0.073919
v -0.179424 0.247054 -0.104013
v -0.176075 0.213083 -0.099031
v -0.174199 0.179165 -0.094644
v -0.168698 0.112608 -0.082836
v -0.174041 0.056381 -0.081734
v -0.171055 0.026668 -0.078598
v -0.184406 0.029387 -0.043990
v -0.179359 -0.002559 -0.078184
v -0.187688 -0.001495 -0.041179
v -0.179287 -0.018049 -0.071069
v -0.166053 0.277099 -0.135424
v -0.184531 0.281034 -0.110330
v -0.161609 0.243241 -0.129945
v -0.158471 0.209338 -0.125426
v -0.156726 0.175421 -0.122298
v -0.172703 0.145414 -0.089821
v -0.155820 0.141565 -0.118565
v -0.155551 0.107734 -0.113988
v -0.157942 0.086743 -0.077219
v -0.146288 0.050973 -0.104402
v -0.159071 -0.009092 -0.110087
v -0.179953 -0.005036 -0.078144
v -0.160457 -0.018623 -0.103694
v -0.135196 0.276247 -0.146194
v -0.132069 0.242120 -0.143694
v -0.129857 0.207991 -0.141828
v -0.128807 0.173893 -0.139753
v -0.128837 0.105928 -0.134113
v -0.140482 0.082825 -0.107097
v -0.129920 0.071980 -0.133585
v -0.117291 0.045202 -0.127717
v -0.154807 0.023490 -0.113601
v -0.132417 -0.010165 -0.139491
v -0.158812 -0.006547 -0.110405
v -0.134425 -0.017278 -0.131620
v -0.101818 0.276004 -0.152612
v -0.099517 0.241773 -0.151434
v -0.097768 0.207535 -0.150363
v -0.097069 0.173308 -0.149316
v -0.128551 0.139858 -0.137236
v -0.097428 0.105031 -0.146873
v -0.097213 0.071457 -0.144502
v -0.097506 0.038306 -0.148199
v -0.128844 0.014421 -0.133402
v -0.102968 -0.014011 -0.161801
v -0.132687 -0.012248 -0.139934
v -0.102691 -0.018676 -0.148343
v -0.103042 -0.019744 -0.156179
v -0.067867 0.275845 -0.156207
v -0.066263 0.241587 -0.155376
v -0.064903 0.207333 -0.154604
v -0.064246 0.173084 -0.154068
v -0.097082 0.139121 -0.147950
v -0.064576 0.104661 -0.154226
v -0.064892 0.070563 -0.155862
v -0.064248 0.037128 -0.153304
v -0.097051 0.006480 -0.148631
v -0.068568 -0.017875 -0.171169
v -0.103456 -0.015748 -0.162836
v -0.069250 -0.020806 -0.164029
v -0.033706 0.275754 -0.156622
v -0.032767 0.241529 -0.156254
v -0.031939 0.207301 -0.156029
v -0.031291 0.173078 -0.156097
v -0.064241 0.138855 -0.153519
v -0.031241 0.104680 -0.157219
v -0.031372 0.070518 -0.159842
v -0.031286 0.036424 -0.161515
v -0.064616 0.003550 -0.153790
v -0.034208 -0.023921 -0.174099
v -0.068896 -0.019690 -0.172536
v -0.034749 -0.022441 -0.165467
v -0.031127 0.138867 -0.156193
v -0.030453 0.002802 -0.157729
v -0.033919 -0.021833 -0.172915
v 0.000384 -0.026406 -0.172149
v -0.000149 -0.024092 -0.163575
v 0.188723 0.516393 -0.059775
v 0.181825 0.521119 -0.045267
v 0.213732 0.506606 -0.044977
v 0.156876 0.528890 -0.058814
v 0.143756 0.534487 -0.045680
v 0.125444 0.541946 -0.057495
v 0.109426 0.549684 -0.045706
v 0.098478 0.555126 -0.056725
v 0.082115 0.563858 -0.045730
v 0.158684 0.523771 -0.072908
v 0.131583 0.535291 -0.069927
v 0.106886 0.546904 -0.067455
v 0.085836 0.558363 -0.066240
v 0.076327 0.566901 -0.056986
v 0.129021 0.528438 -0.083299
v 0.107912 0.539650 -0.079299
v 0.089307 0.550814 -0.076642
v 0.072655 0.560688 -0.074613
v 0.067549 0.568463 -0.065998
v 0.101795 0.531819 -0.092695
v 0.086313 0.542675 -0.088503
v 0.072107 0.553158 -0.084975
v 0.058919 0.562873 -0.081902
v 0.057302 0.570306 -0.073113
v 0.076567 0.533790 -0.101837
v 0.065411 0.544983 -0.097079
v 0.054681 0.554928 -0.092258
v 0.044423 0.563964 -0.087539
v 0.046835 0.572607 -0.079815
v 0.051318 0.533645 -0.108750
v 0.043771 0.544549 -0.102912
v 0.036242 0.554220 -0.096803
v 0.029092 0.563274 -0.091385
v 0.034612 0.572232 -0.083102
v 0.025278 0.530761 -0.111296
v 0.021523 0.542910 -0.106140
v 0.017967 0.554584 -0.102132
v 0.014612 0.565032 -0.096627
v 0.022511 0.572640 -0.087346
v -0.001267 0.528060 -0.112798
v -0.001231 0.540751 -0.106757
v -0.001108 0.552497 -0.100661
v -0.000949 0.563118 -0.094231
v 0.011708 0.574633 -0.091013
v -0.013862 0.572672 -0.086972
v -0.000802 0.572929 -0.087935
v -0.017144 0.563292 -0.092990
v -0.026682 0.571945 -0.085347
v -0.032983 0.562685 -0.090694
v -0.039089 0.572329 -0.084219
v -0.048510 0.564513 -0.089951
v -0.050909 0.572719 -0.081650
v -0.061505 0.561855 -0.082019
v -0.060218 0.569740 -0.073623
v -0.075236 0.559850 -0.074781
v -0.070142 0.567583 -0.066149
v -0.088472 0.557041 -0.066568
v -0.078911 0.565570 -0.057244
v -0.101322 0.554001 -0.057248
v -0.084940 0.562858 -0.046146
v -0.020562 0.553151 -0.099147
v -0.039532 0.553473 -0.096460
v -0.057332 0.553877 -0.092439
v -0.074660 0.552173 -0.085067
v -0.091952 0.549517 -0.076977
v -0.109573 0.545520 -0.067939
v -0.128355 0.540748 -0.058227
v -0.112428 0.548659 -0.046389
v -0.024098 0.542078 -0.105067
v -0.046502 0.543674 -0.102966
v -0.067957 0.543877 -0.097134
v -0.088823 0.541658 -0.088653
v -0.110566 0.538297 -0.079821
v -0.134342 0.534061 -0.070699
v -0.159790 0.528012 -0.059647
v -0.146947 0.533731 -0.046367
v -0.027846 0.530359 -0.111582
v -0.053857 0.532701 -0.108871
v -0.079103 0.532749 -0.101980
v -0.104423 0.530532 -0.093100
v -0.131796 0.527179 -0.084017
v -0.161468 0.522636 -0.073710
v -0.191472 0.514906 -0.060660
v -0.184950 0.520241 -0.046181
v -0.027148 0.501176 -0.126311
v -0.052954 0.503812 -0.125298
v -0.078562 0.505644 -0.121834
v -0.103728 0.505034 -0.114557
v -0.130030 0.504049 -0.107560
v -0.157879 0.503263 -0.100557
v -0.185698 0.501468 -0.091331
v -0.209670 0.495698 -0.079078
v -0.216409 0.504504 -0.046312
v -0.001072 0.499138 -0.127352
v -0.026445 0.469747 -0.138151
v -0.052000 0.471651 -0.138285
v -0.077544 0.473431 -0.137187
v -0.102736 0.473831 -0.132287
v -0.127974 0.473774 -0.126084
v -0.153481 0.474313 -0.119833
v -0.178491 0.475212 -0.112769
v -0.201834 0.475049 -0.105010
v -0.000854 0.468403 -0.138333
v -0.025728 0.440452 -0.146336
v -0.050772 0.441642 -0.147167
v -0.075793 0.442997 -0.147590
v -0.100611 0.443519 -0.144282
v -0.125058 0.443756 -0.138879
v -0.149489 0.444449 -0.133558
v -0.173754 0.445258 -0.127880
v -0.196976 0.445810 -0.122172
v -0.000657 0.439860 -0.146196
v -0.025322 0.412674 -0.151591
v -0.050136 0.413037 -0.152768
v -0.074937 0.413541 -0.153736
v -0.099592 0.413484 -0.151234
v -0.124040 0.413305 -0.147149
v -0.148463 0.413454 -0.143137
v -0.172728 0.413635 -0.138646
v -0.196143 0.413169 -0.132608
v -0.000294 0.385689 -0.154243
v -0.000473 0.412935 -0.151227
v -0.025474 0.384574 -0.154678
v -0.050608 0.384092 -0.156112
v -0.075739 0.383668 -0.156918
v -0.100805 0.382939 -0.155055
v -0.125659 0.382136 -0.151363
v -0.150398 0.381467 -0.147478
v -0.174719 0.380684 -0.143120
v -0.000114 0.358293 -0.155743
v -0.026189 0.356416 -0.156165
v -0.052223 0.355172 -0.157455
v -0.078259 0.353931 -0.157598
v -0.104163 0.352533 -0.155165
v -0.129819 0.351107 -0.151026
v -0.155159 0.349753 -0.147152
v -0.179366 0.348446 -0.140814
v -0.198115 0.379728 -0.142991
v 0.000071 0.330838 -0.156295
v -0.027628 0.328473 -0.156640
v -0.055305 0.326715 -0.157325
v -0.082952 0.324970 -0.156568
v -0.110383 0.323149 -0.153099
v -0.137541 0.321347 -0.149026
v -0.163739 0.319724 -0.143497
v -0.186808 0.318917 -0.132064
v -0.195648 0.349705 -0.128651
v 0.000266 0.303365 -0.156458
v -0.030098 0.301263 -0.156724
v -0.060450 0.299655 -0.156958
v -0.090711 0.298077 -0.154973
v -0.120656 0.296494 -0.150261
v -0.149890 0.295051 -0.144682
v -0.175915 0.294394 -0.133130
v -0.187749 0.297293 -0.107342
v -0.192608 0.322396 -0.105461
v -0.194466 0.296756 -0.075091
v 0.030683 0.301763 -0.156864
v 0.061082 0.300643 -0.157311
v 0.091425 0.299498 -0.155831
v 0.121557 0.298236 -0.152163
v 0.151142 0.296938 -0.148170
v 0.174837 0.296555 -0.133433
v 0.184057 0.282963 -0.111287
v 0.188219 0.299166 -0.108805
v 0.192395 0.299837 -0.075551
v 0.027827 0.328920 -0.156715
v 0.055553 0.327599 -0.157442
v 0.083255 0.326264 -0.156873
v 0.110786 0.324776 -0.153801
v 0.138152 0.323210 -0.150865
v 0.164358 0.321699 -0.145999
v 0.186582 0.320484 -0.133636
v 0.192278 0.324630 -0.107913
v 0.026013 0.356828 -0.156188
v 0.052095 0.355984 -0.157425
v 0.078175 0.355137 -0.157614
v 0.104135 0.354073 -0.155286
v 0.129862 0.352903 -0.151424
v 0.155451 0.351713 -0.148702
v 0.178809 0.350511 -0.140788
v 0.200488 0.349545 -0.133500
v 0.024933 0.384956 -0.154649
v 0.050110 0.384855 -0.156027
v 0.075282 0.384813 -0.156924
v 0.100388 0.384410 -0.154988
v 0.125269 0.383852 -0.151169
v 0.150069 0.383385 -0.147521
v 0.174499 0.382678 -0.143524
v 0.198668 0.381088 -0.140238
v 0.024415 0.413040 -0.151535
v 0.049265 0.413769 -0.152623
v 0.074099 0.414643 -0.153579
v 0.098789 0.414914 -0.151073
v 0.123270 0.414984 -0.146947
v 0.147718 0.415314 -0.142865
v 0.172015 0.415569 -0.138405
v 0.195619 0.415317 -0.133439
v 0.024444 0.440808 -0.146271
v 0.049513 0.442374 -0.147029
v 0.074557 0.444073 -0.147255
v 0.099422 0.444953 -0.144044
v 0.123880 0.445370 -0.138469
v 0.148353 0.446249 -0.133125
v 0.172657 0.447129 -0.127386
v 0.024744 0.470176 -0.137962
v 0.050321 0.472465 -0.138014
v 0.075888 0.474531 -0.136872
v 0.101154 0.475218 -0.132148
v 0.126390 0.475365 -0.125752
v 0.151902 0.476054 -0.119321
v 0.176953 0.477045 -0.112261
v 0.195809 0.448182 -0.122437
v 0.024986 0.501657 -0.126115
v 0.050816 0.504671 -0.124990
v 0.076419 0.506714 -0.121503
v 0.101590 0.506151 -0.114209
v 0.127873 0.505583 -0.107067
v 0.155827 0.505110 -0.100218
v 0.183585 0.503164 -0.090664
v 0.200317 0.477263 -0.104425
v 0.207423 0.497797 -0.078019
v 0.389695 0.297649 -0.057960
v 0.350501 0.334233 -0.085647
v 0.348901 0.337379 -0.055497
v 0.382631 0.291697 -0.086656
v 0.336284 0.320768 -0.112054
v 0.364119 0.277695 -0.111163
v 0.313690 0.304119 -0.128743
v 0.314918 0.247930 -0.133131
v 0.339400 0.261398 -0.125660
v 0.268605 0.271771 -0.131103
v 0.289891 0.287621 -0.136347
v 0.292761 0.235699 -0.127972
v 0.250414 0.257504 -0.117033
v 0.273725 0.225329 -0.112912
v 0.236522 0.246084 -0.095164
v 0.257122 0.216581 -0.092533
v 0.228036 0.237221 -0.069365
v 0.247475 0.209718 -0.069642
v 0.232406 0.230296 -0.043674
v 0.299022 0.386098 -0.080217
v 0.294050 0.394236 -0.050992
v 0.295510 0.372267 -0.108559
v 0.282293 0.353420 -0.130524
v 0.262780 0.331636 -0.140130
v 0.243200 0.310459 -0.136542
v 0.228554 0.292335 -0.119611
v 0.224176 0.278923 -0.092158
v 0.217118 0.266180 -0.064977
v 0.216671 0.254557 -0.040193
v 0.209358 0.277199 -0.035016
v 0.188331 0.285511 -0.036062
v 0.210023 0.286559 -0.067137
v 0.192395 0.299837 -0.075551
v 0.207226 0.303774 -0.095674
v 0.192278 0.324630 -0.107913
v 0.207033 0.327223 -0.115633
v 0.200488 0.349545 -0.133500
v 0.211779 0.352548 -0.129168
v 0.198668 0.381088 -0.140238
v 0.223112 0.379159 -0.134456
v 0.195619 0.415317 -0.133439
v 0.235087 0.406822 -0.125824
v 0.195809 0.448182 -0.122437
v 0.243135 0.429366 -0.103792
v 0.200317 0.477263 -0.104425
v 0.249369 0.445718 -0.078485
v 0.207423 0.497797 -0.078019
v 0.250110 0.452825 -0.048751
v 0.232406 0.230296 -0.043674
v 0.223749 0.251532 -0.012891
v 0.216671 0.254557 -0.040193
v 0.250308 0.203878 -0.045187
v 0.249186 0.199662 -0.015513
v 0.250118 0.204310 -0.045180
v 0.238064 0.231625 0.012196
v 0.222724 0.259905 0.015145
v 0.260074 0.203240 0.005854
v 0.259839 0.203724 0.005950
v 0.251188 0.247701 0.006775
v 0.231136 0.278141 0.021070
v 0.277592 0.216042 0.006005
v 0.277346 0.216577 0.006009
v 0.259428 0.263342 0.007881
v 0.234064 0.299134 0.010525
v 0.290654 0.228900 0.013479
v 0.290344 0.229479 0.013379
v 0.277909 0.279606 0.016635
v 0.252239 0.320511 0.010267
v 0.309555 0.241644 0.011085
v 0.309239 0.242265 0.011158
v 0.301593 0.295692 0.010542
v 0.271864 0.342667 0.013245
v 0.328706 0.253896 0.001929
v 0.328422 0.254556 0.002051
v 0.325961 0.312353 -0.002720
v 0.286365 0.362429 -0.002615
v 0.355539 0.270363 -0.009695
v 0.355281 0.271086 -0.009595
v 0.343249 0.327544 -0.025494
v 0.298219 0.382043 -0.022981
v 0.378411 0.287308 -0.030527
v 0.378135 0.288066 -0.030461
v 0.390010 0.296859 -0.057975
v 0.209358 0.277199 -0.035016
v 0.205473 0.276758 -0.006095
v 0.188331 0.285511 -0.036062
v 0.197198 0.292518 0.019871
v 0.183565 0.299838 0.000734
v 0.202077 0.314683 0.035134
v 0.182196 0.323093 0.028935
v 0.212398 0.341663 0.036297
v 0.183748 0.352698 0.046223
v 0.221206 0.369660 0.029627
v 0.184193 0.385431 0.048701
v 0.230000 0.397450 0.018270
v 0.186371 0.418181 0.044030
v 0.242103 0.422271 0.002246
v 0.189569 0.447173 0.029650
v 0.250533 0.442342 -0.020256
v 0.196455 0.474843 0.011319
v 0.206569 0.497119 -0.012892
v -0.393939 0.297071 -0.060468
v -0.352647 0.331525 -0.086082
v -0.386215 0.290698 -0.088939
v -0.338453 0.317945 -0.112429
v -0.368083 0.276867 -0.113598
v -0.316055 0.301234 -0.129227
v -0.343574 0.260429 -0.128510
v -0.319331 0.246719 -0.134654
v -0.292620 0.284764 -0.136888
v -0.297799 0.234614 -0.127866
v -0.272088 0.269081 -0.129985
v -0.279018 0.224306 -0.112411
v -0.240378 0.243871 -0.094541
v -0.262590 0.215654 -0.092196
v -0.231927 0.235247 -0.069431
v -0.252870 0.208939 -0.069480
v -0.236199 0.228860 -0.043772
v -0.255066 0.203688 -0.045182
v -0.351120 0.334572 -0.055795
v -0.299955 0.382598 -0.080753
v -0.297042 0.368957 -0.108965
v -0.283879 0.349909 -0.130476
v -0.264607 0.327932 -0.139798
v -0.245394 0.306598 -0.135860
v -0.231427 0.288440 -0.118710
v -0.253998 0.254912 -0.116450
v -0.225657 0.275147 -0.091516
v -0.217948 0.262821 -0.064498
v -0.218051 0.251715 -0.039989
v -0.210084 0.274012 -0.034792
v -0.211963 0.283398 -0.066623
v -0.190118 0.282544 -0.035966
v -0.209103 0.299956 -0.095523
v -0.194466 0.296756 -0.075091
v -0.209005 0.322885 -0.115966
v -0.192608 0.322396 -0.105461
v -0.212263 0.346895 -0.131866
v -0.195648 0.349705 -0.128651
v -0.226844 0.373634 -0.133280
v -0.198115 0.379728 -0.142991
v -0.237080 0.401726 -0.124061
v -0.196143 0.413169 -0.132608
v -0.245104 0.426413 -0.105447
v -0.196976 0.445810 -0.122172
v -0.250830 0.442713 -0.079598
v -0.201834 0.475049 -0.105010
v -0.296227 0.391551 -0.051502
v -0.251783 0.450063 -0.049979
v -0.209670 0.495698 -0.079078
v -0.225134 0.249197 -0.012361
v -0.236199 0.228860 -0.043772
v -0.218051 0.251715 -0.039989
v -0.253849 0.199511 -0.015492
v -0.255274 0.203226 -0.045180
v -0.255066 0.203688 -0.045182
v -0.238944 0.230898 0.012906
v -0.237254 0.225886 -0.014166
v -0.262298 0.203213 0.007483
v -0.254016 0.199018 -0.015491
v -0.221748 0.257505 0.015414
v -0.252067 0.246720 0.007807
v -0.262036 0.203738 0.007555
v -0.280551 0.215717 0.008447
v -0.230237 0.276646 0.018407
v -0.261120 0.261850 0.008696
v -0.280292 0.216300 0.008408
v -0.294632 0.228499 0.012112
v -0.235255 0.297022 0.010802
v -0.280877 0.277964 0.016202
v -0.294307 0.229122 0.012019
v -0.313696 0.240974 0.008303
v -0.254349 0.318205 0.010195
v -0.304299 0.293681 0.009558
v -0.313375 0.241646 0.008395
v -0.333287 0.253180 -0.000399
v -0.274423 0.340277 0.012423
v -0.328290 0.309905 -0.003560
v -0.332998 0.253896 -0.000275
v -0.360099 0.269602 -0.012617
v -0.288034 0.359703 -0.003306
v -0.348333 0.326617 -0.025177
v -0.359840 0.270390 -0.012511
v -0.382961 0.286591 -0.033167
v -0.299818 0.379279 -0.023564
v -0.382720 0.287445 -0.033089
v -0.394274 0.296217 -0.060477
v -0.210084 0.274012 -0.034792
v -0.190118 0.282544 -0.035966
v -0.206203 0.274230 -0.006164
v -0.184155 0.297842 -0.000151
v -0.196507 0.290356 0.019714
v -0.182866 0.322145 0.026916
v -0.201467 0.312762 0.034443
v -0.185021 0.351242 0.045582
v -0.209478 0.340084 0.031132
v -0.188872 0.383981 0.051215
v -0.219228 0.368014 0.025755
v -0.190273 0.416940 0.044984
v -0.230155 0.395336 0.015663
v -0.191139 0.445184 0.026862
v -0.243978 0.420030 0.001281
v -0.199408 0.473602 0.010191
v -0.252376 0.439808 -0.021337
v -0.209749 0.495717 -0.014068
v -0.000802 0.572929 -0.087935
v 0.010737 0.573263 -0.086716
v 0.011708 0.574633 -0.091013
v -0.050909 0.572719 -0.081650
v -0.055991 0.568707 -0.070640
v -0.047337 0.571453 -0.078070
v 0.067779 0.528751 0.023720
v 0.049561 0.523676 0.032063
v 0.053664 0.521709 0.037111
v -0.086134 0.557096 -0.028344
v -0.078551 0.547973 -0.012607
v -0.079976 0.556911 -0.028525
v -0.012971 0.571410 -0.082980
v -0.000861 0.571639 -0.083860
v 0.076327 0.566901 -0.056986
v 0.076022 0.563315 -0.044709
v 0.082115 0.563858 -0.045730
v -0.071139 0.528117 0.023123
v -0.052961 0.523281 0.031616
v -0.065976 0.529737 0.019147
v -0.001729 0.512764 0.051070
v -0.019560 0.517082 0.044088
v -0.020980 0.514842 0.049649
v 0.046835 0.572607 -0.079815
v 0.053055 0.569265 -0.070167
v 0.057302 0.570306 -0.073113
v 0.022511 0.572640 -0.087346
v 0.020760 0.571414 -0.083336
v -0.060218 0.569740 -0.073623
v -0.065195 0.566754 -0.063707
v 0.076688 0.537819 0.006653
v 0.062628 0.530320 0.019698
v -0.013862 0.572672 -0.086972
v -0.024865 0.570759 -0.081489
v 0.017520 0.514820 0.049564
v -0.001720 0.515031 0.045466
v -0.078875 0.562385 -0.045092
v -0.084940 0.562858 -0.046146
v -0.070142 0.567583 -0.066149
v -0.073309 0.564878 -0.055436
v -0.079975 0.537054 0.005948
v -0.074190 0.538124 0.003274
v -0.036920 0.519591 0.039618
v -0.039736 0.517430 0.045022
v 0.081500 0.548597 -0.010470
v 0.070910 0.538828 0.003926
v -0.078911 0.565570 -0.057244
v 0.062555 0.567540 -0.063566
v 0.067549 0.568463 -0.065998
v 0.031993 0.570963 -0.079418
v 0.034612 0.572232 -0.083102
v -0.026682 0.571945 -0.085347
v -0.036374 0.571043 -0.080450
v 0.033508 0.519897 0.039966
v 0.016118 0.517059 0.044010
v 0.083231 0.558335 -0.027663
v 0.077051 0.558061 -0.027895
v 0.075413 0.548916 -0.011929
v -0.039089 0.572329 -0.084219
v -0.084633 0.547577 -0.011202
v -0.057080 0.521278 0.036626
v 0.036308 0.517768 0.045382
v 0.070676 0.566116 -0.055199
v 0.043335 0.571361 -0.076375
v 0.049344 0.512158 0.032236
v 0.033329 0.508484 0.039781
v -0.012890 0.560011 -0.082622
v 0.062399 0.518757 0.019969
v -0.036125 0.559860 -0.080110
v -0.024700 0.559451 -0.081141
v 0.070673 0.527315 0.004247
v -0.047007 0.560333 -0.077746
v 0.075129 0.537561 -0.011612
v 0.076683 0.546924 -0.027622
v -0.079613 0.545778 -0.028252
v -0.055620 0.557620 -0.070377
v 0.070229 0.555230 -0.055002
v 0.075591 0.552361 -0.044487
v -0.078268 0.536629 -0.012293
v -0.064781 0.555712 -0.063488
v 0.062136 0.556616 -0.063351
v -0.073953 0.526625 0.003591
v -0.072869 0.553993 -0.055232
v 0.052685 0.558139 -0.069909
v -0.065747 0.518189 0.019414
v -0.078446 0.551435 -0.044868
v 0.043018 0.560177 -0.076068
v -0.052744 0.511776 0.031788
v -0.036740 0.508187 0.039450
v 0.020603 0.560093 -0.082979
v 0.031759 0.559707 -0.079090
v -0.019454 0.505794 0.043653
v 0.010649 0.561876 -0.086331
v 0.016014 0.505770 0.043575
v -0.001720 0.503884 0.044924
v -0.000866 0.560163 -0.083499
v -0.001609 0.534754 -0.029575
v 0.165817 -0.017908 0.090113
v 0.175666 -0.016877 0.059257
v 0.182947 -0.016916 0.061563
v -0.064688 -0.020755 0.140809
v -0.093874 -0.019693 0.125498
v -0.061846 -0.020544 0.135248
v 0.005050 -0.021699 0.146021
v 0.039047 -0.021734 0.139885
v 0.040452 -0.022001 0.145738
v -0.192857 -0.017250 -0.002341
v -0.181877 -0.017429 -0.035182
v -0.185053 -0.017196 -0.002068
v 0.109013 -0.020503 0.126762
v 0.135246 -0.019386 0.107430
v 0.140695 -0.019543 0.111850
v -0.188249 -0.017760 0.032377
v -0.180591 -0.017684 0.031246
v 0.141835 -0.010001 -0.127487
v 0.156691 -0.011521 -0.096927
v 0.136428 -0.010271 -0.122482
v -0.160457 -0.018623 -0.103694
v -0.172017 -0.017959 -0.068125
v -0.179287 -0.018049 -0.071069
v -0.098066 -0.019864 0.130666
v -0.124689 -0.018929 0.113565
v 0.072519 -0.021152 0.133709
v 0.075334 -0.021391 0.139197
v -0.000784 -0.010504 -0.153479
v 0.034747 -0.009820 -0.144204
v -0.000776 -0.010752 -0.147562
v -0.034051 -0.011406 -0.151149
v -0.035445 -0.011190 -0.157179
v -0.102691 -0.018676 -0.148343
v -0.128945 -0.017223 -0.126892
v -0.134425 -0.017278 -0.131620
v 0.177075 -0.011755 -0.069550
v 0.162983 -0.011310 -0.100952
v 0.183698 -0.015346 0.028640
v 0.191467 -0.015314 0.029604
v -0.130157 -0.019064 0.118214
v -0.150933 -0.018390 0.092743
v -0.066930 -0.012353 -0.150179
v -0.069798 -0.012180 -0.155975
v 0.036113 -0.009529 -0.149979
v 0.070796 -0.009100 -0.140844
v 0.159314 -0.017825 0.086576
v -0.028820 -0.020944 0.140033
v 0.005060 -0.021446 0.140108
v 0.186328 -0.012332 -0.036492
v 0.170108 -0.011947 -0.066677
v -0.189554 -0.017494 -0.036863
v -0.157492 -0.018500 0.096377
v -0.169189 -0.018199 0.064192
v 0.104847 -0.020304 0.121823
v 0.073650 -0.008775 -0.146616
v 0.105848 -0.009180 -0.135823
v 0.184065 -0.013767 -0.002993
v 0.178841 -0.012497 -0.034813
v -0.030233 -0.021174 0.145862
v -0.153957 -0.018507 -0.099793
v 0.191954 -0.013661 -0.003402
v -0.176456 -0.018300 0.066617
v -0.098582 -0.013896 -0.143229
v 0.110108 -0.008858 -0.141393
v 0.169906 0.009014 0.028468
v 0.170205 0.010463 -0.000980
v 0.146311 0.012524 -0.089506
v -0.171253 0.007316 -0.000535
v -0.167022 0.006869 0.030552
v 0.127693 0.013672 -0.113594
v -0.156353 0.006396 0.061298
v 0.099041 0.014674 -0.126023
v -0.031839 0.012630 -0.140521
v -0.139346 0.006221 0.087782
v 0.066313 0.014747 -0.130792
v -0.062206 0.011761 -0.139829
v -0.115034 0.005726 0.106851
v 0.032593 0.014086 -0.134158
v -0.091451 0.010345 -0.133575
v -0.086541 0.005025 0.117555
v -0.000778 0.013231 -0.137165
v -0.119656 0.007292 -0.118387
v -0.057010 0.004243 0.126260
v 0.036240 0.003151 0.130044
v -0.142852 0.006113 -0.092656
v -0.026571 0.003876 0.130126
v 0.067134 0.003686 0.124999
v -0.159447 0.006616 -0.062418
v 0.004839 0.003416 0.129674
v 0.096967 0.004464 0.114552
v 0.125149 0.005306 0.101506
v -0.168445 0.007103 -0.031367
v 0.147410 0.006740 0.082226
v 0.162520 0.007609 0.056905
v 0.165932 0.011629 -0.030928
v 0.158346 0.012134 -0.060971
v 0.000915 0.008377 -0.007740
v 0.072547 -0.022544 -0.162510
v 0.035761 -0.026641 -0.167588
v -0.196212 0.004764 -0.005626
v 0.364369 0.276944 -0.111119
v 0.377315 0.287002 -0.084502
v 0.360105 0.273998 -0.107322
v 0.257410 0.216096 -0.092483
v 0.276126 0.225975 -0.108534
v 0.260700 0.218074 -0.089769
v 0.290654 0.228900 0.013479
v 0.280112 0.218124 0.000827
v 0.292133 0.229758 0.008038
v 0.293077 0.235109 -0.127908
v 0.314254 0.246421 -0.127546
v 0.293728 0.235349 -0.122578
v 0.328706 0.253896 0.001929
v 0.351718 0.267788 -0.013143
v 0.355539 0.270363 -0.009695
v 0.378411 0.287308 -0.030527
v 0.383915 0.292544 -0.057806
v 0.390010 0.296859 -0.057975
v 0.339681 0.260703 -0.125590
v 0.337082 0.258868 -0.120724
v 0.251574 0.211845 -0.068668
v 0.247714 0.209264 -0.069630
v 0.277592 0.216042 0.006005
v 0.266344 0.206451 0.000707
v 0.309354 0.241290 0.005882
v 0.326967 0.252596 -0.002482
v 0.382872 0.290901 -0.086640
v 0.274038 0.224800 -0.112835
v 0.315227 0.247285 -0.133064
v 0.254030 0.207063 -0.046320
v 0.250308 0.203878 -0.045187
v 0.249332 0.199200 -0.015523
v 0.260074 0.203240 0.005854
v 0.309555 0.241644 0.011085
v 0.372939 0.283481 -0.032365
v 0.255623 0.202874 -0.019206
v -0.298135 0.233984 -0.127791
v -0.318751 0.245239 -0.129462
v -0.319662 0.246025 -0.134573
v -0.253137 0.208457 -0.069453
v -0.258652 0.206126 -0.046213
v -0.256573 0.210824 -0.068570
v -0.343881 0.259682 -0.128446
v -0.364509 0.273341 -0.109957
v -0.368358 0.276059 -0.113553
v -0.280551 0.215717 0.008447
v -0.268732 0.206036 0.002708
v -0.262298 0.203213 0.007483
v -0.333287 0.253180 -0.000399
v -0.313501 0.240608 0.003657
v -0.313696 0.240974 0.008303
v -0.262905 0.215137 -0.092133
v -0.265856 0.216934 -0.089672
v -0.386472 0.289836 -0.088916
v -0.388759 0.292222 -0.060185
v -0.394274 0.296217 -0.060477
v -0.279361 0.223745 -0.112311
v -0.298699 0.234202 -0.122939
v -0.254016 0.199018 -0.015491
v -0.259898 0.202300 -0.018870
v -0.296095 0.229219 0.007172
v -0.294632 0.228499 0.012112
v -0.360099 0.269602 -0.012617
v -0.377956 0.283027 -0.034713
v -0.356579 0.267189 -0.015644
v -0.341507 0.257982 -0.123859
v -0.255274 0.203226 -0.045180
v -0.381473 0.286242 -0.086836
v -0.281232 0.224814 -0.108425
v -0.283496 0.217569 0.003520
v -0.331672 0.251949 -0.004349
v -0.382961 0.286591 -0.033167
v -0.271895 0.250222 -0.102811
v -0.321347 0.275022 -0.007093
v -0.256646 0.243217 -0.085681
v -0.369816 0.306718 -0.082969
v -0.376521 0.311746 -0.058282
v -0.345520 0.288997 -0.017273
v -0.243995 0.232057 -0.021473
v -0.242874 0.234830 -0.045537
v -0.353462 0.294950 -0.104384
v -0.366119 0.303427 -0.034749
v -0.252937 0.235549 -0.002123
v -0.330870 0.280573 -0.117104
v -0.245174 0.238010 -0.066013
v -0.308274 0.268664 -0.122128
v -0.264145 0.245019 -0.000715
v -0.288825 0.258667 -0.116026
v -0.280089 0.254757 0.003324
v -0.299997 0.264719 0.000184
v 0.284587 0.260372 -0.114915
v 0.268061 0.252202 -0.102355
v 0.296094 0.265744 0.000363
v 0.316854 0.275855 -0.007152
v 0.253404 0.245404 -0.085706
v 0.340388 0.289564 -0.016559
v 0.241859 0.240167 -0.066423
v 0.364532 0.306825 -0.080912
v 0.360303 0.303509 -0.033782
v 0.239553 0.236930 -0.046494
v 0.348323 0.295245 -0.101618
v 0.370540 0.311441 -0.056743
v 0.251890 0.237408 -0.006044
v 0.326287 0.281462 -0.113634
v 0.241358 0.234032 -0.023458
v 0.262027 0.246446 -0.004906
v 0.304115 0.270106 -0.119586
v 0.277208 0.256019 0.002182
v 0.290907 0.260669 -0.054303
v -0.293366 0.258309 -0.053055
v -0.253137 0.208457 -0.069453
v -0.255274 0.203226 -0.045180
v -0.262905 0.215137 -0.092133
v -0.279361 0.223745 -0.112311
v -0.298135 0.233984 -0.127791
v -0.319662 0.246025 -0.134573
v -0.343881 0.259682 -0.128446
v -0.368358 0.276059 -0.113553
v -0.386472 0.289836 -0.088916
v 0.234635 0.227006 -0.014173
v 0.247714 0.209264 -0.069630
v 0.250118 0.204310 -0.045180
v 0.257410 0.216096 -0.092483
v 0.274038 0.224800 -0.112835
v 0.293077 0.235109 -0.127908
v 0.315227 0.247285 -0.133064
v 0.339681 0.260703 -0.125590
v 0.364369 0.276944 -0.111119
v 0.382872 0.290901 -0.086640
v -0.035445 -0.011190 -0.157179
v -0.069798 -0.012180 -0.155975
v 0.213732 0.506606 -0.044977
v 0.249332 0.199200 -0.015523
v -0.216409 0.504504 -0.046312
v 0.250308 0.203878 -0.045187
vn -0.0218 -0.8544 0.5192
vn -0.0695 -0.1459 0.9869
vn -0.0428 -0.8071 0.5889
vn -0.2372 -0.0341 0.9709
vn -0.1614 -0.8227 0.5451
vn -0.3167 -0.0532 0.9470
vn -0.2087 -0.7857 0.5823
vn -0.5497 0.0199 0.8352
vn -0.3913 -0.7542 0.5274
vn -0.7340 0.0936 0.6727
vn -0.5521 -0.6463 0.5267
vn -0.9070 0.0505 0.4182
vn -0.6565 -0.7038 0.2714
vn -0.9666 0.1047 0.2340
vn -0.7526 -0.6365 0.1686
vn -0.6964 -0.7150 0.0609
vn 0.0274 0.1042 0.9942
vn -0.0910 0.0524 0.9945
vn -0.0030 0.0240 0.9997
vn -0.1794 0.1094 0.9777
vn -0.2408 0.2879 0.9269
vn -0.2765 0.1468 0.9497
vn -0.2902 0.1774 0.9404
vn -0.3025 0.1785 0.9363
vn -0.5240 0.2793 0.8046
vn -0.5276 0.2534 0.8108
vn -0.7361 0.1553 0.6588
vn -0.7018 0.1382 0.6989
vn -0.8886 0.1552 0.4316
vn -0.8932 0.2227 0.3906
vn -0.9587 0.1641 0.2325
vn -0.9556 0.1353 0.2620
vn -0.9863 0.1634 0.0225
vn 0.0228 0.1503 0.9884
vn -0.1253 0.0683 0.9898
vn -0.3144 0.0302 0.9488
vn -0.4164 0.0589 0.9073
vn -0.5098 0.0858 0.8560
vn -0.7436 0.1409 0.6536
vn -0.8948 0.1302 0.4271
vn -0.9588 0.1423 0.2459
vn -0.9899 0.1364 0.0384
vn 0.0332 0.1147 0.9928
vn -0.0570 0.0791 0.9952
vn -0.2487 0.0147 0.9685
vn -0.6012 0.1537 0.7841
vn -0.7627 0.1996 0.6152
vn -0.8954 0.2254 0.3840
vn -0.9570 0.1706 0.2346
vn -0.9793 0.1965 0.0487
vn -0.0248 0.0862 0.9960
vn -0.5394 0.1207 0.8333
vn -0.4327 -0.0058 0.9015
vn -0.6559 0.1256 0.7443
vn -0.8007 0.2064 0.5624
vn -0.8750 0.2689 0.4025
vn -0.9243 0.1708 0.3413
vn -0.9964 0.0841 0.0114
vn 0.0276 0.0909 0.9955
vn -0.0074 0.0984 0.9951
vn -0.2395 0.0513 0.9695
vn -0.2813 0.0942 0.9550
vn -0.5181 0.0831 0.8513
vn -0.6718 0.0320 0.7401
vn -0.8839 0.0869 0.4596
vn -0.9161 0.0877 0.3912
vn -0.9177 0.0959 0.3855
vn -0.9981 0.0613 0.0099
vn 0.0157 0.0896 0.9959
vn -0.0185 0.1012 0.9947
vn -0.2828 0.1068 0.9532
vn -0.4950 0.0582 0.8670
vn -0.7125 0.0549 0.6995
vn -0.8647 0.0022 0.5023
vn -0.9113 -0.0394 0.4098
vn -0.9044 -0.0463 0.4242
vn -0.9783 -0.0884 0.1874
vn 0.0083 0.0867 0.9962
vn 0.0107 0.0808 0.9967
vn -0.0577 0.1108 0.9922
vn -0.2635 0.1133 0.9580
vn -0.4882 0.0644 0.8703
vn -0.7227 0.0401 0.6900
vn -0.8755 0.0378 0.4818
vn -0.9109 0.0382 0.4109
vn -0.9077 -0.0107 0.4194
vn -0.9915 -0.0241 0.1277
vn 0.0043 0.0893 0.9960
vn -0.0752 0.0977 0.9924
vn -0.2476 0.0811 0.9655
vn -0.4849 0.0497 0.8732
vn -0.7422 0.0363 0.6692
vn -0.8742 -0.0169 0.4852
vn -0.8961 -0.0243 0.4433
vn -0.9061 -0.0295 0.4221
vn -0.9929 0.0037 0.1186
vn 0.0015 0.0777 0.9970
vn -0.0608 0.0646 0.9961
vn -0.2227 0.0207 0.9747
vn -0.4821 -0.0366 0.8753
vn -0.7060 -0.1202 0.6980
vn -0.8721 -0.1011 0.4788
vn -0.7775 -0.3632 0.5134
vn -0.4555 -0.8893 0.0417
vn -0.9900 -0.0869 0.1110
vn 0.4662 -0.8836 0.0442
vn 0.9189 -0.0597 0.3899
vn 0.9870 -0.0935 0.1305
vn 0.9936 -0.0056 0.1130
vn 0.9222 0.0201 0.3861
vn 0.9977 -0.0301 0.0614
vn 0.9161 -0.0295 0.4000
vn 0.9904 -0.1088 0.0854
vn 0.9224 0.0561 0.3823
vn 0.9932 0.1058 -0.0476
vn 0.9098 0.3090 0.2770
vn 0.9823 0.1616 -0.0943
vn 0.9518 0.1563 0.2640
vn 0.9964 0.0849 0.0063
vn 0.9635 0.1614 0.2135
vn 0.9660 0.2571 -0.0262
vn 0.9594 0.0546 0.2767
vn 0.9985 0.0103 -0.0532
vn 0.9645 0.2553 -0.0680
vn 0.9678 -0.0373 0.2489
vn 0.6230 -0.7811 -0.0409
vn 0.8931 -0.1277 0.4314
vn 0.7819 -0.4018 0.4767
vn 0.9022 -0.0311 0.4302
vn 0.9181 0.0442 0.3939
vn 0.9146 -0.0293 0.4033
vn 0.9335 0.0922 0.3464
vn 0.8630 0.2618 0.4320
vn 0.8532 0.2342 0.4661
vn 0.8917 0.2666 0.3657
vn 0.9519 0.2481 0.1800
vn 0.9154 0.0932 0.3916
vn 0.9327 0.0332 0.3592
vn 0.7161 -0.6906 0.1011
vn 0.8627 -0.1245 0.4901
vn 0.8731 0.0031 0.4875
vn 0.8744 0.0476 0.4829
vn 0.8691 0.0246 0.4940
vn 0.8576 0.0584 0.5109
vn 0.8064 0.1677 0.5672
vn 0.7739 0.2347 0.5883
vn 0.7178 0.2341 0.6557
vn 0.8831 0.1190 0.4538
vn 0.7319 0.3720 0.5709
vn 0.5499 -0.7470 0.3737
vn 0.7240 -0.6335 0.2730
vn 0.7265 -0.0996 0.6799
vn 0.7328 0.0272 0.6799
vn 0.7251 0.0633 0.6858
vn 0.6940 0.0237 0.7195
vn 0.6998 0.0317 0.7136
vn 0.6398 0.1447 0.7548
vn 0.5581 0.1486 0.8163
vn 0.7615 0.2487 0.5986
vn 0.4740 0.0242 0.8802
vn 0.7719 0.0646 0.6324
vn 0.5035 -0.0662 0.8615
vn 0.4627 -0.0470 0.8853
vn 0.4901 0.0536 0.8700
vn 0.4840 0.0705 0.8722
vn 0.4923 0.0746 0.8672
vn 0.4988 0.1067 0.8601
vn 0.6990 0.1627 0.6963
vn 0.4159 0.0318 0.9089
vn 0.4226 0.0642 0.9040
vn 0.3744 0.1596 0.9135
vn 0.5169 0.2236 0.8263
vn 0.3954 -0.0339 0.9179
vn 0.2787 -0.7559 0.5924
vn 0.4074 -0.7164 0.5664
vn 0.2163 0.0196 0.9761
vn 0.2490 0.0860 0.9647
vn 0.2544 0.0935 0.9626
vn 0.2524 0.0807 0.9643
vn 0.1912 0.0712 0.9790
vn 0.4961 0.0866 0.8640
vn 0.2061 0.0656 0.9763
vn 0.2604 0.1014 0.9602
vn 0.2704 0.1454 0.9517
vn 0.3828 0.0869 0.9197
vn 0.2999 -0.0942 0.9493
vn 0.1952 -0.7662 0.6123
vn 0.0625 0.0658 0.9959
vn 0.0739 0.0962 0.9926
vn 0.0590 0.0995 0.9933
vn 0.0536 0.0864 0.9948
vn 0.2229 0.0529 0.9734
vn 0.0716 0.0822 0.9940
vn 0.1147 0.0823 0.9900
vn 0.1612 0.1010 0.9817
vn 0.1508 0.1445 0.9779
vn 0.3209 0.0608 0.9451
vn 0.1417 -0.1168 0.9830
vn 0.0845 -0.8314 0.5492
vn 0.0895 0.0701 0.9935
vn 0.1222 0.1905 0.9740
vn -0.0302 -0.2414 0.9700
vn -0.4197 0.8170 0.3954
vn -0.3932 0.9192 0.0236
vn -0.6904 0.7234 0.0025
vn -0.3284 0.8826 0.3363
vn -0.3550 0.9318 0.0759
vn -0.3255 0.8888 0.3227
vn -0.4292 0.8956 0.1173
vn -0.2139 0.8964 0.3881
vn -0.2538 0.9512 0.1757
vn -0.3530 0.7312 0.5838
vn -0.3150 0.8141 0.4878
vn -0.3055 0.8480 0.4330
vn -0.4009 0.8432 0.3581
vn -0.1759 0.8442 0.5064
vn -0.3842 0.6670 0.6384
vn -0.3275 0.7634 0.5568
vn -0.2799 0.8187 0.5014
vn -0.3646 0.8068 0.4649
vn -0.2967 0.8003 0.5210
vn -0.3587 0.6361 0.6831
vn -0.3084 0.7078 0.6356
vn -0.2755 0.7597 0.5890
vn -0.2423 0.7842 0.5712
vn -0.1242 0.8446 0.5208
vn -0.2834 0.5836 0.7610
vn -0.2409 0.6405 0.7292
vn -0.2000 0.7008 0.6848
vn -0.1769 0.7431 0.6454
vn -0.0967 0.8530 0.5129
vn -0.1456 0.5273 0.8371
vn -0.1324 0.5590 0.8185
vn -0.1280 0.5995 0.7901
vn -0.1069 0.6764 0.7288
vn -0.0739 0.8445 0.5305
vn -0.0346 0.5232 0.8515
vn -0.0251 0.5459 0.8375
vn -0.0292 0.5839 0.8113
vn -0.0400 0.8232 0.5663
vn -0.0423 0.4952 0.8678
vn -0.0026 0.5074 0.8617
vn -0.0005 0.5396 0.8419
vn 0.0022 0.5608 0.8279
vn 0.0033 0.7705 0.6375
vn -0.0023 0.7841 0.6206
vn 0.0181 0.5836 0.8118
vn -0.0109 0.7816 0.6237
vn 0.0234 0.8198 0.5722
vn 0.0901 0.6750 0.7323
vn 0.0673 0.8417 0.5357
vn 0.1611 0.7480 0.6439
vn 0.0871 0.8506 0.5185
vn 0.2390 0.7823 0.5752
vn 0.1176 0.8413 0.5275
vn 0.3009 0.7944 0.5276
vn 0.1715 0.8398 0.5150
vn 0.4131 0.8343 0.3651
vn 0.2106 0.8973 0.3879
vn 0.4347 0.8911 0.1302
vn 0.2510 0.9503 0.1841
vn 0.0133 0.5521 0.8337
vn 0.1098 0.5993 0.7930
vn 0.1879 0.7052 0.6837
vn 0.2713 0.7620 0.5879
vn 0.2871 0.8144 0.5043
vn 0.3717 0.7994 0.4719
vn 0.3125 0.8437 0.4365
vn 0.3298 0.8850 0.3287
vn 0.0238 0.5293 0.8481
vn 0.1194 0.5544 0.8237
vn 0.2329 0.6418 0.7307
vn 0.2988 0.7186 0.6279
vn 0.3181 0.7748 0.5463
vn 0.3089 0.8222 0.4782
vn 0.3202 0.8854 0.3370
vn 0.3570 0.9291 0.0963
vn 0.0332 0.4954 0.8680
vn 0.1356 0.5257 0.8398
vn 0.2710 0.5878 0.7623
vn 0.3545 0.6444 0.6776
vn 0.3797 0.6734 0.6343
vn 0.3486 0.7334 0.5835
vn 0.3968 0.8246 0.4032
vn 0.3740 0.9263 0.0453
vn -0.0015 0.4718 0.8817
vn 0.0278 0.4579 0.8886
vn 0.1072 0.4805 0.8704
vn 0.2270 0.5102 0.8295
vn 0.3469 0.5461 0.7625
vn 0.4111 0.5618 0.7179
vn 0.3826 0.5849 0.7152
vn 0.3574 0.6350 0.6848
vn 0.5767 0.6269 0.5238
vn 0.6720 0.7403 0.0222
vn -0.0000 0.4324 0.9017
vn 0.0190 0.4175 0.9085
vn 0.0956 0.4417 0.8921
vn 0.2000 0.4614 0.8644
vn 0.3133 0.4843 0.8169
vn 0.4137 0.5041 0.7581
vn 0.4269 0.4982 0.7547
vn 0.3714 0.4950 0.7855
vn 0.4810 0.4794 0.7340
vn 0.0008 0.3933 0.9194
vn 0.0085 0.3715 0.9284
vn 0.0845 0.4009 0.9122
vn 0.1865 0.4175 0.8893
vn 0.2863 0.4321 0.8552
vn 0.3838 0.4518 0.8053
vn 0.4444 0.4817 0.7553
vn 0.4443 0.4605 0.7684
vn 0.4725 0.3761 0.7970
vn 0.0019 0.3460 0.9382
vn -0.0057 0.3062 0.9520
vn 0.0729 0.3447 0.9359
vn 0.1827 0.3623 0.9140
vn 0.2837 0.3692 0.8850
vn 0.3824 0.3618 0.8502
vn 0.4484 0.3340 0.8291
vn 0.5360 0.2983 0.7898
vn 0.5623 0.2580 0.7857
vn 0.0021 0.2748 0.9615
vn -0.0203 0.2184 0.9756
vn 0.0637 0.2559 0.9646
vn 0.1811 0.2832 0.9418
vn 0.3003 0.2874 0.9095
vn 0.4233 0.2629 0.8670
vn 0.5478 0.2028 0.8117
vn 0.6464 0.0559 0.7609
vn 0.5628 0.0230 0.8262
vn 0.0013 0.2016 0.9795
vn -0.0219 0.1270 0.9917
vn 0.0548 0.1337 0.9895
vn 0.1917 0.1516 0.9697
vn 0.3480 0.1341 0.9279
vn 0.5116 0.0656 0.8567
vn 0.6856 -0.0747 0.7242
vn 0.7031 -0.2093 0.6796
vn 0.0017 0.0799 0.9968
vn 0.0014 0.1299 0.9915
vn -0.0021 0.0623 0.9981
vn 0.0765 0.0255 0.9967
vn 0.2321 -0.0050 0.9727
vn 0.4335 -0.0628 0.8990
vn 0.6513 -0.1784 0.7375
vn 0.7747 -0.2853 0.5643
vn 0.6829 -0.4266 0.5930
vn 0.4065 -0.2281 0.8847
vn 0.0018 0.0693 0.9976
vn 0.0273 0.0521 0.9983
vn 0.1335 -0.0034 0.9910
vn 0.3240 -0.0774 0.9429
vn 0.5734 -0.1781 0.7997
vn 0.7746 -0.2470 0.5822
vn 0.8397 -0.2944 0.4563
vn 0.7133 -0.4687 0.5211
vn -0.0103 -0.6194 0.7850
vn -0.1597 -0.8624 0.4803
vn -0.0268 0.0526 0.9983
vn -0.1386 0.0022 0.9904
vn -0.3426 -0.0808 0.9360
vn -0.5707 -0.1896 0.7990
vn -0.7661 -0.2341 0.5986
vn -0.8708 -0.2362 0.4313
vn -0.9048 -0.1199 0.4087
vn -0.7220 -0.4568 0.5196
vn 0.1680 -0.8547 0.4911
vn 0.0010 0.0633 0.9980
vn -0.0841 0.0287 0.9960
vn -0.2432 -0.0022 0.9700
vn -0.4479 -0.0722 0.8912
vn -0.6655 -0.1556 0.7300
vn -0.7956 -0.2340 0.5589
vn -0.6773 -0.4162 0.6067
vn 0.0244 -0.6194 0.7847
vn 0.0206 0.1280 0.9916
vn -0.0627 0.1340 0.9890
vn -0.2025 0.1506 0.9676
vn -0.3590 0.1296 0.9243
vn -0.5376 0.0394 0.8423
vn -0.7075 -0.1421 0.6923
vn -0.6528 -0.2683 0.7085
vn -0.4154 -0.2736 0.8675
vn 0.0194 0.2175 0.9759
vn -0.1908 0.2833 0.9398
vn -0.3119 0.2836 0.9068
vn -0.4031 0.2564 0.8785
vn -0.5271 0.1816 0.8302
vn -0.6306 0.0549 0.7742
vn -0.5913 0.0033 0.8064
vn 0.0024 0.3073 0.9516
vn -0.0737 0.2578 0.9634
vn -0.0831 0.3472 0.9341
vn -0.1904 0.3614 0.9128
vn -0.2939 0.3662 0.8829
vn -0.3945 0.3692 0.8415
vn -0.4936 0.3592 0.7921
vn -0.4936 0.3022 0.8155
vn -0.0135 0.3729 0.9278
vn -0.0944 0.4023 0.9107
vn -0.1939 0.4191 0.8870
vn -0.2955 0.4321 0.8520
vn -0.3818 0.4423 0.8116
vn -0.4431 0.4399 0.7812
vn -0.4694 0.4411 0.7649
vn -0.5488 0.2731 0.7901
vn -0.0251 0.4189 0.9077
vn -0.1068 0.4433 0.8900
vn -0.2071 0.4621 0.8623
vn -0.3237 0.4856 0.8120
vn -0.4097 0.5091 0.7570
vn -0.4203 0.5177 0.7452
vn -0.4026 0.4879 0.7745
vn -0.5364 0.3832 0.7519
vn -0.0354 0.4603 0.8871
vn -0.1178 0.4812 0.8687
vn -0.2364 0.5118 0.8259
vn -0.3517 0.5459 0.7605
vn -0.4068 0.5605 0.7213
vn -0.3897 0.5786 0.7165
vn -0.3708 0.6249 0.6870
vn -0.4832 0.4529 0.7493
vn -0.5982 0.6161 0.5124
vn -0.0285 -0.9018 0.4313
vn -0.0255 -0.7844 0.6198
vn -0.0201 -0.8907 0.4541
vn 0.0161 -0.8379 0.5455
vn -0.0364 -0.8938 0.4470
vn 0.0852 -0.9526 0.2920
vn -0.0547 -0.9237 0.3791
vn 0.3348 -0.4567 -0.8242
vn 0.6005 -0.4758 -0.6427
vn 0.1138 -0.9912 -0.0676
vn 0.8388 -0.1668 -0.5183
vn 0.5996 -0.7365 -0.3130
vn 0.9220 0.0151 -0.3870
vn 0.6695 -0.6907 -0.2733
vn 0.9458 -0.1211 -0.3015
vn 0.6158 -0.7673 -0.1793
vn 0.9985 0.0102 -0.0533
vn 0.6231 -0.7811 -0.0410
vn -0.0933 0.1529 -0.9838
vn 0.0795 0.0477 -0.9957
vn 0.0699 0.3700 -0.9264
vn 0.0517 0.1301 -0.9901
vn 0.1590 0.1511 -0.9756
vn 0.1902 0.0648 -0.9796
vn 0.2854 0.2943 -0.9121
vn 0.4018 0.1162 -0.9083
vn 0.5886 0.4119 -0.6957
vn 0.6096 0.1448 -0.7794
vn 0.8400 0.1509 -0.5212
vn 0.9079 0.0530 -0.4159
vn 0.9212 0.0573 -0.3849
vn 0.9410 -0.0230 -0.3378
vn 0.9493 0.1069 -0.2957
vn 0.9645 0.2553 -0.0681
vn 0.0035 0.0410 -0.9992
vn 0.0277 0.1218 -0.9922
vn 0.1009 0.0355 -0.9943
vn 0.4576 -0.0742 -0.8860
vn 0.6376 0.0839 -0.7658
vn 0.7912 0.0625 -0.6084
vn 0.8798 0.1882 -0.4364
vn 0.9509 0.1629 -0.2632
vn 0.0551 0.0176 -0.9983
vn -0.0000 0.0635 -0.9980
vn 0.7918 -0.0874 -0.6046
vn 0.8304 -0.0244 -0.5566
vn 0.7509 0.2437 -0.6138
vn 0.8567 0.1647 -0.4888
vn 0.9082 0.2187 -0.3569
vn 0.9823 0.1616 -0.0944
vn 0.9964 0.0850 0.0062
vn 0.0349 0.0436 -0.9984
vn 0.0365 0.0083 -0.9993
vn 0.0602 0.0079 -0.9982
vn 0.2251 0.0188 -0.9741
vn 0.3964 -0.0492 -0.9168
vn 0.6505 -0.2317 -0.7233
vn 0.8935 -0.2493 -0.3735
vn 0.9589 -0.1030 -0.2645
vn 0.9932 0.1058 -0.0477
vn -0.0072 0.0099 -0.9999
vn 0.0044 0.0317 -0.9995
vn 0.0740 -0.0027 -0.9973
vn 0.1467 0.0076 -0.9892
vn 0.5544 -0.0325 -0.8316
vn 0.8563 -0.1844 -0.4824
vn 0.9549 -0.2143 -0.2057
vn 0.9410 0.0127 -0.3381
vn -0.0077 0.0077 -0.9999
vn 0.0227 0.0036 -0.9997
vn 0.0157 0.0038 -0.9999
vn 0.0606 -0.0080 -0.9981
vn 0.1476 -0.0201 -0.9888
vn 0.4627 -0.0503 -0.8851
vn 0.8111 -0.1344 -0.5693
vn 0.9411 -0.2383 -0.2398
vn 0.9539 -0.1377 -0.2666
vn 0.9680 -0.1287 -0.2156
vn -0.0067 0.0023 -1.0000
vn 0.0071 -0.0021 -1.0000
vn 0.0481 -0.0131 -0.9988
vn 0.1372 -0.0233 -0.9903
vn 0.4053 -0.0579 -0.9124
vn 0.7716 -0.1384 -0.6209
vn 0.9462 -0.1702 -0.2752
vn 0.9811 -0.1201 -0.1517
vn 0.9977 -0.0301 0.0613
vn -0.0060 -0.0038 -1.0000
vn -0.0007 -0.0072 -1.0000
vn 0.0414 -0.0151 -0.9990
vn 0.1268 -0.0216 -0.9917
vn 0.3455 -0.0705 -0.9358
vn 0.7082 -0.1703 -0.6852
vn 0.9395 -0.1980 -0.2795
vn 0.9876 -0.1341 -0.0821
vn 0.9936 -0.0056 0.1129
vn -0.0038 -0.0039 -1.0000
vn -0.0074 -0.0068 -0.9999
vn 0.0382 -0.0148 -0.9992
vn 0.1112 -0.0236 -0.9935
vn 0.2524 -0.0860 -0.9638
vn 0.6323 -0.1988 -0.7488
vn 0.9442 -0.3205 -0.0764
vn 0.4662 -0.8836 0.0441
vn 0.9870 -0.0935 0.1304
vn -0.4555 -0.8892 0.0417
vn -0.9910 -0.1075 -0.0799
vn -0.9900 -0.0869 0.1109
vn -0.9929 0.0037 0.1185
vn -0.9913 -0.0500 -0.1219
vn -0.9915 -0.0241 0.1276
vn -0.9843 -0.0938 -0.1498
vn -0.9822 -0.1398 -0.1257
vn -0.9981 0.0613 0.0098
vn -0.9873 -0.0214 -0.1574
vn -0.9964 0.0842 0.0113
vn -0.9548 0.1549 -0.2535
vn -0.9793 0.1965 0.0486
vn -0.9696 0.1257 -0.2101
vn -0.9899 0.1363 0.0383
vn -0.9707 0.0645 -0.2315
vn -0.9987 0.0299 0.0420
vn -0.9863 0.1634 0.0224
vn -0.7086 -0.6867 -0.1620
vn -0.6964 -0.7151 0.0608
vn -0.9322 -0.3450 -0.1096
vn -0.9330 -0.1591 -0.3227
vn -0.9333 -0.1060 -0.3431
vn -0.9313 -0.1065 -0.3484
vn -0.9352 -0.2189 -0.2782
vn -0.7937 0.1307 -0.5942
vn -0.8767 0.0998 -0.4705
vn -0.9654 0.0302 -0.2591
vn -0.8889 0.2026 -0.4109
vn -0.9695 0.0319 -0.2428
vn -0.6302 -0.7500 -0.2010
vn -0.5711 -0.2189 -0.7912
vn -0.9329 -0.1982 -0.3008
vn -0.6371 -0.1701 -0.7518
vn -0.6790 -0.1222 -0.7239
vn -0.7054 -0.0976 -0.7021
vn -0.9486 -0.1260 -0.2902
vn -0.7432 -0.0997 -0.6616
vn -0.7675 -0.3050 -0.5639
vn -0.8420 -0.0476 -0.5373
vn -0.7355 0.1770 -0.6540
vn -0.7774 -0.1543 -0.6097
vn -0.9197 -0.0141 -0.3923
vn -0.5028 -0.7847 -0.3626
vn -0.2581 -0.1100 -0.9598
vn -0.3332 -0.0911 -0.9384
vn -0.3813 -0.0727 -0.9216
vn -0.4140 -0.0701 -0.9076
vn -0.5435 -0.1221 -0.8305
vn -0.8556 -0.1580 -0.4930
vn -0.6426 -0.1369 -0.7539
vn -0.5920 0.0509 -0.8043
vn -0.7315 0.2244 -0.6439
vn -0.5998 0.2869 -0.7470
vn -0.7857 0.0647 -0.6152
vn -0.3316 -0.8880 -0.3186
vn -0.1531 -0.0508 -0.9869
vn -0.1764 -0.0445 -0.9833
vn -0.1953 -0.0400 -0.9799
vn -0.2187 -0.0390 -0.9750
vn -0.4507 -0.0617 -0.8905
vn -0.2923 -0.0555 -0.9547
vn -0.3743 -0.0210 -0.9271
vn -0.4109 0.0797 -0.9082
vn -0.5308 0.2327 -0.8149
vn -0.3046 0.5680 -0.7646
vn -0.6211 -0.3010 -0.7237
vn 0.1264 -0.9546 0.2696
vn -0.1471 -0.9744 -0.1701
vn -0.0585 -0.0293 -0.9979
vn -0.0715 -0.0259 -0.9971
vn -0.0852 -0.0213 -0.9961
vn -0.1030 -0.0174 -0.9945
vn -0.2491 -0.0237 -0.9682
vn -0.1628 0.0140 -0.9866
vn -0.1992 0.0118 -0.9799
vn -0.1825 -0.0153 -0.9831
vn -0.2797 0.2902 -0.9152
vn -0.0542 0.6187 -0.7838
vn -0.4172 -0.1943 -0.8878
vn -0.0170 -0.9511 0.3084
vn -0.0028 -0.0123 -0.9999
vn -0.0153 -0.0103 -0.9998
vn -0.0271 -0.0044 -0.9996
vn -0.0396 0.0004 -0.9992
vn -0.1227 0.0064 -0.9924
vn -0.0458 0.0449 -0.9979
vn -0.0612 0.0461 -0.9971
vn -0.0895 -0.0166 -0.9958
vn -0.1229 0.3143 -0.9413
vn -0.0434 -0.5704 -0.8202
vn -0.1542 -0.3621 -0.9193
vn -0.0641 -0.8619 0.5030
vn -0.0484 0.0151 -0.9987
vn -0.0555 0.2169 -0.9746
vn 0.0340 0.5153 -0.8564
vn 0.0346 -0.6745 -0.7374
vn -0.0728 -0.8317 0.5504
vn 0.4135 0.8719 -0.2623
vn 0.3740 0.9263 0.0452
vn 0.6720 0.7402 0.0221
vn 0.3498 0.9200 -0.1766
vn 0.3571 0.9291 0.0962
vn 0.3969 0.9029 -0.1653
vn 0.4514 0.8776 -0.1611
vn 0.3322 0.8453 -0.4185
vn 0.3431 0.8561 -0.3865
vn 0.3980 0.8317 -0.3872
vn 0.4345 0.8188 -0.3751
vn 0.2425 0.9701 0.0048
vn 0.2996 0.7636 -0.5720
vn 0.3449 0.7777 -0.5256
vn 0.3910 0.7639 -0.5134
vn 0.4122 0.7613 -0.5005
vn 0.2309 0.9673 -0.1052
vn 0.3067 0.6841 -0.6617
vn 0.3432 0.6978 -0.6287
vn 0.3647 0.7056 -0.6075
vn 0.3813 0.6938 -0.6109
vn 0.2489 0.9612 -0.1188
vn 0.2747 0.6069 -0.7458
vn 0.2779 0.6234 -0.7309
vn 0.2569 0.6449 -0.7197
vn 0.2240 0.6176 -0.7539
vn 0.1814 0.9444 -0.2743
vn 0.1222 0.5283 -0.8402
vn 0.1252 0.5523 -0.8242
vn 0.1698 0.5829 -0.7946
vn 0.2532 0.5850 -0.7705
vn 0.0728 0.9511 -0.3002
vn 0.0281 0.4426 -0.8963
vn 0.0777 0.4057 -0.9107
vn 0.1066 0.4510 -0.8862
vn 0.0936 0.5177 -0.8504
vn 0.2086 0.9306 -0.3008
vn -0.0076 0.4429 -0.8965
vn -0.0443 0.4343 -0.8997
vn -0.0965 0.4802 -0.8719
vn -0.1382 0.5179 -0.8442
vn 0.0242 0.9123 -0.4089
vn -0.0627 0.9407 -0.3333
vn -0.1247 0.9427 -0.3095
vn -0.0967 0.5487 -0.8304
vn -0.0544 0.9407 -0.3348
vn -0.0647 0.5543 -0.8298
vn 0.0165 0.9388 -0.3440
vn -0.2407 0.5514 -0.7988
vn -0.2558 0.9291 -0.2669
vn -0.4599 0.6475 -0.6077
vn -0.2931 0.9504 -0.1041
vn -0.4231 0.7545 -0.5017
vn -0.2542 0.9639 -0.0788
vn -0.4357 0.8179 -0.3757
vn -0.2490 0.9685 0.0024
vn -0.4462 0.8763 -0.1816
vn -0.0829 0.5163 -0.8524
vn -0.0910 0.5424 -0.8352
vn -0.3036 0.5928 -0.7460
vn -0.3651 0.7012 -0.6125
vn -0.3934 0.7638 -0.5117
vn -0.3919 0.8292 -0.3986
vn -0.3880 0.9028 -0.1857
vn -0.0452 0.4933 -0.8687
vn -0.1166 0.5612 -0.8194
vn -0.2795 0.6224 -0.7311
vn -0.3419 0.6986 -0.6285
vn -0.3391 0.7801 -0.5258
vn -0.3344 0.8562 -0.3939
vn -0.3512 0.9159 -0.1943
vn -0.0186 0.4779 -0.8782
vn -0.1302 0.5322 -0.8365
vn -0.2734 0.6090 -0.7446
vn -0.3041 0.6825 -0.6646
vn -0.2964 0.7581 -0.5809
vn -0.3352 0.8349 -0.4366
vn -0.4303 0.8575 -0.2820
vn -0.3932 0.9192 0.0235
vn 0.0036 0.4052 -0.9142
vn -0.0385 0.4359 -0.8992
vn -0.1739 0.4957 -0.8509
vn -0.2458 0.5441 -0.8022
vn -0.2297 0.5879 -0.7756
vn -0.2505 0.6421 -0.7246
vn -0.3593 0.7011 -0.6159
vn -0.6013 0.6588 -0.4521
vn -0.6904 0.7234 0.0024
vn -0.0001 0.3950 -0.9187
vn 0.0187 0.3110 -0.9502
vn 0.0087 0.3322 -0.9432
vn -0.0961 0.3695 -0.9242
vn -0.2010 0.4071 -0.8910
vn -0.2117 0.4328 -0.8763
vn -0.2140 0.4534 -0.8652
vn -0.2515 0.4871 -0.8363
vn -0.4463 0.5187 -0.7292
vn 0.0005 0.3013 -0.9535
vn 0.0273 0.2283 -0.9732
vn 0.0360 0.2385 -0.9705
vn -0.0484 0.2588 -0.9647
vn -0.1633 0.2841 -0.9448
vn -0.1962 0.3117 -0.9297
vn -0.1965 0.3368 -0.9208
vn -0.2155 0.3537 -0.9102
vn -0.3114 0.3753 -0.8730
vn -0.0004 0.2248 -0.9744
vn 0.0304 0.1473 -0.9886
vn 0.0452 0.1519 -0.9874
vn -0.0309 0.1547 -0.9875
vn -0.1312 0.1679 -0.9770
vn -0.1642 0.1897 -0.9680
vn -0.1710 0.2092 -0.9628
vn -0.2143 0.2232 -0.9509
vn -0.2429 0.2642 -0.9334
vn 0.0001 0.0829 -0.9966
vn -0.0000 0.1471 -0.9891
vn 0.0333 0.0813 -0.9961
vn 0.0433 0.0788 -0.9960
vn -0.0277 0.0722 -0.9970
vn -0.1156 0.0763 -0.9904
vn -0.1545 0.0771 -0.9850
vn -0.1667 0.0783 -0.9829
vn -0.1306 0.0822 -0.9880
vn -0.0005 0.0377 -0.9993
vn 0.0312 0.0330 -0.9990
vn 0.0269 0.0187 -0.9995
vn -0.0449 0.0013 -0.9990
vn -0.1276 -0.0095 -0.9918
vn -0.1537 -0.0097 -0.9881
vn -0.1973 -0.0228 -0.9801
vn -0.3868 -0.1328 -0.9126
vn -0.1926 0.0465 -0.9802
vn -0.0012 0.0126 -0.9999
vn 0.0207 0.0059 -0.9998
vn 0.0016 -0.0110 -0.9999
vn -0.0748 -0.0285 -0.9968
vn -0.1403 -0.0385 -0.9894
vn -0.1718 -0.0517 -0.9838
vn -0.3207 -0.1114 -0.9406
vn -0.7680 -0.2232 -0.6003
vn -0.2580 -0.4261 -0.8671
vn -0.0020 0.0024 -1.0000
vn 0.0101 -0.0033 -0.9999
vn -0.0249 -0.0181 -0.9995
vn -0.1100 -0.0355 -0.9933
vn -0.1691 -0.0550 -0.9841
vn -0.2847 -0.1198 -0.9511
vn -0.6702 -0.2525 -0.6979
vn -0.9492 -0.2185 -0.2264
vn -0.4392 -0.6174 -0.6526
vn -0.2514 -0.8787 -0.4057
vn -0.0154 -0.0005 -0.9999
vn 0.0140 -0.0088 -0.9999
vn 0.0870 -0.0157 -0.9961
vn 0.1230 -0.0171 -0.9923
vn 0.3204 -0.1042 -0.9415
vn 0.6998 -0.2486 -0.6697
vn 0.9289 -0.2312 -0.2894
vn 0.9477 -0.2354 -0.2154
vn 0.3228 -0.8672 -0.3792
vn -0.0226 0.0077 -0.9997
vn -0.0055 -0.0049 -1.0000
vn 0.0650 -0.0150 -0.9978
vn 0.1155 -0.0117 -0.9932
vn 0.1362 -0.0133 -0.9906
vn 0.3568 -0.0934 -0.9295
vn 0.7376 -0.2779 -0.6154
vn 0.5109 -0.6276 -0.5875
vn -0.0313 0.0342 -0.9989
vn -0.0276 0.0211 -0.9994
vn 0.0423 0.0068 -0.9991
vn 0.1214 0.0044 -0.9926
vn 0.1277 0.0203 -0.9916
vn 0.2019 0.0123 -0.9793
vn 0.3168 -0.0837 -0.9448
vn 0.4120 -0.3218 -0.8525
vn -0.0329 0.0822 -0.9961
vn -0.0446 0.0807 -0.9957
vn 0.0261 0.0754 -0.9968
vn 0.1174 0.0814 -0.9898
vn 0.1512 0.0878 -0.9846
vn 0.1517 0.1044 -0.9829
vn 0.1765 0.0822 -0.9809
vn 0.2145 0.0188 -0.9766
vn -0.0298 0.1474 -0.9886
vn -0.0455 0.1522 -0.9873
vn 0.0293 0.1595 -0.9868
vn 0.1297 0.1732 -0.9763
vn 0.1653 0.1951 -0.9668
vn 0.1686 0.2176 -0.9614
vn 0.1901 0.2376 -0.9526
vn 0.2126 0.2557 -0.9431
vn -0.0275 0.2292 -0.9730
vn -0.0351 0.2404 -0.9700
vn 0.0464 0.2622 -0.9639
vn 0.1603 0.2872 -0.9443
vn 0.1973 0.3159 -0.9280
vn 0.1957 0.3426 -0.9189
vn 0.1966 0.3641 -0.9104
vn -0.0188 0.3123 -0.9498
vn -0.0101 0.3333 -0.9428
vn 0.0895 0.3709 -0.9243
vn 0.1979 0.4116 -0.8896
vn 0.2129 0.4379 -0.8734
vn 0.2128 0.4564 -0.8639
vn 0.2449 0.4962 -0.8329
vn 0.3042 0.3998 -0.8646
vn -0.0047 0.4063 -0.9137
vn 0.0346 0.4354 -0.8996
vn 0.1710 0.4975 -0.8504
vn 0.2438 0.5491 -0.7994
vn 0.2243 0.5953 -0.7716
vn 0.2489 0.6524 -0.7158
vn 0.3576 0.7130 -0.6031
vn 0.4477 0.5335 -0.7177
vn 0.5943 0.6741 -0.4387
vn 0.8410 0.5300 0.1084
vn 0.6953 0.6341 -0.3382
vn 0.7232 0.6738 0.1516
vn 0.7847 0.3870 -0.4843
vn 0.5477 0.3975 -0.7362
vn 0.5715 0.2314 -0.7873
vn 0.3517 0.1692 -0.9207
vn 0.0743 -0.0522 -0.9959
vn 0.3550 0.0951 -0.9300
vn -0.2651 -0.2673 -0.9264
vn 0.0780 -0.0449 -0.9959
vn -0.2853 -0.2688 -0.9200
vn -0.5640 -0.3953 -0.7250
vn -0.5090 -0.4308 -0.7452
vn -0.7535 -0.3956 -0.5252
vn -0.6670 -0.4808 -0.5692
vn -0.8511 -0.4648 -0.2443
vn -0.8236 -0.5090 -0.2500
vn -0.8400 -0.5424 0.0148
vn 0.7034 0.6696 -0.2386
vn 0.7591 0.6490 0.0510
vn 0.5826 0.5697 -0.5797
vn 0.3749 0.3380 -0.8633
vn 0.0551 0.0718 -0.9959
vn -0.3230 -0.2014 -0.9247
vn -0.6423 -0.4268 -0.6366
vn -0.8099 -0.4394 -0.3886
vn -0.9142 -0.3156 -0.2543
vn -0.9120 -0.4093 0.0257
vn -0.7158 -0.6896 -0.1098
vn 0.4663 -0.8835 0.0442
vn -0.6972 -0.6402 -0.3226
vn 0.3229 -0.8671 -0.3792
vn -0.6270 -0.6158 -0.4772
vn 0.5109 -0.6276 -0.5874
vn -0.4240 -0.5079 -0.7498
vn 0.0321 -0.2581 -0.9656
vn 0.2145 0.0188 -0.9765
vn 0.1263 0.0688 -0.9896
vn 0.3597 0.3840 -0.8504
vn 0.3043 0.3998 -0.8646
vn 0.5735 0.5395 -0.6165
vn 0.4477 0.5334 -0.7176
vn 0.7248 0.5954 -0.3465
vn 0.5943 0.6740 -0.4387
vn 0.7989 0.6012 0.0180
vn -0.8642 -0.4927 0.1020
vn -0.9120 -0.4094 0.0257
vn -0.2225 -0.9566 -0.1884
vn -0.9018 -0.3829 0.2004
vn -0.8829 -0.4679 -0.0402
vn -0.4493 -0.3458 0.8237
vn -0.4611 -0.5155 0.7223
vn -0.0422 -0.7806 0.6236
vn -0.3744 -0.3730 0.8489
vn 0.1179 -0.0409 0.9922
vn 0.2730 -0.0558 0.9604
vn 0.4075 -0.6252 0.6657
vn -0.1437 -0.1262 0.9816
vn -0.0388 -0.1212 0.9919
vn 0.3669 0.0265 0.9299
vn 0.2363 -0.5092 0.8276
vn -0.1562 -0.0365 0.9871
vn -0.0227 0.0013 0.9997
vn 0.1495 -0.1088 0.9828
vn 0.5251 -0.5032 0.6864
vn 0.2608 0.0214 0.9652
vn 0.2817 0.1112 0.9530
vn 0.2995 0.0977 0.9491
vn 0.6029 -0.5281 0.5980
vn 0.3966 0.0439 0.9169
vn 0.5020 0.2754 0.8198
vn 0.5196 0.3634 0.7733
vn 0.6765 -0.4669 0.5695
vn 0.4918 0.1459 0.8584
vn 0.6665 0.5013 0.5518
vn 0.6908 0.5475 0.4722
vn 0.8427 -0.3328 0.4231
vn 0.6857 0.3650 0.6298
vn 0.9825 -0.1743 0.0650
vn -0.7158 -0.6896 -0.1097
vn -0.7261 -0.6822 0.0858
vn -0.5736 -0.5833 0.5751
vn 0.0291 -0.3463 0.9377
vn -0.0103 -0.6193 0.7851
vn 0.4341 -0.0925 0.8961
vn 0.4688 0.0930 0.8784
vn 0.5628 0.0230 0.8263
vn 0.5120 0.2449 0.8234
vn 0.5781 0.3699 0.7273
vn 0.4726 0.3761 0.7970
vn 0.7281 0.5363 0.4268
vn 0.4811 0.4794 0.7340
vn 0.5768 0.6269 0.5237
vn -0.8318 0.5480 0.0885
vn -0.6694 0.6605 -0.3402
vn -0.7681 0.4057 -0.4955
vn -0.5255 0.4266 -0.7361
vn -0.5622 0.2662 -0.7830
vn -0.3316 0.1982 -0.9223
vn -0.3261 0.1223 -0.9374
vn -0.0273 -0.0658 -0.9975
vn -0.0469 -0.0504 -0.9976
vn 0.3227 -0.2853 -0.9025
vn 0.2805 -0.3014 -0.9113
vn 0.4966 -0.4467 -0.7442
vn 0.7218 -0.4447 -0.5304
vn 0.6472 -0.5058 -0.5703
vn 0.8095 -0.5273 -0.2582
vn 0.7983 -0.5425 -0.2615
vn 0.8022 -0.5970 -0.0075
vn 0.8676 -0.4941 -0.0558
vn -0.7075 0.6976 0.1131
vn -0.7017 0.6665 -0.2518
vn -0.5728 0.5729 -0.5862
vn -0.3560 0.3454 -0.8683
vn -0.0567 0.0734 -0.9957
vn 0.3171 -0.2409 -0.9173
vn 0.6213 -0.4454 -0.6447
vn 0.5294 -0.4246 -0.7345
vn 0.7939 -0.4535 -0.4051
vn 0.9011 -0.3412 -0.2677
vn 0.8830 -0.4689 0.0196
vn 0.7180 -0.6878 -0.1065
vn 0.7144 -0.6201 -0.3243
vn -0.4556 -0.8892 0.0416
vn 0.6432 -0.6044 -0.4701
vn -0.2515 -0.8787 -0.4056
vn 0.5172 -0.4880 -0.7031
vn -0.4393 -0.6174 -0.6525
vn 0.2028 -0.2908 -0.9350
vn -0.1706 0.1227 -0.9777
vn -0.3416 0.3548 -0.8703
vn -0.2430 0.2643 -0.9333
vn -0.5631 0.5153 -0.6460
vn -0.3115 0.3753 -0.8730
vn -0.7281 0.5912 -0.3468
vn -0.4464 0.5187 -0.7292
vn -0.7608 0.6480 0.0363
vn -0.8040 0.5946 0.0053
vn 0.8416 -0.5354 0.0711
vn 0.8022 -0.5970 -0.0074
vn 0.8830 -0.4690 0.0196
vn 0.8940 -0.4251 0.1413
vn 0.2138 -0.9599 -0.1811
vn 0.4617 -0.3700 0.8061
vn 0.8414 -0.5346 0.0786
vn 0.1149 -0.7661 0.6323
vn 0.4163 -0.9058 0.0789
vn 0.4604 -0.4963 0.7360
vn -0.1149 -0.0071 0.9934
vn 0.4292 -0.3860 0.8166
vn -0.3651 -0.5678 0.7378
vn -0.2452 -0.0484 0.9683
vn 0.0416 -0.1098 0.9931
vn 0.0985 -0.0404 0.9943
vn -0.3342 -0.4600 0.8226
vn -0.3147 0.0148 0.9491
vn -0.0181 0.0058 0.9998
vn 0.0467 0.0115 0.9988
vn -0.5356 -0.5144 0.6697
vn -0.1173 -0.0733 0.9904
vn -0.2935 0.1072 0.9499
vn -0.2907 0.0103 0.9568
vn -0.5966 -0.5264 0.6058
vn -0.2869 0.1231 0.9500
vn -0.4738 0.2516 0.8439
vn -0.3966 0.0368 0.9172
vn -0.6795 -0.4701 0.5633
vn -0.5017 0.3729 0.7806
vn -0.6668 0.5153 0.5384
vn -0.5017 0.1296 0.8553
vn -0.8392 -0.3569 0.4103
vn -0.6809 0.5563 0.4763
vn -0.7115 0.3396 0.6152
vn -0.9843 -0.1689 0.0521
vn 0.7180 -0.6879 -0.1064
vn -0.4555 -0.8892 0.0416
vn 0.7322 -0.6780 0.0646
vn 0.1679 -0.8547 0.4912
vn 0.5809 -0.5679 0.5831
vn -0.0297 -0.2892 0.9568
vn -0.4153 -0.2736 0.8675
vn -0.4877 -0.0658 0.8705
vn -0.5913 0.0032 0.8065
vn -0.4945 0.0428 0.8681
vn -0.5489 0.2730 0.7900
vn -0.5022 0.2077 0.8395
vn -0.5655 0.3495 0.7470
vn -0.7355 0.5324 0.4190
vn -0.1247 0.9427 -0.3096
vn -0.0204 0.6907 0.7229
vn 0.0243 0.9122 -0.4089
vn -0.2559 0.9291 -0.2670
vn 0.3991 0.6003 0.6931
vn 0.2582 0.6882 0.6780
vn 0.0870 0.8506 0.5185
vn -0.5230 0.7929 -0.3126
vn 0.7164 0.6428 0.2712
vn 0.6695 0.6769 0.3057
vn 0.0555 0.6125 0.7885
vn 0.0879 0.5766 0.8123
vn -0.5958 0.7030 0.3883
vn 0.2509 0.9503 0.1841
vn 0.5181 0.7971 -0.3101
vn 0.6667 0.7418 -0.0716
vn 0.0033 0.7705 0.6374
vn 0.1920 0.8495 -0.4915
vn -0.0023 0.7842 0.6206
vn 0.1813 0.9444 -0.2744
vn -0.3475 0.6099 0.7122
vn 0.2086 0.9306 -0.3009
vn -0.1984 0.5962 0.7779
vn 0.4136 0.6412 0.6464
vn 0.1176 0.8414 0.5275
vn -0.6725 0.7365 -0.0734
vn -0.0627 0.9407 -0.3334
vn 0.0731 0.5962 0.7995
vn -0.0109 0.7817 0.6236
vn 0.0012 0.8436 -0.5370
vn 0.5809 0.7128 0.3930
vn -0.2537 0.9512 0.1757
vn -0.2541 0.9640 -0.0788
vn 0.5002 0.6777 0.5390
vn -0.1241 0.8446 0.5208
vn 0.7337 0.6677 0.1259
vn 0.3263 0.8329 -0.4469
vn -0.0400 0.8233 0.5662
vn 0.1714 0.8399 0.5150
vn -0.7406 0.6608 0.1220
vn -0.2489 0.9685 0.0025
vn -0.4175 0.6424 0.6426
vn -0.2340 0.5975 0.7670
vn -0.0543 0.9407 -0.3348
vn 0.1361 0.6219 0.7712
vn -0.3296 0.8338 -0.4428
vn -0.1962 0.8445 -0.4983
vn 0.2105 0.8974 0.3879
vn -0.6736 0.6767 0.2970
vn -0.7242 0.6361 0.2663
vn 0.0165 0.9388 -0.3441
vn -0.1758 0.8442 0.5065
vn -0.0738 0.8445 0.5304
vn 0.0234 0.8198 0.5721
vn -0.5081 0.6836 0.5240
vn -0.2614 0.6631 0.7014
vn -0.5159 0.7538 -0.4070
vn -0.3199 0.7920 -0.5200
vn 0.0670 0.5407 0.8385
vn -0.6950 0.6897 -0.2033
vn 0.1502 0.5537 0.8190
vn 0.0886 0.5653 0.8201
vn -0.7697 0.6371 0.0408
vn 0.3467 0.4945 0.7971
vn -0.7904 0.5835 0.1865
vn -0.7864 0.5746 0.2266
vn 0.7776 0.5810 0.2402
vn 0.4113 0.5815 0.7019
vn -0.6170 0.5577 0.5552
vn -0.7413 0.5735 0.3487
vn 0.7849 0.5893 0.1915
vn 0.4753 0.5731 0.6675
vn -0.4819 0.5696 0.6659
vn 0.7654 0.6420 0.0434
vn 0.6014 0.5695 0.5603
vn -0.3843 0.5662 0.7292
vn 0.6911 0.6943 -0.2006
vn 0.7398 0.5708 0.3562
vn -0.3138 0.5100 0.8009
vn 0.5135 0.7560 -0.4059
vn 0.3195 0.7963 -0.5136
vn -0.2116 0.5714 0.7929
vn -0.2448 0.5768 0.7794
vn 0.1817 0.8150 -0.5502
vn -0.0303 0.4730 0.8806
vn -0.1837 0.8193 -0.5431
vn -0.0005 0.8435 -0.5372
vn 0.0779 0.5780 0.8123
vn -0.0065 0.9149 0.4035
vn 0.5499 -0.7469 0.3737
vn -0.4326 -0.8754 -0.2157
vn 0.7241 -0.6334 0.2730
vn 0.1665 -0.8224 -0.5440
vn 0.1080 -0.8283 -0.5498
vn -0.0218 -0.8543 0.5192
vn -0.0483 -0.8305 -0.5549
vn 0.0845 -0.8314 0.5493
vn -0.6965 -0.7150 0.0609
vn 0.4734 -0.8748 0.1030
vn 0.4819 -0.8761 -0.0111
vn 0.2788 -0.7559 0.5924
vn -0.2694 -0.8463 -0.4597
vn 0.4075 -0.7164 0.5664
vn -0.7527 -0.6365 0.1686
vn 0.4758 -0.8707 -0.1242
vn -0.4131 -0.8827 0.2238
vn -0.2956 -0.9011 0.3171
vn -0.5028 -0.7846 -0.3627
vn 0.4403 -0.8749 0.2017
vn -0.6302 -0.7499 -0.2011
vn -0.2088 -0.7857 0.5823
vn 0.2511 -0.8512 -0.4609
vn -0.1317 -0.8273 -0.5461
vn 0.1952 -0.7661 0.6123
vn -0.0305 -0.8469 0.5309
vn -0.0344 -0.8466 0.5311
vn 0.0025 -0.8588 0.5122
vn -0.0032 -0.8968 0.4424
vn 0.1265 -0.9546 0.2697
vn 0.3197 -0.8672 0.3817
vn -0.3316 -0.8880 -0.3185
vn 0.6696 -0.6906 -0.2734
vn 0.5997 -0.7365 -0.3131
vn -0.4631 -0.8799 -0.1059
vn 0.7162 -0.6905 0.1011
vn 0.3667 -0.8673 -0.3365
vn 0.0978 -0.8645 0.4931
vn 0.0872 -0.9173 0.3884
vn -0.0202 -0.8907 0.4541
vn -0.0539 -0.8539 0.5176
vn -0.3651 -0.8646 -0.3451
vn 0.0281 -0.8275 -0.5607
vn -0.0105 -0.8193 -0.5732
vn 0.6158 -0.7672 -0.1792
vn -0.4617 -0.8744 0.1492
vn -0.7087 -0.6867 -0.1620
vn -0.5521 -0.6463 0.5268
vn 0.4433 -0.8687 -0.2209
vn -0.2016 -0.8213 -0.5338
vn -0.0365 -0.8938 0.4470
vn -0.1501 -0.8794 0.4518
vn -0.4747 -0.8801 -0.0036
vn -0.4811 -0.8735 0.0748
vn 0.4007 -0.8724 0.2799
vn 0.6231 -0.7811 -0.0409
vn -0.6566 -0.7037 0.2714
vn 0.3369 -0.6635 0.6681
vn -0.0546 -0.9237 0.3791
vn -0.5204 -0.8465 -0.1123
vn -0.5137 -0.8580 -0.0011
vn -0.4729 -0.8431 0.2562
vn 0.5318 -0.8467 -0.0173
vn 0.5197 -0.8429 -0.1394
vn -0.3608 -0.8278 0.4297
vn 0.4908 -0.8340 -0.2523
vn -0.1550 -0.8393 0.5211
vn -0.0059 -0.8376 0.5462
vn 0.4136 -0.8184 -0.3989
vn -0.0565 -0.8469 0.5287
vn 0.0913 -0.8361 0.5409
vn 0.2703 -0.8046 -0.5288
vn -0.0317 -0.8448 0.5342
vn 0.2379 -0.8346 0.4969
vn 0.1657 -0.8135 -0.5574
vn -0.0341 -0.8471 0.5303
vn 0.3840 -0.8238 0.4170
vn 0.1072 -0.8046 -0.5840
vn -0.0416 -0.8037 -0.5935
vn 0.4483 -0.8360 0.3165
vn 0.0238 -0.8092 -0.5871
vn -0.1315 -0.8025 -0.5820
vn 0.4887 -0.8453 0.2159
vn -0.0103 -0.8244 -0.5659
vn -0.2017 -0.8089 -0.5523
vn -0.2929 -0.8002 -0.5233
vn 0.5170 -0.8494 0.1059
vn -0.4140 -0.8185 -0.3983
vn -0.4949 -0.8333 -0.2464
vn -0.5044 -0.8603 0.0746
vn -0.4957 -0.8546 0.1549
vn 0.0111 -0.9994 -0.0322
vn 0.1956 -0.7222 -0.6634
vn 0.1127 -0.8286 -0.5484
vn -0.9987 0.0299 0.0421
vn 0.7423 -0.3974 -0.5395
vn 0.0143 -0.9353 0.3535
vn 0.1712 -0.8518 0.4951
vn -0.1616 -0.8986 -0.4080
vn 0.7145 -0.5485 0.4344
vn 0.8103 -0.4708 0.3489
vn 0.2363 -0.5091 0.8276
vn 0.6072 -0.4697 -0.6408
vn 0.5849 -0.5941 -0.5522
vn 0.0744 -0.7430 -0.6651
vn 0.4077 -0.7601 0.5060
vn 0.5894 -0.6489 0.4812
vn 0.6029 -0.5280 0.5981
vn 0.1858 -0.8084 -0.5586
vn 0.6765 -0.4668 0.5696
vn -0.0227 -0.9978 -0.0623
vn 0.9826 -0.1742 0.0649
vn 0.5801 -0.5030 -0.6407
vn 0.2567 -0.8055 0.5340
vn 0.9356 -0.3471 0.0648
vn -0.3122 -0.9141 -0.2588
vn 0.4074 -0.6251 0.6658
vn 0.6884 -0.6533 -0.3149
vn 0.3264 -0.7474 -0.5786
vn 0.2134 -0.7636 -0.6094
vn 0.8950 -0.3030 -0.3274
vn -0.0543 -0.8573 -0.5120
vn 0.3405 -0.5848 -0.7363
vn 0.9643 -0.2298 -0.1319
vn -0.2226 -0.9565 -0.1883
vn -0.4339 -0.8951 0.1031
vn -0.0423 -0.7806 0.6236
vn 0.5250 -0.5031 0.6864
vn 0.0529 -0.8876 -0.4576
vn 0.8587 -0.4437 -0.2564
vn -0.0603 -0.7612 -0.6457
vn -0.4362 -0.7404 0.5113
vn -0.3102 -0.6053 -0.7330
vn 0.2902 -0.9219 -0.2569
vn -0.9727 -0.2045 -0.1099
vn -0.9395 -0.3286 0.0971
vn -0.5722 -0.4939 -0.6547
vn -0.1649 -0.8501 0.5001
vn -0.7498 -0.3876 -0.5362
vn -0.3650 -0.5678 0.7378
vn -0.7051 -0.6495 -0.2847
vn 0.1150 -0.7661 0.6323
vn -0.5966 -0.5263 0.6058
vn -0.2859 -0.7411 -0.6075
vn -0.5356 -0.5143 0.6697
vn 0.1517 -0.9034 -0.4011
vn -0.8196 -0.4533 0.3505
vn -0.8933 -0.3069 -0.3284
vn 0.0395 -0.9977 -0.0547
vn -0.9843 -0.1688 0.0522
vn 0.0441 -0.8663 -0.4976
vn -0.6115 -0.6203 0.4912
vn 0.4164 -0.9057 0.0790
vn -0.8940 -0.3994 -0.2029
vn -0.4966 -0.6251 -0.6022
vn -0.3341 -0.4600 0.8227
vn -0.6795 -0.4700 0.5633
vn -0.0332 -0.8807 -0.4725
vn -0.1600 -0.7995 -0.5790
vn -0.2735 -0.7987 0.5360
vn 0.2138 -0.9599 -0.1813
vn 0.0005 -0.9298 0.3679
vn -0.7231 -0.5262 0.4475
vn -0.5680 -0.5358 -0.6247
vn -0.1998 -0.7550 -0.6245
vn -0.7126 -0.5098 0.4820
vn -0.1490 -0.7477 -0.6471
vn -0.7956 -0.4520 0.4033
vn 0.1680 -0.9085 0.3827
vn 0.3122 -0.9455 -0.0927
vn -0.0579 -0.7447 -0.6649
vn -0.9495 -0.2428 -0.1986
vn -0.9485 -0.3149 -0.0340
vn -0.0167 -0.8191 0.5734
vn 0.1331 -0.8343 -0.5350
vn -0.7232 -0.3110 -0.6166
vn -0.1898 -0.7583 0.6237
vn -0.9053 -0.3637 0.2195
vn -0.3706 -0.6699 0.6433
vn -0.5632 -0.5973 -0.5710
vn -0.5996 -0.5636 0.5682
vn -0.3844 -0.6328 -0.6721
vn -0.1968 -0.7402 -0.6429
vn 0.5732 -0.5883 0.5704
vn 0.7046 -0.5317 0.4699
vn 0.2201 -0.7422 -0.6330
vn 0.1707 -0.7638 -0.6224
vn 0.7725 -0.4957 0.3968
vn 0.0802 -0.7590 -0.6461
vn 0.8948 -0.4003 0.1975
vn -0.1578 -0.9131 0.3761
vn -0.1063 -0.8508 -0.5147
vn 0.9386 -0.3403 -0.0560
vn 0.0307 -0.8198 0.5718
vn -0.2846 -0.9542 -0.0919
vn 0.6843 -0.3593 -0.6345
vn 0.1858 -0.7704 0.6099
vn 0.9275 -0.2763 -0.2517
vn 0.6287 -0.5893 -0.5075
vn 0.3351 -0.6978 0.6331
vn 0.4577 -0.6010 -0.6552
vn 0.4699 -0.8826 -0.0167
vn -0.4711 -0.8820 -0.0100
vn 0.2901 -0.9219 -0.2569
vn 0.2138 -0.9599 -0.1812
vn 0.1516 -0.9034 -0.4011
vn 0.0440 -0.8663 -0.4976
vn -0.0603 -0.7613 -0.6456
vn -0.3102 -0.6054 -0.7330
vn -0.5723 -0.4940 -0.6546
vn -0.8660 -0.4852 0.1210
vn -0.3121 -0.9141 -0.2588
vn -0.8829 -0.4679 -0.0401
vn -0.1615 -0.8986 -0.4080
vn -0.0542 -0.8573 -0.5119
vn 0.0745 -0.7430 -0.6651
vn 0.3405 -0.5848 -0.7362
vn 0.5800 -0.5031 -0.6407
vn 0.7423 -0.3975 -0.5395
vn 0.0872 -0.9173 0.3885
vn 0.6720 0.7402 0.0222
vn -0.4338 -0.8951 0.1031
vt 0.249329 0.007500
vt 0.219574 0.037652
vt 0.219100 0.007500
vt 0.189797 0.037635
vt 0.188872 0.007500
vt 0.160021 0.037618
vt 0.158643 0.007500
vt 0.130245 0.037601
vt 0.128415 0.007500
vt 0.100468 0.037584
vt 0.098186 0.007500
vt 0.070692 0.037567
vt 0.067957 0.007500
vt 0.040916 0.037550
vt 0.037729 0.007500
vt 0.007500 0.007500
vt 0.249371 0.067837
vt 0.219603 0.040008
vt 0.249352 0.040026
vt 0.219949 0.067814
vt 0.189855 0.039991
vt 0.190528 0.067790
vt 0.160106 0.039973
vt 0.161106 0.067767
vt 0.130357 0.039956
vt 0.131684 0.067744
vt 0.100609 0.039938
vt 0.102263 0.067720
vt 0.070860 0.039921
vt 0.072841 0.067697
vt 0.041111 0.039904
vt 0.043419 0.067674
vt 0.011363 0.039886
vt 0.249392 0.098006
vt 0.220220 0.097984
vt 0.191047 0.097963
vt 0.161874 0.097942
vt 0.132702 0.097921
vt 0.103529 0.097900
vt 0.074356 0.097879
vt 0.045184 0.097857
vt 0.013997 0.067651
vt 0.249413 0.128174
vt 0.220390 0.128160
vt 0.191367 0.128147
vt 0.133320 0.128119
vt 0.104297 0.128106
vt 0.075274 0.128092
vt 0.046250 0.128078
vt 0.016011 0.097836
vt 0.220457 0.158339
vt 0.162502 0.158332
vt 0.162344 0.128133
vt 0.133524 0.158329
vt 0.104547 0.158325
vt 0.075569 0.158322
vt 0.046592 0.158318
vt 0.017227 0.128065
vt 0.249435 0.158343
vt 0.220423 0.188518
vt 0.191479 0.158336
vt 0.191390 0.188525
vt 0.162357 0.188531
vt 0.133324 0.188538
vt 0.104291 0.188545
vt 0.075258 0.188551
vt 0.046225 0.188558
vt 0.017614 0.158315
vt 0.249456 0.188511
vt 0.220287 0.218694
vt 0.191098 0.218708
vt 0.161908 0.218722
vt 0.132719 0.218736
vt 0.103529 0.218750
vt 0.074340 0.218764
vt 0.045150 0.218778
vt 0.017192 0.188565
vt 0.249498 0.248849
vt 0.249477 0.218680
vt 0.220051 0.248865
vt 0.190605 0.248881
vt 0.161159 0.248897
vt 0.131713 0.248913
vt 0.102267 0.248929
vt 0.072821 0.248945
vt 0.043374 0.248961
vt 0.015961 0.218792
vt 0.249519 0.279017
vt 0.219715 0.279027
vt 0.189912 0.279037
vt 0.160109 0.279047
vt 0.130305 0.279057
vt 0.100502 0.279067
vt 0.070699 0.279077
vt 0.040895 0.279086
vt 0.013928 0.248977
vt 0.249540 0.309186
vt 0.219285 0.309179
vt 0.189030 0.309173
vt 0.158775 0.309167
vt 0.128520 0.309160
vt 0.098265 0.309154
vt 0.037755 0.309142
vt 0.007500 0.309135
vt 0.011092 0.279096
vt 0.491158 0.309135
vt 0.457810 0.279086
vt 0.487566 0.279096
vt 0.484730 0.248977
vt 0.455326 0.248961
vt 0.482698 0.218792
vt 0.453545 0.218778
vt 0.481466 0.188565
vt 0.452465 0.188558
vt 0.481045 0.158315
vt 0.452093 0.158318
vt 0.481431 0.128064
vt 0.452429 0.128078
vt 0.482647 0.097836
vt 0.453491 0.097857
vt 0.484661 0.067650
vt 0.457553 0.039903
vt 0.487519 0.037533
vt 0.487296 0.039886
vt 0.457748 0.037550
vt 0.491158 0.007500
vt 0.430754 0.309148
vt 0.460956 0.309141
vt 0.428054 0.279076
vt 0.425922 0.248945
vt 0.424393 0.218764
vt 0.423464 0.188551
vt 0.423142 0.158322
vt 0.423427 0.128092
vt 0.424334 0.097879
vt 0.455250 0.067674
vt 0.427810 0.039921
vt 0.427977 0.037567
vt 0.460930 0.007500
vt 0.400551 0.309154
vt 0.398298 0.279067
vt 0.396518 0.248929
vt 0.395240 0.218750
vt 0.394462 0.188545
vt 0.394191 0.158325
vt 0.394425 0.128106
vt 0.395177 0.097900
vt 0.425839 0.067697
vt 0.398067 0.039938
vt 0.400472 0.007500
vt 0.430701 0.007500
vt 0.370349 0.309160
vt 0.368542 0.279057
vt 0.367114 0.248913
vt 0.366087 0.218736
vt 0.365461 0.188538
vt 0.365422 0.128119
vt 0.366020 0.097921
vt 0.396427 0.067721
vt 0.368324 0.039956
vt 0.398206 0.037584
vt 0.368435 0.037601
vt 0.340147 0.309167
vt 0.338787 0.279047
vt 0.337710 0.248897
vt 0.336935 0.218722
vt 0.336460 0.188531
vt 0.365240 0.158329
vt 0.336420 0.128133
vt 0.336863 0.097942
vt 0.337605 0.067767
vt 0.367016 0.067744
vt 0.338664 0.037618
vt 0.340015 0.007500
vt 0.370244 0.007500
vt 0.309944 0.309173
vt 0.309031 0.279037
vt 0.308306 0.248881
vt 0.307782 0.218708
vt 0.307337 0.158336
vt 0.336288 0.158332
vt 0.307418 0.128147
vt 0.307706 0.097963
vt 0.308194 0.067791
vt 0.338581 0.039973
vt 0.308892 0.037635
vt 0.309786 0.007500
vt 0.279742 0.309179
vt 0.279275 0.279027
vt 0.278902 0.248865
vt 0.278629 0.218694
vt 0.307458 0.188525
vt 0.278457 0.188518
vt 0.278416 0.128161
vt 0.278549 0.097985
vt 0.278783 0.067814
vt 0.308838 0.039991
vt 0.279121 0.037652
vt 0.279558 0.007500
vt 0.278386 0.158339
vt 0.279095 0.040008
vt 0.249350 0.037669
vt 0.070419 0.532907
vt 0.070325 0.555041
vt 0.044823 0.543365
vt 0.090710 0.542665
vt 0.095827 0.566718
vt 0.110951 0.552444
vt 0.121329 0.578394
vt 0.151435 0.572000
vt 0.146831 0.590071
vt 0.096016 0.522449
vt 0.111479 0.530412
vt 0.126854 0.538411
vt 0.131193 0.562222
vt 0.157604 0.554410
vt 0.121612 0.511991
vt 0.132831 0.518441
vt 0.143958 0.524930
vt 0.142229 0.546410
vt 0.155086 0.531418
vt 0.147208 0.501533
vt 0.155017 0.507116
vt 0.162806 0.512708
vt 0.170595 0.518300
vt 0.166213 0.537906
vt 0.172805 0.491075
vt 0.178111 0.496922
vt 0.183502 0.502735
vt 0.188892 0.508547
vt 0.178383 0.523892
vt 0.198401 0.480617
vt 0.201785 0.487859
vt 0.205266 0.495062
vt 0.208748 0.502264
vt 0.194282 0.514360
vt 0.225642 0.479440
vt 0.227340 0.488698
vt 0.229039 0.497957
vt 0.212229 0.509466
vt 0.223997 0.470159
vt 0.249528 0.471207
vt 0.249461 0.482713
vt 0.249395 0.494218
vt 0.249329 0.505724
vt 0.230737 0.507215
vt 0.269722 0.497951
vt 0.267921 0.507215
vt 0.286429 0.509466
vt 0.289985 0.502254
vt 0.304376 0.514361
vt 0.309828 0.508539
vt 0.320275 0.523892
vt 0.328135 0.518302
vt 0.332445 0.537906
vt 0.343645 0.531427
vt 0.341055 0.554410
vt 0.367494 0.562227
vt 0.347223 0.572000
vt 0.377329 0.578394
vt 0.351827 0.590071
vt 0.271523 0.488687
vt 0.293542 0.495042
vt 0.315280 0.502718
vt 0.335995 0.512712
vt 0.354845 0.524949
vt 0.356484 0.546419
vt 0.371915 0.538429
vt 0.387764 0.552454
vt 0.273323 0.479423
vt 0.297098 0.487829
vt 0.320732 0.496896
vt 0.343855 0.507122
vt 0.366045 0.518469
vt 0.387345 0.530439
vt 0.408035 0.542680
vt 0.402831 0.566718
vt 0.275124 0.470159
vt 0.300654 0.480617
vt 0.326184 0.491075
vt 0.351715 0.501533
vt 0.377245 0.511991
vt 0.402775 0.522449
vt 0.428305 0.532907
vt 0.428333 0.555041
vt 0.249594 0.459701
vt 0.273336 0.452242
vt 0.297084 0.461528
vt 0.320833 0.470813
vt 0.344581 0.480099
vt 0.368329 0.489384
vt 0.392077 0.498670
vt 0.415826 0.507955
vt 0.439574 0.517241
vt 0.453835 0.543365
vt 0.249588 0.442977
vt 0.272167 0.434043
vt 0.294752 0.441886
vt 0.317338 0.449730
vt 0.339923 0.457573
vt 0.362508 0.465416
vt 0.385093 0.473259
vt 0.407679 0.481103
vt 0.430264 0.488946
vt 0.249582 0.426253
vt 0.271547 0.415703
vt 0.293518 0.421969
vt 0.315489 0.428234
vt 0.337460 0.434499
vt 0.359432 0.440764
vt 0.381403 0.447029
vt 0.403374 0.453295
vt 0.425345 0.459560
vt 0.249576 0.409529
vt 0.271392 0.397312
vt 0.293215 0.401951
vt 0.315038 0.406589
vt 0.336860 0.411228
vt 0.358683 0.415867
vt 0.380505 0.420505
vt 0.402328 0.425144
vt 0.424151 0.429783
vt 0.249570 0.392805
vt 0.271716 0.378933
vt 0.293868 0.381957
vt 0.316021 0.384980
vt 0.338173 0.388004
vt 0.360326 0.391028
vt 0.382478 0.394052
vt 0.404630 0.397076
vt 0.426783 0.400100
vt 0.249564 0.376081
vt 0.272543 0.360639
vt 0.295529 0.362129
vt 0.318515 0.363618
vt 0.341501 0.365107
vt 0.364487 0.366596
vt 0.387472 0.368085
vt 0.410458 0.369575
vt 0.249552 0.342633
vt 0.249558 0.359357
vt 0.274013 0.342576
vt 0.298475 0.342743
vt 0.322937 0.342910
vt 0.347398 0.343077
vt 0.371860 0.343244
vt 0.396322 0.343411
vt 0.420783 0.343578
vt 0.433444 0.371064
vt 0.249546 0.325910
vt 0.276381 0.325146
vt 0.303216 0.324553
vt 0.330051 0.323959
vt 0.356887 0.323366
vt 0.383722 0.322773
vt 0.410557 0.322179
vt 0.437392 0.321586
vt 0.445245 0.343745
vt 0.464227 0.320993
vt 0.222656 0.325146
vt 0.195767 0.324553
vt 0.168878 0.323960
vt 0.141988 0.323366
vt 0.115099 0.322773
vt 0.088210 0.322180
vt 0.068010 0.309148
vt 0.061321 0.321586
vt 0.034431 0.320993
vt 0.225034 0.342576
vt 0.200517 0.342743
vt 0.176000 0.342910
vt 0.151483 0.343077
vt 0.126965 0.343244
vt 0.102448 0.343411
vt 0.077931 0.343578
vt 0.053414 0.343745
vt 0.226515 0.360639
vt 0.203472 0.362129
vt 0.180429 0.363618
vt 0.157386 0.365107
vt 0.134343 0.366596
vt 0.111301 0.368085
vt 0.088258 0.369575
vt 0.065215 0.371064
vt 0.227353 0.378933
vt 0.182931 0.384980
vt 0.160720 0.388004
vt 0.138509 0.391028
vt 0.116298 0.394052
vt 0.094087 0.397076
vt 0.071876 0.400100
vt 0.227687 0.397312
vt 0.205142 0.381957
vt 0.205804 0.401951
vt 0.183922 0.406589
vt 0.162039 0.411228
vt 0.140156 0.415867
vt 0.118273 0.420505
vt 0.096391 0.425144
vt 0.227543 0.415703
vt 0.205510 0.421969
vt 0.183477 0.428234
vt 0.161445 0.434499
vt 0.139412 0.440764
vt 0.117379 0.447029
vt 0.095346 0.453295
vt 0.074508 0.429783
vt 0.226933 0.434043
vt 0.204285 0.441886
vt 0.181637 0.449730
vt 0.158988 0.457573
vt 0.136340 0.465416
vt 0.113691 0.473259
vt 0.091043 0.481103
vt 0.073314 0.459560
vt 0.225775 0.452242
vt 0.201962 0.461528
vt 0.178149 0.470813
vt 0.154336 0.480099
vt 0.130523 0.489384
vt 0.106710 0.498670
vt 0.082897 0.507955
vt 0.068395 0.488946
vt 0.059084 0.517241
vt 0.750671 0.007500
vt 0.720779 0.023203
vt 0.720442 0.007500
vt 0.690886 0.023275
vt 0.690213 0.007500
vt 0.661001 0.023430
vt 0.659985 0.007500
vt 0.661903 0.037565
vt 0.632311 0.037530
vt 0.629756 0.007500
vt 0.602719 0.037496
vt 0.599528 0.007500
vt 0.573126 0.037462
vt 0.569299 0.007500
vt 0.543534 0.037427
vt 0.539070 0.007500
vt 0.513942 0.037393
vt 0.508842 0.007500
vt 0.750690 0.067837
vt 0.721127 0.039990
vt 0.750681 0.040026
vt 0.721583 0.067790
vt 0.691572 0.039954
vt 0.692477 0.067744
vt 0.662018 0.039919
vt 0.663370 0.067698
vt 0.632463 0.039884
vt 0.634263 0.067651
vt 0.602909 0.039848
vt 0.576049 0.067559
vt 0.573355 0.039813
vt 0.543800 0.039778
vt 0.546943 0.067513
vt 0.514246 0.039742
vt 0.750700 0.098006
vt 0.721926 0.097963
vt 0.693153 0.097921
vt 0.664379 0.097880
vt 0.635605 0.097839
vt 0.605156 0.067605
vt 0.578058 0.097756
vt 0.549284 0.097714
vt 0.517836 0.067466
vt 0.722125 0.128146
vt 0.693541 0.128120
vt 0.636372 0.128066
vt 0.607787 0.128040
vt 0.606832 0.097797
vt 0.579203 0.128013
vt 0.550618 0.127987
vt 0.522034 0.127960
vt 0.520511 0.097673
vt 0.750710 0.128174
vt 0.722182 0.158334
vt 0.693645 0.158327
vt 0.665108 0.158319
vt 0.664956 0.128093
vt 0.636570 0.158312
vt 0.608033 0.158305
vt 0.579496 0.158297
vt 0.522422 0.158283
vt 0.750729 0.188511
vt 0.750719 0.158343
vt 0.693484 0.188533
vt 0.664861 0.188544
vt 0.636238 0.188555
vt 0.607615 0.188567
vt 0.550370 0.188589
vt 0.550959 0.158290
vt 0.521747 0.188601
vt 0.750739 0.218680
vt 0.722106 0.188521
vt 0.721895 0.218703
vt 0.693051 0.218728
vt 0.664207 0.218752
vt 0.635363 0.218777
vt 0.606520 0.218801
vt 0.578993 0.188578
vt 0.577676 0.218826
vt 0.548832 0.218850
vt 0.750749 0.248849
vt 0.721560 0.248876
vt 0.692372 0.248905
vt 0.663184 0.248933
vt 0.633996 0.248962
vt 0.604808 0.248990
vt 0.575620 0.249019
vt 0.546432 0.249047
vt 0.519988 0.218875
vt 0.750758 0.279017
vt 0.721102 0.279036
vt 0.691446 0.279055
vt 0.661789 0.279074
vt 0.632133 0.279093
vt 0.602476 0.279113
vt 0.572820 0.279132
vt 0.543164 0.279151
vt 0.517244 0.249076
vt 0.750768 0.309186
vt 0.720527 0.309179
vt 0.690287 0.309173
vt 0.660046 0.309167
vt 0.629805 0.309160
vt 0.599564 0.309154
vt 0.539083 0.309142
vt 0.508842 0.309135
vt 0.513507 0.279170
vt 0.992500 0.309135
vt 0.958200 0.279151
vt 0.987834 0.279170
vt 0.984097 0.249076
vt 0.954929 0.249047
vt 0.981354 0.218875
vt 0.952527 0.218850
vt 0.979595 0.188600
vt 0.950987 0.188589
vt 0.978921 0.158283
vt 0.950395 0.158290
vt 0.979308 0.127960
vt 0.950733 0.127987
vt 0.980831 0.097673
vt 0.952065 0.097715
vt 0.983506 0.067466
vt 0.957544 0.039778
vt 0.987400 0.037393
vt 0.987096 0.039742
vt 0.962271 0.007500
vt 0.992500 0.007500
vt 0.962283 0.309141
vt 0.928565 0.279132
vt 0.925760 0.249019
vt 0.923700 0.218826
vt 0.921870 0.158298
vt 0.923298 0.097756
vt 0.925302 0.067559
vt 0.954404 0.067513
vt 0.927992 0.039813
vt 0.957810 0.037427
vt 0.932043 0.007500
vt 0.901850 0.309154
vt 0.932067 0.309148
vt 0.898931 0.279113
vt 0.896592 0.248991
vt 0.894873 0.218802
vt 0.922379 0.188578
vt 0.893770 0.188567
vt 0.893345 0.158305
vt 0.922158 0.128014
vt 0.894532 0.097798
vt 0.898630 0.037496
vt 0.928220 0.037462
vt 0.901814 0.007500
vt 0.871634 0.309160
vt 0.869296 0.279094
vt 0.867423 0.248962
vt 0.866046 0.218777
vt 0.864820 0.158313
vt 0.893583 0.128040
vt 0.865009 0.128067
vt 0.865766 0.097839
vt 0.896200 0.067605
vt 0.868888 0.039884
vt 0.898440 0.039848
vt 0.871585 0.007500
vt 0.841417 0.309167
vt 0.839662 0.279075
vt 0.838254 0.248934
vt 0.837219 0.218753
vt 0.865162 0.188556
vt 0.836295 0.158320
vt 0.836434 0.128094
vt 0.836999 0.097881
vt 0.867098 0.067652
vt 0.839337 0.039919
vt 0.869040 0.037531
vt 0.841357 0.007500
vt 0.840314 0.023949
vt 0.811201 0.309173
vt 0.810027 0.279055
vt 0.809086 0.248905
vt 0.808393 0.218729
vt 0.836554 0.188545
vt 0.807770 0.158328
vt 0.807859 0.128121
vt 0.808233 0.097923
vt 0.837996 0.067698
vt 0.809785 0.039955
vt 0.839450 0.037565
vt 0.810496 0.022514
vt 0.780985 0.309179
vt 0.780393 0.279036
vt 0.779917 0.248877
vt 0.779566 0.218704
vt 0.807946 0.188534
vt 0.779245 0.158335
vt 0.779284 0.128147
vt 0.779466 0.097964
vt 0.808894 0.067744
vt 0.780270 0.037634
vt 0.809860 0.037600
vt 0.780585 0.022581
vt 0.779337 0.188523
vt 0.779792 0.067791
vt 0.780233 0.039990
vt 0.750681 0.037669
vt 0.750676 0.024020
vt 0.571747 0.541347
vt 0.571667 0.555041
vt 0.546165 0.543365
vt 0.593545 0.551791
vt 0.597169 0.566718
vt 0.615465 0.562227
vt 0.622671 0.578394
vt 0.637385 0.572661
vt 0.648172 0.590071
vt 0.597329 0.539329
vt 0.615843 0.549229
vt 0.634497 0.559119
vt 0.653152 0.569008
vt 0.659304 0.583096
vt 0.622911 0.537312
vt 0.638288 0.547103
vt 0.653787 0.556885
vt 0.669286 0.566667
vt 0.671807 0.578898
vt 0.648493 0.535294
vt 0.660767 0.545174
vt 0.673142 0.555046
vt 0.685517 0.564918
vt 0.684786 0.576449
vt 0.674075 0.533276
vt 0.683265 0.543400
vt 0.692531 0.553519
vt 0.701797 0.563637
vt 0.697892 0.574791
vt 0.699658 0.531258
vt 0.705769 0.541710
vt 0.711931 0.552158
vt 0.718093 0.562606
vt 0.711062 0.573755
vt 0.725240 0.529240
vt 0.728276 0.540092
vt 0.731338 0.550942
vt 0.734399 0.561791
vt 0.724256 0.573054
vt 0.750822 0.527223
vt 0.750784 0.538514
vt 0.750746 0.549805
vt 0.750709 0.561096
vt 0.737461 0.572641
vt 0.763880 0.572641
vt 0.750671 0.572388
vt 0.767002 0.561790
vt 0.777086 0.573054
vt 0.783292 0.562605
vt 0.790279 0.573755
vt 0.799573 0.563635
vt 0.803450 0.574791
vt 0.815837 0.564916
vt 0.816556 0.576449
vt 0.832053 0.566665
vt 0.829535 0.578898
vt 0.848173 0.569005
vt 0.842037 0.583096
vt 0.863936 0.572659
vt 0.853169 0.590071
vt 0.770123 0.550941
vt 0.789498 0.552156
vt 0.808867 0.553515
vt 0.828225 0.555042
vt 0.847550 0.556881
vt 0.866812 0.559114
vt 0.885835 0.562222
vt 0.878671 0.578394
vt 0.773245 0.540090
vt 0.795704 0.541707
vt 0.818161 0.543396
vt 0.840612 0.545168
vt 0.863047 0.547096
vt 0.885450 0.549221
vt 0.907734 0.551784
vt 0.904173 0.566718
vt 0.776366 0.529240
vt 0.801911 0.531258
vt 0.827455 0.533276
vt 0.853000 0.535294
vt 0.878544 0.537312
vt 0.904088 0.539329
vt 0.929633 0.541347
vt 0.929675 0.555041
vt 0.774578 0.504751
vt 0.798341 0.506536
vt 0.822103 0.508320
vt 0.845866 0.510104
vt 0.869628 0.511888
vt 0.893391 0.513672
vt 0.917153 0.515456
vt 0.940916 0.517241
vt 0.955177 0.543365
vt 0.750816 0.502996
vt 0.773409 0.479974
vt 0.796009 0.481256
vt 0.818608 0.482538
vt 0.841208 0.483819
vt 0.863807 0.485101
vt 0.886407 0.486382
vt 0.909006 0.487664
vt 0.931605 0.488946
vt 0.750810 0.478770
vt 0.772789 0.455055
vt 0.794775 0.455699
vt 0.816760 0.456342
vt 0.838745 0.456986
vt 0.860731 0.457629
vt 0.882716 0.458273
vt 0.904701 0.458916
vt 0.926687 0.459560
vt 0.750804 0.454544
vt 0.772635 0.430083
vt 0.794472 0.430040
vt 0.816308 0.429997
vt 0.838145 0.429954
vt 0.859982 0.429911
vt 0.881819 0.429868
vt 0.903655 0.429826
vt 0.925492 0.429783
vt 0.750792 0.406091
vt 0.750798 0.430317
vt 0.772959 0.405123
vt 0.795125 0.404406
vt 0.817292 0.403688
vt 0.839458 0.402970
vt 0.861625 0.402253
vt 0.883791 0.401535
vt 0.905958 0.400817
vt 0.750786 0.381865
vt 0.773786 0.380252
vt 0.796786 0.378939
vt 0.819786 0.377627
vt 0.842786 0.376314
vt 0.865786 0.375002
vt 0.888786 0.373689
vt 0.911786 0.372377
vt 0.928124 0.400099
vt 0.750780 0.357638
vt 0.775256 0.355617
vt 0.799731 0.353921
vt 0.824207 0.352225
vt 0.848683 0.350529
vt 0.873159 0.348833
vt 0.897635 0.347137
vt 0.922111 0.345441
vt 0.934786 0.371064
vt 0.750774 0.333412
vt 0.777623 0.331644
vt 0.804473 0.330123
vt 0.831322 0.328601
vt 0.858171 0.327079
vt 0.885021 0.325558
vt 0.911870 0.324036
vt 0.938719 0.322514
vt 0.946586 0.343745
vt 0.965569 0.320993
vt 0.723899 0.331644
vt 0.697024 0.330123
vt 0.670148 0.328601
vt 0.643273 0.327079
vt 0.616398 0.325558
vt 0.589523 0.324036
vt 0.569323 0.309148
vt 0.562648 0.322514
vt 0.535773 0.320993
vt 0.726277 0.355617
vt 0.701774 0.353921
vt 0.677271 0.352225
vt 0.652768 0.350529
vt 0.628265 0.348833
vt 0.603762 0.347137
vt 0.579259 0.345441
vt 0.554756 0.343745
vt 0.727757 0.380252
vt 0.704729 0.378939
vt 0.681700 0.377627
vt 0.658671 0.376314
vt 0.635643 0.375002
vt 0.612614 0.373689
vt 0.589585 0.372376
vt 0.566556 0.371064
vt 0.728595 0.405124
vt 0.706398 0.404406
vt 0.684201 0.403688
vt 0.662005 0.402970
vt 0.639808 0.402253
vt 0.617611 0.401535
vt 0.595414 0.400817
vt 0.573217 0.400100
vt 0.728929 0.430083
vt 0.707061 0.430040
vt 0.685192 0.429997
vt 0.663324 0.429954
vt 0.641455 0.429911
vt 0.619587 0.429869
vt 0.597718 0.429826
vt 0.575849 0.429783
vt 0.728785 0.455055
vt 0.706767 0.455699
vt 0.684748 0.456342
vt 0.662730 0.456986
vt 0.640711 0.457629
vt 0.618692 0.458273
vt 0.596674 0.458916
vt 0.728176 0.479974
vt 0.705542 0.481256
vt 0.682907 0.482538
vt 0.660273 0.483819
vt 0.637639 0.485101
vt 0.615005 0.486383
vt 0.592371 0.487664
vt 0.574655 0.459560
vt 0.727017 0.504751
vt 0.703218 0.506536
vt 0.679420 0.508320
vt 0.655621 0.510104
vt 0.631822 0.511888
vt 0.608024 0.513672
vt 0.584225 0.515456
vt 0.569736 0.488946
vt 0.560426 0.517241
vt 0.683364 0.634821
vt 0.703893 0.690379
vt 0.681252 0.694309
vt 0.705769 0.634718
vt 0.726533 0.686450
vt 0.728174 0.634617
vt 0.749174 0.682520
vt 0.772983 0.634412
vt 0.750578 0.634514
vt 0.794454 0.674661
vt 0.771814 0.678591
vt 0.795388 0.634309
vt 0.817095 0.670732
vt 0.817792 0.634207
vt 0.839736 0.666802
vt 0.840197 0.634105
vt 0.862376 0.662873
vt 0.862602 0.634003
vt 0.885016 0.658943
vt 0.701988 0.746887
vt 0.679108 0.754701
vt 0.724868 0.739072
vt 0.747748 0.731257
vt 0.770627 0.723442
vt 0.793507 0.715627
vt 0.816387 0.707812
vt 0.839267 0.699997
vt 0.862147 0.692182
vt 0.885026 0.684367
vt 0.885035 0.705554
vt 0.885043 0.726741
vt 0.859096 0.712118
vt 0.855794 0.732141
vt 0.837295 0.726598
vt 0.834863 0.753357
vt 0.818864 0.743921
vt 0.820967 0.780157
vt 0.800371 0.761215
vt 0.806950 0.806900
vt 0.779929 0.777241
vt 0.789000 0.831118
vt 0.756904 0.790778
vt 0.765853 0.850370
vt 0.731888 0.801288
vt 0.738750 0.863559
vt 0.705798 0.808954
vt 0.709524 0.871051
vt 0.679324 0.814624
vt 0.473121 0.655516
vt 0.496097 0.685369
vt 0.473220 0.676703
vt 0.473023 0.634329
vt 0.496505 0.634929
vt 0.473024 0.634647
vt 0.519372 0.664137
vt 0.518973 0.694036
vt 0.519772 0.634238
vt 0.519563 0.634692
vt 0.542498 0.668447
vt 0.541849 0.702703
vt 0.543147 0.634192
vt 0.543138 0.634705
vt 0.565624 0.672757
vt 0.564726 0.711369
vt 0.566522 0.634146
vt 0.566509 0.634724
vt 0.588749 0.677068
vt 0.587602 0.720035
vt 0.589897 0.634100
vt 0.589880 0.634744
vt 0.611875 0.681378
vt 0.610479 0.728702
vt 0.613272 0.634054
vt 0.613251 0.634763
vt 0.635001 0.685688
vt 0.633355 0.737368
vt 0.636647 0.634008
vt 0.636622 0.634783
vt 0.658127 0.689998
vt 0.656232 0.746035
vt 0.660022 0.633962
vt 0.659993 0.634802
vt 0.683397 0.633916
vt 0.473339 0.702127
vt 0.499286 0.709054
vt 0.473457 0.727551
vt 0.521127 0.723916
vt 0.502727 0.732835
vt 0.539609 0.741638
vt 0.523741 0.753969
vt 0.558153 0.759331
vt 0.537742 0.780715
vt 0.578641 0.775749
vt 0.551864 0.807402
vt 0.601702 0.789667
vt 0.569910 0.831549
vt 0.626742 0.800550
vt 0.593132 0.850710
vt 0.652844 0.808586
vt 0.620286 0.863792
vt 0.649541 0.871169
vt 0.244999 0.634889
vt 0.224469 0.690379
vt 0.222594 0.634782
vt 0.201828 0.686450
vt 0.200189 0.634676
vt 0.179188 0.682520
vt 0.177785 0.634569
vt 0.155380 0.634463
vt 0.156548 0.678591
vt 0.132975 0.634355
vt 0.133907 0.674661
vt 0.110570 0.634249
vt 0.088627 0.666802
vt 0.088165 0.634142
vt 0.065986 0.662873
vt 0.065761 0.634036
vt 0.043346 0.658943
vt 0.043356 0.633929
vt 0.247109 0.694309
vt 0.226374 0.746887
vt 0.203494 0.739072
vt 0.180614 0.731257
vt 0.157735 0.723442
vt 0.134855 0.715627
vt 0.111975 0.707812
vt 0.111267 0.670732
vt 0.089095 0.699997
vt 0.066216 0.692182
vt 0.043336 0.684367
vt 0.043327 0.705554
vt 0.069266 0.712119
vt 0.043319 0.726741
vt 0.091068 0.726598
vt 0.072568 0.732141
vt 0.109498 0.743921
vt 0.093499 0.753357
vt 0.127991 0.761215
vt 0.107395 0.780157
vt 0.148433 0.777241
vt 0.121412 0.806900
vt 0.171458 0.790778
vt 0.139363 0.831118
vt 0.196475 0.801288
vt 0.162509 0.850371
vt 0.222564 0.808954
vt 0.189612 0.863559
vt 0.249254 0.754702
vt 0.249038 0.814624
vt 0.218839 0.871051
vt 0.432266 0.685370
vt 0.455241 0.655516
vt 0.455142 0.676703
vt 0.431822 0.634692
vt 0.455339 0.634329
vt 0.455338 0.634671
vt 0.408989 0.664137
vt 0.432115 0.659827
vt 0.408589 0.634238
vt 0.431964 0.634284
vt 0.409389 0.694036
vt 0.385863 0.668447
vt 0.408791 0.634723
vt 0.385214 0.634192
vt 0.386513 0.702703
vt 0.362738 0.672757
vt 0.385225 0.634744
vt 0.361840 0.634146
vt 0.363636 0.711369
vt 0.339612 0.677068
vt 0.361854 0.634768
vt 0.338464 0.634100
vt 0.340760 0.720036
vt 0.316486 0.681378
vt 0.338483 0.634792
vt 0.315090 0.634054
vt 0.317883 0.728702
vt 0.293361 0.685688
vt 0.315112 0.634816
vt 0.291715 0.634008
vt 0.295007 0.737369
vt 0.270235 0.689999
vt 0.291741 0.634841
vt 0.268340 0.633962
vt 0.272130 0.746035
vt 0.268370 0.634864
vt 0.244965 0.633916
vt 0.455024 0.702127
vt 0.454905 0.727551
vt 0.429076 0.709055
vt 0.425635 0.732835
vt 0.407235 0.723916
vt 0.404621 0.753969
vt 0.388753 0.741638
vt 0.390620 0.780714
vt 0.370209 0.759331
vt 0.376498 0.807402
vt 0.349721 0.775749
vt 0.358452 0.831549
vt 0.326660 0.789667
vt 0.335230 0.850710
vt 0.301620 0.800550
vt 0.308076 0.863792
vt 0.275518 0.808586
vt 0.278821 0.871169
vt 0.624156 0.900340
vt 0.616868 0.901512
vt 0.616079 0.898719
vt 0.655757 0.902896
vt 0.659707 0.909970
vt 0.653565 0.905388
vt 0.582217 0.976112
vt 0.594604 0.981506
vt 0.591990 0.984645
vt 0.681960 0.937554
vt 0.677191 0.948578
vt 0.678090 0.937742
vt 0.631671 0.902932
vt 0.624368 0.902844
vt 0.574508 0.921863
vt 0.574539 0.930592
vt 0.570478 0.929756
vt 0.672216 0.972525
vt 0.660302 0.978870
vt 0.668678 0.970152
vt 0.627958 0.992974
vt 0.639230 0.987985
vt 0.640334 0.991551
vt 0.593773 0.906118
vt 0.589823 0.912608
vt 0.587049 0.910746
vt 0.609237 0.901197
vt 0.610354 0.903744
vt 0.662272 0.907862
vt 0.665962 0.914337
vt 0.575630 0.965142
vt 0.585557 0.973464
vt 0.632118 0.900396
vt 0.639022 0.903493
vt 0.615508 0.992445
vt 0.627810 0.989247
vt 0.676112 0.926765
vt 0.680065 0.925646
vt 0.669086 0.912561
vt 0.671738 0.919751
vt 0.677909 0.961047
vt 0.674143 0.959509
vt 0.650136 0.984807
vt 0.652185 0.988085
vt 0.571448 0.953676
vt 0.579263 0.963303
vt 0.675335 0.918278
vt 0.583657 0.917214
vt 0.580363 0.915659
vt 0.603314 0.906152
vt 0.601610 0.903847
vt 0.640105 0.901023
vt 0.646308 0.903981
vt 0.605189 0.986639
vt 0.616329 0.988807
vt 0.569444 0.941934
vt 0.573357 0.941831
vt 0.575246 0.952609
vt 0.647997 0.901542
vt 0.681058 0.949324
vt 0.663150 0.981788
vt 0.603401 0.990074
vt 0.578238 0.923084
vt 0.596094 0.908301
vt 0.599050 0.976571
vt 0.607852 0.980522
vt 0.631361 0.909610
vt 0.591499 0.970626
vt 0.645133 0.910549
vt 0.638383 0.910171
vt 0.585829 0.962765
vt 0.651498 0.911682
vt 0.581753 0.953825
vt 0.579715 0.944000
vt 0.671957 0.940440
vt 0.656830 0.915897
vt 0.583166 0.927729
vt 0.580453 0.934091
vt 0.670814 0.950290
vt 0.662384 0.919928
vt 0.587668 0.922556
vt 0.667564 0.959460
vt 0.667206 0.924733
vt 0.593082 0.918377
vt 0.662556 0.967744
vt 0.670523 0.930728
vt 0.598679 0.914416
vt 0.655522 0.974267
vt 0.647048 0.978902
vt 0.611926 0.910245
vt 0.605347 0.912530
vt 0.637546 0.981579
vt 0.617573 0.908164
vt 0.617542 0.982303
vt 0.627560 0.982416
vt 0.624283 0.909487
vt 0.625915 0.940539
vt 0.800075 0.973257
vt 0.802898 0.963828
vt 0.805275 0.964784
vt 0.730767 0.986546
vt 0.722472 0.981020
vt 0.731796 0.984731
vt 0.751949 0.989972
vt 0.762172 0.987612
vt 0.762621 0.989564
vt 0.696451 0.942023
vt 0.700630 0.932733
vt 0.698984 0.942048
vt 0.783090 0.984258
vt 0.790729 0.978396
vt 0.792591 0.979900
vt 0.696636 0.951941
vt 0.699162 0.951540
vt 0.794816 0.909023
vt 0.798957 0.918306
vt 0.792856 0.910549
vt 0.706450 0.913391
vt 0.703677 0.923450
vt 0.701363 0.922546
vt 0.720977 0.982623
vt 0.713525 0.976481
vt 0.772165 0.985779
vt 0.773104 0.987638
vt 0.754318 0.898884
vt 0.764295 0.901389
vt 0.754261 0.900751
vt 0.744245 0.900557
vt 0.743769 0.898674
vt 0.723087 0.901416
vt 0.715473 0.907514
vt 0.713664 0.905853
vt 0.805378 0.926248
vt 0.801134 0.917112
vt 0.805714 0.954845
vt 0.808182 0.955396
vt 0.711573 0.977889
vt 0.706132 0.969541
vt 0.734235 0.901246
vt 0.733248 0.899390
vt 0.764885 0.899549
vt 0.774204 0.902913
vt 0.797907 0.971982
vt 0.741748 0.986998
vt 0.752000 0.988004
vt 0.807880 0.935815
vt 0.803029 0.927014
vt 0.698183 0.932277
vt 0.703865 0.970697
vt 0.701500 0.960970
vt 0.781677 0.982575
vt 0.775304 0.901146
vt 0.783963 0.905616
vt 0.806398 0.945479
vt 0.805423 0.936143
vt 0.741199 0.988925
vt 0.708543 0.914713
vt 0.808896 0.945596
vt 0.699036 0.961793
vt 0.724536 0.903232
vt 0.785545 0.903948
vt 0.797416 0.952749
vt 0.797878 0.944991
vt 0.791533 0.922443
vt 0.707622 0.942375
vt 0.707677 0.950197
vt 0.786508 0.916304
vt 0.709446 0.957965
vt 0.779437 0.912627
vt 0.745355 0.908659
vt 0.713365 0.964780
vt 0.771428 0.910605
vt 0.736832 0.909091
vt 0.719401 0.970175
vt 0.762952 0.909419
vt 0.728938 0.910482
vt 0.726830 0.973781
vt 0.754137 0.908903
vt 0.721574 0.913699
vt 0.734845 0.976880
vt 0.760912 0.979268
vt 0.715763 0.919570
vt 0.743361 0.978740
vt 0.769504 0.977762
vt 0.711642 0.926871
vt 0.752155 0.979511
vt 0.777673 0.975104
vt 0.785210 0.971763
vt 0.709041 0.934647
vt 0.791080 0.966715
vt 0.795271 0.960186
vt 0.796991 0.937239
vt 0.794946 0.929651
vt 0.753015 0.943524
vt 0.691496 0.037599
vt 0.721088 0.037634
vt 0.011139 0.037533
vt 0.951667 0.986129
vt 0.937396 0.983661
vt 0.950891 0.982285
vt 0.971829 0.928835
vt 0.972664 0.941456
vt 0.969724 0.930030
vt 0.914596 0.918270
vt 0.924597 0.912120
vt 0.916386 0.920389
vt 0.975680 0.954589
vt 0.969807 0.965458
vt 0.973168 0.953477
vt 0.906768 0.944089
vt 0.909053 0.956627
vt 0.906465 0.958144
vt 0.911600 0.972418
vt 0.924018 0.979940
vt 0.922532 0.983794
vt 0.963315 0.978273
vt 0.961668 0.975212
vt 0.964452 0.919496
vt 0.965954 0.917187
vt 0.923887 0.909310
vt 0.933022 0.902175
vt 0.911289 0.931676
vt 0.909196 0.943915
vt 0.937014 0.987819
vt 0.975056 0.941422
vt 0.972147 0.967656
vt 0.957017 0.910129
vt 0.957652 0.906784
vt 0.945778 0.896267
vt 0.932971 0.898099
vt 0.909063 0.930609
vt 0.913811 0.969595
vt 0.945805 0.900897
vt 0.898051 0.930358
vt 0.892418 0.919526
vt 0.894440 0.917332
vt 0.890473 0.967793
vt 0.882303 0.975549
vt 0.889057 0.965784
vt 0.885369 0.906664
vt 0.872140 0.903086
vt 0.872734 0.899370
vt 0.848809 0.978836
vt 0.858798 0.985333
vt 0.858900 0.989145
vt 0.830813 0.944788
vt 0.835841 0.956660
vt 0.833976 0.957722
vt 0.895583 0.956012
vt 0.893676 0.955032
vt 0.857477 0.898847
vt 0.844442 0.907498
vt 0.842718 0.904000
vt 0.898051 0.943418
vt 0.895885 0.931520
vt 0.871860 0.989389
vt 0.871767 0.985184
vt 0.841162 0.967642
vt 0.839764 0.969690
vt 0.829865 0.931164
vt 0.835661 0.919270
vt 0.832183 0.932363
vt 0.883927 0.909674
vt 0.882997 0.978537
vt 0.858080 0.902773
vt 0.895938 0.943508
vt 0.849296 0.976105
vt 0.832952 0.944831
vt 0.833478 0.916887
vt 0.882261 0.941502
vt 0.845832 0.941711
vt 0.880697 0.950060
vt 0.859605 0.916860
vt 0.852954 0.919913
vt 0.845560 0.933234
vt 0.868221 0.970722
vt 0.873385 0.965132
vt 0.867187 0.916497
vt 0.847982 0.925515
vt 0.861455 0.971207
vt 0.874146 0.919697
vt 0.877560 0.958079
vt 0.879595 0.925360
vt 0.856383 0.965183
vt 0.882109 0.932988
vt 0.850930 0.958341
vt 0.847634 0.950376
vt 0.959184 0.952358
vt 0.958939 0.944133
vt 0.923626 0.937624
vt 0.922531 0.946184
vt 0.956926 0.935923
vt 0.922774 0.954453
vt 0.953417 0.928279
vt 0.937709 0.969767
vt 0.925896 0.961689
vt 0.948895 0.921598
vt 0.945140 0.969389
vt 0.930878 0.967322
vt 0.936770 0.916527
vt 0.951633 0.965630
vt 0.943504 0.916289
vt 0.932219 0.923125
vt 0.956832 0.959854
vt 0.926584 0.929842
vt 0.940679 0.944577
vt 0.864090 0.942239
vt 0.065757 0.633564
vt 0.043356 0.633519
vt 0.088158 0.633607
vt 0.110559 0.633652
vt 0.132960 0.633695
vt 0.155361 0.633740
vt 0.177762 0.633784
vt 0.200163 0.633828
vt 0.222564 0.633872
vt 0.496247 0.659827
vt 0.862605 0.633564
vt 0.885006 0.633900
vt 0.840204 0.633607
vt 0.817803 0.633652
vt 0.795402 0.633695
vt 0.773001 0.633740
vt 0.750600 0.633784
vt 0.728199 0.633828
vt 0.705798 0.633872
vt 0.780899 0.007500
vt 0.811128 0.007500
vt 0.679539 0.874546
vt 0.496398 0.634284
vt 0.248823 0.874546
vt 0.885006 0.633519
s 1
usemtl jbib_diff_002_a_uni
f 1/1/1 2/2/2 3/3/3
f 3/3/3 4/4/4 5/5/5
f 5/5/5 6/6/6 7/7/7
f 7/7/7 8/8/8 9/9/9
f 9/9/9 10/10/10 11/11/11
f 11/11/11 12/12/12 13/13/13
f 13/13/13 14/14/14 15/15/15
f 14/14/14 16/16/16 15/15/15
f 17/17/17 18/18/18 19/19/19
f 20/20/20 21/21/21 18/18/18
f 22/22/22 23/23/23 21/21/21
f 24/24/24 25/25/25 23/23/23
f 26/26/26 27/27/27 25/25/25
f 28/28/28 29/29/29 27/27/27
f 30/30/30 31/31/31 29/29/29
f 32/32/32 33/33/33 31/31/31
f 34/34/34 20/20/20 17/17/17
f 35/35/35 22/22/22 20/20/20
f 36/36/36 24/24/24 22/22/22
f 37/37/37 26/26/26 24/24/24
f 38/38/38 28/28/28 26/26/26
f 39/39/39 30/30/30 28/28/28
f 40/40/40 32/32/32 30/30/30
f 41/41/41 42/42/42 32/32/32
f 43/43/43 35/35/35 34/34/34
f 44/44/44 36/36/36 35/35/35
f 45/45/45 37/37/37 36/36/36
f 37/37/37 46/46/46 38/38/38
f 46/46/46 39/39/39 38/38/38
f 47/47/47 40/40/40 39/39/39
f 48/48/48 41/41/41 40/40/40
f 49/49/49 50/50/50 41/41/41
f 43/43/43 51/51/51 44/44/44
f 51/51/51 45/45/45 44/44/44
f 45/45/45 52/52/52 53/53/53
f 53/53/53 54/54/54 46/46/46
f 54/54/54 47/47/47 46/46/46
f 55/55/55 48/48/48 47/47/47
f 56/56/56 49/49/49 48/48/48
f 57/57/57 58/58/58 49/49/49
f 59/59/59 60/60/60 51/51/51
f 60/60/60 61/61/61 51/51/51
f 62/62/62 52/52/52 61/61/61
f 63/63/63 54/54/54 52/52/52
f 64/64/64 55/55/55 54/54/54
f 65/65/65 56/56/56 55/55/55
f 66/66/66 57/57/57 56/56/56
f 67/67/67 68/68/68 57/57/57
f 69/69/69 70/70/70 60/60/60
f 70/70/70 62/62/62 60/60/60
f 71/71/71 63/63/63 62/62/62
f 72/72/72 64/64/64 63/63/63
f 73/73/73 65/65/65 64/64/64
f 74/74/74 66/66/66 65/65/65
f 75/75/75 67/67/67 66/66/66
f 76/76/76 77/77/77 67/67/67
f 78/78/78 70/70/70 79/79/79
f 80/80/80 71/71/71 70/70/70
f 81/81/81 72/72/72 71/71/71
f 82/82/82 73/73/73 72/72/72
f 83/83/83 74/74/74 73/73/73
f 84/84/84 75/75/75 74/74/74
f 85/85/85 76/76/76 75/75/75
f 86/86/86 87/87/87 76/76/76
f 88/88/88 80/80/80 78/78/78
f 89/89/89 81/81/81 80/80/80
f 90/90/90 82/82/82 81/81/81
f 91/91/91 83/83/83 82/82/82
f 92/92/92 84/84/84 83/83/83
f 93/93/93 85/85/85 84/84/84
f 94/94/94 86/86/86 85/85/85
f 95/95/95 96/96/96 86/86/86
f 97/97/97 89/89/89 88/88/88
f 98/98/98 90/90/90 89/89/89
f 99/99/99 91/91/91 90/90/90
f 100/100/100 92/92/92 91/91/91
f 101/101/101 93/93/93 92/92/92
f 102/102/102 94/94/94 93/93/93
f 94/94/94 103/103/103 95/95/95
f 95/95/95 104/104/104 105/105/105
f 106/106/106 107/107/107 108/108/108
f 107/107/107 109/109/109 108/108/108
f 110/110/110 111/111/111 109/109/109
f 112/112/112 113/113/113 111/111/111
f 114/114/114 115/115/115 113/113/113
f 116/116/116 117/117/117 115/115/115
f 118/118/118 119/119/119 117/117/117
f 120/120/120 121/121/121 119/119/119
f 122/122/122 123/123/123 124/124/124
f 125/125/125 126/126/126 123/123/123
f 127/127/127 107/107/107 128/128/128
f 129/129/129 110/110/110 107/107/107
f 130/130/130 112/112/112 110/110/110
f 131/131/131 114/114/114 112/112/112
f 132/132/132 116/116/116 114/114/114
f 133/133/133 118/118/118 116/116/116
f 134/134/134 120/120/120 118/118/118
f 135/135/135 136/136/136 120/120/120
f 137/137/137 125/125/125 122/122/122
f 138/138/138 139/139/139 125/125/125
f 140/140/140 129/129/129 127/127/127
f 141/141/141 130/130/130 129/129/129
f 142/142/142 131/131/131 130/130/130
f 143/143/143 132/132/132 131/131/131
f 144/144/144 133/133/133 132/132/132
f 145/145/145 134/134/134 133/133/133
f 146/146/146 135/135/135 134/134/134
f 147/147/147 148/148/148 135/135/135
f 149/149/149 138/138/138 137/137/137
f 138/138/138 150/150/150 151/151/151
f 152/152/152 141/141/141 140/140/140
f 153/153/153 142/142/142 141/141/141
f 154/154/154 143/143/143 142/142/142
f 155/155/155 144/144/144 143/143/143
f 156/156/156 145/145/145 144/144/144
f 145/145/145 157/157/157 146/146/146
f 146/146/146 158/158/158 147/147/147
f 158/158/158 159/159/159 147/147/147
f 160/160/160 161/161/161 149/149/149
f 162/162/162 150/150/150 161/161/161
f 163/163/163 153/153/153 152/152/152
f 164/164/164 154/154/154 153/153/153
f 165/165/165 155/155/155 154/154/154
f 166/166/166 156/156/156 155/155/155
f 167/167/167 168/168/168 156/156/156
f 168/168/168 169/169/169 157/157/157
f 157/157/157 170/170/170 158/158/158
f 158/158/158 171/171/171 172/172/172
f 160/160/160 173/173/173 162/162/162
f 162/162/162 174/174/174 175/175/175
f 176/176/176 164/164/164 163/163/163
f 177/177/177 165/165/165 164/164/164
f 178/178/178 166/166/166 165/165/165
f 179/179/179 167/167/167 166/166/166
f 167/167/167 180/180/180 181/181/181
f 181/181/181 182/182/182 169/169/169
f 169/169/169 183/183/183 170/170/170
f 170/170/170 184/184/184 171/171/171
f 185/185/185 186/186/186 173/173/173
f 173/173/173 187/187/187 174/174/174
f 188/188/188 177/177/177 176/176/176
f 189/189/189 178/178/178 177/177/177
f 190/190/190 179/179/179 178/178/178
f 191/191/191 192/192/192 179/179/179
f 193/193/193 180/180/180 192/192/192
f 180/180/180 194/194/194 182/182/182
f 182/182/182 195/195/195 183/183/183
f 183/183/183 196/196/196 184/184/184
f 197/197/197 198/198/198 186/186/186
f 186/186/186 199/199/199 187/187/187
f 97/97/97 189/189/189 188/188/188
f 189/189/189 78/78/78 190/190/190
f 190/190/190 79/79/79 191/191/191
f 191/191/191 69/69/69 193/193/193
f 193/193/193 59/59/59 200/200/200
f 200/200/200 43/43/43 194/194/194
f 194/194/194 34/34/34 195/195/195
f 195/195/195 17/17/17 196/196/196
f 201/201/201 202/202/202 198/198/198
f 198/198/198 1/1/1 199/199/199
f 203/203/203 204/204/204 205/205/205
f 206/206/206 207/207/207 204/204/204
f 208/208/208 209/209/209 207/207/207
f 209/209/209 210/210/210 211/211/211
f 212/212/212 206/206/206 203/203/203
f 213/213/213 208/208/208 206/206/206
f 214/214/214 215/215/215 208/208/208
f 215/215/215 216/216/216 210/210/210
f 217/217/217 213/213/213 212/212/212
f 218/218/218 214/214/214 213/213/213
f 219/219/219 220/220/220 214/214/214
f 221/221/221 216/216/216 220/220/220
f 222/222/222 218/218/218 217/217/217
f 223/223/223 219/219/219 218/218/218
f 224/224/224 221/221/221 219/219/219
f 225/225/225 226/226/226 221/221/221
f 227/227/227 223/223/223 222/222/222
f 228/228/228 224/224/224 223/223/223
f 229/229/229 225/225/225 224/224/224
f 230/230/230 231/231/231 225/225/225
f 232/232/232 228/228/228 227/227/227
f 233/233/233 229/229/229 228/228/228
f 234/234/234 230/230/230 229/229/229
f 235/235/235 236/236/236 230/230/230
f 232/232/232 237/237/237 233/233/233
f 233/233/233 238/238/238 234/234/234
f 234/234/234 239/239/239 235/235/235
f 239/239/239 240/240/240 235/235/235
f 241/241/241 242/242/242 237/237/237
f 237/237/237 243/243/243 238/238/238
f 238/238/238 244/244/244 239/239/239
f 239/239/239 245/245/245 246/246/246
f 245/245/245 247/247/247 248/248/248
f 247/247/247 249/249/249 248/248/248
f 250/250/250 251/251/251 249/249/249
f 252/252/252 253/253/253 251/251/251
f 254/254/254 255/255/255 253/253/253
f 256/256/256 257/257/257 255/255/255
f 257/257/257 258/258/258 259/259/259
f 259/259/259 260/260/260 261/261/261
f 244/244/244 262/262/262 247/247/247
f 247/247/247 263/263/263 250/250/250
f 263/263/263 252/252/252 250/250/250
f 264/264/264 254/254/254 252/252/252
f 265/265/265 256/256/256 254/254/254
f 266/266/266 267/267/267 256/256/256
f 268/268/268 258/258/258 267/267/267
f 269/269/269 260/260/260 258/258/258
f 243/243/243 270/270/270 262/262/262
f 262/262/262 271/271/271 263/263/263
f 271/271/271 264/264/264 263/263/263
f 272/272/272 265/265/265 264/264/264
f 273/273/273 266/266/266 265/265/265
f 274/274/274 268/268/268 266/266/266
f 275/275/275 269/269/269 268/268/268
f 276/276/276 277/277/277 269/269/269
f 242/242/242 278/278/278 270/270/270
f 270/270/270 279/279/279 271/271/271
f 279/279/279 272/272/272 271/271/271
f 280/280/280 273/273/273 272/272/272
f 281/281/281 274/274/274 273/273/273
f 282/282/282 275/275/275 274/274/274
f 283/283/283 276/276/276 275/275/275
f 284/284/284 285/285/285 276/276/276
f 286/286/286 287/287/287 278/278/278
f 278/278/278 288/288/288 279/279/279
f 279/279/279 289/289/289 280/280/280
f 280/280/280 290/290/290 281/281/281
f 281/281/281 291/291/291 282/282/282
f 282/282/282 292/292/292 283/283/283
f 283/283/283 293/293/293 284/284/284
f 284/284/284 294/294/294 295/295/295
f 296/296/296 297/297/297 287/287/287
f 287/287/287 298/298/298 288/288/288
f 288/288/288 299/299/299 289/289/289
f 289/289/289 300/300/300 290/290/290
f 290/290/290 301/301/301 291/291/291
f 291/291/291 302/302/302 292/292/292
f 292/292/292 303/303/303 293/293/293
f 293/293/293 304/304/304 294/294/294
f 305/305/305 306/306/306 297/297/297
f 297/297/297 307/307/307 298/298/298
f 298/298/298 308/308/308 299/299/299
f 299/299/299 309/309/309 300/300/300
f 300/300/300 310/310/310 301/301/301
f 301/301/301 311/311/311 302/302/302
f 302/302/302 312/312/312 303/303/303
f 303/303/303 313/313/313 304/304/304
f 314/314/314 315/315/315 306/306/306
f 306/306/306 316/316/316 307/307/307
f 307/307/307 317/317/317 308/308/308
f 308/308/308 318/318/318 309/309/309
f 309/309/309 319/319/319 310/310/310
f 310/310/310 320/320/320 311/311/311
f 311/311/311 321/321/321 312/312/312
f 312/312/312 322/322/322 313/313/313
f 323/323/323 324/324/324 315/315/315
f 315/315/315 325/325/325 316/316/316
f 316/316/316 326/326/326 317/317/317
f 317/317/317 327/327/327 318/318/318
f 318/318/318 328/328/328 319/319/319
f 319/319/319 329/329/329 320/320/320
f 320/320/320 330/330/330 321/321/321
f 321/321/321 331/331/331 322/322/322
f 332/332/332 333/333/333 324/324/324
f 324/324/324 334/334/334 325/325/325
f 334/334/334 326/326/326 325/325/325
f 335/335/335 327/327/327 326/326/326
f 336/336/336 328/328/328 327/327/327
f 337/337/337 329/329/329 328/328/328
f 338/338/338 330/330/330 329/329/329
f 339/339/339 331/331/331 330/330/330
f 340/340/340 333/333/333 341/341/341
f 342/342/342 334/334/334 333/333/333
f 343/343/343 335/335/335 334/334/334
f 344/344/344 336/336/336 335/335/335
f 345/345/345 337/337/337 336/336/336
f 346/346/346 338/338/338 337/337/337
f 347/347/347 339/339/339 338/338/338
f 348/348/348 349/349/349 339/339/339
f 350/350/350 342/342/342 340/340/340
f 351/351/351 343/343/343 342/342/342
f 352/352/352 344/344/344 343/343/343
f 353/353/353 345/345/345 344/344/344
f 354/354/354 346/346/346 345/345/345
f 355/355/355 347/347/347 346/346/346
f 356/356/356 348/348/348 347/347/347
f 357/357/357 358/358/358 348/348/348
f 97/97/97 351/351/351 350/350/350
f 188/188/188 352/352/352 351/351/351
f 176/176/176 353/353/353 352/352/352
f 163/163/163 354/354/354 353/353/353
f 152/152/152 355/355/355 354/354/354
f 140/140/140 356/356/356 355/355/355
f 127/127/127 357/357/357 356/356/356
f 128/128/128 359/359/359 357/357/357
f 97/97/97 360/360/360 98/98/98
f 98/98/98 361/361/361 99/99/99
f 99/99/99 362/362/362 100/100/100
f 100/100/100 363/363/363 101/101/101
f 101/101/101 364/364/364 102/102/102
f 102/102/102 365/365/365 366/366/366
f 366/366/366 367/367/367 103/103/103
f 103/103/103 368/368/368 104/104/104
f 350/350/350 369/369/369 360/360/360
f 360/360/360 370/370/370 361/361/361
f 361/361/361 371/371/371 362/362/362
f 362/362/362 372/372/372 363/363/363
f 363/363/363 373/373/373 364/364/364
f 364/364/364 374/374/374 365/365/365
f 365/365/365 375/375/375 367/367/367
f 367/367/367 376/376/376 368/368/368
f 340/340/340 377/377/377 369/369/369
f 369/369/369 378/378/378 370/370/370
f 370/370/370 379/379/379 371/371/371
f 371/371/371 380/380/380 372/372/372
f 372/372/372 381/381/381 373/373/373
f 373/373/373 382/382/382 374/374/374
f 374/374/374 383/383/383 375/375/375
f 375/375/375 384/384/384 376/376/376
f 332/332/332 377/377/377 341/341/341
f 385/385/385 378/378/378 377/377/377
f 378/378/378 386/386/386 379/379/379
f 379/379/379 387/387/387 380/380/380
f 380/380/380 388/388/388 381/381/381
f 381/381/381 389/389/389 382/382/382
f 382/382/382 390/390/390 383/383/383
f 383/383/383 391/391/391 384/384/384
f 323/323/323 385/385/385 332/332/332
f 392/392/392 393/393/393 385/385/385
f 394/394/394 386/386/386 393/393/393
f 395/395/395 387/387/387 386/386/386
f 396/396/396 388/388/388 387/387/387
f 397/397/397 389/389/389 388/388/388
f 398/398/398 390/390/390 389/389/389
f 399/399/399 391/391/391 390/390/390
f 314/314/314 392/392/392 323/323/323
f 400/400/400 394/394/394 392/392/392
f 401/401/401 395/395/395 394/394/394
f 402/402/402 396/396/396 395/395/395
f 403/403/403 397/397/397 396/396/396
f 404/404/404 398/398/398 397/397/397
f 405/405/405 399/399/399 398/398/398
f 406/406/406 407/407/407 399/399/399
f 305/305/305 400/400/400 314/314/314
f 408/408/408 401/401/401 400/400/400
f 409/409/409 402/402/402 401/401/401
f 410/410/410 403/403/403 402/402/402
f 411/411/411 404/404/404 403/403/403
f 412/412/412 405/405/405 404/404/404
f 413/413/413 406/406/406 405/405/405
f 414/414/414 415/415/415 406/406/406
f 296/296/296 408/408/408 305/305/305
f 416/416/416 409/409/409 408/408/408
f 417/417/417 410/410/410 409/409/409
f 418/418/418 411/411/411 410/410/410
f 419/419/419 412/412/412 411/411/411
f 420/420/420 413/413/413 412/412/412
f 421/421/421 414/414/414 413/413/413
f 422/422/422 423/423/423 414/414/414
f 286/286/286 416/416/416 296/296/296
f 241/241/241 417/417/417 416/416/416
f 232/232/232 418/418/418 417/417/417
f 227/227/227 419/419/419 418/418/418
f 222/222/222 420/420/420 419/419/419
f 217/217/217 421/421/421 420/420/420
f 212/212/212 422/422/422 421/421/421
f 422/422/422 203/203/203 424/424/424
f 425/425/425 426/426/426 427/427/427
f 427/427/427 428/428/428 429/429/429
f 429/429/429 430/430/430 431/431/431
f 430/430/430 432/432/432 433/433/433
f 434/434/434 435/435/435 436/436/436
f 436/436/436 437/437/437 438/438/438
f 438/438/438 439/439/439 440/440/440
f 440/440/440 441/441/441 442/442/442
f 443/443/443 444/444/444 445/445/445
f 446/446/446 447/447/447 444/444/444
f 448/448/448 449/449/449 447/447/447
f 450/450/450 451/451/451 449/449/449
f 452/452/452 453/453/453 451/451/451
f 453/453/453 454/454/454 455/455/455
f 454/454/454 456/456/456 455/455/455
f 457/457/457 458/458/458 456/456/456
f 459/459/459 446/446/446 443/443/443
f 460/460/460 448/448/448 446/446/446
f 461/461/461 450/450/450 448/448/448
f 462/462/462 452/452/452 450/450/450
f 463/463/463 464/464/464 452/452/452
f 464/464/464 465/465/465 454/454/454
f 454/454/454 466/466/466 457/457/457
f 466/466/466 467/467/121 457/457/457
f 459/459/459 468/468/467 460/460/460
f 460/460/460 469/469/468 461/461/461
f 469/469/468 462/462/462 461/461/461
f 462/462/462 470/470/469 463/463/463
f 463/463/463 471/471/470 472/472/471
f 472/472/471 473/473/472 465/465/465
f 465/465/465 474/474/473 466/466/466
f 466/466/466 475/475/474 476/476/475
f 477/477/476 478/478/477 468/468/467
f 468/468/467 479/479/478 469/469/468
f 469/469/468 480/480/479 481/481/480
f 480/480/479 470/470/469 481/481/480
f 482/482/481 471/471/470 470/470/469
f 483/483/482 473/473/472 471/471/470
f 484/484/483 474/474/473 473/473/472
f 474/474/473 485/485/484 475/475/474
f 486/486/485 478/478/477 487/487/486
f 478/478/477 488/488/487 479/479/478
f 479/479/478 489/489/488 480/480/479
f 480/480/479 490/490/489 482/482/481
f 490/490/489 483/483/482 482/482/481
f 491/491/490 484/484/483 483/483/482
f 484/484/483 492/492/491 493/493/492
f 493/493/492 494/494/113 485/485/484
f 495/495/493 496/496/494 486/486/485
f 497/497/495 488/488/487 496/496/494
f 498/498/496 489/489/488 488/488/487
f 499/499/497 490/490/489 489/489/488
f 500/500/498 491/491/490 490/490/489
f 501/501/499 502/502/500 491/491/490
f 503/503/501 492/492/491 502/502/500
f 504/504/502 494/494/113 492/492/491
f 505/505/503 497/497/495 495/495/493
f 506/506/504 498/498/496 497/497/495
f 507/507/505 499/499/497 498/498/496
f 508/508/506 500/500/498 499/499/497
f 509/509/507 501/501/499 500/500/498
f 510/510/508 503/503/501 501/501/499
f 511/511/509 504/504/502 503/503/501
f 512/512/510 513/513/511 504/504/502
f 514/514/512 506/506/504 505/505/503
f 515/515/513 507/507/505 506/506/504
f 516/516/514 508/508/506 507/507/505
f 517/517/515 509/509/507 508/508/506
f 518/518/516 510/510/508 509/509/507
f 519/519/517 511/511/509 510/510/508
f 520/520/518 512/512/510 511/511/509
f 521/521/519 522/522/520 512/512/510
f 523/523/521 515/515/513 514/514/512
f 524/524/522 516/516/514 515/515/513
f 525/525/523 517/517/515 516/516/514
f 526/526/524 518/518/516 517/517/515
f 527/527/525 519/519/517 518/518/516
f 528/528/526 520/520/518 519/519/517
f 520/520/518 529/529/527 521/521/519
f 521/521/519 530/530/528 531/531/529
f 532/532/530 533/533/531 534/534/532
f 533/533/531 535/535/533 534/534/532
f 536/536/534 537/537/535 535/535/533
f 538/538/536 539/539/77 537/537/535
f 540/540/537 541/541/538 539/539/77
f 542/542/539 543/543/540 541/541/538
f 544/544/541 545/545/542 543/543/540
f 546/546/543 547/547/544 545/545/542
f 548/548/545 549/549/546 550/550/547
f 549/549/546 551/551/548 552/552/549
f 553/553/550 554/554/551 533/533/531
f 554/554/551 536/536/534 533/533/531
f 555/555/552 538/538/536 536/536/534
f 556/556/553 540/540/537 538/538/536
f 540/540/537 557/557/554 542/542/539
f 557/557/554 544/544/541 542/542/539
f 544/544/541 558/558/555 546/546/543
f 546/546/543 559/559/556 560/560/557
f 561/561/558 562/562/559 548/548/545
f 562/562/559 563/563/560 551/551/548
f 564/564/561 554/554/551 565/565/562
f 566/566/563 555/555/552 554/554/551
f 567/567/564 556/556/553 555/555/552
f 568/568/565 569/569/566 556/556/553
f 570/570/567 557/557/554 569/569/566
f 571/571/568 572/572/569 557/557/554
f 572/572/569 573/573/570 558/558/555
f 573/573/570 559/559/556 558/558/555
f 561/561/558 574/574/571 575/575/572
f 575/575/572 576/576/573 563/563/560
f 577/577/574 566/566/563 564/564/561
f 578/578/575 567/567/564 566/566/563
f 579/579/576 568/568/565 567/567/564
f 580/580/577 570/570/567 568/568/565
f 570/570/567 581/581/578 571/571/568
f 581/581/578 582/582/579 571/571/568
f 583/583/580 573/573/570 582/582/579
f 584/584/581 585/585/582 573/573/570
f 586/586/583 574/574/571 587/587/584
f 574/574/571 588/588/585 576/576/573
f 589/589/586 578/578/575 577/577/574
f 590/590/587 579/579/576 578/578/575
f 591/591/588 580/580/577 579/579/576
f 592/592/589 593/593/590 580/580/577
f 593/593/590 594/594/591 581/581/578
f 581/581/578 595/595/592 583/583/580
f 595/595/592 584/584/581 583/583/580
f 596/596/593 597/597/594 584/584/581
f 598/598/595 599/599/596 586/586/583
f 600/600/597 599/599/596 601/601/598
f 602/602/599 590/590/587 589/589/586
f 603/603/600 591/591/588 590/590/587
f 604/604/601 592/592/589 591/591/588
f 605/605/602 606/606/603 592/592/589
f 606/606/603 607/607/604 594/594/591
f 607/607/604 595/595/592 594/594/591
f 608/608/605 596/596/593 595/595/592
f 609/609/606 610/610/607 596/596/593
f 611/611/608 612/612/609 598/598/595
f 612/612/609 613/613/610 601/601/598
f 614/614/611 603/603/600 602/602/599
f 615/615/612 604/604/601 603/603/600
f 616/616/613 605/605/602 604/604/601
f 617/617/614 618/618/615 605/605/602
f 618/618/615 619/619/616 607/607/604
f 619/619/616 608/608/605 607/607/604
f 620/620/617 609/609/606 608/608/605
f 621/621/618 622/622/619 609/609/606
f 611/611/608 623/623/620 624/624/621
f 624/624/621 625/625/622 613/613/610
f 523/523/521 615/615/612 614/614/611
f 514/514/512 616/616/613 615/615/612
f 505/505/503 617/617/614 616/616/613
f 495/495/493 626/626/623 617/617/614
f 626/626/623 487/487/486 619/619/616
f 619/619/616 477/477/476 620/620/617
f 620/620/617 459/459/459 621/621/618
f 459/459/459 627/627/624 621/621/618
f 628/628/625 629/629/626 623/623/620
f 623/623/620 630/630/627 625/625/622
f 631/631/628 632/632/629 633/633/630
f 634/634/631 635/635/632 632/632/629
f 636/636/633 637/637/260 635/635/632
f 638/638/634 639/639/261 637/637/260
f 640/640/635 634/634/631 631/631/628
f 641/641/636 636/636/633 634/634/631
f 642/642/637 638/638/634 636/636/633
f 643/643/638 644/644/639 638/638/634
f 645/645/640 641/641/636 640/640/635
f 646/646/641 642/642/637 641/641/636
f 647/647/642 643/643/638 642/642/637
f 648/648/643 649/649/644 643/643/638
f 650/650/645 646/646/641 645/645/640
f 651/651/646 647/647/642 646/646/641
f 652/652/647 648/648/643 647/647/642
f 653/653/648 654/654/649 648/648/643
f 655/655/650 651/651/646 650/650/645
f 656/656/651 652/652/647 651/651/646
f 657/657/652 653/653/648 652/652/647
f 658/658/653 659/659/654 653/653/648
f 660/660/655 656/656/651 655/655/650
f 661/661/656 657/657/652 656/656/651
f 662/662/657 658/658/653 657/657/652
f 663/663/658 664/664/659 658/658/653
f 665/665/660 661/661/656 660/660/655
f 666/666/661 662/662/657 661/661/656
f 667/667/662 663/663/658 662/662/657
f 668/668/663 669/669/664 663/663/658
f 670/670/665 666/666/661 665/665/660
f 671/671/666 667/667/662 666/666/661
f 672/672/667 668/668/663 667/667/662
f 673/673/668 674/674/669 668/668/663
f 673/673/668 675/675/670 676/676/671
f 677/677/672 678/678/673 675/675/670
f 679/679/674 680/680/675 678/678/673
f 681/681/676 682/682/677 680/680/675
f 683/683/678 684/684/679 682/682/677
f 685/685/680 686/686/681 684/684/679
f 687/687/682 688/688/683 686/686/681
f 689/689/684 690/690/211 688/688/683
f 672/672/667 677/677/672 673/673/668
f 691/691/685 679/679/674 677/677/672
f 692/692/686 681/681/676 679/679/674
f 693/693/687 683/683/678 681/681/676
f 694/694/688 685/685/680 683/683/678
f 695/695/689 687/687/682 685/685/680
f 696/696/690 689/689/684 687/687/682
f 697/697/691 698/698/209 689/689/684
f 671/671/666 691/691/685 672/672/667
f 699/699/692 692/692/686 691/691/685
f 700/700/693 693/693/687 692/692/686
f 701/701/694 694/694/688 693/693/687
f 702/702/695 695/695/689 694/694/688
f 703/703/696 696/696/690 695/695/689
f 704/704/697 697/697/691 696/696/690
f 705/705/698 706/706/207 697/697/691
f 670/670/665 699/699/692 671/671/666
f 707/707/699 700/700/693 699/699/692
f 708/708/700 701/701/694 700/700/693
f 709/709/701 702/702/695 701/701/694
f 710/710/702 703/703/696 702/702/695
f 711/711/703 704/704/697 703/703/696
f 712/712/704 705/705/698 704/704/697
f 705/705/698 713/713/705 714/714/706
f 670/670/665 715/715/707 707/707/699
f 707/707/699 716/716/708 708/708/700
f 708/708/700 717/717/709 709/709/701
f 709/709/701 718/718/710 710/710/702
f 710/710/702 719/719/711 711/711/703
f 711/711/703 720/720/712 712/712/704
f 712/712/704 721/721/713 713/713/705
f 713/713/705 722/722/714 723/723/715
f 724/724/716 725/725/717 715/715/707
f 715/715/707 726/726/718 716/716/708
f 716/716/708 727/727/719 717/717/709
f 717/717/709 728/728/720 718/718/710
f 718/718/710 729/729/721 719/719/711
f 719/719/711 730/730/722 720/720/712
f 720/720/712 731/731/723 721/721/713
f 721/721/713 732/732/724 722/722/714
f 733/733/725 734/734/726 725/725/717
f 725/725/717 735/735/727 726/726/718
f 726/726/718 736/736/728 727/727/719
f 727/727/719 737/737/729 728/728/720
f 728/728/720 738/738/730 729/729/721
f 729/729/721 739/739/731 730/730/722
f 730/730/722 740/740/732 731/731/723
f 731/731/723 741/741/733 732/732/724
f 742/742/734 743/743/735 734/734/726
f 734/734/726 744/744/736 735/735/727
f 735/735/727 745/745/737 736/736/728
f 736/736/728 746/746/738 737/737/729
f 737/737/729 747/747/739 738/738/730
f 738/738/730 748/748/740 739/739/731
f 739/739/731 749/749/741 740/740/732
f 740/740/732 750/750/742 741/741/733
f 751/751/743 743/743/735 752/752/744
f 753/753/745 744/744/736 743/743/735
f 754/754/746 745/745/737 744/744/736
f 755/755/747 746/746/738 745/745/737
f 756/756/748 747/747/739 746/746/738
f 757/757/749 748/748/740 747/747/739
f 758/758/750 749/749/741 748/748/740
f 759/759/751 750/750/742 749/749/741
f 760/760/752 753/753/745 751/751/743
f 761/761/753 754/754/746 753/753/745
f 762/762/754 755/755/747 754/754/746
f 763/763/755 756/756/748 755/755/747
f 764/764/756 757/757/749 756/756/748
f 765/765/757 758/758/750 757/757/749
f 766/766/758 759/759/751 758/758/750
f 767/767/759 768/768/760 759/759/751
f 769/769/761 761/761/753 760/760/752
f 770/770/762 762/762/754 761/761/753
f 771/771/763 763/763/755 762/762/754
f 772/772/764 764/764/756 763/763/755
f 773/773/765 765/765/757 764/764/756
f 774/774/766 766/766/758 765/765/757
f 775/775/767 767/767/759 766/766/758
f 776/776/768 777/777/769 767/767/759
f 778/778/770 770/770/762 769/769/761
f 779/779/771 771/771/763 770/770/762
f 780/780/772 772/772/764 771/771/763
f 781/781/773 773/773/765 772/772/764
f 782/782/774 774/774/766 773/773/765
f 783/783/775 775/775/767 774/774/766
f 784/784/776 776/776/768 775/775/767
f 785/785/777 786/786/778 776/776/768
f 523/523/521 779/779/771 778/778/770
f 614/614/611 780/780/772 779/779/771
f 602/602/599 781/781/773 780/780/772
f 589/589/586 782/782/774 781/781/773
f 577/577/574 783/783/775 782/782/774
f 564/564/561 784/784/776 783/783/775
f 565/565/562 785/785/777 784/784/776
f 553/553/550 787/787/779 785/785/777
f 523/523/521 788/788/780 524/524/522
f 524/524/522 789/789/781 525/525/523
f 525/525/523 790/790/782 526/526/524
f 526/526/524 791/791/783 527/527/525
f 527/527/525 792/792/784 528/528/526
f 528/528/526 793/793/785 794/794/786
f 794/794/786 795/795/787 529/529/527
f 529/529/527 796/796/788 530/530/528
f 778/778/770 797/797/789 788/788/780
f 788/788/780 798/798/790 789/789/781
f 789/789/781 799/799/791 790/790/782
f 790/790/782 800/800/792 791/791/783
f 791/791/783 801/801/793 792/792/784
f 792/792/784 802/802/794 793/793/785
f 793/793/785 803/803/795 795/795/787
f 795/795/787 804/804/796 796/796/788
f 769/769/761 805/805/797 797/797/789
f 797/797/789 806/806/798 798/798/790
f 798/798/790 807/807/799 799/799/791
f 799/799/791 808/808/800 800/800/792
f 800/800/792 809/809/801 801/801/793
f 801/801/793 810/810/802 802/802/794
f 802/802/794 811/811/803 803/803/795
f 803/803/795 812/812/804 804/804/796
f 760/760/752 813/813/805 805/805/797
f 805/805/797 814/814/806 806/806/798
f 806/806/798 815/815/807 807/807/799
f 807/807/799 816/816/808 808/808/800
f 808/808/800 817/817/809 809/809/801
f 809/809/801 818/818/810 810/810/802
f 810/810/802 819/819/811 811/811/803
f 811/811/803 820/820/812 812/812/804
f 751/751/743 821/821/813 813/813/805
f 813/813/805 822/822/814 814/814/806
f 814/814/806 823/823/815 815/815/807
f 815/815/807 824/824/816 816/816/808
f 816/816/808 825/825/817 817/817/809
f 817/817/809 826/826/818 818/818/810
f 818/818/810 827/827/819 819/819/811
f 819/819/811 828/828/820 820/820/812
f 742/742/734 821/821/813 752/752/744
f 829/829/821 822/822/814 821/821/813
f 830/830/822 823/823/815 822/822/814
f 831/831/823 824/824/816 823/823/815
f 832/832/824 825/825/817 824/824/816
f 833/833/825 826/826/818 825/825/817
f 834/834/826 827/827/819 826/826/818
f 835/835/827 828/828/820 827/827/819
f 733/733/725 829/829/821 742/742/734
f 836/836/828 830/830/822 829/829/821
f 837/837/829 831/831/823 830/830/822
f 838/838/830 832/832/824 831/831/823
f 839/839/831 833/833/825 832/832/824
f 840/840/832 834/834/826 833/833/825
f 841/841/833 835/835/827 834/834/826
f 842/842/834 843/843/835 835/835/827
f 724/724/716 836/836/828 733/733/725
f 844/844/836 837/837/829 836/836/828
f 845/845/837 838/838/830 837/837/829
f 846/846/838 839/839/831 838/838/830
f 847/847/839 840/840/832 839/839/831
f 848/848/840 841/841/833 840/840/832
f 849/849/841 842/842/834 841/841/833
f 850/850/842 851/851/843 842/842/834
f 670/670/665 844/844/836 724/724/716
f 665/665/660 845/845/837 844/844/836
f 660/660/655 846/846/838 845/845/837
f 655/655/650 847/847/839 846/846/838
f 650/650/645 848/848/840 847/847/839
f 645/645/640 849/849/841 848/848/840
f 640/640/635 850/850/842 849/849/841
f 850/850/842 631/631/628 852/852/844
f 853/853/845 854/854/846 855/855/847
f 856/856/848 857/857/849 854/854/846
f 858/858/850 859/859/851 857/857/849
f 860/860/852 859/859/851 861/861/853
f 860/860/852 862/862/854 863/863/855
f 864/864/856 865/865/857 862/862/854
f 866/866/858 867/867/859 865/865/857
f 868/868/860 869/869/861 867/867/859
f 870/870/862 871/871/863 869/869/861
f 855/855/847 872/872/864 873/873/865
f 854/854/846 874/874/866 872/872/864
f 857/857/849 875/875/867 874/874/866
f 859/859/851 876/876/868 875/875/867
f 863/863/855 877/877/869 876/876/868
f 862/862/854 878/878/870 877/877/869
f 865/865/857 879/879/871 878/878/870
f 867/867/859 880/880/872 879/879/871
f 869/869/861 881/881/873 880/880/872
f 882/882/874 880/880/872 881/881/873
f 883/883/875 884/884/876 882/882/874
f 884/884/876 879/879/871 880/880/872
f 885/885/877 886/886/878 884/884/876
f 886/886/878 878/878/870 879/879/871
f 887/887/879 888/888/880 886/886/878
f 888/888/880 877/877/869 878/878/870
f 889/889/804 890/890/881 888/888/880
f 890/890/881 876/876/868 877/877/869
f 891/891/882 892/892/883 890/890/881
f 892/892/883 875/875/867 876/876/868
f 893/893/820 894/894/884 892/892/883
f 894/894/884 874/874/866 875/875/867
f 895/895/885 896/896/886 894/894/884
f 896/896/886 872/872/864 874/874/866
f 897/897/887 898/898/888 896/896/886
f 898/898/888 873/873/865 872/872/864
f 899/899/889 900/900/890 898/898/888
f 901/901/863 902/902/891 903/903/892
f 904/904/893 905/905/894 906/906/895
f 902/902/891 907/907/896 908/908/897
f 905/905/894 909/909/898 910/910/899
f 908/908/897 911/911/900 912/912/901
f 910/910/899 913/913/902 914/914/903
f 912/912/901 915/915/904 916/916/905
f 914/914/903 917/917/906 918/918/907
f 916/916/905 919/919/908 920/920/909
f 918/918/907 921/921/910 922/922/911
f 920/920/909 923/923/912 924/924/913
f 922/922/911 925/925/914 926/926/915
f 924/924/913 927/927/916 928/928/917
f 926/926/915 929/929/918 930/930/919
f 928/928/917 931/931/920 932/932/921
f 930/930/919 933/933/922 934/934/923
f 932/932/921 855/855/847 873/873/865
f 934/934/923 935/935/924 853/853/845
f 902/902/891 936/936/925 903/903/892
f 937/937/926 938/938/106 936/936/925
f 908/908/897 937/937/926 902/902/891
f 939/939/927 940/940/359 937/937/926
f 912/912/901 939/939/927 908/908/897
f 941/941/928 942/942/929 939/939/927
f 916/916/905 941/941/928 912/912/901
f 943/943/930 944/944/349 941/941/928
f 920/920/909 943/943/930 916/916/905
f 945/945/931 946/946/932 943/943/930
f 924/924/913 945/945/931 920/920/909
f 947/947/933 948/948/322 945/945/931
f 928/928/917 947/947/933 924/924/913
f 949/949/934 950/950/935 947/947/933
f 932/932/921 949/949/934 928/928/917
f 951/951/936 952/952/937 949/949/934
f 873/873/865 951/951/936 932/932/921
f 900/900/890 953/953/938 951/951/936
f 954/954/939 955/955/940 956/956/941
f 956/956/941 957/957/942 958/958/943
f 958/958/943 959/959/944 960/960/945
f 959/959/944 961/961/946 960/960/945
f 962/962/947 963/963/948 961/961/946
f 964/964/949 965/965/950 963/963/948
f 965/965/950 966/966/951 967/967/952
f 967/967/952 968/968/953 969/969/954
f 969/969/954 970/970/955 971/971/956
f 972/972/957 973/973/958 955/955/940
f 955/955/940 974/974/959 957/957/942
f 957/957/942 975/975/960 959/959/944
f 959/959/944 976/976/961 962/962/947
f 962/962/947 977/977/962 964/964/949
f 964/964/949 978/978/963 979/979/964
f 979/979/964 980/980/965 966/966/951
f 966/966/951 981/981/966 968/968/953
f 968/968/953 982/982/967 970/970/955
f 981/981/966 983/983/968 982/982/967
f 984/984/969 985/985/970 983/983/968
f 980/980/965 984/984/969 981/981/966
f 986/986/971 987/987/972 984/984/969
f 978/978/963 986/986/971 980/980/965
f 988/988/973 989/989/974 986/986/971
f 977/977/962 988/988/973 978/978/963
f 990/990/975 991/991/769 988/988/973
f 976/976/961 990/990/975 977/977/962
f 992/992/976 993/993/760 990/990/975
f 975/975/960 992/992/976 976/976/961
f 994/994/977 995/995/978 992/992/976
f 974/974/959 994/994/977 975/975/960
f 996/996/979 997/997/980 994/994/977
f 973/973/958 996/996/979 974/974/959
f 998/998/981 999/999/982 996/996/979
f 1000/1000/983 998/998/981 973/973/958
f 1001/1001/984 1002/1002/714 998/998/981
f 1003/1003/985 1004/1004/986 1005/1005/987
f 1006/1006/988 1007/1007/989 1008/1008/956
f 1003/1003/985 1009/1009/990 1010/1010/991
f 1006/1006/988 1011/1011/992 1012/1012/993
f 1013/1013/994 1014/1014/995 1009/1009/990
f 1015/1015/996 1016/1016/997 1011/1011/992
f 1017/1017/998 1018/1018/999 1014/1014/995
f 1019/1019/1000 1020/1020/1001 1016/1016/997
f 1021/1021/1002 1022/1022/1003 1018/1018/999
f 1023/1023/1004 1024/1024/1005 1020/1020/1001
f 1025/1025/1006 1026/1026/1007 1022/1022/1003
f 1027/1027/1008 1028/1028/1009 1024/1024/1005
f 1029/1029/1010 1030/1030/1011 1026/1026/1007
f 1031/1031/1012 1032/1032/1013 1028/1028/1009
f 1033/1033/1014 1034/1034/1015 1030/1030/1011
f 1035/1035/1016 1036/1036/1017 1032/1032/1013
f 1037/1037/1018 972/972/957 1034/1034/1015
f 1038/1038/1019 1039/1039/1020 1036/1036/1017
f 1040/1040/1021 1003/1003/985 1005/1005/987
f 1041/1041/1022 1042/1042/1023 1040/1040/1021
f 1042/1042/1023 1013/1013/994 1003/1003/985
f 1043/1043/1024 1044/1044/1025 1042/1042/1023
f 1044/1044/1025 1017/1017/998 1013/1013/994
f 1045/1045/376 1046/1046/1026 1044/1044/1025
f 1046/1046/1026 1021/1021/1002 1017/1017/998
f 1047/1047/1027 1048/1048/1028 1046/1046/1026
f 1048/1048/1028 1025/1025/1006 1021/1021/1002
f 1049/1049/1029 1050/1050/1030 1048/1048/1028
f 1050/1050/1030 1029/1029/1010 1025/1025/1006
f 1051/1051/1031 1052/1052/1032 1050/1050/1030
f 1052/1052/1032 1033/1033/1014 1029/1029/1010
f 1053/1053/415 1054/1054/1033 1052/1052/1032
f 1054/1054/1033 1037/1037/1018 1033/1033/1014
f 1055/1055/423 1056/1056/1034 1054/1054/1033
f 1056/1056/1034 1000/1000/983 1037/1037/1018
f 1057/1057/424 1001/1001/984 1056/1056/1034
f 1058/1058/1035 1059/1059/1036 1060/1060/1037
f 1061/1061/1038 1062/1062/1039 1063/1063/1040
f 1064/1064/1041 1065/1065/1042 1066/1066/251
f 1067/1067/210 1068/1068/1043 1069/1069/1044
f 1058/1058/1035 1070/1070/1045 1071/1071/1046
f 1072/1072/639 1073/1073/1047 1074/1074/1048
f 1075/1075/231 1076/1076/1049 1077/1077/1050
f 1078/1078/1051 1079/1079/1052 1080/1080/1053
f 1081/1081/1054 1082/1082/1055 1083/1083/649
f 1084/1084/1056 1059/1059/1036 1085/1085/1057
f 1086/1086/679 1087/1087/1058 1062/1062/1039
f 1088/1088/1059 1089/1089/1060 1064/1064/1041
f 1090/1090/1061 1091/1091/1062 1070/1070/1045
f 1092/1092/1063 1093/1093/1064 1078/1078/1051
f 1067/1067/210 1094/1094/1065 1095/1095/1066
f 1096/1096/1067 1097/1097/1068 1087/1087/1058
f 1098/1098/1069 1077/1077/1050 1099/1099/1070
f 1080/1080/1053 1100/1100/1071 1101/1101/1072
f 1102/1102/1073 1103/1103/1074 1088/1088/1059
f 1104/1104/1075 1094/1094/1065 1097/1097/1068
f 1083/1083/649 1105/1105/1076 1106/1106/644
f 1084/1084/1056 1107/1107/1077 1108/1108/659
f 1109/1109/1078 1110/1110/1079 1091/1091/1062
f 1092/1092/1063 1111/1111/1080 1112/1112/1081
f 1113/1113/1082 1073/1073/1047 1114/1114/1083
f 1113/1113/1082 1115/1115/1084 1102/1102/1073
f 1116/1116/1085 1063/1063/1040 1110/1110/1079
f 1117/1117/1086 1099/1099/1070 1068/1068/1043
f 1101/1101/1072 1076/1076/1049 1118/1118/1087
f 1119/1119/1088 1065/1065/1042 1111/1111/1080
f 1106/1106/644 1120/1120/1089 1072/1072/639
f 1108/1108/659 1121/1121/1090 1081/1081/1054
f 1111/1111/1080 1122/1122/1091 1123/1123/1092
f 1091/1091/1062 1124/1124/1093 1070/1070/1045
f 1065/1065/1042 1125/1125/1094 1122/1122/1091
f 1091/1091/1062 1126/1126/1095 1127/1127/1096
f 1089/1089/1060 1128/1128/1097 1125/1125/1094
f 1110/1110/1079 1129/1129/1098 1126/1126/1095
f 1103/1103/1074 1130/1130/1099 1128/1128/1097
f 1062/1062/1039 1129/1129/1098 1063/1063/1040
f 1115/1115/1084 1131/1131/1100 1130/1130/1099
f 1068/1068/1043 1132/1132/1101 1069/1069/1044
f 1087/1087/1058 1133/1133/1102 1062/1062/1039
f 1073/1073/1047 1134/1134/1103 1135/1135/1104
f 1099/1099/1070 1136/1136/1105 1068/1068/1043
f 1097/1097/1068 1137/1137/1106 1087/1087/1058
f 1120/1120/1089 1138/1138/1107 1134/1134/1103
f 1077/1077/1050 1139/1139/1108 1099/1099/1070
f 1094/1094/1065 1140/1140/1109 1097/1097/1068
f 1105/1105/1076 1141/1141/1110 1138/1138/1107
f 1076/1076/1049 1142/1142/1111 1077/1077/1050
f 1069/1069/1044 1143/1143/1112 1094/1094/1065
f 1082/1082/1055 1144/1144/1113 1141/1141/1110
f 1100/1100/1071 1145/1145/1114 1076/1076/1049
f 1114/1114/1083 1135/1135/1104 1131/1131/1100
f 1107/1107/1077 1144/1144/1113 1121/1121/1090
f 1079/1079/1052 1146/1146/1115 1100/1100/1071
f 1107/1107/1077 1147/1147/1116 1148/1148/1117
f 1093/1093/1064 1149/1149/1118 1079/1079/1052
f 1085/1085/1057 1150/1150/1119 1147/1147/1116
f 1093/1093/1064 1151/1151/1120 1152/1152/1121
f 1071/1071/1046 1150/1150/1119 1059/1059/1036
f 1112/1112/1081 1123/1123/1092 1151/1151/1120
f 1070/1070/1045 1153/1153/1122 1071/1071/1046
f 1128/1128/1097 1130/1130/1099 1154/1154/1123
f 1129/1129/1098 1133/1133/1102 1154/1154/1123
f 1130/1130/1099 1131/1131/1100 1154/1154/1123
f 1132/1132/1101 1136/1136/1105 1154/1154/1123
f 1133/1133/1102 1137/1137/1106 1154/1154/1123
f 1135/1135/1104 1134/1134/1103 1154/1154/1123
f 1136/1136/1105 1139/1139/1108 1154/1154/1123
f 1137/1137/1106 1140/1140/1109 1154/1154/1123
f 1134/1134/1103 1138/1138/1107 1154/1154/1123
f 1139/1139/1108 1142/1142/1111 1154/1154/1123
f 1140/1140/1109 1143/1143/1112 1154/1154/1123
f 1138/1138/1107 1141/1141/1110 1154/1154/1123
f 1142/1142/1111 1145/1145/1114 1154/1154/1123
f 1143/1143/1112 1132/1132/1101 1154/1154/1123
f 1141/1141/1110 1144/1144/1113 1154/1154/1123
f 1145/1145/1114 1146/1146/1115 1154/1154/1123
f 1131/1131/1100 1135/1135/1104 1154/1154/1123
f 1144/1144/1113 1148/1148/1117 1154/1154/1123
f 1146/1146/1115 1149/1149/1118 1154/1154/1123
f 1148/1148/1117 1147/1147/1116 1154/1154/1123
f 1149/1149/1118 1152/1152/1121 1154/1154/1123
f 1147/1147/1116 1150/1150/1119 1154/1154/1123
f 1152/1152/1121 1151/1151/1120 1154/1154/1123
f 1150/1150/1119 1153/1153/1122 1154/1154/1123
f 1151/1151/1120 1123/1123/1092 1154/1154/1123
f 1153/1153/1122 1124/1124/1093 1154/1154/1123
f 1123/1123/1092 1122/1122/1091 1154/1154/1123
f 1124/1124/1093 1127/1127/1096 1154/1154/1123
f 1122/1122/1091 1125/1125/1094 1154/1154/1123
f 1127/1127/1096 1126/1126/1095 1154/1154/1123
f 1125/1125/1094 1128/1128/1097 1154/1154/1123
f 1126/1126/1095 1129/1129/1098 1154/1154/1123
f 1155/1155/1124 1156/1156/1125 1157/1157/1126
f 1158/1158/5 1159/1159/1127 1160/1160/1128
f 1161/1161/1129 1162/1162/1130 1163/1163/1131
f 1164/1164/1132 1165/1165/1133 1166/1166/1134
f 1167/1167/1135 1168/1168/1136 1169/1169/1137
f 1170/1170/1138 1166/1166/1134 1171/1171/1139
f 1172/1172/434 1173/1173/1140 1174/1174/1141
f 1175/1175/1142 1176/1176/1143 1177/1177/1144
f 1178/1178/1145 1179/1179/1146 1159/1159/1127
f 1163/1163/1131 1180/1180/1147 1181/1181/1148
f 1182/1182/425 1183/1183/1149 1184/1184/1150
f 1182/1182/425 1185/1185/1151 1186/1186/1152
f 1187/1187/1153 1188/1188/1154 1189/1189/1155
f 1190/1190/1156 1173/1173/1140 1191/1191/1157
f 1157/1157/1126 1192/1192/1158 1193/1193/1159
f 1194/1194/9 1195/1195/1160 1179/1179/1146
f 1186/1186/1152 1196/1196/1161 1197/1197/1162
f 1198/1198/1163 1199/1199/1164 1183/1183/1149
f 1169/1169/1137 1200/1200/1165 1155/1155/1124
f 1161/1161/1129 1201/1201/1166 1202/1202/1167
f 1203/1203/1168 1204/1204/1169 1190/1190/1156
f 1205/1205/1170 1176/1176/1143 1165/1165/1133
f 1206/1206/1171 1207/1207/1172 1195/1195/1160
f 1181/1181/1148 1208/1208/1173 1167/1167/1135
f 1209/1209/1174 1210/1210/1175 1199/1199/1164
f 1203/1203/1168 1211/1211/1176 1212/1212/1177
f 1213/1213/3 1160/1160/1128 1201/1201/1166
f 1189/1189/1155 1214/1214/1178 1175/1175/1142
f 1215/1215/1179 1192/1192/1158 1211/1211/1176
f 1216/1216/1180 1171/1171/1139 1207/1207/1172
f 1197/1197/1162 1217/1217/1181 1187/1187/1153
f 1218/1218/1182 1174/1174/1141 1210/1210/1175
f 1211/1211/1176 1219/1219/1183 1220/1220/1184
f 1204/1204/1169 1221/1221/1185 1173/1173/1140
f 1171/1171/1139 1222/1222/1186 1223/1223/1187
f 1174/1174/1141 1221/1221/1185 1224/1224/1188
f 1207/1207/1172 1223/1223/1187 1225/1225/1189
f 1210/1210/1175 1224/1224/1188 1226/1226/1190
f 1184/1184/1150 1227/1227/1191 1185/1185/1151
f 1195/1195/1160 1225/1225/1189 1228/1228/1192
f 1199/1199/1164 1226/1226/1190 1229/1229/1193
f 1185/1185/1151 1230/1230/1194 1196/1196/1161
f 1179/1179/1146 1228/1228/1192 1231/1231/1195
f 1183/1183/1149 1229/1229/1193 1232/1232/1196
f 1196/1196/1161 1233/1233/1197 1217/1217/1181
f 1159/1159/1127 1231/1231/1195 1234/1234/1198
f 1183/1183/1149 1235/1235/1199 1184/1184/1150
f 1217/1217/1181 1236/1236/1200 1188/1188/1154
f 1160/1160/1128 1234/1234/1198 1237/1237/1201
f 1202/1202/1167 1238/1238/1202 1162/1162/1130
f 1188/1188/1154 1239/1239/1203 1214/1214/1178
f 1201/1201/1166 1237/1237/1201 1240/1240/1204
f 1162/1162/1130 1241/1241/1205 1180/1180/1147
f 1176/1176/1143 1239/1239/1203 1242/1242/1206
f 1202/1202/1167 1240/1240/1204 1243/1243/1207
f 1180/1180/1147 1244/1244/1208 1208/1208/1173
f 1208/1208/1173 1245/1245/1209 1168/1168/1136
f 1165/1165/1133 1242/1242/1206 1246/1246/1210
f 1168/1168/1136 1247/1247/1211 1200/1200/1165
f 1166/1166/1134 1246/1246/1210 1222/1222/1186
f 1200/1200/1165 1248/1248/1212 1156/1156/1125
f 1212/1212/1177 1220/1220/1184 1249/1249/1213
f 1156/1156/1125 1219/1219/1183 1192/1192/1158
f 1212/1212/1177 1250/1250/1214 1204/1204/1169
f 1228/1228/1192 1225/1225/1189 1251/1251/1215
f 1229/1229/1193 1226/1226/1190 1251/1251/1215
f 1227/1227/1191 1235/1235/1199 1251/1251/1215
f 1231/1231/1195 1228/1228/1192 1251/1251/1215
f 1232/1232/1196 1229/1229/1193 1251/1251/1215
f 1230/1230/1194 1227/1227/1191 1251/1251/1215
f 1234/1234/1198 1231/1231/1195 1251/1251/1215
f 1235/1235/1199 1232/1232/1196 1251/1251/1215
f 1233/1233/1197 1230/1230/1194 1251/1251/1215
f 1237/1237/1201 1234/1234/1198 1251/1251/1215
f 1238/1238/1202 1243/1243/1207 1251/1251/1215
f 1236/1236/1200 1233/1233/1197 1251/1251/1215
f 1240/1240/1204 1237/1237/1201 1251/1251/1215
f 1241/1241/1205 1238/1238/1202 1251/1251/1215
f 1239/1239/1203 1236/1236/1200 1251/1251/1215
f 1243/1243/1207 1240/1240/1204 1251/1251/1215
f 1244/1244/1208 1241/1241/1205 1251/1251/1215
f 1242/1242/1206 1239/1239/1203 1251/1251/1215
f 1245/1245/1209 1244/1244/1208 1251/1251/1215
f 1246/1246/1210 1242/1242/1206 1251/1251/1215
f 1247/1247/1211 1245/1245/1209 1251/1251/1215
f 1222/1222/1186 1246/1246/1210 1251/1251/1215
f 1248/1248/1212 1247/1247/1211 1251/1251/1215
f 1249/1249/1213 1220/1220/1184 1251/1251/1215
f 1219/1219/1183 1248/1248/1212 1251/1251/1215
f 1250/1250/1214 1249/1249/1213 1251/1251/1215
f 1220/1220/1184 1219/1219/1183 1251/1251/1215
f 1221/1221/1185 1250/1250/1214 1251/1251/1215
f 1223/1223/1187 1222/1222/1186 1251/1251/1215
f 1224/1224/1188 1221/1221/1185 1251/1251/1215
f 1225/1225/1189 1223/1223/1187 1251/1251/1215
f 1226/1226/1190 1224/1224/1188 1251/1251/1215
f 627/627/624 445/445/445 628/628/625
f 622/622/619 628/628/625 611/611/608
f 622/622/619 598/598/595 610/610/607
f 610/610/607 586/586/583 597/597/594
f 597/597/594 587/587/584 585/585/582
f 559/559/556 587/587/584 561/561/558
f 560/560/557 561/561/558 548/548/545
f 560/560/557 550/550/547 547/547/544
f 456/456/456 441/441/441 439/439/439
f 455/455/455 439/439/439 437/437/437
f 453/453/453 437/437/437 435/435/435
f 451/451/451 435/435/435 433/433/433
f 449/449/449 433/433/433 432/432/432
f 447/447/447 432/432/432 1252/1252/1216
f 444/444/444 1252/1252/1216 1253/1253/1217
f 445/445/445 1253/1253/1217 629/629/626
f 196/196/196 19/19/19 201/201/201
f 184/184/184 201/201/201 197/197/197
f 171/171/171 197/197/197 185/185/185
f 172/172/172 185/185/185 160/160/160
f 172/172/172 149/149/149 159/159/159
f 159/159/159 137/137/137 148/148/148
f 148/148/148 122/122/122 136/136/136
f 136/136/136 124/124/124 121/121/121
f 31/31/31 1254/1254/1218 14/14/14
f 29/29/29 14/14/14 12/12/12
f 27/27/27 12/12/12 10/10/10
f 25/25/25 10/10/10 8/8/8
f 23/23/23 8/8/8 6/6/6
f 21/21/21 6/6/6 4/4/4
f 18/18/18 4/4/4 2/2/2
f 19/19/19 2/2/2 202/202/202
f 1255/1255/1219 1256/1256/1220 1257/1257/1221
f 1258/1258/1222 1259/1259/1223 1260/1260/1224
f 1261/1261/1225 1262/1262/1226 1263/1263/1227
f 1264/1264/1228 1265/1265/1229 1266/1266/1230
f 1267/1267/1231 1268/1268/1232 1269/1269/1233
f 1270/1270/922 1271/1271/1234 1272/1272/1235
f 1273/1273/1236 1257/1257/1221 1274/1274/1237
f 1258/1258/1222 1275/1275/1238 1276/1276/1239
f 1277/1277/1240 1278/1278/1241 1262/1262/1226
f 1267/1267/1231 1279/1279/1242 1280/1280/1243
f 1281/1281/1244 1271/1271/1234 1256/1256/1220
f 1282/1282/1245 1266/1266/1230 1259/1259/1223
f 1283/1283/1246 1274/1274/1237 1265/1265/1229
f 1276/1276/1239 1284/1284/1247 1285/1285/1248
f 1286/1286/1249 1278/1278/1241 1287/1287/1250
f 1288/1288/1251 1263/1263/1227 1279/1279/1242
f 1269/1269/1233 1289/1289/1252 1270/1270/922
f 1285/1285/1248 1290/1290/1253 1286/1286/1249
f 1291/1291/1254 1292/1292/1255 1293/1293/1256
f 1294/1294/1257 1295/1295/1258 1296/1296/1259
f 1297/1297/1260 1298/1298/1261 1299/1299/1262
f 1300/1300/1263 1301/1301/1264 1302/1302/1265
f 1303/1303/1266 1304/1304/1267 1305/1305/1268
f 1306/1306/1269 1296/1296/1259 1307/1307/1270
f 1308/1308/1271 1309/1309/1272 1310/1310/1273
f 1311/1311/1274 1312/1312/1275 1291/1291/1254
f 1313/1313/1276 1301/1301/1264 1314/1314/1277
f 1305/1305/1268 1315/1315/1278 1316/1316/1279
f 1317/1317/1280 1318/1318/1281 1319/1319/1282
f 1293/1293/1256 1320/1320/1283 1297/1297/1260
f 1321/1321/1284 1314/1314/1277 1295/1295/1258
f 1299/1299/1262 1322/1322/1285 1308/1308/1271
f 1306/1306/1269 1323/1323/1286 1311/1311/1274
f 1316/1316/1279 1324/1324/1287 1300/1300/1263
f 1303/1303/1266 1319/1319/1282 1325/1325/1288
f 1326/1326/1017 1309/1309/1272 1318/1318/1281
f 1307/1307/1270 1327/1327/1289 1323/1323/1286
f 1319/1319/1282 1328/1328/1290 1325/1325/1288
f 1296/1296/1259 1329/1329/1291 1307/1307/1270
f 1309/1309/1272 1330/1330/1292 1331/1331/1293
f 1318/1318/1281 1332/1332/1294 1319/1319/1282
f 1295/1295/1258 1333/1333/1295 1334/1334/1296
f 1322/1322/1285 1335/1335/1297 1330/1330/1292
f 1309/1309/1272 1336/1336/1298 1318/1318/1281
f 1314/1314/1277 1337/1337/1299 1333/1333/1295
f 1298/1298/1261 1338/1338/1300 1335/1335/1297
f 1296/1296/1259 1334/1334/1296 1339/1339/1301
f 1324/1324/1287 1337/1337/1299 1301/1301/1264
f 1320/1320/1283 1340/1340/1302 1338/1338/1300
f 1315/1315/1278 1341/1341/1303 1324/1324/1287
f 1292/1292/1255 1342/1342/1304 1340/1340/1302
f 1304/1304/1267 1343/1343/1305 1315/1315/1278
f 1323/1323/1286 1342/1342/1304 1312/1312/1275
f 1325/1325/1288 1344/1344/1306 1304/1304/1267
f 1259/1259/1223 1345/1345/1307 1346/1346/1308
f 1280/1280/1243 1347/1347/1309 1348/1348/1310
f 1260/1260/1224 1346/1346/1308 1349/1349/1311
f 1268/1268/1232 1348/1348/1310 1350/1350/1312
f 1260/1260/1224 1351/1351/1313 1275/1275/1238
f 1271/1271/1234 1352/1352/1314 1256/1256/1220
f 1289/1289/1252 1350/1350/1312 1353/1353/1315
f 1275/1275/1238 1354/1354/1316 1284/1284/1247
f 1256/1256/1220 1355/1355/1317 1257/1257/1221
f 1271/1271/1234 1353/1353/1315 1356/1356/1318
f 1290/1290/1253 1357/1357/1319 1278/1278/1241
f 1257/1257/1221 1358/1358/1320 1274/1274/1237
f 1284/1284/1247 1359/1359/1321 1290/1290/1253
f 1262/1262/1226 1357/1357/1319 1360/1360/1322
f 1274/1274/1237 1361/1361/1323 1265/1265/1229
f 1263/1263/1227 1360/1360/1322 1362/1362/1324
f 1265/1265/1229 1345/1345/1307 1266/1266/1230
f 1279/1279/1242 1362/1362/1324 1347/1347/1309
f 1354/1354/1316 1351/1351/1313 1363/1363/1325
f 1355/1355/1317 1352/1352/1314 1363/1363/1325
f 1356/1356/1318 1353/1353/1315 1363/1363/1325
f 1357/1357/1319 1359/1359/1321 1363/1363/1325
f 1358/1358/1320 1355/1355/1317 1363/1363/1325
f 1359/1359/1321 1354/1354/1316 1363/1363/1325
f 1360/1360/1322 1357/1357/1319 1363/1363/1325
f 1361/1361/1323 1358/1358/1320 1363/1363/1325
f 1362/1362/1324 1360/1360/1322 1363/1363/1325
f 1345/1345/1307 1361/1361/1323 1363/1363/1325
f 1347/1347/1309 1362/1362/1324 1363/1363/1325
f 1346/1346/1308 1345/1345/1307 1363/1363/1325
f 1348/1348/1310 1347/1347/1309 1363/1363/1325
f 1349/1349/1311 1346/1346/1308 1363/1363/1325
f 1350/1350/1312 1348/1348/1310 1363/1363/1325
f 1351/1351/1313 1349/1349/1311 1363/1363/1325
f 1352/1352/1314 1356/1356/1318 1363/1363/1325
f 1353/1353/1315 1350/1350/1312 1363/1363/1325
f 1329/1329/1291 1339/1339/1301 1364/1364/1326
f 1331/1331/1293 1330/1330/1292 1364/1364/1326
f 1332/1332/1294 1336/1336/1298 1364/1364/1326
f 1334/1334/1296 1333/1333/1295 1364/1364/1326
f 1330/1330/1292 1335/1335/1297 1364/1364/1326
f 1336/1336/1298 1331/1331/1293 1364/1364/1326
f 1333/1333/1295 1337/1337/1299 1364/1364/1326
f 1335/1335/1297 1338/1338/1300 1364/1364/1326
f 1339/1339/1301 1334/1334/1296 1364/1364/1326
f 1337/1337/1299 1341/1341/1303 1364/1364/1326
f 1338/1338/1300 1340/1340/1302 1364/1364/1326
f 1341/1341/1303 1343/1343/1305 1364/1364/1326
f 1340/1340/1302 1342/1342/1304 1364/1364/1326
f 1343/1343/1305 1344/1344/1306 1364/1364/1326
f 1342/1342/1304 1327/1327/1289 1364/1364/1326
f 1344/1344/1306 1328/1328/1290 1364/1364/1326
f 1327/1327/1289 1329/1329/1291 1364/1364/1326
f 1328/1328/1290 1332/1332/1294 1364/1364/1326
f 972/972/957 1038/1038/1019 1034/1034/1015
f 1034/1034/1015 1035/1035/1016 1030/1030/1011
f 1030/1030/1011 1031/1031/1012 1026/1026/1007
f 1026/1026/1007 1027/1027/1008 1022/1022/1003
f 1022/1022/1003 1023/1023/1004 1018/1018/999
f 1014/1014/995 1023/1023/1004 1019/1019/1000
f 1009/1009/990 1019/1019/1000 1015/1015/996
f 1010/1010/991 1015/1015/996 1006/1006/988
f 1010/1010/991 1008/1008/956 1004/1004/986
f 1365/1365/1327 971/971/956 1366/1366/1328
f 1367/1367/1329 969/969/954 1365/1365/1327
f 1368/1368/1330 967/967/952 1367/1367/1329
f 1369/1369/1331 965/965/950 1368/1368/1330
f 1370/1370/1332 963/963/948 1369/1369/1331
f 1371/1371/1333 961/961/946 1370/1370/1332
f 1372/1372/1262 960/960/945 1371/1371/1333
f 1373/1373/1271 958/958/943 1372/1372/1262
f 1039/1039/1020 956/956/941 1373/1373/1271
f 934/934/923 855/855/847 931/931/920
f 930/930/919 931/931/920 927/927/916
f 926/926/915 927/927/916 923/923/912
f 922/922/911 923/923/912 919/919/908
f 918/918/907 919/919/908 915/915/904
f 911/911/900 918/918/907 915/915/904
f 907/907/896 914/914/903 911/911/900
f 1374/1374/1334 910/910/899 907/907/896
f 906/906/895 1374/1374/1334 901/901/863
f 1375/1375/1335 1376/1376/1336 870/870/862
f 1377/1377/1337 870/870/862 868/868/860
f 1378/1378/1338 868/868/860 866/866/858
f 1379/1379/1339 866/866/858 864/864/856
f 1380/1380/1340 864/864/856 860/860/852
f 1381/1381/1341 860/860/852 861/861/853
f 1382/1382/1342 861/861/853 858/858/850
f 1383/1383/1244 858/858/850 856/856/848
f 935/935/924 856/856/848 853/853/845
f 424/424/424 203/203/203 205/205/205
f 852/852/844 631/631/628 633/633/630
f 714/714/706 713/713/705 723/723/715
f 428/428/428 432/432/432 430/430/430
f 613/613/610 1384/1384/1152 1385/1385/1343
f 625/625/622 425/425/425 1384/1384/1152
f 630/630/627 1253/1253/1217 426/426/426
f 426/426/426 1252/1252/1216 428/428/428
f 601/601/598 1385/1385/1343 600/600/597
f 1/1/1 202/202/202 2/2/2
f 3/3/3 2/2/2 4/4/4
f 5/5/5 4/4/4 6/6/6
f 7/7/7 6/6/6 8/8/8
f 9/9/9 8/8/8 10/10/10
f 11/11/11 10/10/10 12/12/12
f 13/13/13 12/12/12 14/14/14
f 14/14/14 1254/1254/1218 16/16/16
f 17/17/17 20/20/20 18/18/18
f 20/20/20 22/22/22 21/21/21
f 22/22/22 24/24/24 23/23/23
f 24/24/24 26/26/26 25/25/25
f 26/26/26 28/28/28 27/27/27
f 28/28/28 30/30/30 29/29/29
f 30/30/30 32/32/32 31/31/31
f 32/32/32 42/42/42 33/33/33
f 34/34/34 35/35/35 20/20/20
f 35/35/35 36/36/36 22/22/22
f 36/36/36 37/37/37 24/24/24
f 37/37/37 38/38/38 26/26/26
f 38/38/38 39/39/39 28/28/28
f 39/39/39 40/40/40 30/30/30
f 40/40/40 41/41/41 32/32/32
f 41/41/41 50/50/50 42/42/42
f 43/43/43 44/44/44 35/35/35
f 44/44/44 45/45/45 36/36/36
f 45/45/45 53/53/53 37/37/37
f 37/37/37 53/53/53 46/46/46
f 46/46/46 47/47/47 39/39/39
f 47/47/47 48/48/48 40/40/40
f 48/48/48 49/49/49 41/41/41
f 49/49/49 58/58/58 50/50/50
f 43/43/43 59/59/59 51/51/51
f 51/51/51 61/61/61 45/45/45
f 45/45/45 61/61/61 52/52/52
f 53/53/53 52/52/52 54/54/54
f 54/54/54 55/55/55 47/47/47
f 55/55/55 56/56/56 48/48/48
f 56/56/56 57/57/57 49/49/49
f 57/57/57 68/68/68 58/58/58
f 59/59/59 69/69/69 60/60/60
f 60/60/60 62/62/62 61/61/61
f 62/62/62 63/63/63 52/52/52
f 63/63/63 64/64/64 54/54/54
f 64/64/64 65/65/65 55/55/55
f 65/65/65 66/66/66 56/56/56
f 66/66/66 67/67/67 57/57/57
f 67/67/67 77/77/77 68/68/68
f 69/69/69 79/79/79 70/70/70
f 70/70/70 71/71/71 62/62/62
f 71/71/71 72/72/72 63/63/63
f 72/72/72 73/73/73 64/64/64
f 73/73/73 74/74/74 65/65/65
f 74/74/74 75/75/75 66/66/66
f 75/75/75 76/76/76 67/67/67
f 76/76/76 87/87/87 77/77/77
f 78/78/78 80/80/80 70/70/70
f 80/80/80 81/81/81 71/71/71
f 81/81/81 82/82/82 72/72/72
f 82/82/82 83/83/83 73/73/73
f 83/83/83 84/84/84 74/74/74
f 84/84/84 85/85/85 75/75/75
f 85/85/85 86/86/86 76/76/76
f 86/86/86 96/96/96 87/87/87
f 88/88/88 89/89/89 80/80/80
f 89/89/89 90/90/90 81/81/81
f 90/90/90 91/91/91 82/82/82
f 91/91/91 92/92/92 83/83/83
f 92/92/92 93/93/93 84/84/84
f 93/93/93 94/94/94 85/85/85
f 94/94/94 95/95/95 86/86/86
f 95/95/95 105/105/105 96/96/96
f 97/97/97 98/98/98 89/89/89
f 98/98/98 99/99/99 90/90/90
f 99/99/99 100/100/100 91/91/91
f 100/100/100 101/101/101 92/92/92
f 101/101/101 102/102/102 93/93/93
f 102/102/102 366/366/366 94/94/94
f 94/94/94 366/366/366 103/103/103
f 95/95/95 103/103/103 104/104/104
f 106/106/106 128/128/128 107/107/107
f 107/107/107 110/110/110 109/109/109
f 110/110/110 112/112/112 111/111/111
f 112/112/112 114/114/114 113/113/113
f 114/114/114 116/116/116 115/115/115
f 116/116/116 118/118/118 117/117/117
f 118/118/118 120/120/120 119/119/119
f 120/120/120 136/136/136 121/121/121
f 122/122/122 125/125/125 123/123/123
f 125/125/125 139/139/139 126/126/126
f 127/127/127 129/129/129 107/107/107
f 129/129/129 130/130/130 110/110/110
f 130/130/130 131/131/131 112/112/112
f 131/131/131 132/132/132 114/114/114
f 132/132/132 133/133/133 116/116/116
f 133/133/133 134/134/134 118/118/118
f 134/134/134 135/135/135 120/120/120
f 135/135/135 148/148/148 136/136/136
f 137/137/137 138/138/138 125/125/125
f 138/138/138 151/151/151 139/139/139
f 140/140/140 141/141/141 129/129/129
f 141/141/141 142/142/142 130/130/130
f 142/142/142 143/143/143 131/131/131
f 143/143/143 144/144/144 132/132/132
f 144/144/144 145/145/145 133/133/133
f 145/145/145 146/146/146 134/134/134
f 146/146/146 147/147/147 135/135/135
f 147/147/147 159/159/159 148/148/148
f 149/149/149 161/161/161 138/138/138
f 138/138/138 161/161/161 150/150/150
f 152/152/152 153/153/153 141/141/141
f 153/153/153 154/154/154 142/142/142
f 154/154/154 155/155/155 143/143/143
f 155/155/155 156/156/156 144/144/144
f 156/156/156 168/168/168 145/145/145
f 145/145/145 168/168/168 157/157/157
f 146/146/146 157/157/157 158/158/158
f 158/158/158 172/172/172 159/159/159
f 160/160/160 162/162/162 161/161/161
f 162/162/162 175/175/175 150/150/150
f 163/163/163 164/164/164 153/153/153
f 164/164/164 165/165/165 154/154/154
f 165/165/165 166/166/166 155/155/155
f 166/166/166 167/167/167 156/156/156
f 167/167/167 181/181/181 168/168/168
f 168/168/168 181/181/181 169/169/169
f 157/157/157 169/169/169 170/170/170
f 158/158/158 170/170/170 171/171/171
f 160/160/160 185/185/185 173/173/173
f 162/162/162 173/173/173 174/174/174
f 176/176/176 177/177/177 164/164/164
f 177/177/177 178/178/178 165/165/165
f 178/178/178 179/179/179 166/166/166
f 179/179/179 192/192/192 167/167/167
f 167/167/167 192/192/192 180/180/180
f 181/181/181 180/180/180 182/182/182
f 169/169/169 182/182/182 183/183/183
f 170/170/170 183/183/183 184/184/184
f 185/185/185 197/197/197 186/186/186
f 173/173/173 186/186/186 187/187/187
f 188/188/188 189/189/189 177/177/177
f 189/189/189 190/190/190 178/178/178
f 190/190/190 191/191/191 179/179/179
f 191/191/191 193/193/193 192/192/192
f 193/193/193 200/200/200 180/180/180
f 180/180/180 200/200/200 194/194/194
f 182/182/182 194/194/194 195/195/195
f 183/183/183 195/195/195 196/196/196
f 197/197/197 201/201/201 198/198/198
f 186/186/186 198/198/198 199/199/199
f 97/97/97 88/88/88 189/189/189
f 189/189/189 88/88/88 78/78/78
f 190/190/190 78/78/78 79/79/79
f 191/191/191 79/79/79 69/69/69
f 193/193/193 69/69/69 59/59/59
f 200/200/200 59/59/59 43/43/43
f 194/194/194 43/43/43 34/34/34
f 195/195/195 34/34/34 17/17/17
f 201/201/201 19/19/19 202/202/202
f 198/198/198 202/202/202 1/1/1
f 203/203/203 206/206/206 204/204/204
f 206/206/206 208/208/208 207/207/207
f 208/208/208 215/215/215 209/209/209
f 209/209/209 215/215/215 210/210/210
f 212/212/212 213/213/213 206/206/206
f 213/213/213 214/214/214 208/208/208
f 214/214/214 220/220/220 215/215/215
f 215/215/215 220/220/220 216/216/216
f 217/217/217 218/218/218 213/213/213
f 218/218/218 219/219/219 214/214/214
f 219/219/219 221/221/221 220/220/220
f 221/221/221 226/226/226 216/216/216
f 222/222/222 223/223/223 218/218/218
f 223/223/223 224/224/224 219/219/219
f 224/224/224 225/225/225 221/221/221
f 225/225/225 231/231/231 226/226/226
f 227/227/227 228/228/228 223/223/223
f 228/228/228 229/229/229 224/224/224
f 229/229/229 230/230/230 225/225/225
f 230/230/230 236/236/236 231/231/231
f 232/232/232 233/233/233 228/228/228
f 233/233/233 234/234/234 229/229/229
f 234/234/234 235/235/235 230/230/230
f 235/235/235 240/240/240 236/236/236
f 232/232/232 241/241/241 237/237/237
f 233/233/233 237/237/237 238/238/238
f 234/234/234 238/238/238 239/239/239
f 239/239/239 246/246/246 240/240/240
f 241/241/241 286/286/286 242/242/242
f 237/237/237 242/242/242 243/243/243
f 238/238/238 243/243/243 244/244/244
f 239/239/239 244/244/244 245/245/245
f 245/245/245 244/244/244 247/247/247
f 247/247/247 250/250/250 249/249/249
f 250/250/250 252/252/252 251/251/251
f 252/252/252 254/254/254 253/253/253
f 254/254/254 256/256/256 255/255/255
f 256/256/256 267/267/267 257/257/257
f 257/257/257 267/267/267 258/258/258
f 259/259/259 258/258/258 260/260/260
f 244/244/244 243/243/243 262/262/262
f 247/247/247 262/262/262 263/263/263
f 263/263/263 264/264/264 252/252/252
f 264/264/264 265/265/265 254/254/254
f 265/265/265 266/266/266 256/256/256
f 266/266/266 268/268/268 267/267/267
f 268/268/268 269/269/269 258/258/258
f 269/269/269 277/277/277 260/260/260
f 243/243/243 242/242/242 270/270/270
f 262/262/262 270/270/270 271/271/271
f 271/271/271 272/272/272 264/264/264
f 272/272/272 273/273/273 265/265/265
f 273/273/273 274/274/274 266/266/266
f 274/274/274 275/275/275 268/268/268
f 275/275/275 276/276/276 269/269/269
f 276/276/276 285/285/285 277/277/277
f 242/242/242 286/286/286 278/278/278
f 270/270/270 278/278/278 279/279/279
f 279/279/279 280/280/280 272/272/272
f 280/280/280 281/281/281 273/273/273
f 281/281/281 282/282/282 274/274/274
f 282/282/282 283/283/283 275/275/275
f 283/283/283 284/284/284 276/276/276
f 284/284/284 295/295/295 285/285/285
f 286/286/286 296/296/296 287/287/287
f 278/278/278 287/287/287 288/288/288
f 279/279/279 288/288/288 289/289/289
f 280/280/280 289/289/289 290/290/290
f 281/281/281 290/290/290 291/291/291
f 282/282/282 291/291/291 292/292/292
f 283/283/283 292/292/292 293/293/293
f 284/284/284 293/293/293 294/294/294
f 296/296/296 305/305/305 297/297/297
f 287/287/287 297/297/297 298/298/298
f 288/288/288 298/298/298 299/299/299
f 289/289/289 299/299/299 300/300/300
f 290/290/290 300/300/300 301/301/301
f 291/291/291 301/301/301 302/302/302
f 292/292/292 302/302/302 303/303/303
f 293/293/293 303/303/303 304/304/304
f 305/305/305 314/314/314 306/306/306
f 297/297/297 306/306/306 307/307/307
f 298/298/298 307/307/307 308/308/308
f 299/299/299 308/308/308 309/309/309
f 300/300/300 309/309/309 310/310/310
f 301/301/301 310/310/310 311/311/311
f 302/302/302 311/311/311 312/312/312
f 303/303/303 312/312/312 313/313/313
f 314/314/314 323/323/323 315/315/315
f 306/306/306 315/315/315 316/316/316
f 307/307/307 316/316/316 317/317/317
f 308/308/308 317/317/317 318/318/318
f 309/309/309 318/318/318 319/319/319
f 310/310/310 319/319/319 320/320/320
f 311/311/311 320/320/320 321/321/321
f 312/312/312 321/321/321 322/322/322
f 323/323/323 332/332/332 324/324/324
f 315/315/315 324/324/324 325/325/325
f 316/316/316 325/325/325 326/326/326
f 317/317/317 326/326/326 327/327/327
f 318/318/318 327/327/327 328/328/328
f 319/319/319 328/328/328 329/329/329
f 320/320/320 329/329/329 330/330/330
f 321/321/321 330/330/330 331/331/331
f 332/332/332 341/341/341 333/333/333
f 324/324/324 333/333/333 334/334/334
f 334/334/334 335/335/335 326/326/326
f 335/335/335 336/336/336 327/327/327
f 336/336/336 337/337/337 328/328/328
f 337/337/337 338/338/338 329/329/329
f 338/338/338 339/339/339 330/330/330
f 339/339/339 349/349/349 331/331/331
f 340/340/340 342/342/342 333/333/333
f 342/342/342 343/343/343 334/334/334
f 343/343/343 344/344/344 335/335/335
f 344/344/344 345/345/345 336/336/336
f 345/345/345 346/346/346 337/337/337
f 346/346/346 347/347/347 338/338/338
f 347/347/347 348/348/348 339/339/339
f 348/348/348 358/358/358 349/349/349
f 350/350/350 351/351/351 342/342/342
f 351/351/351 352/352/352 343/343/343
f 352/352/352 353/353/353 344/344/344
f 353/353/353 354/354/354 345/345/345
f 354/354/354 355/355/355 346/346/346
f 355/355/355 356/356/356 347/347/347
f 356/356/356 357/357/357 348/348/348
f 357/357/357 359/359/359 358/358/358
f 97/97/97 188/188/188 351/351/351
f 188/188/188 176/176/176 352/352/352
f 176/176/176 163/163/163 353/353/353
f 163/163/163 152/152/152 354/354/354
f 152/152/152 140/140/140 355/355/355
f 140/140/140 127/127/127 356/356/356
f 127/127/127 128/128/128 357/357/357
f 128/128/128 106/106/106 359/359/359
f 97/97/97 350/350/350 360/360/360
f 98/98/98 360/360/360 361/361/361
f 99/99/99 361/361/361 362/362/362
f 100/100/100 362/362/362 363/363/363
f 101/101/101 363/363/363 364/364/364
f 102/102/102 364/364/364 365/365/365
f 366/366/366 365/365/365 367/367/367
f 103/103/103 367/367/367 368/368/368
f 350/350/350 340/340/340 369/369/369
f 360/360/360 369/369/369 370/370/370
f 361/361/361 370/370/370 371/371/371
f 362/362/362 371/371/371 372/372/372
f 363/363/363 372/372/372 373/373/373
f 364/364/364 373/373/373 374/374/374
f 365/365/365 374/374/374 375/375/375
f 367/367/367 375/375/375 376/376/376
f 340/340/340 341/341/341 377/377/377
f 369/369/369 377/377/377 378/378/378
f 370/370/370 378/378/378 379/379/379
f 371/371/371 379/379/379 380/380/380
f 372/372/372 380/380/380 381/381/381
f 373/373/373 381/381/381 382/382/382
f 374/374/374 382/382/382 383/383/383
f 375/375/375 383/383/383 384/384/384
f 332/332/332 385/385/385 377/377/377
f 385/385/385 393/393/393 378/378/378
f 378/378/378 393/393/393 386/386/386
f 379/379/379 386/386/386 387/387/387
f 380/380/380 387/387/387 388/388/388
f 381/381/381 388/388/388 389/389/389
f 382/382/382 389/389/389 390/390/390
f 383/383/383 390/390/390 391/391/391
f 323/323/323 392/392/392 385/385/385
f 392/392/392 394/394/394 393/393/393
f 394/394/394 395/395/395 386/386/386
f 395/395/395 396/396/396 387/387/387
f 396/396/396 397/397/397 388/388/388
f 397/397/397 398/398/398 389/389/389
f 398/398/398 399/399/399 390/390/390
f 399/399/399 407/407/407 391/391/391
f 314/314/314 400/400/400 392/392/392
f 400/400/400 401/401/401 394/394/394
f 401/401/401 402/402/402 395/395/395
f 402/402/402 403/403/403 396/396/396
f 403/403/403 404/404/404 397/397/397
f 404/404/404 405/405/405 398/398/398
f 405/405/405 406/406/406 399/399/399
f 406/406/406 415/415/415 407/407/407
f 305/305/305 408/408/408 400/400/400
f 408/408/408 409/409/409 401/401/401
f 409/409/409 410/410/410 402/402/402
f 410/410/410 411/411/411 403/403/403
f 411/411/411 412/412/412 404/404/404
f 412/412/412 413/413/413 405/405/405
f 413/413/413 414/414/414 406/406/406
f 414/414/414 423/423/423 415/415/415
f 296/296/296 416/416/416 408/408/408
f 416/416/416 417/417/417 409/409/409
f 417/417/417 418/418/418 410/410/410
f 418/418/418 419/419/419 411/411/411
f 419/419/419 420/420/420 412/412/412
f 420/420/420 421/421/421 413/413/413
f 421/421/421 422/422/422 414/414/414
f 422/422/422 424/424/424 423/423/423
f 286/286/286 241/241/241 416/416/416
f 241/241/241 232/232/232 417/417/417
f 232/232/232 227/227/227 418/418/418
f 227/227/227 222/222/222 419/419/419
f 222/222/222 217/217/217 420/420/420
f 217/217/217 212/212/212 421/421/421
f 212/212/212 203/203/203 422/422/422
f 425/425/425 630/630/627 426/426/426
f 427/427/427 426/426/426 428/428/428
f 429/429/429 428/428/428 430/430/430
f 434/434/434 431/431/431 433/433/433
f 431/431/431 430/430/430 433/433/433
f 434/434/434 433/433/433 435/435/435
f 436/436/436 435/435/435 437/437/437
f 438/438/438 437/437/437 439/439/439
f 440/440/440 439/439/439 441/441/441
f 443/443/443 446/446/446 444/444/444
f 446/446/446 448/448/448 447/447/447
f 448/448/448 450/450/450 449/449/449
f 450/450/450 452/452/452 451/451/451
f 452/452/452 464/464/464 453/453/453
f 453/453/453 464/464/464 454/454/454
f 454/454/454 457/457/457 456/456/456
f 457/457/457 467/467/121 458/458/458
f 459/459/459 460/460/460 446/446/446
f 460/460/460 461/461/461 448/448/448
f 461/461/461 462/462/462 450/450/450
f 462/462/462 463/463/463 452/452/452
f 463/463/463 472/472/471 464/464/464
f 464/464/464 472/472/471 465/465/465
f 454/454/454 465/465/465 466/466/466
f 466/466/466 476/476/475 467/467/121
f 459/459/459 477/477/476 468/468/467
f 460/460/460 468/468/467 469/469/468
f 469/469/468 481/481/480 462/462/462
f 462/462/462 481/481/480 470/470/469
f 463/463/463 470/470/469 471/471/470
f 472/472/471 471/471/470 473/473/472
f 465/465/465 473/473/472 474/474/473
f 466/466/466 474/474/473 475/475/474
f 477/477/476 487/487/486 478/478/477
f 468/468/467 478/478/477 479/479/478
f 469/469/468 479/479/478 480/480/479
f 480/480/479 482/482/481 470/470/469
f 482/482/481 483/483/482 471/471/470
f 483/483/482 484/484/483 473/473/472
f 484/484/483 493/493/492 474/474/473
f 474/474/473 493/493/492 485/485/484
f 486/486/485 496/496/494 478/478/477
f 478/478/477 496/496/494 488/488/487
f 479/479/478 488/488/487 489/489/488
f 480/480/479 489/489/488 490/490/489
f 490/490/489 491/491/490 483/483/482
f 491/491/490 502/502/500 484/484/483
f 484/484/483 502/502/500 492/492/491
f 493/493/492 492/492/491 494/494/113
f 495/495/493 497/497/495 496/496/494
f 497/497/495 498/498/496 488/488/487
f 498/498/496 499/499/497 489/489/488
f 499/499/497 500/500/498 490/490/489
f 500/500/498 501/501/499 491/491/490
f 501/501/499 503/503/501 502/502/500
f 503/503/501 504/504/502 492/492/491
f 504/504/502 513/513/511 494/494/113
f 505/505/503 506/506/504 497/497/495
f 506/506/504 507/507/505 498/498/496
f 507/507/505 508/508/506 499/499/497
f 508/508/506 509/509/507 500/500/498
f 509/509/507 510/510/508 501/501/499
f 510/510/508 511/511/509 503/503/501
f 511/511/509 512/512/510 504/504/502
f 512/512/510 522/522/520 513/513/511
f 514/514/512 515/515/513 506/506/504
f 515/515/513 516/516/514 507/507/505
f 516/516/514 517/517/515 508/508/506
f 517/517/515 518/518/516 509/509/507
f 518/518/516 519/519/517 510/510/508
f 519/519/517 520/520/518 511/511/509
f 520/520/518 521/521/519 512/512/510
f 521/521/519 531/531/529 522/522/520
f 523/523/521 524/524/522 515/515/513
f 524/524/522 525/525/523 516/516/514
f 525/525/523 526/526/524 517/517/515
f 526/526/524 527/527/525 518/518/516
f 527/527/525 528/528/526 519/519/517
f 528/528/526 794/794/786 520/520/518
f 520/520/518 794/794/786 529/529/527
f 521/521/519 529/529/527 530/530/528
f 532/532/530 553/553/550 533/533/531
f 533/533/531 536/536/534 535/535/533
f 536/536/534 538/538/536 537/537/535
f 538/538/536 540/540/537 539/539/77
f 540/540/537 542/542/539 541/541/538
f 542/542/539 544/544/541 543/543/540
f 544/544/541 546/546/543 545/545/542
f 546/546/543 560/560/557 547/547/544
f 548/548/545 562/562/559 549/549/546
f 549/549/546 562/562/559 551/551/548
f 553/553/550 565/565/562 554/554/551
f 554/554/551 555/555/552 536/536/534
f 555/555/552 556/556/553 538/538/536
f 556/556/553 569/569/566 540/540/537
f 540/540/537 569/569/566 557/557/554
f 557/557/554 572/572/569 544/544/541
f 544/544/541 572/572/569 558/558/555
f 546/546/543 558/558/555 559/559/556
f 561/561/558 575/575/572 562/562/559
f 562/562/559 575/575/572 563/563/560
f 564/564/561 566/566/563 554/554/551
f 566/566/563 567/567/564 555/555/552
f 567/567/564 568/568/565 556/556/553
f 568/568/565 570/570/567 569/569/566
f 570/570/567 571/571/568 557/557/554
f 571/571/568 582/582/579 572/572/569
f 572/572/569 582/582/579 573/573/570
f 573/573/570 585/585/582 559/559/556
f 561/561/558 587/587/584 574/574/571
f 575/575/572 574/574/571 576/576/573
f 577/577/574 578/578/575 566/566/563
f 578/578/575 579/579/576 567/567/564
f 579/579/576 580/580/577 568/568/565
f 580/580/577 593/593/590 570/570/567
f 570/570/567 593/593/590 581/581/578
f 581/581/578 583/583/580 582/582/579
f 583/583/580 584/584/581 573/573/570
f 584/584/581 597/597/594 585/585/582
f 586/586/583 599/599/596 574/574/571
f 574/574/571 599/599/596 588/588/585
f 589/589/586 590/590/587 578/578/575
f 590/590/587 591/591/588 579/579/576
f 591/591/588 592/592/589 580/580/577
f 592/592/589 606/606/603 593/593/590
f 593/593/590 606/606/603 594/594/591
f 581/581/578 594/594/591 595/595/592
f 595/595/592 596/596/593 584/584/581
f 596/596/593 610/610/607 597/597/594
f 598/598/595 612/612/609 599/599/596
f 588/588/585 599/599/596 600/600/597
f 599/599/596 612/612/609 601/601/598
f 602/602/599 603/603/600 590/590/587
f 603/603/600 604/604/601 591/591/588
f 604/604/601 605/605/602 592/592/589
f 605/605/602 618/618/615 606/606/603
f 606/606/603 618/618/615 607/607/604
f 607/607/604 608/608/605 595/595/592
f 608/608/605 609/609/606 596/596/593
f 609/609/606 622/622/619 610/610/607
f 611/611/608 624/624/621 612/612/609
f 612/612/609 624/624/621 613/613/610
f 614/614/611 615/615/612 603/603/600
f 615/615/612 616/616/613 604/604/601
f 616/616/613 617/617/614 605/605/602
f 617/617/614 626/626/623 618/618/615
f 618/618/615 626/626/623 619/619/616
f 619/619/616 620/620/617 608/608/605
f 620/620/617 621/621/618 609/609/606
f 621/621/618 627/627/624 622/622/619
f 611/611/608 628/628/625 623/623/620
f 624/624/621 623/623/620 625/625/622
f 523/523/521 514/514/512 615/615/612
f 514/514/512 505/505/503 616/616/613
f 505/505/503 495/495/493 617/617/614
f 495/495/493 486/486/485 626/626/623
f 626/626/623 486/486/485 487/487/486
f 619/619/616 487/487/486 477/477/476
f 620/620/617 477/477/476 459/459/459
f 459/459/459 443/443/443 627/627/624
f 628/628/625 445/445/445 629/629/626
f 623/623/620 629/629/626 630/630/627
f 631/631/628 634/634/631 632/632/629
f 634/634/631 636/636/633 635/635/632
f 636/636/633 638/638/634 637/637/260
f 638/638/634 644/644/639 639/639/261
f 640/640/635 641/641/636 634/634/631
f 641/641/636 642/642/637 636/636/633
f 642/642/637 643/643/638 638/638/634
f 643/643/638 649/649/644 644/644/639
f 645/645/640 646/646/641 641/641/636
f 646/646/641 647/647/642 642/642/637
f 647/647/642 648/648/643 643/643/638
f 648/648/643 654/654/649 649/649/644
f 650/650/645 651/651/646 646/646/641
f 651/651/646 652/652/647 647/647/642
f 652/652/647 653/653/648 648/648/643
f 653/653/648 659/659/654 654/654/649
f 655/655/650 656/656/651 651/651/646
f 656/656/651 657/657/652 652/652/647
f 657/657/652 658/658/653 653/653/648
f 658/658/653 664/664/659 659/659/654
f 660/660/655 661/661/656 656/656/651
f 661/661/656 662/662/657 657/657/652
f 662/662/657 663/663/658 658/658/653
f 663/663/658 669/669/664 664/664/659
f 665/665/660 666/666/661 661/661/656
f 666/666/661 667/667/662 662/662/657
f 667/667/662 668/668/663 663/663/658
f 668/668/663 674/674/669 669/669/664
f 670/670/665 671/671/666 666/666/661
f 671/671/666 672/672/667 667/667/662
f 672/672/667 673/673/668 668/668/663
f 673/673/668 676/676/671 674/674/669
f 673/673/668 677/677/672 675/675/670
f 677/677/672 679/679/674 678/678/673
f 679/679/674 681/681/676 680/680/675
f 681/681/676 683/683/678 682/682/677
f 683/683/678 685/685/680 684/684/679
f 685/685/680 687/687/682 686/686/681
f 687/687/682 689/689/684 688/688/683
f 689/689/684 698/698/209 690/690/211
f 672/672/667 691/691/685 677/677/672
f 691/691/685 692/692/686 679/679/674
f 692/692/686 693/693/687 681/681/676
f 693/693/687 694/694/688 683/683/678
f 694/694/688 695/695/689 685/685/680
f 695/695/689 696/696/690 687/687/682
f 696/696/690 697/697/691 689/689/684
f 697/697/691 706/706/207 698/698/209
f 671/671/666 699/699/692 691/691/685
f 699/699/692 700/700/693 692/692/686
f 700/700/693 701/701/694 693/693/687
f 701/701/694 702/702/695 694/694/688
f 702/702/695 703/703/696 695/695/689
f 703/703/696 704/704/697 696/696/690
f 704/704/697 705/705/698 697/697/691
f 705/705/698 714/714/706 706/706/207
f 670/670/665 707/707/699 699/699/692
f 707/707/699 708/708/700 700/700/693
f 708/708/700 709/709/701 701/701/694
f 709/709/701 710/710/702 702/702/695
f 710/710/702 711/711/703 703/703/696
f 711/711/703 712/712/704 704/704/697
f 712/712/704 713/713/705 705/705/698
f 670/670/665 724/724/716 715/715/707
f 707/707/699 715/715/707 716/716/708
f 708/708/700 716/716/708 717/717/709
f 709/709/701 717/717/709 718/718/710
f 710/710/702 718/718/710 719/719/711
f 711/711/703 719/719/711 720/720/712
f 712/712/704 720/720/712 721/721/713
f 713/713/705 721/721/713 722/722/714
f 724/724/716 733/733/725 725/725/717
f 715/715/707 725/725/717 726/726/718
f 716/716/708 726/726/718 727/727/719
f 717/717/709 727/727/719 728/728/720
f 718/718/710 728/728/720 729/729/721
f 719/719/711 729/729/721 730/730/722
f 720/720/712 730/730/722 731/731/723
f 721/721/713 731/731/723 732/732/724
f 733/733/725 742/742/734 734/734/726
f 725/725/717 734/734/726 735/735/727
f 726/726/718 735/735/727 736/736/728
f 727/727/719 736/736/728 737/737/729
f 728/728/720 737/737/729 738/738/730
f 729/729/721 738/738/730 739/739/731
f 730/730/722 739/739/731 740/740/732
f 731/731/723 740/740/732 741/741/733
f 742/742/734 752/752/744 743/743/735
f 734/734/726 743/743/735 744/744/736
f 735/735/727 744/744/736 745/745/737
f 736/736/728 745/745/737 746/746/738
f 737/737/729 746/746/738 747/747/739
f 738/738/730 747/747/739 748/748/740
f 739/739/731 748/748/740 749/749/741
f 740/740/732 749/749/741 750/750/742
f 751/751/743 753/753/745 743/743/735
f 753/753/745 754/754/746 744/744/736
f 754/754/746 755/755/747 745/745/737
f 755/755/747 756/756/748 746/746/738
f 756/756/748 757/757/749 747/747/739
f 757/757/749 758/758/750 748/748/740
f 758/758/750 759/759/751 749/749/741
f 759/759/751 768/768/760 750/750/742
f 760/760/752 761/761/753 753/753/745
f 761/761/753 762/762/754 754/754/746
f 762/762/754 763/763/755 755/755/747
f 763/763/755 764/764/756 756/756/748
f 764/764/756 765/765/757 757/757/749
f 765/765/757 766/766/758 758/758/750
f 766/766/758 767/767/759 759/759/751
f 767/767/759 777/777/769 768/768/760
f 769/769/761 770/770/762 761/761/753
f 770/770/762 771/771/763 762/762/754
f 771/771/763 772/772/764 763/763/755
f 772/772/764 773/773/765 764/764/756
f 773/773/765 774/774/766 765/765/757
f 774/774/766 775/775/767 766/766/758
f 775/775/767 776/776/768 767/767/759
f 776/776/768 786/786/778 777/777/769
f 778/778/770 779/779/771 770/770/762
f 779/779/771 780/780/772 771/771/763
f 780/780/772 781/781/773 772/772/764
f 781/781/773 782/782/774 773/773/765
f 782/782/774 783/783/775 774/774/766
f 783/783/775 784/784/776 775/775/767
f 784/784/776 785/785/777 776/776/768
f 785/785/777 787/787/779 786/786/778
f 523/523/521 614/614/611 779/779/771
f 614/614/611 602/602/599 780/780/772
f 602/602/599 589/589/586 781/781/773
f 589/589/586 577/577/574 782/782/774
f 577/577/574 564/564/561 783/783/775
f 564/564/561 565/565/562 784/784/776
f 565/565/562 553/553/550 785/785/777
f 553/553/550 532/532/530 787/787/779
f 523/523/521 778/778/770 788/788/780
f 524/524/522 788/788/780 789/789/781
f 525/525/523 789/789/781 790/790/782
f 526/526/524 790/790/782 791/791/783
f 527/527/525 791/791/783 792/792/784
f 528/528/526 792/792/784 793/793/785
f 794/794/786 793/793/785 795/795/787
f 529/529/527 795/795/787 796/796/788
f 778/778/770 769/769/761 797/797/789
f 788/788/780 797/797/789 798/798/790
f 789/789/781 798/798/790 799/799/791
f 790/790/782 799/799/791 800/800/792
f 791/791/783 800/800/792 801/801/793
f 792/792/784 801/801/793 802/802/794
f 793/793/785 802/802/794 803/803/795
f 795/795/787 803/803/795 804/804/796
f 769/769/761 760/760/752 805/805/797
f 797/797/789 805/805/797 806/806/798
f 798/798/790 806/806/798 807/807/799
f 799/799/791 807/807/799 808/808/800
f 800/800/792 808/808/800 809/809/801
f 801/801/793 809/809/801 810/810/802
f 802/802/794 810/810/802 811/811/803
f 803/803/795 811/811/803 812/812/804
f 760/760/752 751/751/743 813/813/805
f 805/805/797 813/813/805 814/814/806
f 806/806/798 814/814/806 815/815/807
f 807/807/799 815/815/807 816/816/808
f 808/808/800 816/816/808 817/817/809
f 809/809/801 817/817/809 818/818/810
f 810/810/802 818/818/810 819/819/811
f 811/811/803 819/819/811 820/820/812
f 751/751/743 752/752/744 821/821/813
f 813/813/805 821/821/813 822/822/814
f 814/814/806 822/822/814 823/823/815
f 815/815/807 823/823/815 824/824/816
f 816/816/808 824/824/816 825/825/817
f 817/817/809 825/825/817 826/826/818
f 818/818/810 826/826/818 827/827/819
f 819/819/811 827/827/819 828/828/820
f 742/742/734 829/829/821 821/821/813
f 829/829/821 830/830/822 822/822/814
f 830/830/822 831/831/823 823/823/815
f 831/831/823 832/832/824 824/824/816
f 832/832/824 833/833/825 825/825/817
f 833/833/825 834/834/826 826/826/818
f 834/834/826 835/835/827 827/827/819
f 835/835/827 843/843/835 828/828/820
f 733/733/725 836/836/828 829/829/821
f 836/836/828 837/837/829 830/830/822
f 837/837/829 838/838/830 831/831/823
f 838/838/830 839/839/831 832/832/824
f 839/839/831 840/840/832 833/833/825
f 840/840/832 841/841/833 834/834/826
f 841/841/833 842/842/834 835/835/827
f 842/842/834 851/851/843 843/843/835
f 724/724/716 844/844/836 836/836/828
f 844/844/836 845/845/837 837/837/829
f 845/845/837 846/846/838 838/838/830
f 846/846/838 847/847/839 839/839/831
f 847/847/839 848/848/840 840/840/832
f 848/848/840 849/849/841 841/841/833
f 849/849/841 850/850/842 842/842/834
f 850/850/842 852/852/844 851/851/843
f 670/670/665 665/665/660 844/844/836
f 665/665/660 660/660/655 845/845/837
f 660/660/655 655/655/650 846/846/838
f 655/655/650 650/650/645 847/847/839
f 650/650/645 645/645/640 848/848/840
f 645/645/640 640/640/635 849/849/841
f 640/640/635 631/631/628 850/850/842
f 853/853/845 856/856/848 854/854/846
f 856/856/848 858/858/850 857/857/849
f 858/858/850 861/861/853 859/859/851
f 860/860/852 863/863/855 859/859/851
f 860/860/852 864/864/856 862/862/854
f 864/864/856 866/866/858 865/865/857
f 866/866/858 868/868/860 867/867/859
f 868/868/860 870/870/862 869/869/861
f 870/870/862 1376/1376/1336 871/871/863
f 855/855/847 854/854/846 872/872/864
f 854/854/846 857/857/849 874/874/866
f 857/857/849 859/859/851 875/875/867
f 859/859/851 863/863/855 876/876/868
f 863/863/855 862/862/854 877/877/869
f 862/862/854 865/865/857 878/878/870
f 865/865/857 867/867/859 879/879/871
f 867/867/859 869/869/861 880/880/872
f 869/869/861 871/871/863 881/881/873
f 882/882/874 884/884/876 880/880/872
f 883/883/875 885/885/877 884/884/876
f 884/884/876 886/886/878 879/879/871
f 885/885/877 887/887/879 886/886/878
f 886/886/878 888/888/880 878/878/870
f 887/887/879 889/889/804 888/888/880
f 888/888/880 890/890/881 877/877/869
f 889/889/804 891/891/882 890/890/881
f 890/890/881 892/892/883 876/876/868
f 891/891/882 893/893/820 892/892/883
f 892/892/883 894/894/884 875/875/867
f 893/893/820 895/895/885 894/894/884
f 894/894/884 896/896/886 874/874/866
f 895/895/885 897/897/887 896/896/886
f 896/896/886 898/898/888 872/872/864
f 897/897/887 899/899/889 898/898/888
f 898/898/888 900/900/890 873/873/865
f 899/899/889 1386/1386/1344 900/900/890
f 901/901/863 1374/1374/1334 902/902/891
f 904/904/893 1387/1387/1345 905/905/894
f 902/902/891 1374/1374/1334 907/907/896
f 905/905/894 1387/1387/1345 909/909/898
f 908/908/897 907/907/896 911/911/900
f 910/910/899 909/909/898 913/913/902
f 912/912/901 911/911/900 915/915/904
f 914/914/903 913/913/902 917/917/906
f 916/916/905 915/915/904 919/919/908
f 918/918/907 917/917/906 921/921/910
f 920/920/909 919/919/908 923/923/912
f 922/922/911 921/921/910 925/925/914
f 924/924/913 923/923/912 927/927/916
f 926/926/915 925/925/914 929/929/918
f 928/928/917 927/927/916 931/931/920
f 930/930/919 929/929/918 933/933/922
f 932/932/921 931/931/920 855/855/847
f 934/934/923 933/933/922 935/935/924
f 902/902/891 937/937/926 936/936/925
f 937/937/926 940/940/359 938/938/106
f 908/908/897 939/939/927 937/937/926
f 939/939/927 942/942/929 940/940/359
f 912/912/901 941/941/928 939/939/927
f 941/941/928 944/944/349 942/942/929
f 916/916/905 943/943/930 941/941/928
f 943/943/930 946/946/932 944/944/349
f 920/920/909 945/945/931 943/943/930
f 945/945/931 948/948/322 946/946/932
f 924/924/913 947/947/933 945/945/931
f 947/947/933 950/950/935 948/948/322
f 928/928/917 949/949/934 947/947/933
f 949/949/934 952/952/937 950/950/935
f 932/932/921 951/951/936 949/949/934
f 951/951/936 953/953/938 952/952/937
f 873/873/865 900/900/890 951/951/936
f 900/900/890 1386/1386/1344 953/953/938
f 954/954/939 972/972/957 955/955/940
f 956/956/941 955/955/940 957/957/942
f 958/958/943 957/957/942 959/959/944
f 959/959/944 962/962/947 961/961/946
f 962/962/947 964/964/949 963/963/948
f 964/964/949 979/979/964 965/965/950
f 965/965/950 979/979/964 966/966/951
f 967/967/952 966/966/951 968/968/953
f 969/969/954 968/968/953 970/970/955
f 972/972/957 1000/1000/983 973/973/958
f 955/955/940 973/973/958 974/974/959
f 957/957/942 974/974/959 975/975/960
f 959/959/944 975/975/960 976/976/961
f 962/962/947 976/976/961 977/977/962
f 964/964/949 977/977/962 978/978/963
f 979/979/964 978/978/963 980/980/965
f 966/966/951 980/980/965 981/981/966
f 968/968/953 981/981/966 982/982/967
f 981/981/966 984/984/969 983/983/968
f 984/984/969 987/987/972 985/985/970
f 980/980/965 986/986/971 984/984/969
f 986/986/971 989/989/974 987/987/972
f 978/978/963 988/988/973 986/986/971
f 988/988/973 991/991/769 989/989/974
f 977/977/962 990/990/975 988/988/973
f 990/990/975 993/993/760 991/991/769
f 976/976/961 992/992/976 990/990/975
f 992/992/976 995/995/978 993/993/760
f 975/975/960 994/994/977 992/992/976
f 994/994/977 997/997/980 995/995/978
f 974/974/959 996/996/979 994/994/977
f 996/996/979 999/999/982 997/997/980
f 973/973/958 998/998/981 996/996/979
f 998/998/981 1002/1002/714 999/999/982
f 1000/1000/983 1001/1001/984 998/998/981
f 1001/1001/984 1388/1388/715 1002/1002/714
f 1003/1003/985 1010/1010/991 1004/1004/986
f 1006/1006/988 1012/1012/993 1007/1007/989
f 1003/1003/985 1013/1013/994 1009/1009/990
f 1006/1006/988 1015/1015/996 1011/1011/992
f 1013/1013/994 1017/1017/998 1014/1014/995
f 1015/1015/996 1019/1019/1000 1016/1016/997
f 1017/1017/998 1021/1021/1002 1018/1018/999
f 1019/1019/1000 1023/1023/1004 1020/1020/1001
f 1021/1021/1002 1025/1025/1006 1022/1022/1003
f 1023/1023/1004 1027/1027/1008 1024/1024/1005
f 1025/1025/1006 1029/1029/1010 1026/1026/1007
f 1027/1027/1008 1031/1031/1012 1028/1028/1009
f 1029/1029/1010 1033/1033/1014 1030/1030/1011
f 1031/1031/1012 1035/1035/1016 1032/1032/1013
f 1033/1033/1014 1037/1037/1018 1034/1034/1015
f 1035/1035/1016 1038/1038/1019 1036/1036/1017
f 1037/1037/1018 1000/1000/983 972/972/957
f 1038/1038/1019 954/954/939 1039/1039/1020
f 1040/1040/1021 1042/1042/1023 1003/1003/985
f 1041/1041/1022 1043/1043/1024 1042/1042/1023
f 1042/1042/1023 1044/1044/1025 1013/1013/994
f 1043/1043/1024 1045/1045/376 1044/1044/1025
f 1044/1044/1025 1046/1046/1026 1017/1017/998
f 1045/1045/376 1047/1047/1027 1046/1046/1026
f 1046/1046/1026 1048/1048/1028 1021/1021/1002
f 1047/1047/1027 1049/1049/1029 1048/1048/1028
f 1048/1048/1028 1050/1050/1030 1025/1025/1006
f 1049/1049/1029 1051/1051/1031 1050/1050/1030
f 1050/1050/1030 1052/1052/1032 1029/1029/1010
f 1051/1051/1031 1053/1053/415 1052/1052/1032
f 1052/1052/1032 1054/1054/1033 1033/1033/1014
f 1053/1053/415 1055/1055/423 1054/1054/1033
f 1054/1054/1033 1056/1056/1034 1037/1037/1018
f 1055/1055/423 1057/1057/424 1056/1056/1034
f 1056/1056/1034 1001/1001/984 1000/1000/983
f 1057/1057/424 1388/1388/715 1001/1001/984
f 1058/1058/1035 1071/1071/1046 1059/1059/1036
f 1061/1061/1038 1086/1086/679 1062/1062/1039
f 1064/1064/1041 1089/1089/1060 1065/1065/1042
f 1067/1067/210 1117/1117/1086 1068/1068/1043
f 1058/1058/1035 1090/1090/1061 1070/1070/1045
f 1072/1072/639 1120/1120/1089 1073/1073/1047
f 1075/1075/231 1118/1118/1087 1076/1076/1049
f 1078/1078/1051 1093/1093/1064 1079/1079/1052
f 1081/1081/1054 1121/1121/1090 1082/1082/1055
f 1084/1084/1056 1060/1060/1037 1059/1059/1036
f 1086/1086/679 1096/1096/1067 1087/1087/1058
f 1088/1088/1059 1103/1103/1074 1089/1089/1060
f 1090/1090/1061 1109/1109/1078 1091/1091/1062
f 1092/1092/1063 1112/1112/1081 1093/1093/1064
f 1067/1067/210 1069/1069/1044 1094/1094/1065
f 1096/1096/1067 1104/1104/1075 1097/1097/1068
f 1098/1098/1069 1075/1075/231 1077/1077/1050
f 1080/1080/1053 1079/1079/1052 1100/1100/1071
f 1102/1102/1073 1115/1115/1084 1103/1103/1074
f 1104/1104/1075 1095/1095/1066 1094/1094/1065
f 1083/1083/649 1082/1082/1055 1105/1105/1076
f 1084/1084/1056 1085/1085/1057 1107/1107/1077
f 1109/1109/1078 1116/1116/1085 1110/1110/1079
f 1092/1092/1063 1119/1119/1088 1111/1111/1080
f 1113/1113/1082 1074/1074/1048 1073/1073/1047
f 1113/1113/1082 1114/1114/1083 1115/1115/1084
f 1116/1116/1085 1061/1061/1038 1063/1063/1040
f 1117/1117/1086 1098/1098/1069 1099/1099/1070
f 1101/1101/1072 1100/1100/1071 1076/1076/1049
f 1119/1119/1088 1066/1066/251 1065/1065/1042
f 1106/1106/644 1105/1105/1076 1120/1120/1089
f 1108/1108/659 1107/1107/1077 1121/1121/1090
f 1111/1111/1080 1065/1065/1042 1122/1122/1091
f 1091/1091/1062 1127/1127/1096 1124/1124/1093
f 1065/1065/1042 1089/1089/1060 1125/1125/1094
f 1091/1091/1062 1110/1110/1079 1126/1126/1095
f 1089/1089/1060 1103/1103/1074 1128/1128/1097
f 1110/1110/1079 1063/1063/1040 1129/1129/1098
f 1103/1103/1074 1115/1115/1084 1130/1130/1099
f 1062/1062/1039 1133/1133/1102 1129/1129/1098
f 1115/1115/1084 1114/1114/1083 1131/1131/1100
f 1068/1068/1043 1136/1136/1105 1132/1132/1101
f 1087/1087/1058 1137/1137/1106 1133/1133/1102
f 1073/1073/1047 1120/1120/1089 1134/1134/1103
f 1099/1099/1070 1139/1139/1108 1136/1136/1105
f 1097/1097/1068 1140/1140/1109 1137/1137/1106
f 1120/1120/1089 1105/1105/1076 1138/1138/1107
f 1077/1077/1050 1142/1142/1111 1139/1139/1108
f 1094/1094/1065 1143/1143/1112 1140/1140/1109
f 1105/1105/1076 1082/1082/1055 1141/1141/1110
f 1076/1076/1049 1145/1145/1114 1142/1142/1111
f 1069/1069/1044 1132/1132/1101 1143/1143/1112
f 1082/1082/1055 1121/1121/1090 1144/1144/1113
f 1100/1100/1071 1146/1146/1115 1145/1145/1114
f 1114/1114/1083 1073/1073/1047 1135/1135/1104
f 1107/1107/1077 1148/1148/1117 1144/1144/1113
f 1079/1079/1052 1149/1149/1118 1146/1146/1115
f 1107/1107/1077 1085/1085/1057 1147/1147/1116
f 1093/1093/1064 1152/1152/1121 1149/1149/1118
f 1085/1085/1057 1059/1059/1036 1150/1150/1119
f 1093/1093/1064 1112/1112/1081 1151/1151/1120
f 1071/1071/1046 1153/1153/1122 1150/1150/1119
f 1112/1112/1081 1111/1111/1080 1123/1123/1092
f 1070/1070/1045 1124/1124/1093 1153/1153/1122
f 1155/1155/1124 1200/1200/1165 1156/1156/1125
f 1158/1158/5 1178/1178/1145 1159/1159/1127
f 1161/1161/1129 1202/1202/1167 1162/1162/1130
f 1164/1164/1132 1205/1205/1170 1165/1165/1133
f 1167/1167/1135 1208/1208/1173 1168/1168/1136
f 1170/1170/1138 1164/1164/1132 1166/1166/1134
f 1172/1172/434 1191/1191/1157 1173/1173/1140
f 1175/1175/1142 1214/1214/1178 1176/1176/1143
f 1178/1178/1145 1194/1194/9 1179/1179/1146
f 1163/1163/1131 1162/1162/1130 1180/1180/1147
f 1182/1182/425 1198/1198/1163 1183/1183/1149
f 1182/1182/425 1184/1184/1150 1185/1185/1151
f 1187/1187/1153 1217/1217/1181 1188/1188/1154
f 1190/1190/1156 1204/1204/1169 1173/1173/1140
f 1157/1157/1126 1156/1156/1125 1192/1192/1158
f 1194/1194/9 1206/1206/1171 1195/1195/1160
f 1186/1186/1152 1185/1185/1151 1196/1196/1161
f 1198/1198/1163 1209/1209/1174 1199/1199/1164
f 1169/1169/1137 1168/1168/1136 1200/1200/1165
f 1161/1161/1129 1213/1213/3 1201/1201/1166
f 1203/1203/1168 1212/1212/1177 1204/1204/1169
f 1205/1205/1170 1177/1177/1144 1176/1176/1143
f 1206/1206/1171 1216/1216/1180 1207/1207/1172
f 1181/1181/1148 1180/1180/1147 1208/1208/1173
f 1209/1209/1174 1218/1218/1182 1210/1210/1175
f 1203/1203/1168 1215/1215/1179 1211/1211/1176
f 1213/1213/3 1158/1158/5 1160/1160/1128
f 1189/1189/1155 1188/1188/1154 1214/1214/1178
f 1215/1215/1179 1193/1193/1159 1192/1192/1158
f 1216/1216/1180 1170/1170/1138 1171/1171/1139
f 1197/1197/1162 1196/1196/1161 1217/1217/1181
f 1218/1218/1182 1172/1172/434 1174/1174/1141
f 1211/1211/1176 1192/1192/1158 1219/1219/1183
f 1204/1204/1169 1250/1250/1214 1221/1221/1185
f 1171/1171/1139 1166/1166/1134 1222/1222/1186
f 1174/1174/1141 1173/1173/1140 1221/1221/1185
f 1207/1207/1172 1171/1171/1139 1223/1223/1187
f 1210/1210/1175 1174/1174/1141 1224/1224/1188
f 1184/1184/1150 1235/1235/1199 1227/1227/1191
f 1195/1195/1160 1207/1207/1172 1225/1225/1189
f 1199/1199/1164 1210/1210/1175 1226/1226/1190
f 1185/1185/1151 1227/1227/1191 1230/1230/1194
f 1179/1179/1146 1195/1195/1160 1228/1228/1192
f 1183/1183/1149 1199/1199/1164 1229/1229/1193
f 1196/1196/1161 1230/1230/1194 1233/1233/1197
f 1159/1159/1127 1179/1179/1146 1231/1231/1195
f 1183/1183/1149 1232/1232/1196 1235/1235/1199
f 1217/1217/1181 1233/1233/1197 1236/1236/1200
f 1160/1160/1128 1159/1159/1127 1234/1234/1198
f 1202/1202/1167 1243/1243/1207 1238/1238/1202
f 1188/1188/1154 1236/1236/1200 1239/1239/1203
f 1201/1201/1166 1160/1160/1128 1237/1237/1201
f 1162/1162/1130 1238/1238/1202 1241/1241/1205
f 1176/1176/1143 1214/1214/1178 1239/1239/1203
f 1202/1202/1167 1201/1201/1166 1240/1240/1204
f 1180/1180/1147 1241/1241/1205 1244/1244/1208
f 1208/1208/1173 1244/1244/1208 1245/1245/1209
f 1165/1165/1133 1176/1176/1143 1242/1242/1206
f 1168/1168/1136 1245/1245/1209 1247/1247/1211
f 1166/1166/1134 1165/1165/1133 1246/1246/1210
f 1200/1200/1165 1247/1247/1211 1248/1248/1212
f 1212/1212/1177 1211/1211/1176 1220/1220/1184
f 1156/1156/1125 1248/1248/1212 1219/1219/1183
f 1212/1212/1177 1249/1249/1213 1250/1250/1214
f 627/627/624 443/443/443 445/445/445
f 622/622/619 627/627/624 628/628/625
f 622/622/619 611/611/608 598/598/595
f 610/610/607 598/598/595 586/586/583
f 597/597/594 586/586/583 587/587/584
f 559/559/556 585/585/582 587/587/584
f 560/560/557 559/559/556 561/561/558
f 560/560/557 548/548/545 550/550/547
f 456/456/456 458/458/458 441/441/441
f 455/455/455 456/456/456 439/439/439
f 453/453/453 455/455/455 437/437/437
f 451/451/451 453/453/453 435/435/435
f 449/449/449 451/451/451 433/433/433
f 447/447/447 449/449/449 432/432/432
f 444/444/444 447/447/447 1252/1252/1216
f 445/445/445 444/444/444 1253/1253/1217
f 196/196/196 17/17/17 19/19/19
f 184/184/184 196/196/196 201/201/201
f 171/171/171 184/184/184 197/197/197
f 172/172/172 171/171/171 185/185/185
f 172/172/172 160/160/160 149/149/149
f 159/159/159 149/149/149 137/137/137
f 148/148/148 137/137/137 122/122/122
f 136/136/136 122/122/122 124/124/124
f 31/31/31 33/33/33 1254/1254/1218
f 29/29/29 31/31/31 14/14/14
f 27/27/27 29/29/29 12/12/12
f 25/25/25 27/27/27 10/10/10
f 23/23/23 25/25/25 8/8/8
f 21/21/21 23/23/23 6/6/6
f 18/18/18 21/21/21 4/4/4
f 19/19/19 18/18/18 2/2/2
f 1255/1255/1219 1281/1281/1244 1256/1256/1220
f 1258/1258/1222 1282/1282/1245 1259/1259/1223
f 1261/1261/1225 1277/1277/1240 1262/1262/1226
f 1264/1264/1228 1283/1283/1246 1265/1265/1229
f 1267/1267/1231 1280/1280/1243 1268/1268/1232
f 1270/1270/922 1289/1289/1252 1271/1271/1234
f 1273/1273/1236 1255/1255/1219 1257/1257/1221
f 1258/1258/1222 1260/1260/1224 1275/1275/1238
f 1277/1277/1240 1287/1287/1250 1278/1278/1241
f 1267/1267/1231 1288/1288/1251 1279/1279/1242
f 1281/1281/1244 1272/1272/1235 1271/1271/1234
f 1282/1282/1245 1264/1264/1228 1266/1266/1230
f 1283/1283/1246 1273/1273/1236 1274/1274/1237
f 1276/1276/1239 1275/1275/1238 1284/1284/1247
f 1286/1286/1249 1290/1290/1253 1278/1278/1241
f 1288/1288/1251 1261/1261/1225 1263/1263/1227
f 1269/1269/1233 1268/1268/1232 1289/1289/1252
f 1285/1285/1248 1284/1284/1247 1290/1290/1253
f 1291/1291/1254 1312/1312/1275 1292/1292/1255
f 1294/1294/1257 1321/1321/1284 1295/1295/1258
f 1297/1297/1260 1320/1320/1283 1298/1298/1261
f 1300/1300/1263 1324/1324/1287 1301/1301/1264
f 1303/1303/1266 1325/1325/1288 1304/1304/1267
f 1306/1306/1269 1294/1294/1257 1296/1296/1259
f 1308/1308/1271 1322/1322/1285 1309/1309/1272
f 1311/1311/1274 1323/1323/1286 1312/1312/1275
f 1313/1313/1276 1302/1302/1265 1301/1301/1264
f 1305/1305/1268 1304/1304/1267 1315/1315/1278
f 1317/1317/1280 1326/1326/1017 1318/1318/1281
f 1293/1293/1256 1292/1292/1255 1320/1320/1283
f 1321/1321/1284 1313/1313/1276 1314/1314/1277
f 1299/1299/1262 1298/1298/1261 1322/1322/1285
f 1306/1306/1269 1307/1307/1270 1323/1323/1286
f 1316/1316/1279 1315/1315/1278 1324/1324/1287
f 1303/1303/1266 1317/1317/1280 1319/1319/1282
f 1326/1326/1017 1310/1310/1273 1309/1309/1272
f 1307/1307/1270 1329/1329/1291 1327/1327/1289
f 1319/1319/1282 1332/1332/1294 1328/1328/1290
f 1296/1296/1259 1339/1339/1301 1329/1329/1291
f 1309/1309/1272 1322/1322/1285 1330/1330/1292
f 1318/1318/1281 1336/1336/1298 1332/1332/1294
f 1295/1295/1258 1314/1314/1277 1333/1333/1295
f 1322/1322/1285 1298/1298/1261 1335/1335/1297
f 1309/1309/1272 1331/1331/1293 1336/1336/1298
f 1314/1314/1277 1301/1301/1264 1337/1337/1299
f 1298/1298/1261 1320/1320/1283 1338/1338/1300
f 1296/1296/1259 1295/1295/1258 1334/1334/1296
f 1324/1324/1287 1341/1341/1303 1337/1337/1299
f 1320/1320/1283 1292/1292/1255 1340/1340/1302
f 1315/1315/1278 1343/1343/1305 1341/1341/1303
f 1292/1292/1255 1312/1312/1275 1342/1342/1304
f 1304/1304/1267 1344/1344/1306 1343/1343/1305
f 1323/1323/1286 1327/1327/1289 1342/1342/1304
f 1325/1325/1288 1328/1328/1290 1344/1344/1306
f 1259/1259/1223 1266/1266/1230 1345/1345/1307
f 1280/1280/1243 1279/1279/1242 1347/1347/1309
f 1260/1260/1224 1259/1259/1223 1346/1346/1308
f 1268/1268/1232 1280/1280/1243 1348/1348/1310
f 1260/1260/1224 1349/1349/1311 1351/1351/1313
f 1271/1271/1234 1356/1356/1318 1352/1352/1314
f 1289/1289/1252 1268/1268/1232 1350/1350/1312
f 1275/1275/1238 1351/1351/1313 1354/1354/1316
f 1256/1256/1220 1352/1352/1314 1355/1355/1317
f 1271/1271/1234 1289/1289/1252 1353/1353/1315
f 1290/1290/1253 1359/1359/1321 1357/1357/1319
f 1257/1257/1221 1355/1355/1317 1358/1358/1320
f 1284/1284/1247 1354/1354/1316 1359/1359/1321
f 1262/1262/1226 1278/1278/1241 1357/1357/1319
f 1274/1274/1237 1358/1358/1320 1361/1361/1323
f 1263/1263/1227 1262/1262/1226 1360/1360/1322
f 1265/1265/1229 1361/1361/1323 1345/1345/1307
f 1279/1279/1242 1263/1263/1227 1362/1362/1324
f 972/972/957 954/954/939 1038/1038/1019
f 1034/1034/1015 1038/1038/1019 1035/1035/1016
f 1030/1030/1011 1035/1035/1016 1031/1031/1012
f 1026/1026/1007 1031/1031/1012 1027/1027/1008
f 1022/1022/1003 1027/1027/1008 1023/1023/1004
f 1014/1014/995 1018/1018/999 1023/1023/1004
f 1009/1009/990 1014/1014/995 1019/1019/1000
f 1010/1010/991 1009/1009/990 1015/1015/996
f 1010/1010/991 1006/1006/988 1008/1008/956
f 1365/1365/1327 969/969/954 971/971/956
f 1367/1367/1329 967/967/952 969/969/954
f 1368/1368/1330 965/965/950 967/967/952
f 1369/1369/1331 963/963/948 965/965/950
f 1370/1370/1332 961/961/946 963/963/948
f 1371/1371/1333 960/960/945 961/961/946
f 1372/1372/1262 958/958/943 960/960/945
f 1373/1373/1271 956/956/941 958/958/943
f 1039/1039/1020 954/954/939 956/956/941
f 934/934/923 853/853/845 855/855/847
f 930/930/919 934/934/923 931/931/920
f 926/926/915 930/930/919 927/927/916
f 922/922/911 926/926/915 923/923/912
f 918/918/907 922/922/911 919/919/908
f 911/911/900 914/914/903 918/918/907
f 907/907/896 910/910/899 914/914/903
f 1374/1374/1334 905/905/894 910/910/899
f 906/906/895 905/905/894 1374/1374/1334
f 1375/1375/1335 1389/1389/893 1376/1376/1336
f 1377/1377/1337 1375/1375/1335 870/870/862
f 1378/1378/1338 1377/1377/1337 868/868/860
f 1379/1379/1339 1378/1378/1338 866/866/858
f 1380/1380/1340 1379/1379/1339 864/864/856
f 1381/1381/1341 1380/1380/1340 860/860/852
f 1382/1382/1342 1381/1381/1341 861/861/853
f 1383/1383/1244 1382/1382/1342 858/858/850
f 935/935/924 1383/1383/1244 856/856/848
f 428/428/428 1252/1252/1216 432/432/432
f 613/613/610 625/625/622 1384/1384/1152
f 625/625/622 630/630/627 425/425/425
f 630/630/627 629/629/626 1253/1253/1217
f 426/426/426 1253/1253/1217 1252/1252/1216
f 601/601/598 613/613/610 1385/1385/1343
