# Blender 4.5.3 LTS
# www.blender.org
mtllib Untitled.mtl
o hash_F4D9814E.model
v -0.063336 -0.945546 0.002783
v -0.073473 -0.901477 0.032364
v -0.069180 -0.936769 0.044117
v -0.087157 -0.921127 0.078798
v -0.099357 -0.893571 0.064552
v -0.110094 -0.905891 0.101153
v -0.117816 -0.879693 0.100213
v -0.149916 -0.897268 0.113754
v -0.153613 -0.877771 0.100274
v -0.189121 -0.890551 0.127617
v -0.234547 -0.887405 0.110759
v -0.228959 -0.899996 0.134516
v -0.253083 -0.926453 0.104584
v -0.266925 -0.907181 0.061276
v -0.264500 -0.942692 0.064894
v -0.273997 -0.916339 0.020537
v -0.276336 -0.952051 0.025160
v -0.050157 -0.870482 -0.006552
v -0.052960 -0.908781 -0.002796
v -0.099766 -0.860007 0.055962
v -0.121109 -0.852105 0.090999
v -0.194843 -0.853789 0.104951
v -0.194647 -0.883285 0.099364
v -0.235531 -0.858875 0.100638
v -0.270598 -0.863318 0.098640
v -0.263439 -0.897516 0.102341
v -0.269549 -0.871649 0.058132
v -0.271451 -0.880441 0.017099
v -0.081985 -0.830673 0.013600
v -0.081348 -0.867310 0.019455
v -0.111290 -0.827975 0.041299
v -0.131569 -0.822252 0.076586
v -0.154537 -0.849429 0.111274
v -0.195064 -0.821560 0.114798
v -0.235335 -0.824458 0.109388
v -0.271329 -0.827626 0.095415
v -0.270212 -0.835953 0.055279
v -0.267728 -0.844545 0.014687
v -0.048267 -0.832122 -0.008853
v -0.078590 -0.793308 0.013957
v -0.114266 -0.792279 0.032908
v -0.141534 -0.789686 0.062406
v -0.162921 -0.785088 0.096406
v -0.156114 -0.818822 0.108352
v -0.194730 -0.785454 0.117589
v -0.234515 -0.788496 0.113148
v -0.267057 -0.792068 0.091942
v -0.268715 -0.800143 0.052721
v -0.262118 -0.808877 0.013343
v -0.046799 -0.793691 -0.010170
v -0.074086 -0.756060 0.016717
v -0.111064 -0.755304 0.032040
v -0.144995 -0.754326 0.052809
v -0.171178 -0.752029 0.082952
v -0.195189 -0.749361 0.114506
v -0.233258 -0.752241 0.113608
v -0.263114 -0.756424 0.088821
v -0.265637 -0.764345 0.050302
v -0.252544 -0.774102 0.013985
v -0.045841 -0.755152 -0.010850
v -0.069685 -0.718811 0.019585
v -0.106157 -0.718526 0.034658
v -0.143279 -0.717700 0.048334
v -0.173328 -0.716527 0.073992
v -0.197910 -0.714465 0.105169
v -0.231949 -0.715941 0.113243
v -0.259186 -0.720737 0.086039
v -0.261732 -0.728621 0.047952
v -0.246201 -0.738569 0.013110
v -0.045985 -0.716564 -0.011095
v -0.065100 -0.681602 0.022996
v -0.101032 -0.681806 0.038195
v -0.139339 -0.680973 0.047150
v -0.172569 -0.680325 0.067571
v -0.197322 -0.678783 0.098118
v -0.230328 -0.679663 0.111888
v -0.255802 -0.684938 0.083698
v -0.257724 -0.692886 0.045834
v -0.242050 -0.702648 0.011322
v -0.046989 -0.678020 -0.010358
v -0.060624 -0.644327 0.026497
v -0.095881 -0.645117 0.042294
v -0.134505 -0.644349 0.048106
v -0.170411 -0.643949 0.062613
v -0.196669 -0.642992 0.091278
v -0.228545 -0.643431 0.110359
v -0.252673 -0.649059 0.081556
v -0.254018 -0.657088 0.043957
v -0.239136 -0.666582 0.009355
v -0.053381 -0.640541 -0.007470
v -0.056697 -0.606902 0.029558
v -0.090721 -0.608441 0.046828
v -0.129284 -0.607823 0.050431
v -0.166577 -0.607490 0.059901
v -0.196023 -0.607163 0.084518
v -0.226005 -0.607393 0.107074
v -0.249789 -0.613101 0.079552
v -0.251041 -0.621176 0.042191
v -0.237857 -0.630461 0.007135
v -0.057971 -0.602475 -0.005598
v -0.053734 -0.569341 0.031475
v -0.085677 -0.571715 0.051499
v -0.123838 -0.571516 0.054878
v -0.161902 -0.571061 0.058646
v -0.193909 -0.571148 0.079071
v -0.223190 -0.571469 0.103147
v -0.247206 -0.577059 0.077849
v -0.247613 -0.585240 0.040647
v -0.239553 -0.594450 0.004371
v -0.057858 -0.564011 -0.004264
v -0.051563 -0.531692 0.032270
v -0.081028 -0.534817 0.055307
v -0.118371 -0.535468 0.061193
v -0.156422 -0.534754 0.059763
v -0.190580 -0.535041 0.074887
v -0.220500 -0.535681 0.097851
v -0.244298 -0.541006 0.076266
v -0.244042 -0.549306 0.039264
v -0.238317 -0.558319 0.002702
v -0.051369 -0.526080 -0.004054
v -0.050292 -0.493952 0.032054
v -0.076771 -0.497788 0.058207
v -0.112900 -0.499436 0.067803
v -0.150529 -0.498735 0.063811
v -0.186473 -0.498910 0.071729
v -0.217413 -0.499899 0.093102
v -0.241052 -0.504964 0.074817
v -0.240918 -0.513288 0.038128
v -0.235090 -0.522183 0.001827
v -0.040640 -0.489309 -0.004016
v -0.048633 -0.456294 0.031963
v -0.073019 -0.460644 0.059994
v -0.107335 -0.463305 0.073941
v -0.144495 -0.462871 0.069165
v -0.181375 -0.462801 0.070377
v -0.213591 -0.464055 0.089315
v -0.238374 -0.468815 0.073702
v -0.238020 -0.477184 0.037286
v -0.230185 -0.486226 0.001670
v -0.037793 -0.450846 -0.003281
v -0.046180 -0.418640 0.032235
v -0.069695 -0.423449 0.060839
v -0.101920 -0.426930 0.078668
v -0.138671 -0.427261 0.076240
v -0.175223 -0.426826 0.071374
v -0.208743 -0.428205 0.087011
v -0.235736 -0.432576 0.072857
v -0.234825 -0.441061 0.036719
v -0.223495 -0.450617 0.002498
v -0.030251 -0.413088 -0.001162
v -0.042962 -0.381025 0.032902
v -0.065916 -0.386331 0.061733
v -0.096627 -0.390406 0.082127
v -0.132965 -0.391831 0.084433
v -0.168696 -0.391040 0.074250
v -0.203530 -0.392379 0.084890
v -0.231901 -0.396424 0.072196
v -0.230743 -0.404987 0.036423
v -0.214710 -0.415616 0.005015
v -0.022770 -0.375328 0.002190
v -0.038949 -0.343392 0.033911
v -0.061341 -0.349320 0.063001
v -0.091402 -0.353793 0.084243
v -0.126978 -0.356255 0.091871
v -0.162183 -0.355701 0.080856
v -0.198022 -0.356564 0.082845
v -0.226785 -0.360356 0.071694
v -0.225932 -0.369010 0.036358
v -0.207980 -0.380085 0.006237
v -0.021260 -0.336928 0.001960
v -0.033704 -0.305955 0.035010
v -0.055437 -0.312623 0.064948
v -0.085111 -0.317488 0.087020
v -0.120428 -0.320434 0.097581
v -0.156040 -0.320663 0.089461
v -0.191584 -0.320895 0.082547
v -0.221780 -0.324219 0.071723
v -0.221307 -0.332996 0.036366
v -0.203139 -0.344116 0.006408
v -0.021324 -0.298204 0.000621
v -0.025286 -0.269525 0.036782
v -0.047400 -0.276877 0.067878
v -0.077672 -0.281761 0.090702
v -0.113139 -0.284672 0.102427
v -0.149655 -0.285597 0.098283
v -0.184319 -0.285534 0.085623
v -0.215253 -0.288279 0.071713
v -0.217122 -0.296909 0.036412
v -0.199932 -0.307922 0.005683
v -0.013462 -0.260181 0.000357
v -0.013969 -0.235161 0.040239
v -0.036475 -0.243304 0.072764
v -0.068790 -0.247186 0.095067
v -0.104996 -0.249290 0.107205
v -0.142287 -0.250286 0.105701
v -0.176458 -0.250453 0.090427
v -0.207304 -0.252622 0.071800
v -0.213180 -0.260776 0.036698
v -0.197947 -0.271640 0.004508
v -0.006545 -0.223090 0.000311
v -0.007623 -0.200002 0.042036
v -0.024310 -0.211072 0.077144
v -0.055911 -0.215517 0.101754
v -0.094266 -0.215616 0.113468
v -0.133335 -0.215377 0.112316
v -0.167894 -0.215635 0.096081
v -0.197410 -0.217551 0.072174
v -0.209235 -0.224658 0.037510
v -0.197356 -0.235327 0.002996
v -0.199606 -0.197580 0.001142
v -0.203935 -0.189927 0.033780
v -0.200366 -0.159764 -0.000179
v -0.199026 -0.153423 0.030897
v -0.197211 -0.122263 -0.001844
v -0.195775 -0.116590 0.028431
v -0.191848 -0.085704 -0.003794
v -0.190445 -0.080414 0.025658
v -0.185915 -0.049772 -0.005608
v -0.184050 -0.044857 0.023181
v -0.179530 -0.013826 -0.007087
v -0.177242 -0.009409 0.021336
v -0.173062 0.024528 -0.007949
v -0.192937 -0.185386 0.065247
v -0.189798 -0.149470 0.061357
v -0.187298 -0.112959 0.058087
v -0.182072 -0.077121 0.054319
v -0.176013 -0.041963 0.051220
v -0.169783 -0.007200 0.049287
v -0.170820 0.027743 0.022050
v -0.172207 -0.184085 0.092416
v -0.173081 -0.147958 0.088917
v -0.171276 -0.111469 0.084683
v -0.166950 -0.075662 0.080265
v -0.161679 -0.040777 0.076917
v -0.155682 -0.006748 0.074831
v -0.162513 0.029259 0.049863
v -0.143478 -0.185124 0.110899
v -0.147333 -0.148981 0.107930
v -0.147010 -0.112405 0.103633
v -0.144479 -0.076411 0.100097
v -0.140433 -0.041495 0.097106
v -0.134920 -0.007519 0.094990
v -0.147645 0.029307 0.074044
v -0.109161 -0.187458 0.117184
v -0.116063 -0.151828 0.116024
v -0.117749 -0.115300 0.113569
v -0.116505 -0.079314 0.111124
v -0.113806 -0.044121 0.109616
v -0.109673 -0.009338 0.108461
v -0.126991 0.028850 0.092761
v -0.074173 -0.190238 0.113061
v -0.083852 -0.155311 0.117243
v -0.087375 -0.118900 0.119443
v -0.087564 -0.082686 0.119962
v -0.085931 -0.046981 0.119144
v -0.082932 -0.011497 0.118290
v -0.102677 0.027722 0.105825
v -0.041172 -0.191709 0.100876
v -0.052178 -0.159804 0.115933
v -0.057183 -0.123439 0.124770
v -0.058215 -0.086309 0.127075
v -0.057522 -0.049801 0.126846
v -0.055683 -0.013578 0.126129
v -0.077082 0.026069 0.115545
v -0.014904 -0.189428 0.079753
v -0.023594 -0.165002 0.111768
v -0.027655 -0.129090 0.128705
v -0.028711 -0.090298 0.132008
v -0.028534 -0.052388 0.131678
v -0.027620 -0.015137 0.130235
v -0.051030 0.024530 0.122288
v 0.000442 -0.180377 0.049069
v 0.000394 -0.164032 0.095555
v 0.000594 -0.135838 0.128646
v 0.000620 -0.094638 0.134158
v 0.000691 -0.054679 0.133380
v 0.000829 -0.015669 0.131661
v -0.024754 0.023716 0.125472
v -0.076679 -0.981964 0.009822
v -0.069180 -0.936769 0.044117
v -0.080270 -0.972398 0.052104
v -0.089227 -0.953660 0.092268
v -0.110094 -0.905891 0.101153
v -0.104145 -0.926260 0.128774
v -0.138963 -0.906533 0.148851
v -0.149916 -0.897268 0.113754
v -0.179678 -0.906955 0.157749
v -0.189121 -0.890551 0.127617
v -0.212294 -0.924116 0.139209
v -0.253083 -0.926453 0.104584
v -0.236346 -0.958446 0.107826
v -0.264500 -0.942692 0.064894
v -0.253268 -0.979826 0.070674
v -0.261431 -0.988164 0.029442
v 0.206098 -0.235691 -0.003121
v 0.213530 -0.263290 -0.038352
v 0.208963 -0.226563 -0.040057
v 0.205874 -0.272015 -0.002424
v 0.212530 -0.300340 -0.037070
v 0.205750 -0.308272 -0.001281
v 0.209243 -0.337164 -0.035849
v 0.206547 -0.344516 0.000088
v 0.205268 -0.373823 -0.034457
v 0.208274 -0.380738 0.001468
v 0.203082 -0.410577 -0.032577
v 0.211027 -0.416915 0.002703
v 0.201987 -0.447370 -0.030511
v 0.215017 -0.452985 0.003630
v 0.203003 -0.484210 -0.028655
v 0.220795 -0.488770 0.003951
v 0.207934 -0.520782 -0.027935
v 0.230207 -0.523637 0.002578
v 0.218878 -0.555978 -0.030051
v 0.238125 -0.558900 0.002303
v 0.230266 -0.591038 -0.032253
v 0.240559 -0.594856 0.004105
v 0.232858 -0.627537 -0.030461
v 0.237560 -0.630610 0.007598
v 0.227632 -0.663844 -0.026312
v 0.238813 -0.666633 0.010265
v 0.224834 -0.700422 -0.022241
v 0.242314 -0.702592 0.012246
v 0.225446 -0.737186 -0.018849
v 0.247754 -0.738342 0.013449
v 0.229052 -0.773867 -0.016935
v 0.255218 -0.773699 0.013387
v 0.236438 -0.810021 -0.017477
v 0.266266 -0.807878 0.010321
v 0.248937 -0.844540 -0.022052
v 0.275764 -0.842718 0.009035
v 0.261227 -0.879160 -0.025864
v 0.282265 -0.878307 0.010091
v 0.270479 -0.914874 -0.026459
v 0.287606 -0.913999 0.012396
v 0.275320 -0.951340 -0.023805
v 0.193072 -0.257885 -0.061821
v 0.186027 -0.222218 -0.068058
v 0.201460 -0.293654 -0.065255
v 0.208193 -0.329795 -0.069953
v 0.209633 -0.366933 -0.070288
v 0.208059 -0.404164 -0.069102
v 0.205486 -0.441282 -0.067426
v 0.202688 -0.478336 -0.065793
v 0.199906 -0.515375 -0.064213
v 0.200919 -0.552494 -0.063066
v 0.208139 -0.588907 -0.063665
v 0.219104 -0.624366 -0.066114
v 0.222469 -0.661264 -0.064762
v 0.221158 -0.698282 -0.061418
v 0.219196 -0.735237 -0.058145
v 0.217637 -0.772217 -0.055446
v 0.217217 -0.809247 -0.053312
v 0.221996 -0.846065 -0.053276
v 0.232507 -0.881708 -0.056796
v 0.244433 -0.916825 -0.061125
v 0.253596 -0.952784 -0.062554
v 0.160057 -0.256152 -0.079404
v 0.154907 -0.220777 -0.090304
v 0.165054 -0.292143 -0.070554
v 0.172558 -0.328502 -0.070104
v 0.179890 -0.363112 -0.081868
v 0.186456 -0.397730 -0.094372
v 0.191452 -0.434495 -0.099593
v 0.193584 -0.471937 -0.100840
v 0.195359 -0.509382 -0.101101
v 0.196011 -0.546795 -0.100443
v 0.196457 -0.584130 -0.099744
v 0.200876 -0.620988 -0.100168
v 0.204080 -0.658177 -0.099006
v 0.205762 -0.695545 -0.097171
v 0.206921 -0.732915 -0.095550
v 0.207648 -0.770259 -0.094254
v 0.207324 -0.807554 -0.092866
v 0.206135 -0.844815 -0.091472
v 0.210113 -0.881869 -0.093076
v 0.221085 -0.917587 -0.097995
v 0.228091 -0.954288 -0.099144
v 0.133535 -0.255556 -0.105891
v 0.126731 -0.219149 -0.109595
v 0.136313 -0.291513 -0.094375
v 0.139123 -0.327526 -0.083267
v 0.143681 -0.364079 -0.075764
v 0.149654 -0.397969 -0.089449
v 0.155360 -0.431330 -0.105594
v 0.161919 -0.467959 -0.106848
v 0.163736 -0.504701 -0.114413
v 0.166208 -0.542150 -0.118381
v 0.168900 -0.579791 -0.120493
v 0.171500 -0.617467 -0.121828
v 0.173882 -0.655117 -0.122493
v 0.176133 -0.692765 -0.122309
v 0.178396 -0.730411 -0.122302
v 0.180962 -0.768036 -0.123165
v 0.183733 -0.805646 -0.124542
v 0.186576 -0.843264 -0.126167
v 0.189473 -0.880822 -0.128035
v 0.191768 -0.917981 -0.126006
v 0.194076 -0.955112 -0.124902
v 0.100243 -0.251817 -0.098395
v 0.088934 -0.216620 -0.106507
v 0.105546 -0.289036 -0.101108
v 0.107844 -0.326248 -0.102890
v 0.110431 -0.362723 -0.092365
v 0.112783 -0.398500 -0.083250
v 0.118589 -0.431971 -0.097926
v 0.129247 -0.466632 -0.088056
v 0.130309 -0.503298 -0.096773
v 0.129785 -0.539585 -0.108120
v 0.131234 -0.577035 -0.114612
v 0.133260 -0.614769 -0.119314
v 0.135428 -0.652569 -0.123508
v 0.137750 -0.690456 -0.126730
v 0.140117 -0.728384 -0.129266
v 0.142372 -0.766395 -0.131136
v 0.144819 -0.804359 -0.131029
v 0.147251 -0.842221 -0.130918
v 0.149317 -0.880074 -0.132609
v 0.150902 -0.917751 -0.133327
v 0.153142 -0.955032 -0.134252
v 0.063578 -0.248076 -0.090633
v 0.051319 -0.213453 -0.098943
v 0.071646 -0.284889 -0.087138
v 0.076524 -0.322010 -0.086980
v 0.079525 -0.358844 -0.090441
v 0.076908 -0.396108 -0.091904
v 0.082583 -0.432129 -0.087146
v 0.095105 -0.464497 -0.072144
v 0.096976 -0.501934 -0.078487
v 0.095177 -0.537795 -0.091888
v 0.095092 -0.574965 -0.101390
v 0.096694 -0.612977 -0.106591
v 0.099879 -0.651145 -0.107903
v 0.103412 -0.689228 -0.108463
v 0.107480 -0.727213 -0.109124
v 0.115071 -0.764492 -0.107676
v 0.109864 -0.802020 -0.112857
v 0.110225 -0.840225 -0.114053
v 0.111664 -0.878430 -0.115966
v 0.113227 -0.916621 -0.118557
v 0.114819 -0.954831 -0.120763
v 0.031017 -0.242764 -0.072251
v 0.020567 -0.207200 -0.076330
v 0.039572 -0.279247 -0.068368
v 0.046065 -0.316747 -0.066332
v 0.053180 -0.354108 -0.064376
v 0.058968 -0.390931 -0.062253
v 0.051245 -0.427362 -0.067157
v 0.061187 -0.462399 -0.055786
v 0.062645 -0.499714 -0.062220
v 0.062504 -0.536789 -0.072329
v 0.070367 -0.574176 -0.074770
v 0.080627 -0.610707 -0.075082
v 0.076651 -0.648923 -0.077776
v 0.080081 -0.687269 -0.077073
v 0.089886 -0.724476 -0.073518
v 0.097016 -0.762145 -0.071615
v 0.090544 -0.799809 -0.076964
v 0.083946 -0.837521 -0.082283
v 0.084066 -0.876153 -0.083927
v 0.085938 -0.914788 -0.085033
v 0.088794 -0.953343 -0.085128
v 0.011347 -0.234342 -0.039591
v 0.006919 -0.198290 -0.041033
v 0.019909 -0.270825 -0.036985
v 0.027308 -0.308689 -0.035365
v 0.035129 -0.346745 -0.032859
v 0.042526 -0.384517 -0.029536
v 0.031609 -0.420551 -0.036011
v 0.030560 -0.459452 -0.036744
v 0.038296 -0.497483 -0.037190
v 0.052478 -0.533761 -0.037309
v 0.067573 -0.569573 -0.036774
v 0.071277 -0.607619 -0.037544
v 0.062592 -0.645362 -0.041472
v 0.064530 -0.683859 -0.040917
v 0.075724 -0.720870 -0.036478
v 0.077724 -0.759326 -0.036185
v 0.067675 -0.796372 -0.043141
v 0.061467 -0.834557 -0.047385
v 0.061605 -0.873552 -0.047602
v 0.064487 -0.912394 -0.046627
v 0.070096 -0.950786 -0.044138
v 0.006731 -0.223737 0.000542
v 0.000360 -0.190187 0.000790
v 0.013621 -0.260780 0.000525
v 0.021850 -0.298809 0.000590
v 0.024002 -0.337548 0.001468
v 0.024772 -0.376154 0.002049
v 0.030014 -0.414393 0.000579
v 0.034359 -0.452866 0.000033
v 0.042196 -0.490539 -0.000160
v 0.054222 -0.526864 -0.000304
v 0.058262 -0.565201 -0.000514
v 0.054875 -0.603375 -0.002678
v 0.050704 -0.641606 -0.004473
v 0.051494 -0.680032 -0.003885
v 0.058156 -0.717591 -0.001224
v 0.054056 -0.755541 -0.003930
v 0.048952 -0.793165 -0.007844
v 0.049235 -0.831743 -0.008422
v 0.050981 -0.870220 -0.007768
v 0.053114 -0.908540 -0.005557
v 0.058854 -0.946310 -0.001194
v 0.024984 0.024504 -0.134629
v -0.001244 -0.014094 -0.145838
v -0.001348 0.024414 -0.134591
v 0.051706 0.025724 -0.134484
v 0.027374 -0.013310 -0.145924
v 0.078414 0.027129 -0.131521
v 0.055917 -0.011897 -0.145015
v 0.104637 0.028163 -0.125026
v 0.084310 -0.010242 -0.141361
v 0.129285 0.028625 -0.113756
v 0.112064 -0.008756 -0.133510
v 0.148769 0.028528 -0.094313
v 0.136836 -0.008235 -0.118096
v 0.161777 0.027958 -0.069006
v 0.153626 -0.008683 -0.093935
v 0.169181 0.027043 -0.040823
v 0.166464 -0.009451 -0.067246
v 0.173136 0.024570 -0.010652
v 0.174693 -0.010871 -0.038971
v 0.028534 -0.050250 -0.152614
v -0.001233 -0.052298 -0.151807
v 0.058444 -0.048085 -0.153038
v 0.088066 -0.045876 -0.148305
v 0.115508 -0.044404 -0.136471
v 0.138732 -0.043774 -0.117467
v 0.156103 -0.043988 -0.092981
v 0.169317 -0.044882 -0.066050
v 0.179236 -0.013914 -0.010263
v 0.178978 -0.046701 -0.037939
v 0.028521 -0.088378 -0.151077
v -0.001125 -0.091556 -0.147781
v 0.058650 -0.085819 -0.153854
v 0.088862 -0.083232 -0.149152
v 0.116827 -0.081216 -0.136575
v 0.140422 -0.080022 -0.116891
v 0.157917 -0.079903 -0.091658
v 0.172374 -0.080723 -0.064746
v 0.185111 -0.049689 -0.009111
v 0.183569 -0.082602 -0.036586
v 0.027028 -0.126204 -0.138730
v -0.000687 -0.129284 -0.129699
v 0.056489 -0.123750 -0.144774
v 0.086830 -0.121142 -0.143420
v 0.115585 -0.118540 -0.132742
v 0.140286 -0.116725 -0.114237
v 0.158743 -0.116295 -0.089449
v 0.174661 -0.117098 -0.062936
v 0.190689 -0.085773 -0.007490
v 0.187453 -0.119161 -0.034992
v 0.025526 -0.157265 -0.110633
v 0.000151 -0.159546 -0.095327
v 0.050631 -0.158856 -0.126098
v 0.080783 -0.156556 -0.128136
v 0.111308 -0.155426 -0.124625
v 0.139276 -0.153714 -0.111732
v 0.159452 -0.153121 -0.088085
v 0.177223 -0.153846 -0.062247
v 0.195177 -0.122679 -0.005514
v 0.190218 -0.156344 -0.033791
v 0.018928 -0.183162 -0.077377
v 0.000673 -0.177958 -0.047103
v 0.038112 -0.187982 -0.101917
v 0.069839 -0.189704 -0.113571
v 0.103487 -0.189751 -0.114262
v 0.137041 -0.189719 -0.112192
v 0.159501 -0.189163 -0.088517
v 0.185518 -0.189063 -0.066561
v 0.198878 -0.160231 -0.003861
v 0.200734 -0.191976 -0.036510
v 0.204397 -0.197780 -0.003467
v 0.071527 -0.982906 0.005941
v 0.070096 -0.950786 -0.044138
v 0.078276 -0.988726 -0.038215
v 0.088794 -0.953343 -0.085128
v 0.092948 -0.992197 -0.081097
v 0.114819 -0.954831 -0.120763
v 0.116370 -0.993950 -0.119007
v 0.153142 -0.955032 -0.134252
v 0.153473 -0.994046 -0.136869
v 0.192780 -0.994053 -0.123504
v 0.194076 -0.955112 -0.124902
v 0.227181 -0.993512 -0.096884
v 0.228091 -0.954288 -0.099144
v 0.254871 -0.992080 -0.062078
v 0.253596 -0.952784 -0.062554
v 0.270903 -0.990228 -0.020655
v 0.275320 -0.951340 -0.023805
v 0.275343 -0.985453 0.022292
v -0.170820 0.027743 0.022050
v -0.170889 0.053549 -0.007804
v -0.173062 0.024528 -0.007949
v -0.168641 0.054200 0.020082
v -0.168327 0.078942 -0.007866
v -0.160863 0.055306 0.046875
v -0.157949 0.080301 0.044626
v -0.165720 0.079584 0.018855
v -0.162513 0.029259 0.049863
v -0.146627 0.055828 0.070583
v -0.143899 0.080895 0.067652
v -0.147645 0.029307 0.074044
v -0.126301 0.055559 0.089026
v -0.124316 0.080667 0.086085
v -0.126991 0.028850 0.092761
v -0.102421 0.054629 0.102168
v -0.101242 0.079849 0.099865
v -0.102677 0.027722 0.105825
v -0.077360 0.053628 0.112306
v -0.076872 0.079122 0.110745
v -0.077082 0.026069 0.115545
v -0.051721 0.052858 0.119993
v -0.051655 0.078603 0.119304
v -0.051030 0.024530 0.122288
v -0.025398 0.052435 0.123171
v -0.025411 0.078246 0.122972
v -0.024754 0.023716 0.125472
v 0.001005 0.052328 0.124395
v 0.000993 0.078164 0.124118
v 0.026652 0.023881 0.125544
v 0.000973 0.024332 0.126650
v 0.027359 0.052518 0.123160
v 0.052921 0.024879 0.122067
v 0.053687 0.053039 0.119629
v 0.027400 0.078331 0.122830
v 0.078952 0.026460 0.115055
v 0.079326 0.053886 0.111775
v 0.053569 0.078758 0.118950
v 0.104528 0.028162 0.104941
v 0.104375 0.054970 0.101296
v 0.078603 0.079392 0.110018
v 0.128872 0.029426 0.091349
v 0.128011 0.055884 0.087526
v 0.103070 0.080132 0.098930
v 0.149290 0.029941 0.072084
v 0.148119 0.056214 0.068648
v 0.126043 0.081083 0.084832
v 0.163665 0.029291 0.047499
v 0.161952 0.055646 0.044483
v 0.145271 0.081189 0.065855
v 0.171427 0.027548 0.019428
v 0.166003 0.080317 0.016622
v 0.158779 0.080813 0.042513
v 0.170781 0.054036 -0.010384
v 0.169150 0.054603 0.017513
v 0.168104 0.079682 -0.010334
v 0.169181 0.027043 -0.040823
v 0.170781 0.054036 -0.010384
v 0.173136 0.024570 -0.010652
v 0.165641 0.079855 -0.037073
v 0.168104 0.079682 -0.010334
v 0.160017 0.055102 -0.064908
v 0.167316 0.054279 -0.038153
v 0.158775 0.080570 -0.062893
v 0.161777 0.027958 -0.069006
v 0.147249 0.055954 -0.089099
v 0.146075 0.081556 -0.086085
v 0.148769 0.028528 -0.094313
v 0.127789 0.056275 -0.107173
v 0.126473 0.081827 -0.103361
v 0.129285 0.028625 -0.113756
v 0.103535 0.055830 -0.117769
v 0.102270 0.081106 -0.113033
v 0.104637 0.028163 -0.125026
v 0.077752 0.054879 -0.123254
v 0.076448 0.080074 -0.116503
v 0.078414 0.027129 -0.131521
v 0.051442 0.053679 -0.123240
v 0.051706 0.025724 -0.134484
v 0.025018 0.052699 -0.123158
v 0.050435 0.078862 -0.114186
v 0.024984 0.024504 -0.134629
v -0.001352 0.052273 -0.123569
v -0.001398 0.077472 -0.113258
v 0.024501 0.077885 -0.113272
v -0.027674 0.024164 -0.134693
v -0.001348 0.024414 -0.134591
v -0.027703 0.052487 -0.122988
v -0.054330 0.024974 -0.134115
v -0.054047 0.053162 -0.122603
v -0.027293 0.077751 -0.113286
v -0.081005 0.026275 -0.130626
v -0.079136 0.079515 -0.115901
v -0.053221 0.078533 -0.113964
v -0.107286 0.027446 -0.124143
v -0.080313 0.054115 -0.122291
v -0.106100 0.055094 -0.116844
v -0.131860 0.028009 -0.112659
v -0.129777 0.055631 -0.105382
v -0.104659 0.080522 -0.111963
v -0.150172 0.028231 -0.091885
v -0.148631 0.055403 -0.086781
v -0.128686 0.081216 -0.102081
v -0.162499 0.028211 -0.066215
v -0.161107 0.054593 -0.062473
v -0.147579 0.080865 -0.084189
v -0.169552 0.027052 -0.037930
v -0.167968 0.053835 -0.035590
v -0.159806 0.079748 -0.060336
v -0.170889 0.053549 -0.007804
v -0.166216 0.078896 -0.034454
v 0.058854 -0.946310 -0.001194
v 0.080810 -0.904956 0.025153
v 0.053114 -0.908540 -0.005557
v 0.068738 -0.937655 0.038852
v 0.093345 -0.894924 0.064243
v 0.093903 -0.910780 0.110592
v 0.077352 -0.925249 0.078847
v 0.132446 -0.899305 0.099040
v 0.100572 -0.879051 0.103818
v 0.173732 -0.887628 0.098769
v 0.134957 -0.872070 0.102254
v 0.210676 -0.882920 0.069644
v 0.171767 -0.872629 0.082982
v 0.214558 -0.897821 0.093057
v 0.250675 -0.897018 0.061445
v 0.253530 -0.921053 0.082203
v 0.290515 -0.905015 0.053037
v 0.281227 -0.939215 0.056707
v 0.287606 -0.913999 0.012396
v 0.083270 -0.868628 0.017336
v 0.050981 -0.870220 -0.007768
v 0.107732 -0.864451 0.049867
v 0.116652 -0.852230 0.089099
v 0.178207 -0.847205 0.099139
v 0.140735 -0.845887 0.114991
v 0.215995 -0.854809 0.083429
v 0.254947 -0.864404 0.071729
v 0.286510 -0.869884 0.050690
v 0.282265 -0.878307 0.010091
v 0.080620 -0.831343 0.016458
v 0.049235 -0.831743 -0.008422
v 0.114633 -0.829865 0.038504
v 0.132597 -0.823714 0.074498
v 0.145232 -0.815708 0.112180
v 0.221107 -0.825326 0.096770
v 0.183362 -0.820339 0.111487
v 0.258255 -0.829943 0.080697
v 0.281565 -0.834557 0.048895
v 0.275764 -0.842718 0.009035
v 0.075920 -0.794229 0.019899
v 0.048952 -0.793165 -0.007844
v 0.113518 -0.793036 0.034534
v 0.142754 -0.790787 0.061404
v 0.156767 -0.783798 0.098584
v 0.223388 -0.789545 0.101719
v 0.186281 -0.784780 0.116876
v 0.257801 -0.793940 0.081307
v 0.277501 -0.798965 0.047545
v 0.266266 -0.807878 0.010321
v 0.054056 -0.755541 -0.003930
v 0.109261 -0.756108 0.035704
v 0.071012 -0.757156 0.024041
v 0.145186 -0.755017 0.052592
v 0.167452 -0.751452 0.085143
v 0.224828 -0.753358 0.104346
v 0.188039 -0.748362 0.117447
v 0.257228 -0.757900 0.081463
v 0.272995 -0.763369 0.046209
v 0.255218 -0.773699 0.013387
v 0.058156 -0.717591 -0.001224
v 0.104303 -0.719352 0.038916
v 0.066430 -0.719947 0.027786
v 0.142566 -0.718295 0.048946
v 0.172334 -0.716792 0.074514
v 0.191833 -0.713335 0.108905
v 0.226146 -0.717068 0.106459
v 0.255908 -0.721851 0.080920
v 0.268133 -0.727819 0.044853
v 0.247754 -0.738342 0.013449
v 0.062711 -0.682580 0.030649
v 0.051494 -0.680032 -0.003885
v 0.099248 -0.682689 0.043278
v 0.138272 -0.681574 0.048304
v 0.172258 -0.680764 0.067228
v 0.196066 -0.678782 0.098405
v 0.226823 -0.680667 0.107382
v 0.254549 -0.685763 0.080361
v 0.262466 -0.692396 0.043732
v 0.242314 -0.702592 0.012246
v 0.059885 -0.645110 0.032201
v 0.050704 -0.641606 -0.004473
v 0.094259 -0.646006 0.047966
v 0.133270 -0.644963 0.049781
v 0.169750 -0.644384 0.062376
v 0.196557 -0.643295 0.090494
v 0.226513 -0.644239 0.107039
v 0.252730 -0.649658 0.079436
v 0.257959 -0.656795 0.042470
v 0.238813 -0.666633 0.010265
v 0.056955 -0.607628 0.033538
v 0.054875 -0.603375 -0.002678
v 0.089374 -0.609240 0.052326
v 0.128076 -0.608455 0.052733
v 0.165919 -0.607929 0.059234
v 0.195007 -0.607420 0.084268
v 0.225757 -0.607919 0.105260
v 0.250405 -0.613547 0.078222
v 0.253968 -0.621079 0.041222
v 0.237560 -0.630610 0.007598
v 0.053726 -0.570118 0.035092
v 0.058262 -0.565201 -0.000514
v 0.084653 -0.572373 0.056058
v 0.122855 -0.572078 0.057086
v 0.161034 -0.571481 0.058185
v 0.192938 -0.571454 0.078646
v 0.223359 -0.571906 0.101069
v 0.248022 -0.577414 0.076926
v 0.249923 -0.585294 0.039869
v 0.240559 -0.594856 0.004105
v 0.051276 -0.532513 0.035849
v 0.054222 -0.526864 -0.000304
v 0.080142 -0.535400 0.059293
v 0.117688 -0.535888 0.062876
v 0.155563 -0.535110 0.059022
v 0.189527 -0.535363 0.074482
v 0.220514 -0.536026 0.096106
v 0.245436 -0.541260 0.075518
v 0.245096 -0.549598 0.038625
v 0.238125 -0.558900 0.002303
v 0.048826 -0.494853 0.035918
v 0.042196 -0.490539 -0.000160
v 0.076168 -0.498271 0.061360
v 0.112559 -0.499834 0.069556
v 0.149775 -0.499007 0.062933
v 0.185713 -0.499232 0.070814
v 0.217116 -0.500182 0.091534
v 0.241906 -0.505177 0.073991
v 0.240538 -0.513802 0.037496
v 0.230207 -0.523637 0.002578
v 0.047426 -0.457104 0.034973
v 0.034359 -0.452866 0.000033
v 0.072804 -0.461055 0.062218
v 0.107314 -0.463679 0.075737
v 0.144114 -0.463192 0.069022
v 0.180745 -0.463100 0.069021
v 0.213181 -0.464299 0.087711
v 0.238609 -0.469040 0.072631
v 0.235573 -0.478000 0.036537
v 0.220795 -0.488770 0.003951
v 0.045736 -0.419434 0.034081
v 0.030014 -0.414393 0.000579
v 0.069792 -0.423835 0.062324
v 0.102205 -0.427214 0.079883
v 0.138737 -0.427670 0.077029
v 0.174796 -0.427068 0.069686
v 0.208947 -0.428442 0.083987
v 0.235117 -0.432873 0.071409
v 0.230633 -0.442163 0.035688
v 0.215017 -0.452985 0.003630
v 0.042677 -0.381759 0.034138
v 0.024772 -0.376154 0.002049
v 0.066337 -0.386704 0.062497
v 0.097072 -0.390663 0.083024
v 0.133388 -0.392254 0.085644
v 0.168456 -0.391301 0.073274
v 0.204199 -0.392580 0.081064
v 0.230646 -0.396788 0.070278
v 0.226234 -0.406190 0.034886
v 0.211027 -0.416915 0.002703
v 0.039106 -0.344035 0.034512
v 0.024002 -0.337548 0.001468
v 0.061829 -0.349716 0.063411
v 0.092009 -0.354027 0.084627
v 0.127577 -0.356618 0.093132
v 0.162242 -0.355979 0.080442
v 0.198443 -0.356760 0.079714
v 0.225945 -0.360685 0.069449
v 0.222151 -0.370118 0.034216
v 0.208274 -0.380738 0.001468
v 0.033967 -0.306587 0.035276
v 0.021850 -0.298809 0.000590
v 0.055703 -0.313102 0.065373
v 0.085617 -0.317760 0.087323
v 0.121048 -0.320618 0.097898
v 0.156427 -0.320926 0.089353
v 0.191748 -0.321102 0.080619
v 0.221198 -0.324553 0.068820
v 0.218211 -0.333992 0.033731
v 0.206547 -0.344516 0.000088
v 0.025514 -0.270219 0.036970
v 0.013621 -0.260780 0.000525
v 0.047678 -0.277437 0.068094
v 0.078077 -0.282117 0.091006
v 0.113737 -0.284853 0.102760
v 0.150224 -0.285751 0.097983
v 0.184448 -0.285751 0.083947
v 0.215391 -0.288449 0.068973
v 0.214482 -0.297832 0.033379
v 0.205750 -0.308272 -0.001281
v 0.014192 -0.235855 0.040440
v 0.006731 -0.223737 0.000542
v 0.036684 -0.243843 0.072832
v 0.069189 -0.247650 0.095062
v 0.105669 -0.249474 0.107038
v 0.143174 -0.250361 0.105478
v 0.176751 -0.250663 0.088844
v 0.207241 -0.252809 0.068899
v 0.210807 -0.261652 0.033255
v 0.205874 -0.272015 -0.002424
v 0.007629 -0.200803 0.042046
v 0.000360 -0.190187 0.000790
v 0.024224 -0.211787 0.077383
v 0.056452 -0.216062 0.101675
v 0.095061 -0.215814 0.112457
v 0.134179 -0.215234 0.110854
v 0.168376 -0.215712 0.094159
v 0.197126 -0.217850 0.068918
v 0.206601 -0.225569 0.033712
v 0.206098 -0.235691 -0.003121
v 0.204397 -0.197780 -0.003467
v 0.198878 -0.160231 -0.003861
v 0.201983 -0.190774 0.029794
v 0.195177 -0.122679 -0.005514
v 0.198426 -0.153962 0.027123
v 0.190689 -0.085773 -0.007490
v 0.194081 -0.117033 0.024392
v 0.185111 -0.049689 -0.009111
v 0.188830 -0.080645 0.021716
v 0.179236 -0.013914 -0.010263
v 0.183424 -0.044824 0.019668
v 0.173136 0.024570 -0.010652
v 0.177718 -0.009498 0.018382
v 0.192806 -0.185752 0.061821
v 0.189397 -0.149940 0.057436
v 0.185492 -0.113464 0.053556
v 0.181104 -0.077220 0.050290
v 0.175891 -0.041721 0.047766
v 0.171427 0.027548 0.019428
v 0.170355 -0.007108 0.046567
v 0.172356 -0.184214 0.089421
v 0.172223 -0.148384 0.084524
v 0.170044 -0.111890 0.080047
v 0.166483 -0.075757 0.076323
v 0.162030 -0.040436 0.073669
v 0.163665 0.029291 0.047499
v 0.156405 -0.006288 0.072195
v 0.144068 -0.184958 0.108974
v 0.147032 -0.149123 0.104236
v 0.146660 -0.112568 0.099666
v 0.144551 -0.076429 0.096560
v 0.141309 -0.041114 0.094491
v 0.149290 0.029941 0.072084
v 0.136334 -0.007013 0.093128
v 0.109789 -0.187444 0.115546
v 0.116204 -0.151809 0.112834
v 0.117860 -0.115204 0.110129
v 0.117011 -0.079090 0.108223
v 0.114851 -0.043756 0.107372
v 0.128872 0.029426 0.091349
v 0.111307 -0.008932 0.107197
v 0.074813 -0.190379 0.111954
v 0.084389 -0.155213 0.115106
v 0.087825 -0.118657 0.116543
v 0.088274 -0.082386 0.117446
v 0.087154 -0.046674 0.117518
v 0.084669 -0.011182 0.117643
v 0.104528 0.028162 0.104941
v 0.041892 -0.192231 0.100704
v 0.053165 -0.159506 0.113796
v 0.057980 -0.123159 0.122723
v 0.059187 -0.086056 0.125331
v 0.058869 -0.049574 0.125878
v 0.057323 -0.013341 0.125525
v 0.078952 0.026460 0.115055
v 0.015366 -0.188849 0.078742
v 0.023811 -0.165316 0.111726
v 0.028694 -0.128870 0.127577
v 0.029890 -0.090152 0.131204
v 0.029897 -0.052267 0.131158
v 0.029252 -0.015001 0.130086
v 0.052921 0.024879 0.122067
v 0.000442 -0.180377 0.049069
v 0.000394 -0.164032 0.095555
v 0.000594 -0.135838 0.128646
v 0.000620 -0.094638 0.134158
v 0.000691 -0.054679 0.133380
v 0.000829 -0.015669 0.131661
v 0.026652 0.023881 0.125544
v 0.071527 -0.982906 0.005941
v 0.068738 -0.937655 0.038852
v 0.058854 -0.946310 -0.001194
v 0.082287 -0.961408 0.088488
v 0.072724 -0.974301 0.048479
v 0.099436 -0.937925 0.124026
v 0.077352 -0.925249 0.078847
v 0.133968 -0.907484 0.136299
v 0.093903 -0.910780 0.110592
v 0.176250 -0.899376 0.133584
v 0.132446 -0.899305 0.099040
v 0.214558 -0.897821 0.093057
v 0.173732 -0.887628 0.098769
v 0.213650 -0.921198 0.119572
v 0.253530 -0.921053 0.082203
v 0.244646 -0.952514 0.095872
v 0.281227 -0.939215 0.056707
v 0.275343 -0.985453 0.022292
v 0.266245 -0.975082 0.062611
v -0.197356 -0.235327 0.002996
v -0.193396 -0.264380 -0.031184
v -0.197947 -0.271640 0.004508
v -0.188287 -0.300860 -0.028152
v -0.199932 -0.307922 0.005683
v -0.185519 -0.337573 -0.025088
v -0.203139 -0.344116 0.006408
v -0.185526 -0.374442 -0.022501
v -0.207980 -0.380085 0.006237
v -0.188436 -0.411305 -0.021114
v -0.214710 -0.415616 0.005015
v -0.196222 -0.447401 -0.022891
v -0.223495 -0.450617 0.002498
v -0.207734 -0.482165 -0.027702
v -0.230185 -0.486226 0.001670
v -0.218478 -0.517254 -0.031348
v -0.235090 -0.522183 0.001827
v -0.227268 -0.553030 -0.033229
v -0.238317 -0.558319 0.002702
v -0.232236 -0.589608 -0.033043
v -0.239553 -0.594450 0.004371
v -0.231191 -0.626368 -0.030739
v -0.237857 -0.630461 0.007135
v -0.227528 -0.662922 -0.027522
v -0.239136 -0.666582 0.009355
v -0.226772 -0.699700 -0.024697
v -0.242050 -0.702648 0.011322
v -0.228919 -0.736483 -0.022492
v -0.246201 -0.738569 0.013110
v -0.232754 -0.773165 -0.021116
v -0.252544 -0.774102 0.013985
v -0.241152 -0.809062 -0.021761
v -0.262118 -0.808877 0.013343
v -0.252648 -0.844103 -0.023724
v -0.267728 -0.844545 0.014687
v -0.260859 -0.880046 -0.023592
v -0.271451 -0.880441 0.017099
v -0.263804 -0.916716 -0.020692
v -0.273997 -0.916339 0.020537
v -0.264942 -0.953393 -0.016630
v -0.276336 -0.952051 0.025160
v -0.199812 -0.228088 -0.034187
v -0.197674 -0.257806 -0.067791
v -0.194134 -0.294876 -0.064680
v -0.188229 -0.331616 -0.061737
v -0.183073 -0.368410 -0.058860
v -0.178374 -0.405231 -0.056105
v -0.176602 -0.442311 -0.053851
v -0.180982 -0.479257 -0.053969
v -0.191114 -0.514957 -0.057586
v -0.202147 -0.550298 -0.061781
v -0.213124 -0.585625 -0.065968
v -0.219668 -0.622175 -0.067284
v -0.221463 -0.659307 -0.065907
v -0.221722 -0.696419 -0.063668
v -0.222424 -0.733519 -0.061723
v -0.223835 -0.770615 -0.060432
v -0.226416 -0.807666 -0.059741
v -0.232796 -0.844283 -0.060122
v -0.242081 -0.880260 -0.061619
v -0.245171 -0.917136 -0.060085
v -0.247155 -0.954130 -0.057450
v -0.193726 -0.221061 -0.070542
v -0.167442 -0.254499 -0.074843
v -0.175241 -0.289894 -0.082060
v -0.180069 -0.324939 -0.093377
v -0.179422 -0.361931 -0.094842
v -0.176635 -0.399228 -0.092823
v -0.172447 -0.436365 -0.090630
v -0.167510 -0.473372 -0.088330
v -0.169823 -0.510365 -0.088608
v -0.180324 -0.546113 -0.092696
v -0.190765 -0.581826 -0.097024
v -0.197654 -0.618617 -0.098933
v -0.202620 -0.655865 -0.099659
v -0.205966 -0.693312 -0.099029
v -0.209041 -0.730725 -0.098587
v -0.211890 -0.768097 -0.098438
v -0.214882 -0.805430 -0.098471
v -0.218064 -0.842756 -0.098462
v -0.220241 -0.880117 -0.097956
v -0.221573 -0.917417 -0.096785
v -0.223132 -0.954706 -0.095032
v -0.160035 -0.219700 -0.085418
v -0.136706 -0.255485 -0.095928
v -0.142153 -0.290670 -0.083585
v -0.149533 -0.327015 -0.076872
v -0.153531 -0.361442 -0.089027
v -0.150546 -0.429287 -0.115942
v -0.152698 -0.466701 -0.120031
v -0.154136 -0.503996 -0.122186
v -0.158446 -0.541311 -0.122421
v -0.161914 -0.578886 -0.121154
v -0.165160 -0.616397 -0.119110
v -0.168610 -0.653901 -0.118073
v -0.172107 -0.691438 -0.117901
v -0.175588 -0.729046 -0.118554
v -0.178868 -0.766699 -0.119431
v -0.181898 -0.804383 -0.120381
v -0.184651 -0.842069 -0.121252
v -0.187143 -0.879723 -0.122926
v -0.189294 -0.917342 -0.124220
v -0.191399 -0.954916 -0.124539
v -0.128145 -0.220224 -0.105554
v -0.100531 -0.253117 -0.098329
v -0.107893 -0.289979 -0.095964
v -0.114557 -0.326525 -0.089203
v -0.121245 -0.363172 -0.082713
v -0.126260 -0.399462 -0.082663
v -0.148828 -0.392099 -0.109928
v -0.115289 -0.425642 -0.106340
v -0.116313 -0.462711 -0.114013
v -0.118629 -0.500506 -0.118593
v -0.121037 -0.538378 -0.122214
v -0.123850 -0.576320 -0.123692
v -0.126796 -0.614276 -0.123758
v -0.129891 -0.652179 -0.122800
v -0.133032 -0.690033 -0.121924
v -0.136127 -0.727849 -0.120969
v -0.139087 -0.765664 -0.120908
v -0.141804 -0.803493 -0.122049
v -0.144371 -0.841323 -0.123969
v -0.146722 -0.879154 -0.127886
v -0.149038 -0.916991 -0.131941
v -0.151325 -0.954833 -0.135443
v -0.089742 -0.218276 -0.107669
v -0.063761 -0.249003 -0.090965
v -0.071585 -0.285761 -0.087051
v -0.077880 -0.323163 -0.084553
v -0.084237 -0.360619 -0.080521
v -0.090410 -0.398128 -0.076104
v -0.091740 -0.432205 -0.078534
v -0.082525 -0.460040 -0.097226
v -0.084540 -0.498004 -0.102129
v -0.086013 -0.535952 -0.107471
v -0.087442 -0.573939 -0.112522
v -0.089760 -0.612085 -0.115062
v -0.091711 -0.650179 -0.116328
v -0.094743 -0.688222 -0.113455
v -0.097723 -0.726273 -0.111279
v -0.100545 -0.764343 -0.110106
v -0.103352 -0.802416 -0.109575
v -0.105911 -0.840526 -0.110251
v -0.108270 -0.878669 -0.112826
v -0.110774 -0.916806 -0.115835
v -0.113256 -0.954940 -0.118399
v -0.051843 -0.214696 -0.099908
v -0.031056 -0.243080 -0.072434
v -0.039561 -0.279656 -0.068307
v -0.045879 -0.317434 -0.066060
v -0.052200 -0.355367 -0.062712
v -0.058301 -0.393314 -0.058615
v -0.063886 -0.430588 -0.054331
v -0.053234 -0.458050 -0.073370
v -0.056849 -0.496391 -0.076513
v -0.061856 -0.534598 -0.078754
v -0.071795 -0.571861 -0.078915
v -0.081330 -0.609129 -0.078829
v -0.078260 -0.647385 -0.081204
v -0.069208 -0.684644 -0.085098
v -0.068254 -0.723237 -0.085400
v -0.069441 -0.761870 -0.085030
v -0.071462 -0.800481 -0.084615
v -0.074135 -0.839053 -0.084072
v -0.077589 -0.877537 -0.083879
v -0.081700 -0.915938 -0.083976
v -0.087108 -0.954136 -0.082939
v -0.021424 -0.207609 -0.076344
v -0.011074 -0.234052 -0.039800
v -0.019728 -0.270628 -0.037101
v -0.027205 -0.308554 -0.035104
v -0.033084 -0.346806 -0.032035
v -0.042203 -0.384152 -0.026359
v -0.034663 -0.419097 -0.034446
v -0.035840 -0.455765 -0.040584
v -0.042558 -0.494015 -0.041684
v -0.054387 -0.531020 -0.041667
v -0.067155 -0.567719 -0.040976
v -0.073053 -0.606015 -0.040984
v -0.066791 -0.644155 -0.043973
v -0.054914 -0.680930 -0.048510
v -0.050579 -0.719567 -0.050006
v -0.049359 -0.758516 -0.050302
v -0.049841 -0.797491 -0.050099
v -0.052090 -0.836394 -0.049063
v -0.056209 -0.875112 -0.047035
v -0.062647 -0.913403 -0.044367
v -0.071221 -0.951128 -0.040829
v -0.006504 -0.197731 -0.040910
v -0.006545 -0.223090 0.000311
v -0.013462 -0.260181 0.000357
v -0.021324 -0.298204 0.000621
v -0.021260 -0.336928 0.001960
v -0.022770 -0.375328 0.002190
v -0.030251 -0.413088 -0.001162
v -0.037793 -0.450846 -0.003281
v -0.040640 -0.489309 -0.004016
v -0.051369 -0.526080 -0.004054
v -0.057858 -0.564011 -0.004264
v -0.057971 -0.602475 -0.005598
v -0.053381 -0.640541 -0.007470
v -0.046989 -0.678020 -0.010358
v -0.045985 -0.716564 -0.011095
v -0.045841 -0.755152 -0.010850
v -0.046799 -0.793691 -0.010170
v -0.048267 -0.832122 -0.008853
v -0.050157 -0.870482 -0.006552
v -0.052960 -0.908781 -0.002796
v -0.063336 -0.945546 0.002783
v -0.001244 -0.014094 -0.145838
v -0.027674 0.024164 -0.134693
v -0.001348 0.024414 -0.134591
v -0.029845 -0.013632 -0.146031
v -0.054330 0.024974 -0.134115
v -0.058387 -0.012457 -0.144921
v -0.081005 0.026275 -0.130626
v -0.086721 -0.010872 -0.140756
v -0.107286 0.027446 -0.124143
v -0.114000 -0.009625 -0.131524
v -0.131860 0.028009 -0.112659
v -0.138404 -0.009036 -0.115571
v -0.150172 0.028231 -0.091885
v -0.154935 -0.009086 -0.091109
v -0.162499 0.028211 -0.066215
v -0.167145 -0.009553 -0.064171
v -0.169552 0.027052 -0.037930
v -0.174919 -0.010942 -0.035833
v -0.173062 0.024528 -0.007949
v -0.030971 -0.050566 -0.153080
v -0.060916 -0.048603 -0.152947
v -0.090432 -0.046560 -0.147679
v -0.117279 -0.045268 -0.134305
v -0.140356 -0.044436 -0.114883
v -0.157365 -0.044461 -0.090017
v -0.170475 -0.045155 -0.062939
v -0.179867 -0.046836 -0.034576
v -0.179530 -0.013826 -0.007087
v -0.001233 -0.052298 -0.151807
v -0.030776 -0.088897 -0.152124
v -0.061053 -0.086558 -0.153695
v -0.091033 -0.084106 -0.147828
v -0.118423 -0.082042 -0.134041
v -0.141952 -0.080608 -0.114087
v -0.159560 -0.080298 -0.088770
v -0.173864 -0.080907 -0.061577
v -0.185031 -0.082620 -0.033192
v -0.185915 -0.049772 -0.005608
v -0.001125 -0.091556 -0.147781
v -0.028583 -0.126421 -0.138235
v -0.058259 -0.124715 -0.144637
v -0.088772 -0.122110 -0.142313
v -0.117211 -0.119374 -0.130222
v -0.142065 -0.117338 -0.111546
v -0.160833 -0.116555 -0.086682
v -0.176815 -0.117092 -0.059910
v -0.189264 -0.118956 -0.031536
v -0.191848 -0.085704 -0.003794
v -0.000687 -0.129284 -0.129699
v -0.025694 -0.157985 -0.110843
v -0.051706 -0.159203 -0.124969
v -0.082648 -0.158524 -0.129545
v -0.112890 -0.156292 -0.122706
v -0.140233 -0.154230 -0.107837
v -0.161987 -0.153086 -0.085229
v -0.179231 -0.153814 -0.058838
v -0.192680 -0.156028 -0.030419
v -0.197211 -0.122263 -0.001844
v 0.000151 -0.159546 -0.095327
v -0.017629 -0.183922 -0.078292
v -0.039952 -0.188263 -0.100855
v -0.071191 -0.191509 -0.114724
v -0.104942 -0.191489 -0.115052
v -0.137741 -0.190341 -0.106915
v -0.166217 -0.188526 -0.088465
v -0.188892 -0.188662 -0.063988
v -0.200659 -0.192474 -0.032276
v -0.200366 -0.159764 -0.000179
v 0.000673 -0.177958 -0.047103
v -0.199606 -0.197580 0.001142
v -0.076679 -0.981964 0.009822
v -0.071221 -0.951128 -0.040829
v -0.063336 -0.945546 0.002783
v -0.081363 -0.988491 -0.034435
v -0.087108 -0.954136 -0.082939
v -0.094201 -0.992397 -0.077930
v -0.113256 -0.954940 -0.118399
v -0.114934 -0.994007 -0.117589
v -0.151325 -0.954833 -0.135443
v -0.190442 -0.994036 -0.124085
v -0.151240 -0.994035 -0.136910
v -0.222152 -0.993984 -0.094235
v -0.191399 -0.954916 -0.124539
v -0.246389 -0.993450 -0.056721
v -0.223132 -0.954706 -0.095032
v -0.258984 -0.992124 -0.013930
v -0.247155 -0.954130 -0.057450
v -0.261431 -0.988164 0.029442
v -0.264942 -0.953393 -0.016630
v 0.126043 0.081083 0.084832
v 0.141218 0.081149 0.063859
v 0.122526 0.081046 0.082308
v 0.165641 0.079855 -0.037073
v 0.154346 0.080547 -0.061300
v 0.161021 0.079851 -0.036199
v 0.024501 0.077885 -0.113272
v 0.049026 0.078886 -0.110835
v 0.050435 0.078862 -0.114186
v -0.147579 0.080865 -0.084189
v -0.155356 0.079747 -0.058814
v -0.143470 0.080834 -0.082002
v 0.102270 0.081106 -0.113033
v 0.122945 0.081769 -0.100566
v 0.126473 0.081827 -0.103361
v -0.053221 0.078533 -0.113964
v -0.076934 0.079521 -0.112494
v -0.051742 0.078566 -0.110617
v 0.053569 0.078758 0.118950
v 0.076408 0.079402 0.106792
v 0.052072 0.078785 0.115475
v -0.157949 0.080301 0.044626
v -0.161105 0.079588 0.018169
v -0.165720 0.079584 0.018855
v 0.000993 0.078164 0.124118
v -0.024706 0.078287 0.119385
v -0.025411 0.078246 0.122972
v 0.145271 0.081189 0.065855
v 0.154351 0.080783 0.041168
v -0.076872 0.079122 0.110745
v -0.098425 0.079846 0.096922
v -0.101242 0.079849 0.099865
v -0.079136 0.079515 -0.115901
v -0.101746 0.080500 -0.108878
v 0.146075 0.081556 -0.086085
v 0.158775 0.080570 -0.062893
v -0.001398 0.077472 -0.113258
v 0.023814 0.077937 -0.110045
v -0.166216 0.078896 -0.034454
v -0.159806 0.079748 -0.060336
v -0.143899 0.080895 0.067652
v -0.153551 0.080285 0.043223
v 0.076448 0.080074 -0.116503
v 0.099416 0.081068 -0.109919
v 0.078603 0.079392 0.110018
v 0.100193 0.080121 0.096013
v 0.158779 0.080813 0.042513
v 0.161373 0.080301 0.015999
v -0.026536 0.077806 -0.110065
v -0.001363 0.077535 -0.110020
v 0.026632 0.078370 0.119247
v 0.000961 0.078208 0.120499
v -0.104659 0.080522 -0.111963
v -0.125103 0.081175 -0.099320
v -0.124316 0.080667 0.086085
v -0.139892 0.080862 0.065607
v 0.166003 0.080317 0.016622
v 0.163415 0.079684 -0.010206
v -0.051655 0.078603 0.119304
v -0.074733 0.079139 0.107499
v 0.103070 0.080132 0.098930
v 0.142000 0.081505 -0.083845
v -0.027293 0.077751 -0.113286
v 0.027400 0.078331 0.122830
v 0.168104 0.079682 -0.010334
v -0.163640 0.078964 -0.007807
v -0.168327 0.078942 -0.007866
v 0.074314 0.080064 -0.113085
v -0.128686 0.081216 -0.102081
v -0.050219 0.078635 0.115819
v -0.120856 0.080641 0.083526
v -0.161588 0.078919 -0.033654
v 0.025888 0.073575 0.115775
v 0.000931 0.073419 0.116992
v 0.072245 0.075223 -0.110306
v 0.050621 0.073976 0.112107
v 0.047660 0.074100 -0.108871
v 0.074282 0.074572 0.103665
v 0.023149 0.073191 -0.108874
v 0.097406 0.075265 0.093186
v -0.025803 0.073064 -0.108892
v -0.001329 0.072805 -0.109155
v 0.119118 0.076157 0.079861
v -0.159097 0.074125 -0.007749
v -0.050308 0.073789 -0.108673
v 0.137291 0.076252 0.061926
v -0.156633 0.074732 0.017505
v -0.074801 0.074695 -0.109752
v 0.150058 0.075893 0.039865
v -0.149289 0.075410 0.041862
v -0.098923 0.075632 -0.105986
v 0.156885 0.075424 0.015395
v -0.136009 0.075974 0.063625
v -0.121631 0.076278 -0.096683
v 0.156543 0.074986 -0.035353
v 0.158871 0.074824 -0.010082
v -0.117502 0.075765 0.081046
v -0.139488 0.075942 -0.079880
v 0.150054 0.075662 -0.059756
v -0.095694 0.074998 0.094070
v -0.151044 0.074885 -0.057339
v -0.072660 0.074317 0.104353
v 0.138051 0.076595 -0.081674
v -0.048828 0.073830 0.112442
v 0.119525 0.076856 -0.097893
v -0.024024 0.073495 0.115908
v -0.157102 0.074082 -0.032878
v 0.096650 0.076184 -0.106994
v -0.000137 0.067861 -0.005691
v 0.227167 -0.994129 -0.096839
v 0.191881 -0.993958 -0.119050
v 0.192760 -0.994666 -0.123469
v 0.244506 -0.953052 0.096088
v 0.212018 -0.922680 0.116174
v 0.241795 -0.953232 0.093084
v 0.071726 -0.983482 0.006058
v 0.081575 -0.988804 -0.036556
v 0.075132 -0.983170 0.006126
v 0.078405 -0.989323 -0.038118
v 0.095666 -0.992167 -0.078009
v 0.254891 -0.992699 -0.062065
v 0.225070 -0.993440 -0.093300
v 0.099523 -0.938389 0.124237
v 0.135193 -0.908656 0.132522
v 0.133992 -0.907707 0.136881
v 0.270833 -0.990840 -0.020604
v 0.251813 -0.992060 -0.059708
v 0.076155 -0.974870 0.047287
v 0.072786 -0.974878 0.048633
v 0.266009 -0.975646 0.062703
v 0.262537 -0.975530 0.060848
v 0.093013 -0.992809 -0.081024
v 0.118220 -0.993861 -0.114709
v 0.085395 -0.962121 0.085916
v 0.082365 -0.961995 0.088641
v 0.275102 -0.986016 0.022381
v 0.271308 -0.985614 0.021924
v 0.116395 -0.994566 -0.118967
v 0.153990 -0.993952 -0.132053
v 0.176289 -0.899689 0.134128
v 0.175994 -0.901095 0.129851
v 0.213636 -0.921659 0.119989
v 0.101945 -0.938687 0.120308
v 0.267190 -0.990267 -0.019631
v 0.153478 -0.994660 -0.136894
v -0.261193 -0.988740 0.029510
v -0.255601 -0.992148 -0.012881
v -0.257824 -0.988289 0.029054
v -0.080447 -0.972969 0.052234
v -0.091988 -0.954797 0.089865
v -0.083487 -0.973041 0.051008
v -0.253089 -0.980418 0.070765
v -0.233600 -0.959548 0.104709
v -0.236079 -0.959050 0.107879
v -0.076892 -0.982545 0.009935
v -0.080058 -0.982313 0.010133
v -0.089260 -0.954211 0.092483
v -0.106253 -0.927759 0.125351
v -0.104050 -0.926648 0.129212
v -0.139760 -0.908130 0.144837
v -0.114961 -0.994630 -0.117563
v -0.151769 -0.993999 -0.131822
v -0.151239 -0.994660 -0.136917
v -0.138788 -0.906785 0.149409
v -0.179054 -0.907727 0.153345
v -0.190427 -0.994660 -0.124065
v -0.189567 -0.993999 -0.119372
v -0.250007 -0.980261 0.068873
v -0.084526 -0.988623 -0.032621
v -0.081524 -0.989087 -0.034328
v -0.222137 -0.994610 -0.094213
v -0.220152 -0.993950 -0.090488
v -0.096863 -0.992404 -0.074653
v -0.094314 -0.993007 -0.077841
v -0.212028 -0.924661 0.139283
v -0.179527 -0.907357 0.158229
v -0.246377 -0.994077 -0.056704
v -0.243533 -0.993436 -0.054251
v -0.210403 -0.925435 0.135057
v -0.258889 -0.992742 -0.013885
v -0.116777 -0.993969 -0.113087
v -0.175928 -0.900923 0.121005
v -0.146173 -0.901842 0.114535
v -0.128769 -0.968450 -0.082314
v -0.233894 -0.967071 -0.006025
v -0.235577 -0.964149 0.026080
v -0.120800 -0.916149 0.099642
v -0.113689 -0.967265 -0.052880
v -0.100964 -0.959624 0.011574
v -0.109998 -0.937197 0.072505
v -0.104348 -0.964402 -0.020935
v -0.224755 -0.968047 -0.037537
v -0.103561 -0.952001 0.042877
v -0.229658 -0.957951 0.056349
v -0.207050 -0.968436 -0.065055
v -0.217234 -0.941073 0.083682
v -0.183890 -0.968473 -0.087129
v -0.199667 -0.916483 0.106941
v -0.155267 -0.968473 -0.096649
v 0.241569 -0.965081 -0.012541
v 0.157590 -0.967815 -0.096439
v 0.118981 -0.921043 0.092460
v 0.103869 -0.963995 -0.025136
v 0.099090 -0.959816 0.006736
v 0.131054 -0.967747 -0.083498
v 0.106703 -0.941092 0.066650
v 0.244623 -0.961629 0.018752
v 0.114323 -0.966490 -0.056016
v 0.099848 -0.953608 0.037760
v 0.238116 -0.952191 0.047780
v 0.222729 -0.933153 0.071896
v 0.230161 -0.966411 -0.042520
v 0.200639 -0.911065 0.089237
v 0.210321 -0.967435 -0.067478
v 0.143646 -0.899595 0.101619
v 0.173914 -0.896004 0.099559
v 0.185700 -0.967819 -0.086660
v 0.167938 -0.953374 0.009671
v -0.166179 -0.954849 0.016881
v -0.261193 -0.988740 0.029510
v -0.258889 -0.992742 -0.013885
v -0.246377 -0.994077 -0.056704
v -0.222137 -0.994610 -0.094213
v -0.190427 -0.994660 -0.124065
v -0.151239 -0.994660 -0.136917
v -0.114961 -0.994630 -0.117563
v -0.094314 -0.993007 -0.077841
v -0.081524 -0.989087 -0.034328
v -0.076892 -0.982545 0.009935
v -0.261193 -0.988740 0.029510
v -0.253089 -0.980418 0.070765
v -0.236079 -0.959050 0.107879
v -0.212028 -0.924661 0.139283
v -0.179527 -0.907357 0.158229
v -0.138788 -0.906785 0.149409
v -0.104050 -0.926648 0.129212
v -0.089260 -0.954211 0.092483
v -0.080447 -0.972969 0.052234
v -0.076892 -0.982545 0.009935
v 0.266009 -0.975646 0.062703
v 0.244506 -0.953052 0.096088
v 0.213636 -0.921659 0.119989
v 0.176289 -0.899689 0.134128
v 0.133992 -0.907707 0.136881
v 0.099523 -0.938389 0.124237
v 0.082365 -0.961995 0.088641
v 0.072786 -0.974878 0.048633
v 0.071726 -0.983482 0.006058
v 0.275102 -0.986016 0.022381
v 0.270833 -0.990840 -0.020604
v 0.254891 -0.992699 -0.062065
v 0.227167 -0.994129 -0.096839
v 0.192760 -0.994666 -0.123469
v 0.153478 -0.994660 -0.136894
v 0.116395 -0.994566 -0.118967
v 0.093013 -0.992809 -0.081024
v 0.078405 -0.989323 -0.038118
v 0.071726 -0.983482 0.006058
v 0.097876 0.027862 -0.123101
v 0.103939 0.031083 -0.125230
v 0.103724 0.028123 -0.121308
v 0.103398 0.029126 -0.120790
v 0.097593 0.028890 -0.122610
v 0.103516 0.031901 -0.124475
v 0.097593 0.028890 -0.122610
v 0.103398 0.029126 -0.120790
v 0.102274 0.037396 -0.126027
v 0.097897 0.030544 -0.126498
v 0.102726 0.037030 -0.126960
v 0.103516 0.031901 -0.124475
v 0.100695 0.044972 -0.125619
v 0.097351 0.036754 -0.128290
v 0.101082 0.044919 -0.126541
v 0.102726 0.037030 -0.126960
v 0.098274 0.029697 -0.127242
v 0.097765 0.036403 -0.129247
v 0.101082 0.044919 -0.126541
v 0.096260 0.044577 -0.128421
v 0.099891 0.053124 -0.125204
v 0.099891 0.053124 -0.125204
v 0.095258 0.061199 -0.125379
v 0.099900 0.061189 -0.123995
v 0.099598 0.060922 -0.123116
v 0.099574 0.052994 -0.124317
v 0.099574 0.052994 -0.124317
v 0.095919 0.044613 -0.127482
v 0.094990 0.060927 -0.124490
v 0.094961 0.052785 -0.125805
v 0.099598 0.060922 -0.123116
v 0.095633 0.068794 -0.123018
v 0.100339 0.068625 -0.121641
v 0.100339 0.068625 -0.121641
v 0.096181 0.075872 -0.120300
v 0.100647 0.069043 -0.122492
v 0.101180 0.075372 -0.118921
v 0.095898 0.069216 -0.123879
v 0.100647 0.069043 -0.122492
v 0.096431 0.076557 -0.121019
v 0.101482 0.076061 -0.119625
v 0.095825 0.080610 -0.115586
v 0.101791 0.080046 -0.114451
v 0.101640 0.079071 -0.114245
v 0.101180 0.075372 -0.118921
v 0.095635 0.079620 -0.111395
v 0.101450 0.079868 -0.110247
v 0.095727 0.079635 -0.115398
v 0.101640 0.079071 -0.114245
v 0.095651 0.078644 -0.111573
v 0.101428 0.078888 -0.110375
v 0.089902 0.078193 -0.112692
v 0.090379 0.079446 -0.116816
v 0.089821 0.079151 -0.112459
v 0.095651 0.078644 -0.111573
v 0.084671 0.079957 -0.117738
v 0.090402 0.080411 -0.117020
v 0.089821 0.079151 -0.112459
v 0.084066 0.078019 -0.113522
v 0.078863 0.079892 -0.118266
v 0.083983 0.078981 -0.113315
v 0.078217 0.077966 -0.113875
v 0.084066 0.078019 -0.113522
v 0.084677 0.078987 -0.117529
v 0.078919 0.078936 -0.118013
v 0.078217 0.077966 -0.113875
v 0.072946 0.077685 -0.117920
v 0.078121 0.078940 -0.113738
v 0.072369 0.077711 -0.113920
v 0.072245 0.078691 -0.113832
v 0.072841 0.078633 -0.118193
v 0.078121 0.078940 -0.113738
v 0.074571 0.074476 -0.123198
v 0.080118 0.075754 -0.123340
v 0.074571 0.074476 -0.123198
v 0.072841 0.078633 -0.118193
v 0.085637 0.075950 -0.122924
v 0.080667 0.068802 -0.126336
v 0.085763 0.068897 -0.125783
v 0.090900 0.068935 -0.124931
v 0.091037 0.075985 -0.122079
v 0.090417 0.060929 -0.126473
v 0.090402 0.052646 -0.127851
v 0.085520 0.060933 -0.127369
v 0.095242 0.052924 -0.126703
v 0.085523 0.052626 -0.128771
v 0.080629 0.060944 -0.128097
v 0.080674 0.052705 -0.129611
v 0.075675 0.060742 -0.128354
v 0.075464 0.068194 -0.126265
v 0.075852 0.052694 -0.130112
v 0.075590 0.060435 -0.127443
v 0.075433 0.067737 -0.125394
v 0.080523 0.052547 -0.128690
v 0.075590 0.060435 -0.127443
v 0.075735 0.052531 -0.129182
v 0.080503 0.060649 -0.127190
v 0.075433 0.067737 -0.125394
v 0.080582 0.068355 -0.125459
v 0.074607 0.073806 -0.122455
v 0.074607 0.073806 -0.122455
v 0.085606 0.068465 -0.124910
v 0.080086 0.075074 -0.122596
v 0.085342 0.060655 -0.126466
v 0.090697 0.068506 -0.124060
v 0.085523 0.075271 -0.122185
v 0.090203 0.060650 -0.125573
v 0.090180 0.052495 -0.126940
v 0.085331 0.052478 -0.127855
v 0.081101 0.044210 -0.130788
v 0.086036 0.044171 -0.129830
v 0.091059 0.044175 -0.128835
v 0.086831 0.035975 -0.131242
v 0.092203 0.036194 -0.129954
v 0.086947 0.029850 -0.129589
v 0.092555 0.030156 -0.128436
v 0.081546 0.036016 -0.132222
v 0.081043 0.029622 -0.130998
v 0.076152 0.036525 -0.132570
v 0.075242 0.030120 -0.131357
v 0.076267 0.044408 -0.132192
v 0.076130 0.044420 -0.131208
v 0.076294 0.036192 -0.133602
v 0.076294 0.036192 -0.133602
v 0.081281 0.044199 -0.131766
v 0.081756 0.035679 -0.133247
v 0.081242 0.028764 -0.131797
v 0.086264 0.044157 -0.130798
v 0.087114 0.035626 -0.132251
v 0.087218 0.028967 -0.130349
v 0.091327 0.044158 -0.129795
v 0.092537 0.035849 -0.130944
v 0.092871 0.029303 -0.129200
v 0.092008 0.027502 -0.124772
v 0.086093 0.027412 -0.126213
v 0.080159 0.027224 -0.127479
v 0.085891 0.028483 -0.125775
v 0.080003 0.028286 -0.127001
v 0.091784 0.028558 -0.124325
v 0.085891 0.028483 -0.125775
v 0.091784 0.028558 -0.124325
v 0.092008 0.027502 -0.124772
v 0.074084 0.027979 -0.128131
v 0.074203 0.026934 -0.128651
v 0.075383 0.029254 -0.132160
v 0.080159 0.027224 -0.127479
v 0.075383 0.029254 -0.132160
v 0.076267 0.044408 -0.132192
v 0.075852 0.052694 -0.130112
v 0.090872 0.075306 -0.121341
v 0.066437 0.025443 0.115555
v 0.063028 0.027932 0.121519
v 0.060604 0.025193 0.117247
v 0.060491 0.026248 0.116835
v 0.066304 0.026515 0.115196
v 0.062854 0.028849 0.120839
v 0.066304 0.026515 0.115196
v 0.060491 0.026248 0.116835
v 0.064435 0.034223 0.122515
v 0.068591 0.027772 0.119101
v 0.064644 0.033718 0.123442
v 0.062854 0.028849 0.120839
v 0.070082 0.041316 0.121624
v 0.069791 0.033593 0.121489
v 0.065255 0.041475 0.123691
v 0.064644 0.033718 0.123442
v 0.070046 0.033086 0.122413
v 0.070344 0.041118 0.122561
v 0.065255 0.041475 0.123691
v 0.070253 0.049475 0.122014
v 0.065455 0.049675 0.123248
v 0.065038 0.041674 0.122744
v 0.065676 0.057775 0.123056
v 0.065436 0.057637 0.122135
v 0.065225 0.049683 0.122330
v 0.065038 0.041674 0.122744
v 0.069989 0.049488 0.121105
v 0.065436 0.057637 0.122135
v 0.065225 0.049683 0.122330
v 0.065394 0.065390 0.121786
v 0.070210 0.057695 0.120909
v 0.065394 0.065390 0.121786
v 0.064528 0.072255 0.120397
v 0.070351 0.065667 0.120593
v 0.065618 0.065690 0.122702
v 0.070482 0.057825 0.121820
v 0.065618 0.065690 0.122702
v 0.070619 0.065957 0.121497
v 0.064690 0.072850 0.121219
v 0.068352 0.078170 0.115605
v 0.062395 0.077233 0.117514
v 0.064690 0.072850 0.121219
v 0.062388 0.076283 0.117142
v 0.066521 0.077476 0.111808
v 0.060912 0.077484 0.113983
v 0.062388 0.076283 0.117142
v 0.068309 0.077229 0.115279
v 0.069790 0.072958 0.119140
v 0.066595 0.076490 0.111854
v 0.060999 0.076490 0.113965
v 0.072169 0.076942 0.109704
v 0.073761 0.077754 0.113727
v 0.072169 0.076942 0.109704
v 0.066595 0.076490 0.111854
v 0.072125 0.077929 0.109598
v 0.079249 0.078557 0.111636
v 0.073884 0.078697 0.114040
v 0.072125 0.077929 0.109598
v 0.077736 0.077176 0.107377
v 0.084733 0.078421 0.109475
v 0.077712 0.078164 0.107311
v 0.083247 0.077192 0.104940
v 0.077736 0.077176 0.107377
v 0.079101 0.077614 0.111326
v 0.084517 0.077504 0.109132
v 0.083247 0.077192 0.104940
v 0.089924 0.076311 0.106554
v 0.083282 0.078183 0.104947
v 0.088758 0.076998 0.102499
v 0.088846 0.077982 0.102550
v 0.090202 0.077217 0.106904
v 0.083282 0.078183 0.104947
v 0.090375 0.072215 0.111201
v 0.085528 0.073549 0.113833
v 0.090375 0.072215 0.111201
v 0.090202 0.077217 0.106904
v 0.080428 0.073833 0.116092
v 0.089778 0.065474 0.113382
v 0.085215 0.066162 0.115877
v 0.080480 0.066342 0.117955
v 0.075290 0.073714 0.118109
v 0.075563 0.066278 0.119859
v 0.070008 0.073534 0.119946
v 0.080013 0.058139 0.118460
v 0.075282 0.058049 0.120240
v 0.079730 0.049737 0.118609
v 0.075026 0.049657 0.120406
v 0.084394 0.049747 0.116778
v 0.084649 0.058057 0.116555
v 0.088872 0.049654 0.114663
v 0.089151 0.057761 0.114322
v 0.088721 0.057610 0.113475
v 0.089315 0.065159 0.112568
v 0.084251 0.057915 0.115691
v 0.088460 0.049661 0.113811
v 0.084014 0.049755 0.115912
v 0.084792 0.065852 0.115037
v 0.088721 0.057610 0.113475
v 0.085121 0.072980 0.113094
v 0.089315 0.065159 0.112568
v 0.089909 0.071662 0.110485
v 0.080084 0.073255 0.115326
v 0.080114 0.066041 0.117086
v 0.079659 0.058007 0.117576
v 0.074984 0.073141 0.117325
v 0.075234 0.065984 0.118974
v 0.074960 0.057920 0.119345
v 0.079388 0.049746 0.117726
v 0.074708 0.049667 0.119515
v 0.079756 0.041487 0.118223
v 0.084521 0.041533 0.116365
v 0.074928 0.041353 0.120075
v 0.074985 0.033557 0.119949
v 0.080206 0.033589 0.118043
v 0.079418 0.028175 0.115491
v 0.074074 0.028002 0.117611
v 0.085226 0.033782 0.115966
v 0.085129 0.028310 0.113413
v 0.089038 0.041760 0.114052
v 0.089994 0.034481 0.113363
v 0.090306 0.029286 0.110573
v 0.089487 0.041566 0.114917
v 0.090494 0.033967 0.114184
v 0.085668 0.033265 0.116822
v 0.089487 0.041566 0.114917
v 0.084928 0.041343 0.117250
v 0.085482 0.027331 0.113954
v 0.090494 0.033967 0.114184
v 0.080580 0.033069 0.118929
v 0.080115 0.041302 0.119128
v 0.079699 0.027184 0.116048
v 0.075315 0.033041 0.120850
v 0.075255 0.041164 0.120992
v 0.074330 0.027036 0.118210
v 0.078026 0.026459 0.111734
v 0.072252 0.025958 0.113757
v 0.083788 0.026854 0.109599
v 0.083580 0.027969 0.109390
v 0.072093 0.027063 0.113493
v 0.077861 0.027575 0.111512
v 0.077861 0.027575 0.111512
v 0.072093 0.027063 0.113493
v 0.083580 0.027969 0.109390
v 0.072252 0.025958 0.113757
v 0.089274 0.028253 0.107183
v 0.089274 0.028253 0.107183
v 0.089534 0.027148 0.107401
v 0.089534 0.027148 0.107401
v 0.090716 0.028309 0.111083
v 0.090716 0.028309 0.111083
v 0.068794 0.026830 0.119737
v 0.089038 0.041760 0.114052
v 0.088460 0.049661 0.113811
v 0.089909 0.071662 0.110485
v -0.061232 0.026635 0.121593
v -0.065174 0.025107 0.115703
v -0.059327 0.024896 0.117332
v -0.059238 0.025991 0.117026
v -0.061091 0.027604 0.120978
v -0.065051 0.026206 0.115435
v -0.061091 0.027604 0.120978
v -0.059238 0.025991 0.117026
v -0.066723 0.026914 0.119846
v -0.062682 0.033501 0.123264
v -0.062881 0.032996 0.124194
v -0.068191 0.040781 0.122273
v -0.063326 0.041173 0.123417
v -0.063555 0.040977 0.124361
v -0.062881 0.032996 0.124194
v -0.066923 0.025952 0.120455
v -0.068464 0.040584 0.123206
v -0.068177 0.032285 0.123085
v -0.063555 0.040977 0.124361
v -0.068431 0.049088 0.122642
v -0.063683 0.049238 0.123908
v -0.063448 0.049250 0.122991
v -0.063729 0.057385 0.123754
v -0.063683 0.049238 0.123908
v -0.063500 0.057239 0.122831
v -0.068161 0.049106 0.121734
v -0.063500 0.057239 0.122831
v -0.068363 0.057279 0.121617
v -0.063231 0.064715 0.122327
v -0.063231 0.064715 0.122327
v -0.063426 0.065033 0.123246
v -0.068386 0.065147 0.121226
v -0.062148 0.071082 0.120995
v -0.063426 0.065033 0.123246
v -0.062282 0.071645 0.121840
v -0.068628 0.057410 0.122531
v -0.062282 0.071645 0.121840
v -0.068629 0.065446 0.122135
v -0.065994 0.077370 0.116852
v -0.067831 0.072680 0.120594
v -0.060090 0.075568 0.118108
v -0.060107 0.076482 0.118571
v -0.064378 0.077192 0.112505
v -0.058696 0.077263 0.114538
v -0.060090 0.075568 0.118108
v -0.058757 0.076269 0.114426
v -0.065940 0.076459 0.116441
v -0.064431 0.076203 0.112463
v -0.058757 0.076269 0.114426
v -0.064431 0.076203 0.112463
v -0.071405 0.077090 0.114367
v -0.070103 0.076660 0.110470
v -0.070040 0.077649 0.110414
v -0.071486 0.078031 0.114703
v -0.077046 0.078690 0.112765
v -0.075720 0.076907 0.108298
v -0.075648 0.077888 0.108197
v -0.082147 0.078607 0.110160
v -0.081202 0.076923 0.105921
v -0.081203 0.077909 0.105851
v -0.076944 0.077749 0.112449
v -0.070103 0.076660 0.110470
v -0.081981 0.077662 0.109886
v -0.075720 0.076907 0.108298
v -0.087575 0.076511 0.107464
v -0.081202 0.076923 0.105921
v -0.086682 0.076722 0.103477
v -0.086734 0.077707 0.103447
v -0.086734 0.077707 0.103447
v -0.087802 0.077450 0.107747
v -0.087802 0.077450 0.107747
v -0.088193 0.072931 0.112414
v -0.083464 0.073830 0.114859
v -0.088193 0.072931 0.112414
v -0.087766 0.072348 0.111694
v -0.078342 0.073645 0.116958
v -0.087779 0.065593 0.114480
v -0.083295 0.066086 0.116772
v -0.078540 0.066139 0.118772
v -0.073188 0.073365 0.118878
v -0.073599 0.065900 0.120582
v -0.078130 0.057864 0.119211
v -0.073397 0.057704 0.120955
v -0.077906 0.049462 0.119355
v -0.073154 0.049294 0.121031
v -0.082601 0.049510 0.117478
v -0.082785 0.057865 0.117275
v -0.087214 0.057576 0.115100
v -0.087076 0.049489 0.115276
v -0.086792 0.057445 0.114248
v -0.086653 0.049506 0.114429
v -0.087341 0.065303 0.113645
v -0.082211 0.049525 0.116615
v -0.086792 0.057445 0.114248
v -0.082392 0.057735 0.116409
v -0.082895 0.065796 0.115918
v -0.087341 0.065303 0.113645
v -0.083085 0.073251 0.114114
v -0.087766 0.072348 0.111694
v -0.078038 0.073073 0.116175
v -0.078194 0.065846 0.117894
v -0.077785 0.057738 0.118324
v -0.072923 0.072792 0.118081
v -0.073291 0.065604 0.119690
v -0.073084 0.057579 0.120055
v -0.077570 0.049476 0.118470
v -0.072844 0.049311 0.120136
v -0.082633 0.041445 0.116983
v -0.077891 0.041181 0.118955
v -0.072998 0.041013 0.120646
v -0.078266 0.033484 0.118677
v -0.073039 0.033030 0.120558
v -0.067912 0.032798 0.122167
v -0.077857 0.028082 0.116196
v -0.072383 0.027505 0.117895
v -0.083282 0.033953 0.116444
v -0.087257 0.041654 0.114499
v -0.083053 0.028489 0.113729
v -0.088077 0.034557 0.113663
v -0.087724 0.041441 0.115352
v -0.088570 0.034035 0.114479
v -0.088570 0.034035 0.114479
v -0.088632 0.029766 0.111320
v -0.089046 0.028843 0.111902
v -0.083740 0.033437 0.117287
v -0.087724 0.041441 0.115352
v -0.083420 0.027534 0.114291
v -0.078651 0.032965 0.119555
v -0.083057 0.041243 0.117859
v -0.078168 0.027116 0.116774
v -0.073319 0.040824 0.121564
v -0.073376 0.032511 0.121454
v -0.072651 0.026523 0.118461
v -0.076810 0.026107 0.112078
v -0.071003 0.025642 0.113978
v -0.082582 0.026475 0.110015
v -0.082332 0.027562 0.109718
v -0.076619 0.027215 0.111829
v -0.070835 0.026751 0.113747
v -0.076619 0.027215 0.111829
v -0.070835 0.026751 0.113747
v -0.065051 0.026206 0.115435
v -0.082332 0.027562 0.109718
v -0.088632 0.029766 0.111320
v -0.088045 0.027808 0.107549
v -0.088343 0.026742 0.107885
v -0.078248 0.040987 0.119861
v -0.087257 0.041654 0.114499
v -0.086653 0.049506 0.114429
v -0.067637 0.072120 0.119773
v -0.121600 0.029626 -0.118381
v -0.114994 0.027587 -0.116971
v -0.120616 0.027568 -0.114498
v -0.120301 0.028621 -0.114113
v -0.121135 0.030512 -0.117736
v -0.114726 0.028659 -0.116586
v -0.121135 0.030512 -0.117736
v -0.120301 0.028621 -0.114113
v -0.116123 0.029886 -0.120647
v -0.120296 0.036608 -0.119846
v -0.120830 0.036232 -0.120729
v -0.115664 0.036103 -0.122419
v -0.118667 0.044315 -0.119530
v -0.119119 0.044252 -0.120417
v -0.120830 0.036232 -0.120729
v -0.116536 0.029007 -0.121334
v -0.119119 0.044252 -0.120417
v -0.116141 0.035728 -0.123340
v -0.117965 0.052446 -0.119180
v -0.114633 0.044151 -0.122623
v -0.117965 0.052446 -0.119180
v -0.117570 0.052333 -0.118326
v -0.113508 0.060874 -0.119966
v -0.113503 0.052626 -0.121095
v -0.117629 0.060216 -0.117173
v -0.118030 0.060475 -0.118013
v -0.114221 0.044206 -0.121717
v -0.113141 0.060619 -0.119110
v -0.117629 0.060216 -0.117173
v -0.113661 0.068360 -0.117668
v -0.118243 0.067538 -0.115545
v -0.118030 0.060475 -0.118013
v -0.118669 0.067950 -0.116342
v -0.114044 0.075126 -0.115025
v -0.118937 0.073766 -0.112861
v -0.119368 0.074417 -0.113540
v -0.114044 0.068771 -0.118488
v -0.118669 0.067950 -0.116342
v -0.114409 0.075776 -0.115721
v -0.119368 0.074417 -0.113540
v -0.113729 0.080058 -0.110864
v -0.119056 0.078145 -0.108478
v -0.119294 0.079097 -0.108743
v -0.112439 0.079279 -0.106292
v -0.117994 0.079547 -0.104253
v -0.119056 0.078145 -0.108478
v -0.117947 0.078553 -0.104304
v -0.113555 0.079111 -0.110608
v -0.112441 0.078298 -0.106391
v -0.117947 0.078553 -0.104304
v -0.112441 0.078298 -0.106391
v -0.106921 0.078389 -0.108381
v -0.106862 0.079354 -0.108195
v -0.106862 0.079354 -0.108195
v -0.108158 0.080334 -0.112548
v -0.102638 0.080614 -0.114295
v -0.101215 0.079205 -0.109820
v -0.101292 0.078245 -0.110055
v -0.101215 0.079205 -0.109820
v -0.097038 0.080074 -0.115135
v -0.095502 0.078865 -0.111176
v -0.095617 0.077901 -0.111362
v -0.108058 0.079366 -0.112336
v -0.097060 0.079107 -0.114935
v -0.102575 0.079646 -0.114088
v -0.091123 0.077650 -0.116149
v -0.095502 0.078865 -0.111176
v -0.089884 0.077380 -0.112523
v -0.089753 0.078355 -0.112394
v -0.089753 0.078355 -0.112394
v -0.091066 0.078625 -0.116382
v -0.091066 0.078625 -0.116382
v -0.093302 0.074884 -0.121126
v -0.098608 0.076098 -0.120324
v -0.093302 0.074884 -0.121126
v -0.093217 0.074203 -0.120386
v -0.103970 0.076211 -0.119071
v -0.099282 0.068850 -0.122915
v -0.094297 0.068135 -0.123733
v -0.104271 0.069118 -0.121712
v -0.109244 0.069075 -0.120210
v -0.109209 0.076213 -0.117544
v -0.108851 0.061056 -0.121586
v -0.104098 0.061057 -0.123052
v -0.108853 0.052708 -0.122708
v -0.104145 0.052721 -0.124266
v -0.099288 0.060885 -0.124291
v -0.099380 0.052618 -0.125623
v -0.094495 0.060443 -0.125220
v -0.094586 0.052443 -0.126586
v -0.094296 0.060167 -0.124319
v -0.094379 0.052304 -0.125671
v -0.094133 0.067714 -0.122857
v -0.099139 0.052480 -0.124716
v -0.094296 0.060167 -0.124319
v -0.099056 0.060615 -0.123396
v -0.094133 0.067714 -0.122857
v -0.099072 0.068433 -0.122043
v -0.098464 0.075421 -0.119586
v -0.093217 0.074203 -0.120386
v -0.103996 0.068705 -0.120852
v -0.103732 0.075545 -0.118340
v -0.103813 0.060797 -0.122168
v -0.108923 0.068664 -0.119363
v -0.108919 0.075550 -0.116826
v -0.108530 0.060802 -0.120712
v -0.108530 0.052586 -0.121824
v -0.103849 0.052590 -0.123374
v -0.099804 0.044267 -0.126473
v -0.104672 0.044228 -0.125115
v -0.109490 0.044252 -0.123436
v -0.113140 0.052510 -0.120226
v -0.105438 0.036194 -0.126234
v -0.110681 0.036074 -0.124429
v -0.105062 0.030074 -0.124854
v -0.110395 0.029986 -0.122753
v -0.100181 0.036312 -0.127611
v -0.094763 0.036563 -0.128386
v -0.099487 0.029951 -0.126242
v -0.094965 0.044211 -0.128329
v -0.095001 0.036210 -0.129389
v -0.095001 0.036210 -0.129389
v -0.093615 0.030836 -0.127661
v -0.093844 0.030032 -0.128492
v -0.100067 0.044228 -0.127433
v -0.100464 0.035963 -0.128606
v -0.099744 0.029113 -0.127031
v -0.105001 0.044191 -0.126055
v -0.105801 0.035833 -0.127207
v -0.105377 0.029211 -0.125608
v -0.109853 0.044211 -0.124362
v -0.111091 0.035703 -0.125382
v -0.110738 0.029093 -0.123463
v -0.109328 0.027512 -0.119311
v -0.103570 0.027306 -0.121405
v -0.097726 0.026969 -0.123217
v -0.097534 0.027986 -0.122678
v -0.103354 0.028368 -0.120961
v -0.109106 0.028589 -0.118909
v -0.109106 0.028589 -0.118909
v -0.103354 0.028368 -0.120961
v -0.114726 0.028659 -0.116586
v -0.097534 0.027986 -0.122678
v -0.093615 0.030836 -0.127661
v -0.091710 0.027680 -0.124352
v -0.091880 0.026695 -0.124944
v -0.094965 0.044211 -0.128329
v -0.094748 0.044255 -0.127357
v -0.094748 0.044255 -0.127357
v -0.168521 0.077538 -0.006927
v -0.164119 0.077718 -0.001649
v -0.164704 0.077693 -0.007691
v -0.164717 0.076703 -0.007591
v -0.168169 0.076588 -0.006818
v -0.168169 0.076588 -0.006818
v -0.164188 0.076729 -0.001573
v -0.167856 0.077473 -0.000658
v -0.171870 0.072558 -0.005202
v -0.171983 0.073248 0.000114
v -0.172716 0.073160 -0.005283
v -0.173156 0.065535 -0.004047
v -0.173244 0.065853 0.000958
v -0.174107 0.065840 -0.004083
v -0.174107 0.065840 -0.004083
v -0.172830 0.073844 0.000086
v -0.172716 0.073160 -0.005283
v -0.168175 0.078426 -0.000725
v -0.174098 0.057756 -0.003359
v -0.174196 0.066159 0.000963
v -0.174098 0.057756 -0.003359
v -0.173144 0.057610 -0.003350
v -0.174098 0.049500 -0.003055
v -0.174104 0.057931 0.001538
v -0.173144 0.057610 -0.003350
v -0.173152 0.049500 -0.003052
v -0.173152 0.049500 -0.003052
v -0.173150 0.057786 0.001518
v -0.173136 0.049497 0.001839
v -0.173824 0.041346 -0.003199
v -0.173924 0.041247 0.001957
v -0.173824 0.041346 -0.003199
v -0.174806 0.041155 -0.003212
v -0.174180 0.033426 0.001537
v -0.173998 0.033764 -0.003912
v -0.174806 0.041155 -0.003212
v -0.174979 0.033265 -0.003918
v -0.175163 0.032934 0.001560
v -0.174979 0.033265 -0.003918
v -0.174082 0.049499 0.001866
v -0.172672 0.026595 0.000702
v -0.173296 0.027395 -0.005460
v -0.172549 0.028312 -0.005476
v -0.168602 0.025193 -0.000785
v -0.168933 0.024452 -0.007752
v -0.168461 0.025502 -0.007777
v -0.172549 0.028312 -0.005476
v -0.168168 0.026265 -0.000837
v -0.168461 0.025502 -0.007777
v -0.171965 0.027534 0.000654
v -0.168168 0.026265 -0.000837
v -0.167843 0.026906 0.005981
v -0.168192 0.025810 0.006080
v -0.168192 0.025810 0.006080
v -0.167614 0.026721 0.012754
v -0.172588 0.026886 0.006858
v -0.167614 0.026721 0.012754
v -0.167291 0.027826 0.012642
v -0.171428 0.028216 0.019506
v -0.171912 0.027570 0.013033
v -0.166763 0.027448 0.019348
v -0.166426 0.028549 0.019198
v -0.171896 0.027837 0.006760
v -0.170748 0.029170 0.019316
v -0.169503 0.030461 0.025056
v -0.165410 0.029079 0.025719
v -0.165766 0.027989 0.025906
v -0.170161 0.029499 0.025297
v -0.166763 0.027448 0.019348
v -0.170161 0.029499 0.025297
v -0.172714 0.035311 0.023959
v -0.173853 0.034107 0.018545
v -0.172714 0.035311 0.023959
v -0.171756 0.035798 0.023719
v -0.173633 0.042088 0.017537
v -0.172699 0.042815 0.022599
v -0.171733 0.042988 0.022421
v -0.172661 0.042261 0.017399
v -0.172880 0.034601 0.018366
v -0.171875 0.050400 0.016748
v -0.172048 0.050783 0.021785
v -0.171115 0.050771 0.021635
v -0.171878 0.058483 0.016427
v -0.172048 0.050783 0.021785
v -0.170976 0.058615 0.021392
v -0.171912 0.058785 0.021554
v -0.172699 0.042815 0.022599
v -0.172813 0.050407 0.016867
v -0.172822 0.058641 0.016556
v -0.172682 0.066647 0.016504
v -0.170580 0.066024 0.021492
v -0.171498 0.066362 0.021688
v -0.169912 0.072926 0.022235
v -0.171157 0.073909 0.016693
v -0.169084 0.072346 0.022013
v -0.170580 0.066024 0.021492
v -0.170976 0.058615 0.021392
v -0.171750 0.066318 0.016352
v -0.169084 0.072346 0.022013
v -0.166625 0.077656 0.016708
v -0.170323 0.073318 0.016534
v -0.165616 0.076770 0.022705
v -0.166041 0.077692 0.022857
v -0.162324 0.077263 0.016449
v -0.165616 0.076770 0.022705
v -0.161729 0.078357 0.022517
v -0.161656 0.077364 0.022451
v -0.167020 0.078587 0.016805
v -0.162335 0.078260 0.016477
v -0.162335 0.078260 0.016477
v -0.167466 0.078464 0.010888
v -0.162939 0.077915 0.010436
v -0.162939 0.077915 0.010436
v -0.163022 0.076925 0.010446
v -0.167130 0.077511 0.010851
v -0.167840 0.077435 0.005035
v -0.163532 0.077511 0.004394
v -0.163657 0.076530 0.004422
v -0.163532 0.077511 0.004394
v -0.164188 0.076729 -0.001573
v -0.168168 0.078383 0.005041
v -0.171905 0.073857 0.011116
v -0.172420 0.073488 0.005637
v -0.173386 0.066447 0.011349
v -0.173884 0.066087 0.006115
v -0.173379 0.058301 0.011560
v -0.173817 0.057878 0.006546
v -0.173278 0.049946 0.011869
v -0.173747 0.049497 0.006864
v -0.174906 0.041066 0.001981
v -0.174096 0.041556 0.012345
v -0.174604 0.041007 0.007133
v -0.174471 0.033399 0.012943
v -0.174941 0.032867 0.007158
v -0.171572 0.072900 0.005588
v -0.171062 0.073263 0.011027
v -0.172935 0.065777 0.006056
v -0.172441 0.066132 0.011257
v -0.172428 0.058157 0.011473
v -0.172864 0.057735 0.006484
v -0.172336 0.049944 0.011783
v -0.172804 0.049493 0.006793
v -0.173625 0.041180 0.007057
v -0.173120 0.041727 0.012249
v -0.173959 0.033363 0.007077
v -0.173491 0.033898 0.012826
v -0.171243 0.028540 0.012905
v 0.168569 0.077871 -0.009725
v 0.163985 0.078436 -0.004009
v 0.168531 0.078879 -0.003587
v 0.164395 0.077429 -0.010002
v 0.163999 0.077444 -0.003934
v 0.164447 0.078418 -0.010106
v 0.168141 0.076949 -0.009593
v 0.164395 0.077429 -0.010002
v 0.163999 0.077444 -0.003934
v 0.171477 0.072484 -0.008038
v 0.168141 0.077948 -0.003506
v 0.172337 0.073055 -0.008158
v 0.168141 0.076949 -0.009593
v 0.172785 0.065990 -0.006828
v 0.171778 0.073562 -0.002514
v 0.173729 0.066318 -0.006896
v 0.172337 0.073055 -0.008158
v 0.173729 0.066318 -0.006896
v 0.172634 0.074146 -0.002573
v 0.174013 0.066743 -0.001682
v 0.173940 0.058483 -0.006161
v 0.174003 0.058560 -0.001181
v 0.173940 0.058483 -0.006161
v 0.174010 0.050163 -0.005826
v 0.173955 0.050116 -0.000961
v 0.172988 0.058318 -0.006139
v 0.173065 0.050150 -0.005828
v 0.173048 0.058405 -0.001192
v 0.172988 0.058318 -0.006139
v 0.173062 0.066422 -0.001660
v 0.173953 0.041884 -0.006010
v 0.173010 0.050105 -0.000992
v 0.173953 0.041884 -0.006010
v 0.173065 0.050150 -0.005828
v 0.174563 0.033506 -0.001508
v 0.174472 0.033969 -0.006833
v 0.174937 0.041721 -0.006012
v 0.174937 0.041721 -0.006012
v 0.175559 0.033035 -0.001475
v 0.175467 0.033500 -0.006853
v 0.174970 0.041497 -0.001003
v 0.173356 0.026410 -0.002452
v 0.173328 0.026756 -0.008246
v 0.175467 0.033500 -0.006853
v 0.172616 0.027700 -0.008244
v 0.168921 0.025153 -0.003449
v 0.169029 0.024482 -0.010395
v 0.172616 0.027700 -0.008244
v 0.168521 0.026235 -0.003503
v 0.168613 0.025553 -0.010415
v 0.172634 0.027338 -0.002500
v 0.168613 0.025553 -0.010415
v 0.168283 0.026793 0.003318
v 0.168656 0.025704 0.003422
v 0.168521 0.026235 -0.003503
v 0.172769 0.026907 0.004007
v 0.168114 0.026527 0.010157
v 0.168114 0.026527 0.010157
v 0.168656 0.025704 0.003422
v 0.171581 0.028619 0.016113
v 0.167336 0.027241 0.016791
v 0.167722 0.027610 0.010032
v 0.167722 0.027610 0.010032
v 0.172067 0.027849 0.003900
v 0.170856 0.029531 0.015915
v 0.171820 0.028730 0.009969
v 0.166882 0.028297 0.016617
v 0.170045 0.031270 0.021953
v 0.165947 0.028832 0.023170
v 0.166882 0.028297 0.016617
v 0.170796 0.030383 0.022187
v 0.166439 0.027799 0.023376
v 0.172622 0.035726 0.020787
v 0.172622 0.035726 0.020787
v 0.170796 0.030383 0.022187
v 0.173650 0.042556 0.014470
v 0.173932 0.034692 0.015361
v 0.172590 0.043146 0.019653
v 0.171661 0.036201 0.020554
v 0.171661 0.036201 0.020554
v 0.172957 0.035161 0.015167
v 0.172679 0.042724 0.014316
v 0.171627 0.043322 0.019457
v 0.171857 0.050824 0.013863
v 0.171970 0.051156 0.018908
v 0.172590 0.043146 0.019653
v 0.171038 0.051148 0.018749
v 0.171844 0.059027 0.013680
v 0.171016 0.059064 0.018543
v 0.172794 0.050833 0.013989
v 0.172788 0.059176 0.013803
v 0.171970 0.051156 0.018908
v 0.172859 0.067379 0.013873
v 0.171956 0.059216 0.018694
v 0.170979 0.066892 0.018716
v 0.171016 0.059064 0.018543
v 0.171461 0.075076 0.014096
v 0.171913 0.067203 0.018882
v 0.169607 0.073874 0.019237
v 0.171918 0.067070 0.013747
v 0.170979 0.066892 0.018716
v 0.170627 0.074476 0.013965
v 0.169607 0.073874 0.019237
v 0.166424 0.078717 0.013895
v 0.170433 0.074482 0.019416
v 0.165720 0.077936 0.020056
v 0.162605 0.077985 0.014262
v 0.162041 0.079076 0.020369
v 0.166061 0.078889 0.020170
v 0.166736 0.079673 0.013964
v 0.170433 0.074482 0.019416
v 0.162540 0.078977 0.014275
v 0.166061 0.078889 0.020170
v 0.162053 0.078085 0.020320
v 0.162041 0.079076 0.020369
v 0.163040 0.078630 0.008183
v 0.167802 0.079505 0.008276
v 0.163040 0.078630 0.008183
v 0.162540 0.078977 0.014275
v 0.163167 0.077648 0.008222
v 0.167471 0.078557 0.008272
v 0.167721 0.077893 0.002475
v 0.163616 0.077236 0.002136
v 0.163517 0.078222 0.002086
v 0.163167 0.077648 0.008222
v 0.163517 0.078222 0.002086
v 0.168057 0.078844 0.002447
v 0.172429 0.074190 0.003051
v 0.172025 0.074586 0.008560
v 0.173445 0.067130 0.008721
v 0.173821 0.066713 0.003482
v 0.173342 0.058860 0.008793
v 0.173725 0.058493 0.003784
v 0.173614 0.050046 0.003980
v 0.173281 0.050441 0.008976
v 0.174569 0.041523 0.004093
v 0.174238 0.041930 0.009291
v 0.174726 0.033831 0.009756
v 0.175197 0.033113 0.004035
v 0.172543 0.027806 0.010111
v 0.171175 0.074001 0.008502
v 0.171576 0.073602 0.003036
v 0.172497 0.066822 0.008647
v 0.172870 0.066401 0.003443
v 0.172391 0.058716 0.008716
v 0.172771 0.058347 0.003732
v 0.172339 0.050433 0.008898
v 0.172670 0.050037 0.003918
v 0.173589 0.041680 0.004023
v 0.173987 0.041657 -0.001038
v 0.173259 0.042092 0.009199
v 0.174206 0.033589 0.003949
v 0.173738 0.034305 0.009632
v 0.006908 0.034870 0.125186
v 0.009867 0.034316 0.127701
v 0.006884 0.034738 0.127046
v 0.006908 0.034870 0.125186
v 0.004050 0.035938 0.127775
v 0.001054 0.037966 0.125231
v 0.013358 0.034531 0.125009
v 0.013119 0.034560 0.128153
v 0.013358 0.034531 0.125009
v 0.016572 0.035758 0.128299
v 0.018180 0.036592 0.124784
v 0.019714 0.038011 0.128119
v 0.022065 0.040642 0.124517
v 0.018180 0.036592 0.124784
v 0.022065 0.040642 0.124517
v 0.024013 0.044227 0.126908
v 0.022257 0.040921 0.127647
v 0.024524 0.045891 0.124241
v 0.022065 0.040642 0.124517
v 0.024524 0.045891 0.124241
v 0.025256 0.051701 0.123989
v 0.024955 0.047349 0.126033
v 0.024955 0.047349 0.126033
v 0.025256 0.051701 0.123989
v 0.025331 0.050670 0.126581
v 0.025256 0.051701 0.123989
v 0.025015 0.054477 0.126940
v 0.024184 0.057337 0.123790
v 0.023951 0.058195 0.127115
v 0.024184 0.057337 0.123790
v 0.022057 0.061530 0.127031
v 0.021469 0.062088 0.123668
v 0.019504 0.064061 0.126701
v 0.017391 0.065305 0.123639
v 0.016660 0.065804 0.126193
v 0.017391 0.065305 0.123639
v 0.013791 0.067046 0.125541
v 0.013791 0.067046 0.125541
v 0.013753 0.067024 0.123679
v 0.009850 0.067562 0.123777
v 0.010911 0.067600 0.126327
v 0.009850 0.067562 0.123777
v 0.007624 0.067438 0.126986
v 0.009850 0.067562 0.123777
v 0.004770 0.066553 0.123970
v 0.004186 0.066253 0.127431
v 0.000353 0.063587 0.124219
v 0.001045 0.064139 0.127612
v 0.004770 0.066553 0.123970
v 0.006456 0.062737 0.127859
v 0.002966 0.060401 0.128057
v 0.008798 0.058835 0.127953
v 0.010059 0.064658 0.127672
v 0.005060 0.056351 0.128164
v -0.000316 0.057726 0.128258
v 0.001475 0.053632 0.128375
v -0.001557 0.061298 0.127508
v -0.003300 0.058114 0.127134
v -0.003285 0.054798 0.128383
v -0.001847 0.050778 0.128582
v -0.004282 0.055007 0.126558
v -0.004619 0.051761 0.127393
v -0.004292 0.048076 0.128031
v -0.000047 0.046768 0.128692
v -0.003190 0.044210 0.128451
v 0.003522 0.049459 0.128485
v 0.005776 0.045312 0.128586
v 0.002077 0.042880 0.128787
v -0.001299 0.040729 0.128541
v -0.004310 0.047737 0.124992
v -0.002392 0.042321 0.125156
v -0.002392 0.042321 0.125156
v 0.001054 0.037966 0.125231
v -0.002392 0.042321 0.125156
v -0.004310 0.047737 0.124992
v -0.004495 0.053548 0.124763
v -0.004310 0.047737 0.124992
v -0.004495 0.053548 0.124763
v -0.004282 0.055007 0.126558
v -0.002871 0.059064 0.124495
v -0.002871 0.059064 0.124495
v -0.002871 0.059064 0.124495
v 0.001234 0.037945 0.128287
v 0.004490 0.039227 0.128863
v 0.001054 0.037966 0.125231
v 0.007100 0.035883 0.128837
v 0.010718 0.037548 0.128747
v 0.008200 0.041311 0.128673
v 0.014324 0.039538 0.128560
v 0.011981 0.043617 0.128471
v 0.017817 0.041856 0.128363
v 0.021100 0.044705 0.128160
v 0.015719 0.046064 0.128259
v 0.024062 0.047696 0.127885
v 0.019303 0.048812 0.128046
v 0.022627 0.051743 0.127837
v 0.020822 0.055667 0.127727
v 0.017254 0.052872 0.127937
v 0.015003 0.057057 0.127837
v 0.018701 0.059351 0.127632
v 0.016291 0.062815 0.127556
v 0.012578 0.061013 0.127748
v 0.011164 0.054690 0.128053
v 0.013482 0.050393 0.128156
v 0.007297 0.052133 0.128271
v 0.009615 0.047847 0.128374
v 0.013672 0.066098 0.127421
v 0.000353 0.063587 0.124219
v -0.174007 0.048721 -0.007890
v -0.171191 0.054215 0.020943
v -0.173722 0.053543 -0.007856
v -0.170932 0.065103 -0.007895
v -0.169590 0.069615 0.019515
v -0.170472 0.068956 -0.007908
v -0.171352 0.050039 0.021406
v -0.166118 0.055357 0.048611
v -0.169641 0.065765 0.019872
v -0.162101 0.070350 0.045965
v -0.166284 0.051285 0.049293
v -0.151416 0.055896 0.073094
v -0.163105 0.066602 0.046626
v -0.147681 0.070960 0.069596
v -0.151443 0.051701 0.073859
v -0.130425 0.055618 0.092140
v -0.148614 0.067194 0.070471
v -0.127583 0.070726 0.088514
v -0.130401 0.051375 0.092946
v -0.105765 0.054657 0.105711
v -0.128294 0.066949 0.089420
v -0.103902 0.069887 0.102657
v -0.105667 0.050365 0.106477
v -0.079886 0.053625 0.116180
v -0.104368 0.066079 0.103420
v -0.078890 0.069141 0.113823
v -0.079691 0.049167 0.116791
v -0.053408 0.052829 0.124119
v -0.079139 0.065262 0.114412
v -0.053011 0.068608 0.122571
v -0.053149 0.048175 0.124507
v -0.026225 0.052392 0.126499
v -0.053110 0.064663 0.122958
v -0.026076 0.068242 0.124250
v -0.005731 0.047695 0.135110
v 0.001041 0.052282 0.135685
v -0.005775 0.052310 0.134619
v -0.005759 0.064211 0.133496
v 0.001021 0.068158 0.134528
v -0.005753 0.068179 0.133186
v 0.028031 0.047745 0.127795
v 0.007966 0.052332 0.134366
v 0.007901 0.047722 0.134754
v 0.028156 0.064366 0.126488
v 0.007917 0.068201 0.133195
v 0.007929 0.064234 0.133487
v 0.055163 0.048405 0.123631
v 0.028257 0.052478 0.127389
v 0.055097 0.064829 0.120316
v 0.028123 0.068329 0.126185
v 0.081699 0.049466 0.116286
v 0.055446 0.053016 0.122671
v 0.080985 0.065536 0.113687
v 0.054980 0.068767 0.119821
v 0.107663 0.050743 0.105574
v 0.081922 0.053891 0.115632
v 0.106285 0.066385 0.102475
v 0.080673 0.069418 0.113040
v 0.132215 0.051775 0.091422
v 0.107790 0.055010 0.104810
v 0.130070 0.067354 0.088068
v 0.105783 0.070177 0.101697
v 0.153027 0.052163 0.071858
v 0.132198 0.055954 0.090591
v 0.150061 0.067520 0.068587
v 0.129361 0.071153 0.087228
v 0.164768 0.051556 0.046834
v 0.152963 0.056295 0.071096
v 0.163733 0.067084 0.044382
v 0.149094 0.071262 0.067751
v 0.170319 0.050301 0.018743
v 0.164587 0.055708 0.046141
v 0.168466 0.066433 0.017490
v 0.162958 0.070876 0.043795
v 0.173342 0.049498 -0.010581
v 0.170005 0.054631 0.018289
v 0.171321 0.065798 -0.010461
v 0.168796 0.070367 0.017224
v 0.173342 0.049498 -0.010581
v 0.172788 0.054296 -0.039196
v 0.173011 0.054046 -0.010519
v 0.171321 0.065798 -0.010461
v 0.170001 0.069893 -0.037883
v 0.171358 0.069716 -0.010441
v 0.172999 0.049920 -0.039830
v 0.165251 0.055146 -0.066826
v 0.170697 0.065993 -0.038211
v 0.162953 0.070627 -0.064382
v 0.165447 0.050793 -0.067784
v 0.152065 0.056026 -0.091807
v 0.163528 0.066757 -0.064993
v 0.149920 0.071639 -0.088184
v 0.152220 0.051599 -0.093013
v 0.131969 0.056357 -0.110471
v 0.150456 0.067736 -0.089090
v 0.129802 0.071917 -0.105915
v 0.132149 0.051872 -0.111999
v 0.106922 0.055898 -0.120055
v 0.130344 0.068027 -0.107054
v 0.104962 0.071177 -0.115841
v 0.107040 0.051409 -0.120582
v 0.080297 0.054916 -0.126112
v 0.078920 0.066317 -0.121347
v 0.105452 0.067357 -0.117234
v 0.080342 0.050407 -0.127145
v 0.053127 0.053677 -0.127847
v 0.052105 0.065075 -0.121831
v 0.078462 0.070117 -0.119455
v 0.053112 0.049117 -0.129527
v 0.025840 0.052665 -0.127631
v 0.025321 0.064070 -0.120874
v 0.051765 0.068874 -0.119499
v 0.025791 0.048045 -0.129496
v -0.001393 0.052225 -0.128029
v -0.001422 0.063642 -0.120924
v 0.025148 0.067871 -0.118316
v -0.028553 0.047794 -0.129413
v -0.001390 0.047692 -0.129717
v -0.028008 0.067733 -0.118331
v -0.001432 0.067447 -0.118242
v -0.055797 0.048525 -0.128994
v -0.028605 0.052446 -0.127461
v -0.028157 0.063911 -0.120841
v -0.054618 0.068536 -0.119273
v -0.082984 0.049597 -0.127341
v -0.055810 0.053143 -0.127199
v -0.054916 0.064688 -0.121499
v -0.081214 0.069544 -0.118843
v -0.109699 0.050655 -0.120428
v -0.082934 0.054127 -0.126080
v -0.081644 0.065690 -0.120640
v -0.107409 0.070577 -0.114743
v -0.134342 0.051215 -0.110331
v -0.109564 0.055138 -0.119915
v -0.132554 0.067390 -0.105606
v -0.107948 0.066718 -0.116172
v -0.153644 0.051096 -0.090594
v -0.134015 0.055692 -0.108622
v -0.151965 0.067062 -0.087032
v -0.132067 0.071290 -0.104601
v -0.166470 0.050463 -0.065181
v -0.153486 0.055457 -0.089414
v -0.164597 0.065992 -0.062396
v -0.151458 0.070930 -0.086238
v -0.173593 0.049579 -0.037103
v -0.166370 0.054620 -0.064311
v -0.171303 0.065141 -0.035534
v -0.164007 0.069783 -0.061758
v -0.174007 0.048721 -0.007890
v -0.173455 0.053838 -0.036549
v -0.170932 0.065103 -0.007895
v -0.170585 0.068909 -0.035195
v -0.174862 0.036873 -0.007993
v -0.173870 0.041061 -0.038210
v -0.174008 0.036802 -0.038763
v -0.174577 0.041060 -0.007959
v -0.173731 0.045320 -0.037656
v -0.174292 0.044657 -0.007924
v -0.166670 0.042148 -0.066921
v -0.166770 0.037991 -0.067791
v -0.166570 0.046305 -0.066051
v -0.153960 0.042373 -0.092956
v -0.154118 0.038011 -0.094137
v -0.153802 0.046734 -0.091775
v -0.134997 0.042261 -0.113749
v -0.135325 0.037784 -0.115457
v -0.134670 0.046738 -0.112040
v -0.109970 0.041689 -0.121279
v -0.110105 0.037205 -0.122494
v -0.109835 0.046172 -0.120736
v -0.083083 0.040535 -0.128492
v -0.083133 0.036004 -0.129830
v -0.083034 0.045066 -0.127903
v -0.055770 0.039287 -0.131363
v -0.055756 0.034669 -0.133410
v -0.055783 0.043906 -0.130130
v -0.028450 0.038489 -0.131920
v -0.028399 0.033837 -0.134004
v -0.028502 0.043142 -0.130657
v -0.001381 0.034093 -0.133899
v -0.001384 0.038626 -0.131946
v -0.001387 0.043159 -0.130788
v 0.025644 0.034186 -0.133938
v 0.025693 0.038806 -0.131900
v 0.025742 0.043425 -0.130676
v 0.053068 0.035438 -0.133749
v 0.053083 0.039998 -0.131749
v 0.053098 0.044558 -0.130582
v 0.080479 0.036880 -0.130988
v 0.080433 0.041389 -0.129339
v 0.080388 0.045898 -0.128151
v 0.107392 0.037941 -0.123245
v 0.107275 0.042430 -0.121933
v 0.107157 0.046919 -0.121126
v 0.132688 0.038415 -0.116541
v 0.132508 0.042901 -0.115047
v 0.132328 0.047386 -0.113527
v 0.152685 0.038317 -0.096628
v 0.152530 0.042744 -0.095423
v 0.152375 0.047171 -0.094218
v 0.166034 0.037731 -0.070656
v 0.165838 0.042085 -0.069699
v 0.165642 0.046439 -0.068741
v 0.173633 0.036792 -0.041732
v 0.173422 0.041168 -0.041098
v 0.173210 0.045544 -0.040464
v 0.174337 0.036657 -0.010767
v 0.174005 0.041238 -0.010705
v 0.173674 0.045374 -0.010643
v 0.174337 0.036657 -0.010767
v 0.170947 0.041640 0.019650
v 0.171261 0.037310 0.020104
v 0.174005 0.041238 -0.010705
v 0.170633 0.045971 0.019196
v 0.173674 0.045374 -0.010643
v 0.165130 0.043252 0.048220
v 0.165311 0.039100 0.048913
v 0.164949 0.047404 0.047527
v 0.153155 0.043899 0.073382
v 0.153219 0.039767 0.074144
v 0.153091 0.048031 0.072620
v 0.132248 0.043417 0.093085
v 0.132264 0.039238 0.093917
v 0.132231 0.047596 0.092254
v 0.107408 0.042208 0.107102
v 0.107280 0.037940 0.107866
v 0.107535 0.046475 0.106338
v 0.081254 0.040618 0.117592
v 0.081032 0.036193 0.118246
v 0.081477 0.045042 0.116939
v 0.054598 0.039182 0.125017
v 0.054315 0.034571 0.125442
v 0.054880 0.043794 0.124451
v 0.027581 0.038280 0.128605
v 0.027356 0.033547 0.129011
v 0.027806 0.043012 0.128200
v 0.007771 0.038502 0.135530
v 0.007707 0.033892 0.135917
v 0.007836 0.043112 0.135143
v 0.001001 0.034010 0.137239
v -0.005644 0.038466 0.135962
v -0.005600 0.033852 0.136331
v 0.001021 0.043146 0.136464
v -0.005688 0.043081 0.135567
v 0.001031 0.047714 0.136074
v -0.052369 0.034213 0.125669
v -0.025608 0.038132 0.128650
v -0.052629 0.038867 0.125282
v -0.025814 0.042885 0.128143
v -0.052889 0.043521 0.124894
v -0.026020 0.047639 0.127391
v -0.079107 0.035792 0.117694
v -0.079301 0.040250 0.117278
v -0.079496 0.044708 0.117089
v -0.105375 0.037489 0.108773
v -0.105472 0.041781 0.108007
v -0.105570 0.046073 0.107242
v -0.130328 0.038646 0.095365
v -0.130353 0.042889 0.094559
v -0.130377 0.047132 0.093752
v -0.151525 0.039116 0.076156
v -0.151498 0.043311 0.075390
v -0.151470 0.047506 0.074625
v -0.166784 0.039066 0.051339
v -0.166618 0.043139 0.050657
v -0.166451 0.047212 0.049975
v -0.172223 0.037511 0.022795
v -0.171933 0.041687 0.022332
v -0.171643 0.045863 0.021869
v -0.174862 0.036873 -0.007993
v -0.174577 0.041060 -0.007959
v -0.174292 0.044657 -0.007924
v -0.173722 0.053543 -0.007856
v -0.172737 0.057605 -0.036211
v -0.172792 0.057396 -0.007869
v -0.172020 0.061373 -0.035872
v -0.171862 0.061250 -0.007882
v -0.165779 0.058411 -0.063673
v -0.165188 0.062202 -0.063034
v -0.152979 0.059325 -0.088620
v -0.152472 0.063194 -0.087826
v -0.133528 0.059592 -0.107617
v -0.133041 0.063491 -0.106612
v -0.109026 0.058998 -0.119007
v -0.108487 0.062858 -0.117601
v -0.082504 0.057981 -0.124259
v -0.082074 0.061836 -0.122437
v -0.055512 0.056991 -0.125350
v -0.055214 0.060839 -0.123480
v -0.028455 0.056268 -0.125291
v -0.028306 0.060089 -0.123115
v -0.001403 0.056030 -0.125708
v -0.001413 0.059836 -0.123376
v 0.025667 0.056466 -0.125415
v 0.025494 0.060268 -0.123193
v 0.052786 0.057476 -0.125892
v 0.052446 0.061275 -0.123917
v 0.079838 0.058717 -0.124813
v 0.079379 0.062517 -0.123222
v 0.106432 0.059717 -0.119470
v 0.105942 0.063537 -0.118559
v 0.131427 0.060247 -0.109332
v 0.130886 0.064137 -0.108193
v 0.151528 0.059929 -0.090902
v 0.150992 0.063832 -0.089996
v 0.164676 0.059017 -0.066215
v 0.164102 0.062887 -0.065604
v 0.172091 0.058195 -0.038868
v 0.171394 0.062094 -0.038539
v 0.172051 0.057963 -0.010500
v 0.171443 0.061880 -0.010480
v 0.172051 0.057963 -0.010500
v 0.168927 0.058565 0.018023
v 0.171443 0.061880 -0.010480
v 0.168352 0.062499 0.017756
v 0.163973 0.059500 0.045554
v 0.163884 0.063292 0.044968
v 0.151996 0.060037 0.070260
v 0.151029 0.063779 0.069424
v 0.131489 0.059754 0.089750
v 0.130779 0.063554 0.088909
v 0.107288 0.058802 0.104032
v 0.106787 0.062593 0.103254
v 0.081610 0.057772 0.114993
v 0.081297 0.061654 0.114345
v 0.055329 0.056954 0.121812
v 0.055213 0.060891 0.121003
v 0.028223 0.056441 0.127098
v 0.028190 0.060404 0.126800
v 0.007954 0.056299 0.134082
v 0.007942 0.060267 0.133789
v 0.001036 0.056251 0.135404
v -0.005770 0.056277 0.134235
v 0.001031 0.060220 0.135114
v -0.005764 0.060244 0.133855
v 0.001026 0.064189 0.134816
v -0.026188 0.056355 0.125804
v -0.053309 0.056774 0.123741
v -0.026151 0.060317 0.125154
v -0.053210 0.060718 0.123354
v -0.026113 0.064279 0.124615
v -0.079637 0.057504 0.115591
v -0.079388 0.061383 0.115001
v -0.105299 0.058465 0.104948
v -0.104834 0.062272 0.104184
v -0.129715 0.059395 0.091233
v -0.129004 0.063172 0.090327
v -0.150482 0.059662 0.072219
v -0.149548 0.063428 0.071345
v -0.165113 0.059106 0.047949
v -0.164109 0.062854 0.047288
v -0.170557 0.058065 0.020586
v -0.169942 0.061915 0.020229
v -0.172792 0.057396 -0.007869
v -0.171862 0.061250 -0.007882
v -0.172143 0.048596 -0.007860
v -0.169394 0.053872 0.020600
v -0.169539 0.049880 0.021053
v -0.169119 0.064639 -0.007895
v -0.167777 0.069083 0.019161
v -0.167816 0.065233 0.019520
v -0.164315 0.054959 0.047842
v -0.164460 0.051082 0.048498
v -0.160349 0.069755 0.045206
v -0.161354 0.066006 0.045866
v -0.149899 0.055461 0.071865
v -0.149911 0.051451 0.072598
v -0.146201 0.070338 0.068402
v -0.147138 0.066572 0.069273
v -0.129289 0.055188 0.090551
v -0.129259 0.051082 0.091330
v -0.126441 0.070158 0.086973
v -0.127159 0.066381 0.087875
v -0.104928 0.054285 0.103933
v -0.104835 0.050075 0.104681
v -0.103024 0.069431 0.100918
v -0.103499 0.065625 0.101677
v -0.079235 0.053346 0.114309
v -0.079055 0.048935 0.114914
v -0.078186 0.068814 0.111979
v -0.078444 0.064936 0.112565
v -0.053002 0.052637 0.122170
v -0.052756 0.048004 0.122553
v -0.052561 0.068395 0.120631
v -0.052669 0.064450 0.121016
v -0.026059 0.052240 0.124500
v -0.025855 0.047484 0.125384
v -0.025937 0.064130 0.122625
v -0.005690 0.047535 0.133135
v 0.001041 0.052131 0.133768
v 0.001032 0.047552 0.134163
v -0.005717 0.064069 0.131522
v 0.001017 0.068018 0.132613
v 0.001023 0.064049 0.132900
v 0.007920 0.052179 0.132404
v 0.027855 0.047583 0.125809
v 0.007857 0.047560 0.132796
v 0.007865 0.068057 0.131234
v 0.027967 0.064208 0.124502
v 0.007878 0.064090 0.131526
v 0.028077 0.052318 0.125404
v 0.054752 0.048225 0.121691
v 0.027931 0.068171 0.124200
v 0.054635 0.064603 0.118414
v 0.055021 0.052814 0.120743
v 0.081046 0.049233 0.114410
v 0.054509 0.068540 0.117923
v 0.080274 0.065189 0.111851
v 0.081255 0.053600 0.113769
v 0.106800 0.050451 0.103793
v 0.079952 0.069071 0.111207
v 0.105398 0.065921 0.100744
v 0.106922 0.054632 0.103049
v 0.131042 0.051472 0.089831
v 0.104890 0.069712 0.099969
v 0.128905 0.066794 0.086542
v 0.131030 0.055524 0.089025
v 0.151471 0.051903 0.070628
v 0.147588 0.070645 0.066589
v 0.148558 0.066903 0.067422
v 0.151423 0.055857 0.069897
v 0.163055 0.051351 0.046078
v 0.161999 0.066482 0.043657
v 0.162896 0.055306 0.045412
v 0.168480 0.050138 0.018431
v 0.161194 0.070274 0.043070
v 0.166648 0.065893 0.017175
v 0.168189 0.054282 0.017989
v 0.171442 0.049344 -0.010513
v 0.166951 0.069827 0.016905
v 0.169438 0.065333 -0.010429
v 0.171442 0.049344 -0.010513
v 0.170842 0.054020 -0.038823
v 0.171042 0.049761 -0.039448
v 0.169438 0.065333 -0.010429
v 0.168070 0.069495 -0.037544
v 0.168768 0.065596 -0.037865
v 0.163408 0.054829 -0.066117
v 0.163595 0.050552 -0.067066
v 0.161126 0.070227 -0.063676
v 0.161703 0.066356 -0.064280
v 0.150503 0.055586 -0.090638
v 0.150651 0.051205 -0.091837
v 0.148386 0.071144 -0.086999
v 0.148928 0.067239 -0.087898
v 0.130912 0.055765 -0.108880
v 0.131086 0.051299 -0.110404
v 0.128795 0.071299 -0.104301
v 0.129338 0.067407 -0.105440
v 0.106366 0.055176 -0.118289
v 0.106472 0.050713 -0.118826
v 0.104499 0.070429 -0.114045
v 0.104976 0.066609 -0.115442
v 0.080135 0.054047 -0.124320
v 0.080151 0.049579 -0.125352
v 0.078877 0.065407 -0.119572
v 0.053172 0.052661 -0.126123
v 0.053130 0.048151 -0.127811
v 0.078445 0.069206 -0.117680
v 0.052230 0.064013 -0.120111
v 0.025861 0.051577 -0.125952
v 0.025808 0.047026 -0.127799
v 0.051900 0.067811 -0.117775
v 0.025371 0.062915 -0.119217
v -0.001384 0.051127 -0.126358
v -0.001382 0.046673 -0.128020
v 0.025203 0.066716 -0.116656
v -0.001418 0.062467 -0.119282
v -0.028541 0.046767 -0.127720
v -0.028046 0.066596 -0.116657
v -0.028188 0.062775 -0.119171
v -0.028596 0.051363 -0.125776
v -0.055777 0.047550 -0.127279
v -0.054724 0.067507 -0.117525
v -0.055010 0.063660 -0.119757
v -0.055818 0.052141 -0.125463
v -0.082779 0.048762 -0.125555
v -0.081163 0.068663 -0.117054
v -0.081570 0.064809 -0.118851
v -0.082758 0.053270 -0.124282
v -0.109111 0.049935 -0.118688
v -0.106916 0.069851 -0.112946
v -0.107440 0.065990 -0.114379
v -0.108977 0.054414 -0.118159
v -0.133233 0.050604 -0.108783
v -0.131499 0.066811 -0.104009
v -0.132906 0.055100 -0.107067
v -0.152045 0.050698 -0.089460
v -0.131013 0.070712 -0.103003
v -0.150397 0.066600 -0.085879
v -0.151895 0.055034 -0.088277
v -0.164604 0.050259 -0.064489
v -0.149884 0.070470 -0.085093
v -0.162759 0.065587 -0.061721
v -0.164514 0.054319 -0.063627
v -0.171628 0.049457 -0.036753
v -0.162164 0.069379 -0.061092
v -0.169371 0.064731 -0.035218
v -0.171502 0.053573 -0.036209
v -0.172143 0.048596 -0.007860
v -0.168652 0.068498 -0.034887
v -0.169119 0.064639 -0.007895
v -0.171905 0.040939 -0.037859
v -0.172998 0.036640 -0.007949
v -0.172044 0.036680 -0.038407
v -0.171766 0.045198 -0.037306
v -0.172713 0.040860 -0.007919
v -0.172428 0.044496 -0.007889
v -0.164799 0.041947 -0.066243
v -0.164906 0.037784 -0.067096
v -0.164702 0.046103 -0.065366
v -0.152336 0.041984 -0.091856
v -0.152511 0.037609 -0.093017
v -0.152190 0.046341 -0.090658
v -0.133867 0.041653 -0.112215
v -0.134228 0.037165 -0.113903
v -0.133550 0.046128 -0.110499
v -0.109373 0.040969 -0.119582
v -0.109521 0.036484 -0.120813
v -0.109242 0.045452 -0.119017
v -0.082814 0.039703 -0.126772
v -0.082856 0.035168 -0.128147
v -0.082796 0.044233 -0.126147
v -0.055698 0.038313 -0.129719
v -0.055677 0.033691 -0.131780
v -0.055738 0.042931 -0.128458
v -0.028443 0.037463 -0.130293
v -0.028393 0.032811 -0.132400
v -0.028492 0.042115 -0.128998
v -0.001376 0.033075 -0.132291
v -0.001380 0.042140 -0.129120
v -0.001378 0.037608 -0.130310
v 0.025665 0.033167 -0.132330
v 0.025713 0.037787 -0.130269
v 0.025761 0.042407 -0.129013
v 0.053029 0.034469 -0.132112
v 0.053051 0.039032 -0.130099
v 0.053090 0.043591 -0.128904
v 0.080219 0.036049 -0.129249
v 0.080179 0.040563 -0.127583
v 0.080165 0.045071 -0.126373
v 0.106810 0.037244 -0.121524
v 0.106684 0.041736 -0.120204
v 0.106578 0.046225 -0.119384
v 0.131631 0.037838 -0.114931
v 0.131425 0.042332 -0.113459
v 0.131255 0.046816 -0.111939
v 0.151123 0.037917 -0.095445
v 0.150948 0.042354 -0.094263
v 0.150799 0.046780 -0.093050
v 0.164187 0.037487 -0.069930
v 0.163983 0.041846 -0.068990
v 0.163789 0.046199 -0.068028
v 0.171676 0.036633 -0.041349
v 0.171464 0.041010 -0.040720
v 0.171253 0.045385 -0.040084
v 0.172436 0.036457 -0.010691
v 0.172105 0.041052 -0.010632
v 0.171773 0.045204 -0.010572
v 0.169108 0.041477 0.019339
v 0.172436 0.036457 -0.010691
v 0.169423 0.037147 0.019791
v 0.168794 0.045807 0.018885
v 0.172105 0.041052 -0.010632
v 0.171773 0.045204 -0.010572
v 0.163420 0.043046 0.047457
v 0.163608 0.038893 0.048134
v 0.163238 0.047199 0.046768
v 0.151602 0.043638 0.072150
v 0.151681 0.039503 0.072893
v 0.151536 0.047770 0.071389
v 0.131082 0.043113 0.091488
v 0.131119 0.038932 0.092305
v 0.131062 0.047292 0.090659
v 0.106564 0.041914 0.105312
v 0.106454 0.037648 0.106068
v 0.106682 0.046183 0.104553
v 0.080629 0.040382 0.115707
v 0.080424 0.035960 0.116355
v 0.080838 0.044807 0.115058
v 0.054207 0.039001 0.123064
v 0.053939 0.034391 0.123486
v 0.054479 0.043613 0.122504
v 0.027407 0.038117 0.126620
v 0.027186 0.033384 0.127025
v 0.027631 0.042850 0.126214
v 0.007729 0.038340 0.133577
v 0.007666 0.033730 0.133967
v 0.007793 0.042950 0.133187
v -0.005601 0.038306 0.133988
v 0.001004 0.033848 0.135340
v -0.005557 0.033692 0.134359
v 0.001023 0.042984 0.134556
v 0.001013 0.038416 0.134948
v -0.005645 0.042921 0.133592
v -0.052011 0.034042 0.123709
v -0.025443 0.037976 0.126629
v -0.025240 0.033223 0.127024
v -0.052257 0.038695 0.123324
v -0.025649 0.042730 0.126130
v -0.052506 0.043350 0.122938
v -0.078519 0.035562 0.115847
v -0.078697 0.040017 0.115425
v -0.078876 0.044476 0.115225
v -0.104574 0.037198 0.106963
v -0.104656 0.041489 0.106205
v -0.104746 0.045782 0.105443
v -0.129211 0.038351 0.093733
v -0.129216 0.042596 0.092939
v -0.129238 0.046839 0.092135
v -0.150015 0.038863 0.074869
v -0.149970 0.043060 0.074124
v -0.149940 0.047256 0.073361
v -0.164973 0.038861 0.050517
v -0.164798 0.042935 0.049853
v -0.164629 0.047008 0.049176
v -0.170409 0.037351 0.022443
v -0.170118 0.041527 0.021981
v -0.169828 0.045704 0.021517
v -0.172998 0.036640 -0.007949
v -0.172713 0.040860 -0.007919
v -0.172428 0.044496 -0.007889
v -0.170808 0.057195 -0.035880
v -0.171875 0.053253 -0.007831
v -0.170089 0.060963 -0.035549
v -0.170979 0.056932 -0.007850
v -0.170049 0.060786 -0.007873
v -0.163942 0.058006 -0.062992
v -0.163351 0.061796 -0.062357
v -0.151406 0.058865 -0.087473
v -0.150902 0.062733 -0.086676
v -0.132440 0.059014 -0.106041
v -0.131969 0.062913 -0.105025
v -0.108465 0.058269 -0.117233
v -0.107953 0.062130 -0.115816
v -0.082367 0.057097 -0.122470
v -0.081968 0.060953 -0.120647
v -0.055549 0.055960 -0.123622
v -0.055279 0.059810 -0.121745
v -0.028458 0.055130 -0.123631
v -0.028323 0.058952 -0.121450
v -0.001395 0.054855 -0.124077
v -0.001406 0.058661 -0.121740
v 0.025534 0.059113 -0.121541
v 0.025697 0.055311 -0.123768
v 0.052859 0.056410 -0.124188
v 0.052544 0.060212 -0.122205
v 0.079721 0.057801 -0.123035
v 0.079299 0.061604 -0.121445
v 0.105906 0.058968 -0.117696
v 0.105441 0.062789 -0.116774
v 0.130396 0.059629 -0.107734
v 0.129867 0.063518 -0.106587
v 0.149989 0.059434 -0.089725
v 0.149458 0.063337 -0.088812
v 0.162850 0.058616 -0.065505
v 0.162276 0.062486 -0.064893
v 0.170165 0.057798 -0.038503
v 0.169467 0.061697 -0.038184
v 0.171128 0.053747 -0.010455
v 0.170200 0.057498 -0.010443
v 0.169579 0.061416 -0.010436
v 0.170200 0.057498 -0.010443
v 0.171128 0.053747 -0.010455
v 0.167155 0.058026 0.017725
v 0.169579 0.061416 -0.010436
v 0.166560 0.061959 0.017450
v 0.162307 0.058898 0.044840
v 0.162185 0.062690 0.044249
v 0.150499 0.059418 0.069086
v 0.149529 0.063160 0.068254
v 0.130342 0.059195 0.088209
v 0.129624 0.062994 0.087376
v 0.106425 0.058338 0.102288
v 0.105912 0.062130 0.101516
v 0.080935 0.057426 0.113142
v 0.080605 0.061308 0.112502
v 0.054897 0.056728 0.119895
v 0.054766 0.060666 0.119094
v 0.028042 0.056283 0.125113
v 0.028005 0.060246 0.124814
v 0.007907 0.056155 0.132120
v 0.007893 0.060122 0.131828
v -0.005734 0.052159 0.132643
v 0.001035 0.056111 0.133487
v -0.005729 0.056135 0.132259
v 0.001029 0.060080 0.133198
v -0.005723 0.060102 0.131881
v -0.026020 0.056205 0.123808
v -0.052895 0.056561 0.121796
v -0.025979 0.060167 0.123162
v -0.052782 0.060506 0.121411
v -0.078976 0.057179 0.113731
v -0.078710 0.061057 0.113148
v -0.104462 0.058011 0.103189
v -0.103981 0.061818 0.102433
v -0.127880 0.062604 0.088773
v -0.128601 0.058827 0.089672
v -0.149009 0.059040 0.071018
v -0.148074 0.062806 0.070145
v -0.163358 0.058510 0.047198
v -0.162356 0.062258 0.046532
v -0.168767 0.057534 0.020248
v -0.168135 0.061383 0.019884
v -0.171875 0.053253 -0.007831
v -0.170979 0.056932 -0.007850
v -0.170049 0.060786 -0.007873
v -0.129211 0.038351 0.093733
v -0.170472 0.068956 -0.007908
v -0.168632 0.068492 -0.007915
v -0.160349 0.069755 0.045206
v -0.167777 0.069083 0.019161
v -0.162101 0.070350 0.045965
v -0.146201 0.070338 0.068402
v -0.103902 0.069887 0.102657
v -0.127583 0.070726 0.088514
v -0.104574 0.037198 0.106963
v -0.078519 0.035562 0.115847
v -0.103024 0.069431 0.100918
v -0.052011 0.034042 0.123709
v -0.052561 0.068395 0.120631
v -0.078186 0.068814 0.111979
v -0.026076 0.068242 0.124250
v -0.053011 0.068608 0.122571
v 0.001017 0.068018 0.132613
v -0.005712 0.068036 0.131213
v 0.001004 0.033848 0.135340
v 0.007666 0.033730 0.133967
v 0.007865 0.068057 0.131234
v 0.027931 0.068171 0.124200
v 0.079952 0.069071 0.111207
v 0.054509 0.068540 0.117923
v 0.081032 0.036193 0.118246
v 0.107280 0.037940 0.107866
v 0.104890 0.069712 0.099969
v 0.128189 0.070593 0.085706
v 0.147588 0.070645 0.066589
v 0.162958 0.070876 0.043795
v 0.147588 0.070645 0.066589
v 0.149094 0.071262 0.067751
v 0.161194 0.070274 0.043070
v 0.168070 0.069495 -0.037544
v 0.169455 0.069251 -0.010417
v 0.161126 0.070227 -0.063676
v 0.148386 0.071144 -0.086999
v 0.131631 0.037838 -0.114931
v 0.106810 0.037244 -0.121524
v 0.128795 0.071299 -0.104301
v 0.107392 0.037941 -0.123245
v 0.080219 0.036049 -0.129249
v 0.080479 0.036880 -0.130988
v 0.104499 0.070429 -0.114045
v 0.080219 0.036049 -0.129249
v 0.053029 0.034469 -0.132112
v 0.051900 0.067811 -0.117775
v 0.078445 0.069206 -0.117680
v -0.001429 0.066272 -0.116595
v 0.025203 0.066716 -0.116656
v -0.028046 0.066596 -0.116657
v -0.054724 0.067507 -0.117525
v -0.106916 0.069851 -0.112946
v -0.081163 0.068663 -0.117054
v -0.131013 0.070712 -0.103003
v -0.149884 0.070470 -0.085093
v -0.170585 0.068909 -0.035195
v -0.164007 0.069783 -0.061758
v -0.055677 0.033691 -0.131780
v -0.166770 0.037991 -0.067791
v -0.170409 0.037351 0.022443
v -0.164973 0.038861 0.050517
v -0.166784 0.039066 0.051339
v -0.151525 0.039116 0.076156
v -0.025403 0.033378 0.129048
v -0.012118 0.033535 0.133382
v -0.012201 0.033694 0.135372
v -0.001376 0.033075 -0.132291
v 0.025665 0.033167 -0.132330
v 0.151123 0.037917 -0.095445
v 0.164187 0.037487 -0.069930
v 0.171676 0.036633 -0.041349
v 0.053939 0.034391 0.123486
v 0.080424 0.035960 0.116355
v 0.132264 0.039238 0.093917
v 0.131119 0.038932 0.092305
v 0.151681 0.039503 0.072893
v 0.163608 0.038893 0.048134
v 0.169423 0.037147 0.019791
v 0.172436 0.036457 -0.010691
v 0.169455 0.069251 -0.010417
v 0.166951 0.069827 0.016905
v -0.028393 0.032811 -0.132400
v -0.055756 0.034669 -0.133410
v -0.083133 0.036004 -0.129830
v -0.109521 0.036484 -0.120813
v -0.134228 0.037165 -0.113903
v -0.152511 0.037609 -0.093017
v -0.164906 0.037784 -0.067096
v -0.172044 0.036680 -0.038407
v -0.172998 0.036640 -0.007949
v -0.170472 0.068956 -0.007908
v -0.012201 0.033694 0.135372
v -0.005557 0.033692 0.134359
v -0.012440 0.068055 0.129709
v -0.025898 0.068092 0.122262
v -0.012457 0.064089 0.130035
v -0.012475 0.060124 0.130452
v -0.012492 0.056158 0.130918
v -0.012509 0.052186 0.131403
v -0.012412 0.047518 0.132024
v -0.012313 0.042857 0.132575
v -0.012215 0.038196 0.133005
v -0.012543 0.064234 0.132013
v -0.012560 0.060268 0.132432
v -0.012576 0.056303 0.132900
v -0.012494 0.047676 0.134009
v -0.012396 0.043015 0.134563
v -0.025403 0.033378 0.129048
v -0.012299 0.038355 0.134995
v -0.012527 0.068200 0.131686
v -0.012592 0.052337 0.133386
v -0.012527 0.068200 0.131686
v -0.005712 0.068036 0.131213
v 0.027356 0.033547 0.129011
v 0.001011 0.038578 0.136852
v -0.029547 0.050993 0.131504
v -0.031695 0.049194 0.131100
v -0.031695 0.050977 0.131038
v -0.028337 0.049444 0.131489
v -0.029547 0.049210 0.131566
v -0.016769 0.050954 0.130384
v -0.023297 0.049412 0.130584
v -0.023297 0.050959 0.130530
v -0.010354 0.050991 0.131438
v -0.016769 0.049407 0.130438
v -0.006359 0.051035 0.132721
v -0.010354 0.049444 0.131492
v -0.002771 0.051036 0.132740
v -0.000611 0.049107 0.132826
v -0.002771 0.049107 0.132807
v 0.000564 0.051033 0.132658
v -0.000611 0.051037 0.132759
v 0.001367 0.049075 0.131907
v 0.000564 0.049104 0.132725
v 0.001343 0.050966 0.130729
v 0.001367 0.051005 0.131839
v 0.000540 0.050939 0.129961
v 0.001343 0.049036 0.130796
v -0.000571 0.050940 0.129985
v 0.000540 0.049010 0.130028
v -0.001340 0.050968 0.130787
v -0.000571 0.049011 0.130052
v -0.001252 0.049102 0.132668
v -0.001340 0.049039 0.130854
v -0.031695 0.051004 0.131833
v -0.029487 0.049237 0.132321
v -0.029487 0.051019 0.132259
v -0.028187 0.049470 0.132231
v -0.028187 0.051016 0.132177
v -0.028337 0.050990 0.131435
v -0.023262 0.049438 0.131341
v -0.016819 0.050980 0.131140
v -0.023262 0.050985 0.131287
v -0.010486 0.049470 0.132238
v -0.010486 0.051017 0.132184
v -0.006450 0.051062 0.133473
v -0.002796 0.049133 0.133562
v -0.000568 0.051063 0.133515
v -0.002796 0.051062 0.133494
v 0.000903 0.049127 0.133402
v 0.000903 0.051057 0.133335
v 0.002073 0.051014 0.132114
v 0.002073 0.049085 0.132181
v 0.002036 0.050955 0.130424
v 0.002036 0.049026 0.130491
v 0.000815 0.050914 0.129255
v 0.000815 0.048985 0.129322
v -0.000876 0.050916 0.129291
v -0.002046 0.049029 0.130580
v -0.002046 0.050958 0.130512
v -0.002010 0.051032 0.132617
v 0.000677 0.048997 0.129675
v 0.001690 0.049031 0.130644
v -0.000724 0.048998 0.129705
v -0.001693 0.049034 0.130717
v -0.000876 0.048986 0.129359
v -0.002010 0.049102 0.132684
v 0.000734 0.049116 0.133064
v -0.000568 0.049134 0.133583
v -0.000589 0.049121 0.133205
v 0.001720 0.049080 0.132044
v -0.028262 0.049457 0.131860
v -0.029517 0.049224 0.131944
v -0.031695 0.049222 0.131895
v -0.031695 0.049208 0.131498
v -0.006404 0.049502 0.133151
v -0.010420 0.049457 0.131865
v -0.016819 0.049433 0.131194
v -0.016794 0.049420 0.130816
v -0.023279 0.049425 0.130963
v -0.002783 0.049120 0.133184
v 0.000677 0.052856 0.129540
v 0.002036 0.052884 0.130356
v 0.000815 0.052844 0.129187
v -0.000724 0.052857 0.129571
v -0.000876 0.052845 0.129224
v -0.002046 0.052887 0.130445
v -0.001693 0.052892 0.130582
v -0.002010 0.052961 0.132550
v -0.001631 0.052961 0.132541
v 0.000734 0.052974 0.132929
v -0.000568 0.052992 0.133448
v 0.000903 0.052986 0.133268
v 0.001720 0.052939 0.131909
v 0.002073 0.052943 0.132046
v 0.001690 0.052890 0.130509
v -0.028262 0.052550 0.131752
v -0.029487 0.052802 0.132197
v -0.028187 0.052563 0.132123
v -0.031695 0.052773 0.131373
v -0.032559 0.052073 0.131663
v -0.031695 0.052787 0.131770
v -0.006404 0.052595 0.133043
v -0.010486 0.052563 0.132130
v -0.006450 0.052608 0.133419
v -0.010420 0.052550 0.131757
v -0.016819 0.052527 0.131086
v -0.023279 0.052519 0.130855
v -0.016794 0.052514 0.130708
v -0.002796 0.052992 0.133427
v -0.002783 0.052978 0.133050
v -0.032559 0.049912 0.131334
v -0.032854 0.050998 0.131663
v -0.032839 0.050984 0.131253
v -0.001631 0.051031 0.132609
v -0.029517 0.052788 0.131819
v -0.032559 0.049926 0.131738
v -0.032559 0.049898 0.130929
v -0.032823 0.050970 0.130843
v -0.000589 0.052979 0.133070
v -0.006450 0.049515 0.133527
v -0.006359 0.049489 0.132775
v -0.023262 0.052532 0.131233
v -0.006359 0.052582 0.132667
v -0.032559 0.052045 0.130854
v -0.001631 0.049102 0.132676
v -0.032559 0.052059 0.131259
v -0.028337 0.052537 0.131381
v -0.001252 0.052960 0.132533
v -0.001340 0.052897 0.130720
v -0.000571 0.052869 0.129917
v 0.000540 0.052868 0.129893
v 0.001343 0.052895 0.130661
v 0.001367 0.052934 0.131772
v 0.000564 0.052962 0.132590
v -0.000611 0.052966 0.132692
v -0.002771 0.052965 0.132673
v -0.010354 0.052537 0.131384
v -0.016769 0.052500 0.130330
v -0.023297 0.052506 0.130476
v -0.029547 0.052775 0.131442
v -0.031695 0.052759 0.130976
v -0.001252 0.051031 0.132600
v -0.026666 0.067847 0.125594
v -0.028616 0.066325 0.125286
v -0.027707 0.068673 0.125371
v -0.025615 0.069579 0.125695
v -0.032514 0.075396 0.128105
v -0.019587 0.075363 0.128165
v -0.032121 0.075317 0.126136
v 0.029320 0.066383 0.127056
v 0.027282 0.067901 0.127200
v 0.028376 0.068729 0.127065
v 0.026160 0.069649 0.127227
v 0.029317 0.050856 0.127599
v 0.028174 0.065684 0.127198
v 0.019832 0.075418 0.129271
v 0.033002 0.075473 0.130207
v 0.032794 0.075396 0.128207
v -0.028616 0.035264 0.126370
v -0.026666 0.033767 0.126784
v -0.027707 0.032928 0.126620
v -0.025616 0.032047 0.127006
v -0.027505 0.065629 0.125528
v -0.028656 0.062561 0.125408
v 0.027282 0.033826 0.128390
v 0.029320 0.035330 0.128140
v 0.028376 0.032990 0.128313
v 0.026160 0.032084 0.128539
v 0.028174 0.036037 0.128234
v -0.034034 0.031756 0.125316
v -0.030601 0.030596 0.126163
v -0.032775 0.028815 0.125727
v 0.037040 0.050889 0.128519
v 0.037298 0.030819 0.131217
v 0.037048 0.030749 0.129222
v -0.010096 0.072297 0.132983
v -0.003244 0.073982 0.133245
v -0.010096 0.073997 0.132923
v 0.000040 0.026449 0.131164
v -0.003195 0.026516 0.133088
v -0.003141 0.026446 0.131079
v -0.019373 0.073729 0.126419
v -0.009707 0.072101 0.127361
v -0.019383 0.072018 0.126477
v 0.009973 0.075528 0.131596
v 0.019942 0.075503 0.131278
v 0.009995 0.029862 0.135005
v 0.003119 0.028190 0.135015
v 0.009995 0.028168 0.135064
v -0.009971 0.075510 0.131060
v -0.009832 0.075439 0.129055
v 0.019738 0.027974 0.129116
v 0.009925 0.029666 0.129370
v 0.019744 0.029689 0.129055
v 0.034938 0.069814 0.126298
v 0.031415 0.071031 0.126688
v 0.033730 0.072783 0.126348
v -0.019587 0.026449 0.129873
v -0.032514 0.026412 0.129816
v -0.032121 0.026354 0.127845
v -0.031762 0.071154 0.130268
v -0.031243 0.074019 0.130257
v -0.034014 0.072920 0.129691
v -0.036575 0.035355 0.126422
v -0.037502 0.042183 0.128011
v -0.037008 0.042114 0.126061
v -0.031890 0.037448 0.125649
v -0.034758 0.042324 0.124755
v -0.032111 0.042724 0.125416
v -0.028656 0.039028 0.126230
v -0.027505 0.035976 0.126563
v -0.036575 0.066238 0.125344
v -0.037502 0.059538 0.127405
v -0.037062 0.066304 0.127295
v -0.032111 0.058816 0.124854
v -0.028711 0.058374 0.125542
v -0.032190 0.050770 0.125117
v -0.028731 0.050794 0.125802
v -0.028711 0.043213 0.126072
v 0.019744 0.072074 0.127575
v 0.019753 0.069672 0.127659
v -0.009707 0.032056 0.128759
v -0.019383 0.029668 0.127956
v -0.019397 0.032066 0.127871
v -0.009902 0.033021 0.131540
v -0.003244 0.033130 0.134671
v -0.003168 0.033032 0.131855
v -0.003092 0.032067 0.129068
v -0.009707 0.029647 0.128843
v 0.009925 0.032074 0.129286
v 0.019753 0.032091 0.128971
v 0.009925 0.069711 0.127971
v 0.003195 0.068940 0.130772
v 0.009995 0.069040 0.133637
v 0.003119 0.069039 0.133588
v 0.003271 0.072118 0.127841
v 0.003271 0.069709 0.127925
v -0.009707 0.069692 0.127445
v -0.019396 0.069620 0.126559
v 0.036002 0.027639 0.131506
v 0.032794 0.026419 0.129918
v 0.035764 0.027568 0.129509
v -0.035328 0.027554 0.129114
v -0.034881 0.027483 0.127153
v 0.034930 0.050834 0.126961
v 0.032505 0.068326 0.126661
v 0.033002 0.026482 0.131918
v 0.019832 0.026471 0.130981
v 0.037298 0.071097 0.129810
v 0.037040 0.050889 0.128519
v 0.037048 0.071028 0.127815
v 0.036002 0.074290 0.129876
v 0.035764 0.074221 0.127880
v -0.009971 0.026505 0.132771
v -0.019834 0.026495 0.131867
v -0.035328 0.074208 0.127484
v -0.034881 0.074142 0.125524
v -0.036700 0.071009 0.127232
v -0.036227 0.030658 0.126684
v -0.037062 0.035425 0.128373
v -0.030753 0.067132 0.130588
v -0.027688 0.068036 0.131136
v -0.029725 0.069595 0.130702
v -0.027369 0.070591 0.131087
v 0.035630 0.032042 0.133216
v 0.032033 0.030865 0.133699
v 0.034390 0.029084 0.133477
v 0.027822 0.068094 0.132810
v 0.030948 0.067200 0.132532
v 0.029928 0.069659 0.132550
v 0.027502 0.070649 0.132740
v 0.028746 0.065879 0.132805
v 0.030948 0.051048 0.133096
v -0.035344 0.069957 0.129469
v -0.027688 0.033966 0.132326
v -0.030753 0.034829 0.131716
v -0.029725 0.032380 0.132001
v -0.027369 0.031413 0.132455
v -0.030852 0.063241 0.130702
v -0.028584 0.065818 0.131059
v 0.030948 0.034897 0.133660
v 0.027822 0.034024 0.134000
v 0.029928 0.032445 0.133849
v 0.027502 0.031471 0.134108
v 0.028746 0.036234 0.133840
v -0.010096 0.070659 0.133040
v -0.003244 0.072308 0.133303
v -0.020056 0.072265 0.132070
v -0.020056 0.074011 0.132009
v 0.003222 0.075456 0.129538
v 0.009947 0.075458 0.129585
v 0.009995 0.031500 0.134948
v 0.003119 0.029861 0.134957
v 0.020042 0.029851 0.134684
v 0.020042 0.028115 0.134745
v 0.000089 0.073768 0.127697
v -0.003092 0.072112 0.127670
v -0.003092 0.073772 0.127612
v -0.033121 0.037644 0.131148
v -0.036130 0.042511 0.130220
v -0.035714 0.036367 0.130546
v -0.028584 0.036173 0.132094
v -0.030852 0.038718 0.131558
v 0.031484 0.028020 0.133847
v -0.033354 0.059006 0.130351
v -0.030969 0.058706 0.130834
v -0.033437 0.050962 0.130613
v -0.031010 0.050979 0.131095
v -0.030969 0.043251 0.131374
v -0.033354 0.042918 0.130913
v 0.020042 0.072305 0.133201
v 0.020042 0.070667 0.133259
v -0.020056 0.031450 0.133496
v -0.010096 0.029844 0.134465
v -0.010096 0.031481 0.134408
v -0.003244 0.029855 0.134786
v -0.003244 0.031493 0.134728
v 0.020042 0.031489 0.134627
v 0.009995 0.072316 0.133522
v 0.009995 0.070678 0.133580
v 0.003119 0.070676 0.133531
v 0.003119 0.072314 0.133474
v -0.020056 0.070628 0.132128
v -0.020056 0.029812 0.133553
v 0.031484 0.074073 0.132239
v 0.032033 0.071225 0.132289
v 0.034390 0.072986 0.131944
v -0.036700 0.030728 0.128639
v -0.009832 0.026435 0.130766
v -0.028044 0.065723 0.128293
v -0.027688 0.068036 0.131136
v -0.028584 0.065818 0.131059
v -0.027177 0.067941 0.128365
v -0.025516 0.068964 0.131452
v -0.035714 0.065516 0.129528
v -0.032923 0.068446 0.130116
v -0.029223 0.072218 0.130721
v 0.028460 0.065781 0.130002
v 0.027822 0.068094 0.132810
v 0.027552 0.067997 0.130005
v 0.025601 0.069017 0.132959
v 0.025385 0.068901 0.130150
v 0.028457 0.050958 0.130520
v 0.028746 0.065879 0.132805
v -0.031243 0.027936 0.131866
v -0.031762 0.030794 0.131677
v -0.034014 0.028992 0.131225
v 0.029404 0.072281 0.132520
v 0.020042 0.074041 0.133141
v 0.035634 0.051029 0.132553
v 0.033151 0.033560 0.133480
v -0.028044 0.036074 0.129329
v -0.027688 0.033966 0.132326
v -0.027177 0.033866 0.129555
v -0.025516 0.033062 0.132706
v -0.025088 0.032990 0.129920
v -0.032923 0.033485 0.131337
v -0.035344 0.031933 0.130797
v -0.029223 0.029765 0.132204
v -0.020056 0.028066 0.133614
v 0.028460 0.036136 0.131037
v 0.027822 0.034024 0.134000
v 0.028746 0.036234 0.133840
v 0.027552 0.033925 0.131195
v 0.025601 0.033114 0.134213
v 0.028457 0.050958 0.130520
v 0.028746 0.051056 0.133322
v 0.009973 0.026524 0.133307
v 0.003222 0.026452 0.131249
v 0.009947 0.026453 0.131297
v 0.029404 0.029827 0.134002
v -0.019729 0.068873 0.129387
v -0.010096 0.069022 0.133097
v -0.020056 0.068990 0.132185
v 0.003119 0.073985 0.133416
v -0.003092 0.069703 0.127754
v -0.037008 0.059471 0.125455
v -0.037648 0.050859 0.127665
v -0.009902 0.068923 0.130286
v -0.003244 0.069033 0.133417
v 0.009960 0.068942 0.130819
v 0.020042 0.069029 0.133316
v 0.009995 0.074010 0.133463
v 0.009960 0.033040 0.132073
v 0.020042 0.033127 0.134570
v 0.019899 0.033041 0.131755
v -0.003244 0.028181 0.134844
v 0.003271 0.029664 0.129323
v 0.003271 0.032072 0.129239
v 0.003195 0.033038 0.132025
v 0.009995 0.033138 0.134891
v -0.019729 0.033008 0.130639
v -0.010096 0.033119 0.134351
v -0.010096 0.028143 0.134525
v 0.019899 0.068918 0.130502
v 0.035630 0.070017 0.131890
v -0.025088 0.068842 0.128668
v 0.025385 0.033034 0.131403
v -0.020056 0.033087 0.133439
v -0.028036 0.043487 0.129072
v -0.028584 0.039793 0.131968
v -0.028037 0.039695 0.129204
v -0.037648 0.050859 0.127665
v -0.037151 0.050791 0.125717
v -0.028035 0.050899 0.128813
v -0.028584 0.043584 0.131836
v -0.036278 0.050936 0.129886
v -0.028035 0.050899 0.128813
v -0.028584 0.058406 0.131318
v -0.028584 0.050995 0.131577
v -0.028036 0.058311 0.128554
v -0.028584 0.062198 0.131186
v -0.033121 0.064285 0.130218
v -0.036130 0.059364 0.129632
v -0.028584 0.036173 0.132094
v 0.033151 0.068521 0.132259
v -0.028037 0.062103 0.128421
v 0.000089 0.069706 0.127839
v -0.003092 0.068836 0.127784
v 0.000089 0.032937 0.129123
v 0.000089 0.032069 0.129154
v -0.000014 0.026519 0.133173
v -0.003195 0.075521 0.131377
v -0.003141 0.075450 0.129367
v -0.000062 0.069036 0.133503
v -0.000062 0.070673 0.133446
v -0.000062 0.033133 0.134757
v -0.000062 0.031496 0.134814
v -0.036227 0.070942 0.125277
v -0.000014 0.075524 0.131462
v 0.000040 0.075453 0.129453
v -0.000062 0.073976 0.133330
v 0.001937 0.068876 0.128920
v 0.000089 0.068839 0.127870
v 0.003271 0.068842 0.127955
v -0.000062 0.028193 0.134929
v 0.000075 0.033236 0.129624
v 0.001689 0.034348 0.130306
v 0.001689 0.033261 0.130344
v -0.002294 0.067567 0.130672
v -0.001662 0.068711 0.132283
v -0.002294 0.068654 0.130634
v 0.003119 0.033136 0.134842
v 0.003119 0.031499 0.134899
v -0.003092 0.032934 0.129038
v 0.001839 0.033100 0.133807
v 0.002640 0.033037 0.132011
v -0.001910 0.033097 0.133706
v -0.000062 0.033133 0.134757
v -0.000056 0.033125 0.134533
v -0.027491 0.062008 0.125657
v -0.027491 0.039597 0.126439
v -0.027505 0.035976 0.126563
v -0.027487 0.058215 0.125790
v -0.027486 0.050802 0.126049
v -0.027486 0.050802 0.126049
v -0.027487 0.043389 0.126308
v -0.024660 0.032917 0.127134
v -0.019401 0.032930 0.127840
v 0.019756 0.032956 0.128941
v 0.025170 0.032953 0.128593
v -0.024660 0.068719 0.125884
v 0.019756 0.068807 0.127689
v -0.009707 0.032923 0.128729
v 0.003271 0.032940 0.129209
v 0.009925 0.032941 0.129256
v 0.009925 0.068844 0.128002
v -0.009707 0.068825 0.127475
v -0.003168 0.068934 0.130601
v -0.019401 0.068756 0.126589
v 0.028169 0.050861 0.127717
v 0.027282 0.033826 0.128390
v 0.028174 0.036037 0.128234
v -0.026666 0.033767 0.126784
v 0.028169 0.050861 0.127717
v 0.028174 0.065684 0.127198
v 0.027282 0.067901 0.127200
v 0.025170 0.068786 0.127342
v -0.026666 0.067847 0.125594
v -0.027505 0.065629 0.125528
v -0.003092 0.032934 0.129038
v -0.001662 0.033372 0.133517
v -0.000049 0.034483 0.134198
v -0.001662 0.034458 0.133479
v -0.001812 0.032970 0.130073
v -0.002613 0.033032 0.131869
v -0.003244 0.070670 0.133360
v 0.000089 0.028008 0.129295
v 0.003271 0.028004 0.129381
v 0.003271 0.068842 0.127955
v -0.001574 0.067511 0.129060
v -0.001574 0.068598 0.129022
v 0.002321 0.033318 0.131992
v 0.002321 0.034405 0.131954
v 0.002321 0.067572 0.130796
v 0.001601 0.068715 0.132370
v 0.001601 0.067628 0.132408
v -0.002294 0.034401 0.131830
v -0.002294 0.033314 0.131868
v 0.001839 0.069003 0.132553
v -0.000062 0.069036 0.133503
v -0.000056 0.069028 0.133279
v -0.001812 0.068872 0.128819
v 0.000083 0.068847 0.128093
v 0.001937 0.032973 0.130174
v 0.000089 0.032937 0.129123
v 0.000083 0.032944 0.129347
v -0.001574 0.034344 0.130218
v -0.001574 0.033258 0.130256
v 0.001601 0.033375 0.133604
v 0.002321 0.034405 0.131954
v 0.001601 0.034461 0.133566
v 0.001689 0.067514 0.129147
v 0.000075 0.068576 0.128390
v 0.001689 0.068601 0.129109
v -0.000049 0.067650 0.133040
v -0.001662 0.067625 0.132321
v 0.000075 0.034322 0.129586
v -0.000049 0.033397 0.134236
v 0.000075 0.067489 0.128428
v -0.001910 0.068999 0.132452
v -0.002613 0.068935 0.130616
v -0.000049 0.068737 0.133002
v 0.003119 0.033136 0.134842
v -0.003092 0.068836 0.127784
v -0.000945 0.050985 0.131287
v -0.001202 0.052522 0.129976
v -0.000646 0.050962 0.130618
v -0.001269 0.052610 0.132473
v -0.001753 0.052565 0.131211
v -0.000012 0.051020 0.132271
v -0.000682 0.051009 0.131972
v -0.001202 0.049360 0.130087
v 0.000673 0.051010 0.132008
v -0.000034 0.052629 0.133023
v -0.001269 0.049448 0.132583
v -0.001753 0.049404 0.131321
v 0.000971 0.050987 0.131339
v 0.001229 0.052612 0.132540
v 0.000709 0.050963 0.130654
v 0.001780 0.052569 0.131305
v 0.000971 0.050987 0.131339
v -0.000034 0.049467 0.133134
v 0.000061 0.052505 0.129493
v 0.000039 0.050953 0.130356
v 0.000075 0.047443 0.129128
v 0.001780 0.049407 0.131416
v 0.001229 0.049450 0.132650
v 0.002321 0.067572 0.130796
v 0.002321 0.068658 0.130758
v -0.002294 0.047521 0.131372
v -0.001574 0.054390 0.129518
v -0.002294 0.054446 0.131130
v -0.001662 0.047579 0.133021
v -0.001662 0.054504 0.132779
v -0.000049 0.047604 0.133740
v -0.000049 0.054529 0.133498
v 0.001601 0.047582 0.133108
v 0.001601 0.054507 0.132866
v 0.002321 0.047526 0.131496
v 0.002321 0.054451 0.131254
v 0.002321 0.047526 0.131496
v 0.001689 0.047468 0.129847
v 0.001689 0.054393 0.129606
v 0.000061 0.049344 0.129603
v -0.001574 0.047465 0.129760
v 0.001296 0.052525 0.130043
v 0.000075 0.054368 0.128886
v -0.001574 0.047465 0.129760
v -0.002135 0.048517 0.131342
v -0.001465 0.048465 0.129840
v -0.002294 0.054446 0.131130
v -0.001465 0.053399 0.129668
v -0.002135 0.053451 0.131169
v -0.001662 0.047579 0.133021
v -0.002294 0.047521 0.131372
v -0.001547 0.048571 0.132877
v -0.001662 0.054504 0.132779
v -0.001547 0.053505 0.132705
v -0.000049 0.047604 0.133740
v -0.000049 0.054529 0.133498
v -0.000044 0.053528 0.133374
v 0.001492 0.048573 0.132959
v -0.000044 0.048594 0.133547
v 0.001601 0.054507 0.132866
v 0.001492 0.053508 0.132786
v 0.001601 0.047582 0.133108
v 0.002162 0.048521 0.131457
v 0.002162 0.053455 0.131285
v 0.002321 0.054451 0.131254
v 0.001780 0.052569 0.131305
v 0.001689 0.047468 0.129847
v 0.002162 0.048521 0.131457
v 0.002321 0.047526 0.131496
v 0.001296 0.049363 0.130154
v 0.001689 0.054393 0.129606
v 0.002162 0.053455 0.131285
v 0.001574 0.053402 0.129749
v 0.000075 0.047443 0.129128
v 0.001574 0.048467 0.129922
v 0.000071 0.048444 0.129252
v 0.000075 0.054368 0.128886
v 0.000071 0.053378 0.129080
v -0.001574 0.054390 0.129518
v -0.003092 0.029658 0.129152
v -0.003092 0.027997 0.129210
v 0.003271 0.073778 0.127783
v 0.030931 0.027861 0.128238
v 0.031415 0.030667 0.128097
v 0.033730 0.028896 0.127880
v -0.034758 0.059169 0.124167
v -0.031890 0.064096 0.124718
v -0.034897 0.050746 0.124423
v 0.034938 0.031854 0.127623
v -0.030601 0.070967 0.124753
v -0.034034 0.069751 0.123989
v -0.032775 0.072714 0.124194
v -0.019373 0.027957 0.128017
v 0.009925 0.072119 0.127887
v 0.019738 0.073789 0.127516
v 0.030931 0.073840 0.126633
v 0.028911 0.029669 0.128387
v -0.028269 0.029628 0.126648
v -0.034364 0.036192 0.125075
v -0.031704 0.033288 0.125835
v 0.032505 0.033364 0.127882
v 0.028911 0.072047 0.126907
v -0.030187 0.027803 0.126329
v -0.028269 0.071967 0.125169
v -0.031704 0.068259 0.124614
v -0.034364 0.065309 0.124058
v -0.034097 0.073698 0.124402
v -0.035408 0.070569 0.124170
v -0.035408 0.070569 0.124170
v -0.031407 0.074832 0.124986
v -0.030187 0.073765 0.124724
v -0.031407 0.074832 0.124986
v 0.036336 0.070647 0.126626
v 0.035079 0.073774 0.126686
v 0.036336 0.070647 0.126626
v 0.032170 0.074912 0.127000
v 0.032170 0.074912 0.127000
v 0.036327 0.050847 0.127318
v 0.036327 0.050847 0.127318
v -0.035408 0.030953 0.125554
v -0.034097 0.027847 0.126004
v -0.035408 0.030953 0.125554
v -0.031407 0.026757 0.126665
v -0.031407 0.026757 0.126665
v 0.035079 0.027931 0.128286
v 0.036336 0.031047 0.128009
v 0.036336 0.031047 0.128009
v 0.032170 0.026818 0.128679
v 0.032170 0.026818 0.128679
v 0.036327 0.050847 0.127318
v -0.019432 0.074850 0.126908
v -0.019432 0.074850 0.126908
v -0.009707 0.073785 0.127302
v 0.019763 0.074909 0.128008
v 0.009932 0.074947 0.128320
v 0.019763 0.074909 0.128008
v 0.009925 0.073803 0.127829
v 0.009932 0.074947 0.128320
v 0.019763 0.026891 0.129684
v 0.019763 0.026891 0.129684
v 0.009925 0.027982 0.129429
v -0.019432 0.026873 0.128584
v -0.009744 0.026856 0.129471
v -0.019432 0.026873 0.128584
v -0.009707 0.027963 0.128902
v -0.009744 0.026856 0.129471
v -0.035746 0.035575 0.125299
v -0.036164 0.042150 0.124951
v -0.035746 0.035575 0.125299
v -0.036164 0.042150 0.124951
v -0.036305 0.050752 0.124611
v -0.037151 0.050791 0.125717
v -0.036164 0.059357 0.124350
v -0.036305 0.050752 0.124611
v -0.035746 0.065941 0.124239
v -0.036164 0.059357 0.124350
v -0.035746 0.065941 0.124239
v -0.036479 0.070725 0.128617
v -0.035110 0.073856 0.128863
v -0.036479 0.070725 0.128617
v -0.032288 0.075023 0.129472
v -0.032288 0.075023 0.129472
v 0.035619 0.073934 0.131227
v 0.036903 0.070807 0.131164
v 0.036903 0.070807 0.131164
v 0.032636 0.075092 0.131549
v 0.032636 0.075092 0.131549
v 0.037295 0.050958 0.130514
v 0.036903 0.051005 0.131856
v 0.036903 0.051005 0.131856
v -0.035110 0.028001 0.130464
v -0.036479 0.031107 0.130001
v -0.036479 0.031107 0.130001
v -0.032288 0.026880 0.131153
v -0.032288 0.026880 0.131153
v 0.036903 0.031204 0.132547
v 0.035619 0.028088 0.132828
v 0.036903 0.031204 0.132547
v 0.032636 0.026956 0.133230
v 0.032636 0.026956 0.133230
v 0.037295 0.050958 0.130514
v 0.036903 0.051005 0.131856
v -0.010059 0.075093 0.132355
v -0.019991 0.075068 0.131445
v -0.010059 0.075093 0.132355
v -0.019834 0.075457 0.130157
v -0.019991 0.075068 0.131445
v 0.009989 0.075110 0.132893
v 0.009989 0.075110 0.132893
v 0.009989 0.027032 0.134572
v 0.020013 0.027012 0.134252
v 0.009989 0.027032 0.134572
v 0.019942 0.026526 0.132988
v 0.020013 0.027012 0.134252
v -0.010059 0.027011 0.134034
v -0.010059 0.027011 0.134034
v 0.020013 0.075107 0.132573
v 0.020013 0.075107 0.132573
v -0.019991 0.026972 0.133124
v -0.019991 0.026972 0.133124
v -0.037285 0.042305 0.129386
v -0.036849 0.035727 0.129738
v -0.036849 0.035727 0.129738
v -0.037432 0.050907 0.129043
v -0.037285 0.042305 0.129386
v -0.037432 0.050907 0.129043
v -0.037285 0.059512 0.128785
v -0.037432 0.050907 0.129043
v -0.037285 0.059512 0.128785
v -0.036849 0.066098 0.128677
v -0.036849 0.066098 0.128677
v 0.003256 0.074939 0.128273
v 0.000075 0.074933 0.128188
v 0.000075 0.074933 0.128188
v -0.003107 0.026874 0.129781
v 0.000075 0.026879 0.129866
v 0.000075 0.026879 0.129866
v -0.003230 0.075096 0.132674
v -0.000048 0.075096 0.132760
v -0.000048 0.075096 0.132760
v 0.003134 0.027037 0.134524
v -0.000048 0.027036 0.134438
v -0.000048 0.027036 0.134438
v -0.003107 0.074933 0.128103
v -0.009744 0.074929 0.127792
v -0.003107 0.074933 0.128103
v -0.003230 0.075096 0.132674
v 0.003256 0.074939 0.128273
v 0.003134 0.075101 0.132845
v 0.003168 0.075527 0.131548
v 0.003134 0.075101 0.132845
v 0.003256 0.026880 0.129952
v 0.009932 0.026875 0.129999
v 0.003256 0.026880 0.129952
v 0.003134 0.027037 0.134524
v 0.003168 0.026522 0.133259
v -0.003107 0.026874 0.129781
v -0.003230 0.027030 0.134353
v -0.003230 0.027030 0.134353
v -0.000062 0.072311 0.133389
v -0.000062 0.029858 0.134871
v 0.025601 0.033114 0.134213
v 0.020042 0.033127 0.134570
v -0.025516 0.068964 0.131452
v -0.020056 0.068990 0.132185
v -0.025516 0.033062 0.132706
v -0.020056 0.033087 0.133439
v 0.003119 0.069039 0.133588
v 0.020042 0.069029 0.133316
v 0.009995 0.069040 0.133637
v 0.009995 0.033138 0.134891
v -0.003244 0.033130 0.134671
v -0.010096 0.033119 0.134351
v 0.025601 0.069017 0.132959
v -0.028584 0.039793 0.131968
v -0.028584 0.043584 0.131836
v -0.028584 0.058406 0.131318
v -0.028584 0.050995 0.131577
v -0.028584 0.062198 0.131186
v -0.010096 0.069022 0.133097
v 0.033151 0.051040 0.132869
v 0.000089 0.072115 0.127755
v 0.000089 0.029661 0.129238
v 0.009925 0.032941 0.129256
v 0.003271 0.032940 0.129209
v -0.009707 0.068825 0.127475
v 0.025170 0.032953 0.128593
v 0.019756 0.032956 0.128941
v -0.024660 0.068719 0.125884
v -0.019401 0.068756 0.126589
v -0.024660 0.032917 0.127134
v -0.019401 0.032930 0.127840
v 0.009925 0.068844 0.128002
v 0.019756 0.068807 0.127689
v -0.009707 0.032923 0.128729
v 0.025170 0.068786 0.127342
v -0.027491 0.039597 0.126439
v -0.027487 0.043389 0.126308
v -0.027486 0.050802 0.126049
v -0.027487 0.058215 0.125790
v -0.027491 0.062008 0.125657
v 0.032505 0.050845 0.127271
v -0.001574 0.068598 0.129022
v 0.000075 0.068576 0.128390
v 0.001689 0.033261 0.130344
v 0.000075 0.033236 0.129624
v 0.001601 0.068715 0.132370
v -0.000049 0.068737 0.133002
v -0.001662 0.033372 0.133517
v -0.000049 0.033397 0.134236
v 0.002321 0.068658 0.130758
v 0.002640 0.068940 0.130757
v -0.002294 0.068654 0.130634
v -0.002294 0.033314 0.131868
v 0.002321 0.033318 0.131992
v -0.001574 0.033258 0.130256
v 0.001601 0.033375 0.133604
v 0.001689 0.068601 0.129109
v -0.001662 0.068711 0.132283
v 0.000360 -0.190187 0.000790
v 0.000973 0.024332 0.126650
v -0.063336 -0.945546 0.002783
v -0.087157 -0.921127 0.078798
v -0.228959 -0.899996 0.134516
v -0.276336 -0.952051 0.025160
v 0.290666 -0.949724 0.016589
v 0.058854 -0.946310 -0.001194
v 0.290666 -0.949724 0.016589
v 0.173136 0.024570 -0.010652
v -0.173062 0.024528 -0.007949
v -0.168327 0.078942 -0.007866
v 0.290666 -0.949724 0.016589
v 0.000973 0.024332 0.126650
v 0.290666 -0.949724 0.016589
v 0.000360 -0.190187 0.000790
v -0.276336 -0.952051 0.025160
v 0.275102 -0.986016 0.022381
v 0.101428 0.078888 -0.110375
v 0.072245 0.078691 -0.113832
v 0.072369 0.077711 -0.113920
v 0.074203 0.026934 -0.128651
v 0.076130 0.044420 -0.131208
v 0.060999 0.076490 0.113965
v 0.088846 0.077982 0.102550
v 0.088758 0.076998 0.102499
v -0.063448 0.049250 0.122991
v -0.058696 0.077263 0.114538
v -0.086682 0.076722 0.103477
v -0.081203 0.077909 0.105851
v -0.071003 0.025642 0.113978
v -0.088045 0.027808 0.107549
v -0.117570 0.052333 -0.118326
v -0.117994 0.079547 -0.104253
v -0.101292 0.078245 -0.110055
v -0.089884 0.077380 -0.112523
v -0.094379 0.052304 -0.125671
v -0.109328 0.027512 -0.119311
v -0.091710 0.027680 -0.124352
v -0.164717 0.076703 -0.007591
v -0.167291 0.027826 0.012642
v -0.165766 0.027989 0.025906
v -0.171756 0.035798 0.023719
v -0.171498 0.066362 0.021688
v -0.166041 0.077692 0.022857
v -0.161729 0.078357 0.022517
v -0.161656 0.077364 0.022451
v -0.163022 0.076925 0.010446
v 0.164447 0.078418 -0.010106
v 0.165947 0.028832 0.023170
v 0.162053 0.078085 0.020320
v 0.013358 0.034531 0.125009
v 0.018180 0.036592 0.124784
v 0.024184 0.057337 0.123790
v 0.021469 0.062088 0.123668
v 0.021469 0.062088 0.123668
v 0.017391 0.065305 0.123639
v 0.004770 0.066553 0.123970
v 0.000353 0.063587 0.124219
v 0.173011 0.054046 -0.010519
v 0.171358 0.069716 -0.010441
v -0.170472 0.068956 -0.007908
v 0.128189 0.070593 0.085706
v 0.169455 0.069251 -0.010417
v 0.169455 0.069251 -0.010417
v -0.001429 0.066272 -0.116595
v -0.168632 0.068492 -0.007915
v -0.169590 0.069615 0.019515
v -0.126441 0.070158 0.086973
v -0.078890 0.069141 0.113823
v 0.106454 0.037648 0.106068
v 0.129361 0.071153 0.087228
v 0.147588 0.070645 0.066589
v 0.080219 0.036049 -0.129249
v 0.053068 0.035438 -0.133749
v -0.172998 0.036640 -0.007949
v -0.150015 0.038863 0.074869
v 0.172436 0.036457 -0.010691
v 0.153219 0.039767 0.074144
v -0.082856 0.035168 -0.128147
v -0.174008 0.036802 -0.038763
v -0.012440 0.068055 0.129709
v 0.007917 0.068201 0.133195
v 0.028169 0.050861 0.127717
v 0.028746 0.051056 0.133322
v 0.028746 0.051056 0.133322
v -0.028584 0.050995 0.131577
v 0.000089 0.068839 0.127870
v -0.003244 0.069033 0.133417
v 0.002321 0.068658 0.130758
v 0.002321 0.033318 0.131992
v 0.001780 0.049407 0.131416
v 0.002321 0.054451 0.131254
v 0.002321 0.047526 0.131496
v 0.002321 0.054451 0.131254
v -0.034097 0.073698 0.124402
v 0.035079 0.073774 0.126686
v -0.034097 0.027847 0.126004
v 0.035079 0.027931 0.128286
v -0.009744 0.074929 0.127792
v 0.009932 0.026875 0.129999
v -0.036305 0.050752 0.124611
v -0.035110 0.073856 0.128863
v 0.035619 0.073934 0.131227
v -0.035110 0.028001 0.130464
v 0.035619 0.028088 0.132828
v -0.037432 0.050907 0.129043
vn 0.9679 -0.2433 0.0626
vn 0.8626 0.2147 0.4582
vn 0.9667 -0.0049 0.2561
vn 0.8211 0.3117 0.4781
vn 0.8206 0.3250 0.4700
vn 0.7397 0.4781 0.4736
vn 0.5438 0.2999 0.7838
vn 0.2450 0.7750 0.5825
vn 0.1398 0.2663 0.9537
vn -0.0353 0.8510 0.5240
vn -0.2640 0.4730 0.8406
vn -0.4556 0.3745 0.8076
vn -0.8035 -0.2018 0.5601
vn -0.9852 -0.0664 0.1579
vn -0.9354 -0.1513 0.3197
vn -0.9986 0.0445 -0.0301
vn -0.9857 -0.1656 0.0307
vn 0.9460 0.0247 0.3233
vn 0.9722 -0.1598 0.1712
vn 0.8450 0.3351 0.4167
vn 0.6406 0.3420 0.6875
vn -0.0811 -0.2527 0.9641
vn -0.0332 0.5514 0.8336
vn -0.0702 0.0379 0.9968
vn -0.7738 0.0154 0.6332
vn -0.7626 -0.1338 0.6329
vn -0.9988 -0.0449 0.0206
vn -0.9939 0.0624 -0.0904
vn 0.6077 0.0572 0.7921
vn 0.7400 0.2956 0.6042
vn 0.7711 0.3305 0.5442
vn 0.7651 0.4126 0.4943
vn 0.3010 -0.1018 0.9482
vn -0.0167 -0.1463 0.9891
vn -0.2597 -0.1424 0.9551
vn -0.8144 0.0369 0.5791
vn -0.9977 0.0211 -0.0641
vn -0.9746 0.1169 -0.1912
vn 0.9055 -0.0315 0.4232
vn 0.5185 -0.0695 0.8523
vn 0.6108 0.0997 0.7855
vn 0.7723 0.3312 0.5421
vn 0.7029 0.3572 0.6151
vn 0.5499 0.1892 0.8135
vn 0.1889 0.0503 0.9807
vn -0.3531 -0.0248 0.9353
vn -0.8548 0.1088 0.5074
vn -0.9890 0.0900 -0.1171
vn -0.9266 0.1999 -0.3185
vn 0.9193 -0.0346 0.3920
vn 0.5334 -0.1100 0.8387
vn 0.4402 -0.0561 0.8961
vn 0.6571 0.1435 0.7400
vn 0.7672 0.2836 0.5753
vn 0.4104 0.1863 0.8927
vn -0.3767 0.0383 0.9255
vn -0.8852 0.1171 0.4503
vn -0.9798 0.0976 -0.1745
vn -0.8969 0.1758 -0.4057
vn 0.9461 -0.0210 0.3232
vn 0.5912 -0.1203 0.7975
vn 0.3447 -0.1084 0.9324
vn 0.5110 0.0215 0.8593
vn 0.7308 0.1385 0.6684
vn 0.5467 0.1806 0.8176
vn -0.3185 0.0824 0.9443
vn -0.9076 0.1104 0.4051
vn -0.9755 0.0969 -0.1976
vn -0.8982 0.0998 -0.4282
vn 0.9732 0.0043 0.2297
vn 0.6572 -0.1292 0.7426
vn 0.2947 -0.1275 0.9470
vn 0.3744 -0.0361 0.9266
vn 0.6693 0.0758 0.7391
vn 0.6131 0.1186 0.7811
vn -0.2497 0.0823 0.9648
vn -0.9234 0.1016 0.3701
vn -0.9755 0.0888 -0.2011
vn -0.9086 0.0610 -0.4131
vn 0.9932 0.0832 0.0810
vn 0.7575 -0.1080 0.6438
vn 0.2686 -0.1391 0.9532
vn 0.2548 -0.0708 0.9644
vn 0.5742 0.0341 0.8180
vn 0.6468 0.1081 0.7549
vn -0.1907 0.0989 0.9767
vn -0.9334 0.0928 0.3466
vn -0.9788 0.0728 -0.1916
vn -0.9297 0.0241 -0.3676
vn 0.9865 0.1238 -0.1073
vn 0.8510 -0.0910 0.5172
vn 0.2695 -0.1492 0.9514
vn 0.1554 -0.1012 0.9827
vn 0.4562 -0.0059 0.8899
vn 0.6387 0.0807 0.7652
vn -0.1221 0.1192 0.9853
vn -0.9350 0.0942 0.3419
vn -0.9860 0.0607 -0.1554
vn -0.9566 -0.0331 -0.2894
vn 0.9779 0.0305 -0.2067
vn 0.9019 -0.0811 0.4243
vn 0.3163 -0.1465 0.9373
vn 0.0731 -0.1394 0.9875
vn 0.3270 -0.0440 0.9440
vn 0.5974 0.0486 0.8005
vn -0.0641 0.1273 0.9898
vn -0.9322 0.0966 0.3488
vn -0.9908 0.0800 -0.1095
vn -0.9746 -0.0028 -0.2241
vn 0.9856 -0.0968 -0.1388
vn 0.9109 -0.0793 0.4050
vn 0.4011 -0.1307 0.9067
vn 0.0394 -0.1632 0.9858
vn 0.1793 -0.0897 0.9797
vn 0.5222 0.0188 0.8526
vn -0.0374 0.1236 0.9916
vn -0.9221 0.1051 0.3724
vn -0.9913 0.0868 -0.0990
vn -0.9725 0.0723 -0.2214
vn 0.9799 -0.1993 0.0054
vn 0.8871 -0.0795 0.4547
vn 0.5013 -0.1101 0.8582
vn 0.0602 -0.1649 0.9845
vn 0.0389 -0.1200 0.9920
vn 0.4154 -0.0140 0.9095
vn -0.0203 0.0968 0.9951
vn -0.9065 0.1017 0.4098
vn -0.9900 0.0882 -0.1104
vn -0.9509 0.1232 -0.2838
vn 0.9763 -0.1778 0.1233
vn 0.8804 -0.0581 0.4706
vn 0.5903 -0.0908 0.8020
vn 0.1227 -0.1560 0.9801
vn -0.0677 -0.1401 0.9878
vn 0.2911 -0.0533 0.9552
vn -0.0065 0.0611 0.9981
vn -0.8886 0.0945 0.4488
vn -0.9844 0.0940 -0.1487
vn -0.9065 0.1660 -0.3882
vn 0.9804 -0.1026 0.1682
vn 0.8583 -0.0934 0.5045
vn 0.6498 -0.0873 0.7551
vn 0.2236 -0.1427 0.9642
vn -0.1271 -0.1594 0.9790
vn 0.1558 -0.0844 0.9842
vn -0.0085 0.0382 0.9992
vn -0.8728 0.1022 0.4773
vn -0.9692 0.1147 -0.2179
vn -0.8363 0.2120 -0.5056
vn 0.9895 -0.1101 0.0937
vn 0.8263 -0.1129 0.5519
vn 0.6828 -0.0999 0.7237
vn 0.3333 -0.1290 0.9339
vn -0.1259 -0.1713 0.9771
vn -0.0025 -0.1183 0.9930
vn -0.0416 0.0353 0.9985
vn -0.8566 0.1240 0.5009
vn -0.9498 0.1242 -0.2873
vn -0.7952 0.1824 -0.5782
vn 0.9864 -0.1587 0.0437
vn 0.8373 -0.1119 0.5351
vn 0.7000 -0.1312 0.7020
vn 0.4147 -0.1333 0.9001
vn -0.0518 -0.1623 0.9854
vn -0.1524 -0.1510 0.9767
vn -0.1260 0.0146 0.9919
vn -0.8391 0.1285 0.5286
vn -0.9425 0.1256 -0.3098
vn -0.8067 0.1182 -0.5791
vn 0.9935 -0.0625 0.0953
vn 0.8768 -0.1591 0.4538
vn 0.7157 -0.1798 0.6749
vn 0.4571 -0.1659 0.8738
vn 0.0425 -0.1587 0.9864
vn -0.2365 -0.1601 0.9584
vn -0.2459 -0.0143 0.9692
vn -0.8241 0.1258 0.5524
vn -0.9473 0.1124 -0.3001
vn -0.8457 0.0709 -0.5289
vn 0.9887 -0.1215 0.0880
vn 0.8835 -0.2728 0.3809
vn 0.7134 -0.2600 0.6508
vn 0.4704 -0.2065 0.8580
vn 0.1145 -0.1641 0.9798
vn -0.2518 -0.1438 0.9570
vn -0.3742 -0.0274 0.9270
vn -0.8155 0.1334 0.5632
vn -0.9611 0.1091 -0.2538
vn -0.8954 0.0345 -0.4440
vn 0.9742 -0.2182 0.0578
vn 0.9164 -0.2607 0.3038
vn 0.7026 -0.3416 0.6243
vn 0.4444 -0.2889 0.8480
vn 0.1421 -0.1947 0.9705
vn -0.2405 -0.1218 0.9630
vn -0.4750 -0.0079 0.8799
vn -0.8085 0.1552 0.5676
vn -0.9800 0.1099 -0.1657
vn -0.9453 0.0047 -0.3261
vn 0.9828 -0.1835 0.0220
vn 0.9258 -0.3134 0.2115
vn 0.7523 -0.3472 0.5600
vn 0.4412 -0.2941 0.8479
vn 0.1409 -0.1913 0.9714
vn -0.2190 -0.1084 0.9697
vn -0.5303 -0.0192 0.8476
vn -0.8118 0.1630 0.5607
vn -0.9917 0.1273 -0.0148
vn -0.9825 -0.0359 -0.1828
vn -0.9970 -0.0136 -0.0765
vn -0.9869 0.1298 0.0956
vn -0.9925 0.0826 -0.0899
vn -0.9815 0.1143 0.1539
vn -0.9881 0.1079 -0.1100
vn -0.9817 0.1242 0.1444
vn -0.9846 0.1431 -0.1007
vn -0.9757 0.1686 0.1398
vn -0.9831 0.1635 -0.0821
vn -0.9716 0.1870 0.1452
vn -0.9848 0.1654 -0.0533
vn -0.9731 0.1780 0.1466
vn -0.9925 0.1188 -0.0283
vn -0.8847 0.1623 0.4369
vn -0.9123 0.1114 0.3942
vn -0.9129 0.1347 0.3853
vn -0.9091 0.1797 0.3757
vn -0.9124 0.1863 0.3644
vn -0.9158 0.1765 0.3608
vn -0.9766 0.1306 0.1706
vn -0.6611 0.0550 0.7483
vn -0.7305 0.0923 0.6767
vn -0.7491 0.1365 0.6482
vn -0.7647 0.1742 0.6204
vn -0.7781 0.1706 0.6045
vn -0.7798 0.1734 0.6016
vn -0.9049 0.1430 0.4009
vn -0.3658 -0.0074 0.9307
vn -0.4305 0.0686 0.9000
vn -0.4713 0.1107 0.8750
vn -0.5171 0.1303 0.8460
vn -0.5556 0.1393 0.8197
vn -0.5714 0.1481 0.8072
vn -0.7565 0.1514 0.6362
vn -0.0401 -0.0529 0.9978
vn -0.1561 0.0225 0.9875
vn -0.2545 0.0611 0.9651
vn -0.3206 0.0722 0.9445
vn -0.3682 0.0827 0.9261
vn -0.4009 0.1097 0.9095
vn -0.5611 0.1477 0.8144
vn 0.2018 -0.1658 0.9653
vn -0.0166 -0.0924 0.9956
vn -0.1743 -0.0314 0.9842
vn -0.2529 0.0195 0.9673
vn -0.2867 0.0434 0.9570
vn -0.3028 0.0866 0.9491
vn -0.4038 0.1286 0.9058
vn 0.4386 -0.3850 0.8121
vn 0.0536 -0.2957 0.9538
vn -0.1510 -0.1327 0.9796
vn -0.1960 -0.0202 0.9804
vn -0.2063 0.0254 0.9782
vn -0.2027 0.0749 0.9764
vn -0.2999 0.1095 0.9476
vn 0.7205 -0.5243 0.4538
vn 0.2502 -0.5595 0.7901
vn -0.0925 -0.2362 0.9673
vn -0.1192 -0.0338 0.9923
vn -0.1090 0.0257 0.9937
vn -0.0950 0.0794 0.9923
vn -0.1800 0.1005 0.9785
vn -0.0150 -0.9083 0.4180
vn 0.0004 -0.7914 0.6113
vn 0.0149 -0.3807 0.9246
vn 0.0154 -0.0504 0.9986
vn 0.0099 0.0267 0.9996
vn 0.0031 0.0803 0.9968
vn -0.0810 0.1030 0.9914
vn 0.9462 -0.3203 0.0458
vn 0.9667 -0.0051 0.2560
vn 0.9440 -0.2421 0.2241
vn 0.9424 0.0840 0.3238
vn 0.7967 0.5417 0.2680
vn 0.2840 0.9159 0.2836
vn -0.2466 0.7795 0.5757
vn -0.0353 0.8509 0.5241
vn -0.5013 -0.0094 0.8652
vn -0.8034 -0.2019 0.5601
vn -0.7358 -0.2691 0.6214
vn -0.9353 -0.1513 0.3198
vn -0.9041 -0.2171 0.3681
vn -0.9386 -0.3313 0.0965
vn 0.9981 0.0523 0.0334
vn 0.9756 0.0676 -0.2089
vn 0.9388 0.1441 -0.3130
vn 0.9999 0.0080 0.0138
vn 0.9990 -0.0075 -0.0440
vn 0.9980 0.0050 -0.0637
vn 0.9971 -0.0591 0.0478
vn 0.9857 0.0164 -0.1675
vn 0.9978 -0.0579 0.0328
vn 0.9620 0.0376 -0.2704
vn 0.9989 -0.0328 -0.0347
vn 0.9338 0.0601 -0.3528
vn 0.9916 -0.0024 -0.1296
vn 0.9028 0.0955 -0.4193
vn 0.9655 0.0589 -0.2535
vn 0.8763 0.1628 -0.4535
vn 0.8954 0.1846 -0.4052
vn 0.8780 0.2229 -0.4236
vn 0.8344 0.2636 -0.4840
vn 0.9281 0.1645 -0.3341
vn 0.8942 0.1747 -0.4122
vn 0.9626 0.0127 -0.2707
vn 0.9710 -0.0417 -0.2352
vn 0.9464 -0.0573 -0.3179
vn 0.9769 -0.0990 -0.1893
vn 0.9002 0.0147 -0.4353
vn 0.9634 -0.0409 -0.2651
vn 0.8508 0.0672 -0.5212
vn 0.9282 0.0272 -0.3710
vn 0.8139 0.1151 -0.5695
vn 0.8665 0.1083 -0.4873
vn 0.7991 0.1973 -0.5679
vn 0.7568 0.2407 -0.6077
vn 0.8196 0.2664 -0.5072
vn 0.6982 0.3071 -0.6467
vn 0.8896 0.2206 -0.3999
vn 0.7624 0.2601 -0.5926
vn 0.9401 0.1525 -0.3049
vn 0.8517 0.1556 -0.5005
vn 0.9788 0.0608 -0.1955
vn 0.9177 -0.0652 -0.3919
vn 0.6005 0.0520 -0.7980
vn 0.6915 0.0139 -0.7223
vn 0.5850 0.1376 -0.7993
vn 0.7071 0.1334 -0.6944
vn 0.8817 0.0451 -0.4696
vn 0.9682 -0.0226 -0.2493
vn 0.9892 -0.0494 -0.1383
vn 0.9934 -0.0463 -0.1053
vn 0.9899 -0.0008 -0.1418
vn 0.9524 0.1185 -0.2808
vn 0.8756 0.2306 -0.4244
vn 0.8897 0.1471 -0.4321
vn 0.9443 -0.0148 -0.3288
vn 0.9682 -0.0577 -0.2435
vn 0.9746 -0.0462 -0.2193
vn 0.9681 -0.0233 -0.2493
vn 0.9346 0.0524 -0.3518
vn 0.8362 0.2091 -0.5071
vn 0.7536 0.3071 -0.5812
vn 0.7785 0.2557 -0.5732
vn 0.8432 0.0880 -0.5303
vn 0.5904 -0.1298 -0.7966
vn 0.6125 -0.0990 -0.7843
vn 0.4080 -0.0404 -0.9121
vn 0.1370 0.1272 -0.9824
vn 0.0670 0.2957 -0.9529
vn 0.3473 0.2588 -0.9013
vn 0.5929 0.0881 -0.8004
vn 0.6912 0.0589 -0.7202
vn 0.7997 0.0243 -0.6000
vn 0.8458 0.0192 -0.5331
vn 0.8281 0.0770 -0.5552
vn 0.7751 0.1023 -0.6235
vn 0.7697 0.0311 -0.6377
vn 0.8013 -0.0024 -0.5983
vn 0.8425 -0.0023 -0.5386
vn 0.8810 -0.0069 -0.4730
vn 0.9102 -0.0178 -0.4137
vn 0.9060 0.0528 -0.4199
vn 0.8311 0.2008 -0.5186
vn 0.7423 0.2208 -0.6326
vn 0.7193 0.0650 -0.6916
vn 0.3024 -0.1228 -0.9452
vn 0.1965 -0.1671 -0.9661
vn 0.4812 -0.1660 -0.8608
vn 0.4691 -0.1428 -0.8715
vn 0.1305 0.0986 -0.9865
vn -0.1531 0.3682 -0.9171
vn -0.1034 0.1357 -0.9853
vn -0.1449 0.1034 -0.9840
vn -0.0283 0.1546 -0.9876
vn 0.1374 0.0869 -0.9867
vn 0.2462 0.0600 -0.9674
vn 0.2986 0.0600 -0.9525
vn 0.3470 0.0364 -0.9372
vn 0.4021 0.0250 -0.9152
vn 0.4484 0.0353 -0.8931
vn 0.4804 0.0446 -0.8759
vn 0.5046 0.0506 -0.8619
vn 0.5412 0.0609 -0.8387
vn 0.5488 0.0480 -0.8346
vn 0.4918 0.0407 -0.8697
vn 0.4428 -0.0081 -0.8966
vn -0.2285 -0.1279 -0.9651
vn -0.1383 -0.2845 -0.9486
vn -0.1512 -0.0308 -0.9880
vn 0.0397 -0.1058 -0.9936
vn 0.2371 -0.1835 -0.9540
vn 0.0471 0.0949 -0.9944
vn -0.2631 -0.0081 -0.9647
vn -0.4309 -0.0480 -0.9011
vn -0.4493 0.2373 -0.8613
vn -0.3470 0.1998 -0.9163
vn -0.2551 0.1168 -0.9598
vn -0.2163 0.0794 -0.9731
vn -0.2113 0.0598 -0.9756
vn -0.2040 0.0402 -0.9781
vn -0.2124 0.0122 -0.9771
vn -0.2196 0.0395 -0.9748
vn -0.1442 0.0009 -0.9895
vn -0.1448 0.0202 -0.9893
vn -0.1420 0.0315 -0.9894
vn -0.1032 0.0128 -0.9946
vn -0.0602 0.0083 -0.9982
vn -0.3674 -0.2536 -0.8948
vn -0.4125 -0.3369 -0.8464
vn -0.4380 -0.1015 -0.8932
vn -0.5252 -0.0332 -0.8504
vn -0.4753 -0.0383 -0.8790
vn -0.3813 -0.0251 -0.9241
vn -0.3354 -0.2556 -0.9067
vn -0.4089 -0.1735 -0.8959
vn -0.4374 0.2288 -0.8697
vn -0.4906 0.2275 -0.8412
vn -0.5864 0.0942 -0.8045
vn -0.6339 0.0503 -0.7718
vn -0.6100 -0.0255 -0.7920
vn -0.6640 -0.0700 -0.7444
vn -0.7329 -0.1104 -0.6713
vn -0.7672 0.0353 -0.6405
vn -0.6958 0.1019 -0.7110
vn -0.6125 0.0135 -0.7903
vn -0.6002 0.0179 -0.7997
vn -0.5999 0.0120 -0.8000
vn -0.6043 -0.0346 -0.7960
vn -0.7134 -0.2769 -0.6437
vn -0.8156 -0.2024 -0.5421
vn -0.7075 -0.1981 -0.6784
vn -0.7312 -0.1619 -0.6626
vn -0.7870 -0.1495 -0.5986
vn -0.8389 0.0915 -0.5365
vn -0.7139 -0.0810 -0.6956
vn -0.5305 -0.1910 -0.8259
vn -0.6339 0.0816 -0.7691
vn -0.8024 -0.0002 -0.5968
vn -0.8846 -0.1286 -0.4483
vn -0.9145 -0.0042 -0.4045
vn -0.8800 -0.0008 -0.4750
vn -0.8601 -0.1807 -0.4770
vn -0.8885 -0.1877 -0.4187
vn -0.8792 0.0263 -0.4757
vn -0.8328 0.2096 -0.5123
vn -0.8172 0.0919 -0.5689
vn -0.8125 -0.0092 -0.5829
vn -0.8320 -0.0498 -0.5525
vn -0.8625 -0.1081 -0.4944
vn -0.9468 -0.2004 -0.2518
vn -0.9484 -0.2230 -0.2254
vn -0.9309 -0.2220 -0.2902
vn -0.9309 -0.1785 -0.3186
vn -0.9032 -0.1804 -0.3895
vn -0.9101 0.0057 -0.4144
vn -0.9457 0.1453 -0.2908
vn -0.9254 -0.1435 -0.3509
vn -0.9176 -0.2206 -0.3307
vn -0.9466 -0.2664 -0.1815
vn -0.9638 -0.1870 -0.1899
vn -0.9536 0.0393 -0.2986
vn -0.9411 0.0835 -0.3277
vn -0.9192 -0.1711 -0.3546
vn -0.8983 -0.1530 -0.4119
vn -0.8559 0.0980 -0.5077
vn -0.8474 0.2161 -0.4851
vn -0.8997 0.0925 -0.4266
vn -0.9171 -0.0359 -0.3969
vn -0.9205 -0.1142 -0.3738
vn -0.9280 -0.2042 -0.3116
vn -0.9839 -0.1775 0.0195
vn -0.0143 -0.9999 0.0074
vn -0.9735 -0.2217 0.0566
vn -0.9851 -0.1474 0.0885
vn -0.9942 -0.0764 0.0752
vn -0.9933 -0.1120 0.0300
vn -0.9902 -0.0487 0.1305
vn -0.9681 -0.1213 0.2194
vn -0.9581 -0.2277 0.1735
vn -0.9804 -0.1936 0.0356
vn -0.9897 -0.0471 -0.1349
vn -0.9804 0.0567 -0.1889
vn -0.9957 0.0436 -0.0818
vn -0.9941 -0.1063 -0.0205
vn -0.9955 -0.0909 -0.0257
vn -0.9985 0.0541 0.0120
vn -0.9912 0.0857 0.1004
vn -0.9691 -0.0137 0.2461
vn -0.9511 -0.0308 0.3072
vn -0.9673 -0.0538 0.2479
vn -0.9838 -0.1638 0.0730
vn -0.0058 0.3290 -0.9443
vn 0.0017 0.2269 -0.9739
vn -0.0009 0.3246 -0.9459
vn 0.0392 0.3266 -0.9443
vn -0.0027 0.2350 -0.9720
vn 0.1416 0.2943 -0.9452
vn 0.0664 0.2433 -0.9677
vn 0.3052 0.2696 -0.9133
vn 0.1956 0.2247 -0.9546
vn 0.5546 0.2332 -0.7988
vn 0.3818 0.1824 -0.9061
vn 0.8025 0.1553 -0.5760
vn 0.6822 0.1175 -0.7216
vn 0.9271 0.1116 -0.3577
vn 0.8605 0.0725 -0.5042
vn 0.9755 0.1069 -0.1924
vn 0.9326 0.0840 -0.3511
vn 0.9920 0.1192 -0.0425
vn 0.9706 0.1179 -0.2099
vn -0.0313 0.0746 -0.9967
vn 0.0099 0.0424 -0.9991
vn 0.0691 0.1160 -0.9908
vn 0.2701 0.1208 -0.9552
vn 0.4926 0.0696 -0.8675
vn 0.7323 0.0275 -0.6804
vn 0.8603 0.0380 -0.5084
vn 0.9232 0.0644 -0.3789
vn 0.9866 0.1508 -0.0629
vn 0.9603 0.1108 -0.2562
vn -0.0862 -0.1701 -0.9816
vn 0.0132 -0.2472 -0.9689
vn 0.0384 -0.1025 -0.9940
vn 0.2828 -0.0574 -0.9575
vn 0.5247 -0.0343 -0.8506
vn 0.7371 -0.0148 -0.6757
vn 0.8530 0.0064 -0.5218
vn 0.9065 0.0491 -0.4194
vn 0.9852 0.1489 -0.0846
vn 0.9499 0.0965 -0.2973
vn -0.2011 -0.4603 -0.8647
vn 0.0002 -0.5901 -0.8073
vn -0.0410 -0.3471 -0.9369
vn 0.2023 -0.2699 -0.9414
vn 0.4704 -0.1557 -0.8686
vn 0.7159 -0.0615 -0.6954
vn 0.8300 -0.0117 -0.5577
vn 0.8846 0.0416 -0.4645
vn 0.9864 0.1311 -0.0995
vn 0.9423 0.0752 -0.3261
vn -0.4271 -0.6027 -0.6741
vn 0.0173 -0.7922 -0.6100
vn -0.2436 -0.4862 -0.8392
vn 0.0423 -0.4002 -0.9154
vn 0.2586 -0.2621 -0.9297
vn 0.6289 -0.0595 -0.7752
vn 0.7983 0.0083 -0.6022
vn 0.8509 0.1192 -0.5116
vn 0.9875 0.1015 -0.1204
vn 0.9290 0.1740 -0.3265
vn -0.7725 -0.4223 -0.4742
vn -0.0100 -0.8507 -0.5256
vn -0.5663 -0.3884 -0.7269
vn -0.1613 -0.3868 -0.9079
vn 0.0128 -0.2730 -0.9619
vn 0.4523 -0.1329 -0.8819
vn 0.7022 0.0148 -0.7119
vn 0.7845 0.1533 -0.6009
vn 0.9854 0.1369 -0.1013
vn 0.9289 0.2215 -0.2968
vn 0.9918 0.1278 -0.0036
vn -0.9578 -0.2873 0.0012
vn -0.9483 -0.2260 -0.2226
vn -0.8949 -0.1324 -0.4263
vn -0.6574 -0.0528 -0.7517
vn -0.0603 0.0084 -0.9981
vn -0.0602 0.0529 -0.9968
vn 0.4606 -0.0429 -0.8865
vn 0.7007 -0.0614 -0.7108
vn 0.7193 0.0649 -0.6916
vn 0.8714 0.0112 -0.4904
vn 0.9639 -0.1110 -0.2420
vn 0.9342 -0.3470 0.0824
vn -0.9963 0.0851 -0.0120
vn -0.9781 0.1067 0.1786
vn -0.6927 0.7212 -0.0056
vn -0.9109 0.1238 0.3937
vn -0.6311 0.7311 0.2593
vn -0.6755 0.7284 0.1146
vn -0.7685 0.1331 0.6258
vn -0.5283 0.7389 0.4182
vn -0.5792 0.1293 0.8049
vn -0.3950 0.7369 0.5486
vn -0.4270 0.1108 0.8974
vn -0.2910 0.7298 0.6186
vn -0.3297 0.0842 0.9403
vn -0.2322 0.7184 0.6558
vn -0.3000 0.1095 0.9477
vn -0.2011 0.0536 0.9781
vn -0.1490 0.6949 0.7035
vn -0.0825 0.0434 0.9956
vn -0.0562 0.6955 0.7163
vn -0.0002 0.0457 0.9990
vn -0.0000 0.6954 0.7187
vn 0.0856 0.1019 0.9911
vn -0.0016 0.1021 0.9948
vn 0.0895 0.0469 0.9949
vn 0.1909 0.0978 0.9767
vn 0.2101 0.0559 0.9761
vn 0.0599 0.6966 0.7149
vn 0.3096 0.1071 0.9448
vn 0.3392 0.0881 0.9366
vn 0.1532 0.6949 0.7026
vn 0.4178 0.1240 0.9000
vn 0.4413 0.1139 0.8901
vn 0.2365 0.7234 0.6487
vn 0.5776 0.1432 0.8037
vn 0.5946 0.1294 0.7935
vn 0.2968 0.7295 0.6162
vn 0.7729 0.1411 0.6187
vn 0.7811 0.1337 0.6099
vn 0.4050 0.7353 0.5434
vn 0.9142 0.1333 0.3827
vn 0.9186 0.1236 0.3753
vn 0.5372 0.7384 0.4077
vn 0.9799 0.1277 0.1532
vn 0.6724 0.7333 0.1009
vn 0.6304 0.7343 0.2518
vn 0.9956 0.0887 -0.0302
vn 0.9820 0.1069 0.1560
vn 0.6897 0.7240 -0.0141
vn 0.6892 0.7152 -0.1160
vn 0.9276 0.0947 -0.3614
vn 0.9787 0.0781 -0.1899
vn 0.6630 0.7089 -0.2405
vn 0.7887 0.1342 -0.5999
vn 0.5602 0.7153 -0.4177
vn 0.8025 0.1553 -0.5761
vn 0.5405 0.1869 -0.8203
vn 0.3610 0.7303 -0.5800
vn 0.5545 0.2332 -0.7988
vn 0.2858 0.2295 -0.9304
vn 0.1539 0.7436 -0.6506
vn 0.3052 0.2697 -0.9133
vn 0.0944 0.2705 -0.9581
vn 0.0087 0.7685 -0.6398
vn 0.1416 0.2943 -0.9451
vn -0.0136 0.3337 -0.9426
vn -0.0090 0.3687 -0.9295
vn -0.0663 0.8144 -0.5765
vn -0.0057 0.3290 -0.9443
vn -0.0038 0.3764 -0.9264
vn -0.0030 0.8208 -0.5712
vn -0.0332 0.8210 -0.5699
vn -0.0057 0.3314 -0.9435
vn -0.0085 0.3724 -0.9281
vn -0.0578 0.3322 -0.9414
vn 0.0001 0.3330 -0.9429
vn 0.0195 0.8157 -0.5782
vn -0.1496 0.2996 -0.9423
vn -0.0194 0.7632 -0.6458
vn 0.0577 0.8075 -0.5870
vn -0.3141 0.2614 -0.9127
vn -0.1010 0.2639 -0.9592
vn -0.3015 0.2346 -0.9242
vn -0.5863 0.2230 -0.7788
vn -0.5684 0.1892 -0.8007
vn -0.1689 0.7431 -0.6475
vn -0.8226 0.1485 -0.5489
vn -0.8036 0.1228 -0.5824
vn -0.3806 0.7201 -0.5802
vn -0.9339 0.1036 -0.3422
vn -0.9336 0.0870 -0.3477
vn -0.5757 0.7112 -0.4034
vn -0.9790 0.0993 -0.1782
vn -0.9822 0.0738 -0.1726
vn -0.6685 0.7096 -0.2224
vn -0.6929 0.7133 -0.1056
vn -0.8617 0.2877 0.4179
vn -0.9738 0.1504 0.1709
vn -0.8868 0.4499 0.1058
vn -0.7081 0.3879 0.5900
vn -0.9407 0.2366 0.2432
vn -0.0614 0.5596 0.8265
vn -0.5931 0.4063 0.6951
vn 0.1796 0.8112 0.5565
vn -0.0145 -0.0722 0.9973
vn 0.3197 0.2260 0.9202
vn 0.4145 0.0511 0.9086
vn 0.4294 0.7451 0.5104
vn 0.3687 0.2759 0.8877
vn 0.6066 0.3370 0.7200
vn 0.8779 0.0627 0.4747
vn 0.8714 -0.1592 0.4640
vn -0.6984 0.1035 0.7082
vn -0.9512 -0.0308 0.3072
vn -0.8688 0.3908 0.3039
vn -0.7685 0.4922 0.4089
vn 0.2563 -0.4455 0.8578
vn -0.2715 -0.0436 0.9614
vn 0.2227 -0.4394 0.8702
vn 0.3978 -0.2612 0.8795
vn 0.8852 0.0786 0.4585
vn -0.5585 -0.0554 0.8277
vn -0.9692 -0.0138 0.2461
vn -0.7416 0.1990 0.6407
vn -0.8629 0.4102 0.2953
vn -0.5130 0.2558 0.8194
vn 0.3500 -0.2810 0.8936
vn 0.0947 -0.2215 0.9705
vn 0.5978 -0.1382 0.7897
vn 0.9622 0.1017 0.2527
vn 0.8897 0.2205 -0.3998
vn -0.5477 -0.1000 0.8307
vn -0.9913 0.0857 0.1003
vn -0.5188 0.0080 0.8549
vn -0.8197 0.2901 0.4939
vn -0.6803 0.3919 0.6194
vn 0.4396 -0.1080 0.8917
vn -0.1481 -0.0092 0.9889
vn 0.7073 -0.0005 0.7069
vn 0.9873 0.1373 0.0800
vn 0.8197 0.2664 -0.5071
vn -0.9985 0.0542 0.0120
vn -0.3427 -0.0841 0.9357
vn -0.6309 -0.1275 0.7653
vn -0.6532 0.1218 0.7473
vn -0.8100 0.2703 0.5204
vn 0.4713 -0.0561 0.8802
vn -0.3489 0.0931 0.9325
vn 0.7754 0.0258 0.6310
vn 0.9908 0.1233 -0.0560
vn -0.2480 -0.1169 0.9617
vn -0.7095 -0.1471 0.6892
vn -0.4630 0.0106 0.8863
vn -0.7765 0.1879 0.6014
vn -0.4830 0.2427 0.8413
vn 0.4232 -0.0023 0.9060
vn 0.8326 0.0422 0.5523
vn 0.9832 0.1252 -0.1331
vn -0.7221 -0.1222 0.6810
vn -0.9941 -0.1063 -0.0204
vn -0.2077 -0.1302 0.9695
vn -0.3057 -0.0433 0.9511
vn -0.6638 0.0882 0.7427
vn -0.5906 0.1935 0.7834
vn 0.2966 0.0482 0.9538
vn 0.8779 0.0497 0.4763
vn 0.9778 0.1113 -0.1778
vn 0.8507 0.0672 -0.5213
vn -0.7712 -0.0876 0.6305
vn -0.9957 0.0436 -0.0817
vn -0.2161 -0.1297 0.9677
vn -0.1757 -0.0731 0.9817
vn -0.5498 0.0331 0.8346
vn -0.6287 0.1136 0.7693
vn 0.1869 0.0691 0.9800
vn 0.9032 0.0652 0.4241
vn 0.9775 0.0868 -0.1922
vn 0.9001 0.0147 -0.4354
vn -0.8441 -0.0727 0.5313
vn -0.9804 0.0567 -0.1888
vn -0.2536 -0.1274 0.9589
vn -0.0738 -0.0955 0.9927
vn -0.4292 -0.0026 0.9032
vn -0.6220 0.0780 0.7791
vn 0.1336 0.0945 0.9865
vn 0.9178 0.0768 0.3895
vn 0.9850 0.0704 -0.1578
vn 0.9463 -0.0573 -0.3180
vn -0.9058 -0.0672 0.4183
vn -0.3069 -0.1271 0.9432
vn -0.0060 -0.1191 0.9929
vn -0.2947 -0.0391 0.9548
vn -0.5790 0.0505 0.8138
vn 0.0739 0.1241 0.9895
vn 0.9206 0.0949 0.3789
vn 0.9887 0.1030 -0.1093
vn -0.9246 -0.0808 0.3723
vn -0.3863 -0.1155 0.9151
vn 0.0236 -0.1469 0.9889
vn -0.1507 -0.0771 0.9856
vn -0.5089 0.0261 0.8604
vn 0.0391 0.1192 0.9921
vn 0.9157 0.1104 0.3864
vn 0.9824 0.1298 -0.1345
vn -0.8970 -0.0884 0.4330
vn -0.4801 -0.0936 0.8722
vn -0.0055 -0.1578 0.9875
vn 0.0001 -0.1185 0.9930
vn -0.4083 -0.0017 0.9129
vn 0.0139 0.1010 0.9948
vn 0.9062 0.1208 0.4051
vn 0.9679 0.1382 -0.2101
vn 0.8780 0.2229 -0.4235
vn -0.8672 -0.0541 0.4951
vn -0.9681 -0.1214 0.2194
vn -0.5713 -0.0668 0.8180
vn -0.0923 -0.1461 0.9850
vn 0.1172 -0.1478 0.9820
vn -0.2709 -0.0385 0.9618
vn -0.0037 0.0813 0.9967
vn 0.8992 0.1191 0.4209
vn 0.9525 0.1218 -0.2793
vn -0.8500 -0.0604 0.5234
vn -0.9902 -0.0488 0.1306
vn -0.6382 -0.0652 0.7671
vn -0.2154 -0.1308 0.9677
vn 0.1711 -0.1663 0.9711
vn -0.1009 -0.0788 0.9918
vn 0.0098 0.0651 0.9978
vn 0.8871 0.1269 0.4439
vn 0.9462 0.1085 -0.3049
vn -0.8355 -0.0903 0.5420
vn -0.6747 -0.0851 0.7331
vn -0.3387 -0.1181 0.9334
vn 0.1526 -0.1725 0.9731
vn 0.0740 -0.1227 0.9897
vn 0.0658 0.0376 0.9971
vn 0.8694 0.1313 0.4763
vn 0.9490 0.1000 -0.2989
vn 0.9337 0.0601 -0.3529
vn -0.8552 -0.1016 0.5083
vn -0.9942 -0.0764 0.0753
vn -0.6933 -0.1266 0.7094
vn -0.4213 -0.1237 0.8984
vn 0.0615 -0.1512 0.9866
vn 0.2111 -0.1533 0.9654
vn 0.1641 0.0040 0.9864
vn 0.8551 0.1237 0.5034
vn 0.9585 0.0951 -0.2689
vn -0.8830 -0.1655 0.4392
vn -0.7130 -0.1792 0.6778
vn -0.4539 -0.1666 0.8753
vn -0.0382 -0.1480 0.9883
vn 0.2702 -0.1519 0.9507
vn 0.2891 -0.0218 0.9571
vn 0.8521 0.1155 0.5104
vn 0.9706 0.0912 -0.2227
vn 0.9857 0.0164 -0.1676
vn -0.8832 -0.2743 0.3803
vn -0.7125 -0.2572 0.6529
vn -0.4674 -0.2017 0.8607
vn -0.1074 -0.1586 0.9815
vn 0.2781 -0.1379 0.9506
vn 0.4077 -0.0212 0.9129
vn 0.8450 0.1326 0.5180
vn 0.9839 0.0925 -0.1530
vn -0.9155 -0.2641 0.3036
vn -0.9839 -0.1775 0.0196
vn -0.6986 -0.3439 0.6275
vn -0.4375 -0.2801 0.8545
vn -0.1365 -0.1735 0.9753
vn 0.2596 -0.1028 0.9602
vn 0.5085 0.0036 0.8611
vn 0.8351 0.1697 0.5233
vn 0.9930 0.1083 -0.0474
vn 0.9999 0.0080 0.0137
vn -0.9343 -0.2864 0.2122
vn -0.0134 -0.9998 0.0152
vn -0.7548 -0.3262 0.5691
vn -0.4251 -0.2835 0.8596
vn -0.1257 -0.1716 0.9771
vn 0.2308 -0.0839 0.9694
vn 0.5575 0.0038 0.8302
vn 0.8373 0.1708 0.5194
vn 0.9866 0.1403 0.0830
vn 0.9918 0.1278 -0.0035
vn 0.9854 0.1369 -0.1012
vn 0.9811 0.1358 0.1379
vn 0.9875 0.1015 -0.1203
vn 0.9845 0.1141 0.1333
vn 0.9864 0.1312 -0.0994
vn 0.9805 0.1353 0.1425
vn 0.9852 0.1489 -0.0845
vn 0.9783 0.1515 0.1411
vn 0.9866 0.1508 -0.0628
vn 0.9779 0.1595 0.1349
vn 0.9780 0.1609 0.1325
vn 0.8962 0.1626 0.4128
vn 0.9088 0.1331 0.3955
vn 0.9146 0.1442 0.3778
vn 0.9195 0.1508 0.3631
vn 0.9223 0.1582 0.3526
vn 0.9217 0.1591 0.3538
vn 0.6795 0.0884 0.7284
vn 0.7354 0.1155 0.6677
vn 0.7622 0.1330 0.6336
vn 0.7802 0.1443 0.6087
vn 0.7942 0.1444 0.5903
vn 0.7960 0.1513 0.5860
vn 0.3825 0.0267 0.9236
vn 0.4502 0.0965 0.8877
vn 0.4966 0.1059 0.8615
vn 0.5408 0.1056 0.8345
vn 0.5770 0.1108 0.8092
vn 0.5949 0.1263 0.7938
vn 0.0527 -0.0269 0.9982
vn 0.1755 0.0493 0.9833
vn 0.2740 0.0560 0.9601
vn 0.3422 0.0522 0.9382
vn 0.3895 0.0561 0.9193
vn 0.4219 0.0895 0.9022
vn -0.1870 -0.1385 0.9725
vn 0.0321 -0.0709 0.9970
vn 0.1996 -0.0298 0.9794
vn 0.2750 -0.0002 0.9614
vn 0.3072 0.0187 0.9515
vn 0.3143 0.0687 0.9468
vn -0.4297 -0.3613 0.8276
vn -0.0235 -0.2735 0.9616
vn 0.1782 -0.1356 0.9746
vn 0.2249 -0.0344 0.9738
vn 0.2269 0.0081 0.9739
vn 0.2147 0.0627 0.9747
vn -0.7355 -0.5048 0.4519
vn -0.2302 -0.5569 0.7980
vn 0.1306 -0.2321 0.9639
vn 0.1487 -0.0412 0.9880
vn 0.1267 0.0159 0.9918
vn 0.1051 0.0707 0.9919
vn 0.1909 0.0979 0.9767
vn -0.0150 -0.9083 0.4181
vn 0.0005 -0.7914 0.6113
vn 0.0148 -0.3807 0.9246
vn 0.0100 0.0267 0.9996
vn -0.9579 -0.2873 0.0013
vn -0.9738 0.1503 0.1709
vn -0.9388 -0.0328 0.3429
vn -0.9868 -0.0693 0.1461
vn -0.7477 0.1556 0.6456
vn -0.9407 0.2365 0.2432
vn -0.3633 0.8621 0.3534
vn 0.1654 0.8927 0.4192
vn -0.0614 0.5595 0.8265
vn 0.6301 0.5068 0.5883
vn 0.6067 0.3369 0.7200
vn 0.7377 0.0488 0.6734
vn 0.9342 -0.3470 0.0825
vn 0.8410 -0.2745 0.4663
vn -0.9825 -0.0359 -0.1827
vn -0.9925 -0.1218 0.0070
vn -0.9454 0.0047 -0.3260
vn -0.9916 -0.0968 -0.0855
vn -0.8954 0.0345 -0.4439
vn -0.9746 -0.0483 -0.2189
vn -0.8458 0.0709 -0.5288
vn -0.9313 0.0087 -0.3641
vn -0.8066 0.1182 -0.5791
vn -0.8518 0.1051 -0.5131
vn -0.7952 0.1824 -0.5783
vn -0.7469 0.2318 -0.6232
vn -0.7194 0.2788 -0.6362
vn -0.9065 0.1661 -0.3883
vn -0.7854 0.2460 -0.5680
vn -0.9509 0.1232 -0.2839
vn -0.8698 0.1813 -0.4588
vn -0.9725 0.0723 -0.2215
vn -0.9424 0.0557 -0.3297
vn -0.9723 -0.0610 -0.2256
vn -0.9567 -0.0331 -0.2893
vn -0.9759 -0.0541 -0.2114
vn -0.9297 0.0240 -0.3676
vn -0.9675 0.0094 -0.2528
vn -0.9518 0.0618 -0.3003
vn -0.9215 0.1397 -0.3625
vn -0.8969 0.1758 -0.4058
vn -0.8665 0.2439 -0.4355
vn -0.8734 0.2360 -0.4260
vn -0.9746 0.1169 -0.1913
vn -0.9259 0.1132 -0.3605
vn -0.9426 0.0236 -0.3332
vn -0.9985 0.0446 -0.0302
vn -0.9493 -0.1107 -0.2943
vn -0.9857 -0.1656 0.0306
vn -0.9977 -0.0613 -0.0296
vn -0.8348 -0.0150 -0.5503
vn -0.9601 -0.0695 -0.2710
vn -0.9898 -0.1204 -0.0762
vn -0.9911 -0.1102 -0.0745
vn -0.9851 -0.0759 -0.1546
vn -0.9450 0.0275 -0.3260
vn -0.8310 0.1934 -0.5216
vn -0.7466 0.2884 -0.5995
vn -0.7588 0.2911 -0.5826
vn -0.8178 0.2137 -0.5344
vn -0.8906 0.0838 -0.4471
vn -0.9422 0.0017 -0.3349
vn -0.9644 0.0035 -0.2644
vn -0.9703 0.0281 -0.2402
vn -0.9675 0.0557 -0.2468
vn -0.9437 0.1230 -0.3071
vn -0.8885 0.1960 -0.4150
vn -0.8646 0.1362 -0.4837
vn -0.8728 0.0305 -0.4872
vn -0.8890 -0.0269 -0.4571
vn -0.7766 0.0210 -0.6296
vn -0.3610 -0.0143 -0.9325
vn -0.2788 0.1410 -0.9499
vn -0.3811 0.1405 -0.9138
vn -0.5589 -0.0566 -0.8273
vn -0.8470 0.0138 -0.5314
vn -0.9245 -0.0879 -0.3709
vn -0.9321 -0.0058 -0.3622
vn -0.8682 0.1841 -0.4609
vn -0.7820 0.2620 -0.5656
vn -0.7160 0.2092 -0.6660
vn -0.6827 0.1244 -0.7200
vn -0.6960 0.0662 -0.7150
vn -0.7340 0.0447 -0.6777
vn -0.7686 0.0498 -0.6378
vn -0.7918 0.0576 -0.6081
vn -0.8031 0.0662 -0.5921
vn -0.7942 0.0706 -0.6036
vn -0.7635 0.0534 -0.6436
vn -0.7589 0.0141 -0.6511
vn -0.7689 -0.0147 -0.6393
vn -0.4790 -0.1642 -0.8623
vn -0.3560 -0.1770 -0.9176
vn -0.2662 -0.1246 -0.9558
vn 0.0848 0.0707 -0.9939
vn 0.2369 0.2185 -0.9466
vn -0.2772 0.1151 -0.9539
vn -0.4466 0.0631 -0.8925
vn -0.4967 0.0795 -0.8642
vn -0.4871 0.0823 -0.8695
vn -0.4117 0.0406 -0.9104
vn -0.3511 0.0133 -0.9362
vn -0.3104 0.0192 -0.9504
vn -0.2951 0.0260 -0.9551
vn -0.2897 0.0380 -0.9564
vn -0.2956 0.0447 -0.9543
vn -0.3108 0.0477 -0.9493
vn -0.3338 0.0611 -0.9407
vn -0.3778 0.0625 -0.9238
vn -0.4337 0.0465 -0.8998
vn -0.4853 -0.0008 -0.8744
vn -0.2813 -0.2014 -0.9382
vn 0.0850 -0.1892 -0.9783
vn -0.0213 -0.1443 -0.9893
vn -0.1084 -0.1466 -0.9832
vn 0.0775 -0.0397 -0.9962
vn 0.5073 0.3432 -0.7905
vn 0.0718 0.4615 -0.8842
vn 0.5219 0.4227 -0.7409
vn 0.3062 0.1281 -0.9433
vn 0.2653 0.0861 -0.9603
vn 0.1952 0.0536 -0.9793
vn 0.1152 0.0108 -0.9933
vn 0.0547 -0.0148 -0.9984
vn 0.0318 -0.0338 -0.9989
vn 0.0601 -0.0305 -0.9977
vn 0.0914 -0.0185 -0.9956
vn 0.1200 0.0029 -0.9928
vn 0.1396 0.0257 -0.9899
vn 0.1440 0.0591 -0.9878
vn 0.1348 0.0846 -0.9872
vn 0.1157 0.0792 -0.9901
vn 0.0829 0.0353 -0.9959
vn 0.0871 -0.3013 -0.9495
vn 0.3683 -0.2670 -0.8905
vn 0.3823 -0.1438 -0.9128
vn 0.3457 -0.1537 -0.9257
vn 0.2994 -0.1646 -0.9398
vn 0.3508 -0.0674 -0.9340
vn 0.5965 0.4208 -0.6835
vn 0.5690 0.2723 -0.7759
vn 0.5740 0.0648 -0.8163
vn 0.6244 0.0378 -0.7802
vn 0.6848 -0.0066 -0.7287
vn 0.6973 0.0078 -0.7167
vn 0.5973 -0.0129 -0.8019
vn 0.4874 -0.0727 -0.8701
vn 0.4594 -0.0640 -0.8859
vn 0.4551 -0.0479 -0.8892
vn 0.4691 -0.0293 -0.8827
vn 0.4993 -0.0010 -0.8664
vn 0.5411 0.0205 -0.8407
vn 0.5860 0.0095 -0.8102
vn 0.6368 -0.0335 -0.7703
vn 0.4377 -0.3139 -0.8425
vn 0.7178 -0.2736 -0.6403
vn 0.7083 -0.2008 -0.6767
vn 0.7113 -0.1674 -0.6826
vn 0.7113 -0.1987 -0.6743
vn 0.6766 -0.1148 -0.7274
vn 0.6204 0.2103 -0.7556
vn 0.7444 0.2762 -0.6079
vn 0.8311 -0.0735 -0.5512
vn 0.8912 -0.1558 -0.4260
vn 0.9336 -0.1913 -0.3029
vn 0.9661 -0.0356 -0.2556
vn 0.9299 0.1684 -0.3270
vn 0.8591 0.1054 -0.5008
vn 0.7974 -0.0100 -0.6034
vn 0.7617 -0.0391 -0.6467
vn 0.7455 -0.0553 -0.6642
vn 0.7529 -0.0680 -0.6546
vn 0.7850 -0.0800 -0.6143
vn 0.8271 -0.1116 -0.5509
vn 0.8653 -0.1729 -0.4705
vn 0.8019 -0.2216 -0.5549
vn 0.9461 -0.1987 -0.2559
vn 0.9300 -0.2234 -0.2918
vn 0.9306 -0.1577 -0.3303
vn 0.8919 -0.1909 -0.4099
vn 0.8931 -0.0527 -0.4468
vn 0.8981 0.0561 -0.4362
vn 0.9497 0.0337 -0.3112
vn 0.9539 -0.2142 -0.2104
vn 0.9514 -0.2672 -0.1528
vn 0.9596 -0.2079 -0.1896
vn 0.9587 -0.0037 -0.2845
vn 0.9272 0.2230 -0.3010
vn 0.9400 0.2019 -0.2749
vn 0.9594 0.0592 -0.2757
vn 0.9563 -0.0006 -0.2923
vn 0.9507 -0.0406 -0.3073
vn 0.9431 -0.0833 -0.3219
vn 0.9338 -0.1325 -0.3323
vn 0.9275 -0.2055 -0.3122
vn 0.9357 -0.2617 -0.2366
vn 0.9400 -0.2561 -0.2255
vn 0.9828 -0.1834 0.0220
vn 0.9742 -0.2182 0.0577
vn 0.9887 -0.1215 0.0879
vn 0.9863 -0.1588 0.0437
vn 0.9895 -0.1100 0.0937
vn 0.9804 -0.1026 0.1681
vn 0.9779 0.0305 -0.2068
vn 0.9865 0.1238 -0.1074
vn 0.9932 0.0833 0.0810
vn 0.9733 0.0043 0.2296
vn 0.9461 -0.0210 0.3231
vn 0.9460 0.0246 0.3233
vn 0.9722 -0.1598 0.1711
vn 0.9679 -0.2433 0.0625
vn -0.0009 0.3245 -0.9459
vn -0.0033 0.2403 -0.9707
vn -0.0797 0.2481 -0.9654
vn -0.2250 0.2238 -0.9483
vn -0.4153 0.1635 -0.8949
vn -0.6987 0.1007 -0.7083
vn -0.8697 0.0692 -0.4887
vn -0.9380 0.0866 -0.3355
vn -0.9714 0.1253 -0.2018
vn 0.0258 0.0830 -0.9962
vn -0.0894 0.1143 -0.9894
vn -0.3048 0.1130 -0.9457
vn -0.5228 0.0636 -0.8501
vn -0.7419 0.0241 -0.6700
vn -0.8656 0.0419 -0.4990
vn -0.9259 0.0759 -0.3701
vn -0.9603 0.1251 -0.2494
vn -0.9848 0.1653 -0.0534
vn 0.0100 0.0424 -0.9991
vn 0.0879 -0.1759 -0.9805
vn -0.0738 -0.1006 -0.9922
vn -0.3203 -0.0632 -0.9452
vn -0.5476 -0.0386 -0.8358
vn -0.7408 -0.0118 -0.6716
vn -0.8543 0.0167 -0.5195
vn -0.9085 0.0629 -0.4132
vn -0.9512 0.1098 -0.2884
vn -0.9831 0.1635 -0.0822
vn 0.0133 -0.2472 -0.9689
vn 0.2027 -0.4663 -0.8611
vn 0.0428 -0.3488 -0.9362
vn -0.2463 -0.2466 -0.9373
vn -0.4972 -0.1558 -0.8536
vn -0.7151 -0.0771 -0.6948
vn -0.8260 -0.0073 -0.5636
vn -0.8890 0.0484 -0.4554
vn -0.9428 0.0872 -0.3216
vn -0.9846 0.1431 -0.1008
vn 0.0003 -0.5901 -0.8073
vn 0.4023 -0.6022 -0.6896
vn 0.2768 -0.4809 -0.8319
vn -0.0565 -0.3739 -0.9258
vn -0.3511 -0.2354 -0.9063
vn -0.6118 -0.0586 -0.7888
vn -0.7835 0.0787 -0.6164
vn -0.8578 0.1548 -0.4901
vn -0.9377 0.1582 -0.3094
vn -0.9880 0.1079 -0.1101
vn 0.0174 -0.7922 -0.6100
vn 0.7412 -0.4557 -0.4930
vn 0.5559 -0.3762 -0.7412
vn 0.1954 -0.3707 -0.9080
vn -0.1215 -0.2709 -0.9549
vn -0.4344 -0.1438 -0.8892
vn -0.6388 0.0319 -0.7687
vn -0.8298 0.2511 -0.4983
vn -0.9839 0.0920 -0.1531
vn -0.9925 0.0826 -0.0900
vn -0.0100 -0.8506 -0.5256
vn -0.9970 -0.0136 -0.0764
vn 0.9462 -0.3203 0.0457
vn 0.9469 -0.2754 -0.1662
vn 0.8653 -0.1730 -0.4705
vn 0.9051 -0.1988 -0.3759
vn 0.7027 -0.0433 -0.7102
vn -0.5039 -0.0247 -0.8634
vn 0.0861 0.0246 -0.9960
vn -0.7672 -0.0362 -0.6404
vn -0.9092 -0.0283 -0.4155
vn -0.7688 -0.0147 -0.6393
vn -0.9735 -0.1460 -0.1758
vn -0.8890 -0.0269 -0.4570
vn -0.9386 -0.3313 0.0964
vn -0.9493 -0.1108 -0.2943
vn 0.4050 0.7353 0.5435
vn -0.3058 0.9221 -0.2371
vn -0.2651 0.9168 -0.2985
vn 0.6893 0.7152 -0.1161
vn -0.3379 0.9262 0.1674
vn -0.3720 0.9246 0.0821
vn -0.0331 0.8210 -0.5700
vn -0.0070 0.8325 0.5540
vn 0.3377 0.9270 0.1634
vn 0.2832 0.9283 0.2408
vn 0.1539 0.7436 -0.6507
vn -0.2181 0.9219 0.3203
vn 0.3610 0.7302 -0.5800
vn 0.0578 0.8075 -0.5871
vn 0.0649 0.8916 0.4480
vn 0.0072 0.8327 0.5538
vn 0.1533 0.6949 0.7026
vn -0.1837 0.9031 -0.3882
vn -0.1218 0.9081 -0.4007
vn -0.6311 0.7310 0.2594
vn 0.3668 0.9253 -0.0961
vn -0.6755 0.7283 0.1147
vn -0.0000 0.6953 0.7187
vn 0.0478 0.9003 -0.4326
vn -0.0562 0.6954 0.7164
vn 0.5372 0.7383 0.4077
vn -0.3450 0.9249 -0.1598
vn -0.2321 0.7183 0.6558
vn 0.2192 0.9074 -0.3586
vn -0.2910 0.7298 0.6187
vn -0.0194 0.7632 -0.6459
vn 0.1489 0.9100 0.3869
vn 0.5603 0.7152 -0.4178
vn 0.6631 0.7088 -0.2405
vn -0.0192 0.7922 0.6099
vn -0.6929 0.7132 -0.1056
vn -0.6686 0.7096 -0.2225
vn -0.5284 0.7388 0.4183
vn 0.3374 0.9252 -0.1739
vn -0.1446 0.9090 0.3908
vn 0.2366 0.7233 0.6487
vn -0.2242 0.9076 -0.3549
vn -0.3717 0.9244 -0.0852
vn 0.0170 0.7938 0.6079
vn -0.0023 0.7742 0.6329
vn -0.0535 0.9006 -0.4314
vn -0.0027 0.8997 -0.4366
vn 0.2204 0.9248 0.3101
vn -0.3951 0.7369 0.5486
vn 0.2992 0.9223 -0.2447
vn 0.6725 0.7332 0.1009
vn -0.3810 0.9245 -0.0052
vn -0.1490 0.6948 0.7036
vn 0.1772 0.9037 -0.3897
vn 0.2969 0.7294 0.6163
vn -0.2803 0.9273 0.2481
vn 0.0196 0.8157 -0.5782
vn 0.0600 0.6966 0.7150
vn 0.6897 0.7239 -0.0142
vn 0.3769 0.9261 -0.0153
vn -0.6928 0.7211 -0.0056
vn -0.0617 0.8909 0.4500
vn -0.3806 0.7200 -0.5803
vn 0.1139 0.9076 -0.4040
vn 0.2601 0.9162 -0.3047
vn 0.3708 0.9257 0.0748
vn -0.0558 0.8767 -0.4777
vn -0.0026 0.8764 -0.4815
vn -0.0354 0.8408 0.5401
vn -0.1318 0.8738 -0.4680
vn -0.0117 0.8195 0.5730
vn -0.1960 0.8818 -0.4290
vn -0.0216 0.7746 0.6321
vn -0.2416 0.8825 -0.4035
vn 0.0189 0.7740 0.6329
vn -0.0022 0.7527 0.6584
vn -0.3010 0.8799 -0.3676
vn 0.4315 0.9020 -0.0155
vn 0.0115 0.8187 0.5741
vn -0.3628 0.8847 -0.2928
vn 0.4260 0.8983 -0.1077
vn 0.0408 0.8417 0.5383
vn -0.4108 0.8915 -0.1909
vn 0.4033 0.8915 -0.2065
vn 0.1470 0.8655 0.4788
vn -0.4312 0.8972 -0.0957
vn 0.3557 0.8839 -0.3036
vn 0.2575 0.8725 0.4154
vn -0.4241 0.9011 0.0901
vn -0.4333 0.9012 -0.0048
vn 0.2936 0.8809 -0.3713
vn 0.3536 0.8852 0.3022
vn -0.4016 0.8955 0.1916
vn 0.2361 0.8827 -0.4064
vn 0.4006 0.8974 0.1851
vn 0.1897 0.8815 -0.4324
vn -0.3490 0.8830 0.3140
vn 0.1234 0.8740 -0.4700
vn -0.2507 0.8718 0.4209
vn 0.0501 0.8769 -0.4781
vn 0.4212 0.9033 0.0818
vn -0.1412 0.8632 0.4848
vn -0.0021 1.0000 0.0020
vn 0.4700 -0.7595 -0.4498
vn -0.1770 -0.9208 0.3475
vn 0.3200 -0.7471 -0.5826
vn 0.2894 -0.5610 0.7756
vn -0.5446 -0.8166 0.1911
vn -0.5614 -0.7918 0.2406
vn -0.5624 -0.8204 0.1032
vn 0.3845 -0.9023 0.1948
vn 0.3918 -0.9031 0.1759
vn -0.5875 -0.8071 -0.0588
vn 0.3527 -0.9067 0.2315
vn 0.6151 -0.7206 -0.3201
vn -0.2750 -0.9094 0.3120
vn -0.2809 -0.5066 0.8151
vn 0.4352 -0.8931 0.1139
vn -0.1412 0.0625 0.9880
vn 0.6276 -0.7733 -0.0904
vn -0.3425 -0.9089 0.2380
vn 0.4007 -0.8968 0.1876
vn -0.6383 -0.7180 0.2775
vn 0.4212 -0.7542 0.5037
vn -0.4386 -0.8737 0.2103
vn -0.5823 -0.7813 -0.2248
vn 0.2236 -0.9317 0.2863
vn 0.5000 -0.8376 0.2200
vn -0.4914 -0.6973 0.5219
vn 0.5291 -0.8286 0.1831
vn -0.3875 -0.9105 0.1444
vn -0.4729 -0.7259 -0.4995
vn 0.0183 -0.9458 0.3242
vn 0.2259 0.0671 0.9718
vn -0.1626 -0.9815 0.1007
vn 0.3019 -0.2819 0.9107
vn 0.5970 -0.7691 0.2282
vn -0.3858 -0.9077 0.1650
vn -0.0430 -0.6598 -0.7502
vn -0.5176 -0.8408 0.1587
vn 0.4406 -0.8878 0.1333
vn 0.4455 -0.8898 0.0990
vn 0.5378 -0.7671 0.3497
vn -0.5018 -0.8046 0.3174
vn -0.4281 -0.8746 0.2275
vn -0.4609 -0.7715 0.4387
vn 0.5783 -0.7723 0.2631
vn -0.2183 -0.6926 0.6875
vn 0.5672 -0.8107 0.1450
vn -0.4002 -0.8995 0.1754
vn 0.5409 -0.6267 0.5609
vn -0.4894 -0.8263 0.2786
vn 0.5829 -0.2880 0.7598
vn -0.2241 -0.9683 0.1107
vn 0.5075 -0.7134 -0.4833
vn -0.0264 -0.9504 0.3098
vn 0.0649 -0.6626 -0.7461
vn 0.3835 0.0395 0.9227
vn 0.2447 -0.9696 -0.0026
vn -0.3567 -0.7214 -0.5936
vn 0.1878 -0.9268 0.3251
vn 0.4760 -0.8649 0.1594
vn -0.3931 -0.8992 0.1919
vn 0.5810 -0.8137 -0.0207
vn -0.5134 -0.7495 -0.4180
vn 0.3242 -0.9027 0.2828
vn -0.3725 -0.9019 0.2185
vn 0.5661 -0.8048 -0.1781
vn -0.1540 -0.6155 0.7729
vn -0.0409 -0.1812 0.9826
vn -0.6161 -0.7424 -0.2631
vn 0.3961 -0.8947 0.2063
vn 0.5819 -0.7923 0.1834
vn -0.6079 -0.7920 -0.0566
vn -0.2364 -0.9335 0.2696
vn 0.2309 -0.9685 0.0928
vn -0.2038 -0.9666 0.1554
vn -0.3328 -0.8906 0.3100
vn 0.4836 -0.8654 0.1311
vn 0.4952 -0.8640 0.0911
vn -0.5004 -0.8277 0.2541
vn -0.4184 -0.8827 0.2139
vn -0.4435 -0.8799 0.1704
vn -0.5412 -0.7709 0.3359
vn -0.4352 -0.8816 0.1825
vn 0.4438 -0.8702 0.2140
vn -0.4754 -0.8451 0.2444
vn 0.5473 -0.8223 0.1558
vn 0.3610 -0.8843 0.2961
vn 0.6204 -0.7410 0.2570
vn 0.2381 -0.8984 0.3689
vn 0.5418 -0.8054 0.2404
vn -0.0347 -0.9090 0.4153
vn -0.4314 -0.8863 0.1686
vn 0.0205 -0.9058 0.4232
vn 0.6093 -0.7570 0.2362
vn 0.4200 -0.8872 0.1911
vn 0.4264 -0.8879 0.1728
vn 0.3021 -0.8945 0.3295
vn 0.5360 -0.7952 0.2833
vn -0.4571 -0.8765 0.1513
vn 0.3963 -0.8883 0.2322
vn 0.4539 -0.8638 0.2187
vn -0.5173 -0.8277 0.2175
vn -0.5677 -0.7800 0.2635
vn -0.3861 -0.8871 0.2529
vn -0.4945 -0.8386 0.2285
vn -0.3056 -0.8932 0.3298
vn 0.3585 -0.9188 0.1650
vn -0.1537 -0.9728 0.1731
vn -0.2100 -0.9007 0.3804
vn -0.0077 -0.9577 0.2876
vn 0.0519 -0.9647 0.2580
vn -0.6078 -0.7921 -0.0566
vn -0.6161 -0.7425 -0.2630
vn -0.5134 -0.7495 -0.4179
vn -0.3567 -0.7215 -0.5935
vn 0.0650 -0.6627 -0.7461
vn 0.5075 -0.7134 -0.4832
vn 0.5661 -0.8049 -0.1782
vn 0.5809 -0.8137 -0.0207
vn 0.5671 -0.8108 0.1450
vn -0.5175 -0.8408 0.1587
vn -0.4608 -0.7715 0.4387
vn -0.2182 -0.6926 0.6875
vn -0.1540 -0.6156 0.7729
vn -0.0410 -0.1812 0.9826
vn 0.3836 0.0395 0.9226
vn 0.5409 -0.6268 0.5608
vn 0.5377 -0.7672 0.3497
vn 0.4211 -0.7543 0.5037
vn 0.2894 -0.5611 0.7755
vn 0.3020 -0.2819 0.9107
vn 0.2258 0.0671 0.9719
vn -0.1411 0.0626 0.9880
vn -0.2809 -0.5067 0.8151
vn -0.4913 -0.6973 0.5220
vn -0.6382 -0.7181 0.2776
vn 0.5290 -0.8286 0.1830
vn 0.6275 -0.7734 -0.0904
vn 0.6150 -0.7206 -0.3201
vn 0.4699 -0.7595 -0.4497
vn 0.3200 -0.7472 -0.5825
vn -0.4728 -0.7259 -0.4995
vn -0.5822 -0.7813 -0.2247
vn -0.5874 -0.8071 -0.0587
vn 0.0032 -0.9542 0.2991
vn 0.8649 -0.2675 -0.4247
vn 0.6108 -0.7219 0.3252
vn 0.3427 0.2182 0.9137
vn -0.3299 0.2947 0.8968
vn 0.5308 0.5505 0.6443
vn -0.3299 0.2946 0.8969
vn 0.3428 0.2183 0.9137
vn 0.3878 0.1944 0.9010
vn -0.3436 0.6361 0.6909
vn 0.8845 0.1189 -0.4512
vn 0.5308 0.5505 0.6444
vn 0.3935 -0.0419 0.9184
vn -0.3646 0.0376 0.9304
vn 0.8882 0.2133 -0.4069
vn 0.8844 0.1189 -0.4512
vn 0.3433 -0.6372 -0.6900
vn 0.3660 -0.0449 -0.9295
vn 0.2924 0.1911 -0.9370
vn 0.8866 0.1412 -0.4404
vn 0.8866 0.1413 -0.4404
vn 0.2449 0.1564 -0.9568
vn 0.8746 0.0375 -0.4834
vn 0.4525 -0.1689 0.8756
vn 0.4196 -0.1236 0.8992
vn 0.4196 -0.1235 0.8992
vn -0.2917 -0.1906 0.9373
vn -0.2449 -0.1567 0.9568
vn -0.2529 -0.1892 0.9488
vn 0.4526 -0.1689 0.8756
vn -0.2287 -0.2541 0.9397
vn 0.4839 -0.2963 0.8234
vn 0.4839 -0.2964 0.8234
vn -0.1952 -0.5851 0.7871
vn 0.8568 0.0619 -0.5118
vn 0.5492 -0.5601 0.6203
vn 0.2285 0.2570 -0.9390
vn 0.8568 0.0619 -0.5119
vn 0.1927 0.5945 -0.7806
vn 0.8215 0.3111 -0.4778
vn 0.0676 0.9807 -0.1833
vn 0.7286 0.6699 -0.1430
vn 0.7217 -0.6673 0.1837
vn 0.5491 -0.5600 0.6204
vn -0.1586 0.5702 0.8061
vn 0.4941 0.5260 0.6922
vn -0.0681 -0.9813 0.1800
vn 0.7218 -0.6673 0.1837
vn -0.0917 -0.8322 0.5468
vn 0.5144 -0.6138 0.5989
vn -0.0296 -0.8730 0.4868
vn 0.0238 -0.9725 0.2316
vn -0.1737 0.5059 0.8449
vn -0.0917 -0.8323 0.5467
vn -0.0066 0.9727 -0.2320
vn -0.0226 0.9722 -0.2329
vn -0.1737 0.5060 0.8449
vn -0.0367 -0.8570 0.5140
vn -0.0959 0.9612 -0.2586
vn -0.0975 0.5454 0.8325
vn 0.0370 -0.8106 0.5845
vn -0.0367 -0.8571 0.5139
vn 0.0055 -0.9729 0.2312
vn 0.0967 -0.9620 0.2555
vn 0.0371 -0.8106 0.5845
vn -0.7042 -0.7086 0.0445
vn -0.0848 0.6060 0.7909
vn -0.5768 -0.6378 0.5104
vn -0.6643 0.5042 0.5518
vn -0.7249 0.6095 -0.3210
vn -0.6919 0.3213 -0.6466
vn -0.0472 0.6009 -0.7979
vn 0.0810 0.6043 -0.7926
vn 0.0231 0.3119 -0.9498
vn 0.1246 0.2856 -0.9502
vn 0.1705 0.2705 -0.9475
vn 0.1061 0.5765 -0.8102
vn 0.1921 0.1684 -0.9668
vn 0.2008 0.1993 -0.9591
vn 0.1576 0.1804 -0.9709
vn 0.2532 0.1896 -0.9487
vn 0.1746 0.2085 -0.9623
vn 0.0877 0.2053 -0.9748
vn 0.1290 0.2212 -0.9667
vn -0.6487 0.1625 -0.7435
vn -0.6737 0.1992 -0.7117
vn -0.6318 0.1566 -0.7592
vn -0.7618 -0.1642 0.6267
vn -0.7174 -0.2806 0.6377
vn -0.1284 -0.2208 0.9668
vn -0.7618 -0.1642 0.6266
vn -0.7795 -0.1675 0.6036
vn -0.0872 -0.2058 0.9747
vn -0.7175 -0.2805 0.6376
vn -0.0230 -0.3101 0.9504
vn -0.6670 -0.5507 0.5018
vn -0.6670 -0.5507 0.5019
vn -0.1250 -0.2832 0.9509
vn 0.0463 -0.5927 0.8041
vn -0.1578 -0.1807 0.9708
vn -0.1712 -0.2679 0.9481
vn -0.0823 -0.5961 0.7987
vn -0.1923 -0.1687 0.9667
vn -0.2007 -0.1989 0.9592
vn -0.1747 -0.2079 0.9624
vn -0.1372 -0.2111 0.9678
vn -0.1872 -0.2116 0.9593
vn -0.2205 -0.2053 0.9535
vn -0.2128 0.0322 0.9766
vn -0.2657 0.0368 0.9633
vn -0.1884 0.6768 0.7117
vn -0.2429 0.6447 0.7248
vn -0.1250 0.0130 0.9921
vn -0.0870 0.6645 0.7422
vn -0.8095 0.0486 0.5851
vn -0.8431 0.4642 0.2716
vn -0.6072 0.1522 -0.7798
vn -0.7867 -0.1505 0.5987
vn -0.5662 0.0341 -0.8236
vn -0.5663 0.0341 -0.8235
vn 0.1375 0.2114 -0.9677
vn 0.1248 -0.0219 -0.9919
vn 0.0882 -0.6631 -0.7433
vn 0.1875 0.2118 -0.9592
vn 0.2136 -0.0404 -0.9761
vn 0.1888 -0.6773 -0.7110
vn 0.2210 0.2056 -0.9533
vn 0.2673 -0.0451 -0.9626
vn 0.2438 -0.6446 -0.7246
vn -0.0479 -0.9339 0.3544
vn -0.0655 -0.9203 0.3857
vn -0.0695 -0.9311 0.3582
vn -0.2155 0.4089 0.8868
vn -0.1562 0.3793 0.9120
vn -0.2667 0.3681 0.8907
vn -0.2155 0.4090 0.8867
vn -0.7634 0.2092 0.6111
vn -0.6150 -0.7851 0.0739
vn -0.5312 -0.4263 -0.7322
vn -0.0695 -0.9310 0.3583
vn -0.5313 -0.4263 -0.7321
vn -0.6072 0.1523 -0.7798
vn -0.6317 0.1566 -0.7592
vn -0.1075 -0.5657 0.8176
vn -0.1085 -0.9088 -0.4029
vn -0.4528 -0.4413 0.7748
vn -0.6559 -0.7536 -0.0442
vn -0.8231 0.2719 -0.4986
vn -0.2357 0.4212 -0.8758
vn -0.8252 0.5513 -0.1230
vn -0.2357 0.4211 -0.8759
vn -0.8231 0.2718 -0.4986
vn -0.8498 0.2351 -0.4717
vn -0.1373 0.7663 -0.6277
vn -0.4732 -0.0580 0.8790
vn -0.8252 0.5513 -0.1231
vn -0.2565 -0.0168 -0.9664
vn -0.2183 0.2252 -0.9496
vn -0.5079 0.0427 0.8603
vn -0.4732 -0.0580 0.8791
vn 0.2272 -0.2242 0.9477
vn 0.2564 0.0171 0.9664
vn -0.5079 0.0428 0.8603
vn 0.2798 0.0390 0.9593
vn -0.5138 0.0459 0.8567
vn -0.8541 0.0330 -0.5191
vn -0.5006 0.0342 0.8650
vn -0.8611 -0.0073 -0.5084
vn -0.8572 0.0018 -0.5150
vn -0.2797 -0.0385 -0.9593
vn -0.8611 -0.0074 -0.5083
vn -0.8572 0.0018 -0.5149
vn -0.8608 -0.1108 -0.4968
vn -0.2794 -0.0252 -0.9599
vn -0.8608 -0.1108 -0.4967
vn -0.8295 -0.4201 -0.3681
vn -0.2644 -0.1226 -0.9566
vn -0.4848 0.0708 0.8718
vn 0.2795 0.0249 0.9598
vn -0.4847 0.0707 0.8718
vn 0.2645 0.1255 0.9562
vn -0.4641 0.2697 0.8437
vn -0.0082 0.9412 0.3377
vn -0.5635 0.6246 0.5407
vn -0.4641 0.2697 0.8438
vn -0.7484 -0.6582 0.0815
vn -0.3290 0.6271 -0.7060
vn -0.7693 0.5683 -0.2920
vn 0.0108 -0.9421 -0.3350
vn -0.2101 -0.4723 -0.8560
vn -0.1597 -0.7821 -0.6023
vn -0.7375 -0.5843 -0.3387
vn -0.1950 -0.7992 -0.5685
vn -0.0818 -0.9369 -0.3400
vn -0.1597 -0.7822 -0.6022
vn -0.3179 0.6163 -0.7205
vn 0.1497 0.9387 0.3106
vn 0.0827 0.9364 0.3409
vn -0.3178 0.6163 -0.7206
vn -0.2436 -0.7641 -0.5973
vn 0.2530 0.9112 0.3252
vn -0.3005 0.6599 -0.6887
vn -0.3297 -0.7002 -0.6333
vn -0.2435 -0.7642 -0.5972
vn -0.1490 -0.9387 -0.3108
vn -0.2537 -0.9116 -0.3236
vn 0.5842 -0.6718 -0.4554
vn -0.2314 0.7193 -0.6550
vn 0.3026 -0.5258 -0.7949
vn 0.3984 0.6090 -0.6859
vn 0.8269 0.5549 0.0914
vn 0.9365 0.1564 0.3140
vn 0.4408 0.4617 0.7698
vn 0.9365 0.1564 0.3139
vn 0.8268 0.5549 0.0915
vn 0.3525 0.4732 0.8074
vn 0.9438 -0.0126 0.3304
vn 0.4436 0.1391 0.8854
vn 0.3775 0.1349 0.9161
vn 0.2866 0.4624 0.8390
vn 0.3317 0.1306 0.9343
vn 0.2088 0.4821 0.8509
vn 0.3655 0.0210 0.9306
vn 0.3323 0.0199 0.9430
vn 0.3600 0.0394 0.9321
vn 0.3360 0.0416 0.9409
vn 0.3968 0.0424 0.9169
vn 0.4133 0.0289 0.9102
vn 0.9407 0.0342 0.3374
vn 0.9410 -0.0343 0.3366
vn 0.3099 -0.0860 -0.9469
vn 0.2912 -0.2223 -0.9305
vn -0.4130 -0.0291 -0.9103
vn 0.3080 -0.0309 -0.9509
vn -0.3968 -0.0420 -0.9170
vn -0.4432 -0.1364 -0.8860
vn 0.3100 -0.0859 -0.9468
vn -0.4419 -0.4512 -0.7753
vn 0.2913 -0.2222 -0.9305
vn 0.3263 -0.4824 -0.8129
vn -0.3549 -0.4626 -0.8125
vn -0.3774 -0.1322 -0.9166
vn -0.3654 -0.0212 -0.9306
vn -0.2888 -0.4503 -0.8449
vn -0.3321 -0.1278 -0.9345
vn -0.3324 -0.0201 -0.9429
vn -0.3600 -0.0389 -0.9321
vn -0.3362 -0.0411 -0.9409
vn -0.3586 -0.0343 -0.9329
vn -0.4077 -0.0321 -0.9125
vn -0.3319 -0.0281 -0.9429
vn -0.3137 0.2213 -0.9234
vn -0.3557 0.2303 -0.9058
vn -0.2365 0.8091 -0.5379
vn -0.2312 0.7772 -0.5852
vn -0.4274 0.2162 -0.8778
vn -0.3106 0.8047 -0.5059
vn 0.3061 0.0532 -0.9505
vn 0.3300 0.3008 -0.8948
vn 0.5421 0.6247 -0.5620
vn 0.9344 0.0938 0.3436
vn 0.9300 -0.0287 0.3664
vn 0.4277 -0.2252 0.8754
vn 0.9344 0.0939 0.3437
vn 0.4078 0.0323 0.9125
vn 0.3112 -0.8031 0.5081
vn 0.9300 -0.0287 0.3663
vn 0.3598 -0.2336 0.9033
vn 0.3586 0.0344 0.9328
vn 0.2387 -0.8117 0.5331
vn 0.3089 -0.2247 0.9242
vn 0.3318 0.0283 0.9429
vn 0.2245 -0.7803 0.5837
vn -0.1367 -0.8326 -0.5368
vn -0.0973 -0.8597 -0.5015
vn -0.1372 -0.8266 -0.5458
vn -0.3404 0.5698 -0.7480
vn -0.2920 0.5265 -0.7985
vn -0.3073 0.5650 -0.7657
vn -0.3404 0.5697 -0.7480
vn -0.0972 -0.8597 -0.5015
vn 0.2536 0.4497 -0.8564
vn 0.2537 0.4497 -0.8564
vn 0.4713 -0.6506 -0.5955
vn 0.8591 -0.4844 0.1650
vn 0.1414 -0.7723 0.6193
vn 0.3079 -0.0310 -0.9509
vn 0.4928 -0.5246 0.6942
vn 0.1235 -0.8566 -0.5011
vn 0.6736 -0.7227 -0.1548
vn 0.7958 0.3599 -0.4869
vn 0.8238 0.5600 -0.0883
vn 0.2286 0.5223 -0.8216
vn 0.8238 0.5599 -0.0882
vn 0.7959 0.3598 -0.4870
vn 0.1505 0.7936 -0.5895
vn 0.8554 0.2274 -0.4653
vn 0.4780 -0.0866 0.8741
vn 0.2707 -0.0185 -0.9625
vn 0.8587 0.0276 -0.5117
vn 0.4966 0.0460 0.8668
vn -0.1506 -0.7929 0.5904
vn -0.2707 0.0186 0.9625
vn -0.2430 -0.2368 0.9407
vn 0.4966 0.0459 0.8667
vn -0.2861 0.0352 0.9576
vn 0.5064 0.0372 0.8615
vn 0.8598 -0.0094 -0.5106
vn 0.5022 0.0266 0.8643
vn 0.8600 -0.0322 -0.5093
vn 0.2861 -0.0347 -0.9576
vn 0.2748 -0.0297 -0.9610
vn 0.8428 -0.1478 -0.5175
vn 0.5043 0.0572 0.8617
vn 0.2418 -0.1344 -0.9610
vn 0.8074 -0.4178 -0.4166
vn 0.5042 0.0572 0.8617
vn 0.4990 0.2117 0.8404
vn -0.2748 0.0295 0.9610
vn 0.4990 0.2116 0.8403
vn -0.2416 0.1367 0.9607
vn -0.0058 0.9037 0.4282
vn -0.1698 0.4494 0.8770
vn 0.7784 -0.6277 -0.0095
vn 0.5642 0.5809 0.5867
vn 0.2933 0.7019 -0.6491
vn 0.7304 0.6297 -0.2646
vn 0.7784 -0.6277 -0.0094
vn 0.7409 -0.5167 -0.4290
vn 0.0031 -0.9041 -0.4273
vn 0.1666 -0.7140 -0.6801
vn 0.7409 -0.5168 -0.4289
vn 0.1666 -0.7140 -0.6800
vn 0.0383 -0.9298 -0.3660
vn 0.1684 -0.7708 -0.6144
vn 0.3180 0.6446 -0.6952
vn -0.0385 0.9297 0.3663
vn -0.0931 0.9377 0.3346
vn 0.2103 -0.8101 -0.5472
vn 0.3139 0.6061 -0.7308
vn -0.2119 0.9480 0.2376
vn 0.3050 -0.7656 -0.5664
vn 0.2564 0.6518 -0.7137
vn 0.0919 -0.9382 -0.3338
vn 0.1684 -0.7707 -0.6145
vn 0.2114 -0.9488 -0.2348
vn 0.2103 -0.8101 -0.5473
vn -0.6229 -0.6898 -0.3690
vn -0.3451 -0.5816 -0.7366
vn -0.3972 0.5551 -0.7308
vn -0.3971 0.5551 -0.7309
vn -0.7934 0.6052 0.0654
vn -0.9124 0.2223 0.3438
vn -0.4056 0.4773 0.7796
vn -0.3835 -0.4829 -0.7872
vn -0.3003 0.4604 0.8353
vn -0.9357 -0.0012 0.3528
vn -0.4207 0.1259 0.8984
vn -0.3604 0.1321 0.9234
vn -0.2557 0.4748 0.8421
vn -0.3101 0.1331 0.9413
vn -0.3630 0.0206 0.9315
vn -0.3261 0.0205 0.9451
vn -0.3529 0.0355 0.9350
vn -0.3249 0.0340 0.9451
vn -0.4067 0.0373 0.9128
vn -0.4128 0.0212 0.9106
vn -0.9404 -0.0284 0.3390
vn -0.9448 0.0401 0.3251
vn -0.3148 -0.0562 -0.9475
vn -0.2982 -0.0127 -0.9544
vn -0.3249 -0.1792 -0.9286
vn 0.4067 -0.0368 -0.9128
vn -0.3149 -0.0562 -0.9475
vn 0.4128 -0.0214 -0.9106
vn 0.4205 -0.1229 -0.8989
vn -0.3249 -0.1793 -0.9286
vn 0.4079 -0.4665 -0.7848
vn -0.3836 -0.4829 -0.7872
vn 0.3021 -0.4484 -0.8412
vn 0.3605 -0.1294 -0.9237
vn 0.3628 -0.0208 -0.9316
vn 0.2579 -0.4652 -0.8468
vn 0.3105 -0.1305 -0.9416
vn 0.3261 -0.0207 -0.9451
vn 0.3528 -0.0351 -0.9350
vn 0.3250 -0.0335 -0.9451
vn 0.4260 -0.0188 -0.9045
vn 0.3545 -0.0250 -0.9347
vn 0.3240 -0.0261 -0.9457
vn 0.3769 0.2181 -0.9002
vn 0.3220 0.2319 -0.9179
vn 0.2445 0.2282 -0.9424
vn 0.2939 0.7722 -0.5633
vn 0.2528 0.7973 -0.5481
vn 0.4603 0.2248 -0.8589
vn -0.2892 0.0714 -0.9546
vn 0.3560 0.7678 -0.5327
vn -0.3157 0.3133 -0.8956
vn -0.9427 0.0830 0.3232
vn -0.9298 -0.0280 0.3671
vn -0.5126 0.6173 -0.5968
vn -0.8734 -0.3932 0.2874
vn -0.4603 -0.2313 0.8571
vn -0.9427 0.0831 0.3232
vn -0.3557 -0.7680 0.5326
vn -0.3771 -0.2256 0.8983
vn -0.4261 0.0193 0.9045
vn -0.2936 -0.7723 0.5633
vn -0.3239 0.0262 0.9457
vn -0.3215 -0.2394 0.9161
vn -0.2514 -0.7980 0.5477
vn 0.1060 -0.8526 -0.5116
vn 0.0931 -0.8365 -0.5401
vn 0.0763 -0.8882 -0.4530
vn 0.3683 0.4583 -0.8089
vn 0.3223 0.5335 -0.7820
vn 0.2944 0.5578 -0.7760
vn 0.3224 0.5334 -0.7820
vn 0.2944 0.5577 -0.7761
vn 0.2286 0.5223 -0.8215
vn 0.3684 0.4582 -0.8089
vn -0.5127 0.6172 -0.5968
vn -0.2871 0.3433 -0.8942
vn -0.5409 -0.6918 -0.4784
vn -0.3546 0.0252 0.9347
vn -0.2892 0.0713 -0.9546
vn 0.1714 -0.4397 -0.8816
vn -0.8818 -0.3914 -0.2630
vn 0.1269 -0.9169 0.3785
vn -0.5055 -0.7152 0.4826
vn -0.2441 0.3032 0.9212
vn -0.5132 0.5752 0.6370
vn 0.3895 0.4134 0.8230
vn -0.5133 0.5751 0.6370
vn -0.2440 0.3032 0.9212
vn 0.3455 0.6780 0.6488
vn -0.3175 0.1923 0.9286
vn -0.9252 0.0984 -0.3664
vn 0.4229 0.0488 0.9049
vn -0.3134 -0.0462 0.9485
vn -0.9202 0.2043 -0.3339
vn -0.3458 -0.6773 -0.6493
vn -0.9202 0.2043 -0.3338
vn -0.4242 -0.0580 -0.9037
vn -0.9283 0.1191 -0.3522
vn -0.3839 0.1795 -0.9058
vn -0.9283 0.1191 -0.3521
vn -0.3272 -0.1244 0.9367
vn -0.3665 0.1360 -0.9204
vn -0.3605 0.1701 -0.9171
vn -0.3439 -0.1765 0.9223
vn -0.9260 0.0183 -0.3770
vn 0.3834 -0.1790 0.9061
vn 0.3662 -0.1362 0.9205
vn -0.3439 -0.1766 0.9223
vn 0.3881 -0.2367 0.8907
vn -0.3385 -0.3157 0.8864
vn -0.9254 0.0300 -0.3777
vn 0.3815 -0.5427 0.7483
vn -0.3855 -0.5527 0.7389
vn -0.9144 0.2089 -0.3467
vn -0.3885 0.2395 -0.8898
vn -0.9255 0.0300 -0.3776
vn -0.3796 0.5527 -0.7419
vn -0.9145 0.2089 -0.3466
vn -0.1953 0.9493 -0.2462
vn -0.6405 -0.6698 0.3757
vn -0.7946 0.6019 -0.0795
vn 0.2327 0.6286 0.7421
vn -0.3830 0.5913 0.7097
vn -0.6406 -0.6697 0.3756
vn -0.3696 -0.5573 0.7435
vn 0.1976 -0.9494 0.2442
vn 0.2412 -0.7870 0.5678
vn 0.2412 -0.7871 0.5678
vn 0.1694 -0.8435 0.5097
vn 0.2364 0.5582 0.7953
vn 0.2364 0.5581 0.7954
vn -0.1211 0.9697 -0.2120
vn -0.0273 0.9741 -0.2245
vn 0.2452 0.5046 0.8278
vn 0.0993 -0.8759 0.4722
vn 0.2444 0.5045 0.8281
vn 0.1200 0.9708 -0.2077
vn 0.2524 0.5432 0.8008
vn 0.0129 -0.8413 0.5404
vn 0.1077 -0.9726 0.2063
vn -0.1221 -0.9714 0.2037
vn 0.0344 -0.9768 0.2113
vn 0.6931 -0.7142 -0.0972
vn 0.2524 0.5431 0.8008
vn 0.6457 -0.6796 0.3482
vn 0.7667 0.4533 0.4547
vn 0.7667 0.4532 0.4548
vn 0.6654 0.6301 -0.4003
vn 0.5658 0.3494 -0.7468
vn -0.0693 0.5913 -0.8035
vn 0.5659 0.3494 -0.7468
vn 0.7649 -0.5132 0.3894
vn -0.2059 0.5625 -0.8007
vn -0.1643 0.2619 -0.9510
vn 0.5546 0.1746 -0.8136
vn -0.2489 0.2521 -0.9351
vn -0.3093 0.2451 -0.9188
vn -0.2779 0.5726 -0.7713
vn -0.3101 0.1374 -0.9407
vn -0.2665 0.1465 -0.9526
vn -0.3168 0.1752 -0.9322
vn -0.2848 0.1847 -0.9406
vn -0.2055 0.1638 -0.9649
vn -0.2226 0.1902 -0.9562
vn 0.5540 0.1375 -0.8211
vn 0.5591 0.1406 -0.8171
vn 0.8313 -0.1102 0.5447
vn 0.8334 -0.1262 0.5381
vn 0.8165 -0.2060 0.5394
vn 0.2224 -0.1897 0.9563
vn 0.8314 -0.1101 0.5447
vn 0.2055 -0.1641 0.9648
vn 0.8165 -0.2060 0.5393
vn 0.1648 -0.2589 0.9517
vn 0.0707 -0.5823 0.8099
vn 0.7648 -0.5133 0.3894
vn 0.2495 -0.2493 0.9357
vn 0.2084 -0.5509 0.8081
vn 0.2667 -0.1467 0.9526
vn 0.3092 -0.2423 0.9196
vn 0.2800 -0.5625 0.7779
vn 0.3099 -0.1376 0.9407
vn 0.3166 -0.1747 0.9324
vn 0.2847 -0.1842 0.9408
vn 0.2154 -0.1819 0.9594
vn 0.2914 -0.1878 0.9380
vn 0.3287 -0.1873 0.9257
vn 0.3602 -0.1696 0.9173
vn 0.2892 0.0348 0.9566
vn 0.3517 0.0517 0.9347
vn 0.2348 0.6467 0.7257
vn 0.2541 0.6824 0.6854
vn 0.1987 0.0392 0.9793
vn 0.8518 0.0842 0.5171
vn 0.1556 0.6304 0.7605
vn 0.5407 0.1332 -0.8306
vn 0.4815 0.0356 -0.8757
vn 0.4815 0.0355 -0.8757
vn 0.8621 0.4568 0.2194
vn 0.4271 -0.3309 -0.8415
vn -0.2157 0.1824 -0.9593
vn -0.1988 -0.0464 -0.9789
vn -0.1553 -0.6315 -0.7597
vn -0.2919 0.1882 -0.9378
vn -0.2893 -0.0430 -0.9563
vn -0.2343 -0.6477 -0.7249
vn -0.3293 0.1876 -0.9254
vn -0.3523 -0.0597 -0.9340
vn -0.2542 -0.6838 -0.6840
vn 0.1383 -0.9188 0.3698
vn 0.0766 -0.9369 0.3411
vn 0.0679 -0.9663 0.2483
vn 0.2452 0.2645 0.9327
vn 0.2927 0.3731 0.8804
vn 0.3214 0.4162 0.8506
vn 0.2926 0.3730 0.8805
vn 0.3894 0.4135 0.8230
vn 0.2451 0.2644 0.9328
vn 0.8621 0.4568 0.2193
vn 0.8280 0.1348 0.5443
vn 0.6079 -0.7903 -0.0770
vn 0.5408 0.1332 -0.8305
vn 0.8361 -0.1153 0.5364
vn 0.8361 -0.1153 0.5363
vn -0.3990 0.6161 -0.6791
vn 0.7649 0.6371 -0.0948
vn 0.4727 0.5481 -0.6901
vn 0.4920 -0.5958 -0.6349
vn 0.0554 -0.6826 -0.7287
vn 0.0554 -0.6825 -0.7287
vn 0.6255 -0.7795 -0.0326
vn 0.2939 -0.9543 0.0549
vn 0.5391 -0.4679 -0.7004
vn 0.8906 -0.4548 0.0010
vn -0.7187 0.2222 -0.6588
vn 0.6966 -0.1472 -0.7022
vn 0.9959 -0.0871 -0.0240
vn -0.7285 -0.0216 -0.6848
vn -0.7284 -0.0216 -0.6848
vn -0.8842 0.4671 -0.0010
vn -0.7187 0.2222 -0.6589
vn -0.2963 0.9536 -0.0539
vn -0.7113 -0.0484 -0.7013
vn -0.9956 0.0907 0.0237
vn -0.7113 -0.0483 -0.7013
vn 0.7150 -0.0392 -0.6980
vn -0.7027 0.0228 -0.7111
vn -0.9996 -0.0046 0.0290
vn 0.7218 -0.0362 -0.6911
vn 0.7217 -0.0362 -0.6912
vn 0.9996 0.0043 -0.0291
vn 0.9985 -0.0446 -0.0326
vn 0.7164 -0.0073 -0.6976
vn 0.9976 -0.0663 -0.0202
vn -0.7132 0.0856 -0.6958
vn 0.9862 0.1653 0.0011
vn 0.6537 0.2251 -0.7225
vn -0.7131 0.0856 -0.6958
vn -0.7778 -0.0055 -0.6285
vn -0.9848 -0.1734 -0.0012
vn -0.7777 -0.0055 -0.6286
vn -0.9984 0.0452 0.0326
vn -0.6734 -0.7391 0.0171
vn -0.7529 -0.3821 -0.5359
vn 0.2457 0.5913 -0.7681
vn 0.3893 -0.9208 0.0238
vn 0.1218 -0.7543 -0.6451
vn 0.6308 0.2365 -0.7390
vn 0.2457 0.5912 -0.7682
vn 0.9171 0.3971 -0.0353
vn 0.6308 0.2366 -0.7390
vn 0.6751 0.7375 -0.0173
vn 0.9171 0.3972 -0.0353
vn 0.8672 0.4878 -0.0998
vn 0.4810 -0.8750 0.0545
vn 0.5170 -0.8549 0.0428
vn -0.6478 -0.7548 0.1031
vn 0.5170 -0.8549 0.0429
vn 0.8365 0.5283 -0.1454
vn -0.6218 -0.7537 0.2128
vn -0.6218 -0.7706 0.1396
vn 0.5077 -0.8606 0.0400
vn 0.8378 0.5059 -0.2052
vn 0.6479 0.7546 -0.1039
vn 0.6208 0.7542 -0.2139
vn 0.3710 0.6635 0.6498
vn 0.7519 0.4217 0.5068
vn 0.3877 -0.6352 0.6680
vn -0.4811 -0.4237 0.7675
vn 0.5078 -0.8605 0.0400
vn -0.4810 -0.4236 0.7676
vn -0.6317 0.0391 0.7742
vn -0.9715 -0.1615 0.1735
vn -0.6317 0.0390 0.7742
vn 0.7730 0.2654 0.5763
vn -0.9891 0.0724 0.1280
vn -0.5989 0.1442 0.7877
vn 0.8170 0.0389 0.5753
vn 0.9892 -0.0720 -0.1280
vn 0.9733 0.1520 -0.1718
vn 0.9912 -0.0505 -0.1221
vn -0.5834 0.0783 0.8084
vn 0.8215 0.0015 0.5703
vn 0.9888 -0.0163 -0.1481
vn -0.5833 0.0783 0.8085
vn 0.8213 -0.0235 0.5700
vn -0.5787 0.0179 0.8153
vn -0.5989 0.1443 0.7877
vn -0.9912 0.0511 0.1220
vn -0.9895 0.0113 0.1443
vn -0.9773 0.1172 0.1763
vn 0.8205 -0.1342 0.5557
vn -0.5775 0.0415 0.8153
vn -0.5657 0.2022 0.7994
vn -0.8725 0.4529 0.1833
vn 0.7105 -0.4139 0.5691
vn 0.8213 -0.0235 0.5701
vn 0.9775 -0.1095 -0.1800
vn 0.7105 -0.4138 0.5691
vn 0.3774 -0.9199 -0.1063
vn 0.8786 -0.4407 -0.1839
vn 0.3053 -0.6267 0.7169
vn -0.2937 0.5945 0.7486
vn 0.6949 -0.7140 -0.0853
vn 0.5551 0.6289 0.5444
vn 0.6878 -0.5162 0.5103
vn -0.3826 0.9172 0.1112
vn 0.7068 0.7050 -0.0580
vn 0.7068 0.7051 -0.0580
vn -0.3409 0.9400 0.0168
vn 0.7697 0.6287 -0.1106
vn 0.7697 0.6287 -0.1105
vn 0.6195 -0.7841 -0.0368
vn 0.3356 -0.9417 -0.0231
vn 0.3350 -0.9421 -0.0142
vn 0.8121 0.5767 -0.0891
vn 0.5639 -0.8248 -0.0408
vn 0.8122 0.5766 -0.0891
vn 0.6254 -0.7796 -0.0326
vn -0.3349 0.9421 0.0140
vn -0.8827 0.4613 0.0893
vn -0.8991 0.4317 0.0720
vn -0.9889 0.1039 0.1065
vn -0.9928 0.0951 0.0735
vn -0.9952 -0.0023 0.0982
vn -0.9973 -0.0045 0.0738
vn -0.9950 0.0476 0.0876
vn -0.9958 0.0493 0.0773
vn -0.9976 0.0668 0.0201
vn -0.9934 0.0749 0.0867
vn -0.9947 0.0726 0.0726
vn -0.9769 -0.1805 0.1148
vn -0.9810 -0.1794 0.0732
vn 0.9058 -0.4173 -0.0729
vn 0.8889 -0.4490 -0.0909
vn 0.9931 -0.0918 -0.0736
vn 0.9892 -0.1005 -0.1063
vn 0.9952 0.0022 -0.0979
vn 0.9973 0.0043 -0.0740
vn 0.9951 -0.0470 -0.0875
vn 0.9958 -0.0487 -0.0774
vn 0.9947 -0.0723 -0.0726
vn 0.9934 -0.0746 -0.0867
vn 0.9827 0.1702 -0.0733
vn 0.9785 0.1717 -0.1142
vn 0.6224 0.7700 -0.1403
vn 0.4110 0.5723 -0.7097
vn -0.7237 0.6860 -0.0750
vn 0.3803 0.9229 -0.0607
vn -0.5779 -0.5528 -0.6004
vn -0.6764 -0.7362 -0.0226
vn -0.4685 0.5956 -0.6526
vn -0.1663 -0.6567 -0.7356
vn -0.6764 -0.7361 -0.0227
vn -0.6022 -0.4517 -0.6582
vn -0.3797 -0.9230 0.0622
vn 0.6952 0.1609 -0.7006
vn -0.7215 -0.1680 -0.6717
vn -0.9013 -0.4313 0.0406
vn 0.7065 -0.0223 -0.7073
vn 0.6952 0.1610 -0.7006
vn 0.7065 -0.0222 -0.7074
vn 0.8949 0.4443 -0.0417
vn 0.9953 0.0965 -0.0078
vn 0.7036 -0.0420 -0.7094
vn 0.9997 -0.0022 0.0223
vn 0.7035 -0.0420 -0.7094
vn 0.7049 0.0326 -0.7086
vn 0.9978 0.0535 0.0387
vn -0.7221 -0.0496 -0.6900
vn -0.7199 -0.0442 -0.6927
vn -0.9997 0.0020 -0.0227
vn -0.7221 -0.0495 -0.6900
vn -0.9956 -0.0931 0.0072
vn -0.7084 -0.0246 -0.7054
vn -0.9979 -0.0522 -0.0394
vn -0.9910 0.1308 -0.0279
vn -0.6547 0.1909 -0.7314
vn 0.7190 0.1131 -0.6858
vn 0.9898 -0.1401 0.0274
vn 0.7652 0.0065 -0.6437
vn 0.9951 0.0924 0.0364
vn 0.6873 -0.7257 0.0330
vn 0.6980 -0.4470 -0.5595
vn 0.7653 0.0065 -0.6437
vn -0.2336 0.6041 -0.7619
vn -0.4339 -0.9003 0.0345
vn -0.1785 -0.7292 -0.6606
vn -0.8945 0.4464 -0.0244
vn -0.6143 0.2913 -0.7333
vn -0.6877 0.7253 -0.0326
vn -0.8795 0.4653 -0.1001
vn -0.4579 -0.8866 0.0650
vn -0.8944 0.4465 -0.0244
vn 0.6611 -0.7408 0.1188
vn -0.4458 -0.8925 0.0687
vn -0.4457 -0.8925 0.0687
vn -0.4578 -0.8867 0.0651
vn 0.6774 -0.6955 0.2398
vn -0.3720 -0.9248 0.0795
vn -0.8806 0.4487 -0.1523
vn -0.8806 0.4488 -0.1523
vn -0.6623 0.7396 -0.1194
vn -0.6788 0.6939 -0.2403
vn -0.6840 0.7093 -0.1703
vn -0.9109 0.3597 -0.2024
vn -0.4529 0.6338 0.6271
vn -0.7837 0.3119 0.5371
vn -0.9109 0.3597 -0.2023
vn 0.5948 -0.3027 0.7447
vn -0.2523 -0.6684 0.6997
vn 0.6314 0.0559 0.7734
vn 0.6315 0.0559 0.7734
vn 0.5948 -0.3028 0.7447
vn 0.9857 0.0794 0.1484
vn 0.9692 -0.1354 0.2059
vn 0.5798 0.1311 0.8041
vn -0.7917 0.2430 0.5606
vn -0.7916 0.2429 0.5606
vn -0.9704 0.1280 -0.2046
vn -0.9858 -0.0787 -0.1483
vn -0.8272 0.0274 0.5612
vn -0.9901 -0.0513 -0.1310
vn 0.5741 0.0702 0.8158
vn 0.5799 0.1312 0.8041
vn -0.8266 0.0008 0.5628
vn -0.9903 0.0030 -0.1386
vn -0.8194 0.0026 0.5732
vn 0.9900 0.0519 0.1310
vn 0.9903 -0.0031 0.1387
vn 0.9857 0.0880 0.1440
vn 0.5865 -0.0005 0.8100
vn -0.8051 -0.1026 0.5841
vn -0.8195 0.0026 0.5731
vn 0.8730 0.4660 0.1439
vn 0.6064 0.0193 0.7949
vn -0.6544 -0.4326 0.6202
vn -0.9860 -0.0843 -0.1439
vn -0.8051 -0.1026 0.5842
vn -0.8791 -0.4538 -0.1456
vn -0.6544 -0.4325 0.6202
vn -0.2793 -0.9564 -0.0858
vn 0.6018 0.2520 0.7578
vn -0.1709 -0.6593 0.7322
vn -0.6301 -0.7738 -0.0654
vn -0.5738 0.5722 0.5859
vn 0.2906 0.6397 0.7115
vn 0.2821 0.9556 0.0852
vn 0.6018 0.2519 0.7578
vn -0.7628 0.6443 -0.0543
vn 0.2906 0.6397 0.7116
vn -0.5946 -0.5688 0.5683
vn -0.5738 0.5723 0.5859
vn -0.7977 0.5929 -0.1100
vn 0.3380 0.9402 -0.0411
vn -0.7977 0.5930 -0.1100
vn -0.7628 0.6444 -0.0543
vn -0.5819 -0.8132 0.0068
vn -0.3381 -0.9402 0.0424
vn -0.3421 -0.9394 0.0211
vn -0.5992 -0.8003 -0.0222
vn -0.7909 0.6079 -0.0707
vn -0.7908 0.6080 -0.0707
vn 0.3410 0.9398 -0.0218
vn 0.8933 0.4485 0.0310
vn 0.8989 0.4363 0.0397
vn 0.9922 0.0895 0.0862
vn 0.9948 0.0871 0.0531
vn 0.9958 -0.0066 0.0918
vn 0.9977 -0.0081 0.0667
vn 0.9964 0.0532 0.0662
vn 0.9955 0.0523 0.0792
vn 0.9935 0.0908 0.0685
vn 0.9929 0.0861 0.0821
vn 0.9828 -0.1341 0.1268
vn 0.9850 -0.1529 0.0803
vn 0.6831 -0.7103 0.1699
vn -0.9057 -0.4219 -0.0405
vn -0.8995 -0.4358 -0.0318
vn -0.9925 -0.0862 -0.0863
vn -0.9951 -0.0837 -0.0534
vn -0.9958 0.0064 -0.0916
vn -0.9977 0.0080 -0.0667
vn -0.9955 -0.0518 -0.0792
vn -0.9965 -0.0518 -0.0656
vn -0.9935 -0.0911 -0.0679
vn -0.9950 -0.0926 -0.0369
vn -0.9930 -0.0856 -0.0820
vn -0.9863 0.1443 -0.0799
vn -0.9841 0.1255 -0.1255
vn -0.2650 -0.9581 -0.1089
vn -0.0341 -0.8766 0.4799
vn -0.2600 -0.9444 0.2013
vn -0.2651 -0.9581 -0.1089
vn -0.4206 -0.7760 0.4701
vn -0.6577 -0.7530 -0.0209
vn 0.2021 -0.9790 -0.0278
vn 0.1291 -0.7529 0.6454
vn 0.2022 -0.9790 -0.0278
vn 0.3339 -0.6610 0.6720
vn 0.5738 -0.8190 -0.0007
vn 0.5459 -0.5091 0.6654
vn 0.8188 -0.5735 -0.0263
vn 0.5739 -0.8189 -0.0007
vn 0.8225 -0.3236 0.4677
vn 0.6818 -0.3935 0.6168
vn 0.9560 -0.2860 -0.0655
vn 0.8188 -0.5734 -0.0263
vn 0.9560 -0.2859 -0.0655
vn 0.9976 0.0388 -0.0574
vn 0.9723 -0.1738 0.1565
vn 0.9723 -0.1738 0.1566
vn 0.8915 0.0017 0.4530
vn 0.9976 0.0389 -0.0574
vn 0.8050 0.1428 0.5759
vn 0.9357 0.3486 -0.0536
vn 0.7198 0.3151 0.6185
vn 0.6150 0.4930 0.6154
vn 0.7601 0.6469 -0.0608
vn 0.4804 0.6689 0.5673
vn 0.5105 0.8581 -0.0547
vn 0.4178 0.7911 0.4468
vn 0.2908 0.9410 0.1729
vn 0.2908 0.9410 0.1728
vn 0.2849 0.9584 -0.0171
vn -0.0145 0.9986 -0.0509
vn 0.0889 0.8857 0.4558
vn -0.0927 0.8051 0.5859
vn -0.3959 0.9179 -0.0279
vn -0.3051 0.6988 0.6470
vn -0.6877 0.7259 -0.0149
vn -0.4747 0.5873 0.6555
vn -0.3959 0.9179 -0.0278
vn 0.0119 0.0957 0.9953
vn -0.0175 0.0794 0.9967
vn 0.0297 0.0413 0.9987
vn 0.0156 0.1909 0.9815
vn 0.0286 0.0408 0.9988
vn -0.1116 0.1193 0.9866
vn 0.0234 0.0414 0.9989
vn -0.6477 0.4546 0.6114
vn -0.7972 0.3490 0.4926
vn -0.4813 0.1396 0.8654
vn -0.1494 0.0216 0.9885
vn -0.9567 0.2241 0.1856
vn -0.8759 0.0171 0.4821
vn -0.7715 -0.0902 0.6298
vn -0.0448 0.0210 0.9988
vn -0.7034 -0.2419 0.6684
vn 0.0282 0.0398 0.9988
vn 0.0287 0.0396 0.9988
vn -0.0224 -0.0058 0.9997
vn -0.5905 -0.4445 0.6736
vn -0.9819 -0.1893 -0.0062
vn -0.8765 -0.4814 -0.0045
vn -0.6577 -0.7530 -0.0208
vn -0.8765 -0.4814 -0.0046
vn -0.9819 -0.1893 -0.0063
vn -0.9922 0.1174 -0.0428
vn -0.9819 -0.1892 -0.0063
vn -0.9921 0.1175 -0.0428
vn -0.9568 0.2241 0.1855
vn -0.8952 0.4442 -0.0358
vn -0.8952 0.4443 -0.0357
vn -0.4802 -0.5952 0.6443
vn -0.0670 -0.0877 0.9939
vn -0.1076 -0.4443 0.8894
vn 0.0462 -0.1004 0.9939
vn 0.0284 0.0356 0.9990
vn 0.0468 -0.0114 0.9988
vn 0.0300 0.0395 0.9988
vn 0.0752 0.0018 0.9972
vn 0.1680 -0.0377 0.9851
vn 0.0296 0.0395 0.9988
vn 0.5294 -0.0689 0.8456
vn 0.0327 0.0392 0.9987
vn 0.2038 0.0578 0.9773
vn 0.0989 0.0599 0.9933
vn 0.0291 0.0406 0.9988
vn 0.0301 0.0411 0.9987
vn 0.0768 0.0885 0.9931
vn 0.1240 0.1738 0.9769
vn 0.0317 0.0457 0.9985
vn 0.0302 0.0408 0.9987
vn 0.0303 0.0403 0.9987
vn 0.0290 0.0402 0.9988
vn 0.0296 0.0397 0.9988
vn 0.1747 0.5203 0.8359
vn -0.6877 0.7258 -0.0149
vn -0.9973 0.0635 0.0381
vn -0.9844 0.1153 0.1329
vn -0.9890 0.1435 0.0374
vn -0.9840 0.1768 0.0222
vn -0.6219 0.7792 0.0778
vn -0.5737 0.8191 0.0018
vn -0.9890 0.0681 0.1315
vn -0.9210 0.1960 0.3366
vn -0.9856 0.0689 0.1542
vn -0.4835 0.8582 0.1724
vn -0.9320 0.0966 0.3493
vn -0.7583 0.2195 0.6138
vn -0.8879 0.2957 0.3525
vn -0.3853 0.8716 0.3031
vn -0.7661 0.1206 0.6313
vn -0.5684 0.2188 0.7931
vn -0.7369 0.3200 0.5954
vn -0.2915 0.8621 0.4144
vn -0.5711 0.1497 0.8071
vn -0.4190 0.1875 0.8884
vn -0.5674 0.2909 0.7704
vn -0.2283 0.8383 0.4951
vn -0.4162 0.1497 0.8969
vn -0.3257 0.1379 0.9354
vn -0.4349 0.2279 0.8712
vn -0.1996 0.8030 0.5615
vn -0.3181 0.0834 0.9444
vn -0.1834 0.0878 0.9791
vn -0.3473 0.1626 0.9235
vn -0.1131 0.7482 0.6537
vn -0.1871 0.0737 0.9796
vn -0.2727 0.1627 0.9482
vn -0.1836 0.1028 0.9776
vn -0.1523 0.8140 0.5605
vn -0.1505 0.0995 0.9836
vn 0.0190 0.0794 0.9967
vn -0.1650 0.0993 0.9813
vn -0.2004 0.0834 0.9762
vn -0.0021 0.7151 0.6991
vn -0.1315 0.7560 0.6412
vn 0.2347 0.0746 0.9692
vn 0.2566 0.0733 0.9637
vn 0.2577 0.0775 0.9631
vn 0.2709 0.0788 0.9594
vn 0.1705 0.7420 0.6483
vn 0.2575 0.0730 0.9635
vn 0.2071 0.1691 0.9636
vn 0.2414 0.0755 0.9675
vn 0.2313 0.1501 0.9612
vn 0.1669 0.7719 0.6134
vn 0.3137 0.1256 0.9412
vn 0.2130 0.1958 0.9572
vn 0.3174 0.1820 0.9307
vn 0.1349 0.7851 0.6045
vn 0.4314 0.1463 0.8902
vn 0.3132 0.1523 0.9374
vn 0.4430 0.2358 0.8649
vn 0.1777 0.8044 0.5670
vn 0.5865 0.1594 0.7941
vn 0.4342 0.1902 0.8805
vn 0.5831 0.2780 0.7634
vn 0.2296 0.8404 0.4909
vn 0.8035 0.1205 0.5830
vn 0.5844 0.2173 0.7818
vn 0.7575 0.3172 0.5706
vn 0.3035 0.8569 0.4166
vn 0.9471 0.0925 0.3074
vn 0.7956 0.2189 0.5649
vn 0.9314 0.1615 0.3263
vn 0.3949 0.8704 0.2942
vn 0.9858 0.0861 0.1440
vn 0.9413 0.1475 0.3035
vn 0.9880 -0.0377 0.1499
vn 0.5205 0.8376 0.1658
vn 0.9961 0.0754 0.0461
vn 0.9749 0.1752 0.1371
vn 0.9994 0.0136 0.0315
vn 0.6411 0.7625 0.0869
vn 0.9835 0.1253 -0.1303
vn 0.9871 0.1527 0.0487
vn 0.9994 0.0136 0.0314
vn 0.5913 0.8037 -0.0668
vn 0.6461 0.7632 0.0094
vn 0.9882 0.0686 -0.1369
vn 0.9218 0.1554 -0.3552
vn 0.9747 0.1816 -0.1306
vn 0.5588 0.8064 -0.1935
vn 0.9257 0.1205 -0.3586
vn 0.7808 0.2146 -0.5868
vn 0.9134 0.1930 -0.3585
vn 0.4562 0.8262 -0.3305
vn 0.7846 0.1892 -0.5905
vn 0.5115 0.2987 -0.8057
vn 0.7638 0.2441 -0.5975
vn 0.2642 0.8604 -0.4358
vn 0.5037 0.2900 -0.8138
vn 0.2809 0.1589 -0.9465
vn 0.5025 0.3070 -0.8082
vn 0.0903 0.8969 -0.4330
vn 0.2640 0.1294 -0.9558
vn 0.1277 0.2715 -0.9539
vn 0.0556 0.4474 -0.8926
vn 0.2450 0.3544 -0.9024
vn 0.1488 0.2206 -0.9639
vn 0.0104 0.3953 -0.9185
vn -0.0299 0.4990 -0.8661
vn -0.0178 0.9421 -0.3348
vn 0.0279 0.2860 -0.9578
vn -0.0095 0.4377 -0.8991
vn -0.0294 0.5381 -0.8424
vn -0.0437 0.9695 -0.2412
vn -0.0028 0.3099 -0.9508
vn -0.0047 0.4371 -0.8994
vn -0.0018 0.5576 -0.8301
vn -0.0307 0.9839 -0.1761
vn -0.0101 0.3212 -0.9470
vn -0.0024 0.2908 -0.9568
vn 0.0234 0.9817 -0.1890
vn -0.0019 0.9858 -0.1677
vn -0.0299 0.2983 -0.9540
vn -0.0037 0.4394 -0.8983
vn 0.0203 0.5291 -0.8483
vn 0.0322 0.9640 -0.2640
vn -0.1430 0.1966 -0.9700
vn -0.0152 0.3953 -0.9184
vn 0.0133 0.4778 -0.8784
vn 0.0051 0.9346 -0.3556
vn -0.2937 0.1081 -0.9498
vn -0.1151 0.3422 -0.9326
vn -0.0730 0.4273 -0.9011
vn -0.0977 0.8963 -0.4325
vn -0.5383 0.3261 -0.7771
vn -0.3050 0.1946 -0.9323
vn -0.5273 0.2749 -0.8039
vn -0.2582 0.3665 -0.8939
vn -0.7995 0.1855 -0.5713
vn -0.5504 0.3002 -0.7791
vn -0.7844 0.2226 -0.5790
vn -0.2898 0.8442 -0.4510
vn -0.9329 0.0958 -0.3472
vn -0.7955 0.2013 -0.5715
vn -0.9196 0.2004 -0.3379
vn -0.4778 0.8164 -0.3243
vn -0.9901 0.0502 -0.1308
vn -0.9279 0.1465 -0.3428
vn -0.9742 0.1963 -0.1110
vn -0.5594 0.8102 -0.1749
vn -0.9973 0.0635 0.0380
vn -0.9848 0.1219 -0.1240
vn -0.5908 0.8052 -0.0511
vn -0.7781 -0.6275 0.0302
vn -0.9897 0.0506 -0.1342
vn -0.7518 -0.6483 -0.1205
vn -0.9969 0.0721 0.0324
vn -0.9899 0.0505 -0.1325
vn -0.9967 0.0736 0.0356
vn -0.9355 0.0945 -0.3404
vn -0.7420 -0.6050 -0.2890
vn -0.9342 0.0951 -0.3438
vn -0.8125 0.1812 -0.5540
vn -0.7005 -0.5275 -0.4807
vn -0.8061 0.1834 -0.5626
vn -0.5129 0.3300 -0.7925
vn -0.4857 -0.3937 -0.7804
vn -0.5258 0.3269 -0.7853
vn -0.2581 0.1953 -0.9462
vn -0.2522 -0.4415 -0.8611
vn -0.2786 0.1073 -0.9544
vn -0.1657 0.2092 -0.9637
vn -0.1904 -0.3888 -0.9014
vn -0.1596 0.1293 -0.9787
vn -0.0519 0.3298 -0.9426
vn -0.0844 -0.2995 -0.9503
vn -0.0446 0.2453 -0.9684
vn -0.0061 0.3364 -0.9417
vn -0.0122 -0.2924 -0.9562
vn -0.0094 0.2592 -0.9658
vn 0.0024 -0.2939 -0.9558
vn -0.0019 0.3229 -0.9464
vn -0.0014 0.2395 -0.9709
vn 0.0112 -0.2989 -0.9542
vn -0.0045 0.3315 -0.9434
vn -0.0017 0.2512 -0.9679
vn 0.0667 -0.3022 -0.9509
vn 0.0311 0.3250 -0.9452
vn 0.0329 0.2374 -0.9709
vn 0.1850 -0.3629 -0.9133
vn 0.1601 0.2958 -0.9417
vn 0.1601 0.2333 -0.9591
vn 0.2508 -0.4422 -0.8611
vn 0.2470 0.2308 -0.9411
vn 0.2548 0.1568 -0.9542
vn 0.4441 -0.4243 -0.7892
vn 0.4826 0.2911 -0.8260
vn 0.4922 0.2911 -0.8204
vn 0.6768 -0.5218 -0.5193
vn 0.7911 0.1872 -0.5823
vn 0.7879 0.1882 -0.5863
vn 0.7454 -0.5903 -0.3097
vn 0.9275 0.1196 -0.3543
vn 0.9266 0.1201 -0.3564
vn 0.7656 -0.6309 -0.1259
vn 0.9880 0.0687 -0.1384
vn 0.9881 0.0687 -0.1378
vn 0.7738 -0.6325 0.0346
vn 0.9964 0.0748 0.0410
vn 0.9960 0.0786 0.0435
vn 0.7738 -0.6325 0.0347
vn 0.9856 0.0861 0.1455
vn 0.7580 -0.6364 0.1429
vn 0.9857 0.0862 0.1449
vn 0.9960 0.0787 0.0435
vn 0.9454 0.0932 0.3121
vn 0.7468 -0.6016 0.2834
vn 0.9463 0.0929 0.3098
vn 0.8022 0.1208 0.5848
vn 0.6568 -0.5684 0.4956
vn 0.8028 0.1206 0.5839
vn 0.5827 0.1600 0.7968
vn 0.4999 -0.5581 0.6623
vn 0.5846 0.1597 0.7955
vn 0.4217 0.1474 0.8947
vn 0.3749 -0.5788 0.7241
vn 0.4265 0.1469 0.8925
vn 0.3117 0.1236 0.9421
vn 0.2833 -0.6051 0.7441
vn 0.3143 0.1248 0.9411
vn 0.1949 0.0933 0.9764
vn 0.1783 -0.6329 0.7535
vn 0.2009 0.1315 0.9708
vn 0.2299 0.0726 0.9705
vn 0.1789 -0.6801 0.7109
vn 0.2305 0.0734 0.9703
vn 0.2618 0.0771 0.9620
vn 0.1919 -0.6333 0.7498
vn 0.2597 0.0773 0.9626
vn 0.0255 -0.6053 0.7956
vn -0.1397 0.0810 0.9869
vn -0.0917 -0.6486 0.7556
vn 0.0292 0.0843 0.9960
vn -0.1412 0.0891 0.9860
vn 0.0255 0.0857 0.9960
vn -0.1817 -0.6346 0.7512
vn -0.2798 0.0786 0.9568
vn -0.2017 0.0711 0.9769
vn -0.2799 0.1121 0.9535
vn -0.1966 0.0716 0.9779
vn -0.2785 0.1481 0.9489
vn -0.2695 -0.6310 0.7275
vn -0.3032 0.0544 0.9514
vn -0.3102 0.0420 0.9498
vn -0.3529 -0.5745 0.7385
vn -0.3992 0.1492 0.9047
vn -0.4093 0.1488 0.9002
vn -0.4834 -0.5650 0.6687
vn -0.5685 0.1501 0.8089
vn -0.5698 0.1499 0.8080
vn -0.6230 -0.5818 0.5228
vn -0.7639 0.1211 0.6339
vn -0.7650 0.1208 0.6326
vn -0.7449 -0.5881 0.3151
vn -0.9299 0.0974 0.3547
vn -0.9310 0.0970 0.3520
vn -0.7589 -0.6382 0.1294
vn -0.9879 0.0826 0.1314
vn -0.9880 0.0827 0.1306
vn -0.9969 0.0721 0.0325
vn -0.9967 0.0736 0.0357
vn -0.9731 0.1968 -0.1198
vn -0.9721 0.2320 0.0346
vn -0.9737 0.1966 -0.1154
vn -0.9726 0.2303 0.0306
vn -0.9186 0.2007 -0.3404
vn -0.9191 0.2006 -0.3392
vn -0.7868 0.2222 -0.5758
vn -0.7856 0.2224 -0.5774
vn -0.5436 0.2740 -0.7933
vn -0.5356 0.2745 -0.7986
vn -0.2906 0.3149 -0.9035
vn -0.2714 0.3648 -0.8906
vn -0.0875 0.4319 -0.8977
vn -0.0808 0.4295 -0.8994
vn -0.0056 0.4368 -0.8995
vn 0.0021 0.4478 -0.8941
vn 0.0054 0.4926 -0.8702
vn 0.0121 0.5020 -0.8648
vn -0.0046 0.5197 -0.8543
vn -0.0026 0.5307 -0.8476
vn -0.0174 0.5028 -0.8643
vn -0.0232 0.5112 -0.8591
vn -0.0100 0.4581 -0.8888
vn -0.0197 0.4700 -0.8825
vn 0.0957 0.3630 -0.9268
vn 0.0717 0.4194 -0.9050
vn 0.2810 0.2236 -0.9333
vn 0.2624 0.3042 -0.9157
vn 0.5061 0.3028 -0.8075
vn 0.5071 0.3054 -0.8060
vn 0.7700 0.2432 -0.5899
vn 0.7669 0.2437 -0.5937
vn 0.9141 0.1928 -0.3566
vn 0.9138 0.1929 -0.3576
vn 0.9743 0.1860 -0.1272
vn 0.9749 0.1840 -0.1252
vn 0.9790 0.1973 0.0511
vn 0.9944 0.0950 0.0466
vn 0.9689 0.2098 0.1311
vn 0.9883 0.0689 0.1363
vn 0.9382 0.1434 0.3150
vn 0.9418 0.0873 0.3247
vn 0.7693 0.3189 0.5537
vn 0.7648 0.3166 0.5611
vn 0.5736 0.2778 0.7706
vn 0.5783 0.2779 0.7670
vn 0.4316 0.2355 0.8708
vn 0.4373 0.2357 0.8679
vn 0.3092 0.1814 0.9335
vn 0.3119 0.1829 0.9323
vn 0.2173 0.2047 0.9544
vn 0.2244 0.1855 0.9567
vn 0.2530 0.0771 0.9644
vn 0.2628 0.0792 0.9616
vn 0.2562 0.0708 0.9640
vn 0.2568 0.0730 0.9637
vn 0.0117 0.0740 0.9972
vn -0.1795 0.0948 0.9792
vn 0.0051 0.0759 0.9971
vn -0.1918 0.0919 0.9771
vn 0.0003 0.0751 0.9972
vn -0.2745 0.1598 0.9482
vn -0.1797 0.1024 0.9784
vn -0.2747 0.1423 0.9509
vn -0.1804 0.1039 0.9781
vn -0.2750 0.1100 0.9551
vn -0.3305 0.1625 0.9297
vn -0.3389 0.1626 0.9267
vn -0.4188 0.2275 0.8791
vn -0.4268 0.2277 0.8752
vn -0.5567 0.2908 0.7781
vn -0.5620 0.2908 0.7743
vn -0.7350 0.3201 0.5978
vn -0.7360 0.3200 0.5966
vn -0.8950 0.2963 0.3334
vn -0.8918 0.2967 0.3414
vn -0.9752 0.1749 0.1354
vn -0.9802 0.1362 0.1435
vn 0.9974 -0.0624 -0.0360
vn 0.9840 -0.1175 -0.1338
vn 0.9889 -0.0672 -0.1329
vn 0.9835 -0.1798 -0.0208
vn 0.7778 0.6134 -0.1374
vn 0.9854 -0.0701 -0.1554
vn 0.9204 -0.1962 -0.3381
vn 0.9315 -0.0956 -0.3511
vn 0.7957 0.4967 -0.3466
vn 0.8876 -0.2958 -0.3531
vn 0.7582 -0.2197 -0.6139
vn 0.7661 -0.1195 -0.6315
vn 0.6801 0.4797 -0.5545
vn 0.7369 -0.3200 -0.5955
vn 0.5682 -0.2191 -0.7932
vn 0.5708 -0.1493 -0.8074
vn 0.5287 0.4984 -0.6870
vn 0.5658 -0.2895 -0.7720
vn 0.4188 -0.1876 -0.8885
vn 0.4160 -0.1496 -0.8970
vn 0.3986 0.5381 -0.7427
vn 0.4368 -0.2265 -0.8706
vn 0.3257 -0.1385 -0.9353
vn 0.3181 -0.0857 -0.9442
vn 0.3016 0.5902 -0.7488
vn 0.3473 -0.1626 -0.9235
vn 0.1830 -0.0878 -0.9792
vn 0.1864 -0.0738 -0.9797
vn 0.1526 0.6590 -0.7365
vn 0.1829 -0.1031 -0.9777
vn 0.2740 -0.1616 -0.9481
vn 0.2798 -0.1466 -0.9488
vn 0.2765 -0.1098 -0.9547
vn 0.1566 -0.0994 -0.9826
vn -0.0180 -0.0796 -0.9967
vn -0.0243 -0.0865 -0.9960
vn 0.2060 -0.0831 -0.9750
vn 0.0006 0.7008 -0.7133
vn 0.0006 -0.0750 -0.9972
vn -0.2617 -0.0734 -0.9623
vn -0.2361 -0.0746 -0.9689
vn -0.2630 -0.0779 -0.9617
vn -0.2016 0.6682 -0.7162
vn -0.2722 -0.0789 -0.9590
vn -0.2628 -0.0729 -0.9621
vn -0.2427 -0.0755 -0.9672
vn -0.2072 -0.1682 -0.9637
vn -0.2205 0.6354 -0.7401
vn -0.2314 -0.1495 -0.9613
vn -0.2132 -0.1948 -0.9574
vn -0.3139 -0.1255 -0.9411
vn -0.1986 0.6171 -0.7614
vn -0.3176 -0.1819 -0.9306
vn -0.3134 -0.1523 -0.9373
vn -0.4312 -0.1461 -0.8903
vn -0.2813 0.5879 -0.7584
vn -0.4429 -0.2358 -0.8650
vn -0.4340 -0.1902 -0.8806
vn -0.5862 -0.1591 -0.7944
vn -0.4085 0.5328 -0.7411
vn -0.5853 -0.2780 -0.7617
vn -0.5841 -0.2174 -0.7820
vn -0.8027 -0.1196 -0.5843
vn -0.6936 0.4796 -0.5374
vn -0.7553 -0.3174 -0.5734
vn -0.7947 -0.2192 -0.5660
vn -0.9470 -0.0913 -0.3081
vn -0.9303 -0.1692 -0.3256
vn -0.9412 -0.1477 -0.3039
vn -0.9860 -0.0851 -0.1431
vn -0.7958 0.5260 -0.2999
vn -0.9883 0.0308 -0.1491
vn -0.9750 -0.1755 -0.1362
vn -0.9962 -0.0745 -0.0447
vn -0.7591 0.6376 -0.1311
vn -0.9994 -0.0186 -0.0301
vn -0.9962 -0.0745 -0.0446
vn -0.9834 -0.1251 0.1312
vn -0.9881 -0.0683 0.1379
vn -0.9994 -0.0186 -0.0300
vn -0.8040 0.5814 0.1250
vn -0.9745 -0.1818 0.1313
vn -0.9219 -0.1553 0.3549
vn -0.9259 -0.1203 0.3582
vn -0.7512 0.5793 0.3166
vn -0.9136 -0.1929 0.3580
vn -0.7808 -0.2145 0.5868
vn -0.7848 -0.1891 0.5902
vn -0.6453 0.5544 0.5255
vn -0.7642 -0.2441 0.5970
vn -0.5107 -0.2989 0.8062
vn -0.5032 -0.2901 0.8140
vn -0.4640 0.4967 0.7335
vn -0.5025 -0.3070 0.8082
vn -0.2811 -0.1605 0.9462
vn -0.2642 -0.1316 0.9554
vn -0.2553 0.4193 0.8712
vn -0.2450 -0.3545 0.9024
vn -0.1286 -0.2717 0.9538
vn -0.1500 -0.2221 0.9634
vn -0.0554 -0.4467 0.8929
vn -0.0109 -0.3981 0.9173
vn -0.0289 -0.2918 0.9560
vn -0.0876 0.3160 0.9447
vn 0.0304 -0.5001 0.8654
vn 0.0102 -0.4397 0.8981
vn 0.0028 -0.3140 0.9494
vn 0.0091 0.2311 0.9729
vn 0.0292 -0.5388 0.8419
vn 0.0040 -0.4385 0.8987
vn 0.0023 -0.2941 0.9558
vn 0.0151 0.1774 0.9840
vn 0.0018 -0.5584 0.8296
vn 0.0101 -0.3257 0.9454
vn -0.0113 0.1882 0.9821
vn -0.0201 -0.5298 0.8479
vn 0.0039 -0.4412 0.8974
vn 0.0307 -0.3049 0.9519
vn 0.0022 0.2532 0.9674
vn -0.0137 -0.4788 0.8778
vn 0.0155 -0.3985 0.9171
vn 0.1441 -0.2007 0.9690
vn 0.1026 0.3351 0.9366
vn 0.0757 -0.4253 0.9019
vn 0.1211 -0.3480 0.9296
vn 0.2940 -0.1119 0.9492
vn 0.2682 0.4222 0.8660
vn 0.2556 -0.3646 0.8954
vn 0.2981 -0.2018 0.9330
vn 0.5381 -0.3260 0.7773
vn 0.5274 -0.2749 0.8039
vn 0.5499 -0.3002 0.7794
vn 0.7998 -0.1854 0.5709
vn 0.4704 0.5252 0.7092
vn 0.7847 -0.2225 0.5785
vn 0.7956 -0.2012 0.5715
vn 0.9330 -0.0954 0.3469
vn 0.6499 0.5705 0.5022
vn 0.9197 -0.2004 0.3375
vn 0.9280 -0.1464 0.3425
vn 0.9899 -0.0497 0.1325
vn 0.7606 0.5735 0.3041
vn 0.9740 -0.1965 0.1127
vn 0.9846 -0.1218 0.1257
vn 0.8129 0.5735 0.1011
vn 0.9894 -0.0508 0.1358
vn 0.6169 -0.7870 -0.0088
vn 0.6286 -0.7737 0.0790
vn 0.9897 -0.0507 0.1341
vn 0.9970 -0.0715 -0.0304
vn 0.9968 -0.0730 -0.0335
vn 0.9356 -0.0944 0.3402
vn 0.5743 -0.7932 0.2023
vn 0.9344 -0.0951 0.3434
vn 0.8126 -0.1814 0.5539
vn 0.4141 -0.8587 0.3019
vn 0.8064 -0.1833 0.5622
vn 0.5116 -0.3299 0.7933
vn 0.1574 -0.9444 0.2889
vn 0.5254 -0.3270 0.7855
vn 0.2580 -0.1994 0.9453
vn 0.0869 -0.8956 0.4364
vn 0.2788 -0.1116 0.9538
vn 0.1669 -0.2157 0.9621
vn 0.0182 -0.9287 0.3703
vn 0.1612 -0.1353 0.9776
vn 0.0522 -0.3336 0.9413
vn -0.0210 -0.9605 0.2774
vn 0.0454 -0.2521 0.9666
vn 0.0060 -0.3414 0.9399
vn -0.0084 -0.9613 0.2755
vn 0.0092 -0.2656 0.9640
vn 0.0068 -0.9558 0.2939
vn 0.0013 -0.2456 0.9694
vn 0.0019 -0.3285 0.9445
vn 0.0230 -0.9585 0.2842
vn 0.0047 -0.3365 0.9417
vn 0.0019 -0.2575 0.9663
vn 0.0355 -0.9578 0.2851
vn -0.0321 -0.3288 0.9439
vn -0.0341 -0.2438 0.9692
vn -0.0159 -0.9388 0.3441
vn -0.1613 -0.2988 0.9406
vn -0.1616 -0.2360 0.9582
vn -0.0882 -0.8927 0.4420
vn -0.2467 -0.2327 0.9408
vn -0.2547 -0.1590 0.9539
vn -0.1720 -0.9283 0.3296
vn -0.4814 -0.2901 0.8271
vn -0.4916 -0.2907 0.8209
vn -0.4040 -0.8632 0.3028
vn -0.7911 -0.1873 0.5823
vn -0.7881 -0.1882 0.5861
vn -0.5505 -0.8108 0.1989
vn -0.9275 -0.1196 0.3541
vn -0.9267 -0.1200 0.3560
vn -0.6124 -0.7865 0.0805
vn -0.9879 -0.0688 0.1393
vn -0.9879 -0.0688 0.1386
vn -0.6216 -0.7832 -0.0169
vn -0.9964 -0.0746 -0.0395
vn -0.9960 -0.0784 -0.0420
vn -0.9858 -0.0860 -0.1445
vn -0.6215 -0.7832 -0.0170
vn -0.6228 -0.7799 -0.0623
vn -0.9858 -0.0861 -0.1439
vn -0.9964 -0.0746 -0.0396
vn -0.9960 -0.0784 -0.0421
vn -0.9452 -0.0935 -0.3128
vn -0.5791 -0.7985 -0.1646
vn -0.9461 -0.0930 -0.3103
vn -0.8012 -0.1211 -0.5860
vn -0.4459 -0.8291 -0.3372
vn -0.8020 -0.1208 -0.5849
vn -0.5823 -0.1600 -0.7970
vn -0.2999 -0.8335 -0.4640
vn -0.5843 -0.1597 -0.7956
vn -0.4215 -0.1474 -0.8948
vn -0.2057 -0.8149 -0.5418
vn -0.4264 -0.1469 -0.8925
vn -0.3118 -0.1236 -0.9421
vn -0.1440 -0.7976 -0.5857
vn -0.3145 -0.1247 -0.9410
vn -0.1949 -0.0928 -0.9764
vn -0.0824 -0.7800 -0.6203
vn -0.2009 -0.1305 -0.9709
vn -0.2316 -0.0726 -0.9701
vn -0.1513 -0.7428 -0.6522
vn -0.2321 -0.0734 -0.9699
vn -0.2675 -0.0775 -0.9604
vn -0.1805 -0.7768 -0.6033
vn -0.2652 -0.0777 -0.9611
vn 0.1469 -0.0812 -0.9858
vn -0.0142 -0.8010 -0.5985
vn 0.1138 -0.7599 -0.6400
vn -0.0279 -0.0851 -0.9960
vn -0.0287 -0.0850 -0.9960
vn 0.1478 -0.0890 -0.9850
vn 0.0897 -0.7808 -0.6183
vn 0.2811 -0.0776 -0.9565
vn 0.1947 -0.7272 -0.6582
vn 0.2004 -0.0713 -0.9771
vn 0.2812 -0.1106 -0.9532
vn 0.1957 -0.0718 -0.9780
vn 0.1482 -0.7766 -0.6124
vn 0.3031 -0.0572 -0.9512
vn 0.3101 -0.0454 -0.9496
vn 0.1900 -0.8186 -0.5421
vn 0.3994 -0.1492 -0.9046
vn 0.4093 -0.1489 -0.9002
vn 0.2972 -0.8291 -0.4736
vn 0.5681 -0.1501 -0.8091
vn 0.5695 -0.1499 -0.8082
vn 0.4312 -0.8196 -0.3773
vn 0.7637 -0.1211 -0.6340
vn 0.7650 -0.1209 -0.6326
vn 0.5507 -0.8108 -0.1984
vn 0.9293 -0.0977 -0.3562
vn 0.9304 -0.0972 -0.3534
vn 0.6254 -0.7781 -0.0591
vn 0.9877 -0.0827 -0.1327
vn 0.9878 -0.0828 -0.1319
vn 0.6170 -0.7869 -0.0088
vn 0.9968 -0.0730 -0.0336
vn 0.9728 -0.1975 0.1213
vn 0.9890 -0.1439 -0.0355
vn 0.9734 -0.1968 0.1171
vn 0.9718 -0.2333 -0.0332
vn 0.9726 -0.2304 -0.0294
vn 0.9187 -0.2010 0.3399
vn 0.9192 -0.2005 0.3388
vn 0.7871 -0.2222 0.5754
vn 0.7858 -0.2223 0.5771
vn 0.5436 -0.2742 0.7933
vn 0.5355 -0.2746 0.7986
vn 0.2810 -0.3132 0.9071
vn 0.2657 -0.3647 0.8924
vn 0.0971 -0.4298 0.8977
vn 0.0862 -0.4290 0.8992
vn 0.0056 -0.4378 0.8991
vn -0.0022 -0.4489 0.8936
vn -0.0063 -0.4943 0.8692
vn -0.0130 -0.5021 0.8647
vn 0.0051 -0.5211 0.8535
vn 0.0038 -0.5308 0.8475
vn 0.0230 -0.5121 0.8586
vn 0.0180 -0.5033 0.8639
vn 0.0099 -0.4592 0.8883
vn 0.0199 -0.4711 0.8819
vn -0.0963 -0.3623 0.9271
vn -0.0719 -0.4184 0.9054
vn -0.2798 -0.2231 0.9338
vn -0.2606 -0.3057 0.9157
vn -0.5075 -0.3017 0.8071
vn -0.5082 -0.3065 0.8049
vn -0.7703 -0.2433 0.5895
vn -0.7672 -0.2436 0.5934
vn -0.9143 -0.1928 0.3561
vn -0.9139 -0.1928 0.3571
vn -0.9741 -0.1864 0.1280
vn -0.9748 -0.1842 0.1261
vn -0.9871 -0.1530 -0.0473
vn -0.9785 -0.2000 -0.0497
vn -0.9940 -0.0991 -0.0451
vn -0.9682 -0.2134 -0.1302
vn -0.9880 -0.0748 -0.1353
vn -0.9374 -0.1492 -0.3145
vn -0.9411 -0.0960 -0.3242
vn -0.7672 -0.3215 -0.5551
vn -0.7625 -0.3168 -0.5642
vn -0.5732 -0.2801 -0.7700
vn -0.5797 -0.2771 -0.7663
vn -0.4324 -0.2367 -0.8701
vn -0.4384 -0.2349 -0.8675
vn -0.3095 -0.1814 -0.9335
vn -0.3122 -0.1827 -0.9323
vn -0.2175 -0.2037 -0.9546
vn -0.2246 -0.1847 -0.9568
vn -0.2543 -0.0772 -0.9640
vn -0.2641 -0.0794 -0.9612
vn -0.2614 -0.0708 -0.9626
vn -0.2620 -0.0730 -0.9623
vn 0.1706 -0.0990 -0.9804
vn -0.0107 -0.0739 -0.9972
vn 0.1851 -0.0944 -0.9782
vn -0.0042 -0.0758 -0.9971
vn 0.1975 -0.0916 -0.9760
vn 0.2757 -0.1592 -0.9480
vn 0.1793 -0.1024 -0.9784
vn 0.2760 -0.1418 -0.9506
vn 0.1800 -0.1040 -0.9782
vn 0.3306 -0.1625 -0.9297
vn 0.3389 -0.1626 -0.9267
vn 0.4202 -0.2291 -0.8780
vn 0.4303 -0.2278 -0.8735
vn 0.5586 -0.2908 -0.7768
vn 0.5546 -0.2929 -0.7788
vn 0.7347 -0.3215 -0.5974
vn 0.7359 -0.3200 -0.5966
vn 0.8942 -0.2979 -0.3342
vn 0.8915 -0.2968 -0.3423
vn 0.9742 -0.1803 -0.1360
vn 0.9795 -0.1408 -0.1443
vn 0.9718 -0.2333 -0.0333
vn 0.2973 -0.8291 -0.4736
vn 0.8258 0.5636 -0.0195
vn 0.7957 0.4966 -0.3466
vn 0.7778 0.6133 -0.1374
vn -0.4836 0.8581 0.1724
vn 0.6801 0.4796 -0.5545
vn -0.2284 0.8383 0.4951
vn -0.2915 0.8621 0.4145
vn 0.1900 -0.8185 -0.5422
vn 0.1483 -0.7765 -0.6124
vn 0.0897 -0.7807 -0.6184
vn 0.1526 0.6589 -0.7365
vn -0.1524 0.8140 0.5606
vn -0.1131 0.7482 0.6538
vn 0.0006 0.7007 -0.7134
vn 0.1609 0.6534 -0.7397
vn -0.2015 0.6682 -0.7162
vn -0.2205 0.6353 -0.7401
vn -0.2813 0.5878 -0.7585
vn -0.1986 0.6170 -0.7615
vn 0.2833 -0.6050 0.7441
vn 0.3750 -0.5787 0.7242
vn -0.5377 0.5105 -0.6710
vn -0.6937 0.4795 -0.5375
vn 0.3949 0.8703 0.2942
vn -0.7959 0.5259 -0.2999
vn -0.8040 0.5813 0.1250
vn -0.7770 0.6291 -0.0210
vn -0.7512 0.5792 0.3165
vn -0.6454 0.5544 0.5255
vn -0.1721 -0.9283 0.3297
vn -0.0882 -0.8926 0.4421
vn -0.4641 0.4966 0.7335
vn 0.1851 -0.3628 -0.9133
vn -0.0158 -0.9388 0.3441
vn 0.0354 -0.9578 0.2852
vn 0.0090 0.2310 0.9729
vn -0.0877 0.3159 0.9447
vn -0.0001 0.1610 0.9870
vn 0.0151 0.1773 0.9840
vn -0.0113 0.1881 0.9821
vn 0.0022 0.2531 0.9675
vn 0.2681 0.4221 0.8660
vn 0.1025 0.3350 0.9366
vn 0.4704 0.5251 0.7092
vn 0.6499 0.5704 0.5023
vn -0.5909 0.8051 -0.0511
vn -0.7420 -0.6049 -0.2890
vn 0.6254 -0.7780 -0.0591
vn 0.5508 -0.8107 -0.1984
vn -0.7449 -0.5880 0.3151
vn -0.6230 -0.5818 0.5229
vn -0.2075 -0.6973 0.6861
vn 0.1943 -0.7923 -0.5783
vn -0.2120 -0.6216 0.7541
vn 0.0068 -0.9558 0.2940
vn -0.4041 -0.8631 0.3029
vn -0.5506 -0.8107 0.1990
vn -0.6124 -0.7864 0.0805
vn -0.0824 -0.7800 -0.6204
vn -0.1440 -0.7976 -0.5858
vn -0.3000 -0.8335 -0.4640
vn -0.4460 -0.8291 -0.3373
vn -0.5792 -0.7984 -0.1646
vn -0.6229 -0.7798 -0.0623
vn -0.6216 -0.7831 -0.0169
vn -0.7771 0.6291 -0.0211
vn -0.7592 0.6375 -0.1311
vn -0.0084 -0.9612 0.2756
vn -0.0844 -0.2995 -0.9504
vn 0.0869 -0.8955 0.4364
vn 0.1573 -0.9443 0.2890
vn 0.4142 -0.8587 0.3019
vn 0.5744 -0.7932 0.2022
vn 0.6287 -0.7736 0.0790
vn -0.5737 0.8191 0.0019
vn 0.1138 -0.7598 -0.6401
vn 0.2635 0.6826 -0.6816
vn 0.2248 0.5988 -0.7687
vn 0.3497 -0.0897 -0.9325
vn 0.3416 -0.1060 -0.9338
vn 0.3303 -0.1138 -0.9370
vn 0.3189 -0.1170 -0.9405
vn 0.3054 -0.1112 -0.9457
vn 0.2972 -0.0920 -0.9504
vn 0.2951 -0.0753 -0.9525
vn -0.3472 0.0901 0.9335
vn -0.3390 0.1064 0.9347
vn -0.3277 0.1143 0.9378
vn -0.3025 0.1120 0.9465
vn -0.2939 0.0927 0.9513
vn -0.2075 -0.6974 0.6860
vn -0.2916 0.0757 0.9535
vn -0.2410 0.7297 0.6399
vn -0.3163 0.1177 0.9413
vn 0.1609 0.6535 -0.7397
vn 0.1789 -0.6800 0.7110
vn 0.0301 0.0842 0.9960
vn 0.0782 -0.0348 -0.9963
vn -0.1636 -0.7547 -0.6353
vn 0.1906 -0.0343 -0.9811
vn -0.0138 -0.7173 -0.6966
vn 0.1217 -0.7721 -0.6237
vn 0.0702 -0.0348 -0.9969
vn -0.0722 -0.7148 -0.6956
vn -0.0998 -0.0347 -0.9944
vn 0.2347 -0.0339 -0.9715
vn 0.0510 -0.7118 -0.7006
vn 0.1574 -0.0345 -0.9869
vn 0.1697 -0.7150 -0.6783
vn 0.0071 -0.0349 -0.9994
vn -0.0269 -0.7418 -0.6701
vn -0.0326 -0.7407 -0.6710
vn -0.4266 -0.0316 -0.9039
vn -0.0387 -0.0349 -0.9986
vn -0.5507 -0.8129 -0.1897
vn -0.2592 -0.8129 -0.5216
vn -0.9153 0.0141 0.4024
vn -0.9298 -0.0128 -0.3678
vn -0.3625 0.0325 0.9314
vn -0.5441 -0.7953 0.2673
vn 0.4027 0.0319 0.9148
vn -0.2155 -0.7844 0.5817
vn 0.9368 0.0122 0.3498
vn 0.2393 -0.7847 0.5718
vn 0.5980 -0.5561 0.5771
vn 0.5523 -0.8000 0.2344
vn -0.1687 0.0344 0.9851
vn 0.0194 -0.6766 0.7361
vn -0.0639 0.0348 0.9973
vn 0.1439 -0.6470 0.7487
vn 0.1207 0.0347 0.9921
vn -0.1172 -0.0347 -0.9925
vn 0.0693 -0.7007 0.7100
vn -0.0703 0.0348 0.9969
vn 0.1007 0.0347 0.9943
vn -0.1616 -0.7000 0.6956
vn -0.2342 0.0339 0.9716
vn -0.1569 0.0345 0.9870
vn -0.0438 -0.6937 0.7189
vn 0.0563 0.0348 0.9978
vn -0.0077 0.0349 0.9994
vn 0.3448 -0.6143 0.7097
vn 0.4481 0.0312 0.8934
vn 0.9320 0.0127 0.3623
vn 0.7236 -0.6200 0.3033
vn 0.9153 -0.0141 -0.4024
vn 0.7107 -0.6408 -0.2905
vn 0.3625 -0.0325 -0.9314
vn 0.2814 -0.6551 -0.7012
vn -0.4027 -0.0319 -0.9148
vn -0.7227 -0.6401 -0.2607
vn -0.9312 -0.0127 -0.3643
vn -0.6931 0.0252 0.7204
vn -0.0000 -0.9994 0.0349
vn -0.3126 -0.6547 -0.6882
vn -0.5660 -0.5562 0.6085
vn 0.0406 -0.6670 0.7439
vn 0.0902 -0.9958 0.0176
vn 0.0936 -0.9953 0.0262
vn -0.3384 -0.6992 0.6298
vn -0.3368 -0.9410 0.0329
vn -0.0524 -0.9982 0.0287
vn -0.0481 -0.7043 0.7082
vn -0.0529 -0.9981 0.0330
vn -0.0000 0.9994 -0.0349
vn 0.7107 0.6189 -0.3344
vn 0.2814 0.6046 -0.7451
vn -0.3126 0.6051 -0.7322
vn -0.7227 0.6203 -0.3047
vn -0.5661 0.5973 0.5682
vn 0.0154 0.7314 0.6818
vn 0.0406 0.7173 0.6956
vn 0.3448 0.6623 0.6652
vn 0.7236 0.6397 0.2593
vn 0.0902 0.9946 -0.0520
vn 0.0194 0.7263 0.6871
vn 0.1439 0.6977 0.7018
vn -0.3368 0.9410 -0.0329
vn -0.6952 0.4282 0.5773
vn -0.3384 0.7414 0.5794
vn -0.0524 0.9978 -0.0410
vn -0.1616 0.7469 0.6451
vn -0.1492 0.6859 0.7123
vn -0.0481 0.7520 0.6574
vn -0.0438 0.7422 0.6688
vn -0.0529 0.9979 -0.0367
vn -0.8408 -0.5410 0.0168
vn -0.8120 0.0204 0.5833
vn -0.9995 -0.0012 -0.0330
vn 0.0217 0.0349 0.9992
vn 0.0936 0.9947 -0.0433
vn -0.6952 -0.3869 0.6058
vn -0.5783 -0.4511 -0.6798
vn -0.6801 -0.0256 -0.7326
vn -0.1492 -0.6345 0.7584
vn 0.0664 -0.7543 -0.6532
vn 0.0693 0.7485 0.6594
vn 0.0664 0.7069 -0.7042
vn -0.5783 0.4025 -0.7096
vn 0.0154 -0.6820 0.7312
vn -0.8408 0.5409 -0.0210
vn -0.0138 0.6670 -0.7449
vn 0.5980 0.5951 0.5369
vn 0.5523 0.8144 0.1780
vn 0.2393 0.8227 0.5157
vn -0.2155 0.8230 0.5255
vn -0.5441 0.8120 0.2111
vn -0.5507 0.7976 -0.2460
vn -0.2592 0.7745 -0.5770
vn -0.0269 0.6932 -0.7202
vn -0.0326 0.6921 -0.7211
vn 0.1697 0.6659 -0.7265
vn 0.0510 0.6612 -0.7485
vn -0.0722 0.6645 -0.7438
vn 0.1217 0.7267 -0.6761
vn -0.1636 0.7086 -0.6864
vn 0.7315 0.0238 0.6814
vn 0.5590 -0.4439 -0.7003
vn 0.1901 -0.0362 -0.9811
vn 0.1800 -0.0351 -0.9830
vn 0.1539 -0.0468 -0.9870
vn -0.2333 0.9662 0.1097
vn 0.0214 0.9777 -0.2089
vn -0.1582 0.9526 -0.2598
vn -0.1009 -0.0361 -0.9942
vn -0.4933 -0.4487 -0.7452
vn -0.0951 -0.0353 -0.9948
vn -0.0782 -0.0432 -0.9960
vn -0.1023 -0.0347 -0.9942
vn -0.7188 -0.1517 -0.6785
vn -0.0095 0.9782 -0.2074
vn 0.2126 0.9679 0.1337
vn 0.1722 0.9543 -0.2442
vn 0.1901 -0.0323 -0.9812
vn 0.5590 0.3939 -0.7296
vn 0.1800 -0.0336 -0.9831
vn 0.1539 -0.0222 -0.9878
vn 0.7801 -0.1446 -0.6087
vn 0.1931 -0.0339 -0.9806
vn -0.4933 0.3957 -0.7747
vn -0.1009 -0.0333 -0.9943
vn -0.0951 -0.0341 -0.9949
vn -0.0782 -0.0264 -0.9966
vn -0.7188 0.1040 -0.6874
vn 0.0456 -0.0749 -0.9961
vn 0.2056 -0.0341 -0.9780
vn 0.0883 -0.1897 -0.9779
vn 0.9457 -0.0110 -0.3249
vn 0.9758 -0.1927 0.1035
vn 0.9221 -0.2070 -0.3270
vn -0.0690 0.0348 0.9970
vn -0.0353 0.2509 0.9674
vn -0.0667 0.2535 0.9650
vn 0.0047 -0.9899 -0.1419
vn -0.0065 -0.9777 0.2097
vn 0.0066 -0.9901 -0.1400
vn 0.1186 0.1876 -0.9751
vn 0.0689 -0.0348 -0.9970
vn 0.1170 -0.0358 -0.9925
vn 0.0032 0.9902 0.1399
vn 0.0089 0.9916 0.1292
vn 0.0125 0.0349 0.9993
vn -0.0170 -0.1824 0.9831
vn 0.0116 -0.1849 0.9827
vn -0.0133 0.9902 0.1390
vn 0.0095 0.9787 -0.2051
vn -0.0533 -0.2559 -0.9652
vn -0.0124 -0.0349 -0.9993
vn -0.0513 -0.0341 -0.9981
vn 0.0694 -0.0070 -0.9976
vn -0.1097 -0.0348 -0.9934
vn 0.0136 0.1178 -0.9929
vn 0.0214 -0.9899 -0.1402
vn -0.2333 -0.9562 0.1769
vn -0.1582 -0.9684 -0.1927
vn -0.2054 0.0344 0.9781
vn -0.1990 0.2878 0.9368
vn -0.3482 0.1841 0.9192
vn -0.8990 -0.0857 -0.4294
vn -0.9981 -0.0432 -0.0437
vn -0.8997 -0.0566 -0.4327
vn 0.2181 -0.0344 -0.9753
vn 0.0553 -0.0428 -0.9976
vn 0.2208 -0.0340 -0.9747
vn 0.1932 -0.0346 -0.9806
vn 0.7801 0.1018 -0.6173
vn -0.8990 0.0555 -0.4343
vn -0.9981 0.0400 -0.0466
vn -0.9967 0.0705 -0.0406
vn 0.2208 -0.0341 -0.9747
vn 0.1940 -0.0341 -0.9804
vn 0.2216 -0.0340 -0.9745
vn 0.1944 -0.0342 -0.9803
vn 0.1940 -0.0344 -0.9804
vn -0.0513 -0.0357 -0.9980
vn -0.0489 -0.0353 -0.9982
vn 0.0690 -0.0348 -0.9970
vn 0.1170 -0.0335 -0.9926
vn 0.1135 -0.0339 -0.9930
vn 0.0013 0.9994 -0.0345
vn -0.0261 0.7292 0.6838
vn 0.0368 -0.0349 -0.9987
vn -0.0125 -0.0349 -0.9993
vn -0.0489 -0.0344 -0.9982
vn 0.0088 -0.6774 0.7355
vn -0.0121 -0.6797 0.7334
vn 0.0169 -0.0349 -0.9992
vn 0.1135 -0.0354 -0.9929
vn 0.7095 -0.6848 0.1661
vn 0.1722 -0.9690 -0.1771
vn 0.6555 -0.7012 -0.2804
vn -0.7155 -0.6930 0.0884
vn -0.6163 -0.7095 -0.3416
vn 0.0615 -0.0348 -0.9975
vn -0.1148 -0.0353 -0.9928
vn 0.2126 -0.9563 0.2009
vn -0.0095 -0.9903 -0.1387
vn 0.9758 0.1994 0.0898
vn 0.9457 -0.0113 -0.3249
vn 0.9221 0.1836 -0.3406
vn 0.7095 0.6947 0.1179
vn 0.6555 0.6799 -0.3287
vn -0.0133 -0.9781 0.2078
vn -0.0198 -0.9809 0.1933
vn -0.7155 0.6975 0.0398
vn -0.6163 0.6840 -0.3903
vn -0.9693 0.2449 -0.0214
vn -0.8695 -0.2584 -0.4209
vn -0.9967 -0.0731 -0.0356
vn -0.1910 0.0346 0.9810
vn 0.2719 -0.3803 0.8840
vn -0.1838 0.0313 0.9825
vn -0.1573 0.0454 0.9865
vn 0.3143 0.0035 0.9493
vn 0.1096 0.0345 0.9934
vn 0.2471 -0.1175 0.9618
vn -0.3425 -0.3872 0.8560
vn 0.1013 0.0352 0.9942
vn 0.0973 0.0331 0.9947
vn 0.0803 0.0423 0.9959
vn -0.5635 -0.0991 0.8201
vn 0.1024 0.0347 0.9941
vn -0.4160 0.0747 0.9063
vn 0.2718 0.4411 0.8553
vn -0.1910 0.0339 0.9810
vn -0.1838 0.0373 0.9823
vn -0.1573 0.0236 0.9873
vn -0.1936 0.0337 0.9805
vn 0.4883 -0.0940 0.8676
vn 0.1013 0.0342 0.9943
vn -0.3425 0.4460 0.8269
vn 0.0973 0.0364 0.9946
vn 0.0803 0.0273 0.9964
vn -0.5635 0.1561 0.8112
vn -0.0368 0.0349 0.9987
vn -0.1175 0.0354 0.9924
vn -0.1170 0.2609 0.9582
vn 0.0028 0.9779 -0.2089
vn -0.0007 0.9786 -0.2057
vn -0.0170 0.0349 0.9992
vn 0.0516 0.0343 0.9981
vn 0.0517 -0.1914 0.9802
vn 0.0263 0.1805 -0.9832
vn 0.0364 0.1818 -0.9827
vn -0.2181 0.0344 0.9753
vn -0.4271 0.0236 0.9039
vn -0.4195 0.0183 0.9076
vn 0.4883 0.1543 0.8589
vn -0.1936 0.0348 0.9805
vn 0.1142 -0.2134 0.9703
vn -0.2208 0.0341 0.9747
vn -0.1944 0.0339 0.9803
vn -0.2216 0.0340 0.9745
vn -0.1948 0.0342 0.9802
vn -0.1944 0.0345 0.9803
vn -0.2208 0.0340 0.9747
vn 0.0516 0.0354 0.9980
vn 0.0496 0.0357 0.9981
vn -0.1145 0.0334 0.9929
vn 0.0496 0.0340 0.9982
vn -0.1145 0.0359 0.9928
vn -0.1175 0.0339 0.9925
vn 0.1142 0.2806 0.9530
vn 0.1096 0.0349 0.9934
vn 0.2471 0.1843 0.9513
vn -0.9693 -0.2458 -0.0042
vn 0.0095 -0.9906 -0.1363
vn 0.9643 -0.1814 0.1931
vn 0.2718 -0.3803 0.8840
vn 0.7028 -0.6945 0.1543
vn 0.0158 -0.6018 0.7985
vn -0.4195 0.0451 0.9066
vn -0.2166 0.0353 0.9756
vn -0.1678 0.0518 0.9845
vn -0.9759 -0.1909 0.1054
vn -0.7048 -0.7034 0.0926
vn -0.0720 -0.6078 0.7908
vn -0.1944 -0.9794 0.0552
vn -0.9948 0.0037 0.1022
vn -0.5634 -0.0990 0.8202
vn -0.1990 -0.2217 0.9546
vn -0.2054 0.0339 0.9781
vn -0.3482 -0.1196 0.9298
vn 0.0869 0.0462 0.9951
vn 0.0517 0.2593 0.9644
vn 0.3095 0.0332 0.9503
vn 0.1150 0.0340 0.9928
vn 0.9643 0.1944 0.1800
vn 0.2718 0.4410 0.8553
vn 0.7028 0.7036 0.1054
vn 0.0158 0.6560 0.7546
vn 0.1947 0.9808 0.0047
vn -0.2166 0.0328 0.9757
vn -0.4160 -0.0113 0.9093
vn -0.1678 0.0171 0.9857
vn -0.1170 -0.1934 0.9741
vn -0.9759 0.1978 0.0919
vn -0.5634 0.1560 0.8113
vn -0.7048 0.7081 0.0434
vn -0.0719 0.6615 0.7465
vn -0.9948 0.0035 0.1022
vn -0.6310 0.0270 0.7753
vn 0.0032 -0.9780 0.2086
vn 0.0028 -0.9901 -0.1402
vn -0.0007 -0.9906 -0.1370
vn 0.0869 0.0234 0.9959
vn 0.0006 -0.9991 0.0416
vn -0.0487 -0.6766 0.7347
vn -0.0799 -0.6747 0.7338
vn -0.0170 0.2506 0.9680
vn -0.8998 0.0262 -0.4356
vn -0.9989 -0.0017 -0.0476
vn 0.0013 -0.9994 0.0353
vn -0.0261 -0.6797 0.7330
vn -0.0004 -0.9994 0.0351
vn 0.0338 -0.6768 0.7354
vn 0.0116 0.2529 0.9674
vn -0.0004 0.9994 -0.0347
vn 0.0339 0.7264 0.6864
vn -0.0010 0.9995 -0.0303
vn -0.0353 -0.1828 0.9825
vn 0.0089 0.7271 0.6865
vn 0.0006 0.9996 -0.0282
vn -0.0486 0.7262 0.6857
vn -0.0667 -0.1856 0.9804
vn -0.0010 -0.9992 0.0394
vn 0.3143 0.0628 0.9473
vn 0.1947 -0.9781 0.0731
vn -0.1944 0.9808 -0.0132
vn -0.0798 0.7243 0.6849
vn 0.9809 0.0065 0.1942
vn 0.5567 0.0291 0.8302
vn 0.9811 0.0058 0.1934
vn -0.9002 -0.0152 -0.4353
vn 0.9809 0.0067 0.1945
vn 0.5561 0.0290 0.8306
vn -0.4285 0.0315 0.9030
vn 0.9809 0.0069 0.1945
vn 0.5558 0.0290 0.8308
vn 0.9809 0.0070 0.1942
vn 0.5567 0.0289 0.8302
vn -0.2181 0.0337 0.9753
vn -0.4271 0.0395 0.9034
vn 0.1150 0.0353 0.9927
vn 0.9811 0.0078 0.1934
vn 0.0269 -0.0349 -0.9990
vn 0.0259 -0.7335 -0.6792
vn 0.0190 0.6820 -0.7311
vn -0.0047 -0.9778 0.2095
vn -0.0065 0.9900 0.1410
vn 0.0066 0.9779 -0.2087
vn -0.0190 -0.6820 0.7311
vn -0.0269 0.0349 0.9990
vn -0.0190 0.7314 0.6817
vn -0.8695 0.2284 -0.4379
vn -0.0047 0.9900 0.1407
vn 0.0047 0.9776 -0.2106
vn -0.0261 0.2499 0.9679
vn 0.2075 -0.9658 -0.1557
vn 0.0190 -0.7313 -0.6818
vn 0.0119 -0.7335 -0.6796
vn -0.0261 -0.1818 0.9830
vn 0.0243 0.3944 -0.9186
vn 0.7258 -0.0240 -0.6874
vn 0.6428 0.4178 -0.6421
vn -0.9996 -0.0009 -0.0268
vn -0.6428 -0.4177 0.6421
vn -0.8901 -0.4557 -0.0080
vn -0.0120 0.7292 0.6842
vn 0.0259 0.6844 -0.7287
vn 0.1970 0.9662 0.1665
vn 0.2715 0.9621 -0.0263
vn -0.2074 0.9658 0.1557
vn -0.0190 0.7313 0.6818
vn -0.0078 0.9662 0.2578
vn 0.8306 -0.0180 -0.5566
vn 0.8306 -0.0209 -0.5565
vn 0.8310 -0.0191 -0.5560
vn 0.8311 -0.0194 -0.5557
vn 0.8311 -0.0195 -0.5557
vn 0.8310 -0.0198 -0.5559
vn 0.2367 0.6331 -0.7370
vn 0.0802 0.6894 -0.7199
vn -0.0350 0.6876 -0.7252
vn -0.1820 0.6292 -0.7556
vn 0.2367 -0.6830 -0.6910
vn -0.0350 -0.7365 -0.6755
vn 0.0499 0.6868 -0.7251
vn 0.0120 0.6843 -0.7291
vn -0.0093 0.6864 -0.7272
vn -0.0093 -0.7354 -0.6776
vn 0.0499 -0.7357 -0.6755
vn 0.0802 -0.7380 -0.6700
vn -0.7757 -0.0220 -0.6307
vn -0.4933 0.3956 -0.7747
vn 0.5589 0.3939 -0.7297
vn -0.7757 -0.0219 -0.6307
vn -0.1820 -0.6804 -0.7099
vn 0.5590 -0.4439 -0.7004
vn 0.0260 0.6843 -0.7287
vn -0.6428 0.4615 0.6114
vn -0.7258 0.0240 0.6874
vn -0.1970 0.9522 -0.2335
vn -0.2715 0.9616 -0.0409
vn 0.0263 -0.2486 -0.9682
vn 0.0160 -0.2499 -0.9681
vn 0.0120 -0.7335 -0.6795
vn -0.6879 -0.0253 -0.7254
vn -0.6082 -0.4627 -0.6450
vn 0.8901 0.4557 0.0080
vn 0.9996 0.0010 0.0268
vn 0.9996 0.0009 0.0269
vn 0.6082 -0.4166 0.6757
vn 0.6879 0.0253 0.7254
vn -0.8901 0.4541 -0.0398
vn 0.1970 -0.9522 0.2335
vn -0.0078 -0.9458 0.3246
vn -0.1970 -0.9662 -0.1665
vn 0.0078 -0.9662 -0.2578
vn 0.2074 0.9526 -0.2227
vn 0.0078 0.9458 -0.3246
vn -0.6082 0.4166 -0.6757
vn 0.6082 0.4627 0.6450
vn 0.9996 0.0010 0.0269
vn 0.0243 -0.4575 -0.8889
vn 0.6428 -0.4615 -0.6114
vn -0.7258 0.0240 0.6875
vn -0.0243 0.4575 0.8889
vn -0.2074 -0.9526 0.2227
vn -0.2715 -0.9621 0.0263
vn -0.0243 -0.3944 0.9186
vn -0.6234 -0.4455 -0.6426
vn -0.6578 -0.4008 0.6377
vn -0.9059 -0.4234 -0.0096
vn -0.6234 0.3996 -0.6721
vn -0.0243 -0.3909 0.9201
vn -0.6578 0.4443 0.6082
vn -0.9059 0.4217 -0.0391
vn 0.6234 -0.3996 0.6721
vn 0.9059 -0.4217 0.0390
vn 0.9996 0.0009 0.0268
vn -0.0243 0.4542 0.8906
vn 0.0243 -0.4542 -0.8906
vn 0.0268 -0.0349 -0.9990
vn 0.0268 0.0425 -0.9987
vn 0.9059 0.4234 0.0095
vn 0.6234 0.4455 0.6426
vn 0.8901 -0.4541 0.0398
vn -0.9966 0.0763 -0.0294
vn -0.6858 -0.1025 -0.7205
vn -0.9966 -0.0782 -0.0241
vn -0.7237 0.1012 0.6827
vn -0.7237 -0.0533 0.6881
vn -0.0268 0.1121 0.9933
vn -0.0268 -0.0425 0.9987
vn 0.6858 0.1025 0.7205
vn 0.6858 -0.0520 0.7259
vn 0.9966 0.0782 0.0241
vn 0.9966 -0.0763 0.0295
vn 0.9966 0.0782 0.0240
vn 0.7237 0.0533 -0.6881
vn 0.7237 -0.1012 -0.6827
vn 0.0243 0.3909 -0.9201
vn -0.6858 0.0520 -0.7259
vn 0.6578 -0.4443 -0.6082
vn 0.0268 -0.1121 -0.9933
vn -0.6858 0.0521 -0.7259
vn -0.9622 0.2699 -0.0353
vn -0.6621 0.2464 -0.7077
vn -0.9966 -0.0783 -0.0240
vn -0.6621 -0.2952 -0.6888
vn -0.9622 -0.2717 -0.0164
vn -0.9966 0.0764 -0.0294
vn -0.6987 0.2939 0.6523
vn -0.7237 -0.0534 0.6881
vn -0.6987 -0.2477 0.6712
vn -0.0258 -0.2372 0.9711
vn 0.6621 0.2952 0.6888
vn -0.0258 0.3044 0.9522
vn 0.6858 -0.0521 0.7259
vn 0.6621 -0.2464 0.7077
vn 0.6858 0.1026 0.7205
vn 0.9622 0.2717 0.0164
vn 0.9622 -0.2699 0.0353
vn 0.9966 -0.0764 0.0295
vn 0.9059 -0.4217 0.0391
vn 0.7237 0.0534 -0.6881
vn 0.6578 0.4008 -0.6377
vn 0.6987 -0.2939 -0.6523
vn 0.6987 0.2477 -0.6712
vn 0.0258 0.2372 -0.9711
vn 0.0258 -0.3044 -0.9522
vn -0.6858 -0.1026 -0.7205
vn 0.0364 -0.2499 -0.9676
vn 0.0160 0.1817 -0.9832
vn -0.0715 -0.2579 -0.9635
vn -0.1097 -0.0345 -0.9934
vn 0.0136 -0.1867 -0.9823
vn 0.0553 -0.0269 -0.9981
vn 0.2181 -0.0338 -0.9753
vn 0.0572 -0.0348 -0.9978
vn 0.0694 -0.0626 -0.9956
vn 0.2056 -0.0342 -0.9780
vn 0.0456 0.0052 -0.9989
vn 0.0883 0.1210 -0.9887
vn 0.1186 -0.2552 -0.9596
vn -0.0533 0.1880 -0.9807
vn -0.0715 0.1900 -0.9792
vn -0.0872 -0.0231 -0.9959
vn 0.1682 -0.0169 -0.9856
vn 0.0548 -0.0488 -0.9973
vn 0.2162 -0.0329 -0.9758
vn -0.1148 -0.0340 -0.9928
vn -0.0872 -0.0464 -0.9951
vn 0.1550 -0.2529 -0.9550
vn 0.1682 -0.0519 -0.9844
vn 0.2162 -0.0352 -0.9757
vn 0.0548 -0.0209 -0.9983
vn -0.3126 0.4838 -0.8175
vn -0.4881 0.1366 -0.8620
vn 0.0036 0.6985 -0.7156
vn 0.1550 0.1857 -0.9703
vn 0.5872 0.1008 -0.8032
vn 0.3938 0.4782 -0.7850
vn 0.5872 0.1008 -0.8031
vn 0.0542 0.6971 -0.7149
vn 0.5993 -0.0279 -0.8000
vn 0.5994 -0.0279 -0.8000
vn -0.4881 -0.1964 -0.8504
vn -0.3126 -0.5396 -0.7817
vn 0.0036 -0.7468 -0.6651
vn 0.0037 -0.7467 -0.6651
vn 0.3938 -0.5318 -0.7498
vn 0.5872 -0.1566 -0.7941
vn 0.5872 -0.1566 -0.7942
vn 0.0542 -0.7452 -0.6646
vn 0.0542 -0.7453 -0.6645
vn 0.0830 0.7208 -0.6882
vn 0.0669 0.1857 -0.9803
vn -0.0379 0.7210 -0.6919
vn -0.0075 0.7174 -0.6966
vn -0.0379 0.7209 -0.6920
vn -0.0120 0.1852 -0.9826
vn -0.0075 0.7173 -0.6967
vn -0.0379 -0.7675 -0.6400
vn -0.0379 -0.7674 -0.6400
vn -0.0120 -0.2533 -0.9673
vn 0.0830 -0.7671 -0.6362
vn 0.0445 -0.7648 -0.6427
vn 0.0830 -0.7670 -0.6362
vn 0.0669 -0.2536 -0.9650
vn 0.0445 -0.7648 -0.6428
vn -0.5018 -0.0808 -0.8612
vn -0.5047 -0.0599 -0.8612
vn -0.5040 -0.0301 -0.8632
vn -0.5047 -0.0003 -0.8633
vn -0.5040 -0.0302 -0.8632
vn -0.5018 0.0205 -0.8647
vn -0.5018 0.0205 -0.8648
vn -0.8255 0.1881 0.5322
vn -0.6315 0.5275 0.5683
vn -0.8255 0.1880 0.5322
vn -0.2591 0.7462 0.6132
vn -0.2591 0.7462 0.6133
vn 0.5654 0.5255 0.6358
vn 0.7666 0.1520 0.6238
vn 0.7666 0.1519 0.6239
vn 0.1940 0.7455 0.6376
vn 0.1939 0.7456 0.6376
vn 0.9969 0.0026 0.0783
vn 0.7801 0.0220 0.6253
vn 0.7800 0.0218 0.6254
vn -0.6315 -0.4865 0.6037
vn -0.8255 -0.1505 0.5440
vn -0.8254 -0.1505 0.5440
vn -0.2591 -0.7015 0.6639
vn -0.2591 -0.7016 0.6638
vn 0.7666 -0.1080 0.6330
vn 0.5654 -0.4799 0.6709
vn 0.7666 -0.1080 0.6329
vn 0.1940 -0.6993 0.6880
vn 0.1940 -0.6992 0.6881
vn 0.9969 0.0028 0.0783
vn 0.7801 0.0218 0.6253
vn -0.0460 0.7621 0.6458
vn -0.0805 0.7714 0.6312
vn -0.0460 0.7622 0.6457
vn -0.0198 0.9920 0.1244
vn 0.0081 0.7614 0.6483
vn 0.0081 0.7614 0.6482
vn 0.0081 -0.7143 0.6998
vn 0.0356 -0.7232 0.6897
vn 0.0089 -0.9801 0.1981
vn 0.0356 -0.7233 0.6897
vn -0.0461 -0.7152 0.6974
vn -0.0460 -0.7153 0.6973
vn 0.0356 0.7696 0.6376
vn -0.0805 -0.7255 0.6835
vn -0.8540 -0.0115 0.5201
vn -0.8472 -0.0329 0.5303
vn -0.8472 -0.0329 0.5302
vn -0.8554 0.0181 0.5176
vn -0.8540 0.0478 0.5180
vn -0.8555 0.0181 0.5175
vn -0.8540 0.0478 0.5181
vn -0.8472 0.0698 0.5267
vn 0.0107 0.7125 -0.7016
vn 0.0183 0.7102 -0.7037
vn 0.0183 0.7102 -0.7038
vn 0.0256 -0.7598 -0.6497
vn 0.0183 -0.7576 -0.6525
vn 0.0183 -0.7575 -0.6525
vn -0.0243 0.7595 0.6501
vn -0.0180 0.7592 0.6506
vn -0.0122 -0.7117 0.7024
vn -0.0180 -0.7120 0.7020
vn -0.0181 -0.7119 0.7020
vn 0.0256 0.7126 -0.7011
vn 0.0445 0.7181 -0.6945
vn -0.0243 0.7594 0.6501
vn -0.0122 0.7589 0.6511
vn -0.0032 0.9900 0.1413
vn 0.0107 -0.7597 -0.6502
vn -0.0075 -0.7642 -0.6449
vn -0.0122 -0.7116 0.7024
vn -0.0032 -0.9777 0.2100
vn -0.0243 -0.7122 0.7015
vn -0.0243 -0.7123 0.7015
vn -0.0720 0.6616 0.7464
vn 0.0338 0.7264 0.6864
vn 0.0158 -0.6019 0.7984
vn -0.0798 -0.6748 0.7337
vn 0.0159 0.6561 0.7545
vn -0.0798 0.7243 0.6848
vn -0.0120 -0.6797 0.7334
vn 0.0089 -0.6775 0.7354
vn 0.0088 0.7272 0.6864
vn -0.0486 0.7263 0.6857
vn -0.0720 -0.6079 0.7907
vn 0.5568 0.0291 0.8302
vn 0.5559 0.0290 0.8307
vn 0.5568 0.0289 0.8302
vn -0.0486 -0.6767 0.7346
vn 0.1145 0.0347 0.9928
vn -0.0093 0.6864 -0.7271
vn 0.0119 0.6843 -0.7291
vn 0.0498 -0.7358 -0.6754
vn -0.1820 0.6293 -0.7556
vn -0.0350 0.6877 -0.7252
vn 0.0802 -0.7381 -0.6700
vn 0.2367 0.6332 -0.7370
vn 0.0802 0.6895 -0.7198
vn -0.0093 -0.7355 -0.6775
vn -0.0350 -0.7366 -0.6754
vn 0.8307 -0.0209 -0.5564
vn 0.8311 -0.0198 -0.5558
vn 0.8312 -0.0194 -0.5557
vn 0.8311 -0.0191 -0.5559
vn 0.8307 -0.0180 -0.5565
vn -0.1145 -0.0347 -0.9928
vn 0.0243 -0.4576 -0.8888
vn 0.6427 0.4178 -0.6421
vn 0.0243 0.3945 -0.9186
vn -0.0243 -0.3945 0.9186
vn -0.6427 0.4616 0.6114
vn -0.0243 0.4576 0.8888
vn 0.2715 -0.9616 0.0409
vn -0.8901 -0.4558 -0.0080
vn 0.8901 0.4558 0.0080
vn 0.6428 -0.4616 -0.6114
vn -0.6428 -0.4178 0.6421
vn -0.0142 -0.9999 0.0074
vn -0.4555 0.3745 0.8076
vn 0.9840 -0.1725 -0.0437
vn -0.9838 -0.1639 0.0730
vn 0.9841 -0.1724 -0.0437
vn -0.9857 -0.1657 0.0306
vn 0.5144 -0.6137 0.5989
vn -0.6643 0.5041 0.5519
vn -0.6151 -0.7850 0.0739
vn 0.3984 0.6089 -0.6859
vn 0.7304 0.6297 -0.2645
vn -0.3451 -0.5816 -0.7367
vn -0.2872 0.3433 -0.8942
vn -0.3273 -0.1244 0.9367
vn 0.6457 -0.6795 0.3483
vn 0.1384 -0.9188 0.3697
vn 0.8280 0.1347 0.5443
vn 0.4920 -0.5957 -0.6349
vn 0.8365 0.5283 -0.1453
vn 0.3876 -0.6352 0.6681
vn 0.7730 0.2653 0.5763
vn -0.5775 0.0416 0.8153
vn -0.2936 0.5945 0.7486
vn 0.5551 0.6288 0.5444
vn 0.6878 -0.5163 0.5103
vn -0.7837 0.3119 0.5372
vn -0.5946 -0.5688 0.5682
vn 0.2021 -0.9790 -0.0279
vn 0.7602 0.6468 -0.0608
vn 0.5105 0.8581 -0.0546
vn -0.3960 0.9178 -0.0278
vn -0.5736 0.8191 0.0018
vn -0.5378 0.5105 -0.6709
vn -0.7770 0.6291 -0.0211
vn -0.0001 0.1611 0.9869
vn -0.2058 -0.8149 -0.5418
vn 0.3036 0.8569 0.4165
vn 0.4313 -0.8196 -0.3773
vn -0.7518 -0.6482 -0.1206
vn 0.2635 0.6827 -0.6816
vn -0.7758 -0.0221 -0.6306
vn -0.6311 0.0271 0.7752
vn -0.6310 0.0271 0.7753
vn 0.0190 -0.7314 -0.6817
vn 0.9059 0.4234 0.0096
vn 0.9967 -0.0763 0.0294
vn 0.9966 -0.0764 0.0294
vn -0.3126 0.4837 -0.8175
vn 0.3937 0.4782 -0.7850
vn -0.3125 -0.5396 -0.7818
vn 0.3937 -0.5318 -0.7498
vn 0.0445 0.7181 -0.6946
vn -0.0075 -0.7642 -0.6450
vn -0.6315 -0.4865 0.6038
vn 0.5653 -0.4798 0.6709
vt 0.214323 0.040516
vt 0.192113 0.061137
vt 0.191343 0.040516
vt 0.168362 0.040516
vt 0.169315 0.060989
vt 0.145382 0.040516
vt 0.146517 0.060842
vt 0.122402 0.040516
vt 0.123719 0.060694
vt 0.099421 0.040516
vt 0.078122 0.060398
vt 0.076441 0.040516
vt 0.053461 0.040516
vt 0.032526 0.060103
vt 0.030480 0.040516
vt 0.009728 0.059955
vt 0.007500 0.040516
vt 0.215463 0.082057
vt 0.214912 0.061286
vt 0.170239 0.081463
vt 0.147627 0.081167
vt 0.102403 0.080576
vt 0.100920 0.060546
vt 0.079791 0.080280
vt 0.057179 0.079985
vt 0.055324 0.060251
vt 0.034567 0.079689
vt 0.011955 0.079393
vt 0.193566 0.102381
vt 0.192851 0.081759
vt 0.171143 0.101937
vt 0.148720 0.101494
vt 0.125015 0.080872
vt 0.103874 0.100606
vt 0.081451 0.100163
vt 0.059028 0.099719
vt 0.036606 0.099275
vt 0.014183 0.098832
vt 0.215989 0.102829
vt 0.194267 0.123004
vt 0.172035 0.122412
vt 0.149803 0.121820
vt 0.127571 0.121229
vt 0.126297 0.101050
vt 0.105339 0.120637
vt 0.083107 0.120045
vt 0.060875 0.119454
vt 0.038642 0.118862
vt 0.016410 0.118270
vt 0.216500 0.123601
vt 0.194964 0.143626
vt 0.172923 0.142887
vt 0.150882 0.142147
vt 0.128842 0.141407
vt 0.106801 0.140667
vt 0.084760 0.139928
vt 0.062719 0.139188
vt 0.040678 0.138448
vt 0.018637 0.137709
vt 0.217005 0.144373
vt 0.195667 0.164249
vt 0.173817 0.163361
vt 0.151966 0.162473
vt 0.130116 0.161586
vt 0.108266 0.160698
vt 0.086416 0.159810
vt 0.064566 0.158923
vt 0.042715 0.158035
vt 0.020865 0.157147
vt 0.217517 0.165145
vt 0.196387 0.184871
vt 0.174725 0.183835
vt 0.153064 0.182799
vt 0.131402 0.181764
vt 0.109740 0.180728
vt 0.088078 0.179693
vt 0.066416 0.178657
vt 0.044754 0.177621
vt 0.023092 0.176586
vt 0.218050 0.185917
vt 0.197136 0.205492
vt 0.175659 0.204309
vt 0.154182 0.203125
vt 0.132705 0.201942
vt 0.111228 0.200758
vt 0.089751 0.199575
vt 0.068274 0.198391
vt 0.046797 0.197208
vt 0.025320 0.196024
vt 0.218613 0.206687
vt 0.197925 0.226112
vt 0.176628 0.224781
vt 0.155330 0.223450
vt 0.134033 0.222119
vt 0.112736 0.220787
vt 0.091439 0.219456
vt 0.070142 0.218125
vt 0.048844 0.216794
vt 0.027547 0.215463
vt 0.219223 0.227456
vt 0.198767 0.246731
vt 0.177643 0.245252
vt 0.156519 0.243773
vt 0.135395 0.242295
vt 0.114271 0.240816
vt 0.093147 0.239337
vt 0.072023 0.237859
vt 0.050899 0.236380
vt 0.029775 0.234901
vt 0.219892 0.248224
vt 0.199681 0.267347
vt 0.178721 0.265721
vt 0.157761 0.264095
vt 0.136801 0.262469
vt 0.115841 0.260843
vt 0.094882 0.259217
vt 0.073922 0.257591
vt 0.052962 0.255965
vt 0.032002 0.254340
vt 0.220641 0.268989
vt 0.200689 0.287959
vt 0.179881 0.286187
vt 0.159074 0.284414
vt 0.138266 0.282641
vt 0.117459 0.280869
vt 0.096652 0.279096
vt 0.075844 0.277323
vt 0.055037 0.275551
vt 0.034229 0.273778
vt 0.221497 0.289749
vt 0.201816 0.308566
vt 0.181146 0.306648
vt 0.160476 0.304729
vt 0.139806 0.302810
vt 0.119137 0.300891
vt 0.098467 0.298973
vt 0.077797 0.297054
vt 0.057127 0.295135
vt 0.036457 0.293216
vt 0.222487 0.310504
vt 0.203089 0.329166
vt 0.182539 0.327102
vt 0.161988 0.325038
vt 0.141437 0.322974
vt 0.120887 0.320910
vt 0.100336 0.318847
vt 0.079785 0.316783
vt 0.059235 0.314719
vt 0.038684 0.312655
vt 0.223641 0.331250
vt 0.204571 0.349753
vt 0.184113 0.347545
vt 0.163656 0.345338
vt 0.143199 0.343130
vt 0.122741 0.340923
vt 0.102284 0.338716
vt 0.081827 0.336508
vt 0.061369 0.334301
vt 0.040912 0.332093
vt 0.225029 0.351982
vt 0.206304 0.370321
vt 0.185908 0.367972
vt 0.165513 0.365624
vt 0.145117 0.363275
vt 0.124721 0.360926
vt 0.104326 0.358578
vt 0.083930 0.356229
vt 0.063535 0.353881
vt 0.043139 0.351532
vt 0.226701 0.372692
vt 0.208428 0.390854
vt 0.188045 0.388368
vt 0.167663 0.385883
vt 0.147280 0.383397
vt 0.126897 0.380912
vt 0.106515 0.378426
vt 0.086132 0.375941
vt 0.065749 0.373456
vt 0.045367 0.370970
vt 0.228813 0.393362
vt 0.211105 0.411321
vt 0.190666 0.408707
vt 0.170227 0.406093
vt 0.149788 0.403479
vt 0.129349 0.400865
vt 0.108911 0.398251
vt 0.088472 0.395637
vt 0.068033 0.393023
vt 0.047594 0.390409
vt 0.231547 0.413959
vt 0.214698 0.431644
vt 0.194088 0.428919
vt 0.173479 0.426195
vt 0.152869 0.423470
vt 0.132260 0.420745
vt 0.111650 0.418021
vt 0.091041 0.415296
vt 0.070431 0.412572
vt 0.049822 0.409847
vt 0.235311 0.434389
vt 0.220335 0.451468
vt 0.199299 0.448695
vt 0.178263 0.445922
vt 0.157228 0.443149
vt 0.136192 0.440377
vt 0.115156 0.437604
vt 0.094121 0.434831
vt 0.073085 0.432058
vt 0.052049 0.429286
vt 0.054371 0.449550
vt 0.073183 0.451141
vt 0.056693 0.469814
vt 0.074019 0.471093
vt 0.059015 0.490078
vt 0.075232 0.491244
vt 0.061337 0.510342
vt 0.076674 0.511473
vt 0.063659 0.530606
vt 0.078291 0.531744
vt 0.065981 0.550870
vt 0.080080 0.552043
vt 0.068303 0.571135
vt 0.091996 0.452732
vt 0.091344 0.472371
vt 0.091449 0.492410
vt 0.092011 0.512604
vt 0.092923 0.532883
vt 0.094180 0.553216
vt 0.082082 0.572357
vt 0.110809 0.454323
vt 0.108670 0.473650
vt 0.107667 0.493575
vt 0.107349 0.513735
vt 0.107555 0.534021
vt 0.108279 0.554389
vt 0.095861 0.573580
vt 0.129621 0.455914
vt 0.125996 0.474929
vt 0.123884 0.494741
vt 0.122686 0.514866
vt 0.122187 0.535159
vt 0.122378 0.555562
vt 0.109640 0.574802
vt 0.148434 0.457505
vt 0.143322 0.476208
vt 0.140101 0.495907
vt 0.138023 0.515997
vt 0.136820 0.536298
vt 0.136478 0.556735
vt 0.123419 0.576025
vt 0.167247 0.459096
vt 0.160647 0.477487
vt 0.156319 0.497072
vt 0.153361 0.517128
vt 0.151452 0.537436
vt 0.150577 0.557908
vt 0.137198 0.577248
vt 0.186059 0.460687
vt 0.177973 0.478765
vt 0.172536 0.498238
vt 0.168698 0.518260
vt 0.166084 0.538575
vt 0.164677 0.559081
vt 0.150977 0.578470
vt 0.204872 0.462278
vt 0.195299 0.480044
vt 0.188753 0.499404
vt 0.184035 0.519391
vt 0.180716 0.539713
vt 0.178776 0.560254
vt 0.164756 0.579693
vt 0.223685 0.463869
vt 0.212624 0.481323
vt 0.204970 0.500570
vt 0.199372 0.520522
vt 0.195348 0.540851
vt 0.192875 0.561427
vt 0.178535 0.580916
vt 0.214978 0.007845
vt 0.191997 0.029512
vt 0.191997 0.007845
vt 0.169017 0.007845
vt 0.146037 0.029512
vt 0.146037 0.007845
vt 0.123057 0.007845
vt 0.123057 0.029512
vt 0.100076 0.007845
vt 0.100076 0.029512
vt 0.077096 0.007845
vt 0.054116 0.029512
vt 0.054116 0.007845
vt 0.031136 0.029512
vt 0.031136 0.007845
vt 0.008155 0.007845
vt 0.552802 0.441380
vt 0.571177 0.424529
vt 0.573838 0.444643
vt 0.550574 0.421337
vt 0.568783 0.404349
vt 0.548347 0.401294
vt 0.566503 0.384152
vt 0.546120 0.381251
vt 0.564291 0.363947
vt 0.543892 0.361207
vt 0.562128 0.343737
vt 0.541665 0.341164
vt 0.559995 0.323526
vt 0.539437 0.321121
vt 0.557888 0.303313
vt 0.537210 0.301078
vt 0.555799 0.283100
vt 0.534982 0.281035
vt 0.553724 0.262885
vt 0.532755 0.260992
vt 0.551660 0.242670
vt 0.530528 0.240948
vt 0.549605 0.222455
vt 0.528300 0.220905
vt 0.547558 0.202240
vt 0.526073 0.200862
vt 0.545514 0.182025
vt 0.523845 0.180819
vt 0.543475 0.161809
vt 0.521618 0.160776
vt 0.541438 0.141594
vt 0.519390 0.140733
vt 0.539401 0.121378
vt 0.517163 0.120689
vt 0.537363 0.101163
vt 0.514935 0.100646
vt 0.535324 0.080947
vt 0.512708 0.080603
vt 0.533281 0.060732
vt 0.510481 0.060560
vt 0.531233 0.040516
vt 0.591779 0.427720
vt 0.594874 0.447906
vt 0.589218 0.407404
vt 0.586887 0.387052
vt 0.584691 0.366686
vt 0.582592 0.346310
vt 0.580553 0.325931
vt 0.578566 0.305549
vt 0.576615 0.285164
vt 0.574692 0.264779
vt 0.572792 0.244393
vt 0.570911 0.224006
vt 0.569043 0.203618
vt 0.567184 0.183231
vt 0.565333 0.162843
vt 0.563485 0.142455
vt 0.561639 0.122067
vt 0.559791 0.101679
vt 0.557940 0.081291
vt 0.556082 0.060904
vt 0.554214 0.040516
vt 0.612382 0.430912
vt 0.615909 0.451169
vt 0.609654 0.410459
vt 0.607270 0.389953
vt 0.605090 0.369425
vt 0.603055 0.348884
vt 0.601111 0.328336
vt 0.599244 0.307784
vt 0.597431 0.287229
vt 0.595660 0.266672
vt 0.593925 0.246115
vt 0.592216 0.225556
vt 0.590527 0.204996
vt 0.588853 0.184437
vt 0.587190 0.163877
vt 0.585532 0.143316
vt 0.583877 0.122756
vt 0.582219 0.102196
vt 0.580555 0.081636
vt 0.578882 0.061076
vt 0.577194 0.040516
vt 0.632984 0.434103
vt 0.636945 0.454432
vt 0.630089 0.413514
vt 0.627653 0.392854
vt 0.625490 0.372164
vt 0.623519 0.351457
vt 0.621669 0.330741
vt 0.619922 0.310019
vt 0.618247 0.289294
vt 0.616629 0.268566
vt 0.615057 0.247837
vt 0.613522 0.227106
vt 0.612012 0.206375
vt 0.610522 0.185643
vt 0.609047 0.164910
vt 0.607579 0.144178
vt 0.606115 0.123445
vt 0.604647 0.102712
vt 0.603171 0.081980
vt 0.601682 0.061248
vt 0.600174 0.040516
vt 0.653587 0.437295
vt 0.657981 0.457695
vt 0.650525 0.416569
vt 0.648037 0.395755
vt 0.645890 0.374903
vt 0.643982 0.354030
vt 0.642227 0.333146
vt 0.640600 0.312254
vt 0.639063 0.291359
vt 0.637597 0.270460
vt 0.636189 0.249559
vt 0.634827 0.228656
vt 0.633497 0.207753
vt 0.632191 0.186848
vt 0.630904 0.165944
vt 0.629627 0.145039
vt 0.628352 0.124134
vt 0.627075 0.103229
vt 0.625787 0.082324
vt 0.624483 0.061420
vt 0.623155 0.040516
vt 0.674189 0.440486
vt 0.679016 0.460958
vt 0.670961 0.419624
vt 0.668420 0.398656
vt 0.666289 0.377642
vt 0.664446 0.356603
vt 0.662785 0.335551
vt 0.661278 0.314490
vt 0.659880 0.293423
vt 0.658566 0.272353
vt 0.657322 0.251281
vt 0.656132 0.230206
vt 0.654982 0.209131
vt 0.653861 0.188054
vt 0.652761 0.166977
vt 0.651674 0.145900
vt 0.650590 0.124823
vt 0.649503 0.103746
vt 0.648403 0.082669
vt 0.647283 0.061592
vt 0.646135 0.040516
vt 0.694792 0.443678
vt 0.700052 0.464220
vt 0.691396 0.422679
vt 0.688804 0.401557
vt 0.686689 0.380381
vt 0.684909 0.359176
vt 0.683343 0.337956
vt 0.681955 0.316725
vt 0.680696 0.295488
vt 0.679534 0.274247
vt 0.678454 0.253003
vt 0.677438 0.231757
vt 0.676467 0.210509
vt 0.675530 0.189260
vt 0.674619 0.168011
vt 0.673721 0.146761
vt 0.672828 0.125512
vt 0.671930 0.104262
vt 0.671019 0.083013
vt 0.670083 0.061764
vt 0.669115 0.040516
vt 0.715395 0.446869
vt 0.721088 0.467483
vt 0.711832 0.425734
vt 0.709188 0.404457
vt 0.707088 0.383120
vt 0.705373 0.361749
vt 0.703901 0.340361
vt 0.702633 0.318960
vt 0.701512 0.297553
vt 0.700502 0.276141
vt 0.699586 0.254725
vt 0.698743 0.233307
vt 0.697952 0.211887
vt 0.697199 0.190466
vt 0.696476 0.169045
vt 0.695768 0.147623
vt 0.695066 0.126201
vt 0.694358 0.104779
vt 0.693635 0.083357
vt 0.692884 0.061936
vt 0.692096 0.040516
vt 0.735997 0.450061
vt 0.742123 0.470746
vt 0.732267 0.428789
vt 0.729571 0.407358
vt 0.727488 0.385859
vt 0.725836 0.364322
vt 0.724458 0.342766
vt 0.723311 0.321196
vt 0.722328 0.299618
vt 0.721471 0.278034
vt 0.720719 0.256447
vt 0.720049 0.234857
vt 0.719437 0.213265
vt 0.718868 0.191672
vt 0.718333 0.170078
vt 0.717815 0.148484
vt 0.717304 0.126890
vt 0.716786 0.105295
vt 0.716250 0.083701
vt 0.715684 0.062108
vt 0.715076 0.040516
vt 0.679288 0.597422
vt 0.694109 0.577804
vt 0.693067 0.598645
vt 0.665509 0.596200
vt 0.679953 0.576652
vt 0.651730 0.594977
vt 0.665800 0.575414
vt 0.637951 0.593754
vt 0.651648 0.574176
vt 0.624172 0.592532
vt 0.637496 0.572937
vt 0.610393 0.591309
vt 0.623343 0.571699
vt 0.596614 0.590086
vt 0.609191 0.570461
vt 0.582835 0.588863
vt 0.595039 0.569223
vt 0.569056 0.587640
vt 0.580887 0.567985
vt 0.681622 0.555960
vt 0.696291 0.557051
vt 0.666970 0.554697
vt 0.652319 0.553433
vt 0.637668 0.552169
vt 0.623017 0.550906
vt 0.608366 0.549643
vt 0.593714 0.548379
vt 0.566735 0.566746
vt 0.579063 0.547115
vt 0.684375 0.535414
vt 0.699703 0.536466
vt 0.669089 0.534107
vt 0.653804 0.532800
vt 0.638518 0.531493
vt 0.623232 0.530186
vt 0.607947 0.528879
vt 0.592661 0.527572
vt 0.564412 0.545852
vt 0.577376 0.526265
vt 0.688538 0.515159
vt 0.704716 0.516215
vt 0.672442 0.513772
vt 0.656345 0.512385
vt 0.640249 0.510998
vt 0.624153 0.509611
vt 0.608057 0.508224
vt 0.591960 0.506837
vt 0.562090 0.524957
vt 0.575864 0.505450
vt 0.694792 0.495554
vt 0.712104 0.496721
vt 0.677624 0.494006
vt 0.660455 0.492458
vt 0.643287 0.490910
vt 0.626119 0.489362
vt 0.608951 0.487813
vt 0.591782 0.486265
vt 0.559768 0.504063
vt 0.574614 0.484717
vt 0.704784 0.477877
vt 0.723708 0.479506
vt 0.686076 0.475927
vt 0.667369 0.473976
vt 0.648661 0.472026
vt 0.629954 0.470076
vt 0.611246 0.468126
vt 0.592538 0.466175
vt 0.557446 0.483169
vt 0.573831 0.464225
vt 0.555123 0.462275
vt 0.715076 0.009528
vt 0.692096 0.031199
vt 0.692096 0.009528
vt 0.669115 0.031199
vt 0.669115 0.009528
vt 0.646135 0.031199
vt 0.646135 0.009528
vt 0.623155 0.031199
vt 0.623155 0.009528
vt 0.600174 0.009528
vt 0.600174 0.031199
vt 0.577194 0.009528
vt 0.577194 0.031199
vt 0.554214 0.009528
vt 0.554214 0.031199
vt 0.531233 0.009528
vt 0.531233 0.031199
vt 0.508253 0.009528
vt 0.096383 0.598645
vt 0.086884 0.616262
vt 0.086884 0.598645
vt 0.096383 0.616262
vt 0.086884 0.633879
vt 0.105883 0.616262
vt 0.105883 0.633879
vt 0.096383 0.633879
vt 0.105883 0.598645
vt 0.115382 0.616262
vt 0.115382 0.633879
vt 0.115382 0.598645
vt 0.124882 0.616262
vt 0.124882 0.633879
vt 0.124882 0.598645
vt 0.134382 0.616262
vt 0.134382 0.633879
vt 0.134382 0.598645
vt 0.143881 0.616262
vt 0.143881 0.633879
vt 0.143881 0.598645
vt 0.153381 0.616262
vt 0.153381 0.633879
vt 0.153381 0.598645
vt 0.162880 0.616262
vt 0.162880 0.633879
vt 0.162880 0.598645
vt 0.172380 0.616262
vt 0.172380 0.633879
vt 0.181880 0.598645
vt 0.172380 0.598645
vt 0.181880 0.616262
vt 0.191379 0.598645
vt 0.191379 0.616262
vt 0.181880 0.633879
vt 0.200879 0.598645
vt 0.200879 0.616262
vt 0.191379 0.633879
vt 0.210378 0.598645
vt 0.210378 0.616262
vt 0.200879 0.633879
vt 0.219878 0.598645
vt 0.219878 0.616262
vt 0.210378 0.633879
vt 0.229378 0.598645
vt 0.229378 0.616262
vt 0.219878 0.633879
vt 0.238877 0.598645
vt 0.238877 0.616262
vt 0.229378 0.633879
vt 0.248377 0.598645
vt 0.248377 0.633879
vt 0.238877 0.633879
vt 0.257876 0.616262
vt 0.248377 0.616262
vt 0.257876 0.633879
vt 0.283883 0.598645
vt 0.274383 0.616262
vt 0.274383 0.598645
vt 0.283883 0.633879
vt 0.274383 0.633879
vt 0.293382 0.616262
vt 0.283883 0.616262
vt 0.293382 0.633879
vt 0.293382 0.598645
vt 0.302882 0.616262
vt 0.302882 0.633879
vt 0.302882 0.598645
vt 0.312382 0.616262
vt 0.312382 0.633879
vt 0.312382 0.598645
vt 0.321881 0.616262
vt 0.321881 0.633879
vt 0.321881 0.598645
vt 0.331381 0.616262
vt 0.331381 0.633879
vt 0.331381 0.598645
vt 0.340880 0.616262
vt 0.340880 0.598645
vt 0.350380 0.616262
vt 0.340880 0.633879
vt 0.350380 0.598645
vt 0.359880 0.616262
vt 0.359880 0.633879
vt 0.350380 0.633879
vt 0.369379 0.598645
vt 0.359880 0.598645
vt 0.369379 0.616262
vt 0.378879 0.598645
vt 0.378879 0.616262
vt 0.369379 0.633879
vt 0.388378 0.598645
vt 0.388378 0.633879
vt 0.378879 0.633879
vt 0.397878 0.598645
vt 0.388378 0.616262
vt 0.397878 0.616262
vt 0.407378 0.598645
vt 0.407378 0.616262
vt 0.397878 0.633879
vt 0.416877 0.598645
vt 0.416877 0.616262
vt 0.407378 0.633879
vt 0.426377 0.598645
vt 0.426377 0.616262
vt 0.416877 0.633879
vt 0.435876 0.598645
vt 0.435877 0.616262
vt 0.426377 0.633879
vt 0.445376 0.616262
vt 0.435877 0.633879
vt 0.284924 0.040516
vt 0.307134 0.061137
vt 0.284336 0.061286
vt 0.307904 0.040516
vt 0.329932 0.060989
vt 0.353865 0.040516
vt 0.330885 0.040516
vt 0.376845 0.040516
vt 0.352730 0.060842
vt 0.399826 0.040516
vt 0.375528 0.060694
vt 0.421125 0.060398
vt 0.398326 0.060546
vt 0.422806 0.040516
vt 0.443923 0.060251
vt 0.445786 0.040516
vt 0.466721 0.060103
vt 0.468767 0.040516
vt 0.489519 0.059955
vt 0.306396 0.081759
vt 0.283784 0.082057
vt 0.329008 0.081463
vt 0.351620 0.081167
vt 0.396844 0.080576
vt 0.374232 0.080872
vt 0.419456 0.080280
vt 0.442068 0.079985
vt 0.464680 0.079689
vt 0.487292 0.079393
vt 0.305681 0.102381
vt 0.283258 0.102829
vt 0.328104 0.101937
vt 0.350527 0.101494
vt 0.372950 0.101050
vt 0.417796 0.100163
vt 0.395373 0.100606
vt 0.440219 0.099719
vt 0.462642 0.099275
vt 0.485065 0.098832
vt 0.304980 0.123004
vt 0.282747 0.123601
vt 0.327212 0.122412
vt 0.349444 0.121820
vt 0.371676 0.121229
vt 0.416140 0.120045
vt 0.393908 0.120637
vt 0.438373 0.119454
vt 0.460605 0.118862
vt 0.482837 0.118270
vt 0.282242 0.144373
vt 0.326324 0.142887
vt 0.304283 0.143626
vt 0.348365 0.142147
vt 0.370405 0.141407
vt 0.414487 0.139928
vt 0.392446 0.140667
vt 0.436528 0.139188
vt 0.458569 0.138448
vt 0.480610 0.137709
vt 0.281730 0.165145
vt 0.325430 0.163361
vt 0.303580 0.164249
vt 0.347281 0.162473
vt 0.369131 0.161586
vt 0.390981 0.160698
vt 0.412831 0.159810
vt 0.434681 0.158923
vt 0.456532 0.158035
vt 0.478382 0.157147
vt 0.302860 0.184871
vt 0.281198 0.185917
vt 0.324522 0.183835
vt 0.346184 0.182799
vt 0.367845 0.181764
vt 0.389507 0.180728
vt 0.411169 0.179693
vt 0.432831 0.178657
vt 0.454493 0.177621
vt 0.476155 0.176586
vt 0.302112 0.205492
vt 0.280634 0.206687
vt 0.323588 0.204309
vt 0.345065 0.203125
vt 0.366542 0.201942
vt 0.388019 0.200758
vt 0.409496 0.199575
vt 0.430973 0.198391
vt 0.452450 0.197208
vt 0.473927 0.196024
vt 0.301322 0.226112
vt 0.280025 0.227456
vt 0.322619 0.224781
vt 0.343917 0.223450
vt 0.365214 0.222119
vt 0.386511 0.220787
vt 0.407808 0.219456
vt 0.429105 0.218125
vt 0.450403 0.216794
vt 0.471700 0.215463
vt 0.300480 0.246731
vt 0.279355 0.248224
vt 0.321604 0.245252
vt 0.342728 0.243773
vt 0.363852 0.242295
vt 0.384976 0.240816
vt 0.406100 0.239337
vt 0.427224 0.237859
vt 0.448348 0.236380
vt 0.469472 0.234901
vt 0.299566 0.267347
vt 0.278606 0.268989
vt 0.320526 0.265721
vt 0.341486 0.264095
vt 0.362446 0.262469
vt 0.383406 0.260843
vt 0.404365 0.259217
vt 0.425325 0.257591
vt 0.446285 0.255965
vt 0.467245 0.254340
vt 0.298558 0.287959
vt 0.277750 0.289749
vt 0.319366 0.286187
vt 0.340173 0.284414
vt 0.360981 0.282641
vt 0.381788 0.280869
vt 0.402595 0.279096
vt 0.423403 0.277323
vt 0.444210 0.275551
vt 0.465018 0.273778
vt 0.297431 0.308566
vt 0.276760 0.310504
vt 0.318101 0.306648
vt 0.338771 0.304729
vt 0.359441 0.302810
vt 0.380111 0.300891
vt 0.400780 0.298973
vt 0.421450 0.297054
vt 0.442120 0.295135
vt 0.462790 0.293216
vt 0.296158 0.329166
vt 0.275606 0.331250
vt 0.316708 0.327102
vt 0.337259 0.325038
vt 0.357810 0.322974
vt 0.378360 0.320910
vt 0.398911 0.318847
vt 0.419462 0.316783
vt 0.440012 0.314719
vt 0.460563 0.312655
vt 0.294676 0.349753
vt 0.274218 0.351982
vt 0.315134 0.347545
vt 0.335591 0.345338
vt 0.356048 0.343130
vt 0.376506 0.340923
vt 0.396963 0.338716
vt 0.417420 0.336508
vt 0.437878 0.334301
vt 0.458335 0.332093
vt 0.292943 0.370321
vt 0.272546 0.372692
vt 0.313339 0.367972
vt 0.333735 0.365624
vt 0.354130 0.363275
vt 0.374526 0.360926
vt 0.394921 0.358578
vt 0.415317 0.356229
vt 0.435712 0.353881
vt 0.456108 0.351532
vt 0.290819 0.390854
vt 0.270434 0.393362
vt 0.311202 0.388368
vt 0.331584 0.385883
vt 0.351967 0.383397
vt 0.372350 0.380912
vt 0.392732 0.378426
vt 0.413115 0.375941
vt 0.433498 0.373456
vt 0.453880 0.370970
vt 0.288142 0.411321
vt 0.267700 0.413959
vt 0.308581 0.408707
vt 0.329020 0.406093
vt 0.349459 0.403479
vt 0.369898 0.400865
vt 0.390336 0.398251
vt 0.410775 0.395637
vt 0.431214 0.393023
vt 0.451653 0.390409
vt 0.284549 0.431644
vt 0.263936 0.434389
vt 0.305159 0.428919
vt 0.325768 0.426194
vt 0.346378 0.423470
vt 0.366987 0.420745
vt 0.387597 0.418021
vt 0.408206 0.415296
vt 0.428816 0.412572
vt 0.449426 0.409847
vt 0.278912 0.451468
vt 0.257876 0.454241
vt 0.299948 0.448695
vt 0.320984 0.445922
vt 0.342019 0.443149
vt 0.363055 0.440377
vt 0.384091 0.437604
vt 0.405126 0.434831
vt 0.426162 0.432058
vt 0.447198 0.429286
vt 0.444876 0.449550
vt 0.442554 0.469814
vt 0.426064 0.451141
vt 0.440232 0.490078
vt 0.425228 0.471093
vt 0.437910 0.510342
vt 0.424015 0.491244
vt 0.435588 0.530606
vt 0.422573 0.511473
vt 0.433265 0.550870
vt 0.420956 0.531744
vt 0.430944 0.571135
vt 0.419166 0.552043
vt 0.407251 0.452732
vt 0.407903 0.472372
vt 0.407798 0.492410
vt 0.407235 0.512605
vt 0.406324 0.532883
vt 0.417165 0.572357
vt 0.405067 0.553217
vt 0.388438 0.454323
vt 0.390577 0.473650
vt 0.391580 0.493575
vt 0.391898 0.513735
vt 0.391692 0.534021
vt 0.403386 0.573580
vt 0.390968 0.554389
vt 0.369626 0.455914
vt 0.373251 0.474929
vt 0.375363 0.494741
vt 0.376561 0.514867
vt 0.377060 0.535160
vt 0.389607 0.574803
vt 0.376868 0.555562
vt 0.350813 0.457505
vt 0.355926 0.476208
vt 0.359146 0.495907
vt 0.361224 0.515998
vt 0.362428 0.536298
vt 0.375828 0.576025
vt 0.362769 0.556735
vt 0.332000 0.459096
vt 0.338600 0.477487
vt 0.342929 0.497073
vt 0.345886 0.517129
vt 0.347795 0.537436
vt 0.348670 0.557908
vt 0.362049 0.577248
vt 0.313188 0.460687
vt 0.321274 0.478766
vt 0.326711 0.498239
vt 0.330549 0.518260
vt 0.333163 0.538575
vt 0.334570 0.559082
vt 0.348270 0.578470
vt 0.294375 0.462278
vt 0.303948 0.480044
vt 0.310494 0.499404
vt 0.315212 0.519391
vt 0.318531 0.539713
vt 0.320471 0.560255
vt 0.334491 0.579693
vt 0.275562 0.463869
vt 0.286623 0.481323
vt 0.294277 0.500570
vt 0.299875 0.520522
vt 0.303899 0.540851
vt 0.306372 0.561427
vt 0.320712 0.580916
vt 0.284924 0.009528
vt 0.307904 0.031199
vt 0.284924 0.031199
vt 0.330885 0.009528
vt 0.307904 0.009528
vt 0.353865 0.009528
vt 0.330885 0.031199
vt 0.376845 0.009528
vt 0.353865 0.031199
vt 0.399826 0.009528
vt 0.376845 0.031199
vt 0.422806 0.031199
vt 0.399826 0.031199
vt 0.422806 0.009528
vt 0.445786 0.031199
vt 0.445786 0.009528
vt 0.468767 0.031199
vt 0.491747 0.009528
vt 0.468767 0.009528
vt 0.947951 0.441380
vt 0.929576 0.424529
vt 0.950179 0.421337
vt 0.931970 0.404349
vt 0.952406 0.401294
vt 0.934250 0.384152
vt 0.954633 0.381251
vt 0.936461 0.363947
vt 0.956861 0.361207
vt 0.938625 0.343737
vt 0.959088 0.341164
vt 0.940758 0.323526
vt 0.961316 0.321121
vt 0.942865 0.303313
vt 0.963544 0.301078
vt 0.944954 0.283100
vt 0.965771 0.281035
vt 0.947029 0.262885
vt 0.967998 0.260992
vt 0.949093 0.242671
vt 0.970225 0.240948
vt 0.951147 0.222455
vt 0.972453 0.220905
vt 0.953195 0.202240
vt 0.974680 0.200862
vt 0.955239 0.182025
vt 0.976908 0.180819
vt 0.957278 0.161809
vt 0.979136 0.160776
vt 0.959316 0.141594
vt 0.981363 0.140733
vt 0.961352 0.121378
vt 0.983590 0.120689
vt 0.963390 0.101163
vt 0.985817 0.100646
vt 0.965429 0.080947
vt 0.988045 0.080603
vt 0.967472 0.060732
vt 0.990272 0.060560
vt 0.969520 0.040516
vt 0.992500 0.040516
vt 0.926915 0.444643
vt 0.908974 0.427720
vt 0.911535 0.407404
vt 0.913866 0.387052
vt 0.916062 0.366686
vt 0.918161 0.346311
vt 0.920200 0.325931
vt 0.922188 0.305549
vt 0.924138 0.285164
vt 0.926061 0.264779
vt 0.927961 0.244393
vt 0.929842 0.224006
vt 0.931711 0.203618
vt 0.933569 0.183231
vt 0.935421 0.162843
vt 0.937268 0.142455
vt 0.939115 0.122067
vt 0.940962 0.101679
vt 0.942813 0.081291
vt 0.944672 0.060904
vt 0.946539 0.040516
vt 0.905879 0.447906
vt 0.888371 0.430912
vt 0.891099 0.410459
vt 0.893483 0.389953
vt 0.895662 0.369425
vt 0.897698 0.348884
vt 0.899642 0.328336
vt 0.901510 0.307784
vt 0.903322 0.287229
vt 0.905092 0.266672
vt 0.906828 0.246115
vt 0.908537 0.225556
vt 0.910226 0.204996
vt 0.911900 0.184437
vt 0.913564 0.163877
vt 0.915221 0.143316
vt 0.916877 0.122756
vt 0.918534 0.102196
vt 0.920197 0.081636
vt 0.921871 0.061076
vt 0.923559 0.040516
vt 0.884844 0.451169
vt 0.867768 0.434103
vt 0.870664 0.413514
vt 0.873099 0.392854
vt 0.875263 0.372164
vt 0.879084 0.330741
vt 0.880832 0.310019
vt 0.882506 0.289294
vt 0.884124 0.268566
vt 0.885696 0.247837
vt 0.887231 0.227106
vt 0.888741 0.206375
vt 0.890231 0.185643
vt 0.891706 0.164910
vt 0.893174 0.144178
vt 0.894639 0.123445
vt 0.896106 0.102712
vt 0.897582 0.081980
vt 0.899071 0.061248
vt 0.900578 0.040516
vt 0.863808 0.454432
vt 0.847166 0.437295
vt 0.850228 0.416569
vt 0.852716 0.395755
vt 0.854863 0.374903
vt 0.856771 0.354030
vt 0.877234 0.351457
vt 0.858526 0.333146
vt 0.860154 0.312255
vt 0.861690 0.291359
vt 0.863156 0.270460
vt 0.864564 0.249559
vt 0.865926 0.228656
vt 0.867256 0.207753
vt 0.868561 0.186848
vt 0.869849 0.165944
vt 0.871127 0.145039
vt 0.872401 0.124134
vt 0.873678 0.103229
vt 0.874966 0.082324
vt 0.876270 0.061420
vt 0.877598 0.040516
vt 0.842772 0.457695
vt 0.826563 0.440486
vt 0.829792 0.419624
vt 0.832332 0.398656
vt 0.834464 0.377642
vt 0.836307 0.356603
vt 0.837968 0.335551
vt 0.839476 0.314490
vt 0.840873 0.293423
vt 0.842187 0.272353
vt 0.843431 0.251281
vt 0.844621 0.230206
vt 0.845771 0.209131
vt 0.846892 0.188054
vt 0.847992 0.166977
vt 0.849079 0.145900
vt 0.850163 0.124823
vt 0.851250 0.103746
vt 0.852350 0.082669
vt 0.853470 0.061592
vt 0.854618 0.040516
vt 0.821737 0.460958
vt 0.805961 0.443678
vt 0.809357 0.422679
vt 0.811949 0.401557
vt 0.814064 0.380381
vt 0.815844 0.359176
vt 0.817410 0.337956
vt 0.818798 0.316725
vt 0.820057 0.295488
vt 0.821219 0.274247
vt 0.822299 0.253003
vt 0.823315 0.231757
vt 0.824286 0.210509
vt 0.825223 0.189260
vt 0.826135 0.168011
vt 0.827032 0.146761
vt 0.827925 0.125512
vt 0.828822 0.104262
vt 0.829735 0.083013
vt 0.830670 0.061764
vt 0.831638 0.040516
vt 0.800701 0.464220
vt 0.785358 0.446869
vt 0.788921 0.425734
vt 0.791565 0.404458
vt 0.793665 0.383120
vt 0.795380 0.361749
vt 0.796852 0.340361
vt 0.798120 0.318960
vt 0.799241 0.297553
vt 0.800250 0.276141
vt 0.801167 0.254725
vt 0.802010 0.233307
vt 0.802801 0.211887
vt 0.803554 0.190466
vt 0.804277 0.169045
vt 0.804985 0.147623
vt 0.805687 0.126201
vt 0.806395 0.104779
vt 0.807119 0.083357
vt 0.807869 0.061936
vt 0.808657 0.040516
vt 0.779665 0.467483
vt 0.764756 0.450061
vt 0.768486 0.428789
vt 0.771182 0.407358
vt 0.773265 0.385859
vt 0.774917 0.364322
vt 0.776294 0.342766
vt 0.777442 0.321196
vt 0.778425 0.299618
vt 0.779282 0.278034
vt 0.780035 0.256447
vt 0.780705 0.234857
vt 0.781316 0.213265
vt 0.781884 0.191672
vt 0.782420 0.170078
vt 0.782938 0.148484
vt 0.783449 0.126890
vt 0.783967 0.105295
vt 0.784503 0.083701
vt 0.785069 0.062108
vt 0.785677 0.040516
vt 0.806644 0.577804
vt 0.821465 0.597422
vt 0.807685 0.598645
vt 0.820800 0.576652
vt 0.835244 0.596200
vt 0.834953 0.575414
vt 0.849023 0.594977
vt 0.849105 0.574176
vt 0.862802 0.593754
vt 0.863257 0.572937
vt 0.876581 0.592531
vt 0.877410 0.571699
vt 0.890360 0.591309
vt 0.891562 0.570461
vt 0.904139 0.590086
vt 0.905715 0.569223
vt 0.917918 0.588863
vt 0.919867 0.567985
vt 0.931697 0.587640
vt 0.819131 0.555960
vt 0.833782 0.554697
vt 0.848434 0.553433
vt 0.863085 0.552170
vt 0.877736 0.550906
vt 0.892387 0.549643
vt 0.907038 0.548379
vt 0.921690 0.547115
vt 0.934019 0.566746
vt 0.804462 0.557050
vt 0.816379 0.535414
vt 0.831664 0.534107
vt 0.846950 0.532800
vt 0.862235 0.531493
vt 0.877521 0.530186
vt 0.892807 0.528879
vt 0.908092 0.527572
vt 0.923378 0.526265
vt 0.936341 0.545852
vt 0.801051 0.536465
vt 0.812215 0.515159
vt 0.828312 0.513772
vt 0.844408 0.512385
vt 0.860504 0.510998
vt 0.876600 0.509611
vt 0.892696 0.508224
vt 0.908793 0.506837
vt 0.924889 0.505450
vt 0.938663 0.524958
vt 0.796037 0.516215
vt 0.805961 0.495554
vt 0.823129 0.494006
vt 0.840297 0.492458
vt 0.857466 0.490910
vt 0.874634 0.489362
vt 0.891802 0.487813
vt 0.908970 0.486265
vt 0.926139 0.484717
vt 0.940985 0.504063
vt 0.788648 0.496721
vt 0.795969 0.477877
vt 0.814677 0.475927
vt 0.833384 0.473976
vt 0.852092 0.472026
vt 0.870799 0.470076
vt 0.889507 0.468126
vt 0.908214 0.466175
vt 0.926922 0.464225
vt 0.943307 0.483169
vt 0.777045 0.479506
vt 0.945629 0.462275
vt 0.785677 0.009533
vt 0.808657 0.031199
vt 0.785677 0.031199
vt 0.808657 0.009533
vt 0.831638 0.031199
vt 0.831638 0.009533
vt 0.854618 0.031199
vt 0.854618 0.009533
vt 0.877598 0.031199
vt 0.900578 0.009533
vt 0.877598 0.009533
vt 0.923559 0.009533
vt 0.900578 0.031199
vt 0.946539 0.009533
vt 0.923559 0.031199
vt 0.969520 0.009533
vt 0.946539 0.031199
vt 0.992500 0.009533
vt 0.969520 0.031199
vt 0.815031 0.841401
vt 0.807125 0.828704
vt 0.817127 0.840119
vt 0.794829 0.769216
vt 0.802324 0.755267
vt 0.797500 0.769854
vt 0.876968 0.719242
vt 0.863266 0.721313
vt 0.862469 0.719526
vt 0.972626 0.747457
vt 0.977030 0.762357
vt 0.970214 0.748630
vt 0.833130 0.724295
vt 0.821323 0.732310
vt 0.819275 0.730795
vt 0.920279 0.721591
vt 0.933368 0.725803
vt 0.919326 0.723317
vt 0.855228 0.863318
vt 0.842460 0.855851
vt 0.856181 0.861374
vt 0.976629 0.822971
vt 0.979273 0.807796
vt 0.981914 0.808329
vt 0.885291 0.867869
vt 0.900081 0.865465
vt 0.900453 0.867509
vt 0.804758 0.829696
vt 0.800240 0.815204
vt 0.930131 0.860907
vt 0.942458 0.853139
vt 0.944052 0.854799
vt 0.934762 0.724153
vt 0.947211 0.730232
vt 0.807939 0.741019
vt 0.799771 0.754189
vt 0.891401 0.719477
vt 0.877325 0.721042
vt 0.983305 0.776851
vt 0.979657 0.761491
vt 0.968417 0.836105
vt 0.974147 0.822088
vt 0.847825 0.720917
vt 0.834812 0.725952
vt 0.841127 0.857612
vt 0.829324 0.848919
vt 0.797690 0.815899
vt 0.796333 0.800577
vt 0.905309 0.721985
vt 0.891320 0.721269
vt 0.870721 0.864419
vt 0.885376 0.865821
vt 0.949027 0.728705
vt 0.960174 0.737597
vt 0.957213 0.846781
vt 0.966148 0.834938
vt 0.793657 0.800903
vt 0.795397 0.785139
vt 0.915597 0.865502
vt 0.928946 0.859051
vt 0.827588 0.850454
vt 0.810253 0.742365
vt 0.905826 0.720213
vt 0.870180 0.866431
vt 0.792660 0.784986
vt 0.981505 0.792584
vt 0.984245 0.792650
vt 0.849068 0.722658
vt 0.962347 0.736232
vt 0.914806 0.863500
vt 0.955238 0.845345
vt 0.980591 0.777269
vt 0.872850 0.852475
vt 0.885844 0.853535
vt 0.852329 0.734186
vt 0.860182 0.849973
vt 0.865063 0.733141
vt 0.848101 0.845267
vt 0.877957 0.732992
vt 0.836491 0.839244
vt 0.903866 0.733866
vt 0.890923 0.733300
vt 0.825880 0.831801
vt 0.968943 0.792005
vt 0.916685 0.734982
vt 0.817261 0.822282
vt 0.967491 0.804830
vt 0.929225 0.737038
vt 0.811223 0.811063
vt 0.963589 0.816982
vt 0.941188 0.740615
vt 0.808336 0.798636
vt 0.956618 0.827663
vt 0.952046 0.746456
vt 0.809476 0.772765
vt 0.807969 0.785625
vt 0.947218 0.836344
vt 0.960533 0.755253
vt 0.813213 0.760569
vt 0.936094 0.842940
vt 0.965758 0.766725
vt 0.924151 0.848064
vt 0.819360 0.749777
vt 0.911726 0.851824
vt 0.828677 0.741800
vt 0.898878 0.853397
vt 0.968434 0.779166
vt 0.840004 0.736788
vt 0.888438 0.790322
vt 0.850303 0.895884
vt 0.836185 0.892225
vt 0.836113 0.890593
vt 0.871931 0.959371
vt 0.861601 0.969929
vt 0.870766 0.958526
vt 0.799691 0.941544
vt 0.800555 0.927012
vt 0.800899 0.941392
vt 0.799332 0.926621
vt 0.803290 0.912835
vt 0.862768 0.904368
vt 0.849876 0.897326
vt 0.818951 0.981285
vt 0.833869 0.982571
vt 0.833823 0.984377
vt 0.871915 0.916346
vt 0.861905 0.905515
vt 0.804118 0.955408
vt 0.803032 0.956087
vt 0.877081 0.945346
vt 0.875726 0.945015
vt 0.802167 0.911905
vt 0.809555 0.899501
vt 0.810318 0.968336
vt 0.809478 0.969506
vt 0.877081 0.930445
vt 0.875727 0.930659
vt 0.808637 0.898079
vt 0.821552 0.891320
vt 0.849539 0.980198
vt 0.849134 0.978568
vt 0.862427 0.971211
vt 0.819444 0.979671
vt 0.870742 0.917071
vt 0.820988 0.889612
vt 0.887585 0.929367
vt 0.892802 0.915433
vt 0.888811 0.929506
vt 0.956311 0.950681
vt 0.949420 0.963413
vt 0.955314 0.950069
vt 0.887585 0.944469
vt 0.892384 0.958126
vt 0.891304 0.959070
vt 0.960185 0.936128
vt 0.959042 0.936051
vt 0.950168 0.964548
vt 0.940584 0.975829
vt 0.941005 0.977461
vt 0.926070 0.980939
vt 0.952409 0.891911
vt 0.939430 0.885087
vt 0.939967 0.883247
vt 0.926050 0.982777
vt 0.910536 0.980757
vt 0.924698 0.884534
vt 0.924635 0.886289
vt 0.888810 0.944060
vt 0.959742 0.921564
vt 0.960909 0.921093
vt 0.911014 0.891605
vt 0.911423 0.893100
vt 0.957290 0.907241
vt 0.958361 0.906221
vt 0.898329 0.972458
vt 0.910094 0.982621
vt 0.899553 0.901691
vt 0.900365 0.902829
vt 0.899136 0.971017
vt 0.891721 0.914764
vt 0.951527 0.893455
vt 0.915377 0.969518
vt 0.925492 0.969320
vt 0.943354 0.905468
vt 0.903121 0.921730
vt 0.900289 0.932037
vt 0.934927 0.965676
vt 0.947075 0.915215
vt 0.948012 0.936431
vt 0.940856 0.956897
vt 0.948648 0.925715
vt 0.908387 0.912637
vt 0.945193 0.946900
vt 0.900337 0.942769
vt 0.916074 0.905581
vt 0.902913 0.953183
vt 0.925175 0.900607
vt 0.907732 0.962668
vt 0.935264 0.899559
vt 0.859941 0.924286
vt 0.826152 0.905727
vt 0.825981 0.969078
vt 0.812365 0.930796
vt 0.812704 0.941201
vt 0.818186 0.911403
vt 0.819571 0.960891
vt 0.863459 0.934070
vt 0.814124 0.920673
vt 0.815086 0.951404
vt 0.863435 0.944478
vt 0.859870 0.954225
vt 0.853831 0.916089
vt 0.853418 0.962267
vt 0.845507 0.910237
vt 0.835573 0.970759
vt 0.845052 0.967860
vt 0.836048 0.906529
vt 0.836623 0.937971
vt 0.924943 0.934600
vt 0.992500 0.009187
vt 0.969520 0.009187
vt 0.946539 0.009187
vt 0.923559 0.009187
vt 0.900578 0.009187
vt 0.877598 0.009187
vt 0.854618 0.009187
vt 0.831638 0.009187
vt 0.808657 0.009187
vt 0.785677 0.009187
vt 0.008155 0.007500
vt 0.031136 0.007500
vt 0.054116 0.007500
vt 0.077096 0.007500
vt 0.100076 0.007500
vt 0.123057 0.007500
vt 0.146037 0.007500
vt 0.169017 0.007500
vt 0.191997 0.007500
vt 0.214978 0.007500
vt 0.468767 0.009187
vt 0.445786 0.009187
vt 0.422806 0.009187
vt 0.399826 0.009187
vt 0.376845 0.009187
vt 0.353865 0.009187
vt 0.330885 0.009187
vt 0.307904 0.009187
vt 0.284924 0.009187
vt 0.508253 0.009187
vt 0.531233 0.009187
vt 0.554214 0.009187
vt 0.577194 0.009187
vt 0.600174 0.009187
vt 0.623155 0.009187
vt 0.646135 0.009187
vt 0.669115 0.009187
vt 0.692096 0.009187
vt 0.715076 0.009187
vt 0.222128 0.644883
vt 0.218832 0.648233
vt 0.218832 0.644883
vt 0.218832 0.651584
vt 0.222128 0.648233
vt 0.218832 0.654935
vt 0.222128 0.651584
vt 0.222128 0.654935
vt 0.218832 0.658285
vt 0.222128 0.661636
vt 0.218832 0.661636
vt 0.222128 0.658285
vt 0.222128 0.664987
vt 0.218832 0.664987
vt 0.222128 0.668337
vt 0.218832 0.668337
vt 0.222128 0.671688
vt 0.218832 0.671688
vt 0.222128 0.675039
vt 0.218832 0.675039
vt 0.225424 0.675039
vt 0.225424 0.671688
vt 0.228721 0.671688
vt 0.228721 0.675039
vt 0.232017 0.671688
vt 0.232017 0.675039
vt 0.235313 0.671688
vt 0.235313 0.675039
vt 0.235313 0.668337
vt 0.232017 0.668337
vt 0.228721 0.668337
vt 0.232017 0.664987
vt 0.228721 0.664987
vt 0.225424 0.664987
vt 0.225424 0.668337
vt 0.225424 0.661636
vt 0.225424 0.658285
vt 0.228721 0.661636
vt 0.228721 0.658285
vt 0.232017 0.661636
vt 0.232017 0.658285
vt 0.235313 0.661636
vt 0.235313 0.664987
vt 0.235313 0.658285
vt 0.232017 0.654935
vt 0.228721 0.654935
vt 0.225424 0.654935
vt 0.228721 0.651584
vt 0.225424 0.651584
vt 0.228721 0.648233
vt 0.225424 0.648233
vt 0.232017 0.651584
vt 0.232017 0.648233
vt 0.235313 0.651584
vt 0.235313 0.648233
vt 0.235313 0.654935
vt 0.225424 0.644883
vt 0.228721 0.644883
vt 0.232017 0.644883
vt 0.235313 0.644883
vt 0.156154 0.644883
vt 0.152858 0.648233
vt 0.152858 0.644883
vt 0.152858 0.651584
vt 0.156154 0.648233
vt 0.156154 0.654935
vt 0.156154 0.651584
vt 0.152858 0.654935
vt 0.156154 0.658285
vt 0.152858 0.658285
vt 0.152858 0.661636
vt 0.152858 0.664987
vt 0.156154 0.661636
vt 0.152858 0.668337
vt 0.156154 0.664987
vt 0.156154 0.671688
vt 0.152858 0.671688
vt 0.156154 0.675039
vt 0.152858 0.675039
vt 0.156154 0.668337
vt 0.159450 0.675039
vt 0.159450 0.671688
vt 0.162746 0.671688
vt 0.162746 0.675039
vt 0.166043 0.671688
vt 0.166043 0.675039
vt 0.169339 0.671688
vt 0.169339 0.675039
vt 0.169339 0.668337
vt 0.166043 0.668337
vt 0.162746 0.668337
vt 0.169339 0.664987
vt 0.166043 0.664987
vt 0.162746 0.664987
vt 0.159450 0.668337
vt 0.159450 0.664987
vt 0.162746 0.661636
vt 0.159450 0.661636
vt 0.162746 0.658285
vt 0.159450 0.658285
vt 0.166043 0.658285
vt 0.166043 0.661636
vt 0.169339 0.658285
vt 0.169339 0.661636
vt 0.162746 0.654935
vt 0.166043 0.654935
vt 0.159450 0.654935
vt 0.159450 0.651584
vt 0.162746 0.651584
vt 0.162746 0.648233
vt 0.159450 0.648233
vt 0.166043 0.651584
vt 0.166043 0.648233
vt 0.169339 0.654935
vt 0.169339 0.651584
vt 0.169339 0.648233
vt 0.162746 0.644883
vt 0.159450 0.644883
vt 0.166043 0.644883
vt 0.169339 0.644883
vt 0.136351 0.648233
vt 0.133055 0.644883
vt 0.136351 0.644883
vt 0.133055 0.648233
vt 0.136351 0.651584
vt 0.133055 0.654935
vt 0.136351 0.654935
vt 0.133055 0.651584
vt 0.133055 0.658285
vt 0.136351 0.658285
vt 0.136351 0.661636
vt 0.133055 0.661636
vt 0.136351 0.664987
vt 0.133055 0.664987
vt 0.136351 0.668337
vt 0.133055 0.671688
vt 0.133055 0.668337
vt 0.136351 0.671688
vt 0.133055 0.675039
vt 0.136351 0.675039
vt 0.129759 0.671688
vt 0.129759 0.675039
vt 0.126462 0.671688
vt 0.126462 0.675039
vt 0.123166 0.671688
vt 0.123166 0.675039
vt 0.119870 0.671688
vt 0.119870 0.675039
vt 0.119870 0.668337
vt 0.123166 0.668337
vt 0.126462 0.668337
vt 0.119870 0.664987
vt 0.123166 0.664987
vt 0.126462 0.664987
vt 0.129759 0.668337
vt 0.129759 0.664987
vt 0.126462 0.661636
vt 0.129759 0.661636
vt 0.126462 0.658285
vt 0.129759 0.658285
vt 0.123166 0.658285
vt 0.123166 0.661636
vt 0.119870 0.661636
vt 0.119870 0.658285
vt 0.123166 0.654935
vt 0.126462 0.654935
vt 0.129759 0.654935
vt 0.126462 0.651584
vt 0.129759 0.651584
vt 0.126462 0.648233
vt 0.129759 0.648233
vt 0.123166 0.651584
vt 0.119870 0.654935
vt 0.123166 0.648233
vt 0.119870 0.651584
vt 0.119870 0.648233
vt 0.126462 0.644883
vt 0.129759 0.644883
vt 0.123166 0.644883
vt 0.119870 0.644883
vt 0.268300 0.648233
vt 0.265003 0.644883
vt 0.268300 0.644883
vt 0.265003 0.648233
vt 0.268300 0.651584
vt 0.265003 0.651584
vt 0.268300 0.654935
vt 0.268300 0.658285
vt 0.265003 0.654935
vt 0.265003 0.661636
vt 0.265003 0.658285
vt 0.268300 0.661636
vt 0.265003 0.664987
vt 0.268300 0.664987
vt 0.265003 0.668337
vt 0.268300 0.668337
vt 0.265003 0.671688
vt 0.268300 0.671688
vt 0.265003 0.675039
vt 0.268300 0.675039
vt 0.261707 0.675039
vt 0.261707 0.671688
vt 0.258411 0.671688
vt 0.258411 0.675039
vt 0.255115 0.671688
vt 0.255115 0.675039
vt 0.251819 0.671688
vt 0.251819 0.675039
vt 0.251819 0.668337
vt 0.255115 0.668337
vt 0.258411 0.668337
vt 0.255115 0.664987
vt 0.251819 0.664987
vt 0.258411 0.664987
vt 0.261707 0.664987
vt 0.261707 0.668337
vt 0.261707 0.661636
vt 0.258411 0.661636
vt 0.261707 0.658285
vt 0.258411 0.658285
vt 0.255115 0.661636
vt 0.255115 0.658285
vt 0.251819 0.661636
vt 0.251819 0.658285
vt 0.255115 0.654935
vt 0.258411 0.654935
vt 0.261707 0.654935
vt 0.258411 0.651584
vt 0.261707 0.651584
vt 0.258411 0.648233
vt 0.261707 0.648233
vt 0.255115 0.651584
vt 0.251819 0.651584
vt 0.255115 0.648233
vt 0.251819 0.654935
vt 0.251819 0.648233
vt 0.261707 0.644883
vt 0.258411 0.644883
vt 0.255115 0.644883
vt 0.251819 0.644883
vt 0.086884 0.671688
vt 0.090180 0.675039
vt 0.086884 0.675039
vt 0.090180 0.671688
vt 0.086884 0.668337
vt 0.090180 0.668337
vt 0.086884 0.664987
vt 0.090180 0.664987
vt 0.086884 0.661636
vt 0.086884 0.658285
vt 0.090180 0.661636
vt 0.090180 0.658285
vt 0.086884 0.654935
vt 0.090180 0.654935
vt 0.090180 0.651584
vt 0.086884 0.651584
vt 0.090180 0.648233
vt 0.086884 0.648233
vt 0.090180 0.644883
vt 0.086884 0.644883
vt 0.093476 0.644883
vt 0.096772 0.644883
vt 0.093476 0.648233
vt 0.100068 0.648233
vt 0.096772 0.648233
vt 0.100068 0.644883
vt 0.103364 0.648233
vt 0.103364 0.644883
vt 0.103364 0.651584
vt 0.100068 0.651584
vt 0.100068 0.654935
vt 0.103364 0.654935
vt 0.100068 0.658285
vt 0.103364 0.658285
vt 0.100068 0.661636
vt 0.103364 0.661636
vt 0.100068 0.664987
vt 0.103364 0.664987
vt 0.103364 0.668337
vt 0.100068 0.668337
vt 0.100068 0.671688
vt 0.103364 0.671688
vt 0.100068 0.675039
vt 0.103364 0.675039
vt 0.096772 0.671688
vt 0.096772 0.675039
vt 0.093476 0.671688
vt 0.093476 0.675039
vt 0.096772 0.668337
vt 0.093476 0.668337
vt 0.096772 0.664987
vt 0.093476 0.664987
vt 0.096772 0.661636
vt 0.093476 0.661636
vt 0.096772 0.658285
vt 0.093476 0.658285
vt 0.096772 0.654935
vt 0.093476 0.654935
vt 0.096772 0.651584
vt 0.093476 0.651584
vt 0.202325 0.671688
vt 0.199029 0.675039
vt 0.199029 0.671688
vt 0.202325 0.675039
vt 0.202325 0.668337
vt 0.202325 0.664987
vt 0.199029 0.668337
vt 0.199029 0.664987
vt 0.202325 0.661636
vt 0.199029 0.661636
vt 0.202325 0.658285
vt 0.199029 0.658285
vt 0.202325 0.654935
vt 0.199029 0.651584
vt 0.202325 0.651584
vt 0.199029 0.654935
vt 0.199029 0.648233
vt 0.202325 0.648233
vt 0.199029 0.644883
vt 0.202325 0.644883
vt 0.195733 0.644883
vt 0.195733 0.648233
vt 0.192437 0.644883
vt 0.189141 0.648233
vt 0.189141 0.644883
vt 0.192437 0.648233
vt 0.185844 0.648233
vt 0.185844 0.644883
vt 0.185844 0.651584
vt 0.189141 0.654935
vt 0.189141 0.651584
vt 0.185844 0.654935
vt 0.189141 0.658285
vt 0.185844 0.658285
vt 0.189141 0.661636
vt 0.185844 0.661636
vt 0.189141 0.664987
vt 0.185844 0.664987
vt 0.189141 0.668337
vt 0.185844 0.668337
vt 0.189141 0.671688
vt 0.185844 0.671688
vt 0.189141 0.675039
vt 0.185844 0.675039
vt 0.192437 0.675039
vt 0.192437 0.671688
vt 0.195733 0.671688
vt 0.195733 0.675039
vt 0.195733 0.668337
vt 0.192437 0.668337
vt 0.192437 0.664987
vt 0.195733 0.664987
vt 0.192437 0.661636
vt 0.195733 0.661636
vt 0.195733 0.658285
vt 0.192437 0.658285
vt 0.195733 0.654935
vt 0.192437 0.654935
vt 0.192437 0.651584
vt 0.195733 0.651584
vt 0.464092 0.620217
vt 0.465427 0.621776
vt 0.462498 0.622719
vt 0.459852 0.623997
vt 0.461177 0.625525
vt 0.458287 0.626381
vt 0.468002 0.618526
vt 0.468557 0.621196
vt 0.469366 0.618116
vt 0.471800 0.620989
vt 0.473618 0.617854
vt 0.475068 0.621169
vt 0.477816 0.618578
vt 0.475041 0.617932
vt 0.479126 0.619137
vt 0.481316 0.622656
vt 0.478270 0.621731
vt 0.482825 0.621250
vt 0.480437 0.619696
vt 0.483864 0.622226
vt 0.486610 0.625485
vt 0.484123 0.623918
vt 0.487250 0.626759
vt 0.485111 0.626857
vt 0.487890 0.628034
vt 0.485750 0.629984
vt 0.488883 0.632180
vt 0.485985 0.633218
vt 0.489050 0.633596
vt 0.485811 0.636471
vt 0.488577 0.637833
vt 0.485217 0.639659
vt 0.487130 0.641844
vt 0.484236 0.642695
vt 0.486347 0.643036
vt 0.482914 0.645500
vt 0.483609 0.646304
vt 0.481322 0.648004
vt 0.479987 0.646447
vt 0.480050 0.648646
vt 0.476859 0.647031
vt 0.478779 0.649289
vt 0.476051 0.650113
vt 0.473615 0.647232
vt 0.470375 0.650295
vt 0.470348 0.647056
vt 0.474636 0.650280
vt 0.473994 0.643729
vt 0.470375 0.643532
vt 0.474326 0.640016
vt 0.477577 0.643658
vt 0.470452 0.639804
vt 0.466823 0.643060
vt 0.466644 0.639428
vt 0.467147 0.646495
vt 0.464101 0.645569
vt 0.463436 0.642330
vt 0.463013 0.638901
vt 0.461295 0.644306
vt 0.460309 0.641365
vt 0.459665 0.638239
vt 0.462895 0.635357
vt 0.459428 0.635005
vt 0.466657 0.635676
vt 0.466860 0.631891
vt 0.463087 0.631788
vt 0.459602 0.631751
vt 0.456703 0.637459
vt 0.456369 0.634628
vt 0.456444 0.633204
vt 0.457169 0.629004
vt 0.456520 0.631780
vt 0.457119 0.638823
vt 0.458811 0.642737
vt 0.457535 0.640187
vt 0.459663 0.643880
vt 0.462591 0.646976
vt 0.464979 0.648531
vt 0.463785 0.647753
vt 0.460199 0.628563
vt 0.463600 0.628280
vt 0.457728 0.627692
vt 0.464393 0.624915
vt 0.467840 0.624568
vt 0.467266 0.628161
vt 0.471424 0.624492
vt 0.471092 0.628208
vt 0.475043 0.624691
vt 0.478597 0.625164
vt 0.474965 0.628421
vt 0.481984 0.625893
vt 0.478773 0.628798
vt 0.482403 0.629324
vt 0.482520 0.632868
vt 0.478759 0.632551
vt 0.478556 0.636336
vt 0.482329 0.636437
vt 0.481818 0.639946
vt 0.478152 0.640067
vt 0.474606 0.636169
vt 0.474816 0.632275
vt 0.470600 0.635949
vt 0.470809 0.632055
vt 0.481023 0.643308
vt 0.468988 0.649972
vt 0.450823 0.823341
vt 0.467505 0.831075
vt 0.450823 0.831075
vt 0.450823 0.854278
vt 0.467505 0.862012
vt 0.450823 0.862012
vt 0.467505 0.823341
vt 0.484187 0.831075
vt 0.467505 0.854278
vt 0.484187 0.862012
vt 0.484187 0.823341
vt 0.500870 0.831075
vt 0.484187 0.854278
vt 0.500870 0.862012
vt 0.500870 0.823341
vt 0.517552 0.831075
vt 0.500870 0.854278
vt 0.517552 0.862012
vt 0.517552 0.823341
vt 0.534235 0.831075
vt 0.517552 0.854278
vt 0.534235 0.862012
vt 0.534235 0.823341
vt 0.550917 0.831075
vt 0.534235 0.854278
vt 0.550917 0.862012
vt 0.550917 0.823341
vt 0.567599 0.831075
vt 0.550917 0.854278
vt 0.567599 0.862012
vt 0.567599 0.823341
vt 0.584282 0.831075
vt 0.567599 0.854278
vt 0.584282 0.862012
vt 0.596793 0.823341
vt 0.600964 0.831075
vt 0.596793 0.831075
vt 0.596793 0.854278
vt 0.600964 0.862012
vt 0.596793 0.862012
vt 0.617646 0.823341
vt 0.605202 0.831062
vt 0.605207 0.823338
vt 0.617646 0.854278
vt 0.605207 0.862013
vt 0.605208 0.854278
vt 0.634328 0.823341
vt 0.617646 0.831075
vt 0.634328 0.854278
vt 0.617646 0.862012
vt 0.651011 0.823341
vt 0.634328 0.831075
vt 0.651011 0.854278
vt 0.634329 0.862012
vt 0.667693 0.823341
vt 0.651011 0.831075
vt 0.667693 0.854278
vt 0.651011 0.862012
vt 0.684376 0.823341
vt 0.667693 0.831075
vt 0.684376 0.854278
vt 0.667693 0.862012
vt 0.701058 0.823341
vt 0.684376 0.831075
vt 0.701058 0.854278
vt 0.684376 0.862012
vt 0.717740 0.823341
vt 0.701058 0.831075
vt 0.717740 0.854278
vt 0.701058 0.862012
vt 0.734423 0.823341
vt 0.717740 0.831075
vt 0.734423 0.854278
vt 0.717740 0.862012
vt 0.751105 0.823341
vt 0.734423 0.831075
vt 0.751105 0.854278
vt 0.734423 0.862012
vt 0.451033 0.753582
vt 0.467715 0.761316
vt 0.451033 0.761316
vt 0.451033 0.784519
vt 0.467715 0.792253
vt 0.451033 0.792253
vt 0.467715 0.753582
vt 0.484398 0.761316
vt 0.467715 0.784519
vt 0.484398 0.792253
vt 0.484398 0.753582
vt 0.501080 0.761316
vt 0.484398 0.784519
vt 0.501080 0.792253
vt 0.501080 0.753582
vt 0.517763 0.761316
vt 0.501080 0.784519
vt 0.517763 0.792253
vt 0.517763 0.753582
vt 0.534445 0.761316
vt 0.517763 0.784519
vt 0.534445 0.792253
vt 0.534445 0.753582
vt 0.551127 0.761316
vt 0.551127 0.784519
vt 0.534445 0.784519
vt 0.551127 0.753582
vt 0.567809 0.761316
vt 0.567809 0.784519
vt 0.551127 0.792253
vt 0.567809 0.753582
vt 0.584492 0.761316
vt 0.584492 0.784519
vt 0.567809 0.792253
vt 0.584492 0.753582
vt 0.601174 0.761316
vt 0.601174 0.784519
vt 0.584492 0.792253
vt 0.617857 0.753582
vt 0.601174 0.753582
vt 0.617857 0.792253
vt 0.601174 0.792253
vt 0.634539 0.753582
vt 0.617857 0.761316
vt 0.617857 0.784519
vt 0.634539 0.792253
vt 0.651221 0.753582
vt 0.634539 0.761316
vt 0.634539 0.784519
vt 0.651221 0.792253
vt 0.667904 0.753582
vt 0.651221 0.761316
vt 0.651221 0.784519
vt 0.667904 0.792253
vt 0.684586 0.753582
vt 0.667904 0.761316
vt 0.684586 0.784519
vt 0.667904 0.784519
vt 0.701268 0.753582
vt 0.684586 0.761316
vt 0.701268 0.784519
vt 0.684586 0.792253
vt 0.717950 0.753582
vt 0.701268 0.761316
vt 0.717950 0.784519
vt 0.701268 0.792253
vt 0.734633 0.753582
vt 0.717950 0.761316
vt 0.734633 0.784519
vt 0.717950 0.792253
vt 0.751315 0.753582
vt 0.734633 0.761316
vt 0.751315 0.784519
vt 0.734633 0.792253
vt 0.751315 0.730379
vt 0.734633 0.738113
vt 0.734633 0.730379
vt 0.751315 0.738113
vt 0.734633 0.745847
vt 0.751315 0.745848
vt 0.717951 0.738113
vt 0.717950 0.730379
vt 0.717950 0.745847
vt 0.701268 0.738113
vt 0.701268 0.730379
vt 0.701268 0.745848
vt 0.684586 0.738113
vt 0.684586 0.730379
vt 0.684586 0.745847
vt 0.667903 0.738113
vt 0.667904 0.730379
vt 0.667903 0.745847
vt 0.651221 0.738113
vt 0.651221 0.730379
vt 0.651221 0.745848
vt 0.634539 0.738113
vt 0.634539 0.730379
vt 0.634539 0.745848
vt 0.617856 0.738113
vt 0.617857 0.730379
vt 0.617857 0.745847
vt 0.601174 0.730379
vt 0.601174 0.738113
vt 0.601174 0.745847
vt 0.584492 0.730379
vt 0.584492 0.738113
vt 0.584492 0.745848
vt 0.567809 0.730379
vt 0.567809 0.738113
vt 0.567809 0.745848
vt 0.551127 0.730379
vt 0.551127 0.738113
vt 0.551127 0.745847
vt 0.534445 0.730379
vt 0.534445 0.738113
vt 0.534445 0.745847
vt 0.517763 0.730379
vt 0.517763 0.738113
vt 0.517763 0.745847
vt 0.501080 0.730379
vt 0.501080 0.738113
vt 0.501080 0.745847
vt 0.484398 0.730379
vt 0.484398 0.738113
vt 0.484398 0.745848
vt 0.467715 0.730379
vt 0.467715 0.738113
vt 0.467715 0.745847
vt 0.451033 0.730379
vt 0.451033 0.738113
vt 0.451033 0.745847
vt 0.751105 0.800138
vt 0.734423 0.807873
vt 0.734423 0.800138
vt 0.751105 0.807873
vt 0.734423 0.815607
vt 0.751105 0.815607
vt 0.717740 0.807873
vt 0.717740 0.800138
vt 0.717740 0.815607
vt 0.701058 0.807873
vt 0.701058 0.800138
vt 0.701058 0.815607
vt 0.684376 0.807873
vt 0.684376 0.800138
vt 0.684376 0.815607
vt 0.667693 0.807873
vt 0.667693 0.800138
vt 0.667693 0.815607
vt 0.651011 0.807872
vt 0.651011 0.800138
vt 0.651011 0.815607
vt 0.634328 0.807873
vt 0.634329 0.800138
vt 0.634329 0.815607
vt 0.617646 0.807873
vt 0.617646 0.800138
vt 0.617646 0.815607
vt 0.605208 0.807872
vt 0.605212 0.800152
vt 0.605208 0.815605
vt 0.600964 0.800138
vt 0.596793 0.807872
vt 0.596793 0.800138
vt 0.600964 0.815606
vt 0.596793 0.815607
vt 0.600964 0.823341
vt 0.567599 0.800138
vt 0.584282 0.807872
vt 0.567599 0.807872
vt 0.584282 0.815607
vt 0.567599 0.815607
vt 0.584282 0.823341
vt 0.550917 0.800138
vt 0.550917 0.807873
vt 0.550917 0.815607
vt 0.534235 0.800138
vt 0.534234 0.807872
vt 0.534235 0.815607
vt 0.517552 0.800138
vt 0.517552 0.807872
vt 0.517552 0.815607
vt 0.500870 0.800138
vt 0.500870 0.807873
vt 0.500870 0.815607
vt 0.484187 0.800138
vt 0.484187 0.807873
vt 0.484187 0.815607
vt 0.467505 0.800138
vt 0.467505 0.807872
vt 0.467505 0.815607
vt 0.450823 0.800138
vt 0.450823 0.807872
vt 0.450823 0.815607
vt 0.751315 0.761316
vt 0.734633 0.769050
vt 0.751315 0.769050
vt 0.734633 0.776784
vt 0.751315 0.776784
vt 0.717950 0.769050
vt 0.717950 0.776784
vt 0.701268 0.769050
vt 0.701268 0.776784
vt 0.684586 0.769050
vt 0.684586 0.776784
vt 0.667904 0.769050
vt 0.667903 0.776784
vt 0.651221 0.769050
vt 0.651221 0.776784
vt 0.634539 0.769050
vt 0.634539 0.776785
vt 0.617857 0.769050
vt 0.617857 0.776785
vt 0.601174 0.769050
vt 0.601174 0.776784
vt 0.584492 0.769050
vt 0.584492 0.776785
vt 0.567809 0.769051
vt 0.567809 0.776784
vt 0.551127 0.769050
vt 0.551127 0.776784
vt 0.534445 0.769050
vt 0.534445 0.776784
vt 0.517762 0.769050
vt 0.517763 0.776785
vt 0.501080 0.769050
vt 0.501080 0.776784
vt 0.484398 0.769050
vt 0.484398 0.776784
vt 0.467715 0.769050
vt 0.467715 0.776785
vt 0.451033 0.769050
vt 0.451033 0.776784
vt 0.751105 0.838809
vt 0.734423 0.838809
vt 0.751105 0.846544
vt 0.734423 0.846544
vt 0.717740 0.838810
vt 0.717740 0.846544
vt 0.701058 0.838809
vt 0.701058 0.846544
vt 0.684376 0.838809
vt 0.684376 0.846544
vt 0.667693 0.838809
vt 0.667693 0.846544
vt 0.651011 0.838809
vt 0.651011 0.846544
vt 0.634329 0.838809
vt 0.634328 0.846544
vt 0.617646 0.838809
vt 0.617646 0.846544
vt 0.605208 0.838809
vt 0.605209 0.846544
vt 0.600964 0.838809
vt 0.596793 0.838809
vt 0.600964 0.846544
vt 0.596793 0.846543
vt 0.600964 0.854278
vt 0.584282 0.838809
vt 0.567599 0.838809
vt 0.584282 0.846544
vt 0.567599 0.846544
vt 0.584282 0.854278
vt 0.550917 0.838809
vt 0.550917 0.846543
vt 0.534235 0.838809
vt 0.534235 0.846544
vt 0.517552 0.838809
vt 0.517552 0.846544
vt 0.500870 0.838809
vt 0.500870 0.846544
vt 0.484187 0.838809
vt 0.484187 0.846544
vt 0.467505 0.838809
vt 0.467505 0.846544
vt 0.450823 0.838809
vt 0.450823 0.846544
vt 0.467505 0.823341
vt 0.484187 0.831075
vt 0.484187 0.862012
vt 0.517552 0.831075
vt 0.517552 0.862012
vt 0.534235 0.831075
vt 0.534235 0.823341
vt 0.534235 0.862012
vt 0.567599 0.862012
vt 0.567599 0.854278
vt 0.596793 0.854278
vt 0.617646 0.823341
vt 0.605207 0.823338
vt 0.605215 0.862013
vt 0.605209 0.854278
vt 0.634328 0.854278
vt 0.634328 0.862012
vt 0.667693 0.831075
vt 0.701058 0.862012
vt 0.701058 0.854278
vt 0.701058 0.831075
vt 0.717740 0.823341
vt 0.717740 0.862012
vt 0.734423 0.831075
vt 0.467715 0.761316
vt 0.451033 0.784519
vt 0.467715 0.792253
vt 0.501080 0.761316
vt 0.501080 0.792253
vt 0.517762 0.761316
vt 0.517763 0.792253
vt 0.551127 0.784519
vt 0.567809 0.761316
vt 0.567810 0.784519
vt 0.584492 0.753581
vt 0.584492 0.792253
vt 0.601174 0.784519
vt 0.617856 0.753582
vt 0.617856 0.784519
vt 0.617857 0.761316
vt 0.634539 0.784519
vt 0.684586 0.753582
vt 0.684586 0.761316
vt 0.701268 0.761316
vt 0.717950 0.792253
vt 0.734633 0.784519
vt 0.751315 0.753582
vt 0.734633 0.792253
vt 0.751315 0.784519
vt 0.734633 0.738113
vt 0.751315 0.730379
vt 0.751315 0.738113
vt 0.751315 0.745848
vt 0.717950 0.738113
vt 0.717950 0.730379
vt 0.701268 0.730379
vt 0.684586 0.730379
vt 0.667904 0.738113
vt 0.651221 0.730379
vt 0.634539 0.738113
vt 0.634539 0.745847
vt 0.617856 0.738113
vt 0.617857 0.730379
vt 0.601174 0.730379
vt 0.601174 0.738113
vt 0.584492 0.738113
vt 0.584492 0.745847
vt 0.567809 0.730379
vt 0.567809 0.738113
vt 0.567809 0.745847
vt 0.551127 0.730379
vt 0.551127 0.745848
vt 0.517763 0.730379
vt 0.484398 0.745847
vt 0.467715 0.730379
vt 0.467715 0.745848
vt 0.451033 0.730379
vt 0.451033 0.738113
vt 0.451033 0.745848
vt 0.751105 0.800138
vt 0.701058 0.807873
vt 0.701058 0.800138
vt 0.701058 0.815607
vt 0.684376 0.800138
vt 0.667693 0.807872
vt 0.667693 0.800138
vt 0.651011 0.807872
vt 0.634329 0.807873
vt 0.634328 0.800138
vt 0.634329 0.815607
vt 0.617646 0.800138
vt 0.605209 0.807872
vt 0.605220 0.800151
vt 0.605208 0.815605
vt 0.596793 0.807872
vt 0.600964 0.815607
vt 0.600964 0.807873
vt 0.584282 0.800138
vt 0.567599 0.807873
vt 0.584282 0.815607
vt 0.550917 0.807872
vt 0.500870 0.800138
vt 0.500870 0.807872
vt 0.467505 0.807872
vt 0.467505 0.815607
vt 0.450823 0.807873
vt 0.751315 0.761316
vt 0.734633 0.776784
vt 0.751315 0.776784
vt 0.701268 0.776784
vt 0.634539 0.776785
vt 0.617856 0.769050
vt 0.601174 0.776784
vt 0.567809 0.769050
vt 0.517762 0.769050
vt 0.517763 0.776784
vt 0.501080 0.769050
vt 0.501080 0.776785
vt 0.484398 0.776784
vt 0.751105 0.838809
vt 0.751105 0.831075
vt 0.734423 0.846544
vt 0.717740 0.846544
vt 0.701058 0.846544
vt 0.684376 0.846544
vt 0.667693 0.846543
vt 0.651011 0.846543
vt 0.634329 0.846544
vt 0.605208 0.838809
vt 0.605209 0.846544
vt 0.596793 0.831075
vt 0.596793 0.838809
vt 0.600964 0.846543
vt 0.596793 0.846544
vt 0.584282 0.838809
vt 0.584282 0.846544
vt 0.550917 0.846544
vt 0.500870 0.846544
vt 0.484187 0.838810
vt 0.484187 0.846544
vt 0.450823 0.831075
vt 0.450823 0.846543
vt 0.450823 0.862012
vt 0.684376 0.862012
vt 0.592623 0.800139
vt 0.592623 0.800138
vt 0.751105 0.862012
vt 0.751315 0.792253
vt 0.592623 0.862012
vt 0.584282 0.862012
vt 0.592623 0.854278
vt 0.592623 0.846544
vt 0.592623 0.838809
vt 0.592623 0.831075
vt 0.592623 0.823341
vt 0.592623 0.815607
vt 0.592623 0.807873
vt 0.592623 0.846544
vt 0.592623 0.823341
vt 0.592623 0.815607
vt 0.592623 0.807872
vt 0.592623 0.862012
vt 0.592623 0.831075
vt 0.000000 -0.000000
vt 0.283170 0.724827
vt 0.279915 0.720588
vt 0.284945 0.722549
vt 0.286885 0.727087
vt 0.307160 0.901425
vt 0.308419 0.873629
vt 0.311360 0.900824
vt 0.279915 0.845610
vt 0.283167 0.841231
vt 0.284944 0.843592
vt 0.286923 0.838831
vt 0.246591 0.845629
vt 0.278408 0.843138
vt 0.309746 0.787240
vt 0.308811 0.758824
vt 0.313024 0.759408
vt 0.213166 0.720619
vt 0.209915 0.724861
vt 0.208138 0.722585
vt 0.206203 0.727125
vt 0.278413 0.723021
vt 0.271836 0.720521
vt 0.210024 0.841247
vt 0.213274 0.845634
vt 0.208246 0.843611
vt 0.206265 0.838847
vt 0.214781 0.843164
vt 0.205759 0.708764
vt 0.203215 0.716274
vt 0.199481 0.711514
vt 0.347733 0.956390
vt 0.337016 0.915348
vt 0.341141 0.914708
vt 0.186798 0.805318
vt 0.190422 0.790557
vt 0.190457 0.805325
vt 0.333523 0.830723
vt 0.329002 0.823825
vt 0.333407 0.823750
vt 0.295849 0.740597
vt 0.292301 0.761547
vt 0.292155 0.740594
vt 0.303747 0.808604
vt 0.305328 0.786819
vt 0.095285 0.762227
vt 0.091666 0.777024
vt 0.091637 0.762221
vt 0.303022 0.852297
vt 0.307425 0.852190
vt 0.197283 0.825055
vt 0.200855 0.803873
vt 0.200984 0.825048
vt 0.287283 0.857705
vt 0.289866 0.850140
vt 0.293601 0.855123
vt 0.334437 0.787636
vt 0.333178 0.759840
vt 0.337378 0.760441
vt 0.184555 0.852111
vt 0.190612 0.850923
vt 0.188437 0.856975
vt 0.341651 0.737979
vt 0.340005 0.722779
vt 0.344288 0.723557
vt 0.217907 0.713469
vt 0.228433 0.707120
vt 0.229243 0.712987
vt 0.221245 0.720545
vt 0.214671 0.723051
vt 0.315633 0.923286
vt 0.313987 0.938486
vt 0.311319 0.924075
vt 0.263831 0.712971
vt 0.262842 0.720418
vt 0.246537 0.712814
vt 0.246540 0.720392
vt 0.230239 0.720433
vt 0.292188 0.825022
vt 0.287003 0.825021
vt 0.206012 0.761585
vt 0.200946 0.740635
vt 0.206122 0.740622
vt 0.358255 0.822078
vt 0.352028 0.807539
vt 0.358088 0.807590
vt 0.206029 0.775842
vt 0.200819 0.761588
vt 0.206048 0.803866
vt 0.206166 0.825042
vt 0.287106 0.803836
vt 0.380295 0.807069
vt 0.374651 0.821894
vt 0.374235 0.807120
vt 0.292290 0.789505
vt 0.287103 0.789508
vt 0.287107 0.761550
vt 0.286978 0.740585
vt 0.336082 0.908671
vt 0.339042 0.901857
vt 0.339868 0.908178
vt 0.334489 0.753831
vt 0.338307 0.754404
vt 0.246595 0.857760
vt 0.284087 0.852466
vt 0.334829 0.902441
vt 0.335764 0.874025
vt 0.310998 0.745917
vt 0.321715 0.704875
vt 0.315123 0.746557
vt 0.310064 0.752594
vt 0.313850 0.753087
vt 0.329039 0.808969
vt 0.330011 0.787301
vt 0.308471 0.907434
vt 0.312289 0.906861
vt 0.309619 0.914262
vt 0.339759 0.747719
vt 0.337337 0.737190
vt 0.175915 0.849999
vt 0.177770 0.843298
vt 0.181160 0.847716
vt 0.183241 0.842593
vt 0.100086 0.707095
vt 0.097587 0.714866
vt 0.093762 0.709824
vt 0.177512 0.723741
vt 0.175602 0.717020
vt 0.180863 0.719206
vt 0.182981 0.724405
vt 0.172761 0.721771
vt 0.140906 0.717032
vt 0.182176 0.860011
vt 0.104400 0.843419
vt 0.106275 0.850106
vt 0.101027 0.847839
vt 0.098941 0.842727
vt 0.167552 0.850272
vt 0.173030 0.845271
vt 0.106219 0.717164
vt 0.104342 0.723903
vt 0.100965 0.719378
vt 0.098869 0.724593
vt 0.109085 0.721900
vt 0.183277 0.805314
vt 0.186812 0.790555
vt 0.186766 0.826785
vt 0.190514 0.826795
vt 0.307622 0.823569
vt 0.308146 0.808843
vt 0.098809 0.762231
vt 0.095268 0.777028
vt 0.095318 0.740621
vt 0.091584 0.740611
vt 0.295841 0.782657
vt 0.292290 0.775811
vt 0.295867 0.775815
vt 0.112336 0.855328
vt 0.122881 0.862066
vt 0.109590 0.861082
vt 0.109144 0.845370
vt 0.114637 0.850356
vt 0.091530 0.716072
vt 0.158485 0.855821
vt 0.157780 0.850576
vt 0.141105 0.856063
vt 0.141097 0.850718
vt 0.124411 0.850631
vt 0.123721 0.855879
vt 0.186591 0.740408
vt 0.183072 0.740428
vt 0.098912 0.826935
vt 0.095333 0.805495
vt 0.098852 0.805484
vt 0.095283 0.790744
vt 0.098811 0.790735
vt 0.098838 0.740628
vt 0.186710 0.762018
vt 0.183185 0.762036
vt 0.183252 0.776841
vt 0.186784 0.776827
vt 0.183253 0.826780
vt 0.095403 0.826945
vt 0.190279 0.715861
vt 0.184219 0.714681
vt 0.188021 0.709625
vt 0.335636 0.747003
vt 0.333443 0.809075
vt 0.384032 0.736190
vt 0.377307 0.740363
vt 0.378041 0.735271
vt 0.383301 0.741260
vt 0.376660 0.745445
vt 0.172629 0.860984
vt 0.178811 0.854716
vt 0.186739 0.846587
vt 0.384571 0.864817
vt 0.377901 0.860510
vt 0.383909 0.859712
vt 0.377288 0.855366
vt 0.383311 0.854691
vt 0.388825 0.896413
vt 0.378565 0.865626
vt 0.091589 0.851060
vt 0.097645 0.852238
vt 0.093773 0.857106
vt 0.186460 0.720317
vt 0.190324 0.740382
vt 0.140885 0.706882
vt 0.103351 0.712432
vt 0.361938 0.864787
vt 0.355214 0.860614
vt 0.361208 0.859717
vt 0.354567 0.855532
vt 0.360586 0.854824
vt 0.103392 0.854828
vt 0.100039 0.860131
vt 0.095452 0.846721
vt 0.091658 0.826959
vt 0.362478 0.736161
vt 0.355808 0.740468
vt 0.356472 0.735351
vt 0.361816 0.741266
vt 0.355195 0.745611
vt 0.366731 0.704565
vt 0.360725 0.703756
vt 0.329765 0.852661
vt 0.333640 0.837696
vt 0.334163 0.852422
vt 0.095370 0.720515
vt 0.381539 0.757720
vt 0.374291 0.778694
vt 0.375499 0.757228
vt 0.190389 0.776811
vt 0.287102 0.775808
vt 0.318270 0.937708
vt 0.317353 0.956990
vt 0.380348 0.778899
vt 0.374121 0.793438
vt 0.380705 0.821605
vt 0.376101 0.843453
vt 0.190360 0.761997
vt 0.358612 0.779372
vt 0.354008 0.757525
vt 0.360046 0.758045
vt 0.091676 0.790756
vt 0.200853 0.789542
vt 0.206040 0.789541
vt 0.358202 0.793908
vt 0.352558 0.779083
vt 0.359446 0.843257
vt 0.352198 0.822284
vt 0.091678 0.805509
vt 0.382139 0.842933
vt 0.181688 0.706924
vt 0.382679 0.746153
vt 0.361217 0.746286
vt 0.353405 0.843749
vt 0.364342 0.880548
vt 0.357122 0.873402
vt 0.363113 0.872485
vt 0.343371 0.704275
vt 0.347677 0.705059
vt 0.366746 0.896307
vt 0.358352 0.881464
vt 0.141115 0.862408
vt 0.388840 0.704670
vt 0.380445 0.719514
vt 0.382849 0.703756
vt 0.386436 0.720429
vt 0.379215 0.727575
vt 0.169867 0.855238
vt 0.159344 0.862005
vt 0.355948 0.865706
vt 0.178447 0.712275
vt 0.385206 0.728492
vt 0.287101 0.782658
vt 0.285235 0.775808
vt 0.207903 0.782690
vt 0.206036 0.782692
vt 0.329117 0.830796
vt 0.302984 0.837440
vt 0.307389 0.837515
vt 0.179743 0.783707
vt 0.183273 0.783699
vt 0.102328 0.783879
vt 0.098799 0.783883
vt 0.313741 0.913547
vt 0.303099 0.830469
vt 0.307506 0.830542
vt 0.190404 0.783684
vt 0.384180 0.804226
vt 0.386299 0.800178
vt 0.386356 0.807019
vt 0.091675 0.783891
vt 0.243874 0.892804
vt 0.247671 0.890467
vt 0.247671 0.892804
vt 0.117174 0.882075
vt 0.119512 0.878278
vt 0.119512 0.882075
vt 0.102324 0.777030
vt 0.098797 0.777030
vt 0.207897 0.775840
vt 0.354270 0.796686
vt 0.358192 0.795101
vt 0.354203 0.804747
vt 0.352085 0.800698
vt 0.352566 0.800702
vt 0.391197 0.729409
vt 0.369103 0.871568
vt 0.367929 0.863869
vt 0.392426 0.721345
vt 0.394831 0.705584
vt 0.372738 0.895394
vt 0.370333 0.879632
vt 0.366605 0.854117
vt 0.365486 0.842766
vt 0.366084 0.758565
vt 0.367240 0.746962
vt 0.388698 0.746861
vt 0.388177 0.842413
vt 0.364312 0.821873
vt 0.364262 0.793958
vt 0.364665 0.779661
vt 0.386758 0.821317
vt 0.386405 0.779104
vt 0.380181 0.793387
vt 0.387580 0.758211
vt 0.372738 0.705373
vt 0.367823 0.742064
vt 0.368484 0.736970
vt 0.367201 0.858820
vt 0.394831 0.895604
vt 0.390577 0.864007
vt 0.389917 0.858914
vt 0.389333 0.854015
vt 0.389294 0.742157
vt 0.390022 0.737108
vt 0.364148 0.807640
vt 0.232483 0.892804
vt 0.228686 0.890467
vt 0.232483 0.890467
vt 0.362020 0.804812
vt 0.358098 0.806397
vt 0.183282 0.790556
vt 0.197298 0.782699
vt 0.197278 0.789541
vt 0.285235 0.789508
vt 0.117174 0.885872
vt 0.119512 0.885872
vt 0.251468 0.892804
vt 0.251468 0.890467
vt 0.117174 0.866887
vt 0.119512 0.870684
vt 0.117174 0.870684
vt 0.236280 0.890467
vt 0.236280 0.892804
vt 0.376364 0.804292
vt 0.374178 0.800279
vt 0.374659 0.800275
vt 0.384113 0.796165
vt 0.385818 0.800182
vt 0.362087 0.796751
vt 0.364205 0.800799
vt 0.363724 0.800795
vt 0.240077 0.890467
vt 0.240077 0.892804
vt 0.224889 0.892804
vt 0.221092 0.890467
vt 0.224889 0.890467
vt 0.117174 0.893466
vt 0.119512 0.889669
vt 0.119512 0.893466
vt 0.117174 0.874481
vt 0.117174 0.878278
vt 0.243874 0.890467
vt 0.228686 0.892804
vt 0.117174 0.889669
vt 0.376296 0.796230
vt 0.380191 0.794580
vt 0.119512 0.874481
vt 0.352142 0.793857
vt 0.386241 0.793337
vt 0.133876 0.876226
vt 0.137420 0.871331
vt 0.136402 0.876358
vt 0.131833 0.870770
vt 0.134681 0.870951
vt 0.128927 0.876002
vt 0.131351 0.876093
vt 0.135923 0.881678
vt 0.126721 0.875974
vt 0.128927 0.870849
vt 0.130333 0.881123
vt 0.133074 0.881501
vt 0.124869 0.875954
vt 0.126024 0.871287
vt 0.141027 0.876476
vt 0.144426 0.873677
vt 0.142874 0.876498
vt 0.127751 0.880566
vt 0.140000 0.871890
vt 0.138823 0.876448
vt 0.243874 0.862246
vt 0.144611 0.880199
vt 0.125383 0.879810
vt 0.117174 0.897263
vt 0.119512 0.897263
vt 0.236280 0.862246
vt 0.088954 0.885872
vt 0.088954 0.882075
vt 0.232483 0.862246
vt 0.088954 0.878278
vt 0.228686 0.862246
vt 0.088954 0.874481
vt 0.224889 0.862246
vt 0.088954 0.870684
vt 0.221092 0.862246
vt 0.088954 0.866887
vt 0.251468 0.862246
vt 0.247671 0.862246
vt 0.088954 0.893466
vt 0.138828 0.881591
vt 0.240077 0.862246
vt 0.142364 0.872647
vt 0.088954 0.889669
vt 0.135799 0.885531
vt 0.132850 0.883388
vt 0.135868 0.883636
vt 0.135141 0.867266
vt 0.137779 0.869542
vt 0.134907 0.869066
vt 0.129613 0.884624
vt 0.132619 0.885191
vt 0.129975 0.882914
vt 0.131966 0.866922
vt 0.131893 0.868813
vt 0.126762 0.883849
vt 0.128607 0.866887
vt 0.128758 0.868854
vt 0.124728 0.881311
vt 0.127260 0.882234
vt 0.125091 0.867309
vt 0.125535 0.869303
vt 0.124059 0.882829
vt 0.122380 0.880047
vt 0.122197 0.870327
vt 0.121500 0.868315
vt 0.123112 0.872256
vt 0.142687 0.885109
vt 0.145515 0.882060
vt 0.146241 0.884049
vt 0.141724 0.881138
vt 0.143688 0.869632
vt 0.145364 0.872411
vt 0.143019 0.871148
vt 0.139165 0.885555
vt 0.142224 0.883128
vt 0.139005 0.883587
vt 0.140989 0.868611
vt 0.140491 0.870224
vt 0.138143 0.867835
vt 0.200843 0.775850
vt 0.197266 0.775857
vt 0.295867 0.789501
vt 0.197323 0.849162
vt 0.203326 0.850162
vt 0.199593 0.855147
vt 0.264635 0.707103
vt 0.275168 0.713442
vt 0.246534 0.706809
vt 0.205911 0.857726
vt 0.289862 0.716234
vt 0.287312 0.708726
vt 0.293592 0.711470
vt 0.197251 0.740642
vt 0.292300 0.803839
vt 0.295890 0.825026
vt 0.295869 0.849136
vt 0.201141 0.844795
vt 0.201083 0.721336
vt 0.215254 0.707997
vt 0.208990 0.713879
vt 0.209104 0.852486
vt 0.292048 0.844773
vt 0.197239 0.717133
vt 0.292000 0.721294
vt 0.284085 0.713843
vt 0.277815 0.707968
vt 0.315243 0.906161
vt 0.316730 0.913363
vt 0.289107 0.705778
vt 0.298309 0.714566
vt 0.295839 0.717087
vt 0.314175 0.899657
vt 0.289090 0.860791
vt 0.316812 0.753750
vt 0.318089 0.746618
vt 0.315839 0.760611
vt 0.298353 0.851761
vt 0.246595 0.860863
vt 0.324627 0.705336
vt 0.203961 0.705818
vt 0.341261 0.755104
vt 0.342748 0.747902
vt 0.340193 0.761608
vt 0.194768 0.714615
vt 0.342830 0.907515
vt 0.344107 0.914647
vt 0.204106 0.860813
vt 0.194840 0.851788
vt 0.341857 0.900654
vt 0.350644 0.955929
vt 0.311393 0.873414
vt 0.298480 0.740598
vt 0.295926 0.761546
vt 0.312711 0.787514
vt 0.311131 0.809005
vt 0.298522 0.825029
vt 0.295924 0.803841
vt 0.298609 0.803842
vt 0.338728 0.873751
vt 0.194652 0.825060
vt 0.197232 0.803878
vt 0.337411 0.787851
vt 0.336431 0.809144
vt 0.194620 0.740645
vt 0.197194 0.761589
vt 0.194511 0.761591
vt 0.344705 0.738072
vt 0.228033 0.704074
vt 0.213887 0.705007
vt 0.347277 0.723986
vt 0.246533 0.703756
vt 0.321659 0.956206
vt 0.321260 0.937279
vt 0.324627 0.955643
vt 0.318687 0.923193
vt 0.265032 0.704056
vt 0.279180 0.704977
vt 0.184013 0.862987
vt 0.305455 0.907794
vt 0.306730 0.915131
vt 0.304137 0.901098
vt 0.193113 0.853434
vt 0.307045 0.752293
vt 0.308139 0.745060
vt 0.183505 0.703805
vt 0.192780 0.713225
vt 0.305783 0.759202
vt 0.317410 0.704205
vt 0.314495 0.703756
vt 0.140879 0.703756
vt 0.331473 0.753471
vt 0.332748 0.746135
vt 0.098208 0.863111
vt 0.089093 0.853574
vt 0.330155 0.760167
vt 0.098255 0.703983
vt 0.333063 0.908972
vt 0.334157 0.916205
vt 0.331801 0.902063
vt 0.089016 0.713446
vt 0.343428 0.957061
vt 0.340513 0.957509
vt 0.193119 0.805329
vt 0.193097 0.826801
vt 0.300036 0.852369
vt 0.303993 0.873964
vt 0.301047 0.874193
vt 0.193032 0.761982
vt 0.300764 0.808441
vt 0.088966 0.762217
vt 0.088980 0.740604
vt 0.326782 0.852824
vt 0.331346 0.874447
vt 0.328400 0.874732
vt 0.089018 0.805519
vt 0.326054 0.808896
vt 0.192928 0.740365
vt 0.302382 0.786533
vt 0.089078 0.826969
vt 0.327065 0.787072
vt 0.122481 0.865155
vt 0.108221 0.864109
vt 0.334435 0.736212
vt 0.141110 0.865504
vt 0.337050 0.722129
vt 0.141132 0.865503
vt 0.311032 0.939136
vt 0.314372 0.957509
vt 0.159754 0.865092
vt 0.308417 0.925053
vt 0.174005 0.864006
vt 0.310617 0.823620
vt 0.310502 0.830592
vt 0.298554 0.782657
vt 0.336402 0.823701
vt 0.336520 0.830673
vt 0.194586 0.782701
vt 0.299992 0.837392
vt 0.300106 0.830420
vt 0.193128 0.783679
vt 0.326241 0.837817
vt 0.326123 0.830846
vt 0.088954 0.783894
vt 0.298572 0.775830
vt 0.310414 0.852121
vt 0.310384 0.837564
vt 0.193128 0.790571
vt 0.298574 0.789485
vt 0.193099 0.776787
vt 0.303215 0.823498
vt 0.300223 0.823448
vt 0.194571 0.789527
vt 0.337149 0.852260
vt 0.336635 0.837645
vt 0.088958 0.777010
vt 0.329233 0.837767
vt 0.194561 0.775875
vt 0.088974 0.790777
vt 0.326010 0.823873
vt 0.186807 0.783692
vt 0.095268 0.783887
vt 0.102377 0.728685
vt 0.102358 0.740634
vt 0.179733 0.838575
vt 0.179740 0.826776
vt 0.102438 0.838713
vt 0.102424 0.826928
vt 0.179722 0.776853
vt 0.179551 0.740446
vt 0.179659 0.762053
vt 0.102333 0.762235
vt 0.102336 0.790728
vt 0.102372 0.805475
vt 0.179494 0.728504
vt 0.116927 0.845384
vt 0.125096 0.845386
vt 0.157079 0.845334
vt 0.141088 0.845377
vt 0.165248 0.845305
vt 0.179756 0.805313
vt 0.140896 0.712269
vt 0.292286 0.782658
vt 0.200852 0.782696
vt 0.207916 0.803863
vt 0.207907 0.789540
vt 0.285238 0.761551
vt 0.208116 0.836701
vt 0.208029 0.825041
vt 0.285036 0.729174
vt 0.285118 0.740582
vt 0.208053 0.729209
vt 0.207982 0.740617
vt 0.285237 0.803835
vt 0.285139 0.825022
vt 0.207881 0.761585
vt 0.285071 0.836690
vt 0.222445 0.723094
vt 0.230597 0.723114
vt 0.246542 0.723121
vt 0.262486 0.723100
vt 0.270638 0.723071
vt 0.246593 0.852513
vt 0.383717 0.796691
vt 0.385199 0.800187
vt 0.361682 0.797270
vt 0.363106 0.800790
vt 0.376760 0.803765
vt 0.375277 0.800270
vt 0.354608 0.804227
vt 0.353184 0.800708
vt 0.380280 0.805189
vt 0.380285 0.805877
vt 0.380197 0.795267
vt 0.358104 0.805710
vt 0.358186 0.795788
vt 0.361624 0.804286
vt 0.354667 0.797212
vt 0.383775 0.803707
vt 0.376701 0.796750
vt 0.241371 0.454241
vt 0.192314 0.582138
vt 0.214978 0.029512
vt 0.169017 0.029512
vt 0.077096 0.029512
vt 0.008155 0.029512
vt 0.508253 0.040516
vt 0.715076 0.031199
vt 0.508253 0.031199
vt 0.257876 0.598645
vt 0.445376 0.598645
vt 0.445376 0.633879
vt 0.491747 0.040516
vt 0.306933 0.582138
vt 0.491747 0.031199
vt 0.758629 0.470746
vt 0.992500 0.031199
vt 0.491747 0.009187
vt 0.466637 0.618936
vt 0.472195 0.617776
vt 0.488716 0.630764
vt 0.488900 0.636445
vt 0.488253 0.639222
vt 0.485565 0.644228
vt 0.473221 0.650447
vt 0.467600 0.649648
vt 0.246590 0.843153
vt 0.140916 0.721794
vt 0.382818 0.897221
vt 0.360755 0.897221
vt 0.285234 0.782658
vt 0.179755 0.790559
vt 0.119512 0.866887
vt 0.221092 0.892804
vt 0.123318 0.878780
vt 0.088954 0.897263
vt 0.121503 0.881474
vt 0.146241 0.870987
vt 0.295798 0.708691
vt 0.295821 0.858033
vt 0.197273 0.708737
vt 0.197375 0.858057
vt 0.298609 0.761545
vt 0.194548 0.803881
vt 0.350644 0.705622
vt 0.190702 0.859741
vt 0.190270 0.706702
vt 0.091513 0.859876
vt 0.091500 0.706909
vt 0.340389 0.703756
s 1
usemtl base1
f 1/1/1 2/2/2 3/3/3
f 2/2/2 4/4/4 3/3/3
f 5/5/5 6/6/6 4/4/4
f 7/7/7 8/8/8 6/6/6
f 9/9/9 10/10/10 8/8/8
f 10/10/10 11/11/11 12/12/12
f 11/11/11 13/13/13 12/12/12
f 13/13/13 14/14/14 15/15/15
f 15/15/15 16/16/16 17/17/17
f 18/18/18 2/2/2 19/19/19
f 2/2/2 20/20/20 5/5/5
f 20/20/20 7/7/7 5/5/5
f 21/21/21 9/9/9 7/7/7
f 9/9/9 22/22/22 23/23/23
f 23/23/23 24/24/24 11/11/11
f 11/11/11 25/25/25 26/26/26
f 26/26/26 27/27/27 14/14/14
f 14/14/14 28/28/28 16/16/16
f 18/18/18 29/29/29 30/30/30
f 30/30/30 31/31/31 20/20/20
f 20/20/20 32/32/32 21/21/21
f 32/32/32 33/33/33 21/21/21
f 33/33/33 34/34/34 22/22/22
f 22/22/22 35/35/35 24/24/24
f 24/24/24 36/36/36 25/25/25
f 25/25/25 37/37/37 27/27/27
f 27/27/27 38/38/38 28/28/28
f 39/39/39 40/40/40 29/29/29
f 29/29/29 41/41/41 31/31/31
f 31/31/31 42/42/42 32/32/32
f 32/32/32 43/43/43 44/44/44
f 44/44/44 45/45/45 34/34/34
f 34/34/34 46/46/46 35/35/35
f 35/35/35 47/47/47 36/36/36
f 36/36/36 48/48/48 37/37/37
f 37/37/37 49/49/49 38/38/38
f 50/50/50 51/51/51 40/40/40
f 40/40/40 52/52/52 41/41/41
f 41/41/41 53/53/53 42/42/42
f 42/42/42 54/54/54 43/43/43
f 43/43/43 55/55/55 45/45/45
f 45/45/45 56/56/56 46/46/46
f 46/46/46 57/57/57 47/47/47
f 47/47/47 58/58/58 48/48/48
f 48/48/48 59/59/59 49/49/49
f 60/60/60 61/61/61 51/51/51
f 51/51/51 62/62/62 52/52/52
f 52/52/52 63/63/63 53/53/53
f 53/53/53 64/64/64 54/54/54
f 54/54/54 65/65/65 55/55/55
f 55/55/55 66/66/66 56/56/56
f 56/56/56 67/67/67 57/57/57
f 57/57/57 68/68/68 58/58/58
f 58/58/58 69/69/69 59/59/59
f 70/70/70 71/71/71 61/61/61
f 61/61/61 72/72/72 62/62/62
f 62/62/62 73/73/73 63/63/63
f 63/63/63 74/74/74 64/64/64
f 64/64/64 75/75/75 65/65/65
f 65/65/65 76/76/76 66/66/66
f 66/66/66 77/77/77 67/67/67
f 67/67/67 78/78/78 68/68/68
f 68/68/68 79/79/79 69/69/69
f 80/80/80 81/81/81 71/71/71
f 71/71/71 82/82/82 72/72/72
f 72/72/72 83/83/83 73/73/73
f 73/73/73 84/84/84 74/74/74
f 74/74/74 85/85/85 75/75/75
f 75/75/75 86/86/86 76/76/76
f 76/76/76 87/87/87 77/77/77
f 77/77/77 88/88/88 78/78/78
f 78/78/78 89/89/89 79/79/79
f 90/90/90 91/91/91 81/81/81
f 81/81/81 92/92/92 82/82/82
f 82/82/82 93/93/93 83/83/83
f 83/83/83 94/94/94 84/84/84
f 84/84/84 95/95/95 85/85/85
f 85/85/85 96/96/96 86/86/86
f 86/86/86 97/97/97 87/87/87
f 87/87/87 98/98/98 88/88/88
f 88/88/88 99/99/99 89/89/89
f 100/100/100 101/101/101 91/91/91
f 91/91/91 102/102/102 92/92/92
f 92/92/92 103/103/103 93/93/93
f 93/93/93 104/104/104 94/94/94
f 94/94/94 105/105/105 95/95/95
f 95/95/95 106/106/106 96/96/96
f 96/96/96 107/107/107 97/97/97
f 97/97/97 108/108/108 98/98/98
f 98/98/98 109/109/109 99/99/99
f 110/110/110 111/111/111 101/101/101
f 101/101/101 112/112/112 102/102/102
f 102/102/102 113/113/113 103/103/103
f 103/103/103 114/114/114 104/104/104
f 104/104/104 115/115/115 105/105/105
f 105/105/105 116/116/116 106/106/106
f 106/106/106 117/117/117 107/107/107
f 107/107/107 118/118/118 108/108/108
f 108/108/108 119/119/119 109/109/109
f 120/120/120 121/121/121 111/111/111
f 111/111/111 122/122/122 112/112/112
f 112/112/112 123/123/123 113/113/113
f 113/113/113 124/124/124 114/114/114
f 114/114/114 125/125/125 115/115/115
f 115/115/115 126/126/126 116/116/116
f 116/116/116 127/127/127 117/117/117
f 117/117/117 128/128/128 118/118/118
f 118/118/118 129/129/129 119/119/119
f 130/130/130 131/131/131 121/121/121
f 121/121/121 132/132/132 122/122/122
f 122/122/122 133/133/133 123/123/123
f 123/123/123 134/134/134 124/124/124
f 124/124/124 135/135/135 125/125/125
f 125/125/125 136/136/136 126/126/126
f 126/126/126 137/137/137 127/127/127
f 127/127/127 138/138/138 128/128/128
f 128/128/128 139/139/139 129/129/129
f 140/140/140 141/141/141 131/131/131
f 131/131/131 142/142/142 132/132/132
f 132/132/132 143/143/143 133/133/133
f 133/133/133 144/144/144 134/134/134
f 134/134/134 145/145/145 135/135/135
f 135/135/135 146/146/146 136/136/136
f 136/136/136 147/147/147 137/137/137
f 137/137/137 148/148/148 138/138/138
f 138/138/138 149/149/149 139/139/139
f 150/150/150 151/151/151 141/141/141
f 141/141/141 152/152/152 142/142/142
f 142/142/142 153/153/153 143/143/143
f 143/143/143 154/154/154 144/144/144
f 144/144/144 155/155/155 145/145/145
f 145/145/145 156/156/156 146/146/146
f 146/146/146 157/157/157 147/147/147
f 147/147/147 158/158/158 148/148/148
f 148/148/148 159/159/159 149/149/149
f 160/160/160 161/161/161 151/151/151
f 151/151/151 162/162/162 152/152/152
f 152/152/152 163/163/163 153/153/153
f 153/153/153 164/164/164 154/154/154
f 154/154/154 165/165/165 155/155/155
f 155/155/155 166/166/166 156/156/156
f 156/156/156 167/167/167 157/157/157
f 157/157/157 168/168/168 158/158/158
f 158/158/158 169/169/169 159/159/159
f 170/170/170 171/171/171 161/161/161
f 161/161/161 172/172/172 162/162/162
f 162/162/162 173/173/173 163/163/163
f 163/163/163 174/174/174 164/164/164
f 164/164/164 175/175/175 165/165/165
f 165/165/165 176/176/176 166/166/166
f 166/166/166 177/177/177 167/167/167
f 167/167/167 178/178/178 168/168/168
f 168/168/168 179/179/179 169/169/169
f 180/180/180 181/181/181 171/171/171
f 171/171/171 182/182/182 172/172/172
f 172/172/172 183/183/183 173/173/173
f 173/173/173 184/184/184 174/174/174
f 174/174/174 185/185/185 175/175/175
f 175/175/175 186/186/186 176/176/176
f 176/176/176 187/187/187 177/177/177
f 177/177/177 188/188/188 178/178/178
f 178/178/178 189/189/189 179/179/179
f 190/190/190 191/191/191 181/181/181
f 181/181/181 192/192/192 182/182/182
f 182/182/182 193/193/193 183/183/183
f 183/183/183 194/194/194 184/184/184
f 184/184/184 195/195/195 185/185/185
f 185/185/185 196/196/196 186/186/186
f 186/186/186 197/197/197 187/187/187
f 187/187/187 198/198/198 188/188/188
f 188/188/188 199/199/199 189/189/189
f 200/200/200 201/201/201 191/191/191
f 191/191/191 202/202/202 192/192/192
f 192/192/192 203/203/203 193/193/193
f 193/193/193 204/204/204 194/194/194
f 194/194/194 205/205/205 195/195/195
f 195/195/195 206/206/206 196/196/196
f 196/196/196 207/207/207 197/197/197
f 197/197/197 208/208/208 198/198/198
f 198/198/198 209/209/209 199/199/199
f 208/208/208 210/210/210 209/209/209
f 211/211/211 212/212/212 210/210/210
f 213/213/213 214/214/214 212/212/212
f 215/215/215 216/216/216 214/214/214
f 217/217/217 218/218/218 216/216/216
f 219/219/219 220/220/220 218/218/218
f 221/221/221 222/222/222 220/220/220
f 207/207/207 211/211/211 208/208/208
f 223/223/223 213/213/213 211/211/211
f 224/224/224 215/215/215 213/213/213
f 225/225/225 217/217/217 215/215/215
f 226/226/226 219/219/219 217/217/217
f 227/227/227 221/221/221 219/219/219
f 228/228/228 229/229/229 221/221/221
f 207/207/207 230/230/230 223/223/223
f 223/223/223 231/231/231 224/224/224
f 224/224/224 232/232/232 225/225/225
f 232/232/232 226/226/226 225/225/225
f 233/233/233 227/227/227 226/226/226
f 234/234/234 228/228/228 227/227/227
f 235/235/235 236/236/236 228/228/228
f 206/206/206 237/237/237 230/230/230
f 230/230/230 238/238/238 231/231/231
f 231/231/231 239/239/239 232/232/232
f 232/232/232 240/240/240 233/233/233
f 240/240/240 234/234/234 233/233/233
f 241/241/241 235/235/235 234/234/234
f 242/242/242 243/243/243 235/235/235
f 205/205/205 244/244/244 237/237/237
f 237/237/237 245/245/245 238/238/238
f 238/238/238 246/246/246 239/239/239
f 239/239/239 247/247/247 240/240/240
f 240/240/240 248/248/248 241/241/241
f 248/248/248 242/242/242 241/241/241
f 249/249/249 250/250/250 242/242/242
f 204/204/204 251/251/251 244/244/244
f 244/244/244 252/252/252 245/245/245
f 245/245/245 253/253/253 246/246/246
f 246/246/246 254/254/254 247/247/247
f 247/247/247 255/255/255 248/248/248
f 248/248/248 256/256/256 249/249/249
f 256/256/256 257/257/257 249/249/249
f 203/203/203 258/258/258 251/251/251
f 251/251/251 259/259/259 252/252/252
f 252/252/252 260/260/260 253/253/253
f 253/253/253 261/261/261 254/254/254
f 254/254/254 262/262/262 255/255/255
f 255/255/255 263/263/263 256/256/256
f 263/263/263 264/264/264 256/256/256
f 202/202/202 265/265/265 258/258/258
f 258/258/258 266/266/266 259/259/259
f 259/259/259 267/267/267 260/260/260
f 260/260/260 268/268/268 261/261/261
f 261/261/261 269/269/269 262/262/262
f 262/262/262 270/270/270 263/263/263
f 270/270/270 271/271/271 263/263/263
f 201/201/201 272/272/272 265/265/265
f 265/265/265 273/273/273 266/266/266
f 266/266/266 274/274/274 267/267/267
f 267/267/267 275/275/275 268/268/268
f 268/268/268 276/276/276 269/269/269
f 269/269/269 277/277/277 270/270/270
f 277/277/277 278/278/278 270/270/270
f 279/279/279 280/280/280 281/281/281
f 280/280/280 282/282/282 281/281/281
f 282/282/282 283/283/6 284/284/283
f 283/283/6 285/285/284 284/284/283
f 286/286/8 287/287/285 285/285/284
f 288/288/286 289/289/287 287/287/285
f 289/289/287 290/290/288 291/291/289
f 291/291/289 292/292/290 293/293/291
f 292/292/290 294/294/292 293/293/291
f 295/295/293 296/296/294 297/297/295
f 298/298/296 299/299/297 296/296/294
f 300/300/298 301/301/299 299/299/297
f 302/302/300 303/303/301 301/301/299
f 304/304/302 305/305/303 303/303/301
f 306/306/304 307/307/305 305/305/303
f 308/308/306 309/309/307 307/307/305
f 310/310/308 311/311/309 309/309/307
f 312/312/310 313/313/311 311/311/309
f 314/314/312 315/315/313 313/313/311
f 316/316/314 317/317/315 315/315/313
f 318/318/316 319/319/317 317/317/315
f 320/320/318 321/321/319 319/319/317
f 322/322/320 323/323/321 321/321/319
f 324/324/322 325/325/323 323/323/321
f 326/326/324 327/327/325 325/325/323
f 328/328/326 329/329/327 327/327/325
f 330/330/328 331/331/329 329/329/327
f 332/332/330 333/333/331 331/331/329
f 334/334/332 335/335/333 333/333/331
f 297/297/295 336/336/334 337/337/335
f 296/296/294 338/338/336 336/336/334
f 299/299/297 339/339/337 338/338/336
f 301/301/299 340/340/338 339/339/337
f 303/303/301 341/341/339 340/340/338
f 305/305/303 342/342/340 341/341/339
f 307/307/305 343/343/341 342/342/340
f 309/309/307 344/344/342 343/343/341
f 311/311/309 345/345/343 344/344/342
f 313/313/311 346/346/344 345/345/343
f 315/315/313 347/347/345 346/346/344
f 317/317/315 348/348/346 347/347/345
f 319/319/317 349/349/347 348/348/346
f 321/321/319 350/350/348 349/349/347
f 323/323/321 351/351/349 350/350/348
f 325/325/323 352/352/350 351/351/349
f 327/327/325 353/353/351 352/352/350
f 329/329/327 354/354/352 353/353/351
f 331/331/329 355/355/353 354/354/352
f 333/333/331 356/356/354 355/355/353
f 337/337/335 357/357/355 358/358/356
f 336/336/334 359/359/357 357/357/355
f 338/338/336 360/360/358 359/359/357
f 339/339/337 361/361/359 360/360/358
f 340/340/338 362/362/360 361/361/359
f 341/341/339 363/363/361 362/362/360
f 342/342/340 364/364/362 363/363/361
f 343/343/341 365/365/363 364/364/362
f 344/344/342 366/366/364 365/365/363
f 345/345/343 367/367/365 366/366/364
f 346/346/344 368/368/366 367/367/365
f 347/347/345 369/369/367 368/368/366
f 348/348/346 370/370/368 369/369/367
f 349/349/347 371/371/369 370/370/368
f 350/350/348 372/372/370 371/371/369
f 351/351/349 373/373/371 372/372/370
f 352/352/350 374/374/372 373/373/371
f 353/353/351 375/375/373 374/374/372
f 354/354/352 376/376/374 375/375/373
f 355/355/353 377/377/375 376/376/374
f 358/358/356 378/378/376 379/379/377
f 357/357/355 380/380/378 378/378/376
f 359/359/357 381/381/379 380/380/378
f 360/360/358 382/382/380 381/381/379
f 361/361/359 383/383/381 382/382/380
f 362/362/360 384/384/382 383/383/381
f 363/363/361 385/385/383 384/384/382
f 364/364/362 386/386/384 385/385/383
f 365/365/363 387/387/385 386/386/384
f 366/366/364 388/388/386 387/387/385
f 367/367/365 389/389/387 388/388/386
f 368/368/366 390/390/388 389/389/387
f 369/369/367 391/391/389 390/390/388
f 370/370/368 392/392/390 391/391/389
f 371/371/369 393/393/391 392/392/390
f 372/372/370 394/394/392 393/393/391
f 373/373/371 395/395/393 394/394/392
f 374/374/372 396/396/394 395/395/393
f 375/375/373 397/397/395 396/396/394
f 376/376/374 398/398/396 397/397/395
f 379/379/377 399/399/397 400/400/398
f 378/378/376 401/401/399 399/399/397
f 380/380/378 402/402/400 401/401/399
f 381/381/379 403/403/401 402/402/400
f 382/382/380 404/404/402 403/403/401
f 383/383/381 405/405/403 404/404/402
f 384/384/382 406/406/404 405/405/403
f 385/385/383 407/407/405 406/406/404
f 386/386/384 408/408/406 407/407/405
f 387/387/385 409/409/407 408/408/406
f 388/388/386 410/410/408 409/409/407
f 389/389/387 411/411/409 410/410/408
f 390/390/388 412/412/410 411/411/409
f 391/391/389 413/413/411 412/412/410
f 392/392/390 414/414/412 413/413/411
f 393/393/391 415/415/413 414/414/412
f 394/394/392 416/416/414 415/415/413
f 395/395/393 417/417/415 416/416/414
f 396/396/394 418/418/416 417/417/415
f 397/397/395 419/419/417 418/418/416
f 400/400/398 420/420/418 421/421/419
f 399/399/397 422/422/420 420/420/418
f 401/401/399 423/423/421 422/422/420
f 402/402/400 424/424/422 423/423/421
f 403/403/401 425/425/423 424/424/422
f 404/404/402 426/426/424 425/425/423
f 405/405/403 427/427/425 426/426/424
f 406/406/404 428/428/426 427/427/425
f 407/407/405 429/429/427 428/428/426
f 408/408/406 430/430/428 429/429/427
f 409/409/407 431/431/429 430/430/428
f 410/410/408 432/432/430 431/431/429
f 411/411/409 433/433/431 432/432/430
f 412/412/410 434/434/432 433/433/431
f 413/413/411 435/435/433 434/434/432
f 414/414/412 436/436/434 435/435/433
f 415/415/413 437/437/435 436/436/434
f 416/416/414 438/438/436 437/437/435
f 417/417/415 439/439/437 438/438/436
f 418/418/416 440/440/438 439/439/437
f 421/421/419 441/441/439 442/442/440
f 420/420/418 443/443/441 441/441/439
f 422/422/420 444/444/442 443/443/441
f 423/423/421 445/445/443 444/444/442
f 424/424/422 446/446/444 445/445/443
f 425/425/423 447/447/445 446/446/444
f 426/426/424 448/448/446 447/447/445
f 427/427/425 449/449/447 448/448/446
f 428/428/426 450/450/448 449/449/447
f 429/429/427 451/451/449 450/450/448
f 430/430/428 452/452/450 451/451/449
f 431/431/429 453/453/451 452/452/450
f 432/432/430 454/454/452 453/453/451
f 433/433/431 455/455/453 454/454/452
f 434/434/432 456/456/454 455/455/453
f 435/435/433 457/457/455 456/456/454
f 436/436/434 458/458/456 457/457/455
f 437/437/435 459/459/457 458/458/456
f 438/438/436 460/460/458 459/459/457
f 439/439/437 461/461/459 460/460/458
f 442/442/440 462/462/460 463/463/461
f 441/441/439 464/464/462 462/462/460
f 443/443/441 465/465/463 464/464/462
f 444/444/442 466/466/464 465/465/463
f 445/445/443 467/467/465 466/466/464
f 446/446/444 468/468/466 467/467/465
f 447/447/445 469/469/467 468/468/466
f 448/448/446 470/470/468 469/469/467
f 449/449/447 471/471/469 470/470/468
f 450/450/448 472/472/470 471/471/469
f 451/451/449 473/473/471 472/472/470
f 452/452/450 474/474/472 473/473/471
f 453/453/451 475/475/473 474/474/472
f 454/454/452 476/476/474 475/475/473
f 455/455/453 477/477/475 476/476/474
f 456/456/454 478/478/476 477/477/475
f 457/457/455 479/479/477 478/478/476
f 458/458/456 480/480/478 479/479/477
f 459/459/457 481/481/479 480/480/478
f 460/460/458 482/482/480 481/481/479
f 463/463/461 483/483/481 484/484/482
f 462/462/460 485/485/483 483/483/481
f 464/464/462 486/486/484 485/485/483
f 465/465/463 487/487/485 486/486/484
f 466/466/464 488/488/486 487/487/485
f 467/467/465 489/489/487 488/488/486
f 468/468/466 490/490/488 489/489/487
f 469/469/467 491/491/489 490/490/488
f 470/470/468 492/492/490 491/491/489
f 471/471/469 493/493/491 492/492/490
f 472/472/470 494/494/492 493/493/491
f 473/473/471 495/495/493 494/494/492
f 474/474/472 496/496/494 495/495/493
f 475/475/473 497/497/495 496/496/494
f 476/476/474 498/498/496 497/497/495
f 477/477/475 499/499/497 498/498/496
f 478/478/476 500/500/498 499/499/497
f 479/479/477 501/501/499 500/500/498
f 480/480/478 502/502/500 501/501/499
f 481/481/479 503/503/501 502/502/500
f 504/504/502 505/505/503 506/506/504
f 507/507/505 508/508/506 504/504/502
f 509/509/507 510/510/508 507/507/505
f 511/511/509 512/512/510 509/509/507
f 513/513/511 514/514/512 511/511/509
f 515/515/513 516/516/514 513/513/511
f 517/517/515 518/518/516 515/515/513
f 519/519/517 520/520/518 517/517/515
f 521/521/519 522/522/520 519/519/517
f 505/505/503 523/523/521 524/524/522
f 508/508/506 525/525/523 523/523/521
f 510/510/508 526/526/524 525/525/523
f 512/512/510 527/527/525 526/526/524
f 516/516/514 527/527/525 514/514/512
f 518/518/516 528/528/526 516/516/514
f 520/520/518 529/529/527 518/518/516
f 522/522/520 530/530/528 520/520/518
f 531/531/529 532/532/530 522/522/520
f 524/524/522 533/533/531 534/534/532
f 523/523/521 535/535/533 533/533/531
f 525/525/523 536/536/534 535/535/533
f 526/526/524 537/537/535 536/536/534
f 528/528/526 537/537/535 527/527/525
f 529/529/527 538/538/536 528/528/526
f 530/530/528 539/539/537 529/529/527
f 532/532/530 540/540/538 530/530/528
f 541/541/539 542/542/540 532/532/530
f 534/534/532 543/543/541 544/544/542
f 533/533/531 545/545/543 543/543/541
f 535/535/533 546/546/544 545/545/543
f 536/536/534 547/547/545 546/546/544
f 537/537/535 548/548/546 547/547/545
f 539/539/537 548/548/546 538/538/536
f 540/540/538 549/549/547 539/539/537
f 542/542/540 550/550/548 540/540/538
f 551/551/549 552/552/550 542/542/540
f 544/544/542 553/553/551 554/554/552
f 543/543/541 555/555/553 553/553/551
f 545/545/543 556/556/554 555/555/553
f 546/546/544 557/557/555 556/556/554
f 547/547/545 558/558/556 557/557/555
f 549/549/547 558/558/556 548/548/546
f 550/550/548 559/559/557 549/549/547
f 552/552/550 560/560/558 550/550/548
f 561/561/559 562/562/560 552/552/550
f 554/554/552 563/563/561 564/564/562
f 553/553/551 565/565/563 563/563/561
f 555/555/553 566/566/564 565/565/563
f 556/556/554 567/567/565 566/566/564
f 557/557/555 568/568/566 567/567/565
f 558/558/556 569/569/567 568/568/566
f 560/560/558 569/569/567 559/559/557
f 562/562/560 570/570/568 560/560/558
f 571/571/569 572/572/570 562/562/560
f 564/564/562 463/463/461 484/484/482
f 563/563/561 442/442/440 463/463/461
f 565/565/563 421/421/419 442/442/440
f 566/566/564 400/400/398 421/421/419
f 567/567/565 379/379/377 400/400/398
f 568/568/566 358/358/356 379/379/377
f 569/569/567 337/337/335 358/358/356
f 572/572/570 337/337/335 570/570/568
f 573/573/571 297/297/295 572/572/570
f 574/574/572 575/575/480 576/576/573
f 576/576/573 577/577/459 578/578/574
f 578/578/574 579/579/438 580/580/575
f 580/580/575 581/581/576 582/582/577
f 581/581/576 583/583/578 582/582/577
f 584/584/396 585/585/579 583/583/578
f 586/586/580 587/587/581 585/585/579
f 588/588/354 589/589/582 587/587/581
f 590/590/333 591/591/583 589/589/582
f 592/592/229 593/593/584 594/594/222
f 595/595/585 596/596/586 593/593/584
f 592/592/229 597/597/587 595/595/585
f 595/595/585 598/598/588 599/599/589
f 600/600/236 601/601/590 597/597/587
f 597/597/587 602/602/591 598/598/588
f 603/603/243 604/604/592 601/601/590
f 601/601/590 605/605/593 602/602/591
f 606/606/250 607/607/594 604/604/592
f 604/604/592 608/608/595 605/605/593
f 609/609/257 610/610/596 607/607/594
f 607/607/594 611/611/597 608/608/595
f 612/612/598 613/613/599 610/610/596
f 610/610/596 614/614/600 611/611/597
f 615/615/271 616/616/601 613/613/599
f 613/613/599 617/617/602 614/614/600
f 618/618/278 619/619/603 616/616/601
f 616/616/601 620/620/604 617/617/602
f 621/621/605 619/619/603 622/622/606
f 623/623/607 620/620/604 619/619/603
f 624/624/608 623/623/607 621/621/605
f 625/625/609 626/626/610 623/623/607
f 627/627/611 625/625/609 624/624/608
f 628/628/612 629/629/613 625/625/609
f 630/630/614 628/628/612 627/627/611
f 631/631/615 632/632/616 628/628/612
f 633/633/617 631/631/615 630/630/614
f 634/634/618 635/635/619 631/631/615
f 636/636/620 634/634/618 633/633/617
f 637/637/621 638/638/622 634/634/618
f 639/639/623 637/637/621 636/636/620
f 640/640/624 641/641/625 637/637/621
f 642/642/626 640/640/624 639/639/623
f 640/640/624 643/643/627 644/644/628
f 642/642/626 645/645/629 646/646/630
f 646/646/630 647/647/631 643/643/627
f 648/648/517 649/649/629 650/650/519
f 649/649/629 651/651/632 652/652/631
f 648/648/517 653/653/633 654/654/634
f 654/654/634 655/655/635 651/651/632
f 656/656/515 657/657/636 653/653/633
f 653/653/633 658/658/637 655/655/635
f 659/659/638 660/660/639 657/657/636
f 657/657/636 661/661/640 658/658/637
f 662/662/641 663/663/642 660/660/639
f 660/660/639 664/664/643 661/661/640
f 665/665/644 666/666/645 663/663/642
f 663/663/642 667/667/646 664/664/643
f 668/668/647 669/669/648 666/666/645
f 669/669/648 667/667/646 666/666/645
f 670/670/505 671/671/649 669/669/648
f 671/671/649 672/672/650 669/669/648
f 673/673/651 674/674/652 671/671/649
f 671/671/649 675/675/653 676/676/654
f 677/677/655 674/674/652 678/678/504
f 679/679/656 675/675/653 674/674/652
f 680/680/657 679/679/656 677/677/655
f 681/681/658 682/682/659 679/679/656
f 683/683/660 681/681/658 680/680/657
f 681/681/658 684/684/661 685/685/662
f 686/686/663 687/687/664 683/683/660
f 688/688/665 684/684/661 687/687/664
f 689/689/666 688/688/665 686/686/663
f 690/690/667 691/691/668 688/688/665
f 692/692/669 690/690/667 689/689/666
f 693/693/670 694/694/671 690/690/667
f 695/695/672 693/693/670 692/692/669
f 696/696/673 697/697/674 693/693/670
f 698/698/675 696/696/673 695/695/672
f 699/699/676 700/700/677 696/696/673
f 698/698/675 701/701/584 699/699/676
f 701/701/584 702/702/678 699/699/676
f 703/703/501 704/704/679 705/705/500
f 706/706/680 707/707/681 704/704/679
f 708/708/682 707/707/681 709/709/683
f 710/710/684 711/711/685 708/708/682
f 712/712/686 713/713/687 710/710/684
f 712/712/686 714/714/688 715/715/689
f 716/716/690 717/717/691 714/714/688
f 718/718/692 719/719/693 717/717/691
f 720/720/694 721/721/332 719/719/693
f 705/705/500 722/722/695 723/723/696
f 704/704/679 724/724/697 722/722/695
f 707/707/681 725/725/698 724/724/697
f 713/713/687 725/725/698 711/711/685
f 713/713/687 726/726/699 727/727/700
f 715/715/689 728/728/701 726/726/699
f 714/714/688 729/729/702 728/728/701
f 717/717/691 730/730/703 729/729/702
f 719/719/693 731/731/330 730/730/703
f 723/723/696 732/732/704 733/733/705
f 722/722/695 734/734/706 732/732/704
f 724/724/697 735/735/707 734/734/706
f 727/727/700 735/735/707 725/725/698
f 726/726/699 736/736/708 727/727/700
f 726/726/699 737/737/709 738/738/710
f 728/728/701 739/739/711 737/737/709
f 729/729/702 740/740/712 739/739/711
f 730/730/703 741/741/713 740/740/712
f 733/733/705 742/742/714 743/743/715
f 732/732/704 744/744/716 742/742/714
f 734/734/706 745/745/717 744/744/716
f 735/735/707 746/746/718 745/745/717
f 738/738/710 746/746/718 736/736/708
f 738/738/710 747/747/719 748/748/720
f 737/737/709 749/749/721 747/747/719
f 739/739/711 750/750/722 749/749/721
f 740/740/712 751/751/723 750/750/722
f 742/742/714 752/752/724 743/743/715
f 742/742/714 753/753/725 754/754/726
f 744/744/716 755/755/727 753/753/725
f 745/745/717 756/756/728 755/755/727
f 748/748/720 756/756/728 746/746/718
f 748/748/720 757/757/729 758/758/730
f 747/747/719 759/759/731 757/757/729
f 749/749/721 760/760/732 759/759/731
f 750/750/722 761/761/324 760/760/732
f 754/754/726 762/762/495 752/752/724
f 754/754/726 763/763/733 764/764/734
f 753/753/725 765/765/735 763/763/733
f 755/755/727 766/766/736 765/765/735
f 756/756/728 767/767/737 766/766/736
f 758/758/730 768/768/738 767/767/737
f 757/757/729 769/769/739 768/768/738
f 759/759/731 770/770/740 769/769/739
f 760/760/732 771/771/322 770/770/740
f 762/762/495 772/772/741 773/773/742
f 764/764/734 774/774/743 772/772/741
f 763/763/733 775/775/744 774/774/743
f 765/765/735 776/776/745 775/775/744
f 766/766/736 777/777/746 776/776/745
f 767/767/737 778/778/747 777/777/746
f 768/768/738 779/779/748 778/778/747
f 769/769/739 780/780/749 779/779/748
f 770/770/740 781/781/750 780/780/749
f 773/773/742 782/782/751 783/783/752
f 772/772/741 784/784/753 782/782/751
f 774/774/743 785/785/754 784/784/753
f 775/775/744 786/786/755 785/785/754
f 776/776/745 787/787/756 786/786/755
f 777/777/746 788/788/757 787/787/756
f 778/778/747 789/789/758 788/788/757
f 779/779/748 790/790/759 789/789/758
f 780/780/749 791/791/760 790/790/759
f 783/783/752 792/792/761 793/793/762
f 782/782/751 794/794/763 792/792/761
f 784/784/753 795/795/764 794/794/763
f 785/785/754 796/796/765 795/795/764
f 786/786/755 797/797/766 796/796/765
f 787/787/756 798/798/767 797/797/766
f 788/788/757 799/799/768 798/798/767
f 789/789/758 800/800/769 799/799/768
f 790/790/759 801/801/770 800/800/769
f 793/793/762 802/802/771 803/803/491
f 792/792/761 804/804/772 802/802/771
f 794/794/763 805/805/773 804/804/772
f 795/795/764 806/806/774 805/805/773
f 796/796/765 807/807/775 806/806/774
f 797/797/766 808/808/776 807/807/775
f 798/798/767 809/809/777 808/808/776
f 799/799/768 810/810/778 809/809/777
f 800/800/769 811/811/314 810/810/778
f 803/803/491 812/812/779 813/813/490
f 802/802/771 814/814/780 812/812/779
f 804/804/772 815/815/781 814/814/780
f 805/805/773 816/816/782 815/815/781
f 806/806/774 817/817/783 816/816/782
f 807/807/775 818/818/784 817/817/783
f 808/808/776 819/819/785 818/818/784
f 809/809/777 820/820/786 819/819/785
f 810/810/778 821/821/312 820/820/786
f 813/813/490 822/822/787 823/823/489
f 812/812/779 824/824/788 822/822/787
f 814/814/780 825/825/789 824/824/788
f 815/815/781 826/826/790 825/825/789
f 816/816/782 827/827/791 826/826/790
f 817/817/783 828/828/792 827/827/791
f 818/818/784 829/829/793 828/828/792
f 819/819/785 830/830/794 829/829/793
f 820/820/786 831/831/795 830/830/794
f 823/823/489 832/832/796 833/833/797
f 822/822/787 834/834/798 832/832/796
f 824/824/788 835/835/799 834/834/798
f 825/825/789 836/836/800 835/835/799
f 826/826/790 837/837/801 836/836/800
f 827/827/791 838/838/802 837/837/801
f 828/828/792 839/839/803 838/838/802
f 829/829/793 840/840/804 839/839/803
f 830/830/794 841/841/308 840/840/804
f 833/833/797 842/842/805 843/843/806
f 832/832/796 844/844/807 842/842/805
f 834/834/798 845/845/808 844/844/807
f 835/835/799 846/846/809 845/845/808
f 836/836/800 847/847/810 846/846/809
f 837/837/801 848/848/811 847/847/810
f 838/838/802 849/849/812 848/848/811
f 839/839/803 850/850/813 849/849/812
f 840/840/804 851/851/306 850/850/813
f 843/843/806 852/852/814 853/853/486
f 842/842/805 854/854/815 852/852/814
f 844/844/807 855/855/816 854/854/815
f 845/845/808 856/856/817 855/855/816
f 846/846/809 857/857/818 856/856/817
f 847/847/810 858/858/819 857/857/818
f 848/848/811 859/859/820 858/858/819
f 849/849/812 860/860/821 859/859/820
f 850/850/813 861/861/822 860/860/821
f 853/853/486 862/862/823 863/863/824
f 852/852/814 864/864/825 862/862/823
f 854/854/815 865/865/826 864/864/825
f 855/855/816 866/866/827 865/865/826
f 856/856/817 867/867/828 866/866/827
f 857/857/818 868/868/829 867/867/828
f 858/858/819 869/869/830 868/868/829
f 859/859/820 870/870/831 869/869/830
f 860/860/821 871/871/302 870/870/831
f 863/863/824 872/872/832 873/873/484
f 862/862/823 874/874/833 872/872/832
f 864/864/825 875/875/834 874/874/833
f 865/865/826 876/876/835 875/875/834
f 866/866/827 877/877/836 876/876/835
f 867/867/828 878/878/837 877/877/836
f 868/868/829 879/879/838 878/878/837
f 869/869/830 880/880/839 879/879/838
f 870/870/831 881/881/840 880/880/839
f 873/873/484 882/882/841 883/883/483
f 872/872/832 884/884/842 882/882/841
f 874/874/833 885/885/843 884/884/842
f 875/875/834 886/886/844 885/885/843
f 876/876/835 887/887/845 886/886/844
f 877/877/836 888/888/846 887/887/845
f 878/878/837 889/889/847 888/888/846
f 879/879/838 890/890/848 889/889/847
f 880/880/839 891/891/298 890/890/848
f 883/883/483 892/892/849 893/893/850
f 882/882/841 894/894/851 892/892/849
f 884/884/842 895/895/852 894/894/851
f 885/885/843 896/896/853 895/895/852
f 886/886/844 897/897/854 896/896/853
f 887/887/845 898/898/855 897/897/854
f 888/888/846 899/899/856 898/898/855
f 889/889/847 900/900/857 899/899/856
f 890/890/848 901/901/858 900/900/857
f 893/893/850 902/902/859 903/903/860
f 892/892/849 904/904/861 902/902/859
f 894/894/851 905/905/862 904/904/861
f 895/895/852 906/906/863 905/905/862
f 896/896/853 907/907/864 906/906/863
f 897/897/854 908/908/865 907/907/864
f 898/898/855 909/909/866 908/908/865
f 899/899/856 910/910/867 909/909/866
f 900/900/857 911/911/293 910/910/867
f 912/912/868 910/910/867 911/911/293
f 913/913/869 914/914/870 912/912/868
f 915/915/871 916/916/872 913/913/869
f 917/917/873 918/918/874 915/915/871
f 919/919/875 920/920/876 917/917/873
f 921/921/877 922/922/878 919/919/875
f 923/923/519 924/924/879 921/921/877
f 914/914/870 909/909/866 910/910/867
f 916/916/872 925/925/880 914/914/870
f 918/918/874 926/926/881 916/916/872
f 920/920/876 927/927/882 918/918/874
f 922/922/878 928/928/883 920/920/876
f 924/924/879 929/929/884 922/922/878
f 930/930/626 931/931/885 924/924/879
f 909/909/866 932/932/886 908/908/865
f 925/925/880 933/933/887 932/932/886
f 926/926/881 934/934/888 933/933/887
f 928/928/883 934/934/888 927/927/882
f 929/929/884 935/935/889 928/928/883
f 931/931/885 936/936/890 929/929/884
f 937/937/623 938/938/891 931/931/885
f 908/908/865 939/939/892 907/907/864
f 932/932/886 940/940/893 939/939/892
f 933/933/887 941/941/894 940/940/893
f 934/934/888 942/942/895 941/941/894
f 936/936/890 942/942/895 935/935/889
f 938/938/891 943/943/896 936/936/890
f 944/944/620 945/945/897 938/938/891
f 907/907/864 946/946/898 906/906/863
f 939/939/892 947/947/899 946/946/898
f 940/940/893 948/948/900 947/947/899
f 941/941/894 949/949/901 948/948/900
f 942/942/895 950/950/902 949/949/901
f 945/945/897 950/950/902 943/943/896
f 951/951/617 952/952/903 945/945/897
f 906/906/863 953/953/904 905/905/862
f 946/946/898 954/954/905 953/953/904
f 947/947/899 955/955/906 954/954/905
f 948/948/900 956/956/907 955/955/906
f 949/949/901 957/957/908 956/956/907
f 950/950/902 958/958/909 957/957/908
f 959/959/614 958/958/909 952/952/903
f 905/905/862 960/960/910 904/904/861
f 953/953/904 961/961/911 960/960/910
f 954/954/905 962/962/912 961/961/911
f 955/955/906 963/963/913 962/962/912
f 956/956/907 964/964/914 963/963/913
f 957/957/908 965/965/915 964/964/914
f 966/966/611 965/965/915 958/958/909
f 904/904/861 967/967/916 902/902/859
f 960/960/910 968/968/917 967/967/916
f 961/961/911 969/969/918 968/968/917
f 962/962/912 970/970/919 969/969/918
f 963/963/913 971/971/920 970/970/919
f 964/964/914 972/972/921 971/971/920
f 973/973/922 972/972/921 965/965/915
f 902/902/859 974/974/923 903/903/860
f 967/967/916 975/975/924 974/974/923
f 968/968/917 976/976/925 975/975/924
f 969/969/918 977/977/275 976/976/925
f 970/970/919 978/978/926 977/977/275
f 971/971/920 979/979/277 978/978/926
f 980/980/605 979/979/277 972/972/921
f 981/981/927 982/982/928 983/983/501
f 984/984/929 982/982/928 985/985/930
f 986/986/931 987/987/932 984/984/929
f 988/988/933 989/989/682 986/986/931
f 990/990/934 991/991/935 988/988/933
f 990/990/934 992/992/690 993/993/686
f 994/994/936 995/995/937 992/992/690
f 996/996/938 997/997/694 995/995/937
f 998/998/939 997/997/694 999/999/940
f 1000/1000/941 1001/1001/942 1002/1002/943
f 1002/1002/943 1003/1003/944 1004/1004/945
f 1004/1004/945 1005/1005/946 1006/1006/947
f 1006/1006/947 1007/1007/948 1008/1008/949
f 1008/1008/949 1009/1009/950 1010/1010/951
f 1010/1010/951 1011/1011/952 1012/1012/149
f 1012/1012/149 1013/1013/953 1014/1014/954
f 1014/1014/954 1015/1015/955 1016/1016/956
f 1016/1016/956 1017/1017/957 1018/1018/958
f 1018/1018/958 1019/1019/959 1020/1020/109
f 1020/1020/109 1021/1021/960 1022/1022/961
f 1022/1022/961 1023/1023/962 1024/1024/963
f 1024/1024/963 1025/1025/964 1026/1026/79
f 1026/1026/79 1027/1027/965 1028/1028/69
f 1028/1028/69 1029/1029/966 1030/1030/967
f 1030/1030/967 1031/1031/968 1032/1032/49
f 1032/1032/49 1033/1033/969 1034/1034/970
f 1034/1034/970 1035/1035/971 1036/1036/28
f 1036/1036/28 1037/1037/972 1038/1038/973
f 1038/1038/973 1039/1039/974 1040/1040/975
f 1041/1041/976 1042/1042/977 1001/1001/942
f 1001/1001/942 1043/1043/978 1003/1003/944
f 1003/1003/944 1044/1044/979 1005/1005/946
f 1005/1005/946 1045/1045/980 1007/1007/948
f 1007/1007/948 1046/1046/981 1009/1009/950
f 1009/1009/950 1047/1047/982 1011/1011/952
f 1011/1011/952 1048/1048/983 1013/1013/953
f 1013/1013/953 1049/1049/984 1015/1015/955
f 1015/1015/955 1050/1050/985 1017/1017/957
f 1017/1017/957 1051/1051/986 1019/1019/959
f 1019/1019/959 1052/1052/987 1021/1021/960
f 1021/1021/960 1053/1053/988 1023/1023/962
f 1023/1023/962 1054/1054/989 1025/1025/964
f 1025/1025/964 1055/1055/990 1027/1027/965
f 1027/1027/965 1056/1056/991 1029/1029/966
f 1029/1029/966 1057/1057/992 1031/1031/968
f 1031/1031/968 1058/1058/993 1033/1033/969
f 1033/1033/969 1059/1059/994 1035/1035/971
f 1035/1035/971 1060/1060/995 1037/1037/972
f 1037/1037/972 1061/1061/996 1039/1039/974
f 1062/1062/997 1063/1063/998 1042/1042/977
f 1042/1042/977 1064/1064/999 1043/1043/978
f 1043/1043/978 1065/1065/1000 1044/1044/979
f 1044/1044/979 1066/1066/1001 1045/1045/980
f 1045/1045/980 1067/1067/1002 1046/1046/981
f 1046/1046/981 1068/1068/1003 1047/1047/982
f 1047/1047/982 1069/1069/1004 1048/1048/983
f 1048/1048/983 1070/1070/1005 1049/1049/984
f 1049/1049/984 1071/1071/1006 1050/1050/985
f 1050/1050/985 1072/1072/1007 1051/1051/986
f 1051/1051/986 1073/1073/1008 1052/1052/987
f 1052/1052/987 1074/1074/1009 1053/1053/988
f 1053/1053/988 1075/1075/1010 1054/1054/989
f 1054/1054/989 1076/1076/1011 1055/1055/990
f 1055/1055/990 1077/1077/1012 1056/1056/991
f 1056/1056/991 1078/1078/1013 1057/1057/992
f 1057/1057/992 1079/1079/1014 1058/1058/993
f 1058/1058/993 1080/1080/1015 1059/1059/994
f 1059/1059/994 1081/1081/1016 1060/1060/995
f 1060/1060/995 1082/1082/1017 1061/1061/996
f 1083/1083/1018 1084/1084/1019 1063/1063/998
f 1063/1063/998 1085/1085/1020 1064/1064/999
f 1064/1064/999 1086/1086/1021 1065/1065/1000
f 1065/1065/1000 1087/1087/1022 1066/1066/1001
f 1087/1087/1022 1067/1067/1002 1066/1066/1001
f 1067/1067/1002 1088/1088/1023 1068/1068/1003
f 1068/1068/1003 1089/1089/1024 1069/1069/1004
f 1069/1069/1004 1090/1090/1025 1070/1070/1005
f 1070/1070/1005 1091/1091/1026 1071/1071/1006
f 1071/1071/1006 1092/1092/1027 1072/1072/1007
f 1072/1072/1007 1093/1093/1028 1073/1073/1008
f 1073/1073/1008 1094/1094/1029 1074/1074/1009
f 1074/1074/1009 1095/1095/1030 1075/1075/1010
f 1075/1075/1010 1096/1096/1031 1076/1076/1011
f 1076/1076/1011 1097/1097/1032 1077/1077/1012
f 1077/1077/1012 1098/1098/1033 1078/1078/1013
f 1078/1078/1013 1099/1099/1034 1079/1079/1014
f 1079/1079/1014 1100/1100/1035 1080/1080/1015
f 1080/1080/1015 1101/1101/1036 1081/1081/1016
f 1081/1081/1016 1102/1102/1037 1082/1082/1017
f 1103/1103/1038 1104/1104/1039 1084/1084/1019
f 1084/1084/1019 1105/1105/1040 1085/1085/1020
f 1085/1085/1020 1106/1106/1041 1086/1086/1021
f 1086/1086/1021 1107/1107/1042 1087/1087/1022
f 1087/1087/1022 1108/1108/1043 1109/1109/1044
f 1109/1109/1044 1110/1110/1045 1088/1088/1023
f 1088/1088/1023 1111/1111/1046 1089/1089/1024
f 1089/1089/1024 1112/1112/1047 1090/1090/1025
f 1090/1090/1025 1113/1113/1048 1091/1091/1026
f 1091/1091/1026 1114/1114/1049 1092/1092/1027
f 1092/1092/1027 1115/1115/1050 1093/1093/1028
f 1093/1093/1028 1116/1116/1051 1094/1094/1029
f 1094/1094/1029 1117/1117/1052 1095/1095/1030
f 1095/1095/1030 1118/1118/1053 1096/1096/1031
f 1096/1096/1031 1119/1119/1054 1097/1097/1032
f 1097/1097/1032 1120/1120/1055 1098/1098/1033
f 1098/1098/1033 1121/1121/1056 1099/1099/1034
f 1099/1099/1034 1122/1122/1057 1100/1100/1035
f 1100/1100/1035 1123/1123/1058 1101/1101/1036
f 1101/1101/1036 1124/1124/1059 1102/1102/1037
f 1125/1125/1060 1126/1126/1061 1104/1104/1039
f 1104/1104/1039 1127/1127/1062 1105/1105/1040
f 1105/1105/1040 1128/1128/1063 1106/1106/1041
f 1106/1106/1041 1129/1129/1064 1107/1107/1042
f 1107/1107/1042 1130/1130/1065 1108/1108/1043
f 1108/1108/1043 1131/1131/1066 1110/1110/1045
f 1110/1110/1045 1132/1132/1067 1111/1111/1046
f 1111/1111/1046 1133/1133/1068 1112/1112/1047
f 1112/1112/1047 1134/1134/1069 1113/1113/1048
f 1113/1113/1048 1135/1135/1070 1114/1114/1049
f 1114/1114/1049 1136/1136/1071 1115/1115/1050
f 1115/1115/1050 1137/1137/1072 1116/1116/1051
f 1116/1116/1051 1138/1138/1073 1117/1117/1052
f 1117/1117/1052 1139/1139/1074 1118/1118/1053
f 1118/1118/1053 1140/1140/1075 1119/1119/1054
f 1119/1119/1054 1141/1141/1076 1120/1120/1055
f 1120/1120/1055 1142/1142/1077 1121/1121/1056
f 1121/1121/1056 1143/1143/1078 1122/1122/1057
f 1122/1122/1057 1144/1144/1079 1123/1123/1058
f 1123/1123/1058 1145/1145/1080 1124/1124/1059
f 1146/1146/1081 1147/1147/1082 1126/1126/1061
f 1126/1126/1061 1148/1148/1083 1127/1127/1062
f 1127/1127/1062 1149/1149/1084 1128/1128/1063
f 1128/1128/1063 1150/1150/1085 1129/1129/1064
f 1129/1129/1064 1151/1151/1086 1130/1130/1065
f 1130/1130/1065 1152/1152/1087 1131/1131/1066
f 1131/1131/1066 1153/1153/1088 1132/1132/1067
f 1132/1132/1067 1154/1154/1089 1133/1133/1068
f 1133/1133/1068 1155/1155/1090 1134/1134/1069
f 1134/1134/1069 1156/1156/1091 1135/1135/1070
f 1135/1135/1070 1157/1157/1092 1136/1136/1071
f 1136/1136/1071 1158/1158/1093 1137/1137/1072
f 1137/1137/1072 1159/1159/1094 1138/1138/1073
f 1138/1138/1073 1160/1160/1095 1139/1139/1074
f 1139/1139/1074 1161/1161/1096 1140/1140/1075
f 1140/1140/1075 1162/1162/1097 1141/1141/1076
f 1141/1141/1076 1163/1163/1098 1142/1142/1077
f 1142/1142/1077 1164/1164/1099 1143/1143/1078
f 1143/1143/1078 1165/1165/1100 1144/1144/1079
f 1144/1144/1079 1166/1166/1101 1145/1145/1080
f 1167/1167/1102 1168/1168/1103 1147/1147/1082
f 1147/1147/1082 1169/1169/1104 1148/1148/1083
f 1148/1148/1083 1170/1170/1105 1149/1149/1084
f 1149/1149/1084 1171/1171/1106 1150/1150/1085
f 1150/1150/1085 1172/1172/1107 1151/1151/1086
f 1151/1151/1086 1173/1173/1108 1152/1152/1087
f 1152/1152/1087 1174/1174/1109 1153/1153/1088
f 1153/1153/1088 1175/1175/1110 1154/1154/1089
f 1154/1154/1089 1176/1176/1111 1155/1155/1090
f 1155/1155/1090 1177/1177/1112 1156/1156/1091
f 1156/1156/1091 1178/1178/1113 1157/1157/1092
f 1157/1157/1092 1179/1179/1114 1158/1158/1093
f 1158/1158/1093 1180/1180/1115 1159/1159/1094
f 1159/1159/1094 1181/1181/1116 1160/1160/1095
f 1160/1160/1095 1182/1182/1117 1161/1161/1096
f 1161/1161/1096 1183/1183/1118 1162/1162/1097
f 1162/1162/1097 1184/1184/1119 1163/1163/1098
f 1163/1163/1098 1185/1185/1120 1164/1164/1099
f 1164/1164/1099 1186/1186/1121 1165/1165/1100
f 1165/1165/1100 1187/1187/1122 1166/1166/1101
f 1188/1188/1123 1189/1189/1124 1168/1168/1103
f 1168/1168/1103 1190/1190/1125 1169/1169/1104
f 1169/1169/1104 1191/1191/1126 1170/1170/1105
f 1170/1170/1105 1192/1192/170 1171/1171/1106
f 1171/1171/1106 1193/1193/1127 1172/1172/1107
f 1172/1172/1107 1194/1194/1128 1173/1173/1108
f 1173/1173/1108 1195/1195/1129 1174/1174/1109
f 1174/1174/1109 1196/1196/130 1175/1175/1110
f 1175/1175/1110 1197/1197/120 1176/1176/1111
f 1176/1176/1111 1198/1198/110 1177/1177/1112
f 1177/1177/1112 1199/1199/1130 1178/1178/1113
f 1178/1178/1113 1200/1200/1131 1179/1179/1114
f 1179/1179/1114 1201/1201/1132 1180/1180/1115
f 1180/1180/1115 1202/1202/1133 1181/1181/1116
f 1181/1181/1116 1203/1203/1134 1182/1182/1117
f 1182/1182/1117 1204/1204/50 1183/1183/1118
f 1183/1183/1118 1205/1205/39 1184/1184/1119
f 1184/1184/1119 1206/1206/1135 1185/1185/1120
f 1185/1185/1120 1207/1207/1136 1186/1186/1121
f 1186/1186/1121 1208/1208/1137 1187/1187/1122
f 1209/1209/503 1210/1210/655 1211/1211/1138
f 1212/1212/1139 1213/1213/657 1210/1210/655
f 1214/1214/1140 1215/1215/660 1213/1213/657
f 1216/1216/1141 1217/1217/663 1215/1215/660
f 1218/1218/1142 1219/1219/666 1217/1217/663
f 1220/1220/1143 1221/1221/669 1219/1219/666
f 1222/1222/1144 1223/1223/672 1221/1221/669
f 1224/1224/1145 1225/1225/675 1223/1223/672
f 1226/1226/1146 1227/1227/222 1225/1225/675
f 1209/1209/503 1228/1228/1147 1212/1212/1139
f 1212/1212/1139 1229/1229/1148 1214/1214/1140
f 1214/1214/1140 1230/1230/1149 1216/1216/1141
f 1216/1216/1141 1231/1231/1150 1218/1218/1142
f 1231/1231/1150 1220/1220/1143 1218/1218/1142
f 1232/1232/1151 1222/1222/1144 1220/1220/1143
f 1233/1233/1152 1224/1224/1145 1222/1222/1144
f 1234/1234/1153 1226/1226/1146 1224/1224/1145
f 1235/1235/1154 1236/1236/1155 1226/1226/1146
f 1237/1237/1156 1238/1238/1157 1228/1228/1147
f 1228/1228/1147 1239/1239/1158 1229/1229/1148
f 1229/1229/1148 1240/1240/1159 1230/1230/1149
f 1230/1230/1149 1241/1241/1160 1231/1231/1150
f 1241/1241/1160 1232/1232/1151 1231/1231/1150
f 1242/1242/1161 1233/1233/1152 1232/1232/1151
f 1243/1243/1162 1234/1234/1153 1233/1233/1152
f 1244/1244/1163 1235/1235/1154 1234/1234/1153
f 1245/1245/1164 1246/1246/1165 1235/1235/1154
f 1247/1247/1166 1248/1248/1167 1238/1238/1157
f 1238/1238/1157 1249/1249/1168 1239/1239/1158
f 1239/1239/1158 1250/1250/1169 1240/1240/1159
f 1240/1240/1159 1251/1251/1170 1241/1241/1160
f 1241/1241/1160 1252/1252/1171 1242/1242/1161
f 1252/1252/1171 1243/1243/1162 1242/1242/1161
f 1253/1253/1172 1244/1244/1163 1243/1243/1162
f 1254/1254/1173 1245/1245/1164 1244/1244/1163
f 1255/1255/1174 1256/1256/1175 1245/1245/1164
f 1257/1257/1176 1258/1258/1177 1248/1248/1167
f 1248/1248/1167 1259/1259/1178 1249/1249/1168
f 1249/1249/1168 1260/1260/1179 1250/1250/1169
f 1250/1250/1169 1261/1261/1180 1251/1251/1170
f 1251/1251/1170 1262/1262/1181 1252/1252/1171
f 1262/1262/1181 1253/1253/1172 1252/1252/1171
f 1263/1263/1182 1254/1254/1173 1253/1253/1172
f 1264/1264/1183 1255/1255/1174 1254/1254/1173
f 1265/1265/1184 1266/1266/1185 1255/1255/1174
f 1267/1267/1186 1268/1268/1187 1258/1258/1177
f 1258/1258/1177 1269/1269/1188 1259/1259/1178
f 1259/1259/1178 1270/1270/1189 1260/1260/1179
f 1260/1260/1179 1271/1271/1190 1261/1261/1180
f 1261/1261/1180 1272/1272/1191 1262/1262/1181
f 1262/1262/1181 1273/1273/1192 1263/1263/1182
f 1273/1273/1192 1264/1264/1183 1263/1263/1182
f 1274/1274/1193 1265/1265/1184 1264/1264/1183
f 1275/1275/1194 1276/1276/1195 1265/1265/1184
f 1277/1277/1196 1188/1188/1123 1268/1268/1187
f 1268/1268/1187 1167/1167/1102 1269/1269/1188
f 1269/1269/1188 1146/1146/1081 1270/1270/1189
f 1270/1270/1189 1125/1125/1060 1271/1271/1190
f 1271/1271/1190 1103/1103/1038 1272/1272/1191
f 1272/1272/1191 1083/1083/1018 1273/1273/1192
f 1273/1273/1192 1062/1062/997 1274/1274/1193
f 1062/1062/997 1275/1275/1194 1274/1274/1193
f 1041/1041/976 1278/1278/1197 1275/1275/1194
f 1279/1279/1198 1280/1280/1122 1281/1281/1137
f 1282/1282/1199 1283/1283/1200 1280/1280/1122
f 1284/1284/1201 1285/1285/1080 1283/1283/1200
f 1286/1286/1202 1287/1287/1059 1285/1285/1080
f 1288/1288/1203 1287/1287/1059 1289/1289/1204
f 1290/1290/1205 1291/1291/1037 1288/1288/1203
f 1292/1292/1206 1293/1293/1207 1290/1290/1205
f 1294/1294/1208 1295/1295/1209 1292/1292/1206
f 1296/1296/1210 1297/1297/1211 1294/1294/1208
f 1298/1298/1212 1299/1299/1213 1300/1300/1214
f 1301/1301/1215 1302/1302/1216 1303/1303/1217
f 1304/1304/1218 1305/1305/1219 1306/1306/650
f 1307/1307/674 1308/1308/1220 1309/1309/1221
f 1310/1310/1222 1311/1311/1223 1312/1312/1224
f 1313/1313/1225 1314/1314/1226 1315/1315/1227
f 1316/1316/1228 1317/1317/1229 1318/1318/1230
f 1319/1319/1231 1320/1320/1232 1321/1321/1233
f 1322/1322/1234 1323/1323/1235 1324/1324/1236
f 1325/1325/1237 1326/1326/1238 1299/1299/1213
f 1327/1327/1239 1328/1328/1240 1329/1329/1241
f 1330/1330/1242 1331/1331/1243 1314/1314/1226
f 1332/1332/1244 1302/1302/1216 1333/1333/1245
f 1334/1334/653 1335/1335/1246 1304/1304/1218
f 1336/1336/1247 1308/1308/1220 1337/1337/1248
f 1338/1338/1249 1339/1339/1250 1319/1319/1231
f 1340/1340/646 1341/1341/1251 1310/1310/1222
f 1342/1342/1252 1343/1343/1253 1317/1317/1229
f 1344/1344/628 1345/1345/1254 1326/1326/1238
f 1334/1334/653 1346/1346/1255 1347/1347/1256
f 1322/1322/1234 1348/1348/1257 1349/1349/1258
f 1350/1350/668 1351/1351/1259 1331/1331/1243
f 1352/1352/1260 1353/1353/1261 1338/1338/1249
f 1354/1354/1262 1355/1355/1263 1345/1345/1254
f 1356/1356/1264 1357/1357/1265 1327/1327/1239
f 1358/1358/1266 1300/1300/1214 1343/1343/1253
f 1312/1312/1224 1359/1359/1267 1332/1332/1244
f 1360/1360/1268 1315/1315/1227 1346/1346/1255
f 1361/1361/1269 1318/1318/1230 1348/1348/1257
f 1362/1362/1270 1303/1303/1217 1355/1355/1263
f 1321/1321/1233 1363/1363/1271 1364/1364/1272
f 1306/1306/650 1365/1365/1273 1340/1340/646
f 1366/1366/1274 1309/1309/1221 1351/1351/1259
f 1324/1324/1236 1367/1367/1275 1356/1356/1264
f 1329/1329/1241 1368/1368/1276 1352/1352/1260
f 1364/1364/1272 1369/1369/1277 1336/1336/1247
f 1349/1349/1258 1370/1370/1278 1371/1371/1279
f 1305/1305/1219 1372/1372/1280 1365/1365/1273
f 1348/1348/1257 1373/1373/1281 1370/1370/1278
f 1335/1335/1246 1374/1374/1282 1305/1305/1219
f 1318/1318/1230 1375/1375/1283 1373/1373/1281
f 1347/1347/1256 1376/1376/1284 1335/1335/1246
f 1317/1317/1229 1377/1377/1285 1375/1375/1283
f 1347/1347/1256 1378/1378/1286 1379/1379/1287
f 1343/1343/1253 1380/1380/1288 1377/1377/1285
f 1320/1320/1232 1381/1381/1289 1363/1363/1271
f 1346/1346/1255 1382/1382/1290 1378/1378/1286
f 1300/1300/1214 1383/1383/1291 1380/1380/1288
f 1339/1339/1250 1384/1384/1292 1320/1320/1232
f 1315/1315/1227 1385/1385/1293 1382/1382/1290
f 1299/1299/1213 1386/1386/1294 1383/1383/1291
f 1353/1353/1261 1387/1387/1295 1339/1339/1250
f 1314/1314/1226 1388/1388/1296 1385/1385/1293
f 1326/1326/1238 1389/1389/1297 1386/1386/1294
f 1368/1368/1276 1390/1390/1298 1353/1353/1261
f 1331/1331/1243 1391/1391/1299 1388/1388/1296
f 1355/1355/1263 1392/1392/1300 1393/1393/1301
f 1328/1328/1240 1394/1394/1302 1368/1368/1276
f 1351/1351/1259 1395/1395/1303 1391/1391/1299
f 1303/1303/1217 1396/1396/1304 1392/1392/1300
f 1357/1357/1265 1397/1397/1305 1328/1328/1240
f 1309/1309/1221 1398/1398/1306 1395/1395/1303
f 1359/1359/1267 1396/1396/1304 1302/1302/1216
f 1367/1367/1275 1399/1399/1307 1357/1357/1265
f 1369/1369/1277 1398/1398/1306 1308/1308/1220
f 1311/1311/1223 1400/1400/1308 1359/1359/1267
f 1323/1323/1235 1401/1401/1309 1367/1367/1275
f 1355/1355/1263 1389/1389/1297 1345/1345/1254
f 1341/1341/1251 1402/1402/1310 1311/1311/1223
f 1349/1349/1258 1403/1403/1311 1323/1323/1235
f 1363/1363/1271 1404/1404/1312 1369/1369/1277
f 1365/1365/1273 1405/1405/1313 1341/1341/1251
f 1394/1394/1302 1397/1397/1305 1406/1406/1314
f 1391/1391/1299 1395/1395/1303 1406/1406/1314
f 1392/1392/1300 1396/1396/1304 1406/1406/1314
f 1397/1397/1305 1399/1399/1307 1406/1406/1314
f 1395/1395/1303 1398/1398/1306 1406/1406/1314
f 1396/1396/1304 1400/1400/1308 1406/1406/1314
f 1399/1399/1307 1401/1401/1309 1406/1406/1314
f 1398/1398/1306 1404/1404/1312 1406/1406/1314
f 1400/1400/1308 1402/1402/1310 1406/1406/1314
f 1401/1401/1309 1403/1403/1311 1406/1406/1314
f 1389/1389/1297 1393/1393/1301 1406/1406/1314
f 1402/1402/1310 1405/1405/1313 1406/1406/1314
f 1403/1403/1311 1371/1371/1279 1406/1406/1314
f 1404/1404/1312 1381/1381/1289 1406/1406/1314
f 1405/1405/1313 1372/1372/1280 1406/1406/1314
f 1371/1371/1279 1370/1370/1278 1406/1406/1314
f 1372/1372/1280 1374/1374/1282 1406/1406/1314
f 1370/1370/1278 1373/1373/1281 1406/1406/1314
f 1374/1374/1282 1376/1376/1284 1406/1406/1314
f 1373/1373/1281 1375/1375/1283 1406/1406/1314
f 1376/1376/1284 1379/1379/1287 1406/1406/1314
f 1375/1375/1283 1377/1377/1285 1406/1406/1314
f 1379/1379/1287 1378/1378/1286 1406/1406/1314
f 1377/1377/1285 1380/1380/1288 1406/1406/1314
f 1381/1381/1289 1384/1384/1292 1406/1406/1314
f 1378/1378/1286 1382/1382/1290 1406/1406/1314
f 1380/1380/1288 1383/1383/1291 1406/1406/1314
f 1384/1384/1292 1387/1387/1295 1406/1406/1314
f 1382/1382/1290 1385/1385/1293 1406/1406/1314
f 1383/1383/1291 1386/1386/1294 1406/1406/1314
f 1387/1387/1295 1390/1390/1298 1406/1406/1314
f 1385/1385/1293 1388/1388/1296 1406/1406/1314
f 1386/1386/1294 1389/1389/1297 1406/1406/1314
f 1390/1390/1298 1394/1394/1302 1406/1406/1314
f 1388/1388/1296 1391/1391/1299 1406/1406/1314
f 1393/1393/1301 1392/1392/1300 1406/1406/1314
f 1407/1407/1315 1408/1408/1316 1409/1409/1317
f 1410/1410/1318 1411/1411/1319 1412/1412/1320
f 1413/1413/1321 1414/1414/1322 1415/1415/1323
f 1416/1416/1324 1417/1417/1325 1414/1414/1322
f 1418/1418/1326 1419/1419/1327 1407/1407/1315
f 1420/1420/1328 1421/1421/1329 1422/1422/1330
f 1423/1423/1331 1424/1424/1332 1418/1418/1326
f 1413/1413/1321 1425/1425/1333 1426/1426/1334
f 1427/1427/1335 1412/1412/1320 1428/1428/1336
f 1429/1429/1337 1430/1430/1338 1417/1417/1325
f 1426/1426/1334 1431/1431/1339 1432/1432/1340
f 1433/1433/1341 1428/1428/1336 1434/1434/1342
f 1435/1435/1343 1436/1436/1344 1430/1430/1338
f 1437/1437/1345 1421/1421/1329 1438/1438/1346
f 1439/1439/1347 1438/1438/1346 1411/1411/1319
f 1432/1432/1340 1440/1440/1348 1420/1420/1328
f 1423/1423/1331 1434/1434/1342 1441/1441/1349
f 1409/1409/1317 1436/1436/1344 1442/1442/1350
f 1443/1443/1351 1444/1444/1352 1445/1445/1353
f 1446/1446/1354 1447/1447/1355 1448/1448/1356
f 1449/1449/1357 1450/1450/1358 1451/1451/1359
f 1452/1452/1360 1448/1448/1356 1453/1453/1361
f 1454/1454/1362 1455/1455/1363 1447/1447/1355
f 1456/1456/1364 1457/1457/1365 1455/1455/1363
f 1458/1458/1366 1459/1459/1367 1460/1460/1368
f 1461/1461/1369 1462/1462/1370 1457/1457/1365
f 1463/1463/1371 1459/1459/1367 1464/1464/1372
f 1443/1443/1351 1465/1465/1373 1449/1449/1357
f 1452/1452/1360 1466/1466/1374 1467/1467/1375
f 1468/1468/1376 1464/1464/1372 1469/1469/1377
f 1467/1467/1375 1470/1470/1378 1471/1471/1379
f 1472/1472/1380 1462/1462/1370 1473/1473/1381
f 1474/1474/1382 1469/1469/1377 1475/1475/1383
f 1451/1451/1359 1476/1476/1384 1472/1472/1380
f 1477/1477/1385 1475/1475/1383 1444/1444/1352
f 1471/1471/1379 1478/1478/1386 1458/1458/1366
f 1457/1457/1365 1479/1479/1387 1480/1480/1388
f 1470/1470/1378 1481/1481/1389 1478/1478/1386
f 1445/1445/1353 1482/1482/1390 1483/1483/1391
f 1455/1455/1363 1480/1480/1388 1484/1484/1392
f 1466/1466/1374 1485/1485/1393 1470/1470/1378
f 1448/1448/1356 1486/1486/1394 1453/1453/1361
f 1447/1447/1355 1484/1484/1392 1487/1487/1395
f 1453/1453/1361 1488/1488/1396 1466/1466/1374
f 1444/1444/1352 1489/1489/1397 1482/1482/1390
f 1447/1447/1355 1490/1490/1398 1448/1448/1356
f 1465/1465/1373 1483/1483/1391 1491/1491/1399
f 1475/1475/1383 1492/1492/1400 1489/1489/1397
f 1450/1450/1358 1491/1491/1399 1493/1493/1401
f 1469/1469/1377 1494/1494/1402 1492/1492/1400
f 1476/1476/1384 1493/1493/1401 1495/1495/1403
f 1464/1464/1372 1496/1496/1404 1494/1494/1402
f 1476/1476/1384 1479/1479/1387 1462/1462/1370
f 1478/1478/1386 1496/1496/1404 1459/1459/1367
f 1434/1434/1342 1497/1497/1405 1441/1441/1349
f 1408/1408/1316 1498/1498/1406 1436/1436/1344
f 1431/1431/1339 1499/1499/1407 1440/1440/1348
f 1415/1415/1323 1500/1500/1408 1501/1501/1409
f 1430/1430/1338 1498/1498/1406 1502/1502/1410
f 1425/1425/1333 1503/1503/1411 1431/1431/1339
f 1428/1428/1336 1504/1504/1412 1434/1434/1342
f 1417/1417/1325 1502/1502/1410 1505/1505/1413
f 1425/1425/1333 1501/1501/1409 1506/1506/1414
f 1412/1412/1320 1507/1507/1415 1428/1428/1336
f 1414/1414/1322 1505/1505/1413 1500/1500/1408
f 1411/1411/1319 1508/1508/1416 1412/1412/1320
f 1441/1441/1349 1509/1509/1417 1424/1424/1332
f 1438/1438/1346 1510/1510/1418 1411/1411/1319
f 1424/1424/1332 1511/1511/1419 1419/1419/1327
f 1438/1438/1346 1512/1512/1420 1513/1513/1421
f 1419/1419/1327 1514/1514/1422 1408/1408/1316
f 1421/1421/1329 1499/1499/1407 1512/1512/1420
f 1502/1502/1410 1498/1498/1406 1515/1515/1423
f 1499/1499/1407 1503/1503/1411 1515/1515/1423
f 1507/1507/1415 1508/1508/1416 1515/1515/1423
f 1505/1505/1413 1502/1502/1410 1515/1515/1423
f 1503/1503/1411 1506/1506/1414 1515/1515/1423
f 1508/1508/1416 1510/1510/1418 1515/1515/1423
f 1500/1500/1408 1505/1505/1413 1515/1515/1423
f 1506/1506/1414 1501/1501/1409 1515/1515/1423
f 1510/1510/1418 1513/1513/1421 1515/1515/1423
f 1509/1509/1417 1497/1497/1405 1515/1515/1423
f 1513/1513/1421 1512/1512/1420 1515/1515/1423
f 1511/1511/1419 1509/1509/1417 1515/1515/1423
f 1497/1497/1405 1504/1504/1412 1515/1515/1423
f 1514/1514/1422 1511/1511/1419 1515/1515/1423
f 1501/1501/1409 1500/1500/1408 1515/1515/1423
f 1498/1498/1406 1514/1514/1422 1515/1515/1423
f 1512/1512/1420 1499/1499/1407 1515/1515/1423
f 1504/1504/1412 1507/1507/1415 1515/1515/1423
f 1487/1487/1395 1484/1484/1392 1516/1516/1424
f 1488/1488/1396 1486/1486/1394 1516/1516/1424
f 1482/1482/1390 1489/1489/1397 1516/1516/1424
f 1490/1490/1398 1487/1487/1395 1516/1516/1424
f 1491/1491/1399 1483/1483/1391 1516/1516/1424
f 1489/1489/1397 1492/1492/1400 1516/1516/1424
f 1493/1493/1401 1491/1491/1399 1516/1516/1424
f 1492/1492/1400 1494/1494/1402 1516/1516/1424
f 1495/1495/1403 1493/1493/1401 1516/1516/1424
f 1494/1494/1402 1496/1496/1404 1516/1516/1424
f 1479/1479/1387 1495/1495/1403 1516/1516/1424
f 1496/1496/1404 1481/1481/1389 1516/1516/1424
f 1480/1480/1388 1479/1479/1387 1516/1516/1424
f 1481/1481/1389 1485/1485/1393 1516/1516/1424
f 1483/1483/1391 1482/1482/1390 1516/1516/1424
f 1484/1484/1392 1480/1480/1388 1516/1516/1424
f 1485/1485/1393 1488/1488/1396 1516/1516/1424
f 1486/1486/1394 1490/1490/1398 1516/1516/1424
f 1517/1517/1351 1294/1294/1208 1518/1518/1425
f 1518/1518/1425 1292/1292/1206 1519/1519/1426
f 1520/1520/1427 1292/1292/1206 1290/1290/1205
f 1521/1521/1428 1290/1290/1205 1288/1288/1203
f 1521/1521/1428 1289/1289/1204 1522/1522/1429
f 1523/1523/1430 1289/1289/1204 1286/1286/1202
f 1524/1524/1431 1286/1286/1202 1284/1284/1201
f 1524/1524/1431 1282/1282/1199 1525/1525/1432
f 1525/1525/1432 1279/1279/1198 1526/1526/1433
f 293/293/291 1527/1527/1434 1528/1528/1435
f 1529/1529/1436 293/293/291 1528/1528/1435
f 1530/1530/1437 291/291/289 1529/1529/1436
f 287/287/285 1530/1530/1437 1531/1531/1438
f 285/285/284 1531/1531/1438 1532/1532/1439
f 284/284/283 1532/1532/1439 1533/1533/1364
f 282/282/282 1533/1533/1364 1534/1534/1440
f 281/281/281 1534/1534/1440 1535/1535/1441
f 1536/1536/1433 281/281/281 1535/1535/1441
f 1537/1537/1442 998/998/939 999/999/940
f 1538/1538/1443 999/999/940 996/996/938
f 1539/1539/1444 996/996/938 994/994/936
f 1540/1540/1445 994/994/936 990/990/934
f 1540/1540/1445 988/988/933 1541/1541/1446
f 1541/1541/1446 986/986/931 1542/1542/1447
f 1542/1542/1447 984/984/929 1543/1543/1448
f 1543/1543/1448 985/985/930 1544/1544/1449
f 1545/1545/1321 985/985/930 981/981/927
f 589/589/582 1546/1546/1450 1547/1547/1451
f 587/587/581 1547/1547/1451 1548/1548/1452
f 1549/1549/1453 587/587/581 1548/1548/1452
f 1550/1550/1454 585/585/579 1549/1549/1453
f 582/582/577 1550/1550/1454 1551/1551/1350
f 1552/1552/1455 582/582/577 1551/1551/1350
f 578/578/574 1552/1552/1455 1553/1553/1456
f 576/576/573 1553/1553/1456 1554/1554/1457
f 574/574/572 1554/1554/1457 1555/1555/1321
f 1556/1556/1458 1557/1557/1459 1558/1558/1460
f 1556/1556/1458 1559/1558/1461 1560/1556/1462
f 1557/1557/1459 1559/1558/1461 1558/1558/1460
f 1561/1557/1463 1562/1556/1464 1563/1558/1465
f 1564/1559/1466 1565/1560/1467 1561/1557/1463
f 1566/1559/1468 1567/1557/1469 1557/1557/1459
f 1568/1561/1470 1569/1562/1471 1564/1559/1466
f 1570/1561/1472 1564/1559/1466 1571/1559/1473
f 1572/1560/1474 1566/1559/1468 1557/1557/1459
f 1573/1562/1475 1574/1561/1472 1566/1559/1468
f 1575/1563/1476 1576/1564/1477 1574/1561/1472
f 1577/1564/1478 1568/1561/1470 1570/1561/1472
f 1576/1564/1477 1578/1565/1479 1579/1566/1480
f 1576/1564/1477 1580/1566/1481 1581/1564/1482
f 1582/1564/1483 1583/1563/1484 1568/1561/1470
f 1582/1564/1483 1584/1565/1485 1585/1567/1486
f 1586/1566/1487 1587/1568/1488 1584/1565/1485
f 1579/1566/1480 1588/1569/1489 1580/1566/1481
f 1589/1569/1490 1590/1570/1491 1587/1568/1488
f 1591/1569/1492 1592/1571/1493 1589/1569/1490
f 1579/1566/1480 1593/1568/1494 1594/1569/1495
f 1594/1569/1495 1595/1570/1496 1596/1571/1497
f 1596/1571/1497 1597/1572/1498 1598/1573/1499
f 1596/1571/1497 1599/1573/1500 1600/1571/1501
f 1598/1573/1499 1601/1574/1502 1602/1575/1503
f 1602/1575/1503 1599/1573/1500 1598/1573/1499
f 1592/1571/1493 1603/1572/1504 1590/1570/1491
f 1604/1573/1505 1605/1574/1506 1603/1572/1504
f 1601/1574/1502 1606/1575/1507 1602/1575/1503
f 1603/1572/1504 1607/1576/1508 1608/1577/1509
f 1609/1576/1510 1610/1574/1511 1601/1574/1502
f 1597/1572/1498 1609/1576/1510 1601/1574/1502
f 1611/1578/1512 1609/1576/1510 1612/1577/1513
f 1613/1576/1514 1614/1579/1515 1607/1576/1508
f 1615/1580/1516 1616/1579/1517 1611/1578/1512
f 1616/1579/1517 1617/1581/1518 1618/1579/1519
f 1607/1576/1508 1619/1578/1520 1608/1577/1509
f 1614/1579/1515 1620/1580/1521 1619/1578/1520
f 1621/1581/1522 1622/1582/1523 1620/1580/1521
f 1623/1581/1524 1624/1583/1525 1621/1581/1522
f 1625/1583/1526 1622/1582/1523 1624/1583/1525
f 1626/1582/1527 1627/1581/1524 1615/1580/1516
f 1628/1584/1528 1615/1580/1516 1629/1585/1529
f 1630/1584/1528 1622/1582/1523 1631/1582/1527
f 1629/1585/1529 1611/1578/1512 1632/1586/1530
f 1633/1587/1531 1628/1584/1528 1629/1585/1529
f 1634/1588/1532 1629/1585/1529 1632/1586/1530
f 1635/1589/1533 1632/1586/1530 1636/1590/1534
f 1636/1590/1534 1611/1578/1512 1612/1577/1513
f 1593/1568/1494 1636/1590/1534 1595/1570/1496
f 1595/1570/1496 1612/1577/1513 1597/1572/1498
f 1637/1591/1535 1634/1588/1532 1635/1589/1533
f 1578/1565/1479 1635/1589/1533 1593/1568/1494
f 1638/1592/1536 1639/1593/1537 1637/1591/1535
f 1640/1567/1538 1637/1591/1535 1578/1565/1479
f 1641/1594/1539 1642/1595/1540 1639/1593/1537
f 1639/1593/1537 1633/1587/1531 1634/1588/1532
f 1643/1596/1541 1644/1597/1542 1642/1595/1540
f 1642/1595/1540 1645/1598/1543 1633/1587/1531
f 1646/1599/1544 1647/1597/1545 1644/1597/1542
f 1644/1597/1542 1648/1598/1546 1645/1598/1543
f 1649/1596/1547 1650/1597/1548 1651/1599/1549
f 1652/1595/1550 1653/1598/1551 1650/1597/1548
f 1654/1587/1552 1655/1584/1553 1653/1598/1551
f 1645/1598/1543 1656/1584/1554 1628/1584/1528
f 1657/1588/1555 1658/1585/1556 1654/1587/1552
f 1659/1593/1557 1654/1587/1552 1652/1595/1550
f 1660/1589/1558 1661/1586/1559 1657/1588/1555
f 1662/1591/1560 1657/1588/1555 1659/1593/1557
f 1663/1592/1561 1659/1593/1557 1664/1594/1562
f 1664/1594/1562 1652/1595/1550 1649/1596/1547
f 1664/1594/1562 1665/1600/1563 1666/1601/1564
f 1663/1592/1561 1666/1601/1564 1667/1602/1565
f 1585/1567/1486 1662/1591/1560 1663/1592/1561
f 1583/1563/1484 1663/1592/1561 1667/1602/1565
f 1667/1602/1565 1668/1603/1566 1669/1604/1567
f 1583/1563/1484 1669/1604/1567 1569/1562/1471
f 1669/1604/1567 1670/1605/1568 1671/1606/1569
f 1569/1562/1471 1671/1606/1569 1565/1560/1467
f 1666/1601/1564 1672/1607/1570 1668/1603/1566
f 1668/1603/1566 1673/1608/1571 1670/1605/1568
f 1665/1600/1563 1674/1609/1572 1672/1607/1570
f 1673/1608/1571 1674/1609/1572 1675/1610/1573
f 1676/1611/1574 1674/1609/1572 1677/1611/1575
f 1678/1609/1576 1675/1610/1573 1674/1609/1572
f 1679/1609/1577 1680/1600/1578 1681/1607/1579
f 1682/1608/1580 1679/1609/1577 1681/1607/1579
f 1681/1607/1579 1683/1601/1581 1684/1603/1582
f 1682/1608/1580 1684/1603/1582 1685/1605/1583
f 1684/1603/1582 1686/1602/1584 1687/1604/1585
f 1685/1605/1583 1687/1604/1585 1688/1606/1586
f 1689/1612/1587 1685/1605/1583 1688/1606/1586
f 1690/1613/1588 1682/1608/1580 1685/1605/1583
f 1691/1614/1589 1692/1613/1590 1693/1614/1591
f 1690/1613/1588 1694/1612/1592 1695/1613/1593
f 1696/1612/1592 1670/1605/1568 1692/1613/1590
f 1692/1613/1590 1673/1608/1571 1693/1614/1591
f 1565/1560/1467 1696/1612/1592 1562/1556/1464
f 1697/1612/1587 1562/1556/1464 1696/1612/1592
f 1693/1614/1591 1675/1610/1573 1698/1615/1594
f 1691/1614/1589 1698/1615/1594 1699/1615/1595
f 1699/1615/1595 1675/1610/1573 1700/1610/1596
f 1701/1614/1597 1702/1610/1598 1682/1608/1580
f 1689/1612/1587 1572/1560/1474 1556/1556/1458
f 1688/1606/1586 1573/1562/1475 1572/1560/1474
f 1687/1604/1585 1575/1563/1476 1573/1562/1475
f 1683/1601/1581 1638/1592/1536 1686/1602/1584
f 1575/1563/1476 1638/1592/1536 1640/1567/1538
f 1680/1600/1578 1641/1594/1539 1683/1601/1581
f 1703/1611/1599 1643/1596/1541 1680/1600/1578
f 1704/1599/1600 1677/1611/1575 1651/1599/1549
f 1649/1596/1547 1677/1611/1575 1665/1600/1563
f 1584/1565/1485 1660/1589/1558 1662/1591/1560
f 1587/1568/1488 1705/1590/1601 1660/1589/1558
f 1705/1590/1601 1619/1578/1520 1661/1586/1559
f 1590/1570/1491 1608/1577/1509 1705/1590/1601
f 1619/1578/1520 1658/1585/1556 1661/1586/1559
f 1620/1580/1521 1655/1584/1553 1658/1585/1556
f 1706/1616/1602 1707/1617/1603 1708/1618/1604
f 1706/1616/1602 1709/1618/1605 1710/1616/1606
f 1707/1617/1603 1709/1618/1605 1708/1618/1604
f 1711/1617/1607 1712/1616/1608 1713/1618/1609
f 1714/1619/1610 1715/1620/1611 1711/1617/1607
f 1716/1619/1612 1717/1617/1613 1707/1617/1603
f 1714/1619/1610 1718/1621/1614 1719/1622/1615
f 1720/1623/1616 1714/1619/1610 1721/1619/1617
f 1707/1617/1603 1722/1622/1618 1716/1619/1612
f 1716/1619/1612 1723/1621/1619 1724/1623/1620
f 1724/1623/1620 1725/1624/1621 1726/1625/1622
f 1726/1625/1622 1727/1623/1623 1724/1623/1620
f 1725/1624/1621 1728/1626/1624 1726/1625/1622
f 1726/1625/1622 1729/1626/1625 1730/1625/1626
f 1731/1623/1623 1732/1624/1627 1718/1621/1614
f 1733/1626/1628 1732/1624/1627 1734/1625/1629
f 1735/1627/1630 1736/1628/1631 1733/1626/1628
f 1728/1626/1624 1737/1627/1632 1729/1626/1625
f 1738/1629/1633 1739/1630/1634 1735/1627/1630
f 1740/1627/1635 1738/1629/1633 1735/1627/1630
f 1741/1628/1636 1742/1627/1637 1728/1626/1624
f 1743/1630/1638 1744/1629/1639 1742/1627/1637
f 1744/1629/1639 1745/1631/1640 1746/1632/1641
f 1747/1629/1642 1748/1632/1643 1738/1629/1633
f 1746/1632/1641 1749/1633/1644 1750/1634/1645
f 1750/1634/1645 1751/1632/1643 1746/1632/1641
f 1738/1629/1633 1752/1631/1646 1753/1635/1647
f 1748/1632/1643 1754/1633/1648 1752/1631/1646
f 1749/1633/1644 1755/1634/1649 1750/1634/1645
f 1752/1631/1646 1756/1636/1650 1757/1637/1651
f 1749/1633/1644 1758/1636/1650 1759/1633/1652
f 1745/1631/1640 1760/1636/1653 1749/1633/1644
f 1761/1638/1654 1760/1636/1653 1762/1637/1655
f 1763/1636/1656 1764/1639/1657 1756/1636/1650
f 1765/1640/1658 1766/1639/1659 1761/1638/1654
f 1766/1639/1659 1767/1641/1660 1768/1639/1661
f 1756/1636/1650 1769/1638/1662 1757/1637/1651
f 1764/1639/1657 1770/1640/1663 1769/1638/1662
f 1771/1641/1660 1772/1642/1664 1770/1640/1663
f 1773/1641/1665 1774/1643/1666 1771/1641/1660
f 1775/1643/1667 1772/1642/1664 1774/1643/1666
f 1776/1642/1668 1777/1641/1665 1765/1640/1658
f 1778/1644/1669 1765/1640/1658 1779/1645/1670
f 1780/1644/1671 1772/1642/1664 1781/1642/1672
f 1779/1645/1670 1761/1638/1654 1782/1646/1673
f 1783/1647/1674 1779/1645/1670 1784/1648/1675
f 1784/1648/1675 1782/1646/1673 1785/1649/1676
f 1785/1649/1676 1786/1650/1677 1787/1651/1678
f 1782/1646/1673 1762/1637/1655 1786/1650/1677
f 1787/1651/1678 1788/1635/1679 1743/1630/1638
f 1786/1650/1677 1745/1631/1640 1788/1635/1679
f 1789/1652/1680 1787/1651/1678 1790/1653/1681
f 1790/1653/1681 1743/1630/1638 1741/1628/1636
f 1791/1654/1682 1790/1653/1681 1792/1655/1683
f 1792/1655/1683 1741/1628/1636 1725/1624/1621
f 1793/1656/1684 1789/1652/1680 1791/1654/1682
f 1794/1657/1685 1785/1649/1676 1789/1652/1680
f 1795/1658/1686 1794/1657/1685 1793/1656/1684
f 1796/1659/1687 1784/1648/1675 1794/1657/1685
f 1795/1658/1686 1797/1659/1688 1796/1659/1687
f 1796/1659/1687 1798/1647/1689 1783/1647/1674
f 1799/1657/1690 1800/1658/1691 1801/1656/1692
f 1802/1648/1693 1803/1659/1694 1799/1657/1690
f 1804/1645/1695 1805/1647/1696 1802/1648/1693
f 1783/1647/1674 1806/1644/1697 1778/1644/1669
f 1807/1646/1698 1802/1648/1693 1808/1649/1699
f 1808/1649/1699 1799/1657/1690 1809/1652/1700
f 1810/1650/1701 1808/1649/1699 1811/1651/1702
f 1811/1651/1702 1809/1652/1700 1812/1653/1703
f 1812/1653/1703 1813/1654/1704 1814/1655/1705
f 1809/1652/1700 1801/1656/1692 1813/1654/1704
f 1815/1660/1706 1801/1656/1692 1816/1661/1707
f 1814/1655/1705 1815/1660/1706 1817/1662/1708
f 1736/1628/1631 1814/1655/1705 1732/1624/1627
f 1732/1624/1627 1817/1662/1708 1718/1621/1614
f 1818/1663/1709 1815/1660/1706 1819/1664/1710
f 1718/1621/1614 1818/1663/1709 1719/1622/1615
f 1818/1663/1709 1820/1665/1711 1821/1666/1712
f 1719/1622/1615 1821/1666/1712 1715/1620/1611
f 1819/1664/1710 1816/1661/1707 1822/1667/1713
f 1820/1665/1711 1822/1667/1713 1823/1668/1714
f 1822/1667/1713 1824/1669/1715 1825/1670/1716
f 1823/1668/1714 1825/1670/1716 1826/1671/1717
f 1827/1669/1718 1825/1670/1716 1824/1669/1715
f 1828/1670/1719 1826/1671/1717 1825/1670/1716
f 1829/1667/1720 1830/1669/1721 1831/1661/1722
f 1832/1668/1723 1833/1670/1724 1829/1667/1720
f 1834/1664/1725 1831/1661/1722 1835/1660/1726
f 1836/1665/1727 1829/1667/1720 1834/1664/1725
f 1837/1663/1728 1835/1660/1726 1838/1662/1729
f 1839/1666/1730 1834/1664/1725 1837/1663/1728
f 1840/1672/1731 1839/1666/1730 1841/1673/1732
f 1842/1674/1733 1836/1665/1727 1840/1672/1731
f 1840/1672/1731 1843/1674/1734 1842/1674/1733
f 1840/1672/1731 1844/1673/1735 1845/1672/1736
f 1821/1666/1712 1846/1672/1736 1847/1673/1735
f 1820/1665/1711 1848/1674/1737 1846/1672/1736
f 1715/1620/1611 1847/1673/1735 1712/1616/1608
f 1849/1673/1738 1712/1616/1608 1847/1673/1735
f 1848/1674/1737 1826/1671/1717 1850/1675/1739
f 1842/1674/1733 1851/1675/1740 1852/1675/1741
f 1853/1675/1741 1826/1671/1717 1854/1671/1742
f 1842/1674/1733 1855/1671/1742 1832/1668/1723
f 1841/1673/1732 1856/1620/1743 1706/1616/1602
f 1839/1666/1730 1722/1622/1618 1856/1620/1743
f 1837/1663/1728 1723/1621/1619 1722/1622/1618
f 1835/1660/1726 1792/1655/1683 1838/1662/1729
f 1838/1662/1729 1725/1624/1621 1723/1621/1619
f 1835/1660/1726 1793/1656/1684 1791/1654/1682
f 1831/1661/1722 1795/1658/1686 1793/1656/1684
f 1795/1658/1686 1857/1669/1715 1858/1658/1744
f 1816/1661/1707 1800/1658/1691 1824/1669/1715
f 1739/1630/1634 1812/1653/1703 1736/1628/1631
f 1753/1635/1647 1811/1651/1702 1739/1630/1634
f 1757/1637/1651 1807/1646/1698 1810/1650/1701
f 1752/1631/1646 1810/1650/1701 1753/1635/1647
f 1769/1638/1662 1804/1645/1695 1807/1646/1698
f 1770/1640/1663 1859/1644/1697 1804/1645/1695
f 1860/1676/1745 1861/1677/1746 1862/1678/1747
f 1861/1677/1746 1863/1678/1748 1862/1678/1747
f 1862/1678/1747 1864/1676/1749 1860/1676/1745
f 1865/1677/1750 1866/1676/1751 1867/1678/1752
f 1868/1679/1753 1869/1680/1754 1866/1676/1751
f 1870/1680/1755 1866/1676/1751 1869/1680/1754
f 1869/1680/1754 1871/1681/1756 1872/1682/1757
f 1873/1682/1758 1869/1680/1754 1872/1682/1757
f 1874/1680/1755 1875/1679/1759 1860/1676/1745
f 1874/1680/1755 1876/1681/1760 1877/1683/1761
f 1878/1682/1762 1879/1684/1763 1876/1681/1760
f 1880/1685/1764 1872/1682/1757 1881/1685/1765
f 1882/1686/1766 1879/1684/1763 1883/1685/1764
f 1883/1685/1764 1884/1686/1767 1882/1686/1766
f 1872/1682/1757 1885/1684/1768 1881/1685/1765
f 1885/1684/1768 1886/1686/1767 1881/1685/1765
f 1887/1687/1769 1888/1688/1770 1886/1686/1767
f 1882/1686/1766 1889/1688/1770 1890/1688/1771
f 1891/1689/1772 1892/1690/1773 1888/1688/1770
f 1893/1688/1774 1892/1690/1773 1894/1690/1775
f 1890/1688/1771 1895/1687/1776 1882/1686/1766
f 1896/1690/1777 1897/1689/1778 1890/1688/1771
f 1896/1690/1777 1898/1691/1779 1899/1692/1780
f 1896/1690/1777 1900/1693/1781 1901/1693/1782
f 1901/1693/1782 1902/1694/1783 1898/1691/1779
f 1903/1695/1784 1904/1693/1785 1905/1695/1786
f 1892/1690/1773 1906/1691/1787 1904/1693/1785
f 1904/1693/1785 1907/1694/1788 1905/1695/1786
f 1902/1694/1783 1908/1695/1789 1909/1694/1790
f 1910/1696/1791 1907/1694/1788 1906/1691/1787
f 1902/1694/1783 1911/1697/1792 1912/1697/1793
f 1902/1694/1783 1913/1696/1794 1898/1691/1779
f 1912/1697/1793 1914/1698/1795 1913/1696/1794
f 1912/1697/1793 1915/1699/1796 1916/1699/1797
f 1916/1699/1797 1917/1700/1798 1914/1698/1795
f 1916/1699/1797 1918/1701/1799 1919/1701/1800
f 1920/1698/1801 1921/1697/1802 1910/1696/1791
f 1922/1700/1803 1923/1699/1804 1920/1698/1801
f 1924/1702/1805 1925/1701/1799 1922/1700/1803
f 1919/1701/1800 1926/1703/1806 1927/1703/1807
f 1928/1703/1808 1924/1702/1805 1929/1702/1809
f 1919/1701/1800 1930/1702/1809 1917/1700/1798
f 1917/1700/1798 1931/1704/1810 1932/1705/1811
f 1933/1704/1810 1924/1702/1805 1934/1704/1812
f 1914/1698/1795 1932/1705/1811 1935/1706/1813
f 1932/1705/1811 1936/1707/1814 1937/1708/1815
f 1935/1706/1813 1937/1708/1815 1938/1709/1816
f 1939/1710/1817 1938/1709/1816 1940/1711/1818
f 1913/1696/1794 1935/1706/1813 1939/1710/1817
f 1899/1692/1780 1940/1711/1818 1897/1689/1778
f 1898/1691/1779 1939/1710/1817 1899/1692/1780
f 1940/1711/1818 1941/1712/1819 1942/1713/1820
f 1897/1689/1778 1942/1713/1820 1895/1687/1776
f 1942/1713/1820 1943/1714/1821 1944/1715/1822
f 1895/1687/1776 1944/1715/1822 1879/1684/1763
f 1941/1712/1819 1945/1716/1823 1943/1714/1821
f 1938/1709/1816 1946/1717/1824 1941/1712/1819
f 1945/1716/1823 1947/1718/1825 1948/1719/1826
f 1937/1708/1815 1947/1718/1825 1946/1717/1824
f 1948/1719/1826 1949/1718/1827 1950/1719/1828
f 1947/1718/1825 1951/1707/1829 1949/1718/1827
f 1952/1716/1830 1953/1718/1831 1954/1717/1832
f 1953/1718/1831 1955/1708/1833 1954/1717/1832
f 1956/1707/1834 1957/1705/1835 1955/1708/1833
f 1936/1707/1814 1958/1704/1836 1951/1707/1829
f 1955/1708/1833 1959/1706/1837 1960/1709/1838
f 1954/1717/1832 1960/1709/1838 1961/1712/1839
f 1960/1709/1838 1962/1710/1840 1963/1711/1841
f 1961/1712/1839 1963/1711/1841 1964/1713/1842
f 1965/1714/1843 1964/1713/1842 1966/1715/1844
f 1952/1716/1830 1961/1712/1839 1965/1714/1843
f 1967/1720/1845 1965/1714/1843 1968/1721/1846
f 1968/1721/1846 1966/1715/1844 1969/1722/1847
f 1966/1715/1844 1887/1687/1769 1885/1684/1768
f 1969/1722/1847 1885/1684/1768 1871/1681/1756
f 1970/1723/1848 1969/1722/1847 1971/1724/1849
f 1971/1724/1849 1871/1681/1756 1972/1683/1850
f 1973/1725/1851 1971/1724/1849 1974/1726/1852
f 1974/1726/1852 1972/1683/1850 1868/1679/1753
f 1970/1723/1848 1967/1720/1845 1968/1721/1846
f 1973/1725/1851 1975/1727/1853 1970/1723/1848
f 1975/1727/1853 1976/1728/1854 1967/1720/1845
f 1977/1729/1855 1978/1730/1856 1975/1727/1853
f 1979/1728/1857 1978/1730/1856 1980/1730/1858
f 1981/1730/1858 1982/1731/1859 1983/1731/1860
f 1984/1727/1861 1985/1728/1862 1981/1730/1858
f 1986/1729/1863 1981/1730/1858 1983/1731/1860
f 1987/1723/1864 1988/1720/1865 1984/1727/1861
f 1989/1725/1866 1984/1727/1861 1986/1729/1863
f 1990/1722/1867 1987/1723/1864 1991/1724/1868
f 1991/1724/1868 1989/1725/1866 1992/1726/1869
f 1992/1726/1869 1993/1732/1870 1994/1733/1871
f 1993/1732/1870 1986/1729/1863 1995/1734/1872
f 1993/1732/1870 1996/1734/1873 1997/1732/1874
f 1994/1733/1871 1997/1732/1874 1998/1733/1875
f 1999/1732/1876 1974/1726/1852 2000/1733/1877
f 1999/1732/1876 1977/1729/1855 1973/1725/1851
f 2000/1733/1877 1868/1679/1753 1865/1677/1750
f 1994/1733/1871 2001/1677/1878 1861/1677/1746
f 2002/1734/1879 2003/1731/1880 1977/1729/1855
f 1995/1734/1872 2004/1735/1881 1996/1734/1873
f 1983/1731/1860 2004/1735/1881 2005/1735/1882
f 1995/1734/1872 1983/1731/1860 2005/1735/1882
f 1875/1679/1759 1994/1733/1871 1861/1677/1746
f 1877/1683/1761 1992/1726/1869 1875/1679/1759
f 1876/1681/1760 1991/1724/1868 1877/1683/1761
f 1944/1715/1822 2006/1721/1883 1990/1722/1867
f 1879/1684/1763 1990/1722/1867 1876/1681/1760
f 1943/1714/1821 1988/1720/1865 2006/1721/1883
f 1988/1720/1865 1948/1719/1826 1985/1728/1862
f 1948/1719/1826 2007/1728/1884 1985/1728/1862
f 1967/1720/1845 2008/1719/1828 1952/1716/1830
f 1964/1713/1842 1891/1689/1772 1887/1687/1769
f 1963/1711/1841 2009/1692/1885 1891/1689/1772
f 1959/1706/1837 1910/1696/1791 1962/1710/1840
f 1962/1710/1840 1906/1691/1787 2009/1692/1885
f 1957/1705/1835 1920/1698/1801 1959/1706/1837
f 1934/1704/1812 1922/1700/1803 1957/1705/1835
f 2010/1736/1886 2011/1737/1887 2012/1738/1888
f 2011/1737/1887 2013/1738/1889 2012/1738/1888
f 2012/1738/1888 2014/1736/1890 2010/1736/1886
f 2015/1737/1891 2016/1736/1892 2017/1738/1893
f 2018/1739/1894 2019/1740/1895 2016/1736/1892
f 2020/1740/1896 2016/1736/1892 2019/1740/1895
f 2021/1741/1897 2022/1742/1898 2019/1740/1895
f 2023/1742/1899 2019/1740/1895 2022/1742/1898
f 2024/1740/1896 2025/1739/1900 2010/1736/1886
f 2026/1742/1901 2027/1741/1902 2024/1740/1896
f 2028/1743/1903 2029/1744/1904 2026/1742/1901
f 2030/1743/1905 2022/1742/1898 2031/1743/1906
f 2028/1743/1903 2032/1745/1907 2033/1746/1908
f 2028/1743/1903 2034/1747/1909 2035/1747/1910
f 2036/1744/1911 2031/1743/1906 2022/1742/1898
f 2031/1743/1906 2037/1745/1912 2038/1747/1913
f 2038/1747/1913 2039/1748/1914 2040/1749/1915
f 2041/1747/1910 2040/1749/1915 2042/1749/1916
f 2040/1749/1915 2043/1750/1917 2044/1751/1918
f 2042/1749/1916 2044/1751/1918 2045/1751/1919
f 2035/1747/1910 2046/1748/1920 2032/1745/1907
f 2047/1749/1921 2048/1750/1922 2046/1748/1920
f 2049/1751/1923 2050/1752/1924 2048/1750/1922
f 2049/1751/1923 2051/1753/1925 2052/1753/1926
f 2052/1753/1926 2053/1754/1927 2050/1752/1924
f 2054/1755/1928 2055/1753/1929 2056/1755/1930
f 2044/1751/1918 2057/1752/1931 2055/1753/1929
f 2055/1753/1929 2058/1754/1932 2056/1755/1930
f 2053/1754/1927 2059/1755/1930 2060/1754/1933
f 2057/1752/1931 2061/1756/1934 2058/1754/1932
f 2062/1756/1935 2058/1754/1932 2061/1756/1934
f 2050/1752/1924 2063/1756/1936 2064/1757/1937
f 2063/1756/1936 2065/1758/1938 2064/1757/1937
f 2066/1759/1939 2061/1756/1934 2067/1759/1940
f 2068/1759/1941 2069/1760/1942 2065/1758/1938
f 2070/1761/1943 2067/1759/1940 2071/1761/1944
f 2072/1757/1945 2067/1759/1940 2061/1756/1934
f 2073/1760/1946 2067/1759/1940 2074/1758/1947
f 2075/1762/1948 2071/1761/1944 2073/1760/1946
f 2076/1761/1949 2077/1763/1950 2078/1763/1951
f 2079/1763/1952 2075/1762/1948 2080/1762/1953
f 2076/1761/1949 2081/1762/1953 2069/1760/1942
f 2069/1760/1942 2082/1764/1954 2083/1765/1955
f 2084/1764/1956 2075/1762/1948 2085/1764/1957
f 2065/1758/1938 2083/1765/1955 2086/1766/1958
f 2087/1767/1959 2082/1764/1954 2088/1768/1960
f 2089/1769/1961 2083/1765/1955 2087/1767/1959
f 2090/1770/1962 2086/1766/1958 2089/1769/1961
f 2091/1771/1963 2065/1758/1938 2086/1766/1958
f 2046/1748/1920 2091/1771/1963 2090/1770/1962
f 2048/1750/1922 2064/1757/1937 2091/1771/1963
f 2092/1772/1964 2089/1769/1961 2093/1773/1965
f 2032/1745/1907 2090/1770/1962 2092/1772/1964
f 2094/1774/1966 2093/1773/1965 2095/1775/1967
f 2033/1746/1908 2092/1772/1964 2094/1774/1966
f 2095/1775/1967 2096/1776/1968 2097/1777/1969
f 2093/1773/1965 2087/1767/1959 2096/1776/1968
f 2097/1777/1969 2098/1778/1970 2099/1779/1971
f 2096/1776/1968 2088/1768/1960 2098/1778/1970
f 2099/1779/1971 2100/1778/1972 2101/1779/1973
f 2098/1778/1970 2102/1768/1974 2100/1778/1972
f 2103/1777/1975 2104/1778/1976 2105/1776/1977
f 2105/1776/1977 2106/1768/1978 2107/1767/1979
f 2107/1767/1979 2085/1764/1957 2108/1765/1980
f 2088/1768/1960 2109/1764/1981 2102/1768/1974
f 2110/1769/1982 2108/1765/1980 2111/1766/1983
f 2112/1773/1984 2107/1767/1979 2110/1769/1982
f 2113/1770/1985 2111/1766/1983 2114/1771/1986
f 2115/1772/1987 2110/1769/1982 2113/1770/1985
f 2116/1774/1988 2112/1773/1984 2115/1772/1987
f 2117/1775/1989 2105/1776/1977 2112/1773/1984
f 2118/1780/1990 2117/1775/1989 2119/1781/1991
f 2119/1781/1991 2116/1774/1988 2120/1782/1992
f 2121/1746/1993 2115/1772/1987 2037/1745/1912
f 2120/1782/1992 2121/1746/1993 2036/1744/1911
f 2122/1783/1994 2120/1782/1992 2123/1784/1995
f 2123/1784/1995 2036/1744/1911 2021/1741/1897
f 2124/1785/1996 2123/1784/1995 2125/1786/1997
f 2125/1786/1997 2021/1741/1897 2018/1739/1894
f 2126/1787/1998 2119/1781/1991 2122/1783/1994
f 2124/1785/1996 2126/1787/1998 2122/1783/1994
f 2127/1788/1999 2118/1780/1990 2126/1787/1998
f 2128/1789/2000 2127/1788/1999 2126/1787/1998
f 2129/1790/2001 2127/1788/1999 2130/1788/2002
f 2131/1788/2003 2132/1791/2004 2133/1791/2005
f 2134/1780/2006 2131/1788/2003 2135/1787/2007
f 2136/1789/2008 2131/1788/2003 2133/1791/2005
f 2137/1781/2009 2135/1787/2007 2138/1783/2010
f 2139/1785/2011 2135/1787/2007 2136/1789/2008
f 2140/1782/2012 2138/1783/2010 2141/1784/2013
f 2141/1784/2013 2139/1785/2011 2142/1786/2014
f 2143/1792/2015 2139/1785/2011 2144/1793/2016
f 2144/1793/2016 2136/1789/2008 2145/1794/2017
f 2144/1793/2016 2146/1794/2018 2147/1793/2019
f 2144/1793/2016 2148/1792/2020 2143/1792/2015
f 2149/1792/2020 2124/1785/1996 2125/1786/1997
f 2150/1793/2021 2128/1789/2000 2124/1785/1996
f 2149/1792/2020 2018/1739/1894 2015/1737/1891
f 2143/1792/2015 2151/1737/2022 2011/1737/1887
f 2152/1794/2023 2153/1791/2024 2128/1789/2000
f 2145/1794/2017 2154/1795/2025 2146/1794/2018
f 2133/1791/2005 2154/1795/2025 2155/1795/2026
f 2145/1794/2017 2133/1791/2005 2155/1795/2026
f 2025/1739/1900 2143/1792/2015 2011/1737/1887
f 2027/1741/1902 2142/1786/2014 2025/1739/1900
f 2029/1744/1904 2141/1784/2013 2027/1741/1902
f 2094/1774/1966 2137/1781/2009 2140/1782/2012
f 2033/1746/1908 2140/1782/2012 2029/1744/1904
f 2095/1775/1967 2134/1780/2006 2137/1781/2009
f 2097/1777/1969 2156/1790/2027 2134/1780/2006
f 2099/1779/1971 2157/1790/2028 2156/1790/2027
f 2158/1790/2029 2103/1777/1975 2118/1780/1990
f 2037/1745/1912 2113/1770/1985 2039/1748/1914
f 2039/1748/1914 2114/1771/1986 2043/1750/1917
f 2114/1771/1986 2074/1758/1947 2072/1757/1945
f 2043/1750/1917 2072/1757/1945 2057/1752/1931
f 2108/1765/1980 2074/1758/1947 2111/1766/1983
f 2085/1764/1957 2073/1760/1946 2108/1765/1980
f 2159/1796/2030 2160/1797/2031 2161/1798/2032
f 2160/1797/2031 2162/1798/2033 2161/1798/2032
f 2161/1798/2032 2163/1796/2034 2159/1796/2030
f 2164/1796/2035 2165/1797/2036 2166/1799/2037
f 2167/1800/2038 2166/1799/2037 2168/1801/2039
f 2169/1800/2040 2164/1796/2035 2167/1800/2038
f 2170/1802/2041 2168/1801/2039 2171/1803/2042
f 2172/1802/2043 2167/1800/2038 2170/1802/2041
f 2173/1802/2044 2174/1801/2045 2175/1800/2046
f 2175/1800/2046 2176/1799/2047 2159/1796/2030
f 2177/1804/2048 2178/1803/2049 2173/1802/2044
f 2179/1804/2050 2170/1802/2041 2180/1804/2051
f 2181/1805/2052 2182/1806/2053 2177/1804/2048
f 2181/1805/2052 2183/1804/2051 2184/1805/2054
f 2185/1805/2055 2186/1806/2056 2187/1807/2057
f 2180/1804/2051 2171/1803/2042 2186/1806/2056
f 2188/1808/2058 2187/1807/2057 2189/1809/2059
f 2181/1805/2052 2190/1808/2058 2191/1808/2060
f 2188/1808/2058 2192/1810/2061 2193/1811/2062
f 2194/1808/2063 2193/1811/2062 2195/1811/2064
f 2196/1810/2065 2191/1808/2060 2197/1811/2066
f 2191/1808/2060 2198/1807/2067 2181/1805/2052
f 2199/1812/2068 2197/1811/2066 2200/1813/2069
f 2197/1811/2066 2201/1813/2070 2200/1813/2069
f 2202/1814/2071 2200/1813/2069 2203/1815/2072
f 2200/1813/2069 2204/1815/2073 2203/1815/2072
f 2205/1813/2074 2206/1814/2075 2207/1815/2076
f 2193/1811/2062 2208/1812/2077 2205/1813/2074
f 2202/1814/2071 2204/1815/2073 2209/1814/2078
f 2208/1812/2077 2210/1816/2079 2206/1814/2075
f 2211/1816/2080 2206/1814/2075 2210/1816/2079
f 2212/1816/2080 2199/1812/2068 2202/1814/2071
f 2213/1817/2081 2214/1818/2082 2212/1816/2080
f 2215/1817/2083 2210/1816/2079 2216/1817/2084
f 2213/1817/2081 2217/1819/2085 2218/1820/2086
f 2219/1821/2087 2216/1817/2084 2220/1821/2088
f 2221/1818/2089 2216/1817/2084 2210/1816/2079
f 2216/1817/2084 2222/1819/2090 2220/1821/2088
f 2220/1821/2088 2223/1822/2091 2224/1823/2092
f 2219/1821/2087 2224/1823/2092 2225/1823/2093
f 2225/1823/2093 2223/1822/2091 2226/1822/2094
f 2227/1821/2095 2228/1822/2096 2217/1819/2085
f 2217/1819/2085 2229/1824/2097 2230/1825/2098
f 2231/1824/2099 2223/1822/2091 2232/1824/2100
f 2229/1824/2097 2233/1826/2101 2230/1825/2098
f 2234/1827/2102 2232/1824/2100 2235/1827/2103
f 2222/1819/2090 2232/1824/2100 2223/1822/2091
f 2236/1826/2104 2232/1824/2100 2237/1825/2105
f 2238/1828/2106 2235/1827/2103 2236/1826/2104
f 2239/1829/2107 2235/1827/2103 2240/1829/2108
f 2241/1830/2109 2240/1829/2108 2238/1828/2106
f 2242/1829/2110 2243/1831/2111 2244/1831/2112
f 2245/1827/2113 2246/1828/2114 2233/1826/2101
f 2242/1829/2110 2247/1830/2115 2246/1828/2114
f 2244/1831/2112 2248/1832/2116 2247/1830/2115
f 2244/1831/2112 2249/1833/2117 2250/1833/2118
f 2248/1832/2116 2251/1834/2119 2252/1835/2120
f 2250/1833/2118 2253/1834/2121 2251/1834/2119
f 2241/1830/2109 2254/1833/2117 2255/1831/2122
f 2256/1832/2123 2257/1834/2124 2254/1833/2117
f 2258/1836/2125 2257/1834/2124 2259/1835/2126
f 2251/1834/2119 2260/1837/2127 2261/1837/2128
f 2262/1838/2129 2263/1837/2127 2258/1836/2125
f 2264/1839/2130 2263/1837/2127 2265/1839/2131
f 2251/1834/2119 2266/1836/2132 2252/1835/2120
f 2261/1837/2128 2267/1838/2133 2266/1836/2132
f 2268/1838/2134 2265/1839/2131 2262/1838/2129
f 2269/1840/2135 2267/1838/2133 2270/1841/2136
f 2271/1841/2137 2262/1838/2129 2272/1841/2138
f 2272/1841/2138 2258/1836/2125 2273/1840/2139
f 2274/1842/2140 2272/1841/2138 2273/1840/2139
f 2275/1843/2141 2272/1841/2138 2276/1843/2142
f 2166/1799/2037 2276/1843/2142 2274/1842/2140
f 2277/1843/2143 2278/1797/2144 2160/1797/2031
f 2176/1799/2047 2277/1843/2143 2160/1797/2031
f 2279/1842/2145 2270/1841/2136 2277/1843/2143
f 2174/1801/2045 2279/1842/2145 2176/1799/2047
f 2280/1844/2146 2279/1842/2145 2281/1845/2147
f 2252/1835/2120 2269/1840/2135 2280/1844/2146
f 2282/1846/2148 2281/1845/2147 2283/1847/2149
f 2248/1832/2116 2280/1844/2146 2282/1846/2148
f 2284/1848/2150 2283/1847/2149 2285/1849/2151
f 2247/1830/2115 2282/1846/2148 2284/1848/2150
f 2182/1806/2053 2283/1847/2149 2178/1803/2049
f 2178/1803/2049 2281/1845/2147 2174/1801/2045
f 2198/1807/2067 2285/1849/2151 2182/1806/2053
f 2286/1850/2152 2285/1849/2151 2287/1851/2153
f 2288/1809/2154 2287/1851/2153 2198/1807/2067
f 2289/1852/2155 2287/1851/2153 2290/1853/2156
f 2233/1826/2101 2286/1850/2152 2289/1852/2155
f 2246/1828/2114 2284/1848/2150 2286/1850/2152
f 2291/1854/2157 2290/1853/2156 2292/1855/2158
f 2230/1825/2098 2289/1852/2155 2291/1854/2157
f 2218/1820/2086 2292/1855/2158 2214/1818/2082
f 2218/1820/2086 2230/1825/2098 2291/1854/2157
f 2214/1818/2082 2196/1810/2065 2199/1812/2068
f 2292/1855/2158 2288/1809/2154 2196/1810/2065
f 2168/1801/2039 2274/1842/2140 2293/1845/2159
f 2274/1842/2140 2294/1844/2160 2293/1845/2159
f 2171/1803/2042 2293/1845/2159 2295/1847/2161
f 2293/1845/2159 2296/1846/2162 2295/1847/2161
f 2294/1844/2160 2256/1832/2123 2296/1846/2162
f 2273/1840/2139 2259/1835/2126 2294/1844/2160
f 2295/1847/2161 2297/1848/2163 2298/1849/2164
f 2296/1846/2162 2241/1830/2109 2297/1848/2163
f 2298/1849/2164 2299/1850/2165 2300/1851/2166
f 2297/1848/2163 2238/1828/2106 2299/1850/2165
f 2187/1807/2057 2298/1849/2164 2300/1851/2166
f 2186/1806/2056 2295/1847/2161 2298/1849/2164
f 2189/1809/2059 2300/1851/2166 2301/1853/2167
f 2300/1851/2166 2302/1852/2168 2301/1853/2167
f 2189/1809/2059 2303/1855/2169 2192/1810/2061
f 2301/1853/2167 2304/1854/2170 2303/1855/2169
f 2302/1852/2168 2237/1825/2105 2304/1854/2170
f 2299/1850/2165 2236/1826/2104 2302/1852/2168
f 2303/1855/2169 2305/1820/2171 2221/1818/2089
f 2305/1820/2171 2237/1825/2105 2222/1819/2090
f 2192/1810/2061 2221/1818/2089 2208/1812/2077
f 2306/1856/2172 2307/1857/2173 2308/1858/2174
f 2307/1857/2173 2309/1859/2175 2310/1857/2176
f 2311/1859/2177 2312/1856/2178 2313/1859/2175
f 2312/1856/2178 2314/1857/2179 2313/1859/2175
f 2315/1860/2180 2316/1858/2181 2312/1856/2178
f 2317/1860/2182 2318/1856/2178 2306/1856/2172
f 2319/1861/2183 2320/1862/2184 2315/1860/2180
f 2321/1861/2185 2315/1860/2180 2322/1860/2186
f 2323/1861/2187 2324/1862/2188 2325/1863/2189
f 2317/1860/2182 2308/1858/2174 2324/1862/2188
f 2326/1864/2190 2325/1863/2189 2327/1865/2191
f 2328/1864/2192 2319/1861/2183 2321/1861/2185
f 2329/1866/2193 2327/1865/2191 2330/1867/2194
f 2329/1866/2193 2331/1864/2195 2326/1864/2190
f 2332/1866/2196 2333/1865/2197 2334/1864/2198
f 2334/1864/2198 2335/1863/2199 2319/1861/2183
f 2336/1868/2200 2337/1867/2201 2332/1866/2196
f 2329/1866/2193 2338/1868/2200 2339/1866/2196
f 2340/1869/2202 2336/1868/2200 2341/1870/2203
f 2342/1868/2204 2341/1870/2203 2336/1868/2200
f 2343/1868/2204 2344/1869/2205 2345/1870/2206
f 2343/1868/2204 2330/1867/2194 2346/1871/2207
f 2345/1870/2206 2347/1872/2208 2348/1873/2209
f 2349/1870/2210 2350/1873/2211 2341/1870/2203
f 2348/1873/2209 2351/1874/2212 2352/1875/2213
f 2352/1875/2213 2353/1873/2211 2348/1873/2209
f 2354/1874/2214 2350/1873/2211 2355/1875/2215
f 2356/1872/2216 2341/1870/2203 2350/1873/2211
f 2351/1874/2212 2357/1875/2215 2352/1875/2213
f 2358/1876/2217 2356/1872/2216 2354/1874/2214
f 2359/1876/2218 2360/1874/2219 2351/1874/2212
f 2347/1872/2208 2359/1876/2218 2351/1874/2212
f 2361/1877/2220 2362/1878/2221 2359/1876/2218
f 2363/1878/2222 2358/1876/2217 2364/1876/2223
f 2362/1878/2221 2365/1879/2224 2366/1880/2225
f 2366/1880/2225 2367/1878/2226 2362/1878/2221
f 2368/1878/2227 2369/1877/2228 2358/1876/2217
f 2368/1878/2227 2370/1879/2229 2371/1881/2230
f 2372/1880/2231 2373/1882/2232 2370/1879/2229
f 2366/1880/2225 2374/1883/2233 2375/1880/2234
f 2376/1882/2235 2374/1883/2233 2377/1883/2236
f 2366/1880/2225 2376/1882/2235 2377/1883/2236
f 2365/1879/2224 2378/1884/2237 2376/1882/2235
f 2379/1884/2238 2373/1882/2232 2380/1882/2239
f 2381/1885/2240 2378/1884/2237 2382/1886/2241
f 2383/1887/2242 2384/1884/2243 2378/1884/2237
f 2370/1879/2229 2385/1884/2244 2386/1886/2245
f 2385/1884/2244 2387/1885/2246 2386/1886/2245
f 2388/1887/2247 2389/1888/2248 2387/1885/2246
f 2390/1889/2249 2388/1887/2247 2391/1887/2250
f 2392/1889/2251 2393/1890/2252 2389/1888/2248
f 2390/1889/2249 2394/1891/2253 2392/1889/2251
f 2395/1888/2254 2383/1887/2242 2381/1885/2240
f 2396/1890/2255 2397/1889/2249 2395/1888/2254
f 2398/1892/2256 2399/1891/2257 2396/1890/2255
f 2399/1891/2257 2400/1893/2258 2401/1891/2259
f 2402/1894/2260 2403/1893/2261 2398/1892/2256
f 2403/1893/2261 2404/1895/2262 2400/1893/2258
f 2394/1891/2253 2405/1892/2263 2393/1890/2252
f 2406/1893/2264 2407/1894/2265 2405/1892/2263
f 2408/1895/2266 2409/1896/2267 2407/1894/2265
f 2410/1895/2268 2411/1897/2269 2408/1895/2266
f 2411/1897/2269 2412/1898/2270 2409/1896/2267
f 2413/1899/2271 2411/1897/2269 2414/1897/2272
f 2415/1896/2273 2416/1895/2274 2402/1894/2260
f 2417/1898/2275 2418/1897/2276 2415/1896/2273
f 2417/1898/2275 2419/1899/2277 2420/1899/2278
f 2421/1900/2279 2415/1896/2273 2422/1901/2280
f 2423/1900/2281 2412/1898/2270 2424/1898/2282
f 2409/1896/2267 2425/1900/2283 2426/1901/2284
f 2427/1902/2285 2425/1900/2283 2428/1903/2286
f 2429/1903/2287 2430/1900/2283 2421/1900/2279
f 2316/1858/2181 2428/1903/2286 2314/1857/2179
f 2431/1903/2288 2314/1857/2179 2428/1903/2286
f 2308/1858/2174 2429/1903/2287 2432/1902/2289
f 2432/1902/2289 2421/1900/2279 2422/1901/2280
f 2324/1862/2188 2432/1902/2289 2433/1904/2290
f 2432/1902/2289 2434/1905/2291 2433/1904/2290
f 2422/1901/2280 2402/1894/2260 2434/1905/2291
f 2433/1904/2290 2435/1906/2292 2436/1907/2293
f 2434/1905/2291 2398/1892/2256 2435/1906/2292
f 2436/1907/2293 2437/1908/2294 2438/1909/2295
f 2435/1906/2292 2396/1890/2255 2437/1908/2294
f 2327/1865/2191 2436/1907/2293 2438/1909/2295
f 2325/1863/2189 2433/1904/2290 2436/1907/2293
f 2330/1867/2194 2438/1909/2295 2439/1910/2296
f 2438/1909/2295 2440/1911/2297 2439/1910/2296
f 2346/1871/2207 2439/1910/2296 2441/1912/2298
f 2439/1910/2296 2442/1913/2299 2441/1912/2298
f 2440/1911/2297 2381/1885/2240 2442/1913/2299
f 2437/1908/2294 2395/1888/2254 2440/1911/2297
f 2441/1912/2298 2443/1914/2300 2444/1915/2301
f 2442/1913/2299 2382/1886/2241 2443/1914/2300
f 2444/1915/2301 2445/1881/2302 2361/1877/2220
f 2445/1881/2302 2382/1886/2241 2365/1879/2224
f 2344/1869/2205 2361/1877/2220 2347/1872/2208
f 2346/1871/2207 2444/1915/2301 2344/1869/2205
f 2320/1862/2184 2427/1902/2285 2316/1858/2181
f 2446/1905/2303 2427/1902/2285 2447/1904/2304
f 2335/1863/2199 2447/1904/2304 2320/1862/2184
f 2448/1906/2305 2447/1904/2304 2449/1907/2306
f 2405/1892/2263 2446/1905/2303 2448/1906/2305
f 2407/1894/2265 2426/1901/2284 2446/1905/2303
f 2450/1908/2307 2449/1907/2306 2451/1909/2308
f 2393/1890/2252 2448/1906/2305 2450/1908/2307
f 2452/1911/2309 2451/1909/2308 2453/1910/2310
f 2389/1888/2248 2450/1908/2307 2452/1911/2309
f 2337/1867/2201 2451/1909/2308 2333/1865/2197
f 2333/1865/2197 2449/1907/2306 2335/1863/2199
f 2454/1912/2311 2337/1867/2201 2455/1871/2312
f 2456/1913/2313 2453/1910/2310 2454/1912/2311
f 2457/1915/2314 2455/1871/2312 2340/1869/2202
f 2458/1914/2315 2454/1912/2311 2457/1915/2314
f 2386/1886/2245 2456/1913/2313 2458/1914/2315
f 2387/1885/2246 2452/1911/2309 2456/1913/2313
f 2371/1881/2230 2457/1915/2314 2369/1877/2228
f 2371/1881/2230 2386/1886/2245 2458/1914/2315
f 2369/1877/2228 2340/1869/2202 2356/1872/2216
f 2459/1916/2316 2460/1917/2317 2461/1918/2318
f 2462/1919/2319 2463/1920/2320 2464/1921/2321
f 2465/1922/2322 2466/1923/2323 2460/1917/2317
f 2467/1924/2324 2468/1925/2325 2466/1923/2323
f 2469/1926/2326 2470/1927/2327 2468/1925/2325
f 2471/1928/2328 2470/1927/2327 2472/1929/2329
f 2473/1930/2328 2474/1931/2330 2475/1932/2331
f 2476/1933/2332 2474/1931/2330 2477/1934/2333
f 2478/1935/2334 2479/1936/2335 2480/1937/2336
f 2481/1937/2337 2482/1938/2335 2483/1939/2338
f 2484/1940/2339 2485/1941/2340 2483/1939/2338
f 2485/1941/2340 2486/1942/2341 2487/1943/2342
f 2488/1944/2341 2489/1945/2343 2487/1943/2342
f 2489/1945/2343 2490/1946/2344 2491/1947/2345
f 2491/1947/2345 2492/1948/2346 2493/1949/2347
f 2493/1949/2347 2494/1950/2346 2495/1951/2348
f 2496/1951/2349 2497/1952/2350 2498/1953/2351
f 2499/1954/2352 2495/1951/2348 2500/1955/2351
f 2501/1956/2353 2502/1957/2351 2503/1958/2354
f 2504/1959/2355 2505/1960/2356 2506/1961/2357
f 2504/1959/2355 2501/1956/2353 2507/1962/2358
f 2508/1963/2359 2501/1956/2353 2504/1959/2355
f 2508/1963/2359 2506/1961/2357 2509/1964/2360
f 2510/1965/2361 2511/1966/2362 2508/1963/2359
f 2510/1965/2361 2509/1964/2360 2512/1967/2363
f 2512/1967/2363 2513/1968/2364 2514/1969/2365
f 2509/1964/2360 2515/1970/2366 2513/1968/2364
f 2513/1968/2364 2516/1971/2367 2517/1972/2368
f 2514/1969/2365 2517/1972/2368 2518/1973/2369
f 2517/1972/2368 2519/1974/2370 2520/1975/2371
f 2518/1973/2369 2520/1975/2371 2521/1976/2372
f 2522/1977/2373 2521/1976/2372 2523/1978/2374
f 2524/1979/2375 2518/1973/2369 2522/1977/2373
f 2525/1980/2376 2522/1977/2373 2526/1981/2377
f 2526/1981/2377 2523/1978/2374 2527/1982/2378
f 2523/1978/2374 2528/1983/2379 2529/1984/2380
f 2530/1985/2380 2527/1982/2378 2523/1978/2374
f 2531/1986/2381 2527/1982/2378 2532/1987/2382
f 2533/1988/2383 2521/1976/2372 2520/1975/2371
f 2520/1975/2371 2534/1989/2384 2535/1990/2385
f 2536/1991/2386 2537/1974/2387 2538/1992/2388
f 2515/1970/2366 2539/1993/2389 2516/1971/2367
f 2519/1974/2370 2516/1971/2367 2540/1994/2389
f 2541/1995/2390 2526/1981/2377 2527/1982/2378
f 2463/1920/2320 2542/1996/2391 2541/1995/2390
f 2543/1997/2381 2463/1920/2320 2541/1995/2390
f 2461/1918/2318 2544/1998/2392 2463/1920/2320
f 2460/1917/2317 2545/1999/2393 2544/1998/2392
f 2544/1998/2392 2546/2000/2394 2542/1996/2391
f 2466/1923/2323 2547/2001/2395 2545/1999/2393
f 2545/1999/2393 2548/2002/2396 2546/2000/2394
f 2470/1927/2327 2547/2001/2395 2468/1925/2325
f 2549/2003/2397 2548/2002/2396 2547/2001/2395
f 2475/1932/2331 2549/2003/2397 2470/1927/2327
f 2550/2004/2398 2551/2005/2399 2549/2003/2397
f 2474/1931/2330 2550/2004/2398 2475/1932/2331
f 2552/2006/2400 2553/2007/2401 2550/2004/2398
f 2481/1937/2337 2552/2006/2400 2474/1931/2330
f 2483/1939/2338 2554/2008/2402 2552/2006/2400
f 2485/1941/2340 2555/2009/2403 2554/2008/2402
f 2554/2008/2402 2556/2010/2404 2553/2007/2401
f 2555/2009/2403 2557/2011/2405 2556/2010/2404
f 2487/1943/2342 2558/2012/2406 2555/2009/2403
f 2558/2012/2406 2491/1947/2345 2559/2013/2407
f 2557/2011/2405 2559/2013/2407 2560/2014/2408
f 2556/2010/2404 2561/2015/2409 2562/2016/2410
f 2557/2011/2405 2510/1965/2361 2561/2015/2409
f 2562/2016/2410 2563/2017/2411 2564/2018/2412
f 2561/2015/2409 2512/1967/2363 2563/2017/2411
f 2551/2005/2399 2564/2018/2412 2548/2002/2396
f 2553/2007/2401 2562/2016/2410 2551/2005/2399
f 2564/2018/2412 2524/1979/2375 2525/1980/2376
f 2548/2002/2396 2525/1980/2376 2546/2000/2394
f 2542/1996/2391 2525/1980/2376 2526/1981/2377
f 2563/2017/2411 2514/1969/2365 2524/1979/2375
f 2560/2014/2408 2565/2019/2413 2511/1966/2362
f 2559/2013/2407 2493/1949/2347 2565/2019/2413
f 2565/2019/2413 2495/1951/2348 2499/1954/2352
f 2511/1966/2362 2499/1954/2352 2501/1956/2353
f 2515/1970/2366 2506/1961/2357 2566/2020/2414
f 2567/2021/2415 2568/2022/2416 2569/2023/2417
f 2570/2024/2418 2571/2025/2419 2572/2026/2420
f 2573/2027/2421 2574/2028/2422 2568/2022/2416
f 2575/2029/2423 2576/2030/2424 2571/2025/2419
f 2577/2031/2425 2578/2032/2426 2574/2028/2422
f 2579/2033/2427 2580/2034/2428 2576/2030/2424
f 2581/2035/2429 2582/2036/2430 2578/2032/2426
f 2583/2037/2431 2584/2038/2432 2580/2034/2428
f 2585/2039/2433 2586/2040/2434 2582/2036/2430
f 2587/2041/2435 2588/2042/2436 2584/2038/2432
f 2589/2043/2437 2590/2044/2438 2586/2040/2434
f 2591/2045/2439 2592/2046/2440 2588/2042/2436
f 2593/2047/2441 2594/2048/2442 2590/2044/2438
f 2595/2049/2443 2596/2050/2444 2592/2046/2440
f 2597/2051/2445 2598/2052/2446 2594/2048/2442
f 2599/2053/2447 2600/2054/2448 2596/2050/2444
f 2601/2055/2449 2602/2056/2450 2603/2057/2451
f 2604/2058/2452 2605/2059/2453 2606/2060/2454
f 2607/2061/2455 2608/2062/2456 2609/2063/2457
f 2610/2064/2458 2611/2065/2459 2612/2066/2460
f 2613/2067/2461 2614/2068/2462 2607/2061/2455
f 2615/2069/2463 2616/2070/2464 2610/2064/2458
f 2617/2071/2465 2618/2072/2466 2613/2067/2461
f 2619/2073/2467 2620/2074/2468 2615/2069/2463
f 2621/2075/2469 2622/2076/2470 2617/2071/2465
f 2623/2077/2471 2624/2078/2472 2619/2073/2467
f 2625/2079/2473 2626/2080/2474 2621/2075/2469
f 2627/2081/2475 2628/2082/2476 2623/2077/2471
f 2629/2083/2477 2630/2084/2478 2625/2079/2473
f 2631/2085/2479 2632/2086/2480 2627/2081/2475
f 2633/2087/2481 2634/2088/2482 2629/2083/2477
f 2635/2089/2483 2636/2090/2484 2631/2085/2479
f 2637/2091/2485 2638/2092/2486 2633/2087/2481
f 2639/2093/2487 2640/2094/2488 2635/2089/2483
f 2641/2095/2489 2642/2096/2490 2637/2091/2485
f 2643/2097/2491 2644/2098/2492 2639/2093/2487
f 2645/2099/2489 2646/2100/2493 2647/2101/2494
f 2648/2102/2495 2649/2103/2496 2650/2104/2497
f 2651/2105/2498 2652/2106/2499 2646/2100/2493
f 2653/2107/2500 2654/2108/2501 2649/2103/2496
f 2655/2109/2502 2656/2110/2503 2652/2106/2499
f 2657/2111/2504 2658/2112/2505 2654/2108/2501
f 2659/2113/2506 2660/2114/2507 2656/2110/2503
f 2661/2115/2508 2662/2116/2509 2658/2112/2505
f 2663/2117/2510 2664/2118/2511 2660/2114/2507
f 2665/2119/2512 2666/2120/2513 2662/2116/2509
f 2667/2121/2514 2668/2122/2515 2664/2118/2511
f 2669/2123/2516 2666/2120/2513 2670/2124/2517
f 2671/2125/2518 2672/2126/2519 2668/2122/2515
f 2673/2127/2520 2674/2128/2521 2669/2123/2516
f 2675/2129/2522 2676/2130/2523 2672/2126/2519
f 2677/2131/2524 2678/2132/2525 2673/2127/2520
f 2679/2133/2526 2680/2134/2527 2676/2130/2523
f 2681/2135/2528 2682/2136/2529 2677/2131/2524
f 2683/2137/2530 2680/2134/2527 2684/2138/2531
f 2681/2135/2528 2685/2139/2532 2686/2140/2533
f 2687/2141/2534 2688/2142/2535 2683/2137/2530
f 2689/2143/2536 2690/2144/2537 2685/2139/2532
f 2691/2145/2538 2692/2146/2539 2687/2141/2534
f 2693/2147/2540 2694/2148/2541 2690/2144/2537
f 2695/2149/2542 2696/2150/2543 2691/2145/2538
f 2697/2151/2544 2698/2152/2545 2694/2148/2541
f 2699/2153/2546 2700/2154/2547 2695/2149/2542
f 2701/2155/2548 2698/2152/2545 2702/2156/2549
f 2703/2157/2550 2704/2158/2551 2699/2153/2546
f 2705/2159/2552 2706/2160/2553 2701/2155/2548
f 2707/2161/2554 2708/2162/2555 2703/2157/2550
f 2709/2163/2556 2710/2164/2557 2705/2159/2552
f 2711/2165/2558 2712/2166/2559 2707/2161/2554
f 2713/2167/2560 2714/2168/2561 2709/2163/2556
f 2715/2169/2562 2716/2170/2563 2711/2165/2558
f 2717/2171/2418 2718/2172/2564 2713/2167/2560
f 2719/2173/2565 2720/2174/2566 2721/2175/2567
f 2722/2176/2568 2723/2177/2569 2720/2174/2566
f 2724/2178/2570 2711/2165/2558 2723/2177/2569
f 2721/2175/2567 2725/2179/2571 2726/2180/2572
f 2720/2174/2566 2727/2181/2573 2725/2179/2571
f 2723/2177/2569 2707/2161/2554 2727/2181/2573
f 2726/2180/2572 2728/2182/2574 2729/2183/2575
f 2725/2179/2571 2730/2184/2576 2728/2182/2574
f 2727/2181/2573 2703/2157/2550 2730/2184/2576
f 2729/2183/2575 2731/2185/2577 2732/2186/2578
f 2728/2182/2574 2733/2187/2579 2731/2185/2577
f 2730/2184/2576 2699/2153/2546 2733/2187/2579
f 2732/2186/2578 2734/2188/2580 2735/2189/2581
f 2731/2185/2577 2736/2190/2582 2734/2188/2580
f 2733/2187/2579 2695/2149/2542 2736/2190/2582
f 2735/2189/2581 2737/2191/2583 2738/2192/2584
f 2734/2188/2580 2739/2193/2585 2737/2191/2583
f 2736/2190/2582 2691/2145/2538 2739/2193/2585
f 2738/2192/2584 2740/2194/2586 2741/2195/2587
f 2737/2191/2583 2742/2196/2588 2740/2194/2586
f 2739/2193/2585 2687/2141/2534 2742/2196/2588
f 2741/2195/2587 2743/2197/2589 2744/2198/2590
f 2740/2194/2586 2745/2199/2591 2743/2197/2589
f 2742/2196/2588 2683/2137/2530 2745/2199/2591
f 2746/2200/2592 2743/2197/2589 2747/2201/2593
f 2743/2197/2589 2748/2202/2594 2747/2201/2593
f 2745/2199/2591 2684/2138/2531 2748/2202/2594
f 2749/2203/2595 2747/2201/2593 2750/2204/2596
f 2750/2204/2596 2748/2202/2594 2751/2205/2597
f 2751/2205/2597 2684/2138/2531 2679/2133/2526
f 2752/2206/2598 2750/2204/2596 2753/2207/2599
f 2753/2207/2599 2751/2205/2597 2754/2208/2600
f 2754/2208/2600 2679/2133/2526 2675/2129/2522
f 2755/2209/2601 2753/2207/2599 2756/2210/2602
f 2756/2210/2602 2754/2208/2600 2757/2211/2603
f 2757/2211/2603 2675/2129/2522 2671/2125/2518
f 2758/2212/2604 2756/2210/2602 2759/2213/2605
f 2759/2213/2605 2757/2211/2603 2760/2214/2606
f 2760/2214/2606 2671/2125/2518 2667/2121/2514
f 2761/2215/2607 2759/2213/2605 2762/2216/2608
f 2762/2216/2608 2760/2214/2606 2763/2217/2609
f 2763/2217/2609 2667/2121/2514 2663/2117/2510
f 2764/2218/2610 2762/2216/2608 2765/2219/2611
f 2765/2219/2611 2763/2217/2609 2766/2220/2612
f 2766/2220/2612 2663/2117/2510 2659/2113/2506
f 2767/2221/2613 2765/2219/2611 2768/2222/2614
f 2768/2222/2614 2766/2220/2612 2769/2223/2615
f 2769/2223/2615 2659/2113/2506 2655/2109/2502
f 2770/2224/2616 2768/2222/2614 2771/2225/2617
f 2771/2225/2617 2769/2223/2615 2772/2226/2618
f 2772/2226/2618 2655/2109/2502 2651/2105/2498
f 2773/2227/2619 2771/2225/2617 2774/2228/2620
f 2774/2228/2620 2772/2226/2618 2775/2229/2621
f 2775/2229/2621 2651/2105/2498 2645/2099/2489
f 2776/2230/2622 2777/2231/2623 2778/2232/2624
f 2779/2233/2620 2780/2234/2625 2777/2231/2623
f 2781/2235/2626 2637/2091/2485 2780/2234/2625
f 2778/2232/2624 2782/2236/2627 2783/2237/2628
f 2777/2231/2623 2784/2238/2629 2782/2236/2627
f 2780/2234/2625 2633/2087/2481 2784/2238/2629
f 2783/2237/2628 2785/2239/2630 2786/2240/2631
f 2782/2236/2627 2787/2241/2632 2785/2239/2630
f 2784/2238/2629 2629/2083/2477 2787/2241/2632
f 2786/2240/2631 2788/2242/2633 2789/2243/2634
f 2785/2239/2630 2790/2244/2635 2788/2242/2633
f 2787/2241/2632 2625/2079/2473 2790/2244/2635
f 2789/2243/2634 2791/2245/2636 2792/2246/2637
f 2788/2242/2633 2793/2247/2638 2791/2245/2636
f 2790/2244/2635 2621/2075/2469 2793/2247/2638
f 2792/2246/2637 2794/2248/2639 2795/2249/2640
f 2791/2245/2636 2796/2250/2641 2794/2248/2639
f 2793/2247/2638 2617/2071/2465 2796/2250/2641
f 2795/2249/2640 2797/2251/2642 2798/2252/2643
f 2794/2248/2639 2799/2253/2644 2797/2251/2642
f 2796/2250/2641 2613/2067/2461 2799/2253/2644
f 2798/2252/2643 2800/2254/2645 2801/2255/2646
f 2797/2251/2642 2802/2256/2647 2800/2254/2645
f 2799/2253/2644 2607/2061/2455 2802/2256/2647
f 2801/2255/2646 2803/2257/2648 2804/2258/2649
f 2800/2254/2645 2805/2259/2650 2803/2257/2648
f 2802/2256/2647 2609/2063/2457 2805/2259/2650
f 2806/2260/2651 2807/2261/2652 2808/2262/2653
f 2807/2261/2652 2809/2263/2654 2810/2264/2655
f 2810/2264/2655 2811/2265/2656 2601/2055/2449
f 2812/2266/2657 2813/2267/2658 2814/2268/2659
f 2814/2268/2659 2815/2269/2660 2816/2270/2661
f 2816/2270/2661 2817/2271/2662 2597/2051/2445
f 2818/2272/2663 2814/2268/2659 2819/2273/2664
f 2819/2273/2664 2816/2270/2661 2820/2274/2665
f 2820/2274/2665 2597/2051/2445 2593/2047/2441
f 2821/2275/2666 2819/2273/2664 2822/2276/2667
f 2822/2276/2667 2820/2274/2665 2823/2277/2668
f 2823/2277/2668 2593/2047/2441 2589/2043/2437
f 2824/2278/2669 2822/2276/2667 2825/2279/2670
f 2825/2279/2670 2823/2277/2668 2826/2280/2671
f 2826/2280/2671 2589/2043/2437 2585/2039/2433
f 2827/2281/2672 2825/2279/2670 2828/2282/2673
f 2828/2282/2673 2826/2280/2671 2829/2283/2674
f 2829/2283/2674 2585/2039/2433 2581/2035/2429
f 2830/2284/2675 2828/2282/2673 2831/2285/2676
f 2831/2285/2676 2829/2283/2674 2832/2286/2677
f 2832/2286/2677 2581/2035/2429 2577/2031/2425
f 2833/2287/2678 2831/2285/2676 2834/2288/2679
f 2834/2288/2679 2832/2286/2677 2835/2289/2680
f 2835/2289/2680 2577/2031/2425 2573/2027/2421
f 2836/2290/2565 2834/2288/2679 2837/2291/2681
f 2837/2291/2681 2835/2289/2680 2838/2292/2682
f 2838/2292/2682 2573/2027/2421 2567/2021/2415
f 2839/2293/2417 2840/2294/2683 2716/2170/2563
f 2841/2295/2684 2842/2296/2685 2840/2294/2683
f 2843/2297/2686 2713/2167/2560 2842/2296/2685
f 2716/2170/2563 2844/2298/2687 2712/2166/2559
f 2840/2294/2683 2845/2299/2688 2844/2298/2687
f 2842/2296/2685 2709/2163/2556 2845/2299/2688
f 2712/2166/2559 2846/2300/2689 2708/2162/2555
f 2844/2298/2687 2847/2301/2690 2846/2300/2689
f 2845/2299/2688 2705/2159/2552 2847/2301/2690
f 2708/2162/2555 2848/2302/2691 2704/2158/2551
f 2846/2300/2689 2849/2303/2692 2848/2302/2691
f 2847/2301/2690 2701/2155/2548 2849/2303/2692
f 2704/2158/2551 2850/2304/2693 2700/2154/2547
f 2848/2302/2691 2851/2305/2694 2850/2304/2693
f 2849/2303/2692 2702/2156/2549 2851/2305/2694
f 2696/2150/2543 2850/2304/2693 2852/2306/2695
f 2852/2306/2695 2851/2305/2694 2853/2307/2696
f 2853/2307/2696 2702/2156/2549 2697/2151/2544
f 2692/2146/2539 2852/2306/2695 2854/2308/2697
f 2854/2308/2697 2853/2307/2696 2855/2309/2698
f 2855/2309/2698 2697/2151/2544 2693/2147/2540
f 2688/2142/2535 2854/2308/2697 2856/2310/2699
f 2856/2310/2699 2855/2309/2698 2857/2311/2700
f 2857/2311/2700 2693/2147/2540 2689/2143/2536
f 2688/2142/2535 2858/2312/2701 2680/2134/2527
f 2858/2312/2701 2857/2311/2700 2859/2313/2702
f 2859/2313/2702 2689/2143/2536 2681/2135/2528
f 2680/2134/2527 2860/2314/2703 2676/2130/2523
f 2858/2312/2701 2861/2315/2704 2860/2314/2703
f 2859/2313/2702 2677/2131/2524 2861/2315/2704
f 2676/2130/2523 2862/2316/2705 2672/2126/2519
f 2860/2314/2703 2863/2317/2706 2862/2316/2705
f 2861/2315/2704 2673/2127/2520 2863/2317/2706
f 2672/2126/2519 2864/2318/2707 2668/2122/2515
f 2862/2316/2705 2865/2319/2708 2864/2318/2707
f 2863/2317/2706 2669/2123/2516 2865/2319/2708
f 2668/2122/2515 2866/2320/2709 2664/2118/2511
f 2864/2318/2707 2867/2321/2710 2866/2320/2709
f 2865/2319/2708 2670/2124/2517 2867/2321/2710
f 2664/2118/2511 2868/2322/2711 2660/2114/2507
f 2866/2320/2709 2869/2323/2712 2868/2322/2711
f 2869/2323/2712 2670/2124/2517 2665/2119/2512
f 2656/2110/2503 2868/2322/2711 2870/2324/2713
f 2870/2324/2713 2869/2323/2712 2871/2325/2714
f 2871/2325/2714 2665/2119/2512 2661/2115/2508
f 2652/2106/2499 2870/2324/2713 2872/2326/2715
f 2872/2326/2715 2871/2325/2714 2873/2327/2716
f 2873/2327/2716 2661/2115/2508 2657/2111/2504
f 2646/2100/2493 2872/2326/2715 2874/2328/2717
f 2874/2328/2717 2873/2327/2716 2875/2329/2718
f 2875/2329/2718 2657/2111/2504 2653/2107/2500
f 2647/2101/2494 2874/2328/2717 2876/2330/2719
f 2876/2330/2719 2875/2329/2718 2877/2331/2720
f 2877/2331/2720 2653/2107/2500 2648/2102/2495
f 2642/2096/2490 2878/2332/2719 2879/2333/2721
f 2879/2333/2721 2880/2334/2720 2881/2335/2722
f 2880/2334/2720 2639/2093/2487 2881/2335/2722
f 2642/2096/2490 2882/2336/2723 2638/2092/2486
f 2879/2333/2721 2883/2337/2724 2882/2336/2723
f 2881/2335/2722 2635/2089/2483 2883/2337/2724
f 2638/2092/2486 2884/2338/2725 2634/2088/2482
f 2882/2336/2723 2885/2339/2726 2884/2338/2725
f 2883/2337/2724 2631/2085/2479 2885/2339/2726
f 2634/2088/2482 2886/2340/2727 2630/2084/2478
f 2884/2338/2725 2887/2341/2728 2886/2340/2727
f 2885/2339/2726 2627/2081/2475 2887/2341/2728
f 2630/2084/2478 2888/2342/2729 2626/2080/2474
f 2886/2340/2727 2889/2343/2730 2888/2342/2729
f 2887/2341/2728 2623/2077/2471 2889/2343/2730
f 2626/2080/2474 2890/2344/2731 2622/2076/2470
f 2888/2342/2729 2891/2345/2732 2890/2344/2731
f 2889/2343/2730 2619/2073/2467 2891/2345/2732
f 2622/2076/2470 2892/2346/2733 2618/2072/2466
f 2890/2344/2731 2893/2347/2734 2892/2346/2733
f 2891/2345/2732 2615/2069/2463 2893/2347/2734
f 2618/2072/2466 2894/2348/2735 2614/2068/2462
f 2892/2346/2733 2895/2349/2736 2894/2348/2735
f 2893/2347/2734 2610/2064/2458 2895/2349/2736
f 2614/2068/2462 2896/2350/2737 2608/2062/2456
f 2894/2348/2735 2897/2351/2738 2896/2350/2737
f 2895/2349/2736 2612/2066/2460 2897/2351/2738
f 2603/2057/2451 2898/2352/2739 2899/2353/2740
f 2899/2353/2740 2900/2354/2741 2901/2355/2742
f 2901/2355/2742 2902/2356/2743 2604/2058/2452
f 2594/2048/2442 2903/2357/2744 2904/2358/2745
f 2904/2358/2745 2905/2359/2746 2906/2360/2747
f 2906/2360/2747 2907/2361/2748 2599/2053/2447
f 2590/2044/2438 2904/2358/2745 2908/2362/2749
f 2908/2362/2749 2906/2360/2747 2909/2363/2750
f 2909/2363/2750 2599/2053/2447 2595/2049/2443
f 2586/2040/2434 2908/2362/2749 2910/2364/2751
f 2910/2364/2751 2909/2363/2750 2911/2365/2752
f 2911/2365/2752 2595/2049/2443 2591/2045/2439
f 2582/2036/2430 2910/2364/2751 2912/2366/2753
f 2912/2366/2753 2911/2365/2752 2913/2367/2754
f 2913/2367/2754 2591/2045/2439 2587/2041/2435
f 2578/2032/2426 2912/2366/2753 2914/2368/2755
f 2914/2368/2755 2913/2367/2754 2915/2369/2756
f 2915/2369/2756 2587/2041/2435 2583/2037/2431
f 2574/2028/2422 2914/2368/2755 2916/2370/2757
f 2916/2370/2757 2915/2369/2756 2917/2371/2758
f 2917/2371/2758 2583/2037/2431 2579/2033/2427
f 2568/2022/2416 2916/2370/2757 2918/2372/2759
f 2918/2372/2759 2917/2371/2758 2919/2373/2760
f 2919/2373/2760 2579/2033/2427 2575/2029/2423
f 2569/2023/2417 2918/2372/2759 2920/2374/2684
f 2920/2374/2684 2919/2373/2760 2921/2375/2686
f 2921/2375/2686 2575/2029/2423 2570/2024/2418
f 2922/2021/2761 2923/2022/2762 2924/2376/2763
f 2925/2024/2764 2926/2025/2765 2927/2029/2766
f 2924/2376/2763 2928/2377/2767 2929/2031/2768
f 2927/2029/2766 2930/2378/2769 2931/2033/2770
f 2929/2031/2768 2932/2032/2771 2933/2035/2772
f 2931/2033/2770 2934/2034/2773 2935/2037/2774
f 2933/2035/2772 2936/2379/2775 2937/2039/2776
f 2935/2037/2774 2938/2380/2777 2939/2041/2778
f 2937/2039/2776 2940/2381/2779 2941/2382/2780
f 2939/2041/2778 2942/2383/2781 2943/2045/2782
f 2941/2382/2780 2944/2044/2783 2945/2047/2784
f 2943/2045/2782 2946/2046/2785 2947/2049/2786
f 2945/2047/2784 2948/2048/2787 2949/2051/2788
f 2947/2049/2786 2950/2384/2789 2951/2385/2790
f 2949/2051/2788 2952/2052/2791 2953/2271/2792
f 2950/2384/2789 2954/2361/2793 2951/2385/2790
f 2955/2055/2794 2956/2056/2795 2957/2265/2796
f 2958/2386/2797 2959/2059/2798 2960/2356/2799
f 2961/2062/2800 2962/2387/2801 2963/2388/2802
f 2964/2389/2803 2965/2064/2804 2966/2390/2805
f 2967/2068/2806 2968/2067/2807 2962/2387/2801
f 2969/2070/2808 2970/2391/2809 2965/2064/2804
f 2971/2072/2810 2972/2071/2811 2968/2067/2807
f 2973/2392/2812 2974/2073/2813 2970/2391/2809
f 2975/2076/2814 2976/2075/2815 2972/2071/2811
f 2977/2078/2816 2978/2077/2817 2974/2073/2813
f 2979/2393/2818 2980/2079/2819 2976/2075/2815
f 2981/2082/2820 2982/2081/2821 2978/2077/2817
f 2983/2084/2822 2984/2083/2823 2980/2079/2819
f 2982/2081/2821 2985/2394/2824 2986/2395/2825
f 2987/2396/2826 2988/2397/2827 2984/2083/2823
f 2985/2394/2824 2989/2089/2828 2986/2395/2825
f 2990/2092/2829 2991/2091/2830 2988/2397/2827
f 2992/2398/2831 2993/2093/2832 2989/2089/2828
f 2994/2399/2833 2995/2095/2834 2991/2091/2830
f 2996/2098/2835 2997/2097/2836 2993/2093/2832
f 2998/2099/2837 2999/2400/2838 3000/2105/2839
f 3001/2401/2840 3002/2402/2841 3003/2107/2842
f 3000/2105/2839 3004/2106/2843 3005/2109/2844
f 3003/2107/2842 3006/2108/2845 3007/2111/2846
f 3005/2109/2844 3008/2403/2847 3009/2113/2848
f 3007/2111/2846 3010/2404/2849 3011/2115/2850
f 3009/2113/2848 3012/2405/2851 3013/2117/2852
f 3011/2115/2850 3014/2406/2853 3015/2119/2854
f 3013/2117/2852 3016/2118/2855 3017/2121/2856
f 3015/2119/2854 3018/2120/2857 3019/2124/2858
f 3017/2121/2856 3020/2122/2859 3021/2125/2860
f 3018/2120/2857 3022/2407/2861 3019/2124/2858
f 3021/2125/2860 3023/2408/2862 3024/2129/2863
f 3025/2128/2864 3026/2409/2865 3022/2407/2861
f 3024/2129/2863 3027/2130/2866 3028/2410/2867
f 3029/2132/2868 3030/2131/2869 3026/2409/2865
f 3028/2410/2867 3031/2134/2870 3032/2138/2871
f 3033/2411/2872 3034/2412/2873 3030/2131/2869
f 3031/2134/2870 3035/2413/2874 3032/2138/2871
f 3034/2412/2873 3036/2139/2875 3037/2414/2876
f 3038/2415/2877 3039/2141/2878 3035/2413/2874
f 3037/2414/2876 3040/2144/2879 3041/2416/2880
f 3042/2146/2881 3043/2145/2882 3039/2141/2878
f 3041/2416/2880 3044/2148/2883 3045/2151/2884
f 3046/2150/2885 3047/2149/2886 3043/2145/2882
f 3045/2151/2884 3048/2152/2887 3049/2156/2888
f 3050/2154/2889 3051/2417/2890 3047/2149/2886
f 3048/2152/2887 3052/2155/2891 3049/2156/2888
f 3053/2418/2892 3054/2157/2893 3051/2417/2890
f 3055/2160/2894 3056/2159/2895 3052/2155/2891
f 3057/2419/2896 3058/2161/2897 3054/2157/2893
f 3059/2164/2898 3060/2163/2899 3056/2159/2895
f 3061/2166/2900 3062/2165/2901 3058/2161/2897
f 3063/2420/2902 3064/2421/2903 3060/2163/2899
f 3065/2170/2904 3066/2422/2761 3062/2165/2901
f 3067/2423/2905 3068/2424/2764 3064/2421/2903
f 3069/2425/2906 3070/2426/2907 3071/2175/2908
f 3072/2177/2909 3073/2427/2910 3069/2425/2906
f 3062/2165/2901 3074/2428/2911 3072/2177/2909
f 3075/2429/2912 3071/2175/2908 3076/2430/2913
f 3077/2181/2914 3069/2425/2906 3075/2429/2912
f 3058/2161/2897 3072/2177/2909 3077/2181/2914
f 3078/2182/2915 3076/2430/2913 3079/2431/2916
f 3080/2184/2917 3075/2429/2912 3078/2182/2915
f 3054/2157/2893 3077/2181/2914 3080/2184/2917
f 3081/2185/2918 3079/2431/2916 3082/2432/2919
f 3083/2187/2920 3078/2182/2915 3081/2185/2918
f 3051/2417/2890 3080/2184/2917 3083/2187/2920
f 3084/2433/2921 3082/2432/2919 3085/2189/2922
f 3086/2190/2923 3081/2185/2918 3084/2433/2921
f 3047/2149/2886 3083/2187/2920 3086/2190/2923
f 3087/2191/2924 3085/2189/2922 3088/2434/2925
f 3089/2193/2926 3084/2433/2921 3087/2191/2924
f 3043/2145/2882 3086/2190/2923 3089/2193/2926
f 3090/2435/2927 3088/2434/2925 3091/2195/2928
f 3092/2436/2929 3087/2191/2924 3090/2435/2927
f 3039/2141/2878 3089/2193/2926 3092/2436/2929
f 3093/2437/2930 3091/2195/2928 3094/2438/2931
f 3095/2199/2932 3090/2435/2927 3093/2437/2930
f 3035/2413/2874 3092/2436/2929 3095/2199/2932
f 3096/2439/2933 3093/2437/2930 3094/2438/2931
f 3097/2202/2934 3093/2437/2930 3098/2440/2935
f 3032/2138/2871 3095/2199/2932 3097/2202/2934
f 3099/2203/2936 3098/2440/2935 3096/2439/2933
f 3100/2441/2937 3097/2202/2934 3098/2440/2935
f 3101/2442/2938 3032/2138/2871 3097/2202/2934
f 3102/2443/2939 3100/2441/2937 3099/2203/2936
f 3103/2444/2940 3101/2442/2938 3100/2441/2937
f 3104/2445/2941 3028/2410/2867 3101/2442/2938
f 3105/2446/2942 3103/2444/2940 3102/2443/2939
f 3106/2210/2943 3104/2445/2941 3103/2444/2940
f 3107/2447/2944 3024/2129/2863 3104/2445/2941
f 3108/2212/2945 3106/2210/2943 3105/2446/2942
f 3109/2213/2946 3107/2447/2944 3106/2210/2943
f 3110/2214/2947 3021/2125/2860 3107/2447/2944
f 3111/2448/2948 3109/2213/2946 3108/2212/2945
f 3112/2216/2949 3110/2214/2947 3109/2213/2946
f 3113/2217/2950 3017/2121/2856 3110/2214/2947
f 3114/2218/2951 3112/2216/2949 3111/2448/2948
f 3115/2219/2952 3113/2217/2950 3112/2216/2949
f 3116/2220/2953 3013/2117/2852 3113/2217/2950
f 3117/2221/2954 3115/2219/2952 3114/2218/2951
f 3118/2222/2955 3116/2220/2953 3115/2219/2952
f 3119/2449/2956 3009/2113/2848 3116/2220/2953
f 3120/2450/2957 3118/2222/2955 3117/2221/2954
f 3121/2225/2958 3119/2449/2956 3118/2222/2955
f 3122/2451/2959 3005/2109/2844 3119/2449/2956
f 3123/2452/2960 3121/2225/2958 3120/2450/2957
f 3124/2453/2961 3122/2451/2959 3121/2225/2958
f 3125/2454/2962 3000/2105/2839 3122/2451/2959
f 3126/2231/2963 3127/2455/2964 3128/2232/2965
f 3129/2234/2966 3130/2233/2967 3126/2231/2963
f 2991/2091/2830 3131/2235/2968 3129/2234/2966
f 3132/2236/2969 3128/2232/2965 3133/2237/2970
f 3134/2238/2971 3126/2231/2963 3132/2236/2969
f 2988/2397/2827 3129/2234/2966 3134/2238/2971
f 3135/2456/2972 3133/2237/2970 3136/2457/2973
f 3137/2458/2974 3132/2236/2969 3135/2456/2972
f 2984/2083/2823 3134/2238/2971 3137/2458/2974
f 3138/2242/2975 3136/2457/2973 3139/2459/2976
f 3140/2244/2977 3135/2456/2972 3138/2242/2975
f 2980/2079/2819 3137/2458/2974 3140/2244/2977
f 3141/2460/2978 3139/2459/2976 3142/2461/2979
f 3143/2247/2980 3138/2242/2975 3141/2460/2978
f 2976/2075/2815 3140/2244/2977 3143/2247/2980
f 3144/2462/2981 3142/2461/2979 3145/2249/2982
f 3146/2250/2983 3141/2460/2978 3144/2462/2981
f 2972/2071/2811 3143/2247/2980 3146/2250/2983
f 3147/2463/2984 3145/2249/2982 3148/2464/2985
f 3149/2465/2986 3144/2462/2981 3147/2463/2984
f 2968/2067/2807 3146/2250/2983 3149/2465/2986
f 3150/2254/2987 3148/2464/2985 3151/2466/2988
f 3152/2256/2989 3147/2463/2984 3150/2254/2987
f 2962/2387/2801 3149/2465/2986 3152/2256/2989
f 3153/2467/2990 3151/2466/2988 3154/2468/2991
f 3155/2469/2992 3150/2254/2987 3153/2467/2990
f 2963/2388/2802 3152/2256/2989 3155/2469/2992
f 3156/2470/2993 3157/2260/2994 3158/2262/2995
f 3156/2470/2993 3159/2471/2996 3160/2472/2997
f 3161/2264/2998 2957/2265/2796 3159/2471/2996
f 3162/2266/2999 3163/2267/3000 3164/2473/3001
f 3165/2474/3002 3166/2475/3003 3163/2267/3000
f 3167/2270/3004 2953/2271/2792 3166/2475/3003
f 3168/2272/3005 3165/2474/3002 3162/2266/2999
f 3169/2476/3006 3167/2270/3004 3165/2474/3002
f 3170/2274/3007 2949/2051/2788 3167/2270/3004
f 3171/2275/3008 3169/2476/3006 3168/2272/3005
f 3172/2276/3009 3170/2274/3007 3169/2476/3006
f 3173/2277/3010 2945/2047/2784 3170/2274/3007
f 3174/2278/3011 3172/2276/3009 3171/2275/3008
f 3175/2279/3012 3173/2277/3010 3172/2276/3009
f 3176/2280/3013 2941/2382/2780 3173/2277/3010
f 3177/2477/3014 3175/2279/3012 3174/2278/3011
f 3178/2478/3015 3176/2280/3013 3175/2279/3012
f 3179/2283/3016 2937/2039/2776 3176/2280/3013
f 3180/2284/3017 3178/2478/3015 3177/2477/3014
f 3181/2285/3018 3179/2283/3016 3178/2478/3015
f 3182/2286/3019 2933/2035/2772 3179/2283/3016
f 3183/2287/3020 3181/2285/3018 3180/2284/3017
f 3184/2479/3021 3182/2286/3019 3181/2285/3018
f 3185/2480/3022 2929/2031/2768 3182/2286/3019
f 3186/2290/3023 3184/2479/3021 3183/2287/3020
f 3187/2481/2910 3185/2480/3022 3184/2479/3021
f 3188/2292/3024 2924/2376/2763 3185/2480/3022
f 3189/2294/3025 3190/2482/3026 3065/2170/2904
f 3191/2483/3027 3192/2295/3028 3189/2294/3025
f 3064/2421/2903 3193/2484/3029 3191/2483/3027
f 3194/2298/3030 3065/2170/2904 3061/2166/2900
f 3195/2299/3031 3189/2294/3025 3194/2298/3030
f 3060/2163/2899 3191/2483/3027 3195/2299/3031
f 3196/2300/3032 3061/2166/2900 3057/2419/2896
f 3197/2485/3033 3194/2298/3030 3196/2300/3032
f 3056/2159/2895 3195/2299/3031 3197/2485/3033
f 3198/2302/3034 3057/2419/2896 3053/2418/2892
f 3199/2303/3035 3196/2300/3032 3198/2302/3034
f 3052/2155/2891 3197/2485/3033 3199/2303/3035
f 3200/2304/3036 3053/2418/2892 3050/2154/2889
f 3201/2305/3037 3198/2302/3034 3200/2304/3036
f 3049/2156/2888 3199/2303/3035 3201/2305/3037
f 3202/2306/3038 3050/2154/2889 3046/2150/2885
f 3203/2307/3039 3200/2304/3036 3202/2306/3038
f 3045/2151/2884 3201/2305/3037 3203/2307/3039
f 3042/2146/2881 3202/2306/3038 3046/2150/2885
f 3204/2308/3040 3203/2307/3039 3202/2306/3038
f 3205/2486/3041 3045/2151/2884 3203/2307/3039
f 3038/2415/2877 3204/2308/3040 3042/2146/2881
f 3206/2487/3042 3205/2486/3041 3204/2308/3040
f 3207/2311/3043 3041/2416/2880 3205/2486/3041
f 3208/2312/3044 3038/2415/2877 3031/2134/2870
f 3209/2488/3045 3206/2487/3042 3208/2312/3044
f 3209/2488/3045 3037/2414/2876 3207/2311/3043
f 3027/2130/2866 3208/2312/3044 3031/2134/2870
f 3210/2315/3046 3208/2312/3044 3211/2314/3047
f 3030/2131/2869 3209/2488/3045 3210/2315/3046
f 3212/2489/3048 3027/2130/2866 3023/2408/2862
f 3213/2317/3049 3211/2314/3047 3212/2489/3048
f 3026/2409/2865 3210/2315/3046 3213/2317/3049
f 3214/2318/3050 3023/2408/2862 3020/2122/2859
f 3215/2319/3051 3212/2489/3048 3214/2318/3050
f 3022/2407/2861 3213/2317/3049 3215/2319/3051
f 3216/2320/3052 3020/2122/2859 3016/2118/2855
f 3217/2321/3053 3214/2318/3050 3216/2320/3052
f 3019/2124/2858 3215/2319/3051 3217/2321/3053
f 3218/2490/3054 3016/2118/2855 3012/2405/2851
f 3218/2490/3054 3217/2321/3053 3216/2320/3052
f 3219/2491/3055 3019/2124/2858 3217/2321/3053
f 3008/2403/2847 3218/2490/3054 3012/2405/2851
f 3220/2492/3056 3219/2491/3055 3218/2490/3054
f 3221/2493/3057 3015/2119/2854 3219/2491/3055
f 3004/2106/2843 3220/2492/3056 3008/2403/2847
f 3222/2326/3058 3221/2493/3057 3220/2492/3056
f 3223/2494/3059 3011/2115/2850 3221/2493/3057
f 2999/2400/2838 3222/2326/3058 3004/2106/2843
f 3224/2328/3060 3223/2494/3059 3222/2326/3058
f 3225/2329/3061 3007/2111/2846 3223/2494/3059
f 3226/2101/3062 3224/2328/3060 2999/2400/2838
f 3227/2330/3063 3225/2329/3061 3224/2328/3060
f 3228/2331/3064 3003/2107/2842 3225/2329/3061
f 2994/2399/2833 3229/2495/3063 3230/2496/3062
f 3231/2333/3065 3232/2334/3064 3229/2495/3063
f 2993/2093/2832 3232/2334/3064 3233/2497/3066
f 3234/2336/3067 2994/2399/2833 2990/2092/2829
f 3235/2498/3068 3231/2333/3065 3234/2336/3067
f 2989/2089/2828 3233/2497/3066 3235/2498/3068
f 3236/2338/3069 2990/2092/2829 2987/2396/2826
f 3237/2499/3070 3234/2336/3067 3236/2338/3069
f 2986/2395/2825 3235/2498/3068 3237/2499/3070
f 3238/2340/3071 2987/2396/2826 2983/2084/2822
f 3238/2340/3071 3237/2499/3070 3236/2338/3069
f 3239/2500/3072 2986/2395/2825 3237/2499/3070
f 3240/2342/3073 2983/2084/2822 2979/2393/2818
f 3240/2342/3073 3239/2500/3072 3238/2340/3071
f 2978/2077/2817 3239/2500/3072 3241/2501/3074
f 3242/2344/3075 2979/2393/2818 2975/2076/2814
f 3243/2502/3076 3240/2342/3073 3242/2344/3075
f 2974/2073/2813 3241/2501/3074 3243/2502/3076
f 3244/2346/3077 2975/2076/2814 2971/2072/2810
f 3245/2503/3078 3242/2344/3075 3244/2346/3077
f 2970/2391/2809 3243/2502/3076 3245/2503/3078
f 3246/2348/3079 2971/2072/2810 2967/2068/2806
f 3247/2349/3080 3244/2346/3077 3246/2348/3079
f 2965/2064/2804 3245/2503/3078 3247/2349/3080
f 3248/2504/3081 2967/2068/2806 2961/2062/2800
f 3249/2505/3082 3246/2348/3079 3248/2504/3081
f 2966/2390/2805 3247/2349/3080 3249/2505/3082
f 3250/2506/3083 3251/2352/3084 2956/2056/2795
f 3252/2507/3085 3253/2508/3086 3251/2352/3084
f 3254/2509/3087 2960/2356/2799 3253/2508/3086
f 2948/2048/2787 3255/2510/3088 2952/2052/2791
f 3256/2358/3089 3257/2511/3090 3255/2510/3088
f 3258/2360/3091 2954/2361/2793 3257/2511/3090
f 2944/2044/2783 3256/2358/3089 2948/2048/2787
f 3259/2362/3092 3258/2360/3091 3256/2358/3089
f 3260/2512/3093 2951/2385/2790 3258/2360/3091
f 2940/2381/2779 3259/2362/3092 2944/2044/2783
f 3261/2364/3094 3260/2512/3093 3259/2362/3092
f 3262/2365/3095 2947/2049/2786 3260/2512/3093
f 2936/2379/2775 3261/2364/3094 2940/2381/2779
f 3263/2367/3096 3261/2364/3094 3264/2366/3097
f 2939/2041/2778 3262/2365/3095 3263/2367/3096
f 2932/2032/2771 3264/2366/3097 2936/2379/2775
f 3265/2368/3098 3263/2367/3096 3264/2366/3097
f 3266/2513/3099 2939/2041/2778 3263/2367/3096
f 2928/2377/2767 3265/2368/3098 2932/2032/2771
f 3267/2514/3100 3266/2513/3099 3265/2368/3098
f 3268/2515/3101 2935/2037/2774 3266/2513/3099
f 2923/2022/2762 3267/2514/3100 2928/2377/2767
f 3269/2372/3102 3268/2515/3101 3267/2514/3100
f 3270/2373/3103 2931/2033/2770 3268/2515/3101
f 3271/2516/3026 3269/2372/3102 2923/2022/2762
f 3272/2374/3104 3270/2373/3103 3269/2372/3102
f 3273/2517/3029 2927/2029/2766 3270/2373/3103
f 2827/2281/2672 3274/2278/3105 2824/2278/2669
f 3275/2026/2420 2926/2025/2765 3276/2518/3106
f 2571/2025/2419 3277/2378/3107 3278/2025/3108
f 3279/2030/3109 2934/2034/2773 2930/2378/2769
f 2584/2038/2432 3280/2034/3110 2580/2034/2428
f 3281/2042/3111 2938/2380/2777 3282/2038/3112
f 2818/2272/2663 3283/2275/3113 3284/2272/3114
f 2592/2046/2440 3285/2383/2781 2588/2042/2436
f 2818/2272/2663 3286/2266/3115 2812/2266/2657
f 2592/2046/2440 3287/2384/3116 3288/2046/2785
f 3289/2054/3117 2950/2384/2789 3290/2050/3118
f 2606/2060/2454 3291/2059/3119 3292/2060/3120
f 2804/2258/2649 3293/2260/2994 3294/2468/2991
f 2616/2070/2464 3295/2389/3121 2611/2065/2459
f 2620/2074/2468 3296/2070/3122 2616/2070/2464
f 2620/2074/2468 3297/2078/3123 3298/2392/3124
f 3299/2249/3125 3142/2461/2979 3300/2246/3126
f 2624/2078/2472 3301/2082/2820 3297/2078/3123
f 2628/2082/2476 3302/2519/3127 3301/2082/2820
f 2632/2086/2480 3303/2394/3128 3302/2519/3127
f 3304/2094/2488 3305/2394/3128 3306/2090/3129
f 2644/2098/2492 3307/2398/3130 2640/2094/2488
f 2650/2104/2497 3308/2402/3131 3309/2104/3132
f 2649/2103/2496 3310/2108/3133 3308/2402/3131
f 2654/2108/2501 3311/2404/3134 3310/2108/3133
f 2764/2218/2610 3312/2448/3135 2761/2215/2607
f 2662/2116/2509 3311/2404/3134 2658/2112/2505
f 2758/2212/2604 3312/2448/3135 3313/2212/3136
f 2666/2120/2513 3314/2406/3137 2662/2116/2509
f 3315/2212/2604 3316/2446/2942 3317/2209/3138
f 2674/2128/2521 3318/2120/2857 2666/2120/2513
f 2752/2206/2598 3319/2446/3139 3320/2443/3140
f 2674/2128/2521 3321/2132/3141 3322/2128/3142
f 2682/2136/2529 3321/2132/3141 2678/2132/2525
f 2682/2136/2529 3323/2140/3143 3324/2411/3144
f 2686/2140/2533 3325/2139/3145 3323/2140/3143
f 2685/2139/2532 3326/2144/3146 3325/2139/3145
f 2694/2148/2541 3326/2144/3146 2690/2144/2537
f 2694/2148/2541 3327/2152/3147 3328/2148/3148
f 2698/2152/2545 3329/2160/3149 3327/2152/3147
f 2706/2160/2553 3330/2164/3150 3329/2160/3149
f 2714/2168/2561 3330/2164/3150 2710/2164/2557
f 3331/2172/3151 3063/2420/2902 3332/2168/2561
f 2744/2198/2590 3333/2195/2928 2741/2195/2587
f 3334/2180/3152 3079/2431/2916 3076/2430/2913
f 2836/2290/2565 3335/2287/3153 2833/2287/2678
f 2833/2287/2678 3336/2284/3154 2830/2284/2675
f 3337/2284/3155 3177/2477/3014 3338/2281/3156
f 2821/2275/2666 3274/2278/3105 3283/2275/3113
f 3339/2473/3157 3162/2266/2999 3164/2473/3001
f 3339/2473/3157 3340/2520/3158 3341/2521/3159
f 2749/2203/2595 3342/2439/3160 2746/2200/2592
f 2749/2203/2595 3320/2443/3140 3343/2203/2936
f 2767/2221/2613 3344/2218/3161 2764/2218/2610
f 2770/2224/2616 3345/2221/3162 2767/2221/2613
f 2773/2227/2619 3346/2450/3163 2770/2224/2616
f 2801/2255/2646 3347/2464/3164 2798/2252/2643
f 2795/2249/2640 3347/2464/3164 3348/2249/3165
f 3300/2246/3126 3139/2459/2976 3349/2243/2634
f 2786/2240/2631 3350/2459/3166 3351/2457/3167
f 2783/2237/2628 3351/2457/3167 3352/2237/3168
f 2778/2232/2624 3352/2237/3168 3353/2232/3169
f 2778/2232/2624 3354/2455/3170 2776/2230/2622
f 2644/2098/2492 3355/2522/3171 3356/2098/3172
f 2746/2200/2592 3357/2438/3173 2744/2198/2590
f 3358/2195/3174 3088/2434/2925 3359/2192/2584
f 2738/2192/2584 3360/2189/3175 2735/2189/2581
f 2735/2189/2581 3361/2432/3176 2732/2186/2578
f 2729/2183/2575 3361/2432/3176 3362/2431/3177
f 2721/2175/2567 3363/2430/3178 3364/2175/3179
f 2719/2173/2565 3364/2175/3179 3365/2426/3023
f 3366/2523/3180 3067/2423/2905 3331/2172/3151
f 3367/2521/3159 3368/2262/3181 2808/2262/2653
f 3289/2054/3117 3369/2524/3182 3370/2525/3183
f 3257/2511/3090 3371/2526/3184 3372/2527/3185
f 3255/2510/3088 3372/2527/3185 3373/2528/3186
f 2952/2052/2791 3373/2528/3186 3374/2529/3187
f 3166/2475/3003 3375/2530/3188 3376/2531/3189
f 3163/2267/3000 3376/2531/3189 3377/2532/3190
f 3164/2473/3001 3377/2532/3190 3340/2520/3158
f 2954/2361/2793 3369/2524/3182 3371/2526/3184
f 2953/2271/2792 3374/2529/3187 3375/2530/3188
f 2905/2359/2746 3378/2526/3191 2907/2361/2748
f 2903/2357/2744 3379/2533/3192 2905/2359/2746
f 2598/2052/2446 3380/2528/3193 2903/2357/2744
f 2815/2269/2660 3381/2534/3194 2817/2271/2662
f 2813/2267/2658 3382/2535/3195 2815/2269/2660
f 3383/2473/3196 3384/2536/3197 2813/2267/2658
f 2907/2361/2748 3385/2537/3198 2600/2054/2448
f 2817/2271/2662 3386/2538/3199 2598/2052/2446
f 2808/2262/2653 3293/2260/2994 2806/2260/2651
f 3387/2537/3198 3388/2060/3200 3369/2524/3182
f 3372/2527/3185 2958/2386/2797 3254/2509/3087
f 3373/2528/3186 3254/2509/3087 3252/2507/3085
f 3374/2529/3187 3252/2507/3085 3250/2506/3083
f 3376/2531/3189 2955/2055/2794 3161/2264/2998
f 3377/2532/3190 3161/2264/2998 3156/2470/2993
f 3340/2520/3158 3156/2470/2993 3158/2262/2995
f 3371/2526/3184 3388/2060/3200 2958/2386/2797
f 3375/2530/3188 3250/2506/3083 2955/2055/2794
f 3379/2533/3192 2604/2058/2452 3378/2526/3191
f 3380/2528/3193 2901/2355/2742 3379/2533/3192
f 3386/2538/3199 2899/2353/2740 3380/2528/3193
f 3382/2535/3195 2601/2055/2449 3381/2534/3194
f 3384/2536/3197 2810/2264/2655 3382/2535/3195
f 3367/2521/3159 2807/2261/2652 3384/2536/3197
f 3378/2526/3191 2606/2060/2454 3385/2537/3198
f 3381/2534/3194 2603/2057/2451 3386/2538/3199
f 2611/2065/2459 3291/2059/3119 2605/2059/2453
f 3389/2255/3201 3154/2468/2991 3151/2466/2988
f 2960/2356/2799 3249/2505/3082 3253/2508/3086
f 3253/2508/3086 3248/2504/3081 3251/2352/3084
f 3251/2352/3084 2961/2062/2800 2956/2056/2795
f 2957/2265/2796 3155/2469/2992 3159/2471/2996
f 3159/2471/2996 3153/2467/2990 3160/2472/2997
f 3160/2472/2997 3154/2468/2991 3157/2260/2994
f 2959/2059/2798 2966/2390/2805 2960/2356/2799
f 2956/2056/2795 2963/2388/2802 2957/2265/2796
f 2897/2351/2738 2902/2356/2743 2900/2354/2741
f 2896/2350/2737 2900/2354/2741 2898/2352/2739
f 2608/2062/2456 2898/2352/2739 2602/2056/2450
f 2805/2259/2650 2811/2265/2656 2809/2263/2654
f 2803/2257/2648 2809/2263/2654 3390/2472/3202
f 2804/2258/2649 3390/2472/3202 2806/2260/2651
f 2612/2066/2460 2605/2059/2453 2902/2356/2743
f 2609/2063/2457 2602/2056/2450 2811/2265/2656
f 3391/2539/3203 3392/2539/3204 3393/2539/3205
f 3391/2539/3203 3394/2539/3206 3395/2539/3207
f 3396/2539/3208 3397/2539/3209 3398/2539/3210
f 3399/2539/3211 3400/2539/3212 3396/2539/3208
f 3401/2539/3213 3402/2539/3214 3399/2539/3211
f 3403/2539/3215 3404/2539/3216 3405/2539/3217
f 3406/2539/3218 3404/2539/3216 3407/2539/3219
f 3406/2539/3218 3408/2539/3220 3409/2539/3221
f 3410/2539/3222 3408/2539/3220 3411/2539/3223
f 3412/2539/3224 3413/2539/3225 3410/2539/3222
f 3414/2539/3226 3415/2539/3227 3412/2539/3224
f 3416/2539/3228 3417/2539/3229 3414/2539/3226
f 3416/2539/3228 3418/2539/3230 3419/2539/3231
f 3420/2539/3232 3421/2539/3233 3422/2539/3234
f 3422/2539/3234 3423/2539/3235 3424/2539/3236
f 3425/2539/3237 3397/2539/3209 3394/2539/3206
f 3426/2539/3238 3427/2539/3239 3428/2539/3240
f 3427/2539/3239 3429/2539/3241 3430/2539/3242
f 3429/2539/3241 3431/2539/3243 3430/2539/3242
f 3432/2539/3244 3433/2539/3245 3434/2539/3246
f 3433/2539/3245 3435/2539/3247 3436/2539/3248
f 3435/2539/3247 3437/2539/3249 3436/2539/3248
f 3438/2539/3250 3439/2539/3251 3437/2539/3249
f 3440/2539/3252 3441/2539/3253 3439/2539/3251
f 3442/2539/3254 3443/2539/3255 3441/2539/3253
f 3443/2539/3255 3444/2539/3256 3445/2539/3257
f 3444/2539/3256 3446/2539/3258 3445/2539/3257
f 3447/2539/3259 3440/2539/3252 3448/2539/3259
f 3449/2539/3259 3442/2539/3254 3447/2539/3259
f 3450/2539/3259 3451/2539/3260 3449/2539/3259
f 3450/2539/3259 3452/2539/3261 3444/2539/3256
f 3453/2539/3259 3454/2539/3262 3455/2539/3259
f 3456/2539/3259 3435/2539/3247 3453/2539/3259
f 3456/2539/3259 3440/2539/3252 3438/2539/3250
f 3457/2539/3263 3421/2539/3233 3458/2539/3264
f 3458/2539/3264 3459/2539/3265 3460/2539/3266
f 3461/2539/3267 3429/2539/3241 3462/2539/3259
f 3462/2539/3259 3463/2539/3268 3464/2539/3259
f 3465/2539/3259 3463/2539/3268 3426/2539/3238
f 3455/2539/3259 3432/2539/3244 3466/2539/3269
f 3423/2539/3235 3428/2539/3240 3424/2539/3236
f 3467/2539/3270 3468/2539/3271 3469/2539/3272
f 3470/2539/3270 3469/2539/3272 3471/2539/3273
f 3470/2539/3270 3472/2539/3274 3473/2539/3270
f 3473/2539/3270 3474/2539/3275 3475/2539/3276
f 3476/2539/3270 3477/2539/3277 3478/2539/3278
f 3479/2539/3270 3478/2539/3278 3480/2539/3279
f 3481/2539/3270 3480/2539/3279 3468/2539/3271
f 3482/2539/3280 3483/2539/3281 3484/2539/3282
f 3485/2539/3283 3486/2539/3284 3487/2539/3285
f 3488/2539/3286 3489/2539/3287 3490/2539/3288
f 3491/2539/3270 3492/2539/3289 3489/2539/3287
f 3493/2539/3270 3492/2539/3289 3494/2539/3270
f 3488/2539/3286 3495/2539/3290 3496/2539/3291
f 3457/2539/3263 3426/2539/3238 3423/2539/3235
f 3497/2539/3292 3498/2539/3293 3499/2539/3294
f 3500/2539/3295 3474/2539/3275 3446/2539/3258
f 3501/2539/3296 3487/2539/3285 3483/2539/3281
f 3460/2539/3266 3502/2539/3297 3497/2539/3292
f 3502/2539/3297 3420/2539/3232 3498/2539/3293
f 3393/2539/3205 3503/2539/3298 3504/2539/3299
f 3505/2539/3270 3495/2539/3290 3477/2539/3277
f 3461/2539/3267 3432/2539/3244 3506/2539/3300
f 3506/2539/3300 3434/2539/3246 3431/2539/3243
f 3403/2539/3215 3507/2539/3301 3401/2539/3213
f 3482/2539/3280 3508/2539/3302 3493/2539/3270
f 3509/2539/3303 3403/2539/3215 3401/2539/3213
f 3490/2539/3288 3434/2539/3246 3495/2539/3290
f 3510/2539/3304 3393/2539/3205 3504/2539/3299
f 3486/2539/3284 3420/2539/3232 3487/2539/3285
f 3511/2539/3305 3446/2539/3258 3452/2539/3261
f 3512/2539/3306 3498/2539/3293 3486/2539/3284
f 3484/2539/3282 3428/2539/3240 3508/2539/3302
f 3445/2539/3257 3474/2539/3275 3472/2539/3274
f 3443/2539/3255 3472/2539/3274 3471/2539/3273
f 3469/2539/3272 3443/2539/3255 3471/2539/3273
f 3468/2539/3271 3441/2539/3253 3469/2539/3272
f 3437/2539/3249 3468/2539/3271 3480/2539/3279
f 3478/2539/3278 3437/2539/3249 3480/2539/3279
f 3433/2539/3245 3478/2539/3278 3477/2539/3277
f 3434/2539/3246 3477/2539/3277 3495/2539/3290
f 3430/2539/3242 3490/2539/3288 3489/2539/3287
f 3427/2539/3239 3489/2539/3287 3492/2539/3289
f 3428/2539/3240 3492/2539/3289 3508/2539/3302
f 3513/2539/3307 3398/2539/3210 3425/2539/3237
f 3422/2539/3234 3484/2539/3282 3483/2539/3281
f 3420/2539/3232 3483/2539/3281 3487/2539/3285
f 3514/2539/3308 3416/2539/3228 3515/2539/3309
f 3515/2539/3309 3414/2539/3226 3516/2539/3310
f 3516/2539/3310 3412/2539/3224 3517/2539/3311
f 3517/2539/3311 3410/2539/3222 3518/2539/3312
f 3518/2539/3312 3411/2539/3223 3519/2539/3313
f 3520/2539/3314 3411/2539/3223 3406/2539/3218
f 3520/2539/3314 3407/2539/3219 3521/2539/3315
f 3521/2539/3315 3403/2539/3215 3522/2539/3316
f 3523/2539/3317 3401/2539/3213 3399/2539/3211
f 3524/2539/3318 3399/2539/3211 3396/2539/3208
f 3524/2539/3318 3398/2539/3210 3525/2539/3319
f 3513/2539/3307 3391/2539/3203 3526/2539/3320
f 3526/2539/3320 3393/2539/3205 3527/2539/3321
f 3510/2539/3304 3499/2539/3294 3512/2539/3306
f 3528/2539/3322 3511/2539/3305 3418/2539/3230
f 3513/2539/3307 3493/2539/3270 3525/2539/3319
f 3507/2539/3301 3466/2539/3269 3461/2539/3267
f 3521/2539/3315 3496/2539/3291 3505/2539/3270
f 3392/2539/3204 3497/2539/3292 3503/2539/3298
f 3526/2539/3320 3485/2539/3283 3501/2539/3296
f 3514/2539/3308 3500/2539/3295 3528/2539/3322
f 3503/2539/3298 3499/2539/3294 3504/2539/3299
f 3394/2539/3206 3465/2539/3259 3457/2539/3263
f 3509/2539/3303 3496/2539/3291 3522/2539/3316
f 3525/2539/3319 3494/2539/3270 3524/2539/3318
f 3523/2539/3317 3494/2539/3270 3491/2539/3270
f 3509/2539/3303 3491/2539/3270 3488/2539/3286
f 3527/2539/3321 3512/2539/3306 3485/2539/3283
f 3513/2539/3307 3501/2539/3296 3482/2539/3280
f 3518/2539/3312 3479/2539/3270 3481/2539/3270
f 3519/2539/3313 3476/2539/3270 3479/2539/3270
f 3520/2539/3314 3505/2539/3270 3476/2539/3270
f 3515/2539/3309 3475/2539/3276 3514/2539/3308
f 3516/2539/3310 3473/2539/3270 3515/2539/3309
f 3516/2539/3310 3467/2539/3270 3470/2539/3270
f 3518/2539/3312 3467/2539/3270 3517/2539/3311
f 3404/2539/3216 3466/2539/3269 3405/2539/3217
f 3397/2539/3209 3464/2539/3259 3465/2539/3259
f 3402/2539/3214 3464/2539/3259 3400/2539/3212
f 3507/2539/3301 3462/2539/3259 3402/2539/3214
f 3395/2539/3207 3460/2539/3266 3392/2539/3204
f 3394/2539/3206 3458/2539/3264 3395/2539/3207
f 3413/2539/3225 3456/2539/3259 3408/2539/3220
f 3408/2539/3220 3453/2539/3259 3409/2539/3221
f 3409/2539/3221 3455/2539/3259 3404/2539/3216
f 3419/2539/3231 3511/2539/3305 3450/2539/3259
f 3419/2539/3231 3449/2539/3259 3417/2539/3229
f 3417/2539/3229 3447/2539/3259 3415/2539/3227
f 3413/2539/3225 3447/2539/3259 3448/2539/3259
f 3529/2540/3323 3530/2541/3324 3531/2542/3325
f 3532/2543/3326 3529/2540/3323 3531/2542/3325
f 3533/2544/3327 3534/2545/3328 3535/2546/3329
f 3536/2547/3330 3537/2548/3331 3538/2549/3332
f 3537/2548/3331 3539/2550/3333 3538/2549/3332
f 3540/2551/3334 3541/2552/3335 3536/2547/3330
f 3542/2553/3336 3543/2554/3337 3544/2555/3338
f 3545/2556/3339 3546/2557/3340 3547/2558/3341
f 3546/2557/3340 3548/2559/3342 3547/2558/3341
f 3549/2560/3343 3550/2561/3344 3530/2541/3324
f 3551/2562/3345 3552/2563/3346 3553/2564/3347
f 3554/2565/3348 3551/2562/3345 3553/2564/3347
f 3555/2566/3349 3540/2551/3334 3552/2563/3346
f 3556/2567/3350 3557/2568/3351 3558/2569/3352
f 3559/2570/3353 3560/2571/3354 3561/2572/3355
f 3562/2573/3356 3563/2574/3357 3564/2575/3358
f 3565/2576/3359 3566/2577/3360 3567/2578/3361
f 3568/2579/3362 3569/2580/3363 3570/2581/3364
f 3542/2553/3336 3571/2582/3365 3572/2583/3366
f 3573/2584/3367 3574/2585/3368 3575/2586/3369
f 3534/2545/3328 3576/2587/3370 3577/2588/3371
f 3578/2589/3372 3579/2590/3373 3580/2591/3374
f 3581/2592/3375 3582/2593/3376 3583/2594/3377
f 3584/2595/3378 3585/2596/3379 3586/2597/3380
f 3587/2598/3381 3588/2599/3382 3589/2600/3383
f 3590/2601/3384 3591/2602/3385 3592/2603/3386
f 3593/2604/3387 3594/2605/3388 3595/2606/3389
f 3596/2607/3390 3597/2608/3391 3545/2556/3339
f 3598/2609/3392 3599/2610/3393 3600/2611/3394
f 3601/2612/3395 3550/2561/3344 3602/2613/3396
f 3603/2614/3397 3602/2613/3396 3604/2615/3398
f 3605/2616/3399 3603/2614/3397 3604/2615/3398
f 3596/2607/3390 3595/2606/3389 3605/2616/3399
f 3606/2617/3400 3539/2550/3333 3607/2618/3401
f 3608/2619/3402 3609/2620/3403 3610/2621/3404
f 3611/2622/3405 3612/2623/3406 3613/2624/3270
f 3614/2625/3407 3615/2626/3363 3608/2619/3402
f 3580/2591/3374 3616/2627/3408 3617/2628/3409
f 3618/2629/3408 3606/2617/3400 3607/2618/3401
f 3619/2630/3259 3620/2631/3410 3621/2632/3411
f 3622/2633/3412 3618/2629/3408 3623/2634/3412
f 3570/2581/3364 3624/2635/3402 3625/2636/3413
f 3609/2620/3403 3548/2559/3342 3610/2621/3404
f 3626/2637/3414 3627/2638/3415 3628/2639/3416
f 3560/2571/3354 3628/2639/3416 3561/2572/3355
f 3586/2597/3380 3629/2640/3417 3630/2641/3418
f 3631/2642/3419 3632/2643/3420 3581/2592/3375
f 3633/2644/3421 3634/2645/3422 3627/2638/3415
f 3635/2646/3423 3636/2647/3424 3637/2648/3425
f 3532/2543/3326 3570/2581/3364 3625/2636/3413
f 3544/2555/3338 3638/2649/3426 3639/2650/3427
f 3584/2595/3378 3640/2651/3428 3641/2652/3429
f 3642/2653/3430 3535/2546/3329 3643/2654/3431
f 3554/2565/3348 3580/2591/3374 3617/2628/3409
f 3643/2654/3431 3644/2655/3432 3642/2653/3430
f 3645/2656/3433 3646/2657/3434 3590/2601/3384
f 3647/2658/3435 3648/2659/3436 3649/2660/3437
f 3648/2659/3436 3650/2661/3438 3649/2660/3437
f 3651/2662/3439 3652/2663/3440 3653/2664/3441
f 3654/2665/3442 3655/2666/3443 3656/2667/3444
f 3657/2668/3445 3654/2665/3442 3656/2667/3444
f 3658/2669/3446 3659/2670/3447 3655/2666/3443
f 3660/2671/3448 3587/2598/3381 3589/2600/3383
f 3661/2672/3449 3662/2673/3450 3663/2674/3451
f 3664/2675/3452 3661/2672/3449 3663/2674/3451
f 3665/2676/3453 3666/2677/3454 3647/2658/3435
f 3667/2678/3455 3668/2679/3456 3669/2680/3457
f 3668/2679/3456 3670/2681/3458 3669/2680/3457
f 3659/2670/3447 3671/2682/3459 3667/2678/3455
f 3672/2683/3356 3673/2684/3460 3562/2573/3356
f 3674/2685/3461 3564/2575/3358 3675/2686/3462
f 3676/2687/3463 3571/2582/3365 3677/2688/3464
f 3678/2689/3367 3679/2690/3465 3573/2584/3367
f 3680/2691/3466 3575/2586/3369 3681/2692/3467
f 3682/2693/3468 3683/2694/3407 3684/2695/3469
f 3685/2696/3470 3686/2697/3471 3687/2698/3472
f 3688/2699/3473 3689/2700/3474 3662/2673/3450
f 3652/2663/3440 3690/2701/3475 3653/2664/3441
f 3665/2676/3453 3691/2702/3476 3692/2703/3477
f 3692/2703/3477 3693/2704/3478 3694/2705/3479
f 3695/2706/3480 3693/2704/3478 3696/2707/3481
f 3689/2700/3474 3696/2707/3481 3685/2696/3470
f 3657/2668/3445 3697/2708/3482 3698/2709/3483
f 3699/2710/3484 3700/2711/3356 3701/2712/3356
f 3701/2712/3356 3702/2713/3460 3703/2714/3460
f 3678/2689/3367 3680/2691/3466 3704/2715/3485
f 3698/2709/3483 3705/2716/3367 3706/2717/3367
f 3707/2718/3465 3705/2716/3367 3708/2719/3465
f 3709/2720/3486 3562/2573/3356 3674/2685/3461
f 3664/2675/3452 3710/2721/3487 3699/2710/3484
f 3711/2722/3488 3712/2723/3489 3713/2724/3490
f 3630/2641/3418 3714/2725/3491 3645/2656/3433
f 3674/2685/3461 3650/2661/3438 3709/2720/3486
f 3639/2650/3427 3635/2646/3423 3637/2648/3425
f 3680/2691/3466 3670/2681/3458 3704/2715/3485
f 3715/2726/3492 3566/2577/3360 3640/2651/3428
f 3716/2727/3493 3717/2728/3494 3718/2729/3454
f 3719/2730/3495 3720/2731/3496 3717/2728/3494
f 3721/2732/3497 3722/2733/3498 3660/2671/3448
f 3675/2686/3462 3723/2734/3499 3674/2685/3461
f 3724/2735/3500 3725/2736/3442 3726/2737/3501
f 3726/2737/3501 3727/2738/3502 3728/2739/3503
f 3729/2740/3504 3730/2741/3505 3724/2735/3500
f 3731/2742/3506 3732/2743/3507 3733/2744/3508
f 3734/2745/3509 3735/2746/3510 3697/2708/3482
f 3736/2747/3511 3737/2748/3512 3651/2662/3439
f 3738/2749/3513 3739/2750/3514 3740/2751/3515
f 3740/2751/3515 3741/2752/3516 3742/2753/3517
f 3743/2754/3518 3687/2698/3472 3744/2755/3519
f 3745/2756/3520 3746/2757/3521 3710/2721/3487
f 3747/2758/3522 3748/2759/3456 3749/2760/3523
f 3750/2761/3524 3751/2762/3525 3748/2759/3456
f 3752/2763/3526 3749/2760/3523 3753/2764/3527
f 3754/2765/3528 3755/2766/3529 3756/2767/3530
f 3681/2692/3467 3757/2768/3531 3680/2691/3466
f 3758/2769/3532 3759/2770/3533 3760/2771/3534
f 3705/2716/3367 3761/2772/3535 3708/2719/3465
f 3624/2635/3402 3683/2694/3407 3762/2773/3407
f 3763/2774/3536 3764/2775/3537 3599/2610/3393
f 3765/2776/3538 3766/2777/3539 3759/2770/3533
f 3767/2778/3540 3768/2779/3541 3620/2631/3410
f 3697/2708/3482 3769/2780/3542 3705/2716/3367
f 3770/2781/3543 3771/2782/3544 3772/2783/3545
f 3700/2711/3356 3773/2784/3546 3702/2713/3460
f 3616/2627/3408 3774/2785/3412 3775/2786/3412
f 3776/2787/3270 3777/2788/3547 3770/2781/3543
f 3778/2789/3548 3779/2790/3549 3611/2622/3405
f 3710/2721/3487 3780/2791/3550 3700/2711/3356
f 3781/2792/3551 3727/2738/3502 3768/2779/3541
f 3712/2723/3489 3782/2793/3552 3713/2724/3490
f 3783/2794/3553 3760/2771/3534 3720/2731/3496
f 3772/2783/3545 3751/2762/3525 3784/2795/3554
f 3742/2753/3517 3785/2796/3555 3778/2789/3548
f 3732/2743/3507 3744/2755/3519 3733/2744/3508
f 3786/2797/3556 3787/2798/3557 3788/2799/3558
f 3592/2603/3386 3789/2800/3537 3790/2801/3559
f 3791/2802/3560 3792/2803/3561 3786/2797/3556
f 3696/2707/3481 3793/2804/3562 3686/2697/3471
f 3794/2805/3563 3795/2806/3561 3796/2807/3564
f 3691/2702/3476 3793/2804/3562 3693/2704/3478
f 3797/2808/3565 3798/2809/3566 3795/2806/3561
f 3799/2810/3567 3800/2811/3568 3691/2702/3476
f 3788/2799/3558 3801/2812/3473 3738/2749/3513
f 3802/2813/3569 3736/2747/3511 3782/2793/3552
f 3803/2814/3570 3718/2729/3454 3798/2809/3566
f 3804/2815/3571 3805/2816/3572 3762/2773/3407
f 3806/2817/3573 3775/2786/3412 3807/2818/3571
f 3755/2766/3529 3808/2819/3574 3565/2576/3359
f 3577/2588/3371 3809/2820/3575 3810/2821/3576
f 3811/2822/3577 3707/2718/3465 3812/2823/3578
f 3813/2824/3579 3703/2714/3460 3814/2825/3578
f 3600/2611/3394 3815/2826/3580 3598/2609/3392
f 3816/2827/3581 3676/2687/3463 3817/2828/3582
f 3673/2684/3460 3818/2829/3583 3563/2574/3357
f 3819/2830/3584 3820/2831/3585 3821/2832/3586
f 3679/2690/3465 3822/2833/3587 3574/2585/3368
f 3823/2834/3588 3824/2835/3589 3825/2836/3590
f 3634/2645/3422 3754/2765/3528 3756/2767/3530
f 3826/2837/3591 3827/2838/3592 3828/2839/3593
f 3829/2840/3594 3814/2825/3578 3830/2841/3465
f 3818/2829/3583 3708/2719/3465 3761/2772/3535
f 3831/2842/3595 3807/2818/3571 3614/2625/3407
f 3832/2843/3596 3776/2787/3270 3833/2844/3597
f 3834/2845/3598 3835/2846/3599 3836/2847/3600
f 3834/2845/3598 3613/2624/3270 3612/2623/3406
f 3837/2848/3601 3716/2727/3493 3803/2814/3570
f 3838/2849/3602 3738/2749/3513 3839/2850/3391
f 3840/2851/3603 3803/2814/3570 3797/2808/3565
f 3841/2852/3604 3797/2808/3565 3794/2805/3563
f 3842/2853/3605 3786/2797/3556 3843/2854/3606
f 3843/2854/3606 3788/2799/3558 3838/2849/3602
f 3844/2855/3607 3778/2789/3548 3845/2856/3608
f 3846/2857/3609 3784/2795/3554 3847/2858/3610
f 3848/2859/3611 3758/2769/3532 3783/2794/3553
f 3849/2860/3612 3728/2739/3503 3781/2792/3551
f 3845/2856/3608 3611/2622/3405 3850/2861/3613
f 3851/2862/3614 3770/2781/3543 3852/2863/3615
f 3852/2863/3615 3772/2783/3545 3846/2857/3609
f 3853/2864/3616 3781/2792/3551 3767/2778/3540
f 3854/2865/3617 3855/2866/3259 3765/2776/3538
f 3856/2867/3618 3765/2776/3538 3758/2769/3532
f 3857/2868/3619 3747/2758/3522 3752/2763/3526
f 3858/2869/3620 3784/2795/3554 3750/2761/3524
f 3859/2870/3349 3750/2761/3524 3747/2758/3522
f 3860/2871/3621 3742/2753/3517 3844/2855/3607
f 3839/2850/3391 3740/2751/3515 3860/2871/3621
f 3861/2872/3622 3724/2735/3500 3862/2873/3335
f 3863/2874/3331 3728/2739/3503 3864/2875/3623
f 3862/2873/3335 3726/2737/3501 3863/2874/3331
f 3865/2876/3624 3783/2794/3553 3719/2730/3495
f 3866/2877/3343 3719/2730/3495 3716/2727/3493
f 3821/2832/3586 3767/2778/3540 3619/2630/3259
f 3850/2861/3613 3613/2624/3270 3867/2878/3625
f 3868/2879/3626 3869/2880/3578 3870/2881/3627
f 3871/2882/3628 3613/2624/3270 3872/2883/3629
f 3822/2833/3587 3702/2713/3460 3773/2784/3546
f 3873/2884/3460 3811/2822/3577 3812/2823/3578
f 3874/2885/3630 3774/2785/3412 3875/2886/3631
f 3876/2887/3632 3804/2815/3571 3623/2634/3412
f 3877/2888/3633 3828/2839/3593 3878/2889/3634
f 3879/2890/3635 3824/2835/3589 3880/2891/3636
f 3881/2892/3637 3882/2893/3638 3883/2894/3639
f 3868/2879/3626 3884/2895/3591 3885/2896/3640
f 3886/2897/3641 3887/2898/3577 3888/2899/3642
f 3889/2900/3643 3820/2831/3585 3890/2901/3644
f 3891/2902/3645 3892/2903/3573 3893/2904/3646
f 3885/2896/3640 3894/2905/3633 3895/2906/3647
f 3896/2907/3648 3897/2908/3649 3898/2909/3639
f 3899/2910/3589 3900/2911/3650 3901/2912/3651
f 3902/2913/3578 3827/2838/3592 3903/2914/3652
f 3823/2834/3588 3894/2905/3633 3904/2915/3571
f 3896/2907/3648 3869/2880/3578 3905/2916/3653
f 3906/2917/3571 3878/2889/3634 3900/2911/3650
f 3907/2918/3654 3855/2866/3259 3908/2919/3655
f 3871/2882/3628 3892/2903/3573 3867/2878/3625
f 3907/2918/3654 3887/2898/3577 3766/2777/3539
f 3902/2913/3578 3882/2893/3638 3909/2920/3656
f 3886/2897/3641 3619/2630/3259 3621/2632/3411
f 3832/2843/3596 3835/2846/3599 3910/2921/3594
f 3889/2900/3643 3855/2866/3259 3911/2922/3572
f 3891/2902/3645 3776/2787/3270 3851/2862/3614
f 3912/2923/3591 3913/2924/3657 3914/2925/3633
f 3912/2923/3591 3915/2926/3658 3916/2927/3659
f 3917/2928/3578 3915/2926/3658 3918/2929/3652
f 3919/2930/3660 3912/2923/3591 3914/2925/3633
f 3920/2931/3639 3921/2932/3661 3917/2928/3578
f 3922/2933/3662 3912/2923/3591 3923/2934/3663
f 3924/2935/3637 3925/2936/3664 3920/2931/3639
f 3922/2933/3662 3917/2928/3578 3918/2929/3652
f 3926/2937/3589 3927/2938/3665 3928/2939/3666
f 3929/2940/3667 3920/2931/3639 3917/2928/3578
f 3914/2925/3633 3930/2941/3668 3931/2942/3669
f 3932/2943/3670 3824/2835/3589 3904/2915/3571
f 3933/2944/3671 3926/2937/3589 3928/2939/3666
f 3934/2945/3672 3924/2935/3637 3920/2931/3639
f 3935/2946/3636 3901/2912/3651 3936/2947/3673
f 3937/2948/3674 3894/2905/3633 3884/2895/3591
f 3826/2837/3591 3938/2949/3675 3939/2950/3676
f 3940/2951/3677 3884/2895/3591 3870/2881/3627
f 3826/2837/3591 3941/2952/3678 3903/2914/3652
f 3940/2951/3677 3869/2880/3578 3942/2953/3679
f 3902/2913/3578 3941/2952/3678 3943/2954/3680
f 3942/2953/3679 3898/2909/3639 3944/2955/3681
f 3902/2913/3578 3945/2956/3682 3883/2894/3639
f 3944/2955/3681 3897/2908/3649 3946/2957/3683
f 3883/2894/3639 3947/2958/3684 3881/2892/3637
f 3948/2959/3685 3824/2835/3589 3949/2960/3686
f 3935/2946/3636 3950/2961/3687 3899/2910/3589
f 3919/2930/3660 3931/2942/3669 3951/2962/3688
f 3906/2917/3571 3938/2949/3675 3877/2888/3633
f 3932/2943/3670 3894/2905/3633 3952/2963/3689
f 3926/2937/3589 3930/2941/3668 3953/2964/3690
f 3906/2917/3571 3950/2961/3687 3954/2965/3691
f 3955/2966/3692 3956/2967/3693 3957/2968/3694
f 3956/2967/3693 3919/2930/3660 3957/2968/3694
f 3958/2969/3695 3959/2970/3696 3960/2971/3697
f 3960/2971/3697 3913/2924/3657 3916/2927/3659
f 3961/2972/3677 3956/2967/3693 3962/2973/3698
f 3963/2974/3699 3923/2934/3663 3956/2967/3693
f 3964/2975/3700 3960/2971/3697 3965/2976/3701
f 3965/2976/3701 3916/2927/3659 3915/2926/3658
f 3966/2977/3679 3963/2974/3699 3961/2972/3677
f 3963/2974/3699 3929/2940/3667 3922/2933/3662
f 3967/2978/3680 3965/2976/3701 3968/2979/3702
f 3965/2976/3701 3921/2932/3661 3968/2979/3702
f 3966/2977/3679 3969/2980/3703 3970/2981/3704
f 3969/2980/3703 3929/2940/3667 3970/2981/3704
f 3971/2982/3705 3968/2979/3702 3972/2983/3706
f 3972/2983/3706 3921/2932/3661 3925/2936/3664
f 3973/2984/3707 3974/2985/3708 3969/2980/3703
f 3974/2985/3708 3934/2945/3672 3969/2980/3703
f 3971/2982/3705 3975/2986/3709 3976/2987/3710
f 3975/2986/3709 3925/2936/3664 3977/2988/3711
f 3978/2989/3712 3979/2990/3708 3980/2991/3685
f 3979/2990/3708 3981/2992/3713 3933/2944/3671
f 3982/2993/3687 3983/2994/3709 3984/2995/3714
f 3983/2994/3709 3953/2964/3690 3984/2995/3714
f 3985/2996/3670 3986/2997/3715 3978/2989/3712
f 3987/2998/3716 3981/2992/3713 3986/2997/3715
f 3988/2999/3691 3984/2995/3714 3989/3000/3717
f 3989/3000/3717 3953/2964/3690 3930/2941/3668
f 3955/2966/3692 3987/2998/3716 3985/2996/3670
f 3957/2968/3694 3951/2962/3688 3987/2998/3716
f 3990/3001/3718 3989/3000/3717 3959/2970/3696
f 3959/2970/3696 3930/2941/3668 3913/2924/3657
f 3951/2962/3688 3926/2937/3589 3981/2992/3713
f 3991/3002/3407 3874/2885/3630 3992/3003/3719
f 3622/2633/3412 3682/2693/3468 3993/3004/3720
f 3994/3005/3721 3995/3006/3722 3996/3007/3723
f 3997/3008/3724 3998/3009/3725 3601/2612/3395
f 3999/3010/3726 3601/2612/3395 3603/2614/3397
f 3595/2606/3389 3999/3010/3726 3603/2614/3397
f 3995/3006/3722 4000/3011/3727 3996/3007/3723
f 4001/3012/3728 4002/3013/3729 4003/3014/3730
f 3615/2626/3363 4004/3015/3731 3609/2620/3403
f 3992/3003/3719 3615/2626/3363 3991/3002/3407
f 4005/3016/3373 4006/3017/3732 3606/2617/3400
f 3993/3004/3720 4005/3016/3373 3622/2633/3412
f 3582/2593/3376 4007/3018/3733 3583/2594/3377
f 4008/3019/3734 3578/2589/3372 3580/2591/3374
f 4004/3015/3731 4009/3020/3735 3609/2620/3403
f 4010/3021/3736 4011/3022/3737 3556/2567/3350
f 4012/3023/3738 3631/2642/3419 4000/3011/3727
f 4006/3017/3732 4013/3024/3739 3606/2617/3400
f 3557/2568/3351 4014/3025/3740 3558/2569/3352
f 4015/3026/3741 3568/2579/3362 3570/2581/3364
f 4016/3027/3742 4017/3028/3743 4002/3013/3729
f 3579/2590/3373 3875/2886/3631 3774/2785/3412
f 3569/2580/3363 3684/2695/3469 3683/2694/3407
f 3815/2826/3580 4018/3029/3744 4019/3030/3745
f 4020/3031/3745 4003/3014/3730 4002/3013/3729
f 4003/3014/3730 4021/3032/3746 4022/3033/3747
f 4018/3029/3744 3535/2546/3329 4023/3034/3746
f 3583/2594/3377 4024/3035/3748 3581/2592/3375
f 4025/3036/3749 3637/2648/3425 4026/3037/3750
f 3544/2555/3338 4025/3036/3749 4027/3038/3751
f 4028/3039/3751 3583/2594/3377 4007/3018/3733
f 3581/2592/3375 4029/3040/3752 3631/2642/3419
f 4026/3037/3750 3636/2647/3424 4030/3041/3753
f 3558/2569/3352 4031/3042/3754 3556/2567/3350
f 4032/3043/3755 3645/2656/3433 4033/3044/3754
f 3586/2597/3380 4032/3043/3755 4034/3045/3756
f 4035/3046/3757 3558/2569/3352 4014/3025/3740
f 3561/2572/3355 4036/3047/3758 4037/3048/3759
f 4038/3049/3760 3996/3007/3723 4000/3011/3727
f 3996/3007/3723 4039/3050/3761 3994/3005/3721
f 4036/3047/3758 3627/2638/3415 4040/3051/3762
f 3559/2570/3353 4037/3048/3759 4041/3052/3753
f 4029/3040/3752 4000/3011/3727 3631/2642/3419
f 3577/2588/3371 4042/3053/3763 3534/2545/3328
f 4043/3054/3763 4044/3055/3764 3568/2579/3362
f 3677/2688/3464 4045/3056/3765 4046/3057/3766
f 4047/3058/3767 4048/3059/3768 4049/3060/3769
f 3756/2767/3530 4050/3061/3770 3634/2645/3422
f 4051/3062/3771 4052/3063/3772 3578/2589/3372
f 3715/2726/3492 4053/3064/3773 4054/3065/3774
f 4055/3066/3775 4056/3067/3776 4057/3068/3777
f 3542/2553/3336 4027/3038/3751 4045/3056/3765
f 4047/3058/3767 4007/3018/3733 4006/3017/3732
f 3534/2545/3328 4023/3034/3746 3535/2546/3329
f 4043/3054/3763 4022/3033/3747 4021/3032/3746
f 3634/2645/3422 4040/3051/3762 3627/2638/3415
f 4051/3062/3771 3994/3005/3721 4039/3050/3761
f 3584/2595/3378 4034/3045/3756 4053/3064/3773
f 4055/3066/3775 4014/3025/3740 4004/3015/3731
f 3592/2603/3386 4058/3069/3778 3590/2601/3384
f 4059/3070/3779 4010/3021/3736 4060/3071/3778
f 3790/2801/3559 4061/3072/3779 3592/2603/3386
f 4062/3073/3780 3594/2605/3388 4059/3070/3779
f 4063/3074/3559 4064/3075/3781 4065/3076/3782
f 4062/3073/3780 3997/3008/3724 3999/3010/3726
f 3763/2774/3536 4066/3077/3783 4064/3075/3781
f 4067/3078/3781 4017/3028/3743 3997/3008/3724
f 3590/2601/3384 4033/3044/3754 3645/2656/3433
f 4060/3071/3778 3556/2567/3350 4031/3042/3754
f 3598/2609/3392 4019/3030/3745 4066/3077/3783
f 4068/3079/3784 4002/3013/3729 4017/3028/3743
f 3589/2600/3383 4069/3080/3785 3660/2671/3448
f 4070/3081/3786 3644/2655/3432 4071/3082/3787
f 3533/2544/3327 4070/3081/3786 4072/3083/3788
f 4073/3084/3789 3589/2600/3383 3588/2599/3382
f 3635/2646/3423 4074/3085/3790 4075/3086/3791
f 4076/3087/3792 3713/2724/3490 3782/2793/3552
f 3713/2724/3490 4077/3088/3793 3711/2722/3488
f 4074/3085/3790 3543/2554/3337 4078/3089/3794
f 4079/3090/3795 4075/3086/3791 4080/3091/3796
f 4081/3092/3797 3782/2793/3552 3736/2747/3511
f 3714/2725/3491 4082/3093/3798 4083/3094/3799
f 4084/3095/3800 3733/2744/3508 3744/2755/3519
f 3733/2744/3508 4085/3096/3801 3731/2742/3506
f 4082/3093/3798 3585/2596/3379 4086/3097/3802
f 3653/2664/3441 4087/3098/3803 3651/2662/3439
f 4088/3099/3804 3560/2571/3354 4089/3100/3805
f 3633/2644/3421 4088/3099/3804 4090/3101/3806
f 4091/3102/3807 3653/2664/3441 3690/2701/3475
f 3651/2662/3439 4081/3092/3797 3736/2747/3511
f 4089/3100/3805 4092/3103/3808 4093/3104/3809
f 3675/2686/3462 4094/3105/3810 4095/3106/3811
f 4096/3107/3812 4097/3108/3813 4098/3109/3811
f 3735/2746/3510 4099/3110/3814 3769/2780/3542
f 4100/3111/3815 3572/2583/3366 3571/2582/3365
f 3681/2692/3467 4101/3112/3816 4102/3113/3817
f 4103/3114/3816 4104/3115/3818 4105/3116/3819
f 3746/2757/3521 4106/3117/3820 3780/2791/3550
f 4107/3118/3821 3641/2652/3429 3640/2651/3428
f 3711/2722/3488 4108/3119/3822 3735/2746/3510
f 4078/3089/3794 3572/2583/3366 4109/3120/3822
f 3588/2599/3382 4095/3106/3811 4073/3084/3789
f 4072/3083/3788 4097/3108/3813 3533/2544/3327
f 3690/2701/3475 4102/3113/3817 4091/3102/3807
f 4090/3101/3806 4104/3115/3818 3633/2644/3421
f 3731/2742/3506 4110/3121/3823 3746/2757/3521
f 4086/3097/3802 3641/2652/3429 4111/3122/3823
f 3687/2698/3472 4112/3123/3824 4113/3124/3825
f 4114/3125/3826 3591/2602/3385 3646/2657/3434
f 3686/2697/3471 4115/3126/3827 4112/3123/3824
f 4116/3127/3824 3789/2800/3537 3591/2602/3385
f 3800/2811/3568 4117/3128/3827 3793/2804/3562
f 4118/3129/3828 3764/2775/3537 4119/3130/3829
f 3721/2732/3497 4120/3131/3830 3800/2811/3568
f 4121/3132/3831 3599/2610/3393 4118/3129/3828
f 3744/2755/3519 4113/3124/3825 4084/3095/3800
f 4083/3094/3799 3646/2657/3434 3714/2725/3491
f 3660/2671/3448 4122/3133/3831 3721/2732/3497
f 4071/3082/3787 3600/2611/3394 4121/3132/3831
f 3817/2828/3582 4123/3134/3832 4124/3135/3833
f 4125/3136/3834 3993/3004/3720 3682/2693/3468
f 3565/2576/3359 4126/3137/3835 4127/3138/3836
f 4128/3139/3837 3992/3003/3719 3874/2885/3630
f 3816/2827/3581 4129/3140/3838 4130/3141/3839
f 4131/3142/3839 3563/2574/3357 3818/2829/3583
f 3808/2819/3574 4132/3143/3840 4133/3144/3841
f 4134/3145/3842 3574/2585/3368 3822/2833/3587
f 4044/3055/3764 4135/3146/3843 3684/2695/3469
f 4136/3147/3844 3810/2821/3576 4137/3148/3843
f 3564/2575/3358 4138/3149/3845 4094/3105/3810
f 4129/3140/3838 3576/2587/3370 4096/3107/3812
f 3676/2687/3463 4046/3057/3766 4123/3134/3832
f 4139/3150/3832 4048/3059/3768 3993/3004/3720
f 3769/2780/3542 4140/3151/3846 3761/2772/3535
f 4100/3111/3815 4141/3152/3847 4142/3153/3846
f 4052/3063/3772 4143/3154/3848 3875/2886/3631
f 4144/3155/3849 3755/2766/3529 4145/3156/3848
f 3575/2586/3369 4146/3157/3850 4101/3112/3816
f 4103/3114/3816 4147/3158/3851 3754/2765/3528
f 3567/2578/3361 4054/3065/3774 4126/3137/3835
f 4148/3159/3835 4056/3067/3776 3992/3003/3719
f 3780/2791/3550 4149/3160/3852 3773/2784/3546
f 4150/3161/3853 3640/2651/3428 3566/2577/3360
f 3565/2576/3359 4145/3156/3848 3755/2766/3529
f 4128/3139/3837 3875/2886/3631 4143/3154/3848
f 3808/2819/3574 4150/3161/3853 3566/2577/3360
f 4134/3145/3842 3773/2784/3546 4149/3160/3852
f 3817/2828/3582 4137/3148/3843 3810/2821/3576
f 4125/3136/3834 3684/2695/3469 4135/3146/3843
f 3816/2827/3581 4142/3153/3846 4141/3152/3847
f 4131/3142/3839 3761/2772/3535 4140/3151/3846
f 4022/3033/3747 4001/3012/3728 4003/3014/3730
f 3809/2820/3575 3817/2828/3582 3810/2821/3576
f 3673/2684/3460 3812/2823/3578 4151/3162/3578
f 3830/2841/3465 4152/3163/3578 3679/2690/3465
f 3814/2825/3578 3702/2713/3460 4152/3163/3578
f 4151/3162/3578 3707/2718/3465 3708/2719/3465
f 3704/2715/3485 4153/3164/3854 4154/3165/3855
f 3709/2720/3486 4155/3166/3856 4156/3167/3857
f 4157/3168/3858 3699/2710/3484 4158/3169/3859
f 4156/3167/3857 3672/2683/3356 3709/2720/3486
f 4159/3170/3860 3706/2717/3367 3707/2718/3465
f 4160/3171/3541 3706/2717/3367 4161/3172/3861
f 4162/3173/3862 3704/2715/3485 4154/3165/3855
f 4163/3174/3406 3701/2712/3356 3703/2714/3460
f 4158/3169/3859 3701/2712/3356 4164/3175/3863
f 4165/3176/3864 3698/2709/3483 4160/3171/3541
f 4166/3177/3865 3695/2706/3480 3689/2700/3474
f 4167/3178/3561 3694/2705/3479 3695/2706/3480
f 4168/3179/3561 3694/2705/3479 4169/3180/3866
f 4170/3181/3867 3692/2703/3477 4168/3179/3561
f 3662/2673/3450 3685/2696/3470 3743/2754/3518
f 4162/3173/3862 3830/2841/3465 3678/2689/3367
f 4171/3182/3868 3873/2884/3460 3672/2683/3356
f 4172/3183/3869 3667/2678/3455 3737/2748/3512
f 3669/2680/3457 3757/2768/3531 3652/2663/3440
f 3737/2748/3512 3669/2680/3457 3652/2663/3440
f 3799/2810/3567 3647/2658/3435 3722/2733/3498
f 3745/2756/3520 3663/2674/3451 3732/2743/3507
f 3663/2674/3451 3743/2754/3518 3732/2743/3507
f 3655/2666/3443 4172/3183/3869 3802/2813/3569
f 3734/2745/3509 3656/2667/3444 3712/2723/3489
f 3656/2667/3444 3802/2813/3569 3712/2723/3489
f 3649/2660/3437 3723/2734/3499 3587/2598/3381
f 3722/2733/3498 3649/2660/3437 3587/2598/3381
f 3622/2633/3412 3804/2815/3571 4173/3184/3571
f 3991/3002/3407 3807/2818/3571 4174/3185/3571
f 4174/3185/3571 3775/2786/3412 3774/2785/3412
f 3804/2815/3571 3683/2694/3407 4173/3184/3571
f 4175/3186/3870 3775/2786/3412 4176/3187/3871
f 3624/2635/3402 3805/2816/3572 4177/3188/3872
f 4178/3189/3873 3617/2628/3409 4179/3190/3874
f 4180/3191/3611 3625/2636/3413 4181/3192/3875
f 3610/2621/3404 4182/3193/3876 4183/3194/3877
f 3625/2636/3413 4177/3188/3872 4181/3192/3875
f 3876/2887/3632 3618/2629/3408 4184/3195/3878
f 4184/3195/3878 3607/2618/3401 4185/3196/3879
f 3617/2628/3409 4175/3186/3870 4179/3190/3874
f 3614/2625/3407 4186/3197/3613 3831/2842/3595
f 4186/3197/3613 3610/2621/3404 4183/3194/3877
f 3607/2618/3401 4187/3198/3623 4185/3196/3879
f 4188/3199/3880 3605/2616/3399 4189/3200/3881
f 4189/3200/3881 3604/2615/3398 4190/3201/3882
f 3604/2615/3398 4191/3202/3883 4190/3201/3882
f 3602/2613/3396 4192/3203/3884 4191/3202/3883
f 3593/2604/3387 3545/2556/3339 4011/3022/3737
f 3552/2563/3346 4193/3204/3885 4012/3023/3738
f 4008/3019/3734 3553/2564/3347 3995/3006/3722
f 3553/2564/3347 4012/3023/3738 3995/3006/3722
f 3530/2541/3324 3998/3009/3725 4016/3027/3742
f 3547/2558/3341 4009/3020/3735 3557/2568/3351
f 4011/3022/3737 3547/2558/3341 3557/2568/3351
f 4193/3204/3885 3536/2547/3330 3632/2643/3420
f 3538/2549/3332 4013/3024/3739 3582/2593/3376
f 3632/2643/3420 3538/2549/3332 3582/2593/3376
f 4015/3026/3741 3531/2542/3325 4001/3012/3728
f 3531/2542/3325 4016/3027/3742 4001/3012/3728
f 4194/3205/3634 3890/2901/3644 4195/3206/3886
f 4196/3207/3887 3893/2904/3646 4197/3208/3888
f 4198/3209/3638 3888/2899/3642 4199/3210/3889
f 4200/3211/3890 3836/2847/3600 4201/3212/3891
f 3886/2897/3641 4202/3213/3673 4203/3214/3892
f 3889/2900/3643 4204/3215/3893 3908/2919/3655
f 3834/2845/3598 4205/3216/3640 3872/2883/3629
f 3891/2902/3645 4206/3217/3894 3833/2844/3597
f 4207/3218/3647 3893/2904/3646 3871/2882/3628
f 4208/3219/3648 3836/2847/3600 3832/2843/3596
f 3819/2830/3584 4202/3213/3673 4209/3220/3895
f 3907/2918/3654 4204/3215/3893 4210/3221/3896
f 3871/2882/3628 4205/3216/3640 4207/3218/3647
f 3832/2843/3596 4206/3217/3894 4208/3219/3648
f 4209/3220/3895 3890/2901/3644 3819/2830/3584
f 4210/3221/3896 3888/2899/3642 3907/2918/3654
f 3819/2830/3584 3619/2630/3259 4203/3214/3892
f 1/1/1 19/19/19 2/2/2
f 2/2/2 5/5/5 4/4/4
f 5/5/5 7/7/7 6/6/6
f 7/7/7 9/9/9 8/8/8
f 9/9/9 23/23/23 10/10/10
f 10/10/10 23/23/23 11/11/11
f 11/11/11 26/26/26 13/13/13
f 13/13/13 26/26/26 14/14/14
f 15/15/15 14/14/14 16/16/16
f 18/18/18 30/30/30 2/2/2
f 2/2/2 30/30/30 20/20/20
f 20/20/20 21/21/21 7/7/7
f 21/21/21 33/33/33 9/9/9
f 9/9/9 33/33/33 22/22/22
f 23/23/23 22/22/22 24/24/24
f 11/11/11 24/24/24 25/25/25
f 26/26/26 25/25/25 27/27/27
f 14/14/14 27/27/27 28/28/28
f 18/18/18 39/39/39 29/29/29
f 30/30/30 29/29/29 31/31/31
f 20/20/20 31/31/31 32/32/32
f 32/32/32 44/44/44 33/33/33
f 33/33/33 44/44/44 34/34/34
f 22/22/22 34/34/34 35/35/35
f 24/24/24 35/35/35 36/36/36
f 25/25/25 36/36/36 37/37/37
f 27/27/27 37/37/37 38/38/38
f 39/39/39 50/50/50 40/40/40
f 29/29/29 40/40/40 41/41/41
f 31/31/31 41/41/41 42/42/42
f 32/32/32 42/42/42 43/43/43
f 44/44/44 43/43/43 45/45/45
f 34/34/34 45/45/45 46/46/46
f 35/35/35 46/46/46 47/47/47
f 36/36/36 47/47/47 48/48/48
f 37/37/37 48/48/48 49/49/49
f 50/50/50 60/60/60 51/51/51
f 40/40/40 51/51/51 52/52/52
f 41/41/41 52/52/52 53/53/53
f 42/42/42 53/53/53 54/54/54
f 43/43/43 54/54/54 55/55/55
f 45/45/45 55/55/55 56/56/56
f 46/46/46 56/56/56 57/57/57
f 47/47/47 57/57/57 58/58/58
f 48/48/48 58/58/58 59/59/59
f 60/60/60 70/70/70 61/61/61
f 51/51/51 61/61/61 62/62/62
f 52/52/52 62/62/62 63/63/63
f 53/53/53 63/63/63 64/64/64
f 54/54/54 64/64/64 65/65/65
f 55/55/55 65/65/65 66/66/66
f 56/56/56 66/66/66 67/67/67
f 57/57/57 67/67/67 68/68/68
f 58/58/58 68/68/68 69/69/69
f 70/70/70 80/80/80 71/71/71
f 61/61/61 71/71/71 72/72/72
f 62/62/62 72/72/72 73/73/73
f 63/63/63 73/73/73 74/74/74
f 64/64/64 74/74/74 75/75/75
f 65/65/65 75/75/75 76/76/76
f 66/66/66 76/76/76 77/77/77
f 67/67/67 77/77/77 78/78/78
f 68/68/68 78/78/78 79/79/79
f 80/80/80 90/90/90 81/81/81
f 71/71/71 81/81/81 82/82/82
f 72/72/72 82/82/82 83/83/83
f 73/73/73 83/83/83 84/84/84
f 74/74/74 84/84/84 85/85/85
f 75/75/75 85/85/85 86/86/86
f 76/76/76 86/86/86 87/87/87
f 77/77/77 87/87/87 88/88/88
f 78/78/78 88/88/88 89/89/89
f 90/90/90 100/100/100 91/91/91
f 81/81/81 91/91/91 92/92/92
f 82/82/82 92/92/92 93/93/93
f 83/83/83 93/93/93 94/94/94
f 84/84/84 94/94/94 95/95/95
f 85/85/85 95/95/95 96/96/96
f 86/86/86 96/96/96 97/97/97
f 87/87/87 97/97/97 98/98/98
f 88/88/88 98/98/98 99/99/99
f 100/100/100 110/110/110 101/101/101
f 91/91/91 101/101/101 102/102/102
f 92/92/92 102/102/102 103/103/103
f 93/93/93 103/103/103 104/104/104
f 94/94/94 104/104/104 105/105/105
f 95/95/95 105/105/105 106/106/106
f 96/96/96 106/106/106 107/107/107
f 97/97/97 107/107/107 108/108/108
f 98/98/98 108/108/108 109/109/109
f 110/110/110 120/120/120 111/111/111
f 101/101/101 111/111/111 112/112/112
f 102/102/102 112/112/112 113/113/113
f 103/103/103 113/113/113 114/114/114
f 104/104/104 114/114/114 115/115/115
f 105/105/105 115/115/115 116/116/116
f 106/106/106 116/116/116 117/117/117
f 107/107/107 117/117/117 118/118/118
f 108/108/108 118/118/118 119/119/119
f 120/120/120 130/130/130 121/121/121
f 111/111/111 121/121/121 122/122/122
f 112/112/112 122/122/122 123/123/123
f 113/113/113 123/123/123 124/124/124
f 114/114/114 124/124/124 125/125/125
f 115/115/115 125/125/125 126/126/126
f 116/116/116 126/126/126 127/127/127
f 117/117/117 127/127/127 128/128/128
f 118/118/118 128/128/128 129/129/129
f 130/130/130 140/140/140 131/131/131
f 121/121/121 131/131/131 132/132/132
f 122/122/122 132/132/132 133/133/133
f 123/123/123 133/133/133 134/134/134
f 124/124/124 134/134/134 135/135/135
f 125/125/125 135/135/135 136/136/136
f 126/126/126 136/136/136 137/137/137
f 127/127/127 137/137/137 138/138/138
f 128/128/128 138/138/138 139/139/139
f 140/140/140 150/150/150 141/141/141
f 131/131/131 141/141/141 142/142/142
f 132/132/132 142/142/142 143/143/143
f 133/133/133 143/143/143 144/144/144
f 134/134/134 144/144/144 145/145/145
f 135/135/135 145/145/145 146/146/146
f 136/136/136 146/146/146 147/147/147
f 137/137/137 147/147/147 148/148/148
f 138/138/138 148/148/148 149/149/149
f 150/150/150 160/160/160 151/151/151
f 141/141/141 151/151/151 152/152/152
f 142/142/142 152/152/152 153/153/153
f 143/143/143 153/153/153 154/154/154
f 144/144/144 154/154/154 155/155/155
f 145/145/145 155/155/155 156/156/156
f 146/146/146 156/156/156 157/157/157
f 147/147/147 157/157/157 158/158/158
f 148/148/148 158/158/158 159/159/159
f 160/160/160 170/170/170 161/161/161
f 151/151/151 161/161/161 162/162/162
f 152/152/152 162/162/162 163/163/163
f 153/153/153 163/163/163 164/164/164
f 154/154/154 164/164/164 165/165/165
f 155/155/155 165/165/165 166/166/166
f 156/156/156 166/166/166 167/167/167
f 157/157/157 167/167/167 168/168/168
f 158/158/158 168/168/168 169/169/169
f 170/170/170 180/180/180 171/171/171
f 161/161/161 171/171/171 172/172/172
f 162/162/162 172/172/172 173/173/173
f 163/163/163 173/173/173 174/174/174
f 164/164/164 174/174/174 175/175/175
f 165/165/165 175/175/175 176/176/176
f 166/166/166 176/176/176 177/177/177
f 167/167/167 177/177/177 178/178/178
f 168/168/168 178/178/178 179/179/179
f 180/180/180 190/190/190 181/181/181
f 171/171/171 181/181/181 182/182/182
f 172/172/172 182/182/182 183/183/183
f 173/173/173 183/183/183 184/184/184
f 174/174/174 184/184/184 185/185/185
f 175/175/175 185/185/185 186/186/186
f 176/176/176 186/186/186 187/187/187
f 177/177/177 187/187/187 188/188/188
f 178/178/178 188/188/188 189/189/189
f 190/190/190 200/200/200 191/191/191
f 181/181/181 191/191/191 192/192/192
f 182/182/182 192/192/192 193/193/193
f 183/183/183 193/193/193 194/194/194
f 184/184/184 194/194/194 195/195/195
f 185/185/185 195/195/195 196/196/196
f 186/186/186 196/196/196 197/197/197
f 187/187/187 197/197/197 198/198/198
f 188/188/188 198/198/198 199/199/199
f 200/200/200 4211/3222/3897 201/201/201
f 191/191/191 201/201/201 202/202/202
f 192/192/192 202/202/202 203/203/203
f 193/193/193 203/203/203 204/204/204
f 194/194/194 204/204/204 205/205/205
f 195/195/195 205/205/205 206/206/206
f 196/196/196 206/206/206 207/207/207
f 197/197/197 207/207/207 208/208/208
f 198/198/198 208/208/208 209/209/209
f 208/208/208 211/211/211 210/210/210
f 211/211/211 213/213/213 212/212/212
f 213/213/213 215/215/215 214/214/214
f 215/215/215 217/217/217 216/216/216
f 217/217/217 219/219/219 218/218/218
f 219/219/219 221/221/221 220/220/220
f 221/221/221 229/229/229 222/222/222
f 207/207/207 223/223/223 211/211/211
f 223/223/223 224/224/224 213/213/213
f 224/224/224 225/225/225 215/215/215
f 225/225/225 226/226/226 217/217/217
f 226/226/226 227/227/227 219/219/219
f 227/227/227 228/228/228 221/221/221
f 228/228/228 236/236/236 229/229/229
f 207/207/207 206/206/206 230/230/230
f 223/223/223 230/230/230 231/231/231
f 224/224/224 231/231/231 232/232/232
f 232/232/232 233/233/233 226/226/226
f 233/233/233 234/234/234 227/227/227
f 234/234/234 235/235/235 228/228/228
f 235/235/235 243/243/243 236/236/236
f 206/206/206 205/205/205 237/237/237
f 230/230/230 237/237/237 238/238/238
f 231/231/231 238/238/238 239/239/239
f 232/232/232 239/239/239 240/240/240
f 240/240/240 241/241/241 234/234/234
f 241/241/241 242/242/242 235/235/235
f 242/242/242 250/250/250 243/243/243
f 205/205/205 204/204/204 244/244/244
f 237/237/237 244/244/244 245/245/245
f 238/238/238 245/245/245 246/246/246
f 239/239/239 246/246/246 247/247/247
f 240/240/240 247/247/247 248/248/248
f 248/248/248 249/249/249 242/242/242
f 249/249/249 257/257/257 250/250/250
f 204/204/204 203/203/203 251/251/251
f 244/244/244 251/251/251 252/252/252
f 245/245/245 252/252/252 253/253/253
f 246/246/246 253/253/253 254/254/254
f 247/247/247 254/254/254 255/255/255
f 248/248/248 255/255/255 256/256/256
f 256/256/256 264/264/264 257/257/257
f 203/203/203 202/202/202 258/258/258
f 251/251/251 258/258/258 259/259/259
f 252/252/252 259/259/259 260/260/260
f 253/253/253 260/260/260 261/261/261
f 254/254/254 261/261/261 262/262/262
f 255/255/255 262/262/262 263/263/263
f 263/263/263 271/271/271 264/264/264
f 202/202/202 201/201/201 265/265/265
f 258/258/258 265/265/265 266/266/266
f 259/259/259 266/266/266 267/267/267
f 260/260/260 267/267/267 268/268/268
f 261/261/261 268/268/268 269/269/269
f 262/262/262 269/269/269 270/270/270
f 270/270/270 278/278/278 271/271/271
f 201/201/201 4211/3222/3897 272/272/272
f 265/265/265 272/272/272 273/273/273
f 266/266/266 273/273/273 274/274/274
f 267/267/267 274/274/274 275/275/275
f 268/268/268 275/275/275 276/276/276
f 269/269/269 276/276/276 277/277/277
f 277/277/277 4212/3223/606 278/278/278
f 279/279/279 4213/3224/1 280/280/280
f 280/280/280 4214/3225/4 282/282/282
f 282/282/282 4214/3225/4 283/283/6
f 283/283/6 286/286/8 285/285/284
f 286/286/8 288/288/286 287/287/285
f 288/288/286 4215/3226/3898 289/289/287
f 289/289/287 4215/3226/3898 290/290/288
f 291/291/289 290/290/288 292/292/290
f 292/292/290 4216/3227/17 294/294/292
f 295/295/293 298/298/296 296/296/294
f 298/298/296 300/300/298 299/299/297
f 300/300/298 302/302/300 301/301/299
f 302/302/300 304/304/302 303/303/301
f 304/304/302 306/306/304 305/305/303
f 306/306/304 308/308/306 307/307/305
f 308/308/306 310/310/308 309/309/307
f 310/310/308 312/312/310 311/311/309
f 312/312/310 314/314/312 313/313/311
f 314/314/312 316/316/314 315/315/313
f 316/316/314 318/318/316 317/317/315
f 318/318/316 320/320/318 319/319/317
f 320/320/318 322/322/320 321/321/319
f 322/322/320 324/324/322 323/323/321
f 324/324/322 326/326/324 325/325/323
f 326/326/324 328/328/326 327/327/325
f 328/328/326 330/330/328 329/329/327
f 330/330/328 332/332/330 331/331/329
f 332/332/330 334/334/332 333/333/331
f 334/334/332 4217/3228/3899 335/335/333
f 297/297/295 296/296/294 336/336/334
f 296/296/294 299/299/297 338/338/336
f 299/299/297 301/301/299 339/339/337
f 301/301/299 303/303/301 340/340/338
f 303/303/301 305/305/303 341/341/339
f 305/305/303 307/307/305 342/342/340
f 307/307/305 309/309/307 343/343/341
f 309/309/307 311/311/309 344/344/342
f 311/311/309 313/313/311 345/345/343
f 313/313/311 315/315/313 346/346/344
f 315/315/313 317/317/315 347/347/345
f 317/317/315 319/319/317 348/348/346
f 319/319/317 321/321/319 349/349/347
f 321/321/319 323/323/321 350/350/348
f 323/323/321 325/325/323 351/351/349
f 325/325/323 327/327/325 352/352/350
f 327/327/325 329/329/327 353/353/351
f 329/329/327 331/331/329 354/354/352
f 331/331/329 333/333/331 355/355/353
f 333/333/331 335/335/333 356/356/354
f 337/337/335 336/336/334 357/357/355
f 336/336/334 338/338/336 359/359/357
f 338/338/336 339/339/337 360/360/358
f 339/339/337 340/340/338 361/361/359
f 340/340/338 341/341/339 362/362/360
f 341/341/339 342/342/340 363/363/361
f 342/342/340 343/343/341 364/364/362
f 343/343/341 344/344/342 365/365/363
f 344/344/342 345/345/343 366/366/364
f 345/345/343 346/346/344 367/367/365
f 346/346/344 347/347/345 368/368/366
f 347/347/345 348/348/346 369/369/367
f 348/348/346 349/349/347 370/370/368
f 349/349/347 350/350/348 371/371/369
f 350/350/348 351/351/349 372/372/370
f 351/351/349 352/352/350 373/373/371
f 352/352/350 353/353/351 374/374/372
f 353/353/351 354/354/352 375/375/373
f 354/354/352 355/355/353 376/376/374
f 355/355/353 356/356/354 377/377/375
f 358/358/356 357/357/355 378/378/376
f 357/357/355 359/359/357 380/380/378
f 359/359/357 360/360/358 381/381/379
f 360/360/358 361/361/359 382/382/380
f 361/361/359 362/362/360 383/383/381
f 362/362/360 363/363/361 384/384/382
f 363/363/361 364/364/362 385/385/383
f 364/364/362 365/365/363 386/386/384
f 365/365/363 366/366/364 387/387/385
f 366/366/364 367/367/365 388/388/386
f 367/367/365 368/368/366 389/389/387
f 368/368/366 369/369/367 390/390/388
f 369/369/367 370/370/368 391/391/389
f 370/370/368 371/371/369 392/392/390
f 371/371/369 372/372/370 393/393/391
f 372/372/370 373/373/371 394/394/392
f 373/373/371 374/374/372 395/395/393
f 374/374/372 375/375/373 396/396/394
f 375/375/373 376/376/374 397/397/395
f 376/376/374 377/377/375 398/398/396
f 379/379/377 378/378/376 399/399/397
f 378/378/376 380/380/378 401/401/399
f 380/380/378 381/381/379 402/402/400
f 381/381/379 382/382/380 403/403/401
f 382/382/380 383/383/381 404/404/402
f 383/383/381 384/384/382 405/405/403
f 384/384/382 385/385/383 406/406/404
f 385/385/383 386/386/384 407/407/405
f 386/386/384 387/387/385 408/408/406
f 387/387/385 388/388/386 409/409/407
f 388/388/386 389/389/387 410/410/408
f 389/389/387 390/390/388 411/411/409
f 390/390/388 391/391/389 412/412/410
f 391/391/389 392/392/390 413/413/411
f 392/392/390 393/393/391 414/414/412
f 393/393/391 394/394/392 415/415/413
f 394/394/392 395/395/393 416/416/414
f 395/395/393 396/396/394 417/417/415
f 396/396/394 397/397/395 418/418/416
f 397/397/395 398/398/396 419/419/417
f 400/400/398 399/399/397 420/420/418
f 399/399/397 401/401/399 422/422/420
f 401/401/399 402/402/400 423/423/421
f 402/402/400 403/403/401 424/424/422
f 403/403/401 404/404/402 425/425/423
f 404/404/402 405/405/403 426/426/424
f 405/405/403 406/406/404 427/427/425
f 406/406/404 407/407/405 428/428/426
f 407/407/405 408/408/406 429/429/427
f 408/408/406 409/409/407 430/430/428
f 409/409/407 410/410/408 431/431/429
f 410/410/408 411/411/409 432/432/430
f 411/411/409 412/412/410 433/433/431
f 412/412/410 413/413/411 434/434/432
f 413/413/411 414/414/412 435/435/433
f 414/414/412 415/415/413 436/436/434
f 415/415/413 416/416/414 437/437/435
f 416/416/414 417/417/415 438/438/436
f 417/417/415 418/418/416 439/439/437
f 418/418/416 419/419/417 440/440/438
f 421/421/419 420/420/418 441/441/439
f 420/420/418 422/422/420 443/443/441
f 422/422/420 423/423/421 444/444/442
f 423/423/421 424/424/422 445/445/443
f 424/424/422 425/425/423 446/446/444
f 425/425/423 426/426/424 447/447/445
f 426/426/424 427/427/425 448/448/446
f 427/427/425 428/428/426 449/449/447
f 428/428/426 429/429/427 450/450/448
f 429/429/427 430/430/428 451/451/449
f 430/430/428 431/431/429 452/452/450
f 431/431/429 432/432/430 453/453/451
f 432/432/430 433/433/431 454/454/452
f 433/433/431 434/434/432 455/455/453
f 434/434/432 435/435/433 456/456/454
f 435/435/433 436/436/434 457/457/455
f 436/436/434 437/437/435 458/458/456
f 437/437/435 438/438/436 459/459/457
f 438/438/436 439/439/437 460/460/458
f 439/439/437 440/440/438 461/461/459
f 442/442/440 441/441/439 462/462/460
f 441/441/439 443/443/441 464/464/462
f 443/443/441 444/444/442 465/465/463
f 444/444/442 445/445/443 466/466/464
f 445/445/443 446/446/444 467/467/465
f 446/446/444 447/447/445 468/468/466
f 447/447/445 448/448/446 469/469/467
f 448/448/446 449/449/447 470/470/468
f 449/449/447 450/450/448 471/471/469
f 450/450/448 451/451/449 472/472/470
f 451/451/449 452/452/450 473/473/471
f 452/452/450 453/453/451 474/474/472
f 453/453/451 454/454/452 475/475/473
f 454/454/452 455/455/453 476/476/474
f 455/455/453 456/456/454 477/477/475
f 456/456/454 457/457/455 478/478/476
f 457/457/455 458/458/456 479/479/477
f 458/458/456 459/459/457 480/480/478
f 459/459/457 460/460/458 481/481/479
f 460/460/458 461/461/459 482/482/480
f 463/463/461 462/462/460 483/483/481
f 462/462/460 464/464/462 485/485/483
f 464/464/462 465/465/463 486/486/484
f 465/465/463 466/466/464 487/487/485
f 466/466/464 467/467/465 488/488/486
f 467/467/465 468/468/466 489/489/487
f 468/468/466 469/469/467 490/490/488
f 469/469/467 470/470/468 491/491/489
f 470/470/468 471/471/469 492/492/490
f 471/471/469 472/472/470 493/493/491
f 472/472/470 473/473/471 494/494/492
f 473/473/471 474/474/472 495/495/493
f 474/474/472 475/475/473 496/496/494
f 475/475/473 476/476/474 497/497/495
f 476/476/474 477/477/475 498/498/496
f 477/477/475 478/478/476 499/499/497
f 478/478/476 479/479/477 500/500/498
f 479/479/477 480/480/478 501/501/499
f 480/480/478 481/481/479 502/502/500
f 481/481/479 482/482/480 503/503/501
f 504/504/502 508/508/506 505/505/503
f 507/507/505 510/510/508 508/508/506
f 509/509/507 512/512/510 510/510/508
f 511/511/509 514/514/512 512/512/510
f 513/513/511 516/516/514 514/514/512
f 515/515/513 518/518/516 516/516/514
f 517/517/515 520/520/518 518/518/516
f 519/519/517 522/522/520 520/520/518
f 521/521/519 531/531/529 522/522/520
f 505/505/503 508/508/506 523/523/521
f 508/508/506 510/510/508 525/525/523
f 510/510/508 512/512/510 526/526/524
f 512/512/510 514/514/512 527/527/525
f 516/516/514 528/528/526 527/527/525
f 518/518/516 529/529/527 528/528/526
f 520/520/518 530/530/528 529/529/527
f 522/522/520 532/532/530 530/530/528
f 531/531/529 541/541/539 532/532/530
f 524/524/522 523/523/521 533/533/531
f 523/523/521 525/525/523 535/535/533
f 525/525/523 526/526/524 536/536/534
f 526/526/524 527/527/525 537/537/535
f 528/528/526 538/538/536 537/537/535
f 529/529/527 539/539/537 538/538/536
f 530/530/528 540/540/538 539/539/537
f 532/532/530 542/542/540 540/540/538
f 541/541/539 551/551/549 542/542/540
f 534/534/532 533/533/531 543/543/541
f 533/533/531 535/535/533 545/545/543
f 535/535/533 536/536/534 546/546/544
f 536/536/534 537/537/535 547/547/545
f 537/537/535 538/538/536 548/548/546
f 539/539/537 549/549/547 548/548/546
f 540/540/538 550/550/548 549/549/547
f 542/542/540 552/552/550 550/550/548
f 551/551/549 561/561/559 552/552/550
f 544/544/542 543/543/541 553/553/551
f 543/543/541 545/545/543 555/555/553
f 545/545/543 546/546/544 556/556/554
f 546/546/544 547/547/545 557/557/555
f 547/547/545 548/548/546 558/558/556
f 549/549/547 559/559/557 558/558/556
f 550/550/548 560/560/558 559/559/557
f 552/552/550 562/562/560 560/560/558
f 561/561/559 571/571/569 562/562/560
f 554/554/552 553/553/551 563/563/561
f 553/553/551 555/555/553 565/565/563
f 555/555/553 556/556/554 566/566/564
f 556/556/554 557/557/555 567/567/565
f 557/557/555 558/558/556 568/568/566
f 558/558/556 559/559/557 569/569/567
f 560/560/558 570/570/568 569/569/567
f 562/562/560 572/572/570 570/570/568
f 571/571/569 573/573/571 572/572/570
f 564/564/562 563/563/561 463/463/461
f 563/563/561 565/565/563 442/442/440
f 565/565/563 566/566/564 421/421/419
f 566/566/564 567/567/565 400/400/398
f 567/567/565 568/568/566 379/379/377
f 568/568/566 569/569/567 358/358/356
f 569/569/567 570/570/568 337/337/335
f 572/572/570 297/297/295 337/337/335
f 573/573/571 295/295/293 297/297/295
f 574/574/572 4218/3229/3900 575/575/480
f 576/576/573 575/575/480 577/577/459
f 578/578/574 577/577/459 579/579/438
f 580/580/575 579/579/438 581/581/576
f 581/581/576 584/584/396 583/583/578
f 584/584/396 586/586/580 585/585/579
f 586/586/580 588/588/354 587/587/581
f 588/588/354 590/590/333 589/589/582
f 590/590/333 4219/3230/3899 591/591/583
f 592/592/229 595/595/585 593/593/584
f 595/595/585 599/599/589 596/596/586
f 592/592/229 600/600/236 597/597/587
f 595/595/585 597/597/587 598/598/588
f 600/600/236 603/603/243 601/601/590
f 597/597/587 601/601/590 602/602/591
f 603/603/243 606/606/250 604/604/592
f 601/601/590 604/604/592 605/605/593
f 606/606/250 609/609/257 607/607/594
f 604/604/592 607/607/594 608/608/595
f 609/609/257 612/612/598 610/610/596
f 607/607/594 610/610/596 611/611/597
f 612/612/598 615/615/271 613/613/599
f 610/610/596 613/613/599 614/614/600
f 615/615/271 618/618/278 616/616/601
f 613/613/599 616/616/601 617/617/602
f 618/618/278 622/622/606 619/619/603
f 616/616/601 619/619/603 620/620/604
f 621/621/605 623/623/607 619/619/603
f 623/623/607 626/626/610 620/620/604
f 624/624/608 625/625/609 623/623/607
f 625/625/609 629/629/613 626/626/610
f 627/627/611 628/628/612 625/625/609
f 628/628/612 632/632/616 629/629/613
f 630/630/614 631/631/615 628/628/612
f 631/631/615 635/635/619 632/632/616
f 633/633/617 634/634/618 631/631/615
f 634/634/618 638/638/622 635/635/619
f 636/636/620 637/637/621 634/634/618
f 637/637/621 641/641/625 638/638/622
f 639/639/623 640/640/624 637/637/621
f 640/640/624 644/644/628 641/641/625
f 642/642/626 646/646/630 640/640/624
f 640/640/624 646/646/630 643/643/627
f 642/642/626 4220/3231/519 645/645/629
f 646/646/630 645/645/629 647/647/631
f 648/648/517 654/654/634 649/649/629
f 649/649/629 654/654/634 651/651/632
f 648/648/517 656/656/515 653/653/633
f 654/654/634 653/653/633 655/655/635
f 656/656/515 659/659/638 657/657/636
f 653/653/633 657/657/636 658/658/637
f 659/659/638 662/662/641 660/660/639
f 657/657/636 660/660/639 661/661/640
f 662/662/641 665/665/644 663/663/642
f 660/660/639 663/663/642 664/664/643
f 665/665/644 668/668/647 666/666/645
f 663/663/642 666/666/645 667/667/646
f 668/668/647 670/670/505 669/669/648
f 669/669/648 672/672/650 667/667/646
f 670/670/505 673/673/651 671/671/649
f 671/671/649 676/676/654 672/672/650
f 673/673/651 678/678/504 674/674/652
f 671/671/649 674/674/652 675/675/653
f 677/677/655 679/679/656 674/674/652
f 679/679/656 682/682/659 675/675/653
f 680/680/657 681/681/658 679/679/656
f 681/681/658 685/685/662 682/682/659
f 683/683/660 687/687/664 681/681/658
f 681/681/658 687/687/664 684/684/661
f 686/686/663 688/688/665 687/687/664
f 688/688/665 691/691/668 684/684/661
f 689/689/666 690/690/667 688/688/665
f 690/690/667 694/694/671 691/691/668
f 692/692/669 693/693/670 690/690/667
f 693/693/670 697/697/674 694/694/671
f 695/695/672 696/696/673 693/693/670
f 696/696/673 700/700/677 697/697/674
f 698/698/675 699/699/676 696/696/673
f 699/699/676 702/702/678 700/700/677
f 698/698/675 4221/3232/222 701/701/584
f 701/701/584 4222/3233/586 702/702/678
f 703/703/501 706/706/680 704/704/679
f 706/706/680 709/709/683 707/707/681
f 708/708/682 711/711/685 707/707/681
f 710/710/684 713/713/687 711/711/685
f 712/712/686 715/715/689 713/713/687
f 712/712/686 716/716/690 714/714/688
f 716/716/690 718/718/692 717/717/691
f 718/718/692 720/720/694 719/719/693
f 720/720/694 4223/3234/3901 721/721/332
f 705/705/500 704/704/679 722/722/695
f 704/704/679 707/707/681 724/724/697
f 707/707/681 711/711/685 725/725/698
f 713/713/687 727/727/700 725/725/698
f 713/713/687 715/715/689 726/726/699
f 715/715/689 714/714/688 728/728/701
f 714/714/688 717/717/691 729/729/702
f 717/717/691 719/719/693 730/730/703
f 719/719/693 721/721/332 731/731/330
f 723/723/696 722/722/695 732/732/704
f 722/722/695 724/724/697 734/734/706
f 724/724/697 725/725/698 735/735/707
f 727/727/700 736/736/708 735/735/707
f 726/726/699 738/738/710 736/736/708
f 726/726/699 728/728/701 737/737/709
f 728/728/701 729/729/702 739/739/711
f 729/729/702 730/730/703 740/740/712
f 730/730/703 731/731/330 741/741/713
f 733/733/705 732/732/704 742/742/714
f 732/732/704 734/734/706 744/744/716
f 734/734/706 735/735/707 745/745/717
f 735/735/707 736/736/708 746/746/718
f 738/738/710 748/748/720 746/746/718
f 738/738/710 737/737/709 747/747/719
f 737/737/709 739/739/711 749/749/721
f 739/739/711 740/740/712 750/750/722
f 740/740/712 741/741/713 751/751/723
f 742/742/714 754/754/726 752/752/724
f 742/742/714 744/744/716 753/753/725
f 744/744/716 745/745/717 755/755/727
f 745/745/717 746/746/718 756/756/728
f 748/748/720 758/758/730 756/756/728
f 748/748/720 747/747/719 757/757/729
f 747/747/719 749/749/721 759/759/731
f 749/749/721 750/750/722 760/760/732
f 750/750/722 751/751/723 761/761/324
f 754/754/726 764/764/734 762/762/495
f 754/754/726 753/753/725 763/763/733
f 753/753/725 755/755/727 765/765/735
f 755/755/727 756/756/728 766/766/736
f 756/756/728 758/758/730 767/767/737
f 758/758/730 757/757/729 768/768/738
f 757/757/729 759/759/731 769/769/739
f 759/759/731 760/760/732 770/770/740
f 760/760/732 761/761/324 771/771/322
f 762/762/495 764/764/734 772/772/741
f 764/764/734 763/763/733 774/774/743
f 763/763/733 765/765/735 775/775/744
f 765/765/735 766/766/736 776/776/745
f 766/766/736 767/767/737 777/777/746
f 767/767/737 768/768/738 778/778/747
f 768/768/738 769/769/739 779/779/748
f 769/769/739 770/770/740 780/780/749
f 770/770/740 771/771/322 781/781/750
f 773/773/742 772/772/741 782/782/751
f 772/772/741 774/774/743 784/784/753
f 774/774/743 775/775/744 785/785/754
f 775/775/744 776/776/745 786/786/755
f 776/776/745 777/777/746 787/787/756
f 777/777/746 778/778/747 788/788/757
f 778/778/747 779/779/748 789/789/758
f 779/779/748 780/780/749 790/790/759
f 780/780/749 781/781/750 791/791/760
f 783/783/752 782/782/751 792/792/761
f 782/782/751 784/784/753 794/794/763
f 784/784/753 785/785/754 795/795/764
f 785/785/754 786/786/755 796/796/765
f 786/786/755 787/787/756 797/797/766
f 787/787/756 788/788/757 798/798/767
f 788/788/757 789/789/758 799/799/768
f 789/789/758 790/790/759 800/800/769
f 790/790/759 791/791/760 801/801/770
f 793/793/762 792/792/761 802/802/771
f 792/792/761 794/794/763 804/804/772
f 794/794/763 795/795/764 805/805/773
f 795/795/764 796/796/765 806/806/774
f 796/796/765 797/797/766 807/807/775
f 797/797/766 798/798/767 808/808/776
f 798/798/767 799/799/768 809/809/777
f 799/799/768 800/800/769 810/810/778
f 800/800/769 801/801/770 811/811/314
f 803/803/491 802/802/771 812/812/779
f 802/802/771 804/804/772 814/814/780
f 804/804/772 805/805/773 815/815/781
f 805/805/773 806/806/774 816/816/782
f 806/806/774 807/807/775 817/817/783
f 807/807/775 808/808/776 818/818/784
f 808/808/776 809/809/777 819/819/785
f 809/809/777 810/810/778 820/820/786
f 810/810/778 811/811/314 821/821/312
f 813/813/490 812/812/779 822/822/787
f 812/812/779 814/814/780 824/824/788
f 814/814/780 815/815/781 825/825/789
f 815/815/781 816/816/782 826/826/790
f 816/816/782 817/817/783 827/827/791
f 817/817/783 818/818/784 828/828/792
f 818/818/784 819/819/785 829/829/793
f 819/819/785 820/820/786 830/830/794
f 820/820/786 821/821/312 831/831/795
f 823/823/489 822/822/787 832/832/796
f 822/822/787 824/824/788 834/834/798
f 824/824/788 825/825/789 835/835/799
f 825/825/789 826/826/790 836/836/800
f 826/826/790 827/827/791 837/837/801
f 827/827/791 828/828/792 838/838/802
f 828/828/792 829/829/793 839/839/803
f 829/829/793 830/830/794 840/840/804
f 830/830/794 831/831/795 841/841/308
f 833/833/797 832/832/796 842/842/805
f 832/832/796 834/834/798 844/844/807
f 834/834/798 835/835/799 845/845/808
f 835/835/799 836/836/800 846/846/809
f 836/836/800 837/837/801 847/847/810
f 837/837/801 838/838/802 848/848/811
f 838/838/802 839/839/803 849/849/812
f 839/839/803 840/840/804 850/850/813
f 840/840/804 841/841/308 851/851/306
f 843/843/806 842/842/805 852/852/814
f 842/842/805 844/844/807 854/854/815
f 844/844/807 845/845/808 855/855/816
f 845/845/808 846/846/809 856/856/817
f 846/846/809 847/847/810 857/857/818
f 847/847/810 848/848/811 858/858/819
f 848/848/811 849/849/812 859/859/820
f 849/849/812 850/850/813 860/860/821
f 850/850/813 851/851/306 861/861/822
f 853/853/486 852/852/814 862/862/823
f 852/852/814 854/854/815 864/864/825
f 854/854/815 855/855/816 865/865/826
f 855/855/816 856/856/817 866/866/827
f 856/856/817 857/857/818 867/867/828
f 857/857/818 858/858/819 868/868/829
f 858/858/819 859/859/820 869/869/830
f 859/859/820 860/860/821 870/870/831
f 860/860/821 861/861/822 871/871/302
f 863/863/824 862/862/823 872/872/832
f 862/862/823 864/864/825 874/874/833
f 864/864/825 865/865/826 875/875/834
f 865/865/826 866/866/827 876/876/835
f 866/866/827 867/867/828 877/877/836
f 867/867/828 868/868/829 878/878/837
f 868/868/829 869/869/830 879/879/838
f 869/869/830 870/870/831 880/880/839
f 870/870/831 871/871/302 881/881/840
f 873/873/484 872/872/832 882/882/841
f 872/872/832 874/874/833 884/884/842
f 874/874/833 875/875/834 885/885/843
f 875/875/834 876/876/835 886/886/844
f 876/876/835 877/877/836 887/887/845
f 877/877/836 878/878/837 888/888/846
f 878/878/837 879/879/838 889/889/847
f 879/879/838 880/880/839 890/890/848
f 880/880/839 881/881/840 891/891/298
f 883/883/483 882/882/841 892/892/849
f 882/882/841 884/884/842 894/894/851
f 884/884/842 885/885/843 895/895/852
f 885/885/843 886/886/844 896/896/853
f 886/886/844 887/887/845 897/897/854
f 887/887/845 888/888/846 898/898/855
f 888/888/846 889/889/847 899/899/856
f 889/889/847 890/890/848 900/900/857
f 890/890/848 891/891/298 901/901/858
f 893/893/850 892/892/849 902/902/859
f 892/892/849 894/894/851 904/904/861
f 894/894/851 895/895/852 905/905/862
f 895/895/852 896/896/853 906/906/863
f 896/896/853 897/897/854 907/907/864
f 897/897/854 898/898/855 908/908/865
f 898/898/855 899/899/856 909/909/866
f 899/899/856 900/900/857 910/910/867
f 900/900/857 901/901/858 911/911/293
f 912/912/868 914/914/870 910/910/867
f 913/913/869 916/916/872 914/914/870
f 915/915/871 918/918/874 916/916/872
f 917/917/873 920/920/876 918/918/874
f 919/919/875 922/922/878 920/920/876
f 921/921/877 924/924/879 922/922/878
f 923/923/519 930/930/626 924/924/879
f 914/914/870 925/925/880 909/909/866
f 916/916/872 926/926/881 925/925/880
f 918/918/874 927/927/882 926/926/881
f 920/920/876 928/928/883 927/927/882
f 922/922/878 929/929/884 928/928/883
f 924/924/879 931/931/885 929/929/884
f 930/930/626 937/937/623 931/931/885
f 909/909/866 925/925/880 932/932/886
f 925/925/880 926/926/881 933/933/887
f 926/926/881 927/927/882 934/934/888
f 928/928/883 935/935/889 934/934/888
f 929/929/884 936/936/890 935/935/889
f 931/931/885 938/938/891 936/936/890
f 937/937/623 944/944/620 938/938/891
f 908/908/865 932/932/886 939/939/892
f 932/932/886 933/933/887 940/940/893
f 933/933/887 934/934/888 941/941/894
f 934/934/888 935/935/889 942/942/895
f 936/936/890 943/943/896 942/942/895
f 938/938/891 945/945/897 943/943/896
f 944/944/620 951/951/617 945/945/897
f 907/907/864 939/939/892 946/946/898
f 939/939/892 940/940/893 947/947/899
f 940/940/893 941/941/894 948/948/900
f 941/941/894 942/942/895 949/949/901
f 942/942/895 943/943/896 950/950/902
f 945/945/897 952/952/903 950/950/902
f 951/951/617 959/959/614 952/952/903
f 906/906/863 946/946/898 953/953/904
f 946/946/898 947/947/899 954/954/905
f 947/947/899 948/948/900 955/955/906
f 948/948/900 949/949/901 956/956/907
f 949/949/901 950/950/902 957/957/908
f 950/950/902 952/952/903 958/958/909
f 959/959/614 966/966/611 958/958/909
f 905/905/862 953/953/904 960/960/910
f 953/953/904 954/954/905 961/961/911
f 954/954/905 955/955/906 962/962/912
f 955/955/906 956/956/907 963/963/913
f 956/956/907 957/957/908 964/964/914
f 957/957/908 958/958/909 965/965/915
f 966/966/611 973/973/922 965/965/915
f 904/904/861 960/960/910 967/967/916
f 960/960/910 961/961/911 968/968/917
f 961/961/911 962/962/912 969/969/918
f 962/962/912 963/963/913 970/970/919
f 963/963/913 964/964/914 971/971/920
f 964/964/914 965/965/915 972/972/921
f 973/973/922 980/980/605 972/972/921
f 902/902/859 967/967/916 974/974/923
f 967/967/916 968/968/917 975/975/924
f 968/968/917 969/969/918 976/976/925
f 969/969/918 970/970/919 977/977/275
f 970/970/919 971/971/920 978/978/926
f 971/971/920 972/972/921 979/979/277
f 980/980/605 4224/3235/606 979/979/277
f 981/981/927 985/985/930 982/982/928
f 984/984/929 987/987/932 982/982/928
f 986/986/931 989/989/682 987/987/932
f 988/988/933 991/991/935 989/989/682
f 990/990/934 993/993/686 991/991/935
f 990/990/934 994/994/936 992/992/690
f 994/994/936 996/996/938 995/995/937
f 996/996/938 999/999/940 997/997/694
f 998/998/939 4225/3236/3899 997/997/694
f 1000/1000/941 1041/1041/976 1001/1001/942
f 1002/1002/943 1001/1001/942 1003/1003/944
f 1004/1004/945 1003/1003/944 1005/1005/946
f 1006/1006/947 1005/1005/946 1007/1007/948
f 1008/1008/949 1007/1007/948 1009/1009/950
f 1010/1010/951 1009/1009/950 1011/1011/952
f 1012/1012/149 1011/1011/952 1013/1013/953
f 1014/1014/954 1013/1013/953 1015/1015/955
f 1016/1016/956 1015/1015/955 1017/1017/957
f 1018/1018/958 1017/1017/957 1019/1019/959
f 1020/1020/109 1019/1019/959 1021/1021/960
f 1022/1022/961 1021/1021/960 1023/1023/962
f 1024/1024/963 1023/1023/962 1025/1025/964
f 1026/1026/79 1025/1025/964 1027/1027/965
f 1028/1028/69 1027/1027/965 1029/1029/966
f 1030/1030/967 1029/1029/966 1031/1031/968
f 1032/1032/49 1031/1031/968 1033/1033/969
f 1034/1034/970 1033/1033/969 1035/1035/971
f 1036/1036/28 1035/1035/971 1037/1037/972
f 1038/1038/973 1037/1037/972 1039/1039/974
f 1041/1041/976 1062/1062/997 1042/1042/977
f 1001/1001/942 1042/1042/977 1043/1043/978
f 1003/1003/944 1043/1043/978 1044/1044/979
f 1005/1005/946 1044/1044/979 1045/1045/980
f 1007/1007/948 1045/1045/980 1046/1046/981
f 1009/1009/950 1046/1046/981 1047/1047/982
f 1011/1011/952 1047/1047/982 1048/1048/983
f 1013/1013/953 1048/1048/983 1049/1049/984
f 1015/1015/955 1049/1049/984 1050/1050/985
f 1017/1017/957 1050/1050/985 1051/1051/986
f 1019/1019/959 1051/1051/986 1052/1052/987
f 1021/1021/960 1052/1052/987 1053/1053/988
f 1023/1023/962 1053/1053/988 1054/1054/989
f 1025/1025/964 1054/1054/989 1055/1055/990
f 1027/1027/965 1055/1055/990 1056/1056/991
f 1029/1029/966 1056/1056/991 1057/1057/992
f 1031/1031/968 1057/1057/992 1058/1058/993
f 1033/1033/969 1058/1058/993 1059/1059/994
f 1035/1035/971 1059/1059/994 1060/1060/995
f 1037/1037/972 1060/1060/995 1061/1061/996
f 1062/1062/997 1083/1083/1018 1063/1063/998
f 1042/1042/977 1063/1063/998 1064/1064/999
f 1043/1043/978 1064/1064/999 1065/1065/1000
f 1044/1044/979 1065/1065/1000 1066/1066/1001
f 1045/1045/980 1066/1066/1001 1067/1067/1002
f 1046/1046/981 1067/1067/1002 1068/1068/1003
f 1047/1047/982 1068/1068/1003 1069/1069/1004
f 1048/1048/983 1069/1069/1004 1070/1070/1005
f 1049/1049/984 1070/1070/1005 1071/1071/1006
f 1050/1050/985 1071/1071/1006 1072/1072/1007
f 1051/1051/986 1072/1072/1007 1073/1073/1008
f 1052/1052/987 1073/1073/1008 1074/1074/1009
f 1053/1053/988 1074/1074/1009 1075/1075/1010
f 1054/1054/989 1075/1075/1010 1076/1076/1011
f 1055/1055/990 1076/1076/1011 1077/1077/1012
f 1056/1056/991 1077/1077/1012 1078/1078/1013
f 1057/1057/992 1078/1078/1013 1079/1079/1014
f 1058/1058/993 1079/1079/1014 1080/1080/1015
f 1059/1059/994 1080/1080/1015 1081/1081/1016
f 1060/1060/995 1081/1081/1016 1082/1082/1017
f 1083/1083/1018 1103/1103/1038 1084/1084/1019
f 1063/1063/998 1084/1084/1019 1085/1085/1020
f 1064/1064/999 1085/1085/1020 1086/1086/1021
f 1065/1065/1000 1086/1086/1021 1087/1087/1022
f 1087/1087/1022 1109/1109/1044 1067/1067/1002
f 1067/1067/1002 1109/1109/1044 1088/1088/1023
f 1068/1068/1003 1088/1088/1023 1089/1089/1024
f 1069/1069/1004 1089/1089/1024 1090/1090/1025
f 1070/1070/1005 1090/1090/1025 1091/1091/1026
f 1071/1071/1006 1091/1091/1026 1092/1092/1027
f 1072/1072/1007 1092/1092/1027 1093/1093/1028
f 1073/1073/1008 1093/1093/1028 1094/1094/1029
f 1074/1074/1009 1094/1094/1029 1095/1095/1030
f 1075/1075/1010 1095/1095/1030 1096/1096/1031
f 1076/1076/1011 1096/1096/1031 1097/1097/1032
f 1077/1077/1012 1097/1097/1032 1098/1098/1033
f 1078/1078/1013 1098/1098/1033 1099/1099/1034
f 1079/1079/1014 1099/1099/1034 1100/1100/1035
f 1080/1080/1015 1100/1100/1035 1101/1101/1036
f 1081/1081/1016 1101/1101/1036 1102/1102/1037
f 1103/1103/1038 1125/1125/1060 1104/1104/1039
f 1084/1084/1019 1104/1104/1039 1105/1105/1040
f 1085/1085/1020 1105/1105/1040 1106/1106/1041
f 1086/1086/1021 1106/1106/1041 1107/1107/1042
f 1087/1087/1022 1107/1107/1042 1108/1108/1043
f 1109/1109/1044 1108/1108/1043 1110/1110/1045
f 1088/1088/1023 1110/1110/1045 1111/1111/1046
f 1089/1089/1024 1111/1111/1046 1112/1112/1047
f 1090/1090/1025 1112/1112/1047 1113/1113/1048
f 1091/1091/1026 1113/1113/1048 1114/1114/1049
f 1092/1092/1027 1114/1114/1049 1115/1115/1050
f 1093/1093/1028 1115/1115/1050 1116/1116/1051
f 1094/1094/1029 1116/1116/1051 1117/1117/1052
f 1095/1095/1030 1117/1117/1052 1118/1118/1053
f 1096/1096/1031 1118/1118/1053 1119/1119/1054
f 1097/1097/1032 1119/1119/1054 1120/1120/1055
f 1098/1098/1033 1120/1120/1055 1121/1121/1056
f 1099/1099/1034 1121/1121/1056 1122/1122/1057
f 1100/1100/1035 1122/1122/1057 1123/1123/1058
f 1101/1101/1036 1123/1123/1058 1124/1124/1059
f 1125/1125/1060 1146/1146/1081 1126/1126/1061
f 1104/1104/1039 1126/1126/1061 1127/1127/1062
f 1105/1105/1040 1127/1127/1062 1128/1128/1063
f 1106/1106/1041 1128/1128/1063 1129/1129/1064
f 1107/1107/1042 1129/1129/1064 1130/1130/1065
f 1108/1108/1043 1130/1130/1065 1131/1131/1066
f 1110/1110/1045 1131/1131/1066 1132/1132/1067
f 1111/1111/1046 1132/1132/1067 1133/1133/1068
f 1112/1112/1047 1133/1133/1068 1134/1134/1069
f 1113/1113/1048 1134/1134/1069 1135/1135/1070
f 1114/1114/1049 1135/1135/1070 1136/1136/1071
f 1115/1115/1050 1136/1136/1071 1137/1137/1072
f 1116/1116/1051 1137/1137/1072 1138/1138/1073
f 1117/1117/1052 1138/1138/1073 1139/1139/1074
f 1118/1118/1053 1139/1139/1074 1140/1140/1075
f 1119/1119/1054 1140/1140/1075 1141/1141/1076
f 1120/1120/1055 1141/1141/1076 1142/1142/1077
f 1121/1121/1056 1142/1142/1077 1143/1143/1078
f 1122/1122/1057 1143/1143/1078 1144/1144/1079
f 1123/1123/1058 1144/1144/1079 1145/1145/1080
f 1146/1146/1081 1167/1167/1102 1147/1147/1082
f 1126/1126/1061 1147/1147/1082 1148/1148/1083
f 1127/1127/1062 1148/1148/1083 1149/1149/1084
f 1128/1128/1063 1149/1149/1084 1150/1150/1085
f 1129/1129/1064 1150/1150/1085 1151/1151/1086
f 1130/1130/1065 1151/1151/1086 1152/1152/1087
f 1131/1131/1066 1152/1152/1087 1153/1153/1088
f 1132/1132/1067 1153/1153/1088 1154/1154/1089
f 1133/1133/1068 1154/1154/1089 1155/1155/1090
f 1134/1134/1069 1155/1155/1090 1156/1156/1091
f 1135/1135/1070 1156/1156/1091 1157/1157/1092
f 1136/1136/1071 1157/1157/1092 1158/1158/1093
f 1137/1137/1072 1158/1158/1093 1159/1159/1094
f 1138/1138/1073 1159/1159/1094 1160/1160/1095
f 1139/1139/1074 1160/1160/1095 1161/1161/1096
f 1140/1140/1075 1161/1161/1096 1162/1162/1097
f 1141/1141/1076 1162/1162/1097 1163/1163/1098
f 1142/1142/1077 1163/1163/1098 1164/1164/1099
f 1143/1143/1078 1164/1164/1099 1165/1165/1100
f 1144/1144/1079 1165/1165/1100 1166/1166/1101
f 1167/1167/1102 1188/1188/1123 1168/1168/1103
f 1147/1147/1082 1168/1168/1103 1169/1169/1104
f 1148/1148/1083 1169/1169/1104 1170/1170/1105
f 1149/1149/1084 1170/1170/1105 1171/1171/1106
f 1150/1150/1085 1171/1171/1106 1172/1172/1107
f 1151/1151/1086 1172/1172/1107 1173/1173/1108
f 1152/1152/1087 1173/1173/1108 1174/1174/1109
f 1153/1153/1088 1174/1174/1109 1175/1175/1110
f 1154/1154/1089 1175/1175/1110 1176/1176/1111
f 1155/1155/1090 1176/1176/1111 1177/1177/1112
f 1156/1156/1091 1177/1177/1112 1178/1178/1113
f 1157/1157/1092 1178/1178/1113 1179/1179/1114
f 1158/1158/1093 1179/1179/1114 1180/1180/1115
f 1159/1159/1094 1180/1180/1115 1181/1181/1116
f 1160/1160/1095 1181/1181/1116 1182/1182/1117
f 1161/1161/1096 1182/1182/1117 1183/1183/1118
f 1162/1162/1097 1183/1183/1118 1184/1184/1119
f 1163/1163/1098 1184/1184/1119 1185/1185/1120
f 1164/1164/1099 1185/1185/1120 1186/1186/1121
f 1165/1165/1100 1186/1186/1121 1187/1187/1122
f 1188/1188/1123 4226/3237/3897 1189/1189/1124
f 1168/1168/1103 1189/1189/1124 1190/1190/1125
f 1169/1169/1104 1190/1190/1125 1191/1191/1126
f 1170/1170/1105 1191/1191/1126 1192/1192/170
f 1171/1171/1106 1192/1192/170 1193/1193/1127
f 1172/1172/1107 1193/1193/1127 1194/1194/1128
f 1173/1173/1108 1194/1194/1128 1195/1195/1129
f 1174/1174/1109 1195/1195/1129 1196/1196/130
f 1175/1175/1110 1196/1196/130 1197/1197/120
f 1176/1176/1111 1197/1197/120 1198/1198/110
f 1177/1177/1112 1198/1198/110 1199/1199/1130
f 1178/1178/1113 1199/1199/1130 1200/1200/1131
f 1179/1179/1114 1200/1200/1131 1201/1201/1132
f 1180/1180/1115 1201/1201/1132 1202/1202/1133
f 1181/1181/1116 1202/1202/1133 1203/1203/1134
f 1182/1182/1117 1203/1203/1134 1204/1204/50
f 1183/1183/1118 1204/1204/50 1205/1205/39
f 1184/1184/1119 1205/1205/39 1206/1206/1135
f 1185/1185/1120 1206/1206/1135 1207/1207/1136
f 1186/1186/1121 1207/1207/1136 1208/1208/1137
f 1209/1209/503 1212/1212/1139 1210/1210/655
f 1212/1212/1139 1214/1214/1140 1213/1213/657
f 1214/1214/1140 1216/1216/1141 1215/1215/660
f 1216/1216/1141 1218/1218/1142 1217/1217/663
f 1218/1218/1142 1220/1220/1143 1219/1219/666
f 1220/1220/1143 1222/1222/1144 1221/1221/669
f 1222/1222/1144 1224/1224/1145 1223/1223/672
f 1224/1224/1145 1226/1226/1146 1225/1225/675
f 1226/1226/1146 1236/1236/1155 1227/1227/222
f 1209/1209/503 1237/1237/1156 1228/1228/1147
f 1212/1212/1139 1228/1228/1147 1229/1229/1148
f 1214/1214/1140 1229/1229/1148 1230/1230/1149
f 1216/1216/1141 1230/1230/1149 1231/1231/1150
f 1231/1231/1150 1232/1232/1151 1220/1220/1143
f 1232/1232/1151 1233/1233/1152 1222/1222/1144
f 1233/1233/1152 1234/1234/1153 1224/1224/1145
f 1234/1234/1153 1235/1235/1154 1226/1226/1146
f 1235/1235/1154 1246/1246/1165 1236/1236/1155
f 1237/1237/1156 1247/1247/1166 1238/1238/1157
f 1228/1228/1147 1238/1238/1157 1239/1239/1158
f 1229/1229/1148 1239/1239/1158 1240/1240/1159
f 1230/1230/1149 1240/1240/1159 1241/1241/1160
f 1241/1241/1160 1242/1242/1161 1232/1232/1151
f 1242/1242/1161 1243/1243/1162 1233/1233/1152
f 1243/1243/1162 1244/1244/1163 1234/1234/1153
f 1244/1244/1163 1245/1245/1164 1235/1235/1154
f 1245/1245/1164 1256/1256/1175 1246/1246/1165
f 1247/1247/1166 1257/1257/1176 1248/1248/1167
f 1238/1238/1157 1248/1248/1167 1249/1249/1168
f 1239/1239/1158 1249/1249/1168 1250/1250/1169
f 1240/1240/1159 1250/1250/1169 1251/1251/1170
f 1241/1241/1160 1251/1251/1170 1252/1252/1171
f 1252/1252/1171 1253/1253/1172 1243/1243/1162
f 1253/1253/1172 1254/1254/1173 1244/1244/1163
f 1254/1254/1173 1255/1255/1174 1245/1245/1164
f 1255/1255/1174 1266/1266/1185 1256/1256/1175
f 1257/1257/1176 1267/1267/1186 1258/1258/1177
f 1248/1248/1167 1258/1258/1177 1259/1259/1178
f 1249/1249/1168 1259/1259/1178 1260/1260/1179
f 1250/1250/1169 1260/1260/1179 1261/1261/1180
f 1251/1251/1170 1261/1261/1180 1262/1262/1181
f 1262/1262/1181 1263/1263/1182 1253/1253/1172
f 1263/1263/1182 1264/1264/1183 1254/1254/1173
f 1264/1264/1183 1265/1265/1184 1255/1255/1174
f 1265/1265/1184 1276/1276/1195 1266/1266/1185
f 1267/1267/1186 1277/1277/1196 1268/1268/1187
f 1258/1258/1177 1268/1268/1187 1269/1269/1188
f 1259/1259/1178 1269/1269/1188 1270/1270/1189
f 1260/1260/1179 1270/1270/1189 1271/1271/1190
f 1261/1261/1180 1271/1271/1190 1272/1272/1191
f 1262/1262/1181 1272/1272/1191 1273/1273/1192
f 1273/1273/1192 1274/1274/1193 1264/1264/1183
f 1274/1274/1193 1275/1275/1194 1265/1265/1184
f 1275/1275/1194 1278/1278/1197 1276/1276/1195
f 1277/1277/1196 4226/3237/3897 1188/1188/1123
f 1268/1268/1187 1188/1188/1123 1167/1167/1102
f 1269/1269/1188 1167/1167/1102 1146/1146/1081
f 1270/1270/1189 1146/1146/1081 1125/1125/1060
f 1271/1271/1190 1125/1125/1060 1103/1103/1038
f 1272/1272/1191 1103/1103/1038 1083/1083/1018
f 1273/1273/1192 1083/1083/1018 1062/1062/997
f 1062/1062/997 1041/1041/976 1275/1275/1194
f 1041/1041/976 1000/1000/941 1278/1278/1197
f 1279/1279/1198 1282/1282/1199 1280/1280/1122
f 1282/1282/1199 1284/1284/1201 1283/1283/1200
f 1284/1284/1201 1286/1286/1202 1285/1285/1080
f 1286/1286/1202 1289/1289/1204 1287/1287/1059
f 1288/1288/1203 1291/1291/1037 1287/1287/1059
f 1290/1290/1205 1293/1293/1207 1291/1291/1037
f 1292/1292/1206 1295/1295/1209 1293/1293/1207
f 1294/1294/1208 1297/1297/1211 1295/1295/1209
f 1296/1296/1210 4227/3238/3902 1297/1297/1211
f 1298/1298/1212 1325/1325/1237 1299/1299/1213
f 1301/1301/1215 1333/1333/1245 1302/1302/1216
f 1304/1304/1218 1335/1335/1246 1305/1305/1219
f 1307/1307/674 1337/1337/1248 1308/1308/1220
f 1310/1310/1222 1341/1341/1251 1311/1311/1223
f 1313/1313/1225 1330/1330/1242 1314/1314/1226
f 1316/1316/1228 1342/1342/1252 1317/1317/1229
f 1319/1319/1231 1339/1339/1250 1320/1320/1232
f 1322/1322/1234 1349/1349/1258 1323/1323/1235
f 1325/1325/1237 1344/1344/628 1326/1326/1238
f 1327/1327/1239 1357/1357/1265 1328/1328/1240
f 1330/1330/1242 1350/1350/668 1331/1331/1243
f 1332/1332/1244 1359/1359/1267 1302/1302/1216
f 1334/1334/653 1347/1347/1256 1335/1335/1246
f 1336/1336/1247 1369/1369/1277 1308/1308/1220
f 1338/1338/1249 1353/1353/1261 1339/1339/1250
f 1340/1340/646 1365/1365/1273 1341/1341/1251
f 1342/1342/1252 1358/1358/1266 1343/1343/1253
f 1344/1344/628 1354/1354/1262 1345/1345/1254
f 1334/1334/653 1360/1360/1268 1346/1346/1255
f 1322/1322/1234 1361/1361/1269 1348/1348/1257
f 1350/1350/668 1366/1366/1274 1351/1351/1259
f 1352/1352/1260 1368/1368/1276 1353/1353/1261
f 1354/1354/1262 1362/1362/1270 1355/1355/1263
f 1356/1356/1264 1367/1367/1275 1357/1357/1265
f 1358/1358/1266 1298/1298/1212 1300/1300/1214
f 1312/1312/1224 1311/1311/1223 1359/1359/1267
f 1360/1360/1268 1313/1313/1225 1315/1315/1227
f 1361/1361/1269 1316/1316/1228 1318/1318/1230
f 1362/1362/1270 1301/1301/1215 1303/1303/1217
f 1321/1321/1233 1320/1320/1232 1363/1363/1271
f 1306/1306/650 1305/1305/1219 1365/1365/1273
f 1366/1366/1274 1307/1307/674 1309/1309/1221
f 1324/1324/1236 1323/1323/1235 1367/1367/1275
f 1329/1329/1241 1328/1328/1240 1368/1368/1276
f 1364/1364/1272 1363/1363/1271 1369/1369/1277
f 1349/1349/1258 1348/1348/1257 1370/1370/1278
f 1305/1305/1219 1374/1374/1282 1372/1372/1280
f 1348/1348/1257 1318/1318/1230 1373/1373/1281
f 1335/1335/1246 1376/1376/1284 1374/1374/1282
f 1318/1318/1230 1317/1317/1229 1375/1375/1283
f 1347/1347/1256 1379/1379/1287 1376/1376/1284
f 1317/1317/1229 1343/1343/1253 1377/1377/1285
f 1347/1347/1256 1346/1346/1255 1378/1378/1286
f 1343/1343/1253 1300/1300/1214 1380/1380/1288
f 1320/1320/1232 1384/1384/1292 1381/1381/1289
f 1346/1346/1255 1315/1315/1227 1382/1382/1290
f 1300/1300/1214 1299/1299/1213 1383/1383/1291
f 1339/1339/1250 1387/1387/1295 1384/1384/1292
f 1315/1315/1227 1314/1314/1226 1385/1385/1293
f 1299/1299/1213 1326/1326/1238 1386/1386/1294
f 1353/1353/1261 1390/1390/1298 1387/1387/1295
f 1314/1314/1226 1331/1331/1243 1388/1388/1296
f 1326/1326/1238 1345/1345/1254 1389/1389/1297
f 1368/1368/1276 1394/1394/1302 1390/1390/1298
f 1331/1331/1243 1351/1351/1259 1391/1391/1299
f 1355/1355/1263 1303/1303/1217 1392/1392/1300
f 1328/1328/1240 1397/1397/1305 1394/1394/1302
f 1351/1351/1259 1309/1309/1221 1395/1395/1303
f 1303/1303/1217 1302/1302/1216 1396/1396/1304
f 1357/1357/1265 1399/1399/1307 1397/1397/1305
f 1309/1309/1221 1308/1308/1220 1398/1398/1306
f 1359/1359/1267 1400/1400/1308 1396/1396/1304
f 1367/1367/1275 1401/1401/1309 1399/1399/1307
f 1369/1369/1277 1404/1404/1312 1398/1398/1306
f 1311/1311/1223 1402/1402/1310 1400/1400/1308
f 1323/1323/1235 1403/1403/1311 1401/1401/1309
f 1355/1355/1263 1393/1393/1301 1389/1389/1297
f 1341/1341/1251 1405/1405/1313 1402/1402/1310
f 1349/1349/1258 1371/1371/1279 1403/1403/1311
f 1363/1363/1271 1381/1381/1289 1404/1404/1312
f 1365/1365/1273 1372/1372/1280 1405/1405/1313
f 1407/1407/1315 1419/1419/1327 1408/1408/1316
f 1410/1410/1318 1439/1439/1347 1411/1411/1319
f 1413/1413/1321 1416/1416/1324 1414/1414/1322
f 1416/1416/1324 1429/1429/1337 1417/1417/1325
f 1418/1418/1326 1424/1424/1332 1419/1419/1327
f 1420/1420/1328 1440/1440/1348 1421/1421/1329
f 1423/1423/1331 1441/1441/1349 1424/1424/1332
f 1413/1413/1321 1415/1415/1323 1425/1425/1333
f 1427/1427/1335 1410/1410/1318 1412/1412/1320
f 1429/1429/1337 1435/1435/1343 1430/1430/1338
f 1426/1426/1334 1425/1425/1333 1431/1431/1339
f 1433/1433/1341 1427/1427/1335 1428/1428/1336
f 1435/1435/1343 1442/1442/1350 1436/1436/1344
f 1437/1437/1345 1422/1422/1330 1421/1421/1329
f 1439/1439/1347 1437/1437/1345 1438/1438/1346
f 1432/1432/1340 1431/1431/1339 1440/1440/1348
f 1423/1423/1331 1433/1433/1341 1434/1434/1342
f 1409/1409/1317 1408/1408/1316 1436/1436/1344
f 1443/1443/1351 1477/1477/1385 1444/1444/1352
f 1446/1446/1354 1454/1454/1362 1447/1447/1355
f 1449/1449/1357 1465/1465/1373 1450/1450/1358
f 1452/1452/1360 1446/1446/1354 1448/1448/1356
f 1454/1454/1362 1456/1456/1364 1455/1455/1363
f 1456/1456/1364 1461/1461/1369 1457/1457/1365
f 1458/1458/1366 1478/1478/1386 1459/1459/1367
f 1461/1461/1369 1473/1473/1381 1462/1462/1370
f 1463/1463/1371 1460/1460/1368 1459/1459/1367
f 1443/1443/1351 1445/1445/1353 1465/1465/1373
f 1452/1452/1360 1453/1453/1361 1466/1466/1374
f 1468/1468/1376 1463/1463/1371 1464/1464/1372
f 1467/1467/1375 1466/1466/1374 1470/1470/1378
f 1472/1472/1380 1476/1476/1384 1462/1462/1370
f 1474/1474/1382 1468/1468/1376 1469/1469/1377
f 1451/1451/1359 1450/1450/1358 1476/1476/1384
f 1477/1477/1385 1474/1474/1382 1475/1475/1383
f 1471/1471/1379 1470/1470/1378 1478/1478/1386
f 1457/1457/1365 1462/1462/1370 1479/1479/1387
f 1470/1470/1378 1485/1485/1393 1481/1481/1389
f 1445/1445/1353 1444/1444/1352 1482/1482/1390
f 1455/1455/1363 1457/1457/1365 1480/1480/1388
f 1466/1466/1374 1488/1488/1396 1485/1485/1393
f 1448/1448/1356 1490/1490/1398 1486/1486/1394
f 1447/1447/1355 1455/1455/1363 1484/1484/1392
f 1453/1453/1361 1486/1486/1394 1488/1488/1396
f 1444/1444/1352 1475/1475/1383 1489/1489/1397
f 1447/1447/1355 1487/1487/1395 1490/1490/1398
f 1465/1465/1373 1445/1445/1353 1483/1483/1391
f 1475/1475/1383 1469/1469/1377 1492/1492/1400
f 1450/1450/1358 1465/1465/1373 1491/1491/1399
f 1469/1469/1377 1464/1464/1372 1494/1494/1402
f 1476/1476/1384 1450/1450/1358 1493/1493/1401
f 1464/1464/1372 1459/1459/1367 1496/1496/1404
f 1476/1476/1384 1495/1495/1403 1479/1479/1387
f 1478/1478/1386 1481/1481/1389 1496/1496/1404
f 1434/1434/1342 1504/1504/1412 1497/1497/1405
f 1408/1408/1316 1514/1514/1422 1498/1498/1406
f 1431/1431/1339 1503/1503/1411 1499/1499/1407
f 1415/1415/1323 1414/1414/1322 1500/1500/1408
f 1430/1430/1338 1436/1436/1344 1498/1498/1406
f 1425/1425/1333 1506/1506/1414 1503/1503/1411
f 1428/1428/1336 1507/1507/1415 1504/1504/1412
f 1417/1417/1325 1430/1430/1338 1502/1502/1410
f 1425/1425/1333 1415/1415/1323 1501/1501/1409
f 1412/1412/1320 1508/1508/1416 1507/1507/1415
f 1414/1414/1322 1417/1417/1325 1505/1505/1413
f 1411/1411/1319 1510/1510/1418 1508/1508/1416
f 1441/1441/1349 1497/1497/1405 1509/1509/1417
f 1438/1438/1346 1513/1513/1421 1510/1510/1418
f 1424/1424/1332 1509/1509/1417 1511/1511/1419
f 1438/1438/1346 1421/1421/1329 1512/1512/1420
f 1419/1419/1327 1511/1511/1419 1514/1514/1422
f 1421/1421/1329 1440/1440/1348 1499/1499/1407
f 1517/1517/1351 1296/1296/1210 1294/1294/1208
f 1518/1518/1425 1294/1294/1208 1292/1292/1206
f 1520/1520/1427 1519/1519/1426 1292/1292/1206
f 1521/1521/1428 1520/1520/1427 1290/1290/1205
f 1521/1521/1428 1288/1288/1203 1289/1289/1204
f 1523/1523/1430 1522/1522/1429 1289/1289/1204
f 1524/1524/1431 1523/1523/1430 1286/1286/1202
f 1524/1524/1431 1284/1284/1201 1282/1282/1199
f 1525/1525/1432 1282/1282/1199 1279/1279/1198
f 293/293/291 294/294/292 1527/1527/1434
f 1529/1529/1436 291/291/289 293/293/291
f 1530/1530/1437 289/289/287 291/291/289
f 287/287/285 289/289/287 1530/1530/1437
f 285/285/284 287/287/285 1531/1531/1438
f 284/284/283 285/285/284 1532/1532/1439
f 282/282/282 284/284/283 1533/1533/1364
f 281/281/281 282/282/282 1534/1534/1440
f 1536/1536/1433 279/279/279 281/281/281
f 1537/1537/1442 4228/3239/1450 998/998/939
f 1538/1538/1443 1537/1537/1442 999/999/940
f 1539/1539/1444 1538/1538/1443 996/996/938
f 1540/1540/1445 1539/1539/1444 994/994/936
f 1540/1540/1445 990/990/934 988/988/933
f 1541/1541/1446 988/988/933 986/986/931
f 1542/1542/1447 986/986/931 984/984/929
f 1543/1543/1448 984/984/929 985/985/930
f 1545/1545/1321 1544/1544/1449 985/985/930
f 589/589/582 591/591/583 1546/1546/1450
f 587/587/581 589/589/582 1547/1547/1451
f 1549/1549/1453 585/585/579 587/587/581
f 1550/1550/1454 583/583/578 585/585/579
f 582/582/577 583/583/578 1550/1550/1454
f 1552/1552/1455 580/580/575 582/582/577
f 578/578/574 580/580/575 1552/1552/1455
f 576/576/573 578/578/574 1553/1553/1456
f 574/574/572 576/576/573 1554/1554/1457
f 1556/1556/1458 1572/1560/1474 1557/1557/1459
f 1556/1556/1458 1558/1558/1460 1559/1558/1461
f 1557/1557/1459 1567/1557/1469 1559/1558/1461
f 1561/1557/1463 1565/1560/1467 1562/1556/1464
f 1564/1559/1466 1569/1562/1471 1565/1560/1467
f 1571/1559/1473 1564/1559/1466 1561/1557/1463
f 1568/1561/1470 1583/1563/1484 1569/1562/1471
f 1570/1561/1472 1568/1561/1470 1564/1559/1466
f 1572/1560/1474 1573/1562/1475 1566/1559/1468
f 1573/1562/1475 1575/1563/1476 1574/1561/1472
f 1575/1563/1476 1640/1567/1538 1576/1564/1477
f 1577/1564/1478 1582/1564/1483 1568/1561/1470
f 1576/1564/1477 1640/1567/1538 1578/1565/1479
f 1576/1564/1477 1579/1566/1480 1580/1566/1481
f 1582/1564/1483 1585/1567/1486 1583/1563/1484
f 1582/1564/1483 1586/1566/1487 1584/1565/1485
f 1586/1566/1487 1589/1569/1490 1587/1568/1488
f 1579/1566/1480 1594/1569/1495 1588/1569/1489
f 1589/1569/1490 1592/1571/1493 1590/1570/1491
f 1594/1569/1495 1596/1571/1497 1600/1571/1501
f 1579/1566/1480 1578/1565/1479 1593/1568/1494
f 1594/1569/1495 1593/1568/1494 1595/1570/1496
f 1596/1571/1497 1595/1570/1496 1597/1572/1498
f 1596/1571/1497 1598/1573/1499 1599/1573/1500
f 1598/1573/1499 1597/1572/1498 1601/1574/1502
f 1602/1575/1503 1606/1575/1507 1599/1573/1500
f 1592/1571/1493 1604/1573/1505 1603/1572/1504
f 1604/1573/1505 4229/1575/3903 1605/1574/1506
f 1601/1574/1502 1610/1574/1511 1606/1575/1507
f 1603/1572/1504 1605/1574/1506 1607/1576/1508
f 1613/1576/1514 1607/1576/1508 1605/1574/1506
f 1597/1572/1498 1612/1577/1513 1609/1576/1510
f 1611/1578/1512 1616/1579/1517 1609/1576/1510
f 1609/1576/1510 1616/1579/1517 1618/1579/1519
f 1615/1580/1516 1627/1581/1524 1616/1579/1517
f 1616/1579/1517 1627/1581/1524 1617/1581/1518
f 1607/1576/1508 1614/1579/1515 1619/1578/1520
f 1614/1579/1515 1621/1581/1522 1620/1580/1521
f 1621/1581/1522 1624/1583/1525 1622/1582/1523
f 1627/1581/1524 4230/1583/3904 4231/1583/1525
f 1625/1583/1526 1631/1582/1527 1622/1582/1523
f 1626/1582/1527 4230/1583/3904 1627/1581/1524
f 1628/1584/1528 1626/1582/1527 1615/1580/1516
f 1630/1584/1528 1655/1584/1553 1622/1582/1523
f 1629/1585/1529 1615/1580/1516 1611/1578/1512
f 1633/1587/1531 1645/1598/1543 1628/1584/1528
f 1634/1588/1532 1633/1587/1531 1629/1585/1529
f 1635/1589/1533 1634/1588/1532 1632/1586/1530
f 1636/1590/1534 1632/1586/1530 1611/1578/1512
f 1593/1568/1494 1635/1589/1533 1636/1590/1534
f 1595/1570/1496 1636/1590/1534 1612/1577/1513
f 1637/1591/1535 1639/1593/1537 1634/1588/1532
f 1578/1565/1479 1637/1591/1535 1635/1589/1533
f 1638/1592/1536 1641/1594/1539 1639/1593/1537
f 1640/1567/1538 1638/1592/1536 1637/1591/1535
f 1641/1594/1539 1643/1596/1541 1642/1595/1540
f 1639/1593/1537 1642/1595/1540 1633/1587/1531
f 1643/1596/1541 1646/1599/1544 1644/1597/1542
f 1642/1595/1540 1644/1597/1542 1645/1598/1543
f 1704/1599/1600 1651/1599/1549 1650/1597/1548
f 1644/1597/1542 1647/1597/1545 1648/1598/1546
f 1649/1596/1547 1652/1595/1550 1650/1597/1548
f 1652/1595/1550 1654/1587/1552 1653/1598/1551
f 1654/1587/1552 1658/1585/1556 1655/1584/1553
f 1645/1598/1543 1648/1598/1546 1656/1584/1554
f 1657/1588/1555 1661/1586/1559 1658/1585/1556
f 1659/1593/1557 1657/1588/1555 1654/1587/1552
f 1660/1589/1558 1705/1590/1601 1661/1586/1559
f 1662/1591/1560 1660/1589/1558 1657/1588/1555
f 1663/1592/1561 1662/1591/1560 1659/1593/1557
f 1664/1594/1562 1659/1593/1557 1652/1595/1550
f 1664/1594/1562 1649/1596/1547 1665/1600/1563
f 1663/1592/1561 1664/1594/1562 1666/1601/1564
f 1585/1567/1486 1584/1565/1485 1662/1591/1560
f 1583/1563/1484 1585/1567/1486 1663/1592/1561
f 1667/1602/1565 1666/1601/1564 1668/1603/1566
f 1583/1563/1484 1667/1602/1565 1669/1604/1567
f 1669/1604/1567 1668/1603/1566 1670/1605/1568
f 1569/1562/1471 1669/1604/1567 1671/1606/1569
f 1666/1601/1564 1665/1600/1563 1672/1607/1570
f 1668/1603/1566 1672/1607/1570 1673/1608/1571
f 1665/1600/1563 1677/1611/1575 1674/1609/1572
f 1673/1608/1571 1672/1607/1570 1674/1609/1572
f 1676/1611/1574 1678/1609/1576 1674/1609/1572
f 1678/1609/1576 1700/1610/1596 1675/1610/1573
f 1679/1609/1577 1703/1611/1599 1680/1600/1578
f 1682/1608/1580 1702/1610/1598 1679/1609/1577
f 1681/1607/1579 1680/1600/1578 1683/1601/1581
f 1682/1608/1580 1681/1607/1579 1684/1603/1582
f 1684/1603/1582 1683/1601/1581 1686/1602/1584
f 1685/1605/1583 1684/1603/1582 1687/1604/1585
f 1689/1612/1587 1690/1613/1588 1685/1605/1583
f 1690/1613/1588 1701/1614/1597 1682/1608/1580
f 1701/1614/1597 1690/1613/1588 1695/1613/1593
f 1690/1613/1588 1689/1612/1587 1694/1612/1592
f 1696/1612/1592 1671/1606/1569 1670/1605/1568
f 1692/1613/1590 1670/1605/1568 1673/1608/1571
f 1565/1560/1467 1671/1606/1569 1696/1612/1592
f 1689/1612/1587 1556/1556/1458 1560/1556/1462
f 1693/1614/1591 1673/1608/1571 1675/1610/1573
f 1691/1614/1589 1693/1614/1591 1698/1615/1594
f 1699/1615/1595 1698/1615/1594 1675/1610/1573
f 1701/1614/1597 4232/1615/3905 1702/1610/1598
f 1689/1612/1587 1688/1606/1586 1572/1560/1474
f 1688/1606/1586 1687/1604/1585 1573/1562/1475
f 1687/1604/1585 1686/1602/1584 1575/1563/1476
f 1683/1601/1581 1641/1594/1539 1638/1592/1536
f 1575/1563/1476 1686/1602/1584 1638/1592/1536
f 1680/1600/1578 1643/1596/1541 1641/1594/1539
f 1703/1611/1599 1646/1599/1544 1643/1596/1541
f 1646/1599/1544 1703/1611/1599 4233/1611/1575
f 1649/1596/1547 1651/1599/1549 1677/1611/1575
f 1584/1565/1485 1587/1568/1488 1660/1589/1558
f 1587/1568/1488 1590/1570/1491 1705/1590/1601
f 1705/1590/1601 1608/1577/1509 1619/1578/1520
f 1590/1570/1491 1603/1572/1504 1608/1577/1509
f 1619/1578/1520 1620/1580/1521 1658/1585/1556
f 1620/1580/1521 1622/1582/1523 1655/1584/1553
f 1706/1616/1602 1856/1620/1743 1707/1617/1603
f 1706/1616/1602 1708/1618/1604 1709/1618/1605
f 1707/1617/1603 1717/1617/1613 1709/1618/1605
f 1711/1617/1607 1715/1620/1611 1712/1616/1608
f 1714/1619/1610 1719/1622/1615 1715/1620/1611
f 1721/1619/1617 1714/1619/1610 1711/1617/1607
f 1714/1619/1610 1731/1623/1623 1718/1621/1614
f 1720/1623/1616 1731/1623/1623 1714/1619/1610
f 1707/1617/1603 1856/1620/1743 1722/1622/1618
f 1716/1619/1612 1722/1622/1618 1723/1621/1619
f 1724/1623/1620 1723/1621/1619 1725/1624/1621
f 1726/1625/1622 1730/1625/1626 1727/1623/1623
f 1725/1624/1621 1741/1628/1636 1728/1626/1624
f 1726/1625/1622 1728/1626/1624 1729/1626/1625
f 1731/1623/1623 1734/1625/1629 1732/1624/1627
f 1733/1626/1628 1736/1628/1631 1732/1624/1627
f 1735/1627/1630 1739/1630/1634 1736/1628/1631
f 1728/1626/1624 1742/1627/1637 1737/1627/1632
f 1738/1629/1633 1753/1635/1647 1739/1630/1634
f 1740/1627/1635 1747/1629/1642 1738/1629/1633
f 1741/1628/1636 1743/1630/1638 1742/1627/1637
f 1743/1630/1638 1788/1635/1679 1744/1629/1639
f 1744/1629/1639 1788/1635/1679 1745/1631/1640
f 1744/1629/1639 1746/1632/1641 1751/1632/1643
f 1746/1632/1641 1745/1631/1640 1749/1633/1644
f 1750/1634/1645 1755/1634/1649 1751/1632/1643
f 1738/1629/1633 1748/1632/1643 1752/1631/1646
f 1748/1632/1643 4234/1634/1649 1754/1633/1648
f 1749/1633/1644 1759/1633/1652 1755/1634/1649
f 1752/1631/1646 1754/1633/1648 1756/1636/1650
f 1749/1633/1644 1760/1636/1653 1758/1636/1650
f 1745/1631/1640 1762/1637/1655 1760/1636/1653
f 1761/1638/1654 1766/1639/1659 1760/1636/1653
f 1760/1636/1653 1766/1639/1659 1768/1639/1661
f 1765/1640/1658 1777/1641/1665 1766/1639/1659
f 1766/1639/1659 1777/1641/1665 1767/1641/1660
f 1756/1636/1650 1764/1639/1657 1769/1638/1662
f 1764/1639/1657 1771/1641/1660 1770/1640/1663
f 1771/1641/1660 1774/1643/1666 1772/1642/1664
f 1777/1641/1665 4235/1643/3906 4236/1643/1666
f 1775/1643/1667 1781/1642/1672 1772/1642/1664
f 1776/1642/1668 4235/1643/3906 1777/1641/1665
f 1778/1644/1669 1776/1642/1668 1765/1640/1658
f 1780/1644/1671 1859/1644/1697 1772/1642/1664
f 1779/1645/1670 1765/1640/1658 1761/1638/1654
f 1783/1647/1674 1778/1644/1669 1779/1645/1670
f 1784/1648/1675 1779/1645/1670 1782/1646/1673
f 1785/1649/1676 1782/1646/1673 1786/1650/1677
f 1782/1646/1673 1761/1638/1654 1762/1637/1655
f 1787/1651/1678 1786/1650/1677 1788/1635/1679
f 1786/1650/1677 1762/1637/1655 1745/1631/1640
f 1789/1652/1680 1785/1649/1676 1787/1651/1678
f 1790/1653/1681 1787/1651/1678 1743/1630/1638
f 1791/1654/1682 1789/1652/1680 1790/1653/1681
f 1792/1655/1683 1790/1653/1681 1741/1628/1636
f 1793/1656/1684 1794/1657/1685 1789/1652/1680
f 1794/1657/1685 1784/1648/1675 1785/1649/1676
f 1795/1658/1686 1796/1659/1687 1794/1657/1685
f 1796/1659/1687 1783/1647/1674 1784/1648/1675
f 1795/1658/1686 1858/1658/1744 1797/1659/1688
f 1796/1659/1687 1797/1659/1688 1798/1647/1689
f 1799/1657/1690 1803/1659/1694 1800/1658/1691
f 1802/1648/1693 1805/1647/1696 1803/1659/1694
f 1804/1645/1695 1859/1644/1697 1805/1647/1696
f 1783/1647/1674 1798/1647/1689 1806/1644/1697
f 1807/1646/1698 1804/1645/1695 1802/1648/1693
f 1808/1649/1699 1802/1648/1693 1799/1657/1690
f 1810/1650/1701 1807/1646/1698 1808/1649/1699
f 1811/1651/1702 1808/1649/1699 1809/1652/1700
f 1812/1653/1703 1809/1652/1700 1813/1654/1704
f 1809/1652/1700 1799/1657/1690 1801/1656/1692
f 1815/1660/1706 1813/1654/1704 1801/1656/1692
f 1814/1655/1705 1813/1654/1704 1815/1660/1706
f 1736/1628/1631 1812/1653/1703 1814/1655/1705
f 1732/1624/1627 1814/1655/1705 1817/1662/1708
f 1818/1663/1709 1817/1662/1708 1815/1660/1706
f 1718/1621/1614 1817/1662/1708 1818/1663/1709
f 1818/1663/1709 1819/1664/1710 1820/1665/1711
f 1719/1622/1615 1818/1663/1709 1821/1666/1712
f 1819/1664/1710 1815/1660/1706 1816/1661/1707
f 1820/1665/1711 1819/1664/1710 1822/1667/1713
f 1822/1667/1713 1816/1661/1707 1824/1669/1715
f 1823/1668/1714 1822/1667/1713 1825/1670/1716
f 1827/1669/1718 1828/1670/1719 1825/1670/1716
f 1828/1670/1719 1854/1671/1742 1826/1671/1717
f 1829/1667/1720 1833/1670/1724 1830/1669/1721
f 1832/1668/1723 1855/1671/1742 1833/1670/1724
f 1834/1664/1725 1829/1667/1720 1831/1661/1722
f 1836/1665/1727 1832/1668/1723 1829/1667/1720
f 1837/1663/1728 1834/1664/1725 1835/1660/1726
f 1839/1666/1730 1836/1665/1727 1834/1664/1725
f 1840/1672/1731 1836/1665/1727 1839/1666/1730
f 1842/1674/1733 1832/1668/1723 1836/1665/1727
f 1840/1672/1731 1845/1672/1736 1843/1674/1734
f 1840/1672/1731 1841/1673/1732 1844/1673/1735
f 1821/1666/1712 1820/1665/1711 1846/1672/1736
f 1820/1665/1711 1823/1668/1714 1848/1674/1737
f 1715/1620/1611 1821/1666/1712 1847/1673/1735
f 1841/1673/1732 1706/1616/1602 1710/1616/1606
f 1848/1674/1737 1823/1668/1714 1826/1671/1717
f 1842/1674/1733 1843/1674/1734 1851/1675/1740
f 1853/1675/1741 1850/1675/1739 1826/1671/1717
f 1842/1674/1733 1852/1675/1741 1855/1671/1742
f 1841/1673/1732 1839/1666/1730 1856/1620/1743
f 1839/1666/1730 1837/1663/1728 1722/1622/1618
f 1837/1663/1728 1838/1662/1729 1723/1621/1619
f 1835/1660/1726 1791/1654/1682 1792/1655/1683
f 1838/1662/1729 1792/1655/1683 1725/1624/1621
f 1835/1660/1726 1831/1661/1722 1793/1656/1684
f 1831/1661/1722 1830/1669/1721 1795/1658/1686
f 1795/1658/1686 1830/1669/1721 1857/1669/1715
f 1816/1661/1707 1801/1656/1692 1800/1658/1691
f 1739/1630/1634 1811/1651/1702 1812/1653/1703
f 1753/1635/1647 1810/1650/1701 1811/1651/1702
f 1757/1637/1651 1769/1638/1662 1807/1646/1698
f 1752/1631/1646 1757/1637/1651 1810/1650/1701
f 1769/1638/1662 1770/1640/1663 1804/1645/1695
f 1770/1640/1663 1772/1642/1664 1859/1644/1697
f 1860/1676/1745 1875/1679/1759 1861/1677/1746
f 1861/1677/1746 2001/1677/1878 1863/1678/1748
f 1862/1678/1747 1863/1678/1748 1864/1676/1749
f 1865/1677/1750 1868/1679/1753 1866/1676/1751
f 1868/1679/1753 1972/1683/1850 1869/1680/1754
f 1874/1680/1755 1860/1676/1745 1864/1676/1749
f 1869/1680/1754 1972/1683/1850 1871/1681/1756
f 1873/1682/1758 1870/1680/1755 1869/1680/1754
f 1874/1680/1755 1877/1683/1761 1875/1679/1759
f 1874/1680/1755 1878/1682/1762 1876/1681/1760
f 1878/1682/1762 1883/1685/1764 1879/1684/1763
f 1880/1685/1764 1873/1682/1758 1872/1682/1757
f 1882/1686/1766 1895/1687/1776 1879/1684/1763
f 1883/1685/1764 4237/1685/1765 1884/1686/1767
f 1872/1682/1757 1871/1681/1756 1885/1684/1768
f 1885/1684/1768 1887/1687/1769 1886/1686/1767
f 1887/1687/1769 1891/1689/1772 1888/1688/1770
f 1882/1686/1766 1884/1686/1767 1889/1688/1770
f 1891/1689/1772 2009/1692/1885 1892/1690/1773
f 1893/1688/1774 1888/1688/1770 1892/1690/1773
f 1890/1688/1771 1897/1689/1778 1895/1687/1776
f 1896/1690/1777 1899/1692/1780 1897/1689/1778
f 1896/1690/1777 1901/1693/1782 1898/1691/1779
f 1894/1690/1775 1892/1690/1773 1904/1693/1785
f 1901/1693/1782 4238/1695/3907 1902/1694/1783
f 4238/1695/3907 1901/1693/1782 1900/1693/1781
f 1892/1690/1773 2009/1692/1885 1906/1691/1787
f 1904/1693/1785 1906/1691/1787 1907/1694/1788
f 1902/1694/1783 4238/1695/3907 1908/1695/1789
f 1910/1696/1791 1921/1697/1802 1907/1694/1788
f 1902/1694/1783 1909/1694/1790 1911/1697/1792
f 1902/1694/1783 1912/1697/1793 1913/1696/1794
f 1912/1697/1793 1916/1699/1797 1914/1698/1795
f 1912/1697/1793 1911/1697/1792 1915/1699/1796
f 1916/1699/1797 1919/1701/1800 1917/1700/1798
f 1916/1699/1797 1915/1699/1796 1918/1701/1799
f 1920/1698/1801 1923/1699/1804 1921/1697/1802
f 1922/1700/1803 1925/1701/1799 1923/1699/1804
f 1924/1702/1805 4239/1703/3908 1925/1701/1799
f 4240/1701/1800 1925/1701/1799 4239/1703/3908
f 1928/1703/1808 4239/1703/3908 1924/1702/1805
f 1919/1701/1800 1927/1703/1807 1930/1702/1809
f 1917/1700/1798 1930/1702/1809 1931/1704/1810
f 1933/1704/1810 1929/1702/1809 1924/1702/1805
f 1914/1698/1795 1917/1700/1798 1932/1705/1811
f 1932/1705/1811 1931/1704/1810 1936/1707/1814
f 1935/1706/1813 1932/1705/1811 1937/1708/1815
f 1939/1710/1817 1935/1706/1813 1938/1709/1816
f 1913/1696/1794 1914/1698/1795 1935/1706/1813
f 1899/1692/1780 1939/1710/1817 1940/1711/1818
f 1898/1691/1779 1913/1696/1794 1939/1710/1817
f 1940/1711/1818 1938/1709/1816 1941/1712/1819
f 1897/1689/1778 1940/1711/1818 1942/1713/1820
f 1942/1713/1820 1941/1712/1819 1943/1714/1821
f 1895/1687/1776 1942/1713/1820 1944/1715/1822
f 1941/1712/1819 1946/1717/1824 1945/1716/1823
f 1938/1709/1816 1937/1708/1815 1946/1717/1824
f 1945/1716/1823 1946/1717/1824 1947/1718/1825
f 1937/1708/1815 1936/1707/1814 1947/1718/1825
f 1948/1719/1826 1947/1718/1825 1949/1718/1827
f 1947/1718/1825 1936/1707/1814 1951/1707/1829
f 1952/1716/1830 2008/1719/1828 1953/1718/1831
f 1953/1718/1831 1956/1707/1834 1955/1708/1833
f 1956/1707/1834 1934/1704/1812 1957/1705/1835
f 1936/1707/1814 1931/1704/1810 1958/1704/1836
f 1955/1708/1833 1957/1705/1835 1959/1706/1837
f 1954/1717/1832 1955/1708/1833 1960/1709/1838
f 1960/1709/1838 1959/1706/1837 1962/1710/1840
f 1961/1712/1839 1960/1709/1838 1963/1711/1841
f 1965/1714/1843 1961/1712/1839 1964/1713/1842
f 1952/1716/1830 1954/1717/1832 1961/1712/1839
f 1967/1720/1845 1952/1716/1830 1965/1714/1843
f 1968/1721/1846 1965/1714/1843 1966/1715/1844
f 1966/1715/1844 1964/1713/1842 1887/1687/1769
f 1969/1722/1847 1966/1715/1844 1885/1684/1768
f 1970/1723/1848 1968/1721/1846 1969/1722/1847
f 1971/1724/1849 1969/1722/1847 1871/1681/1756
f 1973/1725/1851 1970/1723/1848 1971/1724/1849
f 1974/1726/1852 1971/1724/1849 1972/1683/1850
f 1970/1723/1848 1975/1727/1853 1967/1720/1845
f 1973/1725/1851 1977/1729/1855 1975/1727/1853
f 1975/1727/1853 1978/1730/1856 1976/1728/1854
f 1977/1729/1855 2003/1731/1880 1978/1730/1856
f 1979/1728/1857 1976/1728/1854 1978/1730/1856
f 1980/1730/1858 1978/1730/1856 2003/1731/1880
f 1984/1727/1861 1988/1720/1865 1985/1728/1862
f 1986/1729/1863 1984/1727/1861 1981/1730/1858
f 1987/1723/1864 2006/1721/1883 1988/1720/1865
f 1989/1725/1866 1987/1723/1864 1984/1727/1861
f 1990/1722/1867 2006/1721/1883 1987/1723/1864
f 1991/1724/1868 1987/1723/1864 1989/1725/1866
f 1992/1726/1869 1989/1725/1866 1993/1732/1870
f 1993/1732/1870 1989/1725/1866 1986/1729/1863
f 1993/1732/1870 1995/1734/1872 1996/1734/1873
f 1994/1733/1871 1993/1732/1870 1997/1732/1874
f 1999/1732/1876 1973/1725/1851 1974/1726/1852
f 1999/1732/1876 2002/1734/1879 1977/1729/1855
f 2000/1733/1877 1974/1726/1852 1868/1679/1753
f 4241/1733/1871 2000/1733/1877 1865/1677/1750
f 2002/1734/1879 4242/1735/3909 2003/1731/1880
f 1995/1734/1872 2005/1735/1882 2004/1735/1881
f 1983/1731/1860 1982/1731/1859 2004/1735/1881
f 1995/1734/1872 1986/1729/1863 1983/1731/1860
f 1875/1679/1759 1992/1726/1869 1994/1733/1871
f 1877/1683/1761 1991/1724/1868 1992/1726/1869
f 1876/1681/1760 1990/1722/1867 1991/1724/1868
f 1944/1715/1822 1943/1714/1821 2006/1721/1883
f 1879/1684/1763 1944/1715/1822 1990/1722/1867
f 1943/1714/1821 1945/1716/1823 1988/1720/1865
f 1988/1720/1865 1945/1716/1823 1948/1719/1826
f 1948/1719/1826 1950/1719/1828 2007/1728/1884
f 1967/1720/1845 1976/1728/1854 2008/1719/1828
f 1964/1713/1842 1963/1711/1841 1891/1689/1772
f 1963/1711/1841 1962/1710/1840 2009/1692/1885
f 1959/1706/1837 1920/1698/1801 1910/1696/1791
f 1962/1710/1840 1910/1696/1791 1906/1691/1787
f 1957/1705/1835 1922/1700/1803 1920/1698/1801
f 1934/1704/1812 1924/1702/1805 1922/1700/1803
f 2010/1736/1886 2025/1739/1900 2011/1737/1887
f 2011/1737/1887 2151/1737/2022 2013/1738/1889
f 2012/1738/1888 2013/1738/1889 2014/1736/1890
f 2015/1737/1891 2018/1739/1894 2016/1736/1892
f 2018/1739/1894 2021/1741/1897 2019/1740/1895
f 2024/1740/1896 2010/1736/1886 2014/1736/1890
f 2021/1741/1897 2036/1744/1911 2022/1742/1898
f 2023/1742/1899 2020/1740/1896 2019/1740/1895
f 2024/1740/1896 2027/1741/1902 2025/1739/1900
f 2026/1742/1901 2029/1744/1904 2027/1741/1902
f 2028/1743/1903 2033/1746/1908 2029/1744/1904
f 2030/1743/1905 2023/1742/1899 2022/1742/1898
f 2028/1743/1903 2035/1747/1910 2032/1745/1907
f 2028/1743/1903 4243/1743/3910 2034/1747/1909
f 2036/1744/1911 2121/1746/1993 2031/1743/1906
f 2031/1743/1906 2121/1746/1993 2037/1745/1912
f 2038/1747/1913 2037/1745/1912 2039/1748/1914
f 2041/1747/1910 2038/1747/1913 2040/1749/1915
f 2040/1749/1915 2039/1748/1914 2043/1750/1917
f 2042/1749/1916 2040/1749/1915 2044/1751/1918
f 2035/1747/1910 2047/1749/1921 2046/1748/1920
f 2047/1749/1921 2049/1751/1923 2048/1750/1922
f 2049/1751/1923 2052/1753/1926 2050/1752/1924
f 2045/1751/1919 2044/1751/1918 2055/1753/1929
f 2052/1753/1926 4244/1755/1928 2053/1754/1927
f 4244/1755/1928 2052/1753/1926 2051/1753/1925
f 2044/1751/1918 2043/1750/1917 2057/1752/1931
f 2055/1753/1929 2057/1752/1931 2058/1754/1932
f 2053/1754/1927 4244/1755/1928 2059/1755/1930
f 2057/1752/1931 2072/1757/1945 2061/1756/1934
f 2063/1756/1936 2053/1754/1927 2060/1754/1933
f 2050/1752/1924 2053/1754/1927 2063/1756/1936
f 2063/1756/1936 2068/1759/1941 2065/1758/1938
f 2066/1759/1939 2062/1756/1935 2061/1756/1934
f 2068/1759/1941 2076/1761/1949 2069/1760/1942
f 2076/1761/1949 2068/1759/1941 4245/1759/1940
f 2072/1757/1945 2074/1758/1947 2067/1759/1940
f 2073/1760/1946 2071/1761/1944 2067/1759/1940
f 2075/1762/1948 4246/1763/3911 2071/1761/1944
f 2070/1761/1943 2071/1761/1944 4246/1763/3911
f 2079/1763/1952 4246/1763/3911 2075/1762/1948
f 2076/1761/1949 2078/1763/1951 2081/1762/1953
f 2069/1760/1942 2081/1762/1953 2082/1764/1954
f 2084/1764/1956 2080/1762/1953 2075/1762/1948
f 2065/1758/1938 2069/1760/1942 2083/1765/1955
f 2087/1767/1959 2083/1765/1955 2082/1764/1954
f 2089/1769/1961 2086/1766/1958 2083/1765/1955
f 2090/1770/1962 2091/1771/1963 2086/1766/1958
f 2091/1771/1963 2064/1757/1937 2065/1758/1938
f 2046/1748/1920 2048/1750/1922 2091/1771/1963
f 2048/1750/1922 2050/1752/1924 2064/1757/1937
f 2092/1772/1964 2090/1770/1962 2089/1769/1961
f 2032/1745/1907 2046/1748/1920 2090/1770/1962
f 2094/1774/1966 2092/1772/1964 2093/1773/1965
f 2033/1746/1908 2032/1745/1907 2092/1772/1964
f 2095/1775/1967 2093/1773/1965 2096/1776/1968
f 2093/1773/1965 2089/1769/1961 2087/1767/1959
f 2097/1777/1969 2096/1776/1968 2098/1778/1970
f 2096/1776/1968 2087/1767/1959 2088/1768/1960
f 2099/1779/1971 2098/1778/1970 2100/1778/1972
f 2098/1778/1970 2088/1768/1960 2102/1768/1974
f 2103/1777/1975 4247/1779/1973 2104/1778/1976
f 2105/1776/1977 2104/1778/1976 2106/1768/1978
f 2107/1767/1979 2106/1768/1978 2085/1764/1957
f 2088/1768/1960 2082/1764/1954 2109/1764/1981
f 2110/1769/1982 2107/1767/1979 2108/1765/1980
f 2112/1773/1984 2105/1776/1977 2107/1767/1979
f 2113/1770/1985 2110/1769/1982 2111/1766/1983
f 2115/1772/1987 2112/1773/1984 2110/1769/1982
f 2116/1774/1988 2117/1775/1989 2112/1773/1984
f 2117/1775/1989 2103/1777/1975 2105/1776/1977
f 2118/1780/1990 2103/1777/1975 2117/1775/1989
f 2119/1781/1991 2117/1775/1989 2116/1774/1988
f 2121/1746/1993 2116/1774/1988 2115/1772/1987
f 2120/1782/1992 2116/1774/1988 2121/1746/1993
f 2122/1783/1994 2119/1781/1991 2120/1782/1992
f 2123/1784/1995 2120/1782/1992 2036/1744/1911
f 2124/1785/1996 2122/1783/1994 2123/1784/1995
f 2125/1786/1997 2123/1784/1995 2021/1741/1897
f 2126/1787/1998 2118/1780/1990 2119/1781/1991
f 2124/1785/1996 2128/1789/2000 2126/1787/1998
f 2127/1788/1999 2158/1790/2029 2118/1780/1990
f 2128/1789/2000 2153/1791/2024 2127/1788/1999
f 2129/1790/2001 2158/1790/2029 2127/1788/1999
f 2130/1788/2002 2127/1788/1999 2153/1791/2024
f 2134/1780/2006 2156/1790/2027 2131/1788/2003
f 2136/1789/2008 2135/1787/2007 2131/1788/2003
f 2137/1781/2009 2134/1780/2006 2135/1787/2007
f 2139/1785/2011 2138/1783/2010 2135/1787/2007
f 2140/1782/2012 2137/1781/2009 2138/1783/2010
f 2141/1784/2013 2138/1783/2010 2139/1785/2011
f 2143/1792/2015 2142/1786/2014 2139/1785/2011
f 2144/1793/2016 2139/1785/2011 2136/1789/2008
f 2144/1793/2016 2145/1794/2017 2146/1794/2018
f 2144/1793/2016 2147/1793/2019 2148/1792/2020
f 2149/1792/2020 2150/1793/2021 2124/1785/1996
f 2150/1793/2021 2152/1794/2023 2128/1789/2000
f 2149/1792/2020 2125/1786/1997 2018/1739/1894
f 4248/1792/3912 2149/1792/2020 2015/1737/1891
f 2152/1794/2023 4249/1795/3913 2153/1791/2024
f 2145/1794/2017 2155/1795/2026 2154/1795/2025
f 2133/1791/2005 2132/1791/2004 2154/1795/2025
f 2145/1794/2017 2136/1789/2008 2133/1791/2005
f 2025/1739/1900 2142/1786/2014 2143/1792/2015
f 2027/1741/1902 2141/1784/2013 2142/1786/2014
f 2029/1744/1904 2140/1782/2012 2141/1784/2013
f 2094/1774/1966 2095/1775/1967 2137/1781/2009
f 2033/1746/1908 2094/1774/1966 2140/1782/2012
f 2095/1775/1967 2097/1777/1969 2134/1780/2006
f 2097/1777/1969 2099/1779/1971 2156/1790/2027
f 2099/1779/1971 2101/1779/1973 2157/1790/2028
f 2158/1790/2029 4247/1779/1973 2103/1777/1975
f 2037/1745/1912 2115/1772/1987 2113/1770/1985
f 2039/1748/1914 2113/1770/1985 2114/1771/1986
f 2114/1771/1986 2111/1766/1983 2074/1758/1947
f 2043/1750/1917 2114/1771/1986 2072/1757/1945
f 2108/1765/1980 2073/1760/1946 2074/1758/1947
f 2085/1764/1957 2075/1762/1948 2073/1760/1946
f 2159/1796/2030 2176/1799/2047 2160/1797/2031
f 2160/1797/2031 2278/1797/2144 2162/1798/2033
f 2161/1798/2032 2162/1798/2033 2163/1796/2034
f 2164/1796/2035 4250/1798/3914 2165/1797/2036
f 2167/1800/2038 2164/1796/2035 2166/1799/2037
f 2175/1800/2046 2159/1796/2030 2163/1796/2034
f 2170/1802/2041 2167/1800/2038 2168/1801/2039
f 2172/1802/2043 2169/1800/2040 2167/1800/2038
f 2173/1802/2044 2178/1803/2049 2174/1801/2045
f 2175/1800/2046 2174/1801/2045 2176/1799/2047
f 2177/1804/2048 2182/1806/2053 2178/1803/2049
f 2179/1804/2050 2172/1802/2043 2170/1802/2041
f 2181/1805/2052 2198/1807/2067 2182/1806/2053
f 2181/1805/2052 2177/1804/2048 2183/1804/2051
f 2185/1805/2055 2180/1804/2051 2186/1806/2056
f 2180/1804/2051 2170/1802/2041 2171/1803/2042
f 2188/1808/2058 2185/1805/2055 2187/1807/2057
f 2181/1805/2052 2184/1805/2054 2190/1808/2058
f 2188/1808/2058 2189/1809/2059 2192/1810/2061
f 2194/1808/2063 2188/1808/2058 2193/1811/2062
f 2196/1810/2065 2288/1809/2154 2191/1808/2060
f 2191/1808/2060 2288/1809/2154 2198/1807/2067
f 2199/1812/2068 2196/1810/2065 2197/1811/2066
f 2195/1811/2064 2193/1811/2062 2205/1813/2074
f 2202/1814/2071 2199/1812/2068 2200/1813/2069
f 2200/1813/2069 2201/1813/2070 2204/1815/2073
f 2205/1813/2074 2208/1812/2077 2206/1814/2075
f 2193/1811/2062 2192/1810/2061 2208/1812/2077
f 2202/1814/2071 2203/1815/2072 2204/1815/2073
f 2208/1812/2077 2221/1818/2089 2210/1816/2079
f 2212/1816/2080 2202/1814/2071 2209/1814/2078
f 2212/1816/2080 2214/1818/2082 2199/1812/2068
f 2213/1817/2081 2218/1820/2086 2214/1818/2082
f 2215/1817/2083 2211/1816/2080 2210/1816/2079
f 2213/1817/2081 2227/1821/2095 2217/1819/2085
f 2227/1821/2095 2213/1817/2081 4251/1817/3915
f 2221/1818/2089 2305/1820/2171 2216/1817/2084
f 2216/1817/2084 2305/1820/2171 2222/1819/2090
f 2220/1821/2088 2222/1819/2090 2223/1822/2091
f 2219/1821/2087 2220/1821/2088 2224/1823/2092
f 2225/1823/2093 2224/1823/2092 2223/1822/2091
f 2227/1821/2095 4252/1823/3916 2228/1822/2096
f 2217/1819/2085 2228/1822/2096 2229/1824/2097
f 2231/1824/2099 2226/1822/2094 2223/1822/2091
f 2229/1824/2097 2245/1827/2113 2233/1826/2101
f 2245/1827/2113 2229/1824/2097 4253/1824/3917
f 2222/1819/2090 2237/1825/2105 2232/1824/2100
f 2236/1826/2104 2235/1827/2103 2232/1824/2100
f 2238/1828/2106 2240/1829/2108 2235/1827/2103
f 2239/1829/2107 2234/1827/2102 2235/1827/2103
f 2241/1830/2109 2255/1831/2122 2240/1829/2108
f 2239/1829/2107 2240/1829/2108 2255/1831/2122
f 2245/1827/2113 2242/1829/2110 2246/1828/2114
f 2242/1829/2110 2244/1831/2112 2247/1830/2115
f 2244/1831/2112 2250/1833/2118 2248/1832/2116
f 2244/1831/2112 2243/1831/2111 2249/1833/2117
f 2248/1832/2116 2250/1833/2118 2251/1834/2119
f 4254/1833/3918 2254/1833/2117 2257/1834/2124
f 2241/1830/2109 2256/1832/2123 2254/1833/2117
f 2256/1832/2123 2259/1835/2126 2257/1834/2124
f 2258/1836/2125 2263/1837/2127 2257/1834/2124
f 2251/1834/2119 2253/1834/2121 2260/1837/2127
f 2262/1838/2129 2265/1839/2131 2263/1837/2127
f 2264/1839/2130 4255/1837/3919 2263/1837/2127
f 2251/1834/2119 2261/1837/2128 2266/1836/2132
f 2261/1837/2128 4256/1839/3920 2267/1838/2133
f 2267/1838/2133 4256/1839/3920 4257/1839/3921
f 2269/1840/2135 2266/1836/2132 2267/1838/2133
f 2271/1841/2137 2268/1838/2134 2262/1838/2129
f 2272/1841/2138 2262/1838/2129 2258/1836/2125
f 2274/1842/2140 2276/1843/2142 2272/1841/2138
f 2277/1843/2143 2270/1841/2136 4258/1841/2138
f 2166/1799/2037 2165/1797/2036 2276/1843/2142
f 2275/1843/2141 2276/1843/2142 2165/1797/2036
f 2176/1799/2047 2279/1842/2145 2277/1843/2143
f 2279/1842/2145 2269/1840/2135 2270/1841/2136
f 2174/1801/2045 2281/1845/2147 2279/1842/2145
f 2280/1844/2146 2269/1840/2135 2279/1842/2145
f 2252/1835/2120 2266/1836/2132 2269/1840/2135
f 2282/1846/2148 2280/1844/2146 2281/1845/2147
f 2248/1832/2116 2252/1835/2120 2280/1844/2146
f 2284/1848/2150 2282/1846/2148 2283/1847/2149
f 2247/1830/2115 2248/1832/2116 2282/1846/2148
f 2182/1806/2053 2285/1849/2151 2283/1847/2149
f 2178/1803/2049 2283/1847/2149 2281/1845/2147
f 2198/1807/2067 2287/1851/2153 2285/1849/2151
f 2286/1850/2152 2284/1848/2150 2285/1849/2151
f 2288/1809/2154 2290/1853/2156 2287/1851/2153
f 2289/1852/2155 2286/1850/2152 2287/1851/2153
f 2233/1826/2101 2246/1828/2114 2286/1850/2152
f 2246/1828/2114 2247/1830/2115 2284/1848/2150
f 2291/1854/2157 2289/1852/2155 2290/1853/2156
f 2230/1825/2098 2233/1826/2101 2289/1852/2155
f 2218/1820/2086 2291/1854/2157 2292/1855/2158
f 2218/1820/2086 2217/1819/2085 2230/1825/2098
f 2214/1818/2082 2292/1855/2158 2196/1810/2065
f 2292/1855/2158 2290/1853/2156 2288/1809/2154
f 2168/1801/2039 2166/1799/2037 2274/1842/2140
f 2274/1842/2140 2273/1840/2139 2294/1844/2160
f 2171/1803/2042 2168/1801/2039 2293/1845/2159
f 2293/1845/2159 2294/1844/2160 2296/1846/2162
f 2294/1844/2160 2259/1835/2126 2256/1832/2123
f 2273/1840/2139 2258/1836/2125 2259/1835/2126
f 2295/1847/2161 2296/1846/2162 2297/1848/2163
f 2296/1846/2162 2256/1832/2123 2241/1830/2109
f 2298/1849/2164 2297/1848/2163 2299/1850/2165
f 2297/1848/2163 2241/1830/2109 2238/1828/2106
f 2187/1807/2057 2186/1806/2056 2298/1849/2164
f 2186/1806/2056 2171/1803/2042 2295/1847/2161
f 2189/1809/2059 2187/1807/2057 2300/1851/2166
f 2300/1851/2166 2299/1850/2165 2302/1852/2168
f 2189/1809/2059 2301/1853/2167 2303/1855/2169
f 2301/1853/2167 2302/1852/2168 2304/1854/2170
f 2302/1852/2168 2236/1826/2104 2237/1825/2105
f 2299/1850/2165 2238/1828/2106 2236/1826/2104
f 2303/1855/2169 2304/1854/2170 2305/1820/2171
f 2305/1820/2171 2304/1854/2170 2237/1825/2105
f 2192/1810/2061 2303/1855/2169 2221/1818/2089
f 2306/1856/2172 4259/1859/2177 2307/1857/2173
f 2307/1857/2173 4259/1859/2177 2309/1859/2175
f 4259/1859/2177 2306/1856/2172 2318/1856/2178
f 2312/1856/2178 2316/1858/2181 2314/1857/2179
f 2315/1860/2180 2320/1862/2184 2316/1858/2181
f 2322/1860/2186 2315/1860/2180 2312/1856/2178
f 2319/1861/2183 2335/1863/2199 2320/1862/2184
f 2321/1861/2185 2319/1861/2183 2315/1860/2180
f 2323/1861/2187 2317/1860/2182 2324/1862/2188
f 2317/1860/2182 2306/1856/2172 2308/1858/2174
f 2326/1864/2190 2323/1861/2187 2325/1863/2189
f 2328/1864/2192 2334/1864/2198 2319/1861/2183
f 2329/1866/2193 2326/1864/2190 2327/1865/2191
f 2329/1866/2193 2339/1866/2196 2331/1864/2195
f 2332/1866/2196 2337/1867/2201 2333/1865/2197
f 2334/1864/2198 2333/1865/2197 2335/1863/2199
f 2336/1868/2200 2455/1871/2312 2337/1867/2201
f 2329/1866/2193 2343/1868/2204 2338/1868/2200
f 2340/1869/2202 2455/1871/2312 2336/1868/2200
f 2342/1868/2204 2349/1870/2210 2341/1870/2203
f 2343/1868/2204 2346/1871/2207 2344/1869/2205
f 2343/1868/2204 2329/1866/2193 2330/1867/2194
f 2345/1870/2206 2344/1869/2205 2347/1872/2208
f 2345/1870/2206 2348/1873/2209 2353/1873/2211
f 2348/1873/2209 2347/1872/2208 2351/1874/2212
f 2352/1875/2213 2357/1875/2215 2353/1873/2211
f 2354/1874/2214 2356/1872/2216 2350/1873/2211
f 2356/1872/2216 2340/1869/2202 2341/1870/2203
f 2351/1874/2212 2360/1874/2219 2357/1875/2215
f 2358/1876/2217 2369/1877/2228 2356/1872/2216
f 2364/1876/2223 2358/1876/2217 2354/1874/2214
f 2347/1872/2208 2361/1877/2220 2359/1876/2218
f 2361/1877/2220 2445/1881/2302 2362/1878/2221
f 2363/1878/2222 2368/1878/2227 2358/1876/2217
f 2362/1878/2221 2445/1881/2302 2365/1879/2224
f 2366/1880/2225 2375/1880/2234 2367/1878/2226
f 2368/1878/2227 2371/1881/2230 2369/1877/2228
f 2368/1878/2227 2372/1880/2231 2370/1879/2229
f 2372/1880/2231 4260/1883/3922 2373/1882/2232
f 2366/1880/2225 2377/1883/2236 2374/1883/2233
f 2380/1882/2239 2373/1882/2232 4260/1883/3922
f 2366/1880/2225 2365/1879/2224 2376/1882/2235
f 2365/1879/2224 2382/1886/2241 2378/1884/2237
f 2379/1884/2238 2385/1884/2244 2373/1882/2232
f 2381/1885/2240 2383/1887/2242 2378/1884/2237
f 2391/1887/2250 2388/1887/2247 2385/1884/2244
f 2370/1879/2229 2373/1882/2232 2385/1884/2244
f 2385/1884/2244 2388/1887/2247 2387/1885/2246
f 2388/1887/2247 2392/1889/2251 2389/1888/2248
f 2390/1889/2249 2392/1889/2251 2388/1887/2247
f 2392/1889/2251 2394/1891/2253 2393/1890/2252
f 2397/1889/2249 2399/1891/2257 2401/1891/2259
f 2395/1888/2254 2397/1889/2249 2383/1887/2242
f 2396/1890/2255 2399/1891/2257 2397/1889/2249
f 2398/1892/2256 2403/1893/2261 2399/1891/2257
f 2399/1891/2257 2403/1893/2261 2400/1893/2258
f 2402/1894/2260 2416/1895/2274 2403/1893/2261
f 2403/1893/2261 2416/1895/2274 2404/1895/2262
f 2394/1891/2253 2406/1893/2264 2405/1892/2263
f 2406/1893/2264 2408/1895/2266 2407/1894/2265
f 2408/1895/2266 2411/1897/2269 2409/1896/2267
f 2410/1895/2268 2414/1897/2272 2411/1897/2269
f 2411/1897/2269 4261/1899/3923 2412/1898/2270
f 2413/1899/2271 4261/1899/3923 2411/1897/2269
f 2415/1896/2273 2418/1897/2276 2416/1895/2274
f 2417/1898/2275 2420/1899/2278 2418/1897/2276
f 2424/1898/2282 2412/1898/2270 4261/1899/3923
f 2421/1900/2279 2417/1898/2275 2415/1896/2273
f 2423/1900/2281 2425/1900/2283 2412/1898/2270
f 2409/1896/2267 2412/1898/2270 2425/1900/2283
f 2427/1902/2285 2426/1901/2284 2425/1900/2283
f 2431/1903/2288 2428/1903/2286 2425/1900/2283
f 2316/1858/2181 2427/1902/2285 2428/1903/2286
f 2429/1903/2287 2307/1857/2173 2310/1857/2176
f 2308/1858/2174 2307/1857/2173 2429/1903/2287
f 2432/1902/2289 2429/1903/2287 2421/1900/2279
f 2324/1862/2188 2308/1858/2174 2432/1902/2289
f 2432/1902/2289 2422/1901/2280 2434/1905/2291
f 2422/1901/2280 2415/1896/2273 2402/1894/2260
f 2433/1904/2290 2434/1905/2291 2435/1906/2292
f 2434/1905/2291 2402/1894/2260 2398/1892/2256
f 2436/1907/2293 2435/1906/2292 2437/1908/2294
f 2435/1906/2292 2398/1892/2256 2396/1890/2255
f 2327/1865/2191 2325/1863/2189 2436/1907/2293
f 2325/1863/2189 2324/1862/2188 2433/1904/2290
f 2330/1867/2194 2327/1865/2191 2438/1909/2295
f 2438/1909/2295 2437/1908/2294 2440/1911/2297
f 2346/1871/2207 2330/1867/2194 2439/1910/2296
f 2439/1910/2296 2440/1911/2297 2442/1913/2299
f 2440/1911/2297 2395/1888/2254 2381/1885/2240
f 2437/1908/2294 2396/1890/2255 2395/1888/2254
f 2441/1912/2298 2442/1913/2299 2443/1914/2300
f 2442/1913/2299 2381/1885/2240 2382/1886/2241
f 2444/1915/2301 2443/1914/2300 2445/1881/2302
f 2445/1881/2302 2443/1914/2300 2382/1886/2241
f 2344/1869/2205 2444/1915/2301 2361/1877/2220
f 2346/1871/2207 2441/1912/2298 2444/1915/2301
f 2320/1862/2184 2447/1904/2304 2427/1902/2285
f 2446/1905/2303 2426/1901/2284 2427/1902/2285
f 2335/1863/2199 2449/1907/2306 2447/1904/2304
f 2448/1906/2305 2446/1905/2303 2447/1904/2304
f 2405/1892/2263 2407/1894/2265 2446/1905/2303
f 2407/1894/2265 2409/1896/2267 2426/1901/2284
f 2450/1908/2307 2448/1906/2305 2449/1907/2306
f 2393/1890/2252 2405/1892/2263 2448/1906/2305
f 2452/1911/2309 2450/1908/2307 2451/1909/2308
f 2389/1888/2248 2393/1890/2252 2450/1908/2307
f 2337/1867/2201 2453/1910/2310 2451/1909/2308
f 2333/1865/2197 2451/1909/2308 2449/1907/2306
f 2454/1912/2311 2453/1910/2310 2337/1867/2201
f 2456/1913/2313 2452/1911/2309 2453/1910/2310
f 2457/1915/2314 2454/1912/2311 2455/1871/2312
f 2458/1914/2315 2456/1913/2313 2454/1912/2311
f 2386/1886/2245 2387/1885/2246 2456/1913/2313
f 2387/1885/2246 2389/1888/2248 2452/1911/2309
f 2371/1881/2230 2458/1914/2315 2457/1915/2314
f 2371/1881/2230 2370/1879/2229 2386/1886/2245
f 2369/1877/2228 2457/1915/2314 2340/1869/2202
f 2459/1916/2316 4262/3240/3924 2460/1917/2317
f 2462/1919/2319 2461/1918/2318 2463/1920/2320
f 2467/1924/2324 4263/3241/2326 2468/1925/2325
f 2471/1928/2328 2475/1932/2331 2470/1927/2327
f 2476/1933/2332 2481/1937/2337 2474/1931/2330
f 2484/1940/2339 4264/3242/2341 2485/1941/2340
f 2488/1944/2341 4265/3243/3925 2489/1945/2343
f 2491/1947/2345 4266/3244/2344 2492/1948/2346
f 2496/1951/2349 4267/3245/3926 2497/1952/2350
f 2501/1956/2353 2499/1954/2352 2502/1957/2351
f 2504/1959/2355 4268/3246/3927 2505/1960/2356
f 2508/1963/2359 2511/1966/2362 2501/1956/2353
f 2508/1963/2359 2504/1959/2355 2506/1961/2357
f 2510/1965/2361 2560/2014/2408 2511/1966/2362
f 2510/1965/2361 2508/1963/2359 2509/1964/2360
f 2512/1967/2363 2509/1964/2360 2513/1968/2364
f 2509/1964/2360 2506/1961/2357 2515/1970/2366
f 2513/1968/2364 2515/1970/2366 2516/1971/2367
f 2514/1969/2365 2513/1968/2364 2517/1972/2368
f 2517/1972/2368 2516/1971/2367 2519/1974/2370
f 2518/1973/2369 2517/1972/2368 2520/1975/2371
f 2522/1977/2373 2518/1973/2369 2521/1976/2372
f 2524/1979/2375 2514/1969/2365 2518/1973/2369
f 2525/1980/2376 2524/1979/2375 2522/1977/2373
f 2526/1981/2377 2522/1977/2373 2523/1978/2374
f 2523/1978/2374 2521/1976/2372 2528/1983/2379
f 2531/1986/2381 2541/1995/2390 2527/1982/2378
f 2520/1975/2371 2519/1974/2370 2534/1989/2384
f 2515/1970/2366 4269/3247/2414 2539/1993/2389
f 2541/1995/2390 2542/1996/2391 2526/1981/2377
f 2463/1920/2320 2544/1998/2392 2542/1996/2391
f 2461/1918/2318 2460/1917/2317 2544/1998/2392
f 2460/1917/2317 2466/1923/2323 2545/1999/2393
f 2544/1998/2392 2545/1999/2393 2546/2000/2394
f 2466/1923/2323 2468/1925/2325 2547/2001/2395
f 2545/1999/2393 2547/2001/2395 2548/2002/2396
f 2470/1927/2327 2549/2003/2397 2547/2001/2395
f 2549/2003/2397 2551/2005/2399 2548/2002/2396
f 2475/1932/2331 2550/2004/2398 2549/2003/2397
f 2550/2004/2398 2553/2007/2401 2551/2005/2399
f 2474/1931/2330 2552/2006/2400 2550/2004/2398
f 2552/2006/2400 2554/2008/2402 2553/2007/2401
f 2481/1937/2337 2483/1939/2338 2552/2006/2400
f 2483/1939/2338 2485/1941/2340 2554/2008/2402
f 2485/1941/2340 2487/1943/2342 2555/2009/2403
f 2554/2008/2402 2555/2009/2403 2556/2010/2404
f 2555/2009/2403 2558/2012/2406 2557/2011/2405
f 2487/1943/2342 2489/1945/2343 2558/2012/2406
f 2558/2012/2406 2489/1945/2343 2491/1947/2345
f 2557/2011/2405 2558/2012/2406 2559/2013/2407
f 2556/2010/2404 2557/2011/2405 2561/2015/2409
f 2557/2011/2405 2560/2014/2408 2510/1965/2361
f 2562/2016/2410 2561/2015/2409 2563/2017/2411
f 2561/2015/2409 2510/1965/2361 2512/1967/2363
f 2551/2005/2399 2562/2016/2410 2564/2018/2412
f 2553/2007/2401 2556/2010/2404 2562/2016/2410
f 2564/2018/2412 2563/2017/2411 2524/1979/2375
f 2548/2002/2396 2564/2018/2412 2525/1980/2376
f 2542/1996/2391 2546/2000/2394 2525/1980/2376
f 2563/2017/2411 2512/1967/2363 2514/1969/2365
f 2560/2014/2408 2559/2013/2407 2565/2019/2413
f 2559/2013/2407 2491/1947/2345 2493/1949/2347
f 2565/2019/2413 2493/1949/2347 2495/1951/2348
f 2511/1966/2362 2565/2019/2413 2499/1954/2352
f 2567/2021/2415 2573/2027/2421 2568/2022/2416
f 2570/2024/2418 2575/2029/2423 2571/2025/2419
f 2573/2027/2421 2577/2031/2425 2574/2028/2422
f 2575/2029/2423 2579/2033/2427 2576/2030/2424
f 2577/2031/2425 2581/2035/2429 2578/2032/2426
f 2579/2033/2427 2583/2037/2431 2580/2034/2428
f 2581/2035/2429 2585/2039/2433 2582/2036/2430
f 2583/2037/2431 2587/2041/2435 2584/2038/2432
f 2585/2039/2433 2589/2043/2437 2586/2040/2434
f 2587/2041/2435 2591/2045/2439 2588/2042/2436
f 2589/2043/2437 2593/2047/2441 2590/2044/2438
f 2591/2045/2439 2595/2049/2443 2592/2046/2440
f 2593/2047/2441 2597/2051/2445 2594/2048/2442
f 2595/2049/2443 2599/2053/2447 2596/2050/2444
f 2597/2051/2445 2817/2271/2662 2598/2052/2446
f 2599/2053/2447 2907/2361/2748 2600/2054/2448
f 2601/2055/2449 2811/2265/2656 2602/2056/2450
f 2604/2058/2452 2902/2356/2743 2605/2059/2453
f 2607/2061/2455 2614/2068/2462 2608/2062/2456
f 2610/2064/2458 2616/2070/2464 2611/2065/2459
f 2613/2067/2461 2618/2072/2466 2614/2068/2462
f 2615/2069/2463 2620/2074/2468 2616/2070/2464
f 2617/2071/2465 2622/2076/2470 2618/2072/2466
f 2619/2073/2467 2624/2078/2472 2620/2074/2468
f 2621/2075/2469 2626/2080/2474 2622/2076/2470
f 2623/2077/2471 2628/2082/2476 2624/2078/2472
f 2625/2079/2473 2630/2084/2478 2626/2080/2474
f 2627/2081/2475 2632/2086/2480 2628/2082/2476
f 2629/2083/2477 2634/2088/2482 2630/2084/2478
f 2631/2085/2479 2636/2090/2484 2632/2086/2480
f 2633/2087/2481 2638/2092/2486 2634/2088/2482
f 2635/2089/2483 2640/2094/2488 2636/2090/2484
f 2637/2091/2485 2642/2096/2490 2638/2092/2486
f 2639/2093/2487 2644/2098/2492 2640/2094/2488
f 2641/2095/2489 4270/2496/2494 2642/2096/2490
f 2643/2097/2491 4271/2522/2497 2644/2098/2492
f 2645/2099/2489 2651/2105/2498 2646/2100/2493
f 2648/2102/2495 2653/2107/2500 2649/2103/2496
f 2651/2105/2498 2655/2109/2502 2652/2106/2499
f 2653/2107/2500 2657/2111/2504 2654/2108/2501
f 2655/2109/2502 2659/2113/2506 2656/2110/2503
f 2657/2111/2504 2661/2115/2508 2658/2112/2505
f 2659/2113/2506 2663/2117/2510 2660/2114/2507
f 2661/2115/2508 2665/2119/2512 2662/2116/2509
f 2663/2117/2510 2667/2121/2514 2664/2118/2511
f 2665/2119/2512 2670/2124/2517 2666/2120/2513
f 2667/2121/2514 2671/2125/2518 2668/2122/2515
f 2669/2123/2516 2674/2128/2521 2666/2120/2513
f 2671/2125/2518 2675/2129/2522 2672/2126/2519
f 2673/2127/2520 2678/2132/2525 2674/2128/2521
f 2675/2129/2522 2679/2133/2526 2676/2130/2523
f 2677/2131/2524 2682/2136/2529 2678/2132/2525
f 2679/2133/2526 2684/2138/2531 2680/2134/2527
f 2681/2135/2528 2686/2140/2533 2682/2136/2529
f 2683/2137/2530 2688/2142/2535 2680/2134/2527
f 2681/2135/2528 2689/2143/2536 2685/2139/2532
f 2687/2141/2534 2692/2146/2539 2688/2142/2535
f 2689/2143/2536 2693/2147/2540 2690/2144/2537
f 2691/2145/2538 2696/2150/2543 2692/2146/2539
f 2693/2147/2540 2697/2151/2544 2694/2148/2541
f 2695/2149/2542 2700/2154/2547 2696/2150/2543
f 2697/2151/2544 2702/2156/2549 2698/2152/2545
f 2699/2153/2546 2704/2158/2551 2700/2154/2547
f 2701/2155/2548 2706/2160/2553 2698/2152/2545
f 2703/2157/2550 2708/2162/2555 2704/2158/2551
f 2705/2159/2552 2710/2164/2557 2706/2160/2553
f 2707/2161/2554 2712/2166/2559 2708/2162/2555
f 2709/2163/2556 2714/2168/2561 2710/2164/2557
f 2711/2165/2558 2716/2170/2563 2712/2166/2559
f 2713/2167/2560 2718/2172/2564 2714/2168/2561
f 2715/2169/2562 2839/2293/2417 2716/2170/2563
f 2717/2171/2418 4272/2523/3928 2718/2172/2564
f 2719/2173/2565 2722/2176/2568 2720/2174/2566
f 2722/2176/2568 2724/2178/2570 2723/2177/2569
f 2724/2178/2570 2715/2169/2562 2711/2165/2558
f 2721/2175/2567 2720/2174/2566 2725/2179/2571
f 2720/2174/2566 2723/2177/2569 2727/2181/2573
f 2723/2177/2569 2711/2165/2558 2707/2161/2554
f 2726/2180/2572 2725/2179/2571 2728/2182/2574
f 2725/2179/2571 2727/2181/2573 2730/2184/2576
f 2727/2181/2573 2707/2161/2554 2703/2157/2550
f 2729/2183/2575 2728/2182/2574 2731/2185/2577
f 2728/2182/2574 2730/2184/2576 2733/2187/2579
f 2730/2184/2576 2703/2157/2550 2699/2153/2546
f 2732/2186/2578 2731/2185/2577 2734/2188/2580
f 2731/2185/2577 2733/2187/2579 2736/2190/2582
f 2733/2187/2579 2699/2153/2546 2695/2149/2542
f 2735/2189/2581 2734/2188/2580 2737/2191/2583
f 2734/2188/2580 2736/2190/2582 2739/2193/2585
f 2736/2190/2582 2695/2149/2542 2691/2145/2538
f 2738/2192/2584 2737/2191/2583 2740/2194/2586
f 2737/2191/2583 2739/2193/2585 2742/2196/2588
f 2739/2193/2585 2691/2145/2538 2687/2141/2534
f 2741/2195/2587 2740/2194/2586 2743/2197/2589
f 2740/2194/2586 2742/2196/2588 2745/2199/2591
f 2742/2196/2588 2687/2141/2534 2683/2137/2530
f 2746/2200/2592 2744/2198/2590 2743/2197/2589
f 2743/2197/2589 2745/2199/2591 2748/2202/2594
f 2745/2199/2591 2683/2137/2530 2684/2138/2531
f 2749/2203/2595 2746/2200/2592 2747/2201/2593
f 2750/2204/2596 2747/2201/2593 2748/2202/2594
f 2751/2205/2597 2748/2202/2594 2684/2138/2531
f 2752/2206/2598 2749/2203/2595 2750/2204/2596
f 2753/2207/2599 2750/2204/2596 2751/2205/2597
f 2754/2208/2600 2751/2205/2597 2679/2133/2526
f 2755/2209/2601 2752/2206/2598 2753/2207/2599
f 2756/2210/2602 2753/2207/2599 2754/2208/2600
f 2757/2211/2603 2754/2208/2600 2675/2129/2522
f 2758/2212/2604 2755/2209/2601 2756/2210/2602
f 2759/2213/2605 2756/2210/2602 2757/2211/2603
f 2760/2214/2606 2757/2211/2603 2671/2125/2518
f 2761/2215/2607 2758/2212/2604 2759/2213/2605
f 2762/2216/2608 2759/2213/2605 2760/2214/2606
f 2763/2217/2609 2760/2214/2606 2667/2121/2514
f 2764/2218/2610 2761/2215/2607 2762/2216/2608
f 2765/2219/2611 2762/2216/2608 2763/2217/2609
f 2766/2220/2612 2763/2217/2609 2663/2117/2510
f 2767/2221/2613 2764/2218/2610 2765/2219/2611
f 2768/2222/2614 2765/2219/2611 2766/2220/2612
f 2769/2223/2615 2766/2220/2612 2659/2113/2506
f 2770/2224/2616 2767/2221/2613 2768/2222/2614
f 2771/2225/2617 2768/2222/2614 2769/2223/2615
f 2772/2226/2618 2769/2223/2615 2655/2109/2502
f 2773/2227/2619 2770/2224/2616 2771/2225/2617
f 2774/2228/2620 2771/2225/2617 2772/2226/2618
f 2775/2229/2621 2772/2226/2618 2651/2105/2498
f 2776/2230/2622 2779/2233/2620 2777/2231/2623
f 2779/2233/2620 2781/2235/2626 2780/2234/2625
f 2781/2235/2626 2641/2095/2489 2637/2091/2485
f 2778/2232/2624 2777/2231/2623 2782/2236/2627
f 2777/2231/2623 2780/2234/2625 2784/2238/2629
f 2780/2234/2625 2637/2091/2485 2633/2087/2481
f 2783/2237/2628 2782/2236/2627 2785/2239/2630
f 2782/2236/2627 2784/2238/2629 2787/2241/2632
f 2784/2238/2629 2633/2087/2481 2629/2083/2477
f 2786/2240/2631 2785/2239/2630 2788/2242/2633
f 2785/2239/2630 2787/2241/2632 2790/2244/2635
f 2787/2241/2632 2629/2083/2477 2625/2079/2473
f 2789/2243/2634 2788/2242/2633 2791/2245/2636
f 2788/2242/2633 2790/2244/2635 2793/2247/2638
f 2790/2244/2635 2625/2079/2473 2621/2075/2469
f 2792/2246/2637 2791/2245/2636 2794/2248/2639
f 2791/2245/2636 2793/2247/2638 2796/2250/2641
f 2793/2247/2638 2621/2075/2469 2617/2071/2465
f 2795/2249/2640 2794/2248/2639 2797/2251/2642
f 2794/2248/2639 2796/2250/2641 2799/2253/2644
f 2796/2250/2641 2617/2071/2465 2613/2067/2461
f 2798/2252/2643 2797/2251/2642 2800/2254/2645
f 2797/2251/2642 2799/2253/2644 2802/2256/2647
f 2799/2253/2644 2613/2067/2461 2607/2061/2455
f 2801/2255/2646 2800/2254/2645 2803/2257/2648
f 2800/2254/2645 2802/2256/2647 2805/2259/2650
f 2802/2256/2647 2607/2061/2455 2609/2063/2457
f 2806/2260/2651 3390/2472/3202 2807/2261/2652
f 2807/2261/2652 3390/2472/3202 2809/2263/2654
f 2810/2264/2655 2809/2263/2654 2811/2265/2656
f 2812/2266/2657 3383/2473/3196 2813/2267/2658
f 2814/2268/2659 2813/2267/2658 2815/2269/2660
f 2816/2270/2661 2815/2269/2660 2817/2271/2662
f 2818/2272/2663 2812/2266/2657 2814/2268/2659
f 2819/2273/2664 2814/2268/2659 2816/2270/2661
f 2820/2274/2665 2816/2270/2661 2597/2051/2445
f 2821/2275/2666 2818/2272/2663 2819/2273/2664
f 2822/2276/2667 2819/2273/2664 2820/2274/2665
f 2823/2277/2668 2820/2274/2665 2593/2047/2441
f 2824/2278/2669 2821/2275/2666 2822/2276/2667
f 2825/2279/2670 2822/2276/2667 2823/2277/2668
f 2826/2280/2671 2823/2277/2668 2589/2043/2437
f 2827/2281/2672 2824/2278/2669 2825/2279/2670
f 2828/2282/2673 2825/2279/2670 2826/2280/2671
f 2829/2283/2674 2826/2280/2671 2585/2039/2433
f 2830/2284/2675 2827/2281/2672 2828/2282/2673
f 2831/2285/2676 2828/2282/2673 2829/2283/2674
f 2832/2286/2677 2829/2283/2674 2581/2035/2429
f 2833/2287/2678 2830/2284/2675 2831/2285/2676
f 2834/2288/2679 2831/2285/2676 2832/2286/2677
f 2835/2289/2680 2832/2286/2677 2577/2031/2425
f 2836/2290/2565 2833/2287/2678 2834/2288/2679
f 2837/2291/2681 2834/2288/2679 2835/2289/2680
f 2838/2292/2682 2835/2289/2680 2573/2027/2421
f 2839/2293/2417 2841/2295/2684 2840/2294/2683
f 2841/2295/2684 2843/2297/2686 2842/2296/2685
f 2843/2297/2686 2717/2171/2418 2713/2167/2560
f 2716/2170/2563 2840/2294/2683 2844/2298/2687
f 2840/2294/2683 2842/2296/2685 2845/2299/2688
f 2842/2296/2685 2713/2167/2560 2709/2163/2556
f 2712/2166/2559 2844/2298/2687 2846/2300/2689
f 2844/2298/2687 2845/2299/2688 2847/2301/2690
f 2845/2299/2688 2709/2163/2556 2705/2159/2552
f 2708/2162/2555 2846/2300/2689 2848/2302/2691
f 2846/2300/2689 2847/2301/2690 2849/2303/2692
f 2847/2301/2690 2705/2159/2552 2701/2155/2548
f 2704/2158/2551 2848/2302/2691 2850/2304/2693
f 2848/2302/2691 2849/2303/2692 2851/2305/2694
f 2849/2303/2692 2701/2155/2548 2702/2156/2549
f 2696/2150/2543 2700/2154/2547 2850/2304/2693
f 2852/2306/2695 2850/2304/2693 2851/2305/2694
f 2853/2307/2696 2851/2305/2694 2702/2156/2549
f 2692/2146/2539 2696/2150/2543 2852/2306/2695
f 2854/2308/2697 2852/2306/2695 2853/2307/2696
f 2855/2309/2698 2853/2307/2696 2697/2151/2544
f 2688/2142/2535 2692/2146/2539 2854/2308/2697
f 2856/2310/2699 2854/2308/2697 2855/2309/2698
f 2857/2311/2700 2855/2309/2698 2693/2147/2540
f 2688/2142/2535 2856/2310/2699 2858/2312/2701
f 2858/2312/2701 2856/2310/2699 2857/2311/2700
f 2859/2313/2702 2857/2311/2700 2689/2143/2536
f 2680/2134/2527 2858/2312/2701 2860/2314/2703
f 2858/2312/2701 2859/2313/2702 2861/2315/2704
f 2859/2313/2702 2681/2135/2528 2677/2131/2524
f 2676/2130/2523 2860/2314/2703 2862/2316/2705
f 2860/2314/2703 2861/2315/2704 2863/2317/2706
f 2861/2315/2704 2677/2131/2524 2673/2127/2520
f 2672/2126/2519 2862/2316/2705 2864/2318/2707
f 2862/2316/2705 2863/2317/2706 2865/2319/2708
f 2863/2317/2706 2673/2127/2520 2669/2123/2516
f 2668/2122/2515 2864/2318/2707 2866/2320/2709
f 2864/2318/2707 2865/2319/2708 2867/2321/2710
f 2865/2319/2708 2669/2123/2516 2670/2124/2517
f 2664/2118/2511 2866/2320/2709 2868/2322/2711
f 2866/2320/2709 2867/2321/2710 2869/2323/2712
f 2869/2323/2712 2867/2321/2710 2670/2124/2517
f 2656/2110/2503 2660/2114/2507 2868/2322/2711
f 2870/2324/2713 2868/2322/2711 2869/2323/2712
f 2871/2325/2714 2869/2323/2712 2665/2119/2512
f 2652/2106/2499 2656/2110/2503 2870/2324/2713
f 2872/2326/2715 2870/2324/2713 2871/2325/2714
f 2873/2327/2716 2871/2325/2714 2661/2115/2508
f 2646/2100/2493 2652/2106/2499 2872/2326/2715
f 2874/2328/2717 2872/2326/2715 2873/2327/2716
f 2875/2329/2718 2873/2327/2716 2657/2111/2504
f 2647/2101/2494 2646/2100/2493 2874/2328/2717
f 2876/2330/2719 2874/2328/2717 2875/2329/2718
f 2877/2331/2720 2875/2329/2718 2653/2107/2500
f 2642/2096/2490 4270/2496/2494 2878/2332/2719
f 2879/2333/2721 2878/2332/2719 2880/2334/2720
f 2880/2334/2720 2643/2097/2491 2639/2093/2487
f 2642/2096/2490 2879/2333/2721 2882/2336/2723
f 2879/2333/2721 2881/2335/2722 2883/2337/2724
f 2881/2335/2722 2639/2093/2487 2635/2089/2483
f 2638/2092/2486 2882/2336/2723 2884/2338/2725
f 2882/2336/2723 2883/2337/2724 2885/2339/2726
f 2883/2337/2724 2635/2089/2483 2631/2085/2479
f 2634/2088/2482 2884/2338/2725 2886/2340/2727
f 2884/2338/2725 2885/2339/2726 2887/2341/2728
f 2885/2339/2726 2631/2085/2479 2627/2081/2475
f 2630/2084/2478 2886/2340/2727 2888/2342/2729
f 2886/2340/2727 2887/2341/2728 2889/2343/2730
f 2887/2341/2728 2627/2081/2475 2623/2077/2471
f 2626/2080/2474 2888/2342/2729 2890/2344/2731
f 2888/2342/2729 2889/2343/2730 2891/2345/2732
f 2889/2343/2730 2623/2077/2471 2619/2073/2467
f 2622/2076/2470 2890/2344/2731 2892/2346/2733
f 2890/2344/2731 2891/2345/2732 2893/2347/2734
f 2891/2345/2732 2619/2073/2467 2615/2069/2463
f 2618/2072/2466 2892/2346/2733 2894/2348/2735
f 2892/2346/2733 2893/2347/2734 2895/2349/2736
f 2893/2347/2734 2615/2069/2463 2610/2064/2458
f 2614/2068/2462 2894/2348/2735 2896/2350/2737
f 2894/2348/2735 2895/2349/2736 2897/2351/2738
f 2895/2349/2736 2610/2064/2458 2612/2066/2460
f 2603/2057/2451 2602/2056/2450 2898/2352/2739
f 2899/2353/2740 2898/2352/2739 2900/2354/2741
f 2901/2355/2742 2900/2354/2741 2902/2356/2743
f 2594/2048/2442 2598/2052/2446 2903/2357/2744
f 2904/2358/2745 2903/2357/2744 2905/2359/2746
f 2906/2360/2747 2905/2359/2746 2907/2361/2748
f 2590/2044/2438 2594/2048/2442 2904/2358/2745
f 2908/2362/2749 2904/2358/2745 2906/2360/2747
f 2909/2363/2750 2906/2360/2747 2599/2053/2447
f 2586/2040/2434 2590/2044/2438 2908/2362/2749
f 2910/2364/2751 2908/2362/2749 2909/2363/2750
f 2911/2365/2752 2909/2363/2750 2595/2049/2443
f 2582/2036/2430 2586/2040/2434 2910/2364/2751
f 2912/2366/2753 2910/2364/2751 2911/2365/2752
f 2913/2367/2754 2911/2365/2752 2591/2045/2439
f 2578/2032/2426 2582/2036/2430 2912/2366/2753
f 2914/2368/2755 2912/2366/2753 2913/2367/2754
f 2915/2369/2756 2913/2367/2754 2587/2041/2435
f 2574/2028/2422 2578/2032/2426 2914/2368/2755
f 2916/2370/2757 2914/2368/2755 2915/2369/2756
f 2917/2371/2758 2915/2369/2756 2583/2037/2431
f 2568/2022/2416 2574/2028/2422 2916/2370/2757
f 2918/2372/2759 2916/2370/2757 2917/2371/2758
f 2919/2373/2760 2917/2371/2758 2579/2033/2427
f 2569/2023/2417 2568/2022/2416 2918/2372/2759
f 2920/2374/2684 2918/2372/2759 2919/2373/2760
f 2921/2375/2686 2919/2373/2760 2575/2029/2423
f 2922/2021/2761 3271/2516/3026 2923/2022/2762
f 2925/2024/2764 3276/2518/3106 2926/2025/2765
f 2924/2376/2763 2923/2022/2762 2928/2377/2767
f 2927/2029/2766 2926/2025/2765 2930/2378/2769
f 2929/2031/2768 2928/2377/2767 2932/2032/2771
f 2931/2033/2770 2930/2378/2769 2934/2034/2773
f 2933/2035/2772 2932/2032/2771 2936/2379/2775
f 2935/2037/2774 2934/2034/2773 2938/2380/2777
f 2937/2039/2776 2936/2379/2775 2940/2381/2779
f 2939/2041/2778 2938/2380/2777 2942/2383/2781
f 2941/2382/2780 2940/2381/2779 2944/2044/2783
f 2943/2045/2782 2942/2383/2781 2946/2046/2785
f 2945/2047/2784 2944/2044/2783 2948/2048/2787
f 2947/2049/2786 2946/2046/2785 2950/2384/2789
f 2949/2051/2788 2948/2048/2787 2952/2052/2791
f 2950/2384/2789 3370/2525/3183 2954/2361/2793
f 2955/2055/2794 3250/2506/3083 2956/2056/2795
f 2958/2386/2797 3388/2060/3200 2959/2059/2798
f 2961/2062/2800 2967/2068/2806 2962/2387/2801
f 2964/2389/2803 2969/2070/2808 2965/2064/2804
f 2967/2068/2806 2971/2072/2810 2968/2067/2807
f 2969/2070/2808 2973/2392/2812 2970/2391/2809
f 2971/2072/2810 2975/2076/2814 2972/2071/2811
f 2973/2392/2812 2977/2078/2816 2974/2073/2813
f 2975/2076/2814 2979/2393/2818 2976/2075/2815
f 2977/2078/2816 2981/2082/2820 2978/2077/2817
f 2979/2393/2818 2983/2084/2822 2980/2079/2819
f 2981/2082/2820 4273/2519/3929 2982/2081/2821
f 2983/2084/2822 2987/2396/2826 2984/2083/2823
f 2982/2081/2821 4273/2519/3929 2985/2394/2824
f 2987/2396/2826 2990/2092/2829 2988/2397/2827
f 2985/2394/2824 2992/2398/2831 2989/2089/2828
f 2990/2092/2829 2994/2399/2833 2991/2091/2830
f 2992/2398/2831 2996/2098/2835 2993/2093/2832
f 2994/2399/2833 3230/2496/3062 2995/2095/2834
f 2996/2098/2835 4274/2522/3930 2997/2097/2836
f 2998/2099/2837 3226/2101/3062 2999/2400/2838
f 3001/2401/2840 4275/2104/3132 3002/2402/2841
f 3000/2105/2839 2999/2400/2838 3004/2106/2843
f 3003/2107/2842 3002/2402/2841 3006/2108/2845
f 3005/2109/2844 3004/2106/2843 3008/2403/2847
f 3007/2111/2846 3006/2108/2845 3010/2404/2849
f 3009/2113/2848 3008/2403/2847 3012/2405/2851
f 3011/2115/2850 3010/2404/2849 3014/2406/2853
f 3013/2117/2852 3012/2405/2851 3016/2118/2855
f 3015/2119/2854 3014/2406/2853 3018/2120/2857
f 3017/2121/2856 3016/2118/2855 3020/2122/2859
f 3018/2120/2857 3025/2128/2864 3022/2407/2861
f 3021/2125/2860 3020/2122/2859 3023/2408/2862
f 3025/2128/2864 3029/2132/2868 3026/2409/2865
f 3024/2129/2863 3023/2408/2862 3027/2130/2866
f 3029/2132/2868 3033/2411/2872 3030/2131/2869
f 3028/2410/2867 3027/2130/2866 3031/2134/2870
f 3033/2411/2872 4276/2140/3931 3034/2412/2873
f 3031/2134/2870 3038/2415/2877 3035/2413/2874
f 3034/2412/2873 4276/2140/3931 3036/2139/2875
f 3038/2415/2877 3042/2146/2881 3039/2141/2878
f 3037/2414/2876 3036/2139/2875 3040/2144/2879
f 3042/2146/2881 3046/2150/2885 3043/2145/2882
f 3041/2416/2880 3040/2144/2879 3044/2148/2883
f 3046/2150/2885 3050/2154/2889 3047/2149/2886
f 3045/2151/2884 3044/2148/2883 3048/2152/2887
f 3050/2154/2889 3053/2418/2892 3051/2417/2890
f 3048/2152/2887 3055/2160/2894 3052/2155/2891
f 3053/2418/2892 3057/2419/2896 3054/2157/2893
f 3055/2160/2894 3059/2164/2898 3056/2159/2895
f 3057/2419/2896 3061/2166/2900 3058/2161/2897
f 3059/2164/2898 3063/2420/2902 3060/2163/2899
f 3061/2166/2900 3065/2170/2904 3062/2165/2901
f 3063/2420/2902 3067/2423/2905 3064/2421/2903
f 3065/2170/2904 3190/2482/3026 3066/2422/2761
f 3067/2423/2905 4277/2523/3106 3068/2424/2764
f 3069/2425/2906 3073/2427/2910 3070/2426/2907
f 3072/2177/2909 3074/2428/2911 3073/2427/2910
f 3062/2165/2901 3066/2422/2761 3074/2428/2911
f 3075/2429/2912 3069/2425/2906 3071/2175/2908
f 3077/2181/2914 3072/2177/2909 3069/2425/2906
f 3058/2161/2897 3062/2165/2901 3072/2177/2909
f 3078/2182/2915 3075/2429/2912 3076/2430/2913
f 3080/2184/2917 3077/2181/2914 3075/2429/2912
f 3054/2157/2893 3058/2161/2897 3077/2181/2914
f 3081/2185/2918 3078/2182/2915 3079/2431/2916
f 3083/2187/2920 3080/2184/2917 3078/2182/2915
f 3051/2417/2890 3054/2157/2893 3080/2184/2917
f 3084/2433/2921 3081/2185/2918 3082/2432/2919
f 3086/2190/2923 3083/2187/2920 3081/2185/2918
f 3047/2149/2886 3051/2417/2890 3083/2187/2920
f 3087/2191/2924 3084/2433/2921 3085/2189/2922
f 3089/2193/2926 3086/2190/2923 3084/2433/2921
f 3043/2145/2882 3047/2149/2886 3086/2190/2923
f 3090/2435/2927 3087/2191/2924 3088/2434/2925
f 3092/2436/2929 3089/2193/2926 3087/2191/2924
f 3039/2141/2878 3043/2145/2882 3089/2193/2926
f 3093/2437/2930 3090/2435/2927 3091/2195/2928
f 3095/2199/2932 3092/2436/2929 3090/2435/2927
f 3035/2413/2874 3039/2141/2878 3092/2436/2929
f 3096/2439/2933 3098/2440/2935 3093/2437/2930
f 3097/2202/2934 3095/2199/2932 3093/2437/2930
f 3032/2138/2871 3035/2413/2874 3095/2199/2932
f 3099/2203/2936 3100/2441/2937 3098/2440/2935
f 3100/2441/2937 3101/2442/2938 3097/2202/2934
f 3101/2442/2938 3028/2410/2867 3032/2138/2871
f 3102/2443/2939 3103/2444/2940 3100/2441/2937
f 3103/2444/2940 3104/2445/2941 3101/2442/2938
f 3104/2445/2941 3024/2129/2863 3028/2410/2867
f 3105/2446/2942 3106/2210/2943 3103/2444/2940
f 3106/2210/2943 3107/2447/2944 3104/2445/2941
f 3107/2447/2944 3021/2125/2860 3024/2129/2863
f 3108/2212/2945 3109/2213/2946 3106/2210/2943
f 3109/2213/2946 3110/2214/2947 3107/2447/2944
f 3110/2214/2947 3017/2121/2856 3021/2125/2860
f 3111/2448/2948 3112/2216/2949 3109/2213/2946
f 3112/2216/2949 3113/2217/2950 3110/2214/2947
f 3113/2217/2950 3013/2117/2852 3017/2121/2856
f 3114/2218/2951 3115/2219/2952 3112/2216/2949
f 3115/2219/2952 3116/2220/2953 3113/2217/2950
f 3116/2220/2953 3009/2113/2848 3013/2117/2852
f 3117/2221/2954 3118/2222/2955 3115/2219/2952
f 3118/2222/2955 3119/2449/2956 3116/2220/2953
f 3119/2449/2956 3005/2109/2844 3009/2113/2848
f 3120/2450/2957 3121/2225/2958 3118/2222/2955
f 3121/2225/2958 3122/2451/2959 3119/2449/2956
f 3122/2451/2959 3000/2105/2839 3005/2109/2844
f 3123/2452/2960 3124/2453/2961 3121/2225/2958
f 3124/2453/2961 3125/2454/2962 3122/2451/2959
f 3125/2454/2962 2998/2099/2837 3000/2105/2839
f 3126/2231/2963 3130/2233/2967 3127/2455/2964
f 3129/2234/2966 3131/2235/2968 3130/2233/2967
f 2991/2091/2830 2995/2095/2834 3131/2235/2968
f 3132/2236/2969 3126/2231/2963 3128/2232/2965
f 3134/2238/2971 3129/2234/2966 3126/2231/2963
f 2988/2397/2827 2991/2091/2830 3129/2234/2966
f 3135/2456/2972 3132/2236/2969 3133/2237/2970
f 3137/2458/2974 3134/2238/2971 3132/2236/2969
f 2984/2083/2823 2988/2397/2827 3134/2238/2971
f 3138/2242/2975 3135/2456/2972 3136/2457/2973
f 3140/2244/2977 3137/2458/2974 3135/2456/2972
f 2980/2079/2819 2984/2083/2823 3137/2458/2974
f 3141/2460/2978 3138/2242/2975 3139/2459/2976
f 3143/2247/2980 3140/2244/2977 3138/2242/2975
f 2976/2075/2815 2980/2079/2819 3140/2244/2977
f 3144/2462/2981 3141/2460/2978 3142/2461/2979
f 3146/2250/2983 3143/2247/2980 3141/2460/2978
f 2972/2071/2811 2976/2075/2815 3143/2247/2980
f 3147/2463/2984 3144/2462/2981 3145/2249/2982
f 3149/2465/2986 3146/2250/2983 3144/2462/2981
f 2968/2067/2807 2972/2071/2811 3146/2250/2983
f 3150/2254/2987 3147/2463/2984 3148/2464/2985
f 3152/2256/2989 3149/2465/2986 3147/2463/2984
f 2962/2387/2801 2968/2067/2807 3149/2465/2986
f 3153/2467/2990 3150/2254/2987 3151/2466/2988
f 3155/2469/2992 3152/2256/2989 3150/2254/2987
f 2963/2388/2802 2962/2387/2801 3152/2256/2989
f 3156/2470/2993 3160/2472/2997 3157/2260/2994
f 3156/2470/2993 3161/2264/2998 3159/2471/2996
f 3161/2264/2998 2955/2055/2794 2957/2265/2796
f 3162/2266/2999 3165/2474/3002 3163/2267/3000
f 3165/2474/3002 3167/2270/3004 3166/2475/3003
f 3167/2270/3004 2949/2051/2788 2953/2271/2792
f 3168/2272/3005 3169/2476/3006 3165/2474/3002
f 3169/2476/3006 3170/2274/3007 3167/2270/3004
f 3170/2274/3007 2945/2047/2784 2949/2051/2788
f 3171/2275/3008 3172/2276/3009 3169/2476/3006
f 3172/2276/3009 3173/2277/3010 3170/2274/3007
f 3173/2277/3010 2941/2382/2780 2945/2047/2784
f 3174/2278/3011 3175/2279/3012 3172/2276/3009
f 3175/2279/3012 3176/2280/3013 3173/2277/3010
f 3176/2280/3013 2937/2039/2776 2941/2382/2780
f 3177/2477/3014 3178/2478/3015 3175/2279/3012
f 3178/2478/3015 3179/2283/3016 3176/2280/3013
f 3179/2283/3016 2933/2035/2772 2937/2039/2776
f 3180/2284/3017 3181/2285/3018 3178/2478/3015
f 3181/2285/3018 3182/2286/3019 3179/2283/3016
f 3182/2286/3019 2929/2031/2768 2933/2035/2772
f 3183/2287/3020 3184/2479/3021 3181/2285/3018
f 3184/2479/3021 3185/2480/3022 3182/2286/3019
f 3185/2480/3022 2924/2376/2763 2929/2031/2768
f 3186/2290/3023 3187/2481/2910 3184/2479/3021
f 3187/2481/2910 3188/2292/3024 3185/2480/3022
f 3188/2292/3024 2922/2021/2761 2924/2376/2763
f 3189/2294/3025 3192/2295/3028 3190/2482/3026
f 3191/2483/3027 3193/2484/3029 3192/2295/3028
f 3064/2421/2903 3068/2424/2764 3193/2484/3029
f 3194/2298/3030 3189/2294/3025 3065/2170/2904
f 3195/2299/3031 3191/2483/3027 3189/2294/3025
f 3060/2163/2899 3064/2421/2903 3191/2483/3027
f 3196/2300/3032 3194/2298/3030 3061/2166/2900
f 3197/2485/3033 3195/2299/3031 3194/2298/3030
f 3056/2159/2895 3060/2163/2899 3195/2299/3031
f 3198/2302/3034 3196/2300/3032 3057/2419/2896
f 3199/2303/3035 3197/2485/3033 3196/2300/3032
f 3052/2155/2891 3056/2159/2895 3197/2485/3033
f 3200/2304/3036 3198/2302/3034 3053/2418/2892
f 3201/2305/3037 3199/2303/3035 3198/2302/3034
f 3049/2156/2888 3052/2155/2891 3199/2303/3035
f 3202/2306/3038 3200/2304/3036 3050/2154/2889
f 3203/2307/3039 3201/2305/3037 3200/2304/3036
f 3045/2151/2884 3049/2156/2888 3201/2305/3037
f 3042/2146/2881 3204/2308/3040 3202/2306/3038
f 3204/2308/3040 3205/2486/3041 3203/2307/3039
f 3205/2486/3041 3041/2416/2880 3045/2151/2884
f 3038/2415/2877 3206/2487/3042 3204/2308/3040
f 3206/2487/3042 3207/2311/3043 3205/2486/3041
f 3207/2311/3043 3037/2414/2876 3041/2416/2880
f 3208/2312/3044 3206/2487/3042 3038/2415/2877
f 3209/2488/3045 3207/2311/3043 3206/2487/3042
f 3209/2488/3045 3034/2412/2873 3037/2414/2876
f 3027/2130/2866 3211/2314/3047 3208/2312/3044
f 3210/2315/3046 3209/2488/3045 3208/2312/3044
f 3030/2131/2869 3034/2412/2873 3209/2488/3045
f 3212/2489/3048 3211/2314/3047 3027/2130/2866
f 3213/2317/3049 3210/2315/3046 3211/2314/3047
f 3026/2409/2865 3030/2131/2869 3210/2315/3046
f 3214/2318/3050 3212/2489/3048 3023/2408/2862
f 3215/2319/3051 3213/2317/3049 3212/2489/3048
f 3022/2407/2861 3026/2409/2865 3213/2317/3049
f 3216/2320/3052 3214/2318/3050 3020/2122/2859
f 3217/2321/3053 3215/2319/3051 3214/2318/3050
f 3019/2124/2858 3022/2407/2861 3215/2319/3051
f 3218/2490/3054 3216/2320/3052 3016/2118/2855
f 3218/2490/3054 3219/2491/3055 3217/2321/3053
f 3219/2491/3055 3015/2119/2854 3019/2124/2858
f 3008/2403/2847 3220/2492/3056 3218/2490/3054
f 3220/2492/3056 3221/2493/3057 3219/2491/3055
f 3221/2493/3057 3011/2115/2850 3015/2119/2854
f 3004/2106/2843 3222/2326/3058 3220/2492/3056
f 3222/2326/3058 3223/2494/3059 3221/2493/3057
f 3223/2494/3059 3007/2111/2846 3011/2115/2850
f 2999/2400/2838 3224/2328/3060 3222/2326/3058
f 3224/2328/3060 3225/2329/3061 3223/2494/3059
f 3225/2329/3061 3003/2107/2842 3007/2111/2846
f 3226/2101/3062 3227/2330/3063 3224/2328/3060
f 3227/2330/3063 3228/2331/3064 3225/2329/3061
f 3228/2331/3064 3001/2401/2840 3003/2107/2842
f 2994/2399/2833 3231/2333/3065 3229/2495/3063
f 3231/2333/3065 3233/2497/3066 3232/2334/3064
f 2993/2093/2832 2997/2097/2836 3232/2334/3064
f 3234/2336/3067 3231/2333/3065 2994/2399/2833
f 3235/2498/3068 3233/2497/3066 3231/2333/3065
f 2989/2089/2828 2993/2093/2832 3233/2497/3066
f 3236/2338/3069 3234/2336/3067 2990/2092/2829
f 3237/2499/3070 3235/2498/3068 3234/2336/3067
f 2986/2395/2825 2989/2089/2828 3235/2498/3068
f 3238/2340/3071 3236/2338/3069 2987/2396/2826
f 3238/2340/3071 3239/2500/3072 3237/2499/3070
f 3239/2500/3072 2982/2081/2821 2986/2395/2825
f 3240/2342/3073 3238/2340/3071 2983/2084/2822
f 3240/2342/3073 3241/2501/3074 3239/2500/3072
f 2978/2077/2817 2982/2081/2821 3239/2500/3072
f 3242/2344/3075 3240/2342/3073 2979/2393/2818
f 3243/2502/3076 3241/2501/3074 3240/2342/3073
f 2974/2073/2813 2978/2077/2817 3241/2501/3074
f 3244/2346/3077 3242/2344/3075 2975/2076/2814
f 3245/2503/3078 3243/2502/3076 3242/2344/3075
f 2970/2391/2809 2974/2073/2813 3243/2502/3076
f 3246/2348/3079 3244/2346/3077 2971/2072/2810
f 3247/2349/3080 3245/2503/3078 3244/2346/3077
f 2965/2064/2804 2970/2391/2809 3245/2503/3078
f 3248/2504/3081 3246/2348/3079 2967/2068/2806
f 3249/2505/3082 3247/2349/3080 3246/2348/3079
f 2966/2390/2805 2965/2064/2804 3247/2349/3080
f 3250/2506/3083 3252/2507/3085 3251/2352/3084
f 3252/2507/3085 3254/2509/3087 3253/2508/3086
f 3254/2509/3087 2958/2386/2797 2960/2356/2799
f 2948/2048/2787 3256/2358/3089 3255/2510/3088
f 3256/2358/3089 3258/2360/3091 3257/2511/3090
f 3258/2360/3091 2951/2385/2790 2954/2361/2793
f 2944/2044/2783 3259/2362/3092 3256/2358/3089
f 3259/2362/3092 3260/2512/3093 3258/2360/3091
f 3260/2512/3093 2947/2049/2786 2951/2385/2790
f 2940/2381/2779 3261/2364/3094 3259/2362/3092
f 3261/2364/3094 3262/2365/3095 3260/2512/3093
f 3262/2365/3095 2943/2045/2782 2947/2049/2786
f 2936/2379/2775 3264/2366/3097 3261/2364/3094
f 3263/2367/3096 3262/2365/3095 3261/2364/3094
f 2939/2041/2778 2943/2045/2782 3262/2365/3095
f 2932/2032/2771 3265/2368/3098 3264/2366/3097
f 3265/2368/3098 3266/2513/3099 3263/2367/3096
f 3266/2513/3099 2935/2037/2774 2939/2041/2778
f 2928/2377/2767 3267/2514/3100 3265/2368/3098
f 3267/2514/3100 3268/2515/3101 3266/2513/3099
f 3268/2515/3101 2931/2033/2770 2935/2037/2774
f 2923/2022/2762 3269/2372/3102 3267/2514/3100
f 3269/2372/3102 3270/2373/3103 3268/2515/3101
f 3270/2373/3103 2927/2029/2766 2931/2033/2770
f 3271/2516/3026 3272/2374/3104 3269/2372/3102
f 3272/2374/3104 3273/2517/3029 3270/2373/3103
f 3273/2517/3029 2925/2024/2764 2927/2029/2766
f 3338/2281/3156 3177/2477/3014 3174/2278/3011
f 2572/2026/2420 2571/2025/2419 3278/2025/3108
f 4278/2025/2419 3279/2030/3109 2930/2378/2769
f 2576/2030/2424 2580/2034/2428 3280/2034/3110
f 3282/2038/3112 2938/2380/2777 2934/2034/2773
f 2588/2042/2436 3285/2383/2781 4279/2380/2777
f 2818/2272/2663 2821/2275/2666 3283/2275/3113
f 2592/2046/2440 3288/2046/2785 3285/2383/2781
f 2818/2272/2663 3284/2272/3114 3286/2266/3115
f 4280/2046/2440 3290/2050/3118 2950/2384/2789
f 3289/2054/3117 3370/2525/3183 2950/2384/2789
f 2606/2060/2454 2605/2059/2453 3291/2059/3119
f 2804/2258/2649 2806/2260/2651 3293/2260/2994
f 2616/2070/2464 3296/2070/3122 3295/2389/3121
f 2620/2074/2468 3298/2392/3124 3296/2070/3122
f 2620/2074/2468 2624/2078/2472 3297/2078/3123
f 2795/2249/2640 3348/2249/3165 4281/2461/3932
f 2624/2078/2472 2628/2082/2476 3301/2082/2820
f 2628/2082/2476 2632/2086/2480 3302/2519/3127
f 4282/2086/3933 3306/2090/3129 3305/2394/3128
f 2640/2094/2488 3307/2398/3130 4283/2394/3128
f 2644/2098/2492 3356/2098/3172 3307/2398/3130
f 2650/2104/2497 2649/2103/2496 3308/2402/3131
f 2649/2103/2496 2654/2108/2501 3310/2108/3133
f 2654/2108/2501 2658/2112/2505 3311/2404/3134
f 2764/2218/2610 3344/2218/3161 3312/2448/3135
f 2662/2116/2509 3314/2406/3137 3311/2404/3134
f 2758/2212/2604 2761/2215/2607 3312/2448/3135
f 2666/2120/2513 3318/2120/2857 3314/2406/3137
f 2758/2212/2604 3313/2212/3136 4284/2446/3139
f 2674/2128/2521 3322/2128/3142 3318/2120/2857
f 4285/2206/2598 3317/2209/3138 3316/2446/2942
f 2674/2128/2521 2678/2132/2525 3321/2132/3141
f 2682/2136/2529 3324/2411/3144 3321/2132/3141
f 2682/2136/2529 2686/2140/2533 3323/2140/3143
f 2686/2140/2533 2685/2139/2532 3325/2139/3145
f 2685/2139/2532 2690/2144/2537 3326/2144/3146
f 2694/2148/2541 3328/2148/3148 3326/2144/3146
f 2694/2148/2541 2698/2152/2545 3327/2152/3147
f 2698/2152/2545 2706/2160/2553 3329/2160/3149
f 2706/2160/2553 2710/2164/2557 3330/2164/3150
f 3332/2168/2561 3063/2420/2902 3059/2164/2898
f 3331/2172/3151 3067/2423/2905 3063/2420/2902
f 2744/2198/2590 3357/2438/3173 3333/2195/2928
f 2726/2180/2572 2729/2183/2575 3362/2431/3177
f 2836/2290/2565 4286/2290/3023 3335/2287/3153
f 2833/2287/2678 3335/2287/3153 3336/2284/3154
f 2830/2284/2675 3336/2284/3154 4287/2477/3934
f 2821/2275/2666 2824/2278/2669 3274/2278/3105
f 3383/2473/3196 2812/2266/2657 3286/2266/3115
f 3339/2473/3157 3164/2473/3001 3340/2520/3158
f 2749/2203/2595 3343/2203/2936 3342/2439/3160
f 2749/2203/2595 2752/2206/2598 3320/2443/3140
f 2767/2221/2613 3345/2221/3162 3344/2218/3161
f 2770/2224/2616 3346/2450/3163 3345/2221/3162
f 2773/2227/2619 4288/2452/3170 3346/2450/3163
f 3389/2255/3201 3151/2466/2988 3148/2464/2985
f 2795/2249/2640 2798/2252/2643 3347/2464/3164
f 3300/2246/3126 3142/2461/2979 3139/2459/2976
f 4289/2240/2631 3349/2243/2634 3139/2459/2976
f 2783/2237/2628 2786/2240/2631 3351/2457/3167
f 2778/2232/2624 2783/2237/2628 3352/2237/3168
f 2778/2232/2624 3353/2232/3169 3354/2455/3170
f 2644/2098/2492 4271/2522/2497 3355/2522/3171
f 2746/2200/2592 3342/2439/3160 3357/2438/3173
f 2741/2195/2587 3333/2195/2928 4290/2434/2925
f 3359/2192/2584 3088/2434/2925 3085/2189/2922
f 2735/2189/2581 3360/2189/3175 3361/2432/3176
f 2729/2183/2575 2732/2186/2578 3361/2432/3176
f 4291/2175/3935 3334/2180/3152 3076/2430/2913
f 2719/2173/2565 2721/2175/2567 3364/2175/3179
f 3366/2523/3180 4277/2523/3106 3067/2423/2905
f 3341/2521/3159 3340/2520/3158 3158/2262/2995
f 2600/2054/2448 3385/2537/3198 4292/2524/3936
f 3257/2511/3090 2954/2361/2793 3371/2526/3184
f 3255/2510/3088 3257/2511/3090 3372/2527/3185
f 2952/2052/2791 3255/2510/3088 3373/2528/3186
f 3166/2475/3003 2953/2271/2792 3375/2530/3188
f 3163/2267/3000 3166/2475/3003 3376/2531/3189
f 3164/2473/3001 3163/2267/3000 3377/2532/3190
f 2954/2361/2793 3370/2525/3183 3369/2524/3182
f 2953/2271/2792 2952/2052/2791 3374/2529/3187
f 2905/2359/2746 3379/2533/3192 3378/2526/3191
f 2903/2357/2744 3380/2528/3193 3379/2533/3192
f 2598/2052/2446 3386/2538/3199 3380/2528/3193
f 2815/2269/2660 3382/2535/3195 3381/2534/3194
f 2813/2267/2658 3384/2536/3197 3382/2535/3195
f 3383/2473/3196 3367/2521/3159 3384/2536/3197
f 2907/2361/2748 3378/2526/3191 3385/2537/3198
f 2817/2271/2662 3381/2534/3194 3386/2538/3199
f 2808/2262/2653 3368/2262/3181 3293/2260/2994
f 3385/2537/3198 2606/2060/2454 3292/2060/3120
f 3372/2527/3185 3371/2526/3184 2958/2386/2797
f 3373/2528/3186 3372/2527/3185 3254/2509/3087
f 3374/2529/3187 3373/2528/3186 3252/2507/3085
f 3376/2531/3189 3375/2530/3188 2955/2055/2794
f 3377/2532/3190 3376/2531/3189 3161/2264/2998
f 3340/2520/3158 3377/2532/3190 3156/2470/2993
f 3371/2526/3184 3369/2524/3182 3388/2060/3200
f 3375/2530/3188 3374/2529/3187 3250/2506/3083
f 3379/2533/3192 2901/2355/2742 2604/2058/2452
f 3380/2528/3193 2899/2353/2740 2901/2355/2742
f 3386/2538/3199 2603/2057/2451 2899/2353/2740
f 3382/2535/3195 2810/2264/2655 2601/2055/2449
f 3384/2536/3197 2807/2261/2652 2810/2264/2655
f 3367/2521/3159 2808/2262/2653 2807/2261/2652
f 3378/2526/3191 2604/2058/2452 2606/2060/2454
f 3381/2534/3194 2601/2055/2449 2603/2057/2451
f 4293/2065/2459 2964/2389/2803 2959/2059/2798
f 2801/2255/2646 2804/2258/2649 3294/2468/2991
f 2960/2356/2799 2966/2390/2805 3249/2505/3082
f 3253/2508/3086 3249/2505/3082 3248/2504/3081
f 3251/2352/3084 3248/2504/3081 2961/2062/2800
f 2957/2265/2796 2963/2388/2802 3155/2469/2992
f 3159/2471/2996 3155/2469/2992 3153/2467/2990
f 3160/2472/2997 3153/2467/2990 3154/2468/2991
f 2959/2059/2798 2964/2389/2803 2966/2390/2805
f 2956/2056/2795 2961/2062/2800 2963/2388/2802
f 2897/2351/2738 2612/2066/2460 2902/2356/2743
f 2896/2350/2737 2897/2351/2738 2900/2354/2741
f 2608/2062/2456 2896/2350/2737 2898/2352/2739
f 2805/2259/2650 2609/2063/2457 2811/2265/2656
f 2803/2257/2648 2805/2259/2650 2809/2263/2654
f 2804/2258/2649 2803/2257/2648 3390/2472/3202
f 2612/2066/2460 2611/2065/2459 2605/2059/2453
f 2609/2063/2457 2608/2062/2456 2602/2056/2450
f 3391/2539/3203 3395/2539/3207 3392/2539/3204
f 3391/2539/3203 3425/2539/3237 3394/2539/3206
f 3396/2539/3208 3400/2539/3212 3397/2539/3209
f 3399/2539/3211 3402/2539/3214 3400/2539/3212
f 3401/2539/3213 3507/2539/3301 3402/2539/3214
f 3403/2539/3215 3407/2539/3219 3404/2539/3216
f 3406/2539/3218 3409/2539/3221 3404/2539/3216
f 3406/2539/3218 3411/2539/3223 3408/2539/3220
f 3410/2539/3222 3413/2539/3225 3408/2539/3220
f 3412/2539/3224 3415/2539/3227 3413/2539/3225
f 3414/2539/3226 3417/2539/3229 3415/2539/3227
f 3416/2539/3228 3419/2539/3231 3417/2539/3229
f 3416/2539/3228 3528/2539/3322 3418/2539/3230
f 3420/2539/3232 3459/2539/3265 3421/2539/3233
f 3422/2539/3234 3421/2539/3233 3423/2539/3235
f 3425/2539/3237 3398/2539/3210 3397/2539/3209
f 3426/2539/3238 3463/2539/3268 3427/2539/3239
f 3427/2539/3239 3463/2539/3268 3429/2539/3241
f 3429/2539/3241 3506/2539/3300 3431/2539/3243
f 3432/2539/3244 3454/2539/3262 3433/2539/3245
f 3433/2539/3245 3454/2539/3262 3435/2539/3247
f 3435/2539/3247 3438/2539/3250 3437/2539/3249
f 3438/2539/3250 3440/2539/3252 3439/2539/3251
f 3440/2539/3252 3442/2539/3254 3441/2539/3253
f 3442/2539/3254 3451/2539/3260 3443/2539/3255
f 3443/2539/3255 3451/2539/3260 3444/2539/3256
f 3444/2539/3256 3452/2539/3261 3446/2539/3258
f 3447/2539/3259 3442/2539/3254 3440/2539/3252
f 3449/2539/3259 3451/2539/3260 3442/2539/3254
f 3450/2539/3259 3444/2539/3256 3451/2539/3260
f 3450/2539/3259 3511/2539/3305 3452/2539/3261
f 3453/2539/3259 3435/2539/3247 3454/2539/3262
f 3456/2539/3259 3438/2539/3250 3435/2539/3247
f 3456/2539/3259 3448/2539/3259 3440/2539/3252
f 3457/2539/3263 3423/2539/3235 3421/2539/3233
f 3458/2539/3264 3421/2539/3233 3459/2539/3265
f 3461/2539/3267 3506/2539/3300 3429/2539/3241
f 3462/2539/3259 3429/2539/3241 3463/2539/3268
f 3465/2539/3259 3464/2539/3259 3463/2539/3268
f 3455/2539/3259 3454/2539/3262 3432/2539/3244
f 3423/2539/3235 3426/2539/3238 3428/2539/3240
f 3467/2539/3270 3481/2539/3270 3468/2539/3271
f 3470/2539/3270 3467/2539/3270 3469/2539/3272
f 3470/2539/3270 3471/2539/3273 3472/2539/3274
f 3473/2539/3270 3472/2539/3274 3474/2539/3275
f 3476/2539/3270 3505/2539/3270 3477/2539/3277
f 3479/2539/3270 3476/2539/3270 3478/2539/3278
f 3481/2539/3270 3479/2539/3270 3480/2539/3279
f 3482/2539/3280 3501/2539/3296 3483/2539/3281
f 3485/2539/3283 3512/2539/3306 3486/2539/3284
f 3488/2539/3286 3491/2539/3270 3489/2539/3287
f 3491/2539/3270 3494/2539/3270 3492/2539/3289
f 3493/2539/3270 3508/2539/3302 3492/2539/3289
f 3488/2539/3286 3490/2539/3288 3495/2539/3290
f 3457/2539/3263 3465/2539/3259 3426/2539/3238
f 3497/2539/3292 3502/2539/3297 3498/2539/3293
f 3500/2539/3295 3475/2539/3276 3474/2539/3275
f 3501/2539/3296 3485/2539/3283 3487/2539/3285
f 3460/2539/3266 3459/2539/3265 3502/2539/3297
f 3502/2539/3297 3459/2539/3265 3420/2539/3232
f 3393/2539/3205 3392/2539/3204 3503/2539/3298
f 3505/2539/3270 3496/2539/3291 3495/2539/3290
f 3461/2539/3267 3466/2539/3269 3432/2539/3244
f 3506/2539/3300 3432/2539/3244 3434/2539/3246
f 3403/2539/3215 3405/2539/3217 3507/2539/3301
f 3482/2539/3280 3484/2539/3282 3508/2539/3302
f 3509/2539/3303 3522/2539/3316 3403/2539/3215
f 3490/2539/3288 3431/2539/3243 3434/2539/3246
f 3510/2539/3304 3527/2539/3321 3393/2539/3205
f 3486/2539/3284 3498/2539/3293 3420/2539/3232
f 3511/2539/3305 3500/2539/3295 3446/2539/3258
f 3512/2539/3306 3499/2539/3294 3498/2539/3293
f 3484/2539/3282 3424/2539/3236 3428/2539/3240
f 3445/2539/3257 3446/2539/3258 3474/2539/3275
f 3443/2539/3255 3445/2539/3257 3472/2539/3274
f 3469/2539/3272 3441/2539/3253 3443/2539/3255
f 3468/2539/3271 3439/2539/3251 3441/2539/3253
f 3437/2539/3249 3439/2539/3251 3468/2539/3271
f 3478/2539/3278 3436/2539/3248 3437/2539/3249
f 3433/2539/3245 3436/2539/3248 3478/2539/3278
f 3434/2539/3246 3433/2539/3245 3477/2539/3277
f 3430/2539/3242 3431/2539/3243 3490/2539/3288
f 3427/2539/3239 3430/2539/3242 3489/2539/3287
f 3428/2539/3240 3427/2539/3239 3492/2539/3289
f 3513/2539/3307 3525/2539/3319 3398/2539/3210
f 3422/2539/3234 3424/2539/3236 3484/2539/3282
f 3420/2539/3232 3422/2539/3234 3483/2539/3281
f 3514/2539/3308 3528/2539/3322 3416/2539/3228
f 3515/2539/3309 3416/2539/3228 3414/2539/3226
f 3516/2539/3310 3414/2539/3226 3412/2539/3224
f 3517/2539/3311 3412/2539/3224 3410/2539/3222
f 3518/2539/3312 3410/2539/3222 3411/2539/3223
f 3520/2539/3314 3519/2539/3313 3411/2539/3223
f 3520/2539/3314 3406/2539/3218 3407/2539/3219
f 3521/2539/3315 3407/2539/3219 3403/2539/3215
f 3523/2539/3317 3509/2539/3303 3401/2539/3213
f 3524/2539/3318 3523/2539/3317 3399/2539/3211
f 3524/2539/3318 3396/2539/3208 3398/2539/3210
f 3513/2539/3307 3425/2539/3237 3391/2539/3203
f 3526/2539/3320 3391/2539/3203 3393/2539/3205
f 3510/2539/3304 3504/2539/3299 3499/2539/3294
f 3528/2539/3322 3500/2539/3295 3511/2539/3305
f 3513/2539/3307 3482/2539/3280 3493/2539/3270
f 3507/2539/3301 3405/2539/3217 3466/2539/3269
f 3521/2539/3315 3522/2539/3316 3496/2539/3291
f 3392/2539/3204 3460/2539/3266 3497/2539/3292
f 3526/2539/3320 3527/2539/3321 3485/2539/3283
f 3514/2539/3308 3475/2539/3276 3500/2539/3295
f 3503/2539/3298 3497/2539/3292 3499/2539/3294
f 3394/2539/3206 3397/2539/3209 3465/2539/3259
f 3509/2539/3303 3488/2539/3286 3496/2539/3291
f 3525/2539/3319 3493/2539/3270 3494/2539/3270
f 3523/2539/3317 3524/2539/3318 3494/2539/3270
f 3509/2539/3303 3523/2539/3317 3491/2539/3270
f 3527/2539/3321 3510/2539/3304 3512/2539/3306
f 3513/2539/3307 3526/2539/3320 3501/2539/3296
f 3518/2539/3312 3519/2539/3313 3479/2539/3270
f 3519/2539/3313 3520/2539/3314 3476/2539/3270
f 3520/2539/3314 3521/2539/3315 3505/2539/3270
f 3515/2539/3309 3473/2539/3270 3475/2539/3276
f 3516/2539/3310 3470/2539/3270 3473/2539/3270
f 3516/2539/3310 3517/2539/3311 3467/2539/3270
f 3518/2539/3312 3481/2539/3270 3467/2539/3270
f 3404/2539/3216 3455/2539/3259 3466/2539/3269
f 3397/2539/3209 3400/2539/3212 3464/2539/3259
f 3402/2539/3214 3462/2539/3259 3464/2539/3259
f 3507/2539/3301 3461/2539/3267 3462/2539/3259
f 3395/2539/3207 3458/2539/3264 3460/2539/3266
f 3394/2539/3206 3457/2539/3263 3458/2539/3264
f 3413/2539/3225 3448/2539/3259 3456/2539/3259
f 3408/2539/3220 3456/2539/3259 3453/2539/3259
f 3409/2539/3221 3453/2539/3259 3455/2539/3259
f 3419/2539/3231 3418/2539/3230 3511/2539/3305
f 3419/2539/3231 3450/2539/3259 3449/2539/3259
f 3417/2539/3229 3449/2539/3259 3447/2539/3259
f 3413/2539/3225 3415/2539/3227 3447/2539/3259
f 3529/2540/3323 3549/2560/3343 3530/2541/3324
f 3532/2543/3326 4180/3191/3611 3529/2540/3323
f 3533/2544/3327 4097/3108/3813 3534/2545/3328
f 3536/2547/3330 3541/2552/3335 3537/2548/3331
f 3537/2548/3331 4187/3198/3623 3539/2550/3333
f 3540/2551/3334 4294/3248/3937 3541/2552/3335
f 3542/2553/3336 3572/2583/3366 3543/2554/3337
f 3545/2556/3339 3597/2608/3391 3546/2557/3340
f 3546/2557/3340 4182/3193/3876 3548/2559/3342
f 3549/2560/3343 4192/3203/3884 3550/2561/3344
f 3551/2562/3345 3555/2566/3349 3552/2563/3346
f 3554/2565/3348 4178/3189/3873 3551/2562/3345
f 3555/2566/3349 4294/3248/3937 3540/2551/3334
f 3556/2567/3350 4011/3022/3737 3557/2568/3351
f 3559/2570/3353 4092/3103/3808 3560/2571/3354
f 3562/2573/3356 3673/2684/3460 3563/2574/3357
f 3565/2576/3359 3808/2819/3574 3566/2577/3360
f 3568/2579/3362 4044/3055/3764 3569/2580/3363
f 3542/2553/3336 3677/2688/3464 3571/2582/3365
f 3573/2584/3367 3679/2690/3465 3574/2585/3368
f 3534/2545/3328 4097/3108/3813 3576/2587/3370
f 3578/2589/3372 4052/3063/3772 3579/2590/3373
f 3581/2592/3375 3632/2643/3420 3582/2593/3376
f 3584/2595/3378 3641/2652/3429 3585/2596/3379
f 3587/2598/3381 3723/2734/3499 3588/2599/3382
f 3590/2601/3384 3646/2657/3434 3591/2602/3385
f 3593/2604/3387 4010/3021/3736 3594/2605/3388
f 3596/2607/3390 4188/3199/3880 3597/2608/3391
f 3598/2609/3392 3763/2774/3536 3599/2610/3393
f 3601/2612/3395 3998/3009/3725 3550/2561/3344
f 3603/2614/3397 3601/2612/3395 3602/2613/3396
f 3605/2616/3399 3595/2606/3389 3603/2614/3397
f 3596/2607/3390 3593/2604/3387 3595/2606/3389
f 3606/2617/3400 4013/3024/3739 3539/2550/3333
f 3608/2619/3402 3615/2626/3363 3609/2620/3403
f 3611/2622/3405 3779/2790/3549 3612/2623/3406
f 3614/2625/3407 3991/3002/3407 3615/2626/3363
f 3580/2591/3374 3579/2590/3373 3616/2627/3408
f 3618/2629/3408 4005/3016/3373 3606/2617/3400
f 3619/2630/3259 3767/2778/3540 3620/2631/3410
f 3622/2633/3412 4005/3016/3373 3618/2629/3408
f 3570/2581/3364 3569/2580/3363 3624/2635/3402
f 3609/2620/3403 4009/3020/3735 3548/2559/3342
f 3626/2637/3414 3633/2644/3421 3627/2638/3415
f 3560/2571/3354 3626/2637/3414 3628/2639/3416
f 3586/2597/3380 3585/2596/3379 3629/2640/3417
f 3631/2642/3419 4193/3204/3885 3632/2643/3420
f 3633/2644/3421 4104/3115/3818 3634/2645/3422
f 3635/2646/3423 4079/3090/3795 3636/2647/3424
f 3532/2543/3326 4015/3026/3741 3570/2581/3364
f 3544/2555/3338 3543/2554/3337 3638/2649/3426
f 3584/2595/3378 3715/2726/3492 3640/2651/3428
f 3642/2653/3430 3533/2544/3327 3535/2546/3329
f 3554/2565/3348 4008/3019/3734 3580/2591/3374
f 3643/2654/3431 3815/2826/3580 3644/2655/3432
f 3645/2656/3433 3714/2725/3491 3646/2657/3434
f 3647/2658/3435 3666/2677/3454 3648/2659/3436
f 3648/2659/3436 4155/3166/3856 3650/2661/3438
f 3651/2662/3439 3737/2748/3512 3652/2663/3440
f 3654/2665/3442 3658/2669/3446 3655/2666/3443
f 3657/2668/3445 4165/3176/3864 3654/2665/3442
f 3658/2669/3446 4295/3249/3938 3659/2670/3447
f 3660/2671/3448 3722/2733/3498 3587/2598/3381
f 3661/2672/3449 3688/2699/3473 3662/2673/3450
f 3664/2675/3452 4157/3168/3858 3661/2672/3449
f 3665/2676/3453 4170/3181/3867 3666/2677/3454
f 3667/2678/3455 3671/2682/3459 3668/2679/3456
f 3668/2679/3456 4153/3164/3854 3670/2681/3458
f 3659/2670/3447 4295/3249/3938 3671/2682/3459
f 3672/2683/3356 3873/2884/3460 3673/2684/3460
f 3674/2685/3461 3562/2573/3356 3564/2575/3358
f 3676/2687/3463 4141/3152/3847 3571/2582/3365
f 3678/2689/3367 3830/2841/3465 3679/2690/3465
f 3680/2691/3466 3573/2584/3367 3575/2586/3369
f 3682/2693/3468 4173/3184/3571 3683/2694/3407
f 3685/2696/3470 3696/2707/3481 3686/2697/3471
f 3688/2699/3473 4166/3177/3865 3689/2700/3474
f 3652/2663/3440 3757/2768/3531 3690/2701/3475
f 3665/2676/3453 3799/2810/3567 3691/2702/3476
f 3692/2703/3477 3691/2702/3476 3693/2704/3478
f 3695/2706/3480 3694/2705/3479 3693/2704/3478
f 3689/2700/3474 3695/2706/3480 3696/2707/3481
f 3657/2668/3445 3734/2745/3509 3697/2708/3482
f 3699/2710/3484 3710/2721/3487 3700/2711/3356
f 3701/2712/3356 3700/2711/3356 3702/2713/3460
f 3678/2689/3367 3573/2584/3367 3680/2691/3466
f 3698/2709/3483 3697/2708/3482 3705/2716/3367
f 3707/2718/3465 3706/2717/3367 3705/2716/3367
f 3709/2720/3486 3672/2683/3356 3562/2573/3356
f 3664/2675/3452 3745/2756/3520 3710/2721/3487
f 3711/2722/3488 3734/2745/3509 3712/2723/3489
f 3630/2641/3418 3629/2640/3417 3714/2725/3491
f 3674/2685/3461 3723/2734/3499 3650/2661/3438
f 3639/2650/3427 3638/2649/3426 3635/2646/3423
f 3680/2691/3466 3757/2768/3531 3670/2681/3458
f 3715/2726/3492 3567/2578/3361 3566/2577/3360
f 3716/2727/3493 3719/2730/3495 3717/2728/3494
f 3719/2730/3495 3783/2794/3553 3720/2731/3496
f 3721/2732/3497 3799/2810/3567 3722/2733/3498
f 3675/2686/3462 3588/2599/3382 3723/2734/3499
f 3724/2735/3500 3730/2741/3505 3725/2736/3442
f 3726/2737/3501 3725/2736/3442 3727/2738/3502
f 3729/2740/3504 4296/3250/3939 3730/2741/3505
f 3731/2742/3506 3745/2756/3520 3732/2743/3507
f 3734/2745/3509 3711/2722/3488 3735/2746/3510
f 3736/2747/3511 4172/3183/3869 3737/2748/3512
f 3738/2749/3513 3801/2812/3473 3739/2750/3514
f 3740/2751/3515 3739/2750/3514 3741/2752/3516
f 3743/2754/3518 3685/2696/3470 3687/2698/3472
f 3745/2756/3520 3731/2742/3506 3746/2757/3521
f 3747/2758/3522 3750/2761/3524 3748/2759/3456
f 3750/2761/3524 3784/2795/3554 3751/2762/3525
f 3752/2763/3526 3747/2758/3522 3749/2760/3523
f 3754/2765/3528 4147/3158/3851 3755/2766/3529
f 3681/2692/3467 3690/2701/3475 3757/2768/3531
f 3758/2769/3532 3765/2776/3538 3759/2770/3533
f 3705/2716/3367 3769/2780/3542 3761/2772/3535
f 3624/2635/3402 3569/2580/3363 3683/2694/3407
f 3763/2774/3536 4063/3074/3559 3764/2775/3537
f 3765/2776/3538 3855/2866/3259 3766/2777/3539
f 3767/2778/3540 3781/2792/3551 3768/2779/3541
f 3697/2708/3482 3735/2746/3510 3769/2780/3542
f 3770/2781/3543 3777/2788/3547 3771/2782/3544
f 3700/2711/3356 3780/2791/3550 3773/2784/3546
f 3616/2627/3408 3579/2590/3373 3774/2785/3412
f 3776/2787/3270 3910/2921/3594 3777/2788/3547
f 3778/2789/3548 3785/2796/3555 3779/2790/3549
f 3710/2721/3487 3746/2757/3521 3780/2791/3550
f 3781/2792/3551 3728/2739/3503 3727/2738/3502
f 3712/2723/3489 3802/2813/3569 3782/2793/3552
f 3783/2794/3553 3758/2769/3532 3760/2771/3534
f 3772/2783/3545 3771/2782/3544 3751/2762/3525
f 3742/2753/3517 3741/2752/3516 3785/2796/3555
f 3732/2743/3507 3743/2754/3518 3744/2755/3519
f 3786/2797/3556 3792/2803/3561 3787/2798/3557
f 3592/2603/3386 3591/2602/3385 3789/2800/3537
f 3791/2802/3560 4297/3251/3564 3792/2803/3561
f 3696/2707/3481 3693/2704/3478 3793/2804/3562
f 3794/2805/3563 3797/2808/3565 3795/2806/3561
f 3691/2702/3476 3800/2811/3568 3793/2804/3562
f 3797/2808/3565 3803/2814/3570 3798/2809/3566
f 3799/2810/3567 3721/2732/3497 3800/2811/3568
f 3788/2799/3558 3787/2798/3557 3801/2812/3473
f 3802/2813/3569 4172/3183/3869 3736/2747/3511
f 3803/2814/3570 3716/2727/3493 3718/2729/3454
f 3804/2815/3571 4298/3252/3940 3805/2816/3572
f 3806/2817/3573 4176/3187/3871 3775/2786/3412
f 3755/2766/3529 4147/3158/3851 3808/2819/3574
f 3577/2588/3371 3576/2587/3370 3809/2820/3575
f 3811/2822/3577 4159/3170/3860 3707/2718/3465
f 3813/2824/3579 4163/3174/3406 3703/2714/3460
f 3600/2611/3394 3644/2655/3432 3815/2826/3580
f 3816/2827/3581 4141/3152/3847 3676/2687/3463
f 3673/2684/3460 4151/3162/3578 3818/2829/3583
f 3819/2830/3584 3890/2901/3644 3820/2831/3585
f 3679/2690/3465 4152/3163/3578 3822/2833/3587
f 3823/2834/3588 3904/2915/3571 3824/2835/3589
f 3634/2645/3422 4104/3115/3818 3754/2765/3528
f 3826/2837/3591 3903/2914/3652 3827/2838/3592
f 3829/2840/3594 3813/2824/3579 3814/2825/3578
f 3818/2829/3583 4151/3162/3578 3708/2719/3465
f 3831/2842/3595 3806/2817/3573 3807/2818/3571
f 3832/2843/3596 3910/2921/3594 3776/2787/3270
f 3834/2845/3598 3612/2623/3406 3835/2846/3599
f 3834/2845/3598 3872/2883/3629 3613/2624/3270
f 3837/2848/3601 3866/2877/3343 3716/2727/3493
f 3838/2849/3602 3788/2799/3558 3738/2749/3513
f 3840/2851/3603 3837/2848/3601 3803/2814/3570
f 3841/2852/3604 3840/2851/3603 3797/2808/3565
f 3842/2853/3605 3791/2802/3560 3786/2797/3556
f 3843/2854/3606 3786/2797/3556 3788/2799/3558
f 3844/2855/3607 3742/2753/3517 3778/2789/3548
f 3846/2857/3609 3772/2783/3545 3784/2795/3554
f 3848/2859/3611 3856/2867/3618 3758/2769/3532
f 3849/2860/3612 3864/2875/3623 3728/2739/3503
f 3845/2856/3608 3778/2789/3548 3611/2622/3405
f 3851/2862/3614 3776/2787/3270 3770/2781/3543
f 3852/2863/3615 3770/2781/3543 3772/2783/3545
f 3853/2864/3616 3849/2860/3612 3781/2792/3551
f 3854/2865/3617 3911/2922/3572 3855/2866/3259
f 3856/2867/3618 3854/2865/3617 3765/2776/3538
f 3857/2868/3619 3859/2870/3349 3747/2758/3522
f 3858/2869/3620 3847/2858/3610 3784/2795/3554
f 3859/2870/3349 3858/2869/3620 3750/2761/3524
f 3860/2871/3621 3740/2751/3515 3742/2753/3517
f 3839/2850/3391 3738/2749/3513 3740/2751/3515
f 3861/2872/3622 3729/2740/3504 3724/2735/3500
f 3863/2874/3331 3726/2737/3501 3728/2739/3503
f 3862/2873/3335 3724/2735/3500 3726/2737/3501
f 3865/2876/3624 3848/2859/3611 3783/2794/3553
f 3866/2877/3343 3865/2876/3624 3719/2730/3495
f 3821/2832/3586 3853/2864/3616 3767/2778/3540
f 3850/2861/3613 3611/2622/3405 3613/2624/3270
f 3868/2879/3626 3905/2916/3653 3869/2880/3578
f 3871/2882/3628 3867/2878/3625 3613/2624/3270
f 3822/2833/3587 4152/3163/3578 3702/2713/3460
f 3873/2884/3460 4299/3253/3539 3811/2822/3577
f 3874/2885/3630 4174/3185/3571 3774/2785/3412
f 3876/2887/3632 4298/3252/3940 3804/2815/3571
f 3877/2888/3633 3826/2837/3591 3828/2839/3593
f 3879/2890/3635 3825/2836/3590 3824/2835/3589
f 3881/2892/3637 4300/3254/3673 3882/2893/3638
f 3868/2879/3626 3870/2881/3627 3884/2895/3591
f 3886/2897/3641 3621/2632/3411 3887/2898/3577
f 3889/2900/3643 3911/2922/3572 3820/2831/3585
f 3891/2902/3645 3851/2862/3614 3892/2903/3573
f 3885/2896/3640 3884/2895/3591 3894/2905/3633
f 3896/2907/3648 4301/3255/3894 3897/2908/3649
f 3899/2910/3589 3906/2917/3571 3900/2911/3650
f 3902/2913/3578 3909/2920/3656 3827/2838/3592
f 3823/2834/3588 3895/2906/3647 3894/2905/3633
f 3896/2907/3648 3898/2909/3639 3869/2880/3578
f 3906/2917/3571 3877/2888/3633 3878/2889/3634
f 3907/2918/3654 3766/2777/3539 3855/2866/3259
f 3871/2882/3628 3893/2904/3646 3892/2903/3573
f 3907/2918/3654 3888/2899/3642 3887/2898/3577
f 3902/2913/3578 3883/2894/3639 3882/2893/3638
f 3886/2897/3641 4203/3214/3892 3619/2630/3259
f 3832/2843/3596 3836/2847/3600 3835/2846/3599
f 3889/2900/3643 3908/2919/3655 3855/2866/3259
f 3891/2902/3645 3833/2844/3597 3776/2787/3270
f 3912/2923/3591 3916/2927/3659 3913/2924/3657
f 3912/2923/3591 3918/2929/3652 3915/2926/3658
f 3917/2928/3578 3921/2932/3661 3915/2926/3658
f 3919/2930/3660 3923/2934/3663 3912/2923/3591
f 3920/2931/3639 3925/2936/3664 3921/2932/3661
f 3922/2933/3662 3918/2929/3652 3912/2923/3591
f 3924/2935/3637 3977/2988/3711 3925/2936/3664
f 3922/2933/3662 3929/2940/3667 3917/2928/3578
f 3926/2937/3589 3953/2964/3690 3927/2938/3665
f 3929/2940/3667 3934/2945/3672 3920/2931/3639
f 3914/2925/3633 3913/2924/3657 3930/2941/3668
f 3932/2943/3670 3949/2960/3686 3824/2835/3589
f 3933/2944/3671 3981/2992/3713 3926/2937/3589
f 3934/2945/3672 4302/3256/3941 3924/2935/3637
f 3935/2946/3636 3899/2910/3589 3901/2912/3651
f 3937/2948/3674 3952/2963/3689 3894/2905/3633
f 3826/2837/3591 3877/2888/3633 3938/2949/3675
f 3940/2951/3677 3937/2948/3674 3884/2895/3591
f 3826/2837/3591 3939/2950/3676 3941/2952/3678
f 3940/2951/3677 3870/2881/3627 3869/2880/3578
f 3902/2913/3578 3903/2914/3652 3941/2952/3678
f 3942/2953/3679 3869/2880/3578 3898/2909/3639
f 3902/2913/3578 3943/2954/3680 3945/2956/3682
f 3944/2955/3681 3898/2909/3639 3897/2908/3649
f 3883/2894/3639 3945/2956/3682 3947/2958/3684
f 3948/2959/3685 3880/2891/3636 3824/2835/3589
f 3935/2946/3636 4303/3257/3942 3950/2961/3687
f 3919/2930/3660 3914/2925/3633 3931/2942/3669
f 3906/2917/3571 3954/2965/3691 3938/2949/3675
f 3932/2943/3670 3904/2915/3571 3894/2905/3633
f 3926/2937/3589 3931/2942/3669 3930/2941/3668
f 3906/2917/3571 3899/2910/3589 3950/2961/3687
f 3955/2966/3692 3962/2973/3698 3956/2967/3693
f 3956/2967/3693 3923/2934/3663 3919/2930/3660
f 3958/2969/3695 3990/3001/3718 3959/2970/3696
f 3960/2971/3697 3959/2970/3696 3913/2924/3657
f 3961/2972/3677 3963/2974/3699 3956/2967/3693
f 3963/2974/3699 3922/2933/3662 3923/2934/3663
f 3964/2975/3700 3958/2969/3695 3960/2971/3697
f 3965/2976/3701 3960/2971/3697 3916/2927/3659
f 3966/2977/3679 3970/2981/3704 3963/2974/3699
f 3963/2974/3699 3970/2981/3704 3929/2940/3667
f 3967/2978/3680 3964/2975/3700 3965/2976/3701
f 3965/2976/3701 3915/2926/3658 3921/2932/3661
f 3966/2977/3679 3973/2984/3707 3969/2980/3703
f 3969/2980/3703 3934/2945/3672 3929/2940/3667
f 3971/2982/3705 3967/2978/3680 3968/2979/3702
f 3972/2983/3706 3968/2979/3702 3921/2932/3661
f 3973/2984/3707 4304/3258/3683 3974/2985/3708
f 3974/2985/3708 4302/3256/3941 3934/2945/3672
f 3971/2982/3705 3972/2983/3706 3975/2986/3709
f 3975/2986/3709 3972/2983/3706 3925/2936/3664
f 3978/2989/3712 3986/2997/3715 3979/2990/3708
f 3979/2990/3708 3986/2997/3715 3981/2992/3713
f 3982/2993/3687 4305/3259/3943 3983/2994/3709
f 3983/2994/3709 3927/2938/3665 3953/2964/3690
f 3985/2996/3670 3987/2998/3716 3986/2997/3715
f 3987/2998/3716 3951/2962/3688 3981/2992/3713
f 3988/2999/3691 3982/2993/3687 3984/2995/3714
f 3989/3000/3717 3984/2995/3714 3953/2964/3690
f 3955/2966/3692 3957/2968/3694 3987/2998/3716
f 3957/2968/3694 3919/2930/3660 3951/2962/3688
f 3990/3001/3718 3988/2999/3691 3989/3000/3717
f 3959/2970/3696 3989/3000/3717 3930/2941/3668
f 3951/2962/3688 3931/2942/3669 3926/2937/3589
f 3991/3002/3407 4174/3185/3571 3874/2885/3630
f 3622/2633/3412 4173/3184/3571 3682/2693/3468
f 3994/3005/3721 4008/3019/3734 3995/3006/3722
f 3997/3008/3724 4017/3028/3743 3998/3009/3725
f 3999/3010/3726 3997/3008/3724 3601/2612/3395
f 3595/2606/3389 3594/2605/3388 3999/3010/3726
f 3995/3006/3722 4012/3023/3738 4000/3011/3727
f 4001/3012/3728 4016/3027/3742 4002/3013/3729
f 3615/2626/3363 4056/3067/3776 4004/3015/3731
f 3992/3003/3719 4056/3067/3776 3615/2626/3363
f 4005/3016/3373 4048/3059/3768 4006/3017/3732
f 3993/3004/3720 4048/3059/3768 4005/3016/3373
f 3582/2593/3376 4013/3024/3739 4007/3018/3733
f 4008/3019/3734 3994/3005/3721 3578/2589/3372
f 4004/3015/3731 4014/3025/3740 4009/3020/3735
f 4010/3021/3736 3593/2604/3387 4011/3022/3737
f 4012/3023/3738 4193/3204/3885 3631/2642/3419
f 4006/3017/3732 4007/3018/3733 4013/3024/3739
f 3557/2568/3351 4009/3020/3735 4014/3025/3740
f 4015/3026/3741 4022/3033/3747 3568/2579/3362
f 4016/3027/3742 3998/3009/3725 4017/3028/3743
f 3579/2590/3373 4052/3063/3772 3875/2886/3631
f 3569/2580/3363 4044/3055/3764 3684/2695/3469
f 3815/2826/3580 3643/2654/3431 4018/3029/3744
f 4020/3031/3745 4306/3260/3944 4003/3014/3730
f 4003/3014/3730 4306/3260/3944 4021/3032/3746
f 4018/3029/3744 3643/2654/3431 3535/2546/3329
f 3583/2594/3377 4307/3261/3945 4024/3035/3748
f 4025/3036/3749 3639/2650/3427 3637/2648/3425
f 3544/2555/3338 3639/2650/3427 4025/3036/3749
f 4028/3039/3751 4307/3261/3945 3583/2594/3377
f 3581/2592/3375 4024/3035/3748 4029/3040/3752
f 4026/3037/3750 3637/2648/3425 3636/2647/3424
f 3558/2569/3352 4308/3262/3946 4031/3042/3754
f 4032/3043/3755 3630/2641/3418 3645/2656/3433
f 3586/2597/3380 3630/2641/3418 4032/3043/3755
f 4035/3046/3757 4308/3262/3946 3558/2569/3352
f 3561/2572/3355 3628/2639/3416 4036/3047/3758
f 4038/3049/3760 4309/3263/3947 3996/3007/3723
f 3996/3007/3723 4309/3263/3947 4039/3050/3761
f 4036/3047/3758 3628/2639/3416 3627/2638/3415
f 3559/2570/3353 3561/2572/3355 4037/3048/3759
f 4029/3040/3752 4038/3049/3760 4000/3011/3727
f 3577/2588/3371 4136/3147/3844 4042/3053/3763
f 4043/3054/3763 4310/3264/3948 4044/3055/3764
f 3677/2688/3464 3542/2553/3336 4045/3056/3765
f 4047/3058/3767 4006/3017/3732 4048/3059/3768
f 3756/2767/3530 4144/3155/3849 4050/3061/3770
f 4051/3062/3771 4311/3265/3949 4052/3063/3772
f 3715/2726/3492 3584/2595/3378 4053/3064/3773
f 4055/3066/3775 4004/3015/3731 4056/3067/3776
f 3542/2553/3336 3544/2555/3338 4027/3038/3751
f 4047/3058/3767 4028/3039/3751 4007/3018/3733
f 3534/2545/3328 4042/3053/3763 4023/3034/3746
f 4043/3054/3763 3568/2579/3362 4022/3033/3747
f 3634/2645/3422 4050/3061/3770 4040/3051/3762
f 4051/3062/3771 3578/2589/3372 3994/3005/3721
f 3584/2595/3378 3586/2597/3380 4034/3045/3756
f 4055/3066/3775 4035/3046/3757 4014/3025/3740
f 3592/2603/3386 4061/3072/3779 4058/3069/3778
f 4059/3070/3779 3594/2605/3388 4010/3021/3736
f 3790/2801/3559 4312/3266/3782 4061/3072/3779
f 4062/3073/3780 3999/3010/3726 3594/2605/3388
f 4063/3074/3559 3763/2774/3536 4064/3075/3781
f 4062/3073/3780 4067/3078/3781 3997/3008/3724
f 3763/2774/3536 3598/2609/3392 4066/3077/3783
f 4067/3078/3781 4068/3079/3784 4017/3028/3743
f 3590/2601/3384 4058/3069/3778 4033/3044/3754
f 4060/3071/3778 4010/3021/3736 3556/2567/3350
f 3598/2609/3392 3815/2826/3580 4019/3030/3745
f 4068/3079/3784 4020/3031/3745 4002/3013/3729
f 3589/2600/3383 4313/3267/3786 4069/3080/3785
f 4070/3081/3786 3642/2653/3430 3644/2655/3432
f 3533/2544/3327 3642/2653/3430 4070/3081/3786
f 4073/3084/3789 4313/3267/3786 3589/2600/3383
f 3635/2646/3423 3638/2649/3426 4074/3085/3790
f 4076/3087/3792 4314/3268/3790 3713/2724/3490
f 3713/2724/3490 4314/3268/3790 4077/3088/3793
f 4074/3085/3790 3638/2649/3426 3543/2554/3337
f 4079/3090/3795 3635/2646/3423 4075/3086/3791
f 4081/3092/3797 4076/3087/3792 3782/2793/3552
f 3714/2725/3491 3629/2640/3417 4082/3093/3798
f 4084/3095/3800 4315/3269/3950 3733/2744/3508
f 3733/2744/3508 4315/3269/3950 4085/3096/3801
f 4082/3093/3798 3629/2640/3417 3585/2596/3379
f 3653/2664/3441 4316/3270/3951 4087/3098/3803
f 4088/3099/3804 3626/2637/3414 3560/2571/3354
f 3633/2644/3421 3626/2637/3414 4088/3099/3804
f 4091/3102/3807 4316/3270/3951 3653/2664/3441
f 3651/2662/3439 4087/3098/3803 4081/3092/3797
f 4089/3100/3805 3560/2571/3354 4092/3103/3808
f 3675/2686/3462 3564/2575/3358 4094/3105/3810
f 4096/3107/3812 3576/2587/3370 4097/3108/3813
f 3735/2746/3510 4108/3119/3822 4099/3110/3814
f 4100/3111/3815 4109/3120/3822 3572/2583/3366
f 3681/2692/3467 3575/2586/3369 4101/3112/3816
f 4103/3114/3816 3754/2765/3528 4104/3115/3818
f 3746/2757/3521 4110/3121/3823 4106/3117/3820
f 4107/3118/3821 4111/3122/3823 3641/2652/3429
f 3711/2722/3488 4077/3088/3793 4108/3119/3822
f 4078/3089/3794 3543/2554/3337 3572/2583/3366
f 3588/2599/3382 3675/2686/3462 4095/3106/3811
f 4072/3083/3788 4098/3109/3811 4097/3108/3813
f 3690/2701/3475 3681/2692/3467 4102/3113/3817
f 4090/3101/3806 4105/3116/3819 4104/3115/3818
f 3731/2742/3506 4085/3096/3801 4110/3121/3823
f 4086/3097/3802 3585/2596/3379 3641/2652/3429
f 3687/2698/3472 3686/2697/3471 4112/3123/3824
f 4114/3125/3826 4116/3127/3824 3591/2602/3385
f 3686/2697/3471 3793/2804/3562 4115/3126/3827
f 4116/3127/3824 4317/3271/3829 3789/2800/3537
f 3800/2811/3568 4120/3131/3830 4117/3128/3827
f 4118/3129/3828 3599/2610/3393 3764/2775/3537
f 3721/2732/3497 4122/3133/3831 4120/3131/3830
f 4121/3132/3831 3600/2611/3394 3599/2610/3393
f 3744/2755/3519 3687/2698/3472 4113/3124/3825
f 4083/3094/3799 4114/3125/3826 3646/2657/3434
f 3660/2671/3448 4069/3080/3785 4122/3133/3831
f 4071/3082/3787 3644/2655/3432 3600/2611/3394
f 3817/2828/3582 3676/2687/3463 4123/3134/3832
f 4125/3136/3834 4139/3150/3832 3993/3004/3720
f 3565/2576/3359 3567/2578/3361 4126/3137/3835
f 4128/3139/3837 4148/3159/3835 3992/3003/3719
f 3816/2827/3581 3809/2820/3575 4129/3140/3838
f 4131/3142/3839 4138/3149/3845 3563/2574/3357
f 3808/2819/3574 4147/3158/3851 4132/3143/3840
f 4134/3145/3842 4146/3157/3850 3574/2585/3368
f 4044/3055/3764 4310/3264/3948 4135/3146/3843
f 4136/3147/3844 3577/2588/3371 3810/2821/3576
f 3564/2575/3358 3563/2574/3357 4138/3149/3845
f 4129/3140/3838 3809/2820/3575 3576/2587/3370
f 3676/2687/3463 3677/2688/3464 4046/3057/3766
f 4139/3150/3832 4049/3060/3769 4048/3059/3768
f 3769/2780/3542 4099/3110/3814 4140/3151/3846
f 4100/3111/3815 3571/2582/3365 4141/3152/3847
f 4052/3063/3772 4311/3265/3949 4143/3154/3848
f 4144/3155/3849 3756/2767/3530 3755/2766/3529
f 3575/2586/3369 3574/2585/3368 4146/3157/3850
f 4103/3114/3816 4132/3143/3840 4147/3158/3851
f 3567/2578/3361 3715/2726/3492 4054/3065/3774
f 4148/3159/3835 4057/3068/3777 4056/3067/3776
f 3780/2791/3550 4106/3117/3820 4149/3160/3852
f 4150/3161/3853 4107/3118/3821 3640/2651/3428
f 3565/2576/3359 4127/3138/3836 4145/3156/3848
f 4128/3139/3837 3874/2885/3630 3875/2886/3631
f 3808/2819/3574 4133/3144/3841 4150/3161/3853
f 4134/3145/3842 3822/2833/3587 3773/2784/3546
f 3817/2828/3582 4124/3135/3833 4137/3148/3843
f 4125/3136/3834 3682/2693/3468 3684/2695/3469
f 3816/2827/3581 4130/3141/3839 4142/3153/3846
f 4131/3142/3839 3818/2829/3583 3761/2772/3535
f 4022/3033/3747 4015/3026/3741 4001/3012/3728
f 3809/2820/3575 3816/2827/3581 3817/2828/3582
f 3673/2684/3460 3873/2884/3460 3812/2823/3578
f 3830/2841/3465 3814/2825/3578 4152/3163/3578
f 3814/2825/3578 3703/2714/3460 3702/2713/3460
f 4151/3162/3578 3812/2823/3578 3707/2718/3465
f 3704/2715/3485 3670/2681/3458 4153/3164/3854
f 3709/2720/3486 3650/2661/3438 4155/3166/3856
f 4157/3168/3858 3664/2675/3452 3699/2710/3484
f 4156/3167/3857 4171/3182/3868 3672/2683/3356
f 4159/3170/3860 4161/3172/3861 3706/2717/3367
f 4160/3171/3541 3698/2709/3483 3706/2717/3367
f 4162/3173/3862 3678/2689/3367 3704/2715/3485
f 4163/3174/3406 4164/3175/3863 3701/2712/3356
f 4158/3169/3859 3699/2710/3484 3701/2712/3356
f 4165/3176/3864 3657/2668/3445 3698/2709/3483
f 4166/3177/3865 4167/3178/3561 3695/2706/3480
f 4167/3178/3561 4169/3180/3866 3694/2705/3479
f 4168/3179/3561 3692/2703/3477 3694/2705/3479
f 4170/3181/3867 3665/2676/3453 3692/2703/3477
f 3662/2673/3450 3689/2700/3474 3685/2696/3470
f 4162/3173/3862 3829/2840/3594 3830/2841/3465
f 4171/3182/3868 4299/3253/3539 3873/2884/3460
f 4172/3183/3869 3659/2670/3447 3667/2678/3455
f 3669/2680/3457 3670/2681/3458 3757/2768/3531
f 3737/2748/3512 3667/2678/3455 3669/2680/3457
f 3799/2810/3567 3665/2676/3453 3647/2658/3435
f 3745/2756/3520 3664/2675/3452 3663/2674/3451
f 3663/2674/3451 3662/2673/3450 3743/2754/3518
f 3655/2666/3443 3659/2670/3447 4172/3183/3869
f 3734/2745/3509 3657/2668/3445 3656/2667/3444
f 3656/2667/3444 3655/2666/3443 3802/2813/3569
f 3649/2660/3437 3650/2661/3438 3723/2734/3499
f 3722/2733/3498 3647/2658/3435 3649/2660/3437
f 3622/2633/3412 3623/2634/3412 3804/2815/3571
f 3991/3002/3407 3614/2625/3407 3807/2818/3571
f 4174/3185/3571 3807/2818/3571 3775/2786/3412
f 3804/2815/3571 3762/2773/3407 3683/2694/3407
f 4175/3186/3870 3616/2627/3408 3775/2786/3412
f 3624/2635/3402 3762/2773/3407 3805/2816/3572
f 4178/3189/3873 3554/2565/3348 3617/2628/3409
f 4180/3191/3611 3532/2543/3326 3625/2636/3413
f 3610/2621/3404 3548/2559/3342 4182/3193/3876
f 3625/2636/3413 3624/2635/3402 4177/3188/3872
f 3876/2887/3632 3623/2634/3412 3618/2629/3408
f 4184/3195/3878 3618/2629/3408 3607/2618/3401
f 3617/2628/3409 3616/2627/3408 4175/3186/3870
f 3614/2625/3407 3608/2619/3402 4186/3197/3613
f 4186/3197/3613 3608/2619/3402 3610/2621/3404
f 3607/2618/3401 3539/2550/3333 4187/3198/3623
f 4188/3199/3880 3596/2607/3390 3605/2616/3399
f 4189/3200/3881 3605/2616/3399 3604/2615/3398
f 3604/2615/3398 3602/2613/3396 4191/3202/3883
f 3602/2613/3396 3550/2561/3344 4192/3203/3884
f 3593/2604/3387 3596/2607/3390 3545/2556/3339
f 3552/2563/3346 3540/2551/3334 4193/3204/3885
f 4008/3019/3734 3554/2565/3348 3553/2564/3347
f 3553/2564/3347 3552/2563/3346 4012/3023/3738
f 3530/2541/3324 3550/2561/3344 3998/3009/3725
f 3547/2558/3341 3548/2559/3342 4009/3020/3735
f 4011/3022/3737 3545/2556/3339 3547/2558/3341
f 4193/3204/3885 3540/2551/3334 3536/2547/3330
f 3538/2549/3332 3539/2550/3333 4013/3024/3739
f 3632/2643/3420 3536/2547/3330 3538/2549/3332
f 4015/3026/3741 3532/2543/3326 3531/2542/3325
f 3531/2542/3325 3530/2541/3324 4016/3027/3742
f 4194/3205/3634 3889/2900/3643 3890/2901/3644
f 4196/3207/3887 3891/2902/3645 3893/2904/3646
f 4198/3209/3638 3886/2897/3641 3888/2899/3642
f 4200/3211/3890 3834/2845/3598 3836/2847/3600
f 3886/2897/3641 4198/3209/3638 4202/3213/3673
f 3889/2900/3643 4194/3205/3634 4204/3215/3893
f 3834/2845/3598 4200/3211/3890 4205/3216/3640
f 3891/2902/3645 4196/3207/3887 4206/3217/3894
f 4207/3218/3647 4197/3208/3888 3893/2904/3646
f 4208/3219/3648 4201/3212/3891 3836/2847/3600
f 3819/2830/3584 4203/3214/3892 4202/3213/3673
f 3907/2918/3654 3908/2919/3655 4204/3215/3893
f 3871/2882/3628 3872/2883/3629 4205/3216/3640
f 3832/2843/3596 3833/2844/3597 4206/3217/3894
f 4209/3220/3895 4195/3206/3886 3890/2901/3644
f 4210/3221/3896 4199/3210/3889 3888/2899/3642
f 3819/2830/3584 3821/2832/3586 3619/2630/3259
