# Blender 4.4.3
# www.blender.org
mtllib Untitled.mtl
o hash_439FD9BF.model
v -0.001398 -0.065205 0.155809
v -0.032870 -0.036335 0.154835
v -0.033407 -0.065203 0.155242
v -0.064218 -0.036392 0.149605
v -0.065105 -0.065273 0.150203
v -0.095436 -0.036532 0.138794
v -0.096837 -0.065400 0.140356
v -0.126440 -0.036582 0.124561
v -0.128404 -0.065431 0.126057
v -0.156179 -0.036534 0.105832
v -0.159271 -0.065155 0.108868
v -0.180498 -0.037401 0.079320
v -0.184861 -0.065826 0.082880
v -0.199083 -0.066996 0.052727
v -0.195831 -0.038894 0.049328
v -0.203949 -0.069102 0.021329
v -0.203200 -0.044369 -0.013446
v -0.206108 -0.072700 -0.010757
v -0.001196 -0.036359 0.155259
v -0.031805 -0.007479 0.152572
v -0.062595 -0.007517 0.147102
v -0.093184 -0.007655 0.135758
v -0.123690 -0.007724 0.122045
v -0.151839 -0.007893 0.101942
v -0.175283 -0.008917 0.075314
v -0.194156 -0.010610 0.046711
v -0.201925 -0.041048 0.018330
v -0.201095 -0.015925 -0.015958
v -0.000926 -0.007518 0.153617
v -0.030521 0.021421 0.150516
v -0.060575 0.021362 0.143493
v -0.090952 0.021193 0.134128
v -0.120157 0.021073 0.119280
v -0.145200 0.020325 0.095431
v -0.171291 0.019638 0.073389
v -0.184821 0.017351 0.043454
v -0.196250 0.015596 0.013153
v -0.200165 -0.013167 0.015427
v -0.195537 0.012851 -0.018016
v -0.000640 0.021371 0.152396
v -0.029289 0.050362 0.148474
v -0.058634 0.050270 0.140858
v -0.088492 0.050015 0.133353
v -0.113968 0.049351 0.112108
v -0.142151 0.048861 0.095617
v -0.160601 0.047258 0.069224
v -0.178590 0.046009 0.041479
v -0.186612 0.043921 0.011282
v -0.188314 0.041589 -0.020082
v -0.000370 0.050318 0.151071
v -0.028400 0.079362 0.146166
v -0.057104 0.079179 0.140334
v -0.084857 0.078802 0.128998
v -0.111483 0.078104 0.112038
v -0.135445 0.077191 0.092669
v -0.152880 0.075691 0.065355
v -0.170718 0.074649 0.039731
v -0.178295 0.072626 0.009140
v -0.180504 0.070413 -0.021845
v 0.000085 0.108447 0.145999
v -0.000141 0.079347 0.148981
v -0.056180 0.108169 0.139220
v -0.081896 0.107664 0.124367
v -0.109783 0.106787 0.113464
v -0.127942 0.105325 0.087622
v -0.150396 0.104419 0.065638
v -0.160917 0.102953 0.036638
v -0.171016 0.101439 0.007520
v -0.174814 0.099315 -0.022936
v 0.000309 0.137624 0.142268
v -0.028038 0.108443 0.143205
v -0.055713 0.137288 0.135903
v -0.105909 0.135549 0.108666
v -0.127225 0.134174 0.087271
v -0.145075 0.133120 0.063015
v -0.156108 0.131764 0.034763
v -0.165322 0.130293 0.006186
v -0.171858 0.128184 -0.023114
v -0.027522 0.166826 0.137004
v -0.027760 0.137597 0.139989
v -0.055239 0.166470 0.132111
v -0.081608 0.136664 0.122873
v -0.104539 0.164502 0.104631
v -0.127246 0.163148 0.086409
v -0.141305 0.161914 0.060334
v -0.153277 0.160673 0.033276
v -0.162032 0.159235 0.005049
v -0.170357 0.157139 -0.023148
v 0.000519 0.166871 0.138483
v -0.027495 0.196136 0.134748
v -0.081994 0.194815 0.119984
v -0.082163 0.165651 0.122857
v -0.126836 0.192164 0.084141
v -0.152308 0.189649 0.031796
v -0.161281 0.188292 0.004036
v -0.169461 0.186259 -0.023806
v 0.000761 0.225487 0.133084
v 0.000680 0.196178 0.135537
v -0.027773 0.225463 0.132572
v -0.055307 0.195721 0.129886
v -0.056060 0.224987 0.128519
v -0.083187 0.223933 0.118902
v -0.106112 0.193541 0.104223
v -0.107708 0.222581 0.103514
v -0.128517 0.221107 0.083299
v -0.141092 0.190857 0.058715
v -0.142945 0.219723 0.058004
v -0.153474 0.218581 0.030760
v -0.168460 0.215642 -0.025027
v 0.000804 0.254713 0.129378
v -0.028028 0.254712 0.129008
v -0.056625 0.254176 0.125118
v -0.084194 0.253064 0.116429
v -0.109095 0.251630 0.101637
v -0.129497 0.250006 0.081015
v -0.144142 0.248522 0.055745
v -0.155564 0.247369 0.028841
v -0.162106 0.217395 0.002963
v -0.163408 0.246547 0.000861
v 0.000886 0.283691 0.123838
v -0.028101 0.283664 0.123500
v -0.056836 0.283194 0.120273
v -0.084612 0.282127 0.112402
v -0.109585 0.280630 0.098042
v -0.130169 0.278812 0.077806
v -0.145665 0.277221 0.052925
v -0.157650 0.275992 0.025884
v -0.165119 0.275097 -0.002679
v -0.167051 0.245328 -0.027287
v 0.000984 0.312770 0.120264
v -0.028484 0.312720 0.120010
v -0.057858 0.312338 0.118193
v -0.086615 0.311280 0.112197
v -0.134074 0.307409 0.079382
v -0.149453 0.305617 0.054065
v -0.160027 0.304510 0.025791
v -0.167387 0.303258 -0.004236
v -0.168322 0.274165 -0.031170
v 0.168368 0.303112 -0.005905
v 0.169554 0.273816 -0.032528
v 0.174520 0.303264 -0.037961
v 0.166037 0.274874 -0.004074
v 0.168375 0.244824 -0.028659
v 0.164117 0.246250 -0.000600
v 0.168217 0.215137 -0.026614
v 0.162945 0.187967 0.003137
v 0.167800 0.185850 -0.025292
v 0.164624 0.159024 0.004404
v 0.171065 0.157016 -0.024308
v 0.168369 0.130357 0.005574
v 0.176543 0.128415 -0.023417
v 0.173072 0.101700 0.006966
v 0.181209 0.099721 -0.022439
v 0.178837 0.072914 0.008810
v 0.184557 0.070766 -0.021404
v 0.185855 0.044079 0.011086
v 0.188160 0.041694 -0.020077
v 0.192843 0.015297 0.013432
v 0.193837 0.012754 -0.017940
v 0.199585 -0.015821 -0.015490
v 0.198411 -0.013288 0.016037
v 0.200596 -0.044344 -0.012990
v 0.200559 -0.041799 0.018771
v 0.201743 -0.072921 -0.010496
v 0.160723 0.304481 0.023901
v 0.158298 0.275908 0.024337
v 0.156139 0.247264 0.027347
v 0.163011 0.217106 0.001651
v 0.154086 0.218452 0.029317
v 0.154857 0.160510 0.032500
v 0.158457 0.131767 0.034360
v 0.162961 0.103086 0.036201
v 0.168034 0.074356 0.038396
v 0.174502 0.045678 0.041213
v 0.181770 0.017131 0.044065
v 0.189954 -0.011080 0.047197
v 0.192996 -0.039737 0.049689
v 0.202024 -0.070396 0.021440
v 0.146481 0.277355 0.051359
v 0.144812 0.248641 0.054277
v 0.143606 0.219793 0.056548
v 0.153501 0.189475 0.030707
v 0.142434 0.161872 0.059295
v 0.144179 0.132968 0.061233
v 0.147337 0.104181 0.063520
v 0.152800 0.075581 0.066759
v 0.161151 0.047370 0.070936
v 0.167601 0.018971 0.073340
v 0.171455 -0.009612 0.075879
v 0.175782 -0.038197 0.079381
v 0.179326 -0.066792 0.082419
v 0.196196 -0.068292 0.052619
v 0.150324 0.305793 0.052170
v 0.131243 0.279102 0.076304
v 0.130391 0.250259 0.079678
v 0.129486 0.221294 0.082006
v 0.142107 0.190860 0.057535
v 0.127630 0.192311 0.082804
v 0.129184 0.134362 0.087960
v 0.133353 0.105663 0.091889
v 0.137210 0.076917 0.094576
v 0.139182 0.048272 0.093645
v 0.142683 0.019645 0.096150
v 0.148284 -0.008710 0.102089
v 0.151687 -0.037407 0.105492
v 0.153955 -0.066147 0.107870
v 0.135432 0.307739 0.077672
v 0.111093 0.280819 0.096960
v 0.110361 0.251811 0.100656
v 0.108940 0.222741 0.102474
v 0.107611 0.193667 0.103743
v 0.127330 0.163277 0.084795
v 0.108039 0.164560 0.106753
v 0.108595 0.106534 0.109666
v 0.110158 0.077682 0.110921
v 0.114007 0.048993 0.114994
v 0.118235 0.020366 0.120124
v 0.120370 -0.008430 0.121820
v 0.122323 -0.037274 0.123888
v 0.123564 -0.066144 0.124783
v 0.088597 0.311394 0.111419
v 0.114700 0.309742 0.098154
v 0.086307 0.282256 0.111757
v 0.085645 0.253161 0.115757
v 0.084625 0.223945 0.118199
v 0.083204 0.194769 0.119029
v 0.082679 0.165547 0.120739
v 0.108156 0.135460 0.108956
v 0.083841 0.107337 0.128091
v 0.085483 0.078374 0.131244
v 0.087168 0.049499 0.132610
v 0.088833 0.020691 0.134014
v 0.090480 -0.008141 0.136356
v 0.091956 -0.036998 0.138727
v 0.092658 -0.065878 0.139315
v 0.059900 0.312440 0.117901
v 0.058565 0.283229 0.119889
v 0.058193 0.254126 0.124761
v 0.057570 0.224897 0.128108
v 0.056668 0.195601 0.129531
v 0.056355 0.166285 0.131978
v 0.082770 0.136388 0.123965
v 0.056290 0.137044 0.135159
v 0.056705 0.078840 0.140322
v 0.057732 0.049898 0.142159
v 0.058993 0.021014 0.144609
v 0.060234 -0.007847 0.147312
v 0.061263 -0.036700 0.149712
v 0.061561 -0.065571 0.149524
v 0.030481 0.312759 0.119957
v 0.029868 0.283649 0.123464
v 0.029637 0.254645 0.128885
v 0.029311 0.225403 0.132486
v 0.028864 0.196061 0.134646
v 0.028572 0.166725 0.137111
v 0.028416 0.137462 0.140599
v 0.056228 0.107882 0.138075
v 0.028275 0.108275 0.144084
v 0.028493 0.050170 0.148970
v 0.029114 0.021247 0.150816
v 0.029790 -0.007634 0.152774
v 0.030298 -0.036483 0.154810
v 0.030405 -0.065347 0.155049
v 0.028171 0.079171 0.146951
v -0.216683 0.497798 -0.027792
v -0.213079 0.503319 -0.054197
v -0.232433 0.486494 -0.051629
v -0.199054 0.510698 -0.030239
v -0.189754 0.516134 -0.056070
v -0.175706 0.521668 -0.032975
v -0.156638 0.528135 -0.056229
v -0.144742 0.531811 -0.035761
v -0.120252 0.541378 -0.054813
v -0.115832 0.542042 -0.037452
v -0.091232 0.554660 -0.053570
v -0.075220 0.561178 -0.038694
v -0.070837 0.565802 -0.053370
v -0.193323 0.498046 -0.006027
v -0.176165 0.508730 -0.009123
v -0.153520 0.519822 -0.013270
v -0.130711 0.529550 -0.017422
v -0.109324 0.538356 -0.020942
v -0.092223 0.552285 -0.038318
v -0.077174 0.553603 -0.024848
v -0.163102 0.492880 0.011793
v -0.147947 0.504422 0.008249
v -0.131763 0.515604 0.004233
v -0.115366 0.525170 -0.000172
v -0.099902 0.532808 -0.004550
v -0.090563 0.546758 -0.023457
v -0.076588 0.544657 -0.011038
v -0.132921 0.489819 0.029736
v -0.122184 0.500755 0.026281
v -0.111029 0.510634 0.022385
v -0.099944 0.519274 0.018076
v -0.080251 0.531540 0.008473
v -0.086726 0.539116 -0.008341
v -0.072716 0.536060 0.004318
v -0.106756 0.484280 0.049449
v -0.099437 0.493942 0.045903
v -0.091667 0.502960 0.041659
v -0.076578 0.518216 0.031389
v -0.089455 0.526169 0.013270
v -0.070224 0.524118 0.025931
v -0.064888 0.528808 0.020739
v -0.075736 0.484135 0.062512
v -0.070577 0.493270 0.057977
v -0.065361 0.502046 0.052840
v -0.083930 0.511194 0.036837
v -0.060404 0.510015 0.047093
v -0.056051 0.516810 0.040927
v -0.052577 0.522377 0.034880
v -0.080856 0.474517 0.066679
v -0.051122 0.473967 0.074765
v -0.047714 0.484230 0.069507
v -0.044365 0.493969 0.063717
v -0.041296 0.503111 0.057685
v -0.038727 0.511446 0.051578
v -0.036949 0.518241 0.045166
v -0.054529 0.463115 0.079743
v -0.025682 0.463418 0.082146
v -0.023980 0.475655 0.076107
v -0.022299 0.487280 0.069591
v -0.020706 0.498190 0.062563
v -0.019416 0.507928 0.055315
v -0.019024 0.516363 0.048947
v -0.027410 0.450261 0.088036
v 0.000596 0.451578 0.086026
v 0.000473 0.466182 0.078988
v 0.000359 0.479821 0.071642
v 0.000270 0.492593 0.063690
v 0.000196 0.504110 0.055669
v 0.000185 0.513996 0.048556
v 0.019782 0.508175 0.055169
v 0.019314 0.516579 0.048726
v 0.039030 0.511631 0.051395
v 0.037256 0.518532 0.044988
v 0.056316 0.516883 0.040858
v 0.052797 0.522446 0.034758
v 0.070360 0.524152 0.025851
v 0.064999 0.528813 0.020677
v 0.080261 0.531637 0.008282
v 0.072709 0.536140 0.004175
v 0.086604 0.539303 -0.008592
v 0.076526 0.544835 -0.011249
v 0.090466 0.546933 -0.023763
v 0.077144 0.553778 -0.025163
v 0.092198 0.552450 -0.038682
v 0.075207 0.561251 -0.039094
v 0.091224 0.554633 -0.054007
v 0.070824 0.565700 -0.053754
v 0.021156 0.498429 0.062410
v 0.041659 0.503265 0.057558
v 0.060691 0.510060 0.047027
v 0.076725 0.518272 0.031229
v 0.089474 0.526298 0.013031
v 0.099779 0.533000 -0.004869
v 0.109141 0.538547 -0.021322
v 0.115644 0.542125 -0.037907
v 0.022876 0.487515 0.069470
v 0.044826 0.494076 0.063613
v 0.065711 0.502082 0.052770
v 0.084068 0.511359 0.036637
v 0.099962 0.519464 0.017793
v 0.115252 0.525441 -0.000544
v 0.130448 0.529862 -0.017848
v 0.144381 0.532003 -0.036314
v 0.120136 0.541390 -0.055348
v 0.024727 0.475838 0.076012
v 0.048269 0.484316 0.069413
v 0.070979 0.493336 0.057847
v 0.091870 0.503197 0.041440
v 0.111062 0.510954 0.022090
v 0.131670 0.516034 0.003846
v 0.153302 0.520299 -0.013776
v 0.175224 0.521907 -0.033601
v 0.156375 0.528148 -0.056861
v 0.026639 0.463591 0.082088
v 0.051801 0.474036 0.074669
v 0.076184 0.484254 0.062338
v 0.099711 0.494187 0.045615
v 0.122240 0.501124 0.025923
v 0.147824 0.504945 0.007812
v 0.175911 0.509326 -0.009671
v 0.198865 0.510983 -0.030733
v 0.189371 0.516208 -0.056587
v 0.028619 0.450436 0.088004
v 0.055428 0.463187 0.079580
v 0.081401 0.474670 0.066423
v 0.107078 0.484568 0.049094
v 0.133016 0.490241 0.029332
v 0.162945 0.493454 0.011328
v 0.193054 0.498619 -0.006540
v 0.216356 0.498338 -0.028501
v 0.212505 0.503580 -0.054961
v 0.000728 0.435462 0.093406
v 0.027638 0.431903 0.095434
v 0.053642 0.444447 0.088720
v 0.078652 0.455753 0.077797
v 0.102900 0.465954 0.063301
v 0.126891 0.472985 0.045885
v 0.152718 0.477700 0.028743
v 0.179742 0.482662 0.011948
v 0.205263 0.488639 -0.004661
v 0.227663 0.487428 -0.023901
v 0.231794 0.487066 -0.052432
v 0.000884 0.420054 0.099516
v 0.026363 0.416504 0.101106
v 0.051464 0.426211 0.096377
v 0.076044 0.435590 0.087905
v 0.099869 0.444918 0.076568
v 0.122924 0.452398 0.062200
v 0.145510 0.458250 0.045921
v 0.168239 0.464383 0.029579
v 0.191525 0.470743 0.013922
v 0.215077 0.474318 -0.000946
v 0.001029 0.406994 0.104807
v 0.025557 0.402370 0.106849
v 0.049696 0.410566 0.103108
v 0.073329 0.418096 0.096068
v 0.096393 0.425469 0.086784
v 0.118679 0.432413 0.075170
v 0.139905 0.438442 0.061171
v 0.160449 0.443901 0.045602
v 0.181445 0.449396 0.030476
v 0.202980 0.453979 0.016061
v 0.001119 0.394123 0.109656
v 0.025333 0.387846 0.111896
v 0.049335 0.394704 0.109624
v 0.072824 0.400952 0.103999
v 0.095548 0.406838 0.095916
v 0.117481 0.412503 0.085879
v 0.138264 0.417420 0.073435
v 0.157840 0.421664 0.059048
v 0.176727 0.425398 0.043522
v 0.196047 0.428999 0.028463
v 0.001143 0.381005 0.113730
v 0.025741 0.373019 0.115918
v 0.050322 0.378405 0.114894
v 0.074490 0.383129 0.110189
v 0.097906 0.387530 0.103061
v 0.120055 0.391465 0.093242
v 0.140853 0.394812 0.081157
v 0.159810 0.397394 0.066619
v 0.176672 0.399335 0.049913
v 0.192725 0.400956 0.032595
v 0.001107 0.367622 0.116757
v 0.026671 0.357972 0.118464
v 0.052330 0.361812 0.118054
v 0.077794 0.365146 0.114552
v 0.102268 0.367827 0.107111
v 0.125241 0.369969 0.096618
v 0.145598 0.371340 0.082384
v 0.162814 0.372093 0.065094
v 0.176325 0.372832 0.045219
v 0.001047 0.354028 0.118694
v 0.027882 0.342874 0.119581
v 0.054831 0.345269 0.119694
v 0.081641 0.347017 0.115872
v 0.107465 0.348088 0.107823
v 0.130776 0.348417 0.094783
v 0.149341 0.348229 0.076305
v 0.162605 0.348328 0.054359
v 0.172981 0.348735 0.031236
v 0.189169 0.373170 0.025475
v 0.001000 0.340310 0.119519
v 0.029215 0.327811 0.119751
v 0.057499 0.328818 0.118863
v 0.085578 0.329066 0.114569
v 0.111979 0.328588 0.104434
v 0.134583 0.327490 0.087834
v 0.150542 0.326557 0.064967
v 0.160851 0.326348 0.039326
v 0.170063 0.326073 0.013296
v 0.185883 0.347390 0.009863
v 0.000991 0.326553 0.119822
v 0.179139 0.324589 -0.012088
v -0.027214 0.327750 0.119751
v -0.055476 0.328671 0.118973
v -0.083485 0.328968 0.114997
v -0.110034 0.328479 0.105392
v -0.112858 0.309576 0.099351
v -0.132972 0.327213 0.089370
v -0.149344 0.326329 0.066950
v -0.160099 0.326235 0.041421
v -0.169154 0.326165 0.015265
v -0.177684 0.325062 -0.010377
v -0.173357 0.303503 -0.036315
v -0.052864 0.345086 0.119811
v -0.079638 0.346903 0.116248
v -0.105466 0.348011 0.108728
v -0.128871 0.348247 0.096112
v -0.147778 0.348028 0.078094
v -0.161633 0.348176 0.056505
v -0.171774 0.348844 0.033306
v -0.184288 0.347979 0.011723
v -0.025877 0.342788 0.119578
v -0.050078 0.361629 0.118220
v -0.075416 0.365029 0.115044
v -0.099836 0.367809 0.107959
v -0.122950 0.369850 0.097767
v -0.143671 0.371183 0.084057
v -0.161207 0.371983 0.067027
v -0.175089 0.372836 0.047370
v -0.187975 0.373315 0.027600
v -0.024521 0.357868 0.118449
v -0.023457 0.372902 0.115925
v -0.047949 0.378220 0.115092
v -0.072040 0.383019 0.110705
v -0.117893 0.391369 0.094247
v -0.138983 0.394639 0.082400
v -0.158171 0.397227 0.067935
v -0.175317 0.399251 0.051318
v -0.191861 0.400953 0.034188
v -0.023010 0.387725 0.111960
v -0.047002 0.394496 0.109816
v -0.070603 0.400845 0.104508
v -0.095499 0.387513 0.103812
v -0.093526 0.406775 0.096501
v -0.115732 0.412339 0.086630
v -0.136827 0.417184 0.074338
v -0.156695 0.421385 0.059955
v -0.175896 0.425143 0.044544
v -0.023375 0.402219 0.106884
v -0.047646 0.410350 0.103354
v -0.071497 0.417958 0.096444
v -0.094823 0.425374 0.087320
v -0.117408 0.432210 0.075809
v -0.138991 0.438120 0.061857
v -0.159809 0.443522 0.046293
v -0.181008 0.448905 0.031092
v -0.195464 0.428701 0.029463
v -0.024485 0.416338 0.101156
v -0.049809 0.426051 0.096676
v -0.074619 0.435589 0.088335
v -0.098743 0.444774 0.076948
v -0.122277 0.452092 0.062728
v -0.145062 0.457845 0.046459
v -0.167979 0.463866 0.030067
v -0.191461 0.470068 0.014319
v -0.202709 0.453252 0.016568
v -0.026093 0.431752 0.095484
v -0.052334 0.444360 0.088930
v -0.077653 0.455696 0.078044
v -0.102328 0.465729 0.063660
v -0.126545 0.472599 0.046325
v -0.152587 0.477198 0.029204
v -0.179793 0.482049 0.012416
v -0.205377 0.487902 -0.004196
v -0.215160 0.473390 -0.000473
v -0.227847 0.486875 -0.023163
v 0.000844 -0.084747 -0.180599
v 0.032871 -0.055621 -0.181447
v 0.033220 -0.084897 -0.179707
v 0.064209 -0.055079 -0.178900
v 0.065164 -0.084326 -0.177340
v 0.095623 -0.054014 -0.171516
v 0.096946 -0.083209 -0.169272
v 0.125141 -0.052881 -0.155466
v 0.126978 -0.082073 -0.153446
v 0.150973 -0.051580 -0.132757
v 0.153229 -0.080719 -0.130603
v 0.171105 -0.049854 -0.105053
v 0.173435 -0.078913 -0.102436
v 0.187047 -0.047953 -0.075400
v 0.189487 -0.076911 -0.072878
v 0.196129 -0.046084 -0.044554
v 0.197798 -0.074832 -0.042097
v 0.200596 -0.044344 -0.012990
v 0.201743 -0.072921 -0.010496
v 0.001205 -0.055462 -0.182317
v 0.032075 -0.026671 -0.179559
v 0.062574 -0.026038 -0.177383
v 0.092998 -0.025004 -0.168988
v 0.122706 -0.023710 -0.155885
v 0.148527 -0.022486 -0.134545
v 0.167465 -0.020818 -0.106886
v 0.183509 -0.019008 -0.077521
v 0.194752 -0.017306 -0.046955
v 0.199585 -0.015821 -0.015490
v 0.001458 -0.026824 -0.177728
v 0.030729 0.001853 -0.175379
v 0.060761 0.002743 -0.174369
v 0.088697 0.003156 -0.162415
v 0.118289 0.004577 -0.150318
v 0.146794 0.006535 -0.136248
v 0.162414 0.008112 -0.108274
v 0.177276 0.009837 -0.078797
v 0.191837 0.011556 -0.049224
v 0.193837 0.012754 -0.017940
v 0.000792 0.001990 -0.180210
v 0.029412 0.030487 -0.169672
v 0.059264 0.030696 -0.165503
v 0.088810 0.031652 -0.163958
v 0.141194 0.034846 -0.131192
v 0.170257 0.038617 -0.079715
v 0.185646 0.040507 -0.050718
v 0.188160 0.041694 -0.020077
v 0.000001 0.030499 -0.173462
v 0.028477 0.059380 -0.168137
v 0.057530 0.059443 -0.162132
v 0.086918 0.059724 -0.156276
v 0.112503 0.032445 -0.142857
v 0.113677 0.060125 -0.145140
v 0.133974 0.061973 -0.121449
v 0.162288 0.036640 -0.110118
v 0.161205 0.065248 -0.110323
v 0.178366 0.069416 -0.051311
v 0.184557 0.070766 -0.021404
v -0.000201 0.059363 -0.170125
v 0.027968 0.088174 -0.166626
v 0.056367 0.088172 -0.161491
v 0.084684 0.088304 -0.152335
v 0.113536 0.088464 -0.145414
v 0.130761 0.090361 -0.121037
v 0.154409 0.093341 -0.104700
v 0.165757 0.067459 -0.080786
v 0.168039 0.095693 -0.081398
v 0.181209 0.099721 -0.022439
v -0.000315 0.116884 -0.165997
v -0.000255 0.088190 -0.168313
v 0.055800 0.116843 -0.160082
v 0.083461 0.116914 -0.151831
v 0.111130 0.117082 -0.141741
v 0.134987 0.117645 -0.124954
v 0.146904 0.121029 -0.097592
v 0.170125 0.123892 -0.081461
v 0.171483 0.098200 -0.051589
v 0.176543 0.128415 -0.023417
v -0.000380 0.145477 -0.163299
v 0.027822 0.116873 -0.164481
v 0.027678 0.145474 -0.161978
v 0.055611 0.145457 -0.158106
v 0.109794 0.145698 -0.139860
v 0.135724 0.146009 -0.126400
v 0.146343 0.149242 -0.099516
v 0.166300 0.152444 -0.079903
v 0.166695 0.126865 -0.052458
v 0.166680 0.155231 -0.053321
v -0.000441 0.174004 -0.160492
v 0.027536 0.174010 -0.159343
v 0.055415 0.174012 -0.155949
v 0.083129 0.145500 -0.150885
v 0.082945 0.174064 -0.149503
v 0.109608 0.174272 -0.139189
v 0.135036 0.174709 -0.125417
v 0.153159 0.176407 -0.103481
v 0.160762 0.180831 -0.076621
v 0.171084 0.183441 -0.053230
v 0.171065 0.157016 -0.024308
v -0.000495 0.202497 -0.157861
v 0.027410 0.202513 -0.156877
v 0.055231 0.202538 -0.153908
v 0.082765 0.202605 -0.148227
v 0.109526 0.202812 -0.138893
v 0.134648 0.203349 -0.125179
v 0.156465 0.204589 -0.106396
v 0.161811 0.209253 -0.079299
v 0.173752 0.212497 -0.054197
v 0.167800 0.185850 -0.025292
v -0.000541 0.230990 -0.155761
v 0.027320 0.231017 -0.154935
v 0.055109 0.231068 -0.152388
v 0.082653 0.231153 -0.147449
v 0.109521 0.231358 -0.139119
v 0.134787 0.231906 -0.126380
v 0.156772 0.233249 -0.108358
v 0.169086 0.236608 -0.083610
v 0.170824 0.241884 -0.056106
v 0.168217 0.215137 -0.026614
v -0.000570 0.259495 -0.154881
v 0.027334 0.259529 -0.154239
v 0.055183 0.259604 -0.152201
v 0.082842 0.259690 -0.148083
v 0.109901 0.259874 -0.140665
v 0.135640 0.260318 -0.129103
v 0.157920 0.261676 -0.111616
v 0.171982 0.264487 -0.087860
v 0.169554 0.273816 -0.032528
v 0.168375 0.244824 -0.028659
v -0.000579 0.287934 -0.155831
v 0.027473 0.287956 -0.155487
v 0.055518 0.287977 -0.154338
v 0.111162 0.287754 -0.145931
v 0.137909 0.287765 -0.136062
v 0.162206 0.288295 -0.120711
v 0.177795 0.290512 -0.097138
v 0.179378 0.295526 -0.068280
v 0.172641 0.269716 -0.060098
v 0.174520 0.303264 -0.037961
v -0.173357 0.303503 -0.036315
v -0.171786 0.270089 -0.058727
v -0.168322 0.274165 -0.031170
v -0.170420 0.242154 -0.054754
v -0.167051 0.245328 -0.027287
v -0.168460 0.215642 -0.025027
v -0.167354 0.213392 -0.053346
v -0.169461 0.186259 -0.023806
v -0.161921 0.184914 -0.051826
v -0.170357 0.157139 -0.023148
v -0.163559 0.155980 -0.051131
v -0.171858 0.128184 -0.023114
v -0.170580 0.127170 -0.051859
v -0.174814 0.099315 -0.022936
v -0.178974 0.098315 -0.052232
v -0.180504 0.070413 -0.021845
v -0.185414 0.069339 -0.051788
v -0.188314 0.041589 -0.020082
v -0.189833 0.011532 -0.049390
v -0.195537 0.012851 -0.018016
v -0.194973 -0.017390 -0.047260
v -0.201095 -0.015925 -0.015958
v -0.198826 -0.046425 -0.045036
v -0.203200 -0.044369 -0.013446
v -0.202477 -0.075282 -0.042533
v -0.206108 -0.072700 -0.010757
v -0.178606 0.295841 -0.066691
v -0.171870 0.264655 -0.086541
v -0.166908 0.237634 -0.080926
v -0.167600 0.209121 -0.078408
v -0.169092 0.180346 -0.078814
v -0.162819 0.152550 -0.078379
v -0.160236 0.096613 -0.077832
v -0.169387 0.067947 -0.079222
v -0.177692 0.039264 -0.080536
v -0.187774 0.040445 -0.051003
v -0.183043 0.010280 -0.080278
v -0.185194 -0.018747 -0.078106
v -0.189078 -0.047802 -0.075970
v -0.192212 -0.076811 -0.073662
v -0.177998 0.290563 -0.095845
v -0.158596 0.261692 -0.110745
v -0.156486 0.233447 -0.106720
v -0.153103 0.205476 -0.102084
v -0.147758 0.178174 -0.096474
v -0.150384 0.149814 -0.097916
v -0.156669 0.125289 -0.078590
v -0.156295 0.122065 -0.105932
v -0.156653 0.093662 -0.106882
v -0.157548 0.037923 -0.107417
v -0.164061 0.009067 -0.108077
v -0.169002 -0.019986 -0.107420
v -0.172765 -0.049075 -0.105829
v -0.175203 -0.078143 -0.103441
v -0.163081 0.288300 -0.119846
v -0.136599 0.260302 -0.128627
v -0.135502 0.231874 -0.125864
v -0.134843 0.203338 -0.124160
v -0.133523 0.174938 -0.122104
v -0.130237 0.147166 -0.117945
v -0.128782 0.119337 -0.113743
v -0.134323 0.091382 -0.120151
v -0.151002 0.066461 -0.106442
v -0.139347 0.064819 -0.132509
v -0.143798 0.007930 -0.134778
v -0.147957 -0.021052 -0.134233
v -0.151338 -0.050145 -0.133443
v -0.153399 -0.079273 -0.131209
v -0.138978 0.287767 -0.135552
v -0.110992 0.259898 -0.140533
v -0.110555 0.231321 -0.139243
v -0.110442 0.202720 -0.139194
v -0.110307 0.174131 -0.139566
v -0.109859 0.145567 -0.139556
v -0.109184 0.117252 -0.137651
v -0.108038 0.089438 -0.133363
v -0.110988 0.060946 -0.134141
v -0.141614 0.036311 -0.135289
v -0.115383 0.034310 -0.146516
v -0.121178 -0.021932 -0.155404
v -0.124242 -0.051038 -0.155791
v -0.126016 -0.080223 -0.153575
v -0.112291 0.287844 -0.145631
v -0.083968 0.259749 -0.148110
v -0.083747 0.231162 -0.147768
v -0.083795 0.202574 -0.148840
v -0.083927 0.173987 -0.150618
v -0.084064 0.145369 -0.152697
v -0.084772 0.088110 -0.154351
v -0.083276 0.060471 -0.149163
v -0.085535 0.032463 -0.152185
v -0.119009 0.007159 -0.156820
v -0.088983 0.004619 -0.161103
v -0.094087 -0.051932 -0.171913
v -0.095653 -0.081128 -0.169565
v -0.056671 0.288075 -0.154317
v -0.084661 0.287993 -0.151564
v -0.056324 0.259664 -0.152324
v -0.056196 0.231104 -0.152650
v -0.056238 0.202554 -0.154344
v -0.056336 0.174010 -0.156675
v -0.056447 0.145439 -0.159291
v -0.084341 0.116701 -0.154559
v -0.056582 0.116804 -0.162212
v -0.057153 0.088094 -0.165702
v -0.055507 0.032088 -0.160959
v -0.058215 0.003957 -0.168178
v -0.091476 -0.022888 -0.169888
v -0.062266 -0.053232 -0.179149
v -0.063738 -0.082480 -0.177806
v -0.028626 0.288006 -0.155499
v -0.028471 0.259567 -0.154308
v -0.028401 0.231043 -0.155071
v -0.028402 0.202532 -0.157094
v -0.028424 0.174023 -0.159654
v -0.028447 0.145484 -0.162395
v -0.028506 0.088181 -0.167445
v -0.028904 0.059398 -0.170924
v -0.057801 0.059333 -0.167446
v -0.029063 0.030770 -0.176802
v -0.029584 -0.025887 -0.176843
v -0.060436 -0.024426 -0.175012
v -0.031680 -0.083885 -0.180001
v -0.028466 0.116882 -0.165024
v -0.027731 0.002743 -0.171224
v -0.030663 -0.054613 -0.181517
v 0.231794 0.487066 -0.052432
v 0.214343 0.497677 -0.069551
v 0.212505 0.503580 -0.054961
v 0.193722 0.509799 -0.070333
v 0.189371 0.516208 -0.056587
v 0.169907 0.519867 -0.070199
v 0.156375 0.528148 -0.056861
v 0.138091 0.532004 -0.067683
v 0.120136 0.541390 -0.055348
v 0.108408 0.544278 -0.064566
v 0.091224 0.554633 -0.054007
v 0.083583 0.556822 -0.062236
v 0.070824 0.565700 -0.053754
v 0.191774 0.502934 -0.085149
v 0.172090 0.511780 -0.084071
v 0.147296 0.522505 -0.081143
v 0.119984 0.534561 -0.076483
v 0.095302 0.547322 -0.072462
v 0.075211 0.558133 -0.069501
v 0.066050 0.566593 -0.061729
v 0.166306 0.502752 -0.098133
v 0.147384 0.512664 -0.094945
v 0.124700 0.524632 -0.089733
v 0.102653 0.537111 -0.084391
v 0.082701 0.549120 -0.079643
v 0.066327 0.559249 -0.076172
v 0.059949 0.567183 -0.068395
v 0.139046 0.500854 -0.107799
v 0.121761 0.513160 -0.103219
v 0.103611 0.526152 -0.097570
v 0.086137 0.538784 -0.091819
v 0.070294 0.550171 -0.086466
v 0.056837 0.560031 -0.082201
v 0.053054 0.567934 -0.074149
v 0.111071 0.500271 -0.116412
v 0.097515 0.513598 -0.111333
v 0.083704 0.526836 -0.105414
v 0.070034 0.539625 -0.098974
v 0.057636 0.550841 -0.092852
v 0.046554 0.560417 -0.087148
v 0.045416 0.568504 -0.078928
v 0.083783 0.499724 -0.124807
v 0.073826 0.513135 -0.118837
v 0.063496 0.526598 -0.111825
v 0.053410 0.539256 -0.104527
v 0.043818 0.550462 -0.097005
v 0.035444 0.559983 -0.090376
v 0.037024 0.568612 -0.082399
v 0.055975 0.497211 -0.129034
v 0.049350 0.511138 -0.122501
v 0.042585 0.524821 -0.115294
v 0.035828 0.537806 -0.107308
v 0.029490 0.549413 -0.099546
v 0.023866 0.559605 -0.092777
v 0.028186 0.568652 -0.085075
v 0.027953 0.493510 -0.130373
v 0.024680 0.508033 -0.123977
v 0.021303 0.522328 -0.116571
v 0.017968 0.535811 -0.108613
v 0.014796 0.548260 -0.100995
v 0.011982 0.559054 -0.094024
v 0.019004 0.568548 -0.086909
v -0.000145 0.504891 -0.125343
v -0.000108 0.519860 -0.117798
v -0.000061 0.534069 -0.109555
v -0.000016 0.547120 -0.101820
v 0.000017 0.558389 -0.094626
v 0.009586 0.568319 -0.087888
v -0.009491 0.568347 -0.087826
v 0.000037 0.568083 -0.088363
v -0.011938 0.559119 -0.093997
v -0.018918 0.568610 -0.086814
v -0.023811 0.559630 -0.092598
v -0.028127 0.568732 -0.084992
v -0.035412 0.560031 -0.090280
v -0.036984 0.568673 -0.082330
v -0.046547 0.560474 -0.087120
v -0.045409 0.568565 -0.078917
v -0.056837 0.560121 -0.082100
v -0.053068 0.567994 -0.074077
v -0.066330 0.559408 -0.075965
v -0.059991 0.567267 -0.068234
v -0.075203 0.558340 -0.069167
v -0.066100 0.566696 -0.061437
v -0.083553 0.556840 -0.061809
v -0.070837 0.565802 -0.053370
v -0.014816 0.548323 -0.100956
v -0.029502 0.549501 -0.099477
v -0.043838 0.550546 -0.096950
v -0.057651 0.550920 -0.092730
v -0.070307 0.550339 -0.086215
v -0.082720 0.549373 -0.079293
v -0.095370 0.547489 -0.072062
v -0.108558 0.544537 -0.064165
v -0.091232 0.554660 -0.053570
v -0.018070 0.535872 -0.108565
v -0.035913 0.537888 -0.107241
v -0.053495 0.539333 -0.104444
v -0.070110 0.539805 -0.098724
v -0.086231 0.539068 -0.091468
v -0.102803 0.537366 -0.083997
v -0.120217 0.534757 -0.076059
v -0.138278 0.532127 -0.067108
v -0.120252 0.541378 -0.054813
v -0.021501 0.522389 -0.116525
v -0.042777 0.524887 -0.115233
v -0.063706 0.526747 -0.111697
v -0.083923 0.527122 -0.105108
v -0.103890 0.526416 -0.097186
v -0.125063 0.524836 -0.089297
v -0.147651 0.522648 -0.080565
v -0.170326 0.519910 -0.069610
v -0.156638 0.528135 -0.056229
v -0.024951 0.508096 -0.123941
v -0.049610 0.511215 -0.122390
v -0.074113 0.513356 -0.118594
v -0.097887 0.513915 -0.111008
v -0.122279 0.513442 -0.102867
v -0.148064 0.512861 -0.094477
v -0.172770 0.511861 -0.083452
v -0.194430 0.509714 -0.069699
v -0.189754 0.516134 -0.056070
v -0.028285 0.493586 -0.130339
v -0.056312 0.497366 -0.128978
v -0.084152 0.500021 -0.124512
v -0.111598 0.500571 -0.116034
v -0.139797 0.501126 -0.107392
v -0.167197 0.502961 -0.097536
v -0.192693 0.502862 -0.084439
v -0.215162 0.497378 -0.068740
v -0.213079 0.503319 -0.054197
v -0.000170 0.489818 -0.131739
v -0.026618 0.469130 -0.138775
v -0.053067 0.472679 -0.137892
v -0.079516 0.476087 -0.135800
v -0.105472 0.478343 -0.129524
v -0.131199 0.480518 -0.121757
v -0.156966 0.483415 -0.113813
v -0.182557 0.486264 -0.105223
v -0.206949 0.486554 -0.094290
v -0.228168 0.481177 -0.079982
v -0.232433 0.486494 -0.051629
v -0.000215 0.465802 -0.139733
v -0.024890 0.447125 -0.145273
v -0.049582 0.450391 -0.144764
v -0.074316 0.453800 -0.144089
v -0.098792 0.456395 -0.139754
v -0.122926 0.458638 -0.133290
v -0.147104 0.461271 -0.126776
v -0.171154 0.463929 -0.119620
v -0.195019 0.465999 -0.111816
v -0.218283 0.465848 -0.102768
v -0.000255 0.444060 -0.145944
v -0.023638 0.424593 -0.150302
v -0.047004 0.427407 -0.150178
v -0.070395 0.430341 -0.150088
v -0.093725 0.432942 -0.147886
v -0.116709 0.435026 -0.142725
v -0.139720 0.437366 -0.137664
v -0.162626 0.439756 -0.132242
v -0.185242 0.441715 -0.125777
v -0.207534 0.442857 -0.118215
v -0.000307 0.421936 -0.150655
v -0.023074 0.401663 -0.153956
v -0.045800 0.403827 -0.154052
v -0.068526 0.406101 -0.154458
v -0.091191 0.408114 -0.152883
v -0.113593 0.409803 -0.148935
v -0.135963 0.411620 -0.144993
v -0.158278 0.413484 -0.141090
v -0.180261 0.414980 -0.135985
v -0.201728 0.416054 -0.129219
v -0.000360 0.399587 -0.154134
v -0.023305 0.378631 -0.156594
v -0.046190 0.380125 -0.156878
v -0.069046 0.381656 -0.157365
v -0.091847 0.382975 -0.155986
v -0.114428 0.384086 -0.152739
v -0.136863 0.385160 -0.149087
v -0.159069 0.386063 -0.144841
v -0.180670 0.386613 -0.138946
v -0.200626 0.386730 -0.130688
v -0.000411 0.377151 -0.156606
v -0.024233 0.355673 -0.158099
v -0.047984 0.356600 -0.158501
v -0.071709 0.357480 -0.158731
v -0.095359 0.358180 -0.157133
v -0.118717 0.358673 -0.153277
v -0.141899 0.359003 -0.148930
v -0.164385 0.359082 -0.142217
v -0.185247 0.359239 -0.132009
v -0.000464 0.354706 -0.158035
v -0.025612 0.332907 -0.158380
v -0.050699 0.333408 -0.158682
v -0.075768 0.333797 -0.158436
v -0.100704 0.334018 -0.155730
v -0.125334 0.334034 -0.151001
v -0.149381 0.333871 -0.144032
v -0.171587 0.333884 -0.132619
v -0.188879 0.335436 -0.115158
v -0.199179 0.360727 -0.116549
v -0.000563 0.310084 -0.157349
v -0.000519 0.332329 -0.158292
v -0.027156 0.310379 -0.157318
v -0.053766 0.310579 -0.157281
v -0.080362 0.310653 -0.155914
v -0.106811 0.310536 -0.152166
v -0.132610 0.310392 -0.144893
v -0.157229 0.310249 -0.134078
v -0.177454 0.311316 -0.116300
v -0.185851 0.314733 -0.091649
v -0.192139 0.340901 -0.091608
v -0.183017 0.320079 -0.065789
v 0.026033 0.310322 -0.157321
v 0.052636 0.310471 -0.157278
v 0.079234 0.310518 -0.155999
v 0.083510 0.287879 -0.151695
v 0.105702 0.310417 -0.152360
v 0.131562 0.310345 -0.145268
v 0.156297 0.310288 -0.134679
v 0.176799 0.311398 -0.117241
v 0.185942 0.314610 -0.092929
v 0.183674 0.320089 -0.067187
v 0.024577 0.332849 -0.158370
v 0.049667 0.333290 -0.158655
v 0.074749 0.333626 -0.158485
v 0.099714 0.333855 -0.155854
v 0.124386 0.333931 -0.151232
v 0.148510 0.333893 -0.144353
v 0.170888 0.334049 -0.133176
v 0.188227 0.335708 -0.115694
v 0.193060 0.340693 -0.092592
v 0.047072 0.356471 -0.158486
v 0.070809 0.357281 -0.158754
v 0.094470 0.357962 -0.157170
v 0.117862 0.358506 -0.153464
v 0.141071 0.358938 -0.149101
v 0.163644 0.359203 -0.142580
v 0.184177 0.359663 -0.131795
v 0.197957 0.360896 -0.117112
v 0.023310 0.355611 -0.158113
v 0.045381 0.379989 -0.156885
v 0.068249 0.381433 -0.157384
v 0.091058 0.382728 -0.156117
v 0.113641 0.383867 -0.152897
v 0.136062 0.385020 -0.149221
v 0.158251 0.386102 -0.145038
v 0.179667 0.386793 -0.138782
v 0.199587 0.386762 -0.131052
v 0.022488 0.378568 -0.156604
v 0.022362 0.401598 -0.153977
v 0.045099 0.403679 -0.154053
v 0.067830 0.405860 -0.154476
v 0.090514 0.407850 -0.153010
v 0.112922 0.409548 -0.149110
v 0.135292 0.411420 -0.145154
v 0.157619 0.413426 -0.141238
v 0.179664 0.415055 -0.136165
v 0.023038 0.424519 -0.150301
v 0.046417 0.427247 -0.150175
v 0.069820 0.430089 -0.150145
v 0.093189 0.432656 -0.148042
v 0.116165 0.434739 -0.142931
v 0.139166 0.437120 -0.137871
v 0.162090 0.439627 -0.132462
v 0.184711 0.441684 -0.125946
v 0.201209 0.416197 -0.129364
v 0.024392 0.447046 -0.145290
v 0.049092 0.450223 -0.144792
v 0.073834 0.453537 -0.144216
v 0.098298 0.456087 -0.139957
v 0.122395 0.458325 -0.133545
v 0.146519 0.460992 -0.127029
v 0.170515 0.463736 -0.119896
v 0.194348 0.465939 -0.112090
v 0.207032 0.442890 -0.118379
v 0.026196 0.469046 -0.138799
v 0.052649 0.472508 -0.137948
v 0.079076 0.475794 -0.135945
v 0.104969 0.478030 -0.129813
v 0.130591 0.480200 -0.122088
v 0.156235 0.483107 -0.114178
v 0.181725 0.486070 -0.105624
v 0.206171 0.486530 -0.094761
v 0.217689 0.465804 -0.103089
v 0.227699 0.481270 -0.080680
v -0.173357 0.303503 -0.036315
v -0.192855 0.318840 -0.019120
v -0.190355 0.318455 -0.044661
v -0.205263 0.302193 -0.021050
v -0.198463 0.297583 -0.044741
v -0.209937 0.279242 -0.043724
v -0.207660 0.278590 -0.019824
v -0.219440 0.254814 -0.041902
v -0.219408 0.255544 -0.017084
v -0.240432 0.230956 -0.038518
v -0.177684 0.325062 -0.010377
v -0.201396 0.332327 0.003716
v -0.205346 0.306815 0.003960
v -0.213377 0.283480 0.004938
v -0.227810 0.261661 0.007342
v -0.239219 0.232442 -0.013670
v -0.184288 0.347979 0.011723
v -0.204533 0.349878 0.022568
v -0.217336 0.325163 0.014525
v -0.229005 0.302459 0.008834
v -0.244024 0.278010 0.020545
v -0.249668 0.240388 0.009512
v -0.187975 0.373315 0.027600
v -0.209838 0.374717 0.022811
v -0.226718 0.348051 0.010985
v -0.242531 0.321949 0.019793
v -0.260387 0.295280 0.029394
v -0.264101 0.252443 0.029620
v -0.191861 0.400953 0.034188
v -0.215604 0.399472 0.017335
v -0.237541 0.370310 0.014998
v -0.256897 0.340401 0.020491
v -0.251924 0.305594 0.009496
v -0.274618 0.271928 0.013637
v -0.267126 0.263507 0.020043
v -0.195464 0.428701 0.029463
v -0.227380 0.422062 0.010578
v -0.250888 0.389928 0.010923
v -0.255786 0.352273 -0.000040
v -0.272530 0.318817 0.003197
v -0.292759 0.283018 0.002591
v -0.202709 0.453252 0.016568
v -0.241164 0.439816 -0.004051
v -0.258812 0.402480 -0.009154
v -0.274675 0.364485 -0.012664
v -0.295656 0.331205 -0.005461
v -0.215160 0.473390 -0.000473
v -0.252282 0.450119 -0.026559
v -0.271319 0.411462 -0.029680
v -0.289345 0.372913 -0.028231
v -0.306368 0.336143 -0.025505
v -0.331331 0.300496 -0.021013
v -0.317904 0.294655 -0.000520
v -0.232433 0.486494 -0.051629
v -0.227847 0.486875 -0.023163
v -0.256287 0.451025 -0.053771
v -0.276543 0.412781 -0.055160
v -0.314617 0.338754 -0.049708
v -0.228168 0.481177 -0.079982
v -0.254626 0.446265 -0.081072
v -0.275512 0.408317 -0.081033
v -0.293026 0.373289 -0.053377
v -0.294955 0.370726 -0.078632
v -0.319946 0.338594 -0.074810
v -0.341541 0.304292 -0.044419
v -0.218283 0.465848 -0.102768
v -0.245378 0.432820 -0.103336
v -0.267581 0.396865 -0.103684
v -0.290879 0.362389 -0.102482
v -0.316758 0.331665 -0.098853
v -0.346686 0.304226 -0.069625
v -0.207534 0.442857 -0.118215
v -0.233684 0.412271 -0.118986
v -0.255871 0.378899 -0.120152
v -0.279921 0.347142 -0.119684
v -0.305498 0.318014 -0.117317
v -0.345441 0.299572 -0.094831
v -0.201728 0.416054 -0.129219
v -0.222365 0.387314 -0.126788
v -0.242626 0.356488 -0.127239
v -0.265412 0.327484 -0.126415
v -0.289084 0.300057 -0.123040
v -0.332505 0.286624 -0.113040
v -0.200626 0.386730 -0.130688
v -0.213328 0.361156 -0.122134
v -0.231606 0.333466 -0.124403
v -0.250863 0.307059 -0.124026
v -0.272150 0.281505 -0.122116
v -0.315838 0.271373 -0.122808
v -0.199179 0.360727 -0.116549
v -0.207866 0.337103 -0.111116
v -0.221643 0.312231 -0.114197
v -0.236492 0.288489 -0.113726
v -0.277491 0.241278 -0.108011
v -0.296196 0.254864 -0.119886
v -0.192139 0.340901 -0.091608
v -0.200708 0.317736 -0.093122
v -0.211077 0.297327 -0.094980
v -0.223369 0.276581 -0.093512
v -0.255033 0.265250 -0.111433
v -0.261859 0.234490 -0.086605
v -0.183017 0.320079 -0.065789
v -0.202686 0.294310 -0.069403
v -0.215774 0.276409 -0.067925
v -0.227285 0.253309 -0.066214
v -0.239919 0.255681 -0.090673
v -0.249297 0.232020 -0.062593
v -0.190355 0.318455 -0.044661
v -0.192801 0.310544 -0.069576
v -0.198463 0.297583 -0.044741
v -0.209937 0.279242 -0.043724
v -0.219440 0.254814 -0.041902
v -0.240432 0.230956 -0.038518
v 0.174520 0.303264 -0.037961
v 0.195174 0.318643 -0.021675
v 0.179139 0.324589 -0.012088
v 0.190808 0.315365 -0.046568
v 0.208229 0.302393 -0.023656
v 0.200900 0.296717 -0.046882
v 0.211688 0.278912 -0.022308
v 0.223792 0.255136 -0.044000
v 0.213508 0.279154 -0.046067
v 0.244649 0.231933 -0.040508
v 0.223117 0.255846 -0.019753
v 0.203491 0.332477 0.001149
v 0.185883 0.347390 0.009863
v 0.208907 0.307383 0.001476
v 0.217109 0.283937 0.002493
v 0.232209 0.262611 0.001641
v 0.241103 0.232266 -0.016422
v 0.206312 0.350162 0.020273
v 0.189169 0.373170 0.025475
v 0.220341 0.325619 0.013810
v 0.231129 0.302675 0.003728
v 0.247975 0.279836 0.009020
v 0.258150 0.253816 0.026205
v 0.211468 0.375048 0.021935
v 0.192725 0.400956 0.032595
v 0.228424 0.348699 0.008900
v 0.244511 0.323045 0.008523
v 0.254538 0.296103 0.027270
v 0.216765 0.399996 0.016645
v 0.196047 0.428999 0.028463
v 0.238492 0.371352 0.006500
v 0.254829 0.342193 0.021360
v 0.265429 0.309382 0.021160
v 0.281162 0.272970 0.018612
v 0.227819 0.423035 0.010114
v 0.202980 0.453979 0.016061
v 0.251219 0.392052 0.012238
v 0.260398 0.354925 0.007004
v 0.267803 0.318315 0.002686
v 0.286174 0.282514 0.001852
v 0.241009 0.440905 -0.004448
v 0.215077 0.474318 -0.000946
v 0.257797 0.403550 -0.008208
v 0.271334 0.364511 -0.012035
v 0.290312 0.329508 -0.006944
v 0.252111 0.450790 -0.026851
v 0.227663 0.487428 -0.023901
v 0.270388 0.411989 -0.029196
v 0.289462 0.374215 -0.026685
v 0.306591 0.336903 -0.023316
v 0.311651 0.293009 -0.002336
v 0.231794 0.487066 -0.052432
v 0.255780 0.451817 -0.053912
v 0.292591 0.374081 -0.051852
v 0.276182 0.413704 -0.054412
v 0.313172 0.338278 -0.047647
v 0.339081 0.303813 -0.041938
v 0.227699 0.481270 -0.080680
v 0.254465 0.446597 -0.081001
v 0.275443 0.409012 -0.080159
v 0.295090 0.371550 -0.077029
v 0.319115 0.338221 -0.072275
v 0.217689 0.465804 -0.103089
v 0.245348 0.433181 -0.103162
v 0.268024 0.397588 -0.102867
v 0.291188 0.363054 -0.100846
v 0.345030 0.304052 -0.066409
v 0.316678 0.331563 -0.096155
v 0.207032 0.442890 -0.118379
v 0.233999 0.412807 -0.118707
v 0.256787 0.379676 -0.119600
v 0.281199 0.348071 -0.118671
v 0.343852 0.299159 -0.090903
v 0.307614 0.319210 -0.115600
v 0.201209 0.416197 -0.129364
v 0.223728 0.387525 -0.126485
v 0.244351 0.356822 -0.127170
v 0.267573 0.327974 -0.125837
v 0.335512 0.289215 -0.112492
v 0.291765 0.300731 -0.121080
v 0.199587 0.386762 -0.131052
v 0.215437 0.360983 -0.122714
v 0.233704 0.333202 -0.124943
v 0.253380 0.307042 -0.124008
v 0.318726 0.273232 -0.119051
v 0.275291 0.281921 -0.121094
v 0.197957 0.360896 -0.117112
v 0.209460 0.336531 -0.112472
v 0.223539 0.311629 -0.115184
v 0.239179 0.288073 -0.114427
v 0.280979 0.242075 -0.107936
v 0.258358 0.265310 -0.111575
v 0.193060 0.340693 -0.092592
v 0.202187 0.317288 -0.094429
v 0.212766 0.295901 -0.096671
v 0.225841 0.275281 -0.095181
v 0.264812 0.234136 -0.088178
v 0.243217 0.255017 -0.092082
v 0.183674 0.320089 -0.067187
v 0.204428 0.292419 -0.071275
v 0.192492 0.306874 -0.070805
v 0.218072 0.274833 -0.069885
v 0.231250 0.253043 -0.067924
v 0.253366 0.232627 -0.064138
v 0.190808 0.315365 -0.046568
v 0.174520 0.303264 -0.037961
v 0.200900 0.296717 -0.046882
v 0.213508 0.279154 -0.046067
v 0.223792 0.255136 -0.044000
v 0.244649 0.231933 -0.040508
v 0.272365 0.267244 0.035729
v 0.053054 0.567934 -0.074149
v 0.058402 0.566832 -0.067548
v 0.059949 0.567183 -0.068395
v 0.064354 0.566257 -0.061056
v 0.066050 0.566593 -0.061729
v 0.000037 0.568083 -0.088363
v -0.009245 0.567970 -0.086490
v 0.000037 0.567714 -0.087017
v 0.077144 0.553778 -0.025163
v 0.074553 0.544922 -0.011846
v 0.076526 0.544835 -0.011249
v -0.045409 0.568565 -0.078917
v -0.051688 0.567621 -0.073080
v -0.044223 0.568177 -0.077791
v 0.052797 0.522446 0.034758
v 0.036272 0.519237 0.042869
v 0.037256 0.518532 0.044988
v -0.009491 0.568347 -0.087826
v -0.018424 0.568223 -0.085490
v 0.075207 0.561251 -0.039094
v 0.075190 0.553677 -0.025410
v -0.053068 0.567994 -0.074077
v -0.058441 0.566913 -0.067392
v 0.064999 0.528813 0.020677
v 0.051385 0.523056 0.032905
v -0.066100 0.566696 -0.061437
v -0.069029 0.565487 -0.052912
v -0.064402 0.566357 -0.060771
v -0.018918 0.568610 -0.086814
v -0.027390 0.568340 -0.083709
v 0.000185 0.513996 0.048556
v -0.018535 0.517113 0.046772
v -0.019024 0.516363 0.048947
v -0.035972 0.518953 0.043042
v -0.036949 0.518241 0.045166
v -0.052577 0.522377 0.034880
v -0.051169 0.522990 0.033025
v -0.059991 0.567267 -0.068234
v -0.064888 0.528808 0.020739
v -0.063155 0.529260 0.019284
v 0.072709 0.536140 0.004175
v 0.063264 0.529265 0.019223
v -0.072716 0.536060 0.004318
v -0.070802 0.536343 0.003317
v -0.076588 0.544657 -0.011038
v -0.074612 0.544749 -0.011640
v -0.070837 0.565802 -0.053370
v -0.073322 0.560939 -0.038606
v -0.077174 0.553603 -0.024848
v -0.075218 0.553506 -0.025102
v -0.028127 0.568732 -0.084992
v -0.036015 0.568282 -0.081114
v -0.075220 0.561178 -0.038694
v 0.018819 0.517324 0.046554
v 0.000181 0.514791 0.046418
v 0.009339 0.567944 -0.086550
v 0.009586 0.568319 -0.087888
v 0.018509 0.568163 -0.085582
v 0.019004 0.568548 -0.086909
v 0.070796 0.536421 0.003177
v 0.027449 0.568262 -0.083789
v 0.028186 0.568652 -0.085075
v 0.070824 0.565700 -0.053754
v 0.073309 0.561010 -0.038996
v 0.036055 0.568222 -0.081182
v 0.037024 0.568612 -0.082399
v -0.036984 0.568673 -0.082330
v 0.044231 0.568116 -0.077803
v 0.045416 0.568504 -0.078928
v 0.019314 0.516579 0.048726
v 0.051676 0.567562 -0.073150
v 0.069017 0.565387 -0.053286
v 0.009888 0.556814 -0.089517
v 0.019599 0.557077 -0.088496
v 0.055017 0.509829 0.038185
v 0.038659 0.505899 0.048502
v 0.067921 0.516455 0.023628
v -0.009792 0.556842 -0.089453
v 0.000037 0.556569 -0.090008
v 0.076044 0.524235 0.006291
v -0.072827 0.555159 -0.053840
v 0.079842 0.533484 -0.010079
v -0.077515 0.550539 -0.038771
v -0.019513 0.557140 -0.088398
v 0.080014 0.542906 -0.024776
v -0.080048 0.542723 -0.024449
v -0.028999 0.557328 -0.086497
v 0.077508 0.550616 -0.039186
v -0.079912 0.533298 -0.009861
v -0.038112 0.557359 -0.083726
v 0.067932 0.555804 -0.062445
v 0.072826 0.555055 -0.054240
v -0.076053 0.524149 0.006437
v -0.046767 0.557363 -0.080182
v 0.061684 0.556246 -0.069314
v -0.067806 0.516443 0.023693
v -0.054625 0.556917 -0.075175
v 0.054613 0.556860 -0.075252
v -0.054790 0.509747 0.038314
v -0.061723 0.556327 -0.069145
v 0.046774 0.557305 -0.080196
v -0.038342 0.505596 0.048679
v 0.038152 0.557300 -0.083800
v -0.019656 0.503668 0.052209
v -0.067975 0.555908 -0.062138
v 0.029059 0.557248 -0.086584
v 0.019953 0.503873 0.051984
v 0.000190 0.501291 0.051616
v 0.000035 0.528918 -0.036222
v -0.192212 -0.076811 -0.073662
v -0.197504 -0.075186 -0.042170
v -0.202477 -0.075282 -0.042533
v -0.184861 -0.065826 0.082880
v -0.194113 -0.067148 0.051061
v -0.180410 -0.066032 0.080712
v -0.175203 -0.078143 -0.103441
v -0.187511 -0.076654 -0.072542
v -0.153399 -0.079273 -0.131209
v -0.170935 -0.077939 -0.101575
v -0.126016 -0.080223 -0.153575
v -0.149712 -0.079030 -0.128637
v -0.095653 -0.081128 -0.169565
v -0.123035 -0.079949 -0.150422
v 0.201743 -0.072921 -0.010496
v 0.196851 -0.070428 0.020408
v 0.196628 -0.072872 -0.010849
v -0.063738 -0.082480 -0.177806
v -0.093445 -0.080829 -0.165982
v 0.202024 -0.070396 0.021440
v 0.191267 -0.068393 0.050952
v 0.189487 -0.076911 -0.072878
v 0.192881 -0.074719 -0.041756
v 0.184766 -0.076728 -0.071792
v -0.031680 -0.083885 -0.180001
v -0.062336 -0.082147 -0.173979
v 0.179326 -0.066792 0.082419
v 0.196196 -0.068292 0.052619
v 0.153955 -0.066147 0.107870
v 0.174904 -0.066945 0.080250
v -0.065105 -0.065273 0.150203
v -0.094588 -0.065627 0.136717
v -0.063671 -0.065507 0.146256
v 0.123564 -0.066144 0.124783
v 0.150175 -0.066325 0.105180
v -0.200977 -0.072699 -0.011092
v -0.206108 -0.072700 -0.010757
v 0.000844 -0.084747 -0.180599
v -0.031042 -0.083516 -0.176087
v 0.092658 -0.065878 0.139315
v 0.120547 -0.066327 0.121614
v 0.061561 -0.065571 0.149524
v 0.090440 -0.066075 0.135686
v 0.030405 -0.065347 0.155049
v 0.060155 -0.065783 0.145589
v 0.096946 -0.083209 -0.169272
v 0.123892 -0.081725 -0.150312
v 0.094631 -0.082833 -0.165710
v -0.001398 -0.065205 0.155809
v 0.029745 -0.065571 0.150955
v -0.203949 -0.069102 0.021329
v -0.199083 -0.066996 0.052727
v 0.197798 -0.074832 -0.042097
v -0.096837 -0.065400 0.140356
v -0.125352 -0.065654 0.122880
v 0.126978 -0.082073 -0.153446
v 0.149459 -0.080412 -0.128061
v -0.198823 -0.069202 0.020310
v 0.032515 -0.084491 -0.175804
v 0.000807 -0.084348 -0.176660
v -0.128404 -0.065431 0.126057
v -0.155461 -0.065386 0.106173
v 0.153229 -0.080719 -0.130603
v 0.169120 -0.078664 -0.100608
v -0.032715 -0.065439 0.151139
v -0.001384 -0.065436 0.151660
v 0.033220 -0.084897 -0.179707
v 0.063661 -0.083926 -0.173535
v -0.159271 -0.065155 0.108868
v 0.173435 -0.078913 -0.102436
v -0.033407 -0.065203 0.155242
v 0.065164 -0.084326 -0.177340
v 0.000704 -0.046692 -0.168004
v -0.029294 -0.045937 -0.167471
v 0.088566 -0.045311 -0.157854
v 0.059729 -0.046304 -0.165172
v -0.190206 -0.033734 0.017921
v -0.183784 -0.031771 0.047134
v 0.183285 -0.038159 -0.041007
v 0.115773 -0.044327 -0.143388
v -0.191256 -0.036574 -0.011902
v -0.185515 -0.038456 -0.041386
v 0.139474 -0.043174 -0.122452
v 0.188589 -0.036535 -0.011690
v 0.157575 -0.041636 -0.096606
v 0.187597 -0.034343 0.017986
v 0.173096 -0.039931 -0.069441
v 0.179404 -0.032516 0.047002
v 0.162512 -0.031220 0.074742
v 0.139491 -0.030676 0.097969
v -0.030524 -0.029932 0.140853
v -0.001333 -0.029934 0.141674
v -0.175231 -0.039816 -0.070131
v 0.111962 -0.030690 0.112823
v -0.059327 -0.029982 0.135825
v -0.159386 -0.040995 -0.097487
v 0.084039 -0.030474 0.125652
v -0.087984 -0.030070 0.126624
v -0.139823 -0.041930 -0.122947
v 0.055969 -0.030227 0.135210
v -0.116520 -0.030080 0.114067
v -0.115089 -0.042720 -0.143425
v 0.027680 -0.030050 0.140689
v -0.144496 -0.029823 0.098959
v -0.087579 -0.043491 -0.158032
v 0.030593 -0.046823 -0.167245
v -0.167808 -0.030402 0.075226
v -0.058616 -0.044687 -0.165519
v -0.000420 -0.035908 -0.017112
v -0.249297 0.232020 -0.062593
v -0.243164 0.233532 -0.038961
v -0.251516 0.234513 -0.061297
v -0.239219 0.232442 -0.013670
v -0.251713 0.242332 0.005500
v -0.241915 0.234951 -0.015946
v -0.274618 0.271928 0.013637
v -0.268123 0.263745 0.015275
v -0.267126 0.263507 0.020043
v -0.331331 0.300496 -0.021013
v -0.316089 0.292636 -0.003704
v -0.317904 0.294655 -0.000520
v -0.346686 0.304226 -0.069625
v -0.341785 0.297217 -0.091334
v -0.342935 0.301538 -0.067905
v -0.296196 0.254864 -0.119886
v -0.314272 0.271009 -0.117338
v -0.315838 0.271373 -0.122808
v -0.263271 0.236824 -0.083559
v -0.261859 0.234490 -0.086605
v -0.249668 0.240388 0.009512
v -0.265439 0.253482 0.024165
v -0.292759 0.283018 0.002591
v -0.275149 0.271549 0.009352
v -0.338150 0.301595 -0.044481
v -0.328660 0.298067 -0.022734
v -0.345441 0.299572 -0.094831
v -0.329762 0.285183 -0.108260
v -0.240432 0.230956 -0.038518
v -0.277491 0.241278 -0.108011
v -0.296015 0.255665 -0.114614
v -0.264101 0.252443 0.029620
v -0.292207 0.281829 -0.000872
v -0.341541 0.304292 -0.044419
v -0.332505 0.286624 -0.113040
v -0.278108 0.243098 -0.103455
v -0.245638 0.291761 -0.003719
v -0.295122 0.307006 -0.089060
v -0.263886 0.304337 -0.014677
v -0.251157 0.297083 -0.007756
v -0.282949 0.297057 -0.095107
v -0.282611 0.312184 -0.016465
v -0.267296 0.286378 -0.092713
v -0.292636 0.315997 -0.029626
v -0.224125 0.271631 -0.025432
v -0.224518 0.270550 -0.040933
v -0.251859 0.277704 -0.084653
v -0.300492 0.318549 -0.044729
v -0.232122 0.276892 -0.010872
v -0.239601 0.273202 -0.071014
v -0.304650 0.318583 -0.061079
v -0.243324 0.284884 0.002364
v -0.230543 0.271345 -0.055993
v -0.304205 0.315552 -0.077434
v 0.258150 0.253816 0.026205
v 0.273415 0.267236 0.029649
v 0.272365 0.267244 0.035729
v 0.286174 0.282514 0.001852
v 0.309961 0.291044 -0.005499
v 0.311651 0.293009 -0.002336
v 0.339081 0.303813 -0.041938
v 0.341263 0.301281 -0.064756
v 0.345030 0.304052 -0.066409
v 0.318726 0.273232 -0.119051
v 0.332459 0.287551 -0.107423
v 0.316918 0.272754 -0.113493
v 0.264812 0.234136 -0.088178
v 0.281315 0.243983 -0.103056
v 0.266049 0.236670 -0.084768
v 0.253366 0.232627 -0.064138
v 0.247257 0.234608 -0.040745
v 0.244649 0.231933 -0.040508
v 0.241103 0.232266 -0.016422
v 0.253851 0.242385 0.001721
v 0.251801 0.240294 0.005549
v 0.281162 0.272970 0.018612
v 0.281379 0.272532 0.013811
v 0.326237 0.297744 -0.020977
v 0.328824 0.300235 -0.019108
v 0.340176 0.296755 -0.087433
v 0.343852 0.299159 -0.090903
v 0.299905 0.256377 -0.117765
v 0.299381 0.257159 -0.112272
v 0.255403 0.235250 -0.062581
v 0.259892 0.254860 0.020779
v 0.286012 0.281351 -0.001654
v 0.335754 0.301058 -0.042106
v 0.243836 0.234961 -0.018523
v 0.335512 0.289215 -0.112492
v 0.280979 0.242075 -0.107936
v 0.280215 0.306918 -0.018785
v 0.271911 0.284573 -0.088414
v 0.257496 0.275938 -0.082096
v 0.292381 0.311456 -0.028903
v 0.230775 0.269644 -0.027634
v 0.245767 0.271022 -0.070210
v 0.299810 0.313734 -0.042819
v 0.238503 0.274644 -0.014594
v 0.238202 0.269837 -0.055969
v 0.304372 0.313977 -0.057826
v 0.244092 0.282922 -0.002093
v 0.232742 0.269302 -0.041917
v 0.303952 0.310959 -0.072852
v 0.254541 0.291196 0.004024
v 0.298591 0.304780 -0.086002
v 0.259516 0.294627 -0.006206
v 0.286336 0.294866 -0.089669
v 0.263055 0.300303 -0.016301
v 0.262794 0.290496 -0.044220
v -0.259152 0.293016 -0.045284
v -0.173357 0.303503 -0.036315
v 0.251801 0.240294 0.005549
v 0.328824 0.300235 -0.019108
v 0.299905 0.256377 -0.117765
vn -0.0002 -0.6764 0.7365
vn -0.0914 0.0504 0.9945
vn -0.0668 -0.6650 0.7438
vn -0.2485 0.0644 0.9665
vn -0.1765 -0.6581 0.7319
vn -0.3662 0.0913 0.9260
vn -0.2709 -0.6489 0.7110
vn -0.4800 0.1069 0.8707
vn -0.3566 -0.6465 0.6745
vn -0.6295 0.1686 0.7585
vn -0.4922 -0.5937 0.6366
vn -0.8013 0.1864 0.5685
vn -0.6610 -0.5778 0.4788
vn -0.7500 -0.6034 0.2711
vn -0.9430 0.1106 0.3138
vn -0.7480 -0.6480 0.1432
vn -0.9953 0.0831 -0.0492
vn -0.7545 -0.6546 0.0460
vn -0.0004 0.0423 0.9991
vn -0.1087 0.0829 0.9906
vn -0.2526 0.1088 0.9614
vn -0.3807 0.1075 0.9184
vn -0.5111 0.1539 0.8457
vn -0.6341 0.2283 0.7388
vn -0.7940 0.2072 0.5715
vn -0.9107 0.2024 0.3602
vn -0.9910 0.0789 0.1078
vn -0.9882 0.1299 -0.0813
vn -0.0035 0.0565 0.9984
vn -0.1445 0.0755 0.9866
vn -0.2465 0.1070 0.9632
vn -0.4100 0.1101 0.9054
vn -0.5373 0.1949 0.8206
vn -0.6688 0.2106 0.7130
vn -0.7808 0.2600 0.5681
vn -0.8921 0.2702 0.3623
vn -0.9604 0.2469 0.1292
vn -0.9893 0.1136 0.0917
vn -0.9741 0.1992 -0.1070
vn -0.0056 0.0498 0.9987
vn -0.1601 0.0696 0.9846
vn -0.2621 0.0836 0.9614
vn -0.4423 0.1153 0.8894
vn -0.5600 0.1764 0.8095
vn -0.6995 0.1909 0.6886
vn -0.7759 0.2908 0.5599
vn -0.8962 0.2671 0.3542
vn -0.9454 0.2915 0.1460
vn -0.9755 0.2198 -0.0055
vn -0.0095 0.0599 0.9982
vn -0.1402 0.0840 0.9866
vn -0.3125 0.0645 0.9477
vn -0.4169 0.1434 0.8976
vn -0.6295 0.0842 0.7724
vn -0.6959 0.2175 0.6844
vn -0.8340 0.2103 0.5101
vn -0.8729 0.2951 0.3885
vn -0.9553 0.2594 0.1420
vn -0.9670 0.2358 0.0962
vn -0.0147 0.1140 0.9934
vn -0.0135 0.0869 0.9961
vn -0.3310 0.0871 0.9396
vn -0.4290 0.1267 0.8944
vn -0.6167 0.1096 0.7795
vn -0.7474 0.1505 0.6471
vn -0.8473 0.1638 0.5052
vn -0.9102 0.2292 0.3449
vn -0.9519 0.2250 0.2078
vn -0.9795 0.1796 0.0912
vn -0.0082 0.1210 0.9926
vn -0.1178 0.1088 0.9871
vn -0.3070 0.1122 0.9451
vn -0.5810 0.1405 0.8016
vn -0.7848 0.0631 0.6165
vn -0.8543 0.1530 0.4967
vn -0.9356 0.1471 0.3210
vn -0.9535 0.1475 0.2627
vn -0.9924 0.1149 0.0440
vn -0.1170 0.0926 0.9888
vn -0.1164 0.1095 0.9871
vn -0.2662 0.0834 0.9603
vn -0.4807 0.0568 0.8751
vn -0.6138 0.0636 0.7869
vn -0.7770 0.0536 0.6273
vn -0.8886 0.0814 0.4514
vn -0.9358 0.0833 0.3426
vn -0.9553 0.0755 0.2858
vn -0.9985 0.0540 0.0108
vn 0.0026 0.1099 0.9939
vn -0.1024 0.0787 0.9916
vn -0.4580 0.0378 0.8881
vn -0.4854 0.0399 0.8734
vn -0.7865 0.0017 0.6176
vn -0.9383 0.0057 0.3458
vn -0.9589 0.0167 0.2834
vn -0.9992 0.0051 0.0404
vn 0.0017 0.1021 0.9948
vn 0.0040 0.0896 0.9960
vn -0.0835 0.0933 0.9921
vn -0.2579 0.0594 0.9643
vn -0.2410 0.0726 0.9678
vn -0.4342 0.0407 0.8999
vn -0.6216 -0.0165 0.7831
vn -0.6148 0.0068 0.7887
vn -0.7918 -0.0069 0.6108
vn -0.8986 -0.0069 0.4387
vn -0.9004 -0.0211 0.4345
vn -0.9416 -0.0302 0.3355
vn -0.9940 0.0075 0.1087
vn 0.0021 0.1557 0.9878
vn -0.0752 0.1524 0.9854
vn -0.2217 0.1324 0.9661
vn -0.4097 0.0918 0.9076
vn -0.6134 0.0586 0.7876
vn -0.7942 0.0359 0.6066
vn -0.8944 -0.0028 0.4473
vn -0.9405 -0.0339 0.3380
vn -0.9660 -0.0249 0.2573
vn -0.9773 -0.0211 0.2108
vn 0.0011 0.1543 0.9880
vn -0.0647 0.1498 0.9866
vn -0.1915 0.1146 0.9748
vn -0.3835 0.0582 0.9217
vn -0.5974 -0.0038 0.8019
vn -0.7826 -0.0479 0.6207
vn -0.8860 -0.0631 0.4594
vn -0.9419 -0.0536 0.3315
vn -0.9817 -0.0522 0.1830
vn -0.9925 0.0113 0.1219
vn 0.0005 0.0739 0.9973
vn -0.0363 0.0573 0.9977
vn -0.1347 -0.0018 0.9909
vn -0.3192 -0.0829 0.9440
vn -0.7541 -0.2155 0.6203
vn -0.8803 -0.2029 0.4288
vn -0.9353 -0.1729 0.3087
vn -0.9533 -0.2122 0.2150
vn -0.9879 -0.0780 0.1343
vn 0.9494 -0.2174 0.2265
vn 0.9884 -0.0780 0.1305
vn 0.8761 -0.4547 0.1605
vn 0.9793 -0.0532 0.1954
vn 0.9929 -0.0149 0.1177
vn 0.9758 -0.0274 0.2170
vn 0.9855 0.0111 0.1693
vn 0.9688 0.0340 0.2454
vn 0.9869 0.0378 0.1566
vn 0.9595 0.1082 0.2600
vn 0.9913 0.1125 0.0683
vn 0.9468 0.1589 0.2798
vn 0.9882 0.1528 -0.0143
vn 0.9407 0.1844 0.2849
vn 0.9862 0.1625 -0.0307
vn 0.9417 0.2151 0.2588
vn 0.9887 0.1490 -0.0168
vn 0.9498 0.2346 0.2068
vn 0.9861 0.1651 -0.0175
vn 0.9598 0.2298 0.1614
vn 0.9829 0.1800 -0.0393
vn 0.9919 0.1105 -0.0633
vn 0.9813 0.1422 0.1297
vn 0.9971 0.0389 -0.0653
vn 0.9909 0.0721 0.1134
vn 0.7256 -0.6881 0.0024
vn 0.9341 -0.1719 0.3129
vn 0.9410 -0.0537 0.3340
vn 0.9401 -0.0331 0.3394
vn 0.9704 -0.0086 0.2415
vn 0.9402 -0.0169 0.3401
vn 0.9218 0.0963 0.3755
vn 0.9075 0.1489 0.3929
vn 0.8999 0.1819 0.3963
vn 0.8976 0.2257 0.3787
vn 0.8991 0.2491 0.3600
vn 0.8873 0.2622 0.3794
vn 0.8973 0.2087 0.3890
vn 0.9251 0.1257 0.3584
vn 0.7447 -0.6556 0.1252
vn 0.8888 -0.0630 0.4540
vn 0.8969 -0.0046 0.4423
vn 0.9030 -0.0125 0.4294
vn 0.9340 0.0235 0.3565
vn 0.8884 0.0661 0.4543
vn 0.8801 0.1224 0.4587
vn 0.8717 0.1720 0.4589
vn 0.8389 0.2291 0.4938
vn 0.7956 0.2516 0.5510
vn 0.8016 0.2115 0.5593
vn 0.7949 0.1885 0.5766
vn 0.7900 0.1644 0.5906
vn 0.6245 -0.6007 0.4992
vn 0.7333 -0.6081 0.3041
vn 0.8847 -0.2025 0.4198
vn 0.7920 -0.0505 0.6084
vn 0.8025 0.0345 0.5957
vn 0.7980 -0.0070 0.6026
vn 0.8964 0.0011 0.4433
vn 0.7983 0.0042 0.6023
vn 0.7831 0.1239 0.6094
vn 0.7439 0.1599 0.6488
vn 0.7338 0.1238 0.6680
vn 0.7135 0.1333 0.6878
vn 0.6668 0.1992 0.7181
vn 0.6401 0.1997 0.7419
vn 0.6309 0.1348 0.7641
vn 0.4798 -0.6131 0.6276
vn 0.7660 -0.2205 0.6039
vn 0.6120 -0.0073 0.7908
vn 0.6247 0.0552 0.7789
vn 0.6277 0.0119 0.7784
vn 0.6377 0.0394 0.7693
vn 0.8056 0.0793 0.5871
vn 0.6253 0.0767 0.7766
vn 0.6122 0.0751 0.7871
vn 0.5728 0.1242 0.8102
vn 0.5602 0.1691 0.8109
vn 0.5602 0.1496 0.8147
vn 0.5261 0.1147 0.8427
vn 0.4895 0.0770 0.8686
vn 0.3499 -0.6621 0.6627
vn 0.3350 -0.0911 0.9378
vn 0.5602 -0.1734 0.8100
vn 0.3952 0.0550 0.9169
vn 0.4198 0.0884 0.9033
vn 0.4413 0.0379 0.8965
vn 0.4426 0.0344 0.8961
vn 0.4396 0.0719 0.8953
vn 0.6199 0.0630 0.7821
vn 0.4612 0.1067 0.8808
vn 0.4704 0.0901 0.8778
vn 0.4484 0.0870 0.8896
vn 0.3987 0.1018 0.9114
vn 0.3868 0.0939 0.9174
vn 0.3848 0.0578 0.9212
vn 0.2742 -0.6651 0.6946
vn 0.1453 -0.0091 0.9893
vn 0.2012 0.1115 0.9732
vn 0.2311 0.1300 0.9642
vn 0.2524 0.0701 0.9651
vn 0.2760 0.0579 0.9594
vn 0.2890 0.0904 0.9531
vn 0.4499 0.1203 0.8849
vn 0.2846 0.1068 0.9527
vn 0.2668 0.0818 0.9603
vn 0.2639 0.0776 0.9614
vn 0.2624 0.0900 0.9608
vn 0.2566 0.0924 0.9621
vn 0.2530 0.0448 0.9664
vn 0.1809 -0.6721 0.7181
vn 0.0412 0.0544 0.9977
vn 0.0708 0.1483 0.9864
vn 0.0815 0.1510 0.9852
vn 0.0907 0.0933 0.9915
vn 0.1057 0.0781 0.9913
vn 0.1151 0.1004 0.9883
vn 0.1271 0.1158 0.9851
vn 0.2733 0.0892 0.9578
vn 0.1405 0.1056 0.9844
vn 0.1475 0.0656 0.9869
vn 0.1284 0.0677 0.9894
vn 0.1043 0.0726 0.9919
vn 0.0921 0.0432 0.9948
vn 0.0682 -0.6692 0.7400
vn 0.1488 0.0839 0.9853
vn -0.5755 0.7628 0.2949
vn -0.5776 0.8113 -0.0902
vn -0.7577 0.6507 -0.0500
vn -0.4663 0.8433 0.2672
vn -0.4156 0.9009 -0.1254
vn -0.3452 0.9127 0.2187
vn -0.3325 0.9368 -0.1087
vn -0.3141 0.9299 0.1912
vn -0.3716 0.9265 -0.0596
vn -0.3571 0.9119 0.2024
vn -0.4389 0.8979 -0.0335
vn -0.1977 0.9222 0.3323
vn -0.2205 0.9714 0.0879
vn -0.3954 0.6751 0.6228
vn -0.3236 0.7577 0.5667
vn -0.2895 0.8247 0.4859
vn -0.2955 0.8603 0.4153
vn -0.3159 0.8617 0.3970
vn -0.4052 0.8822 0.2400
vn -0.1539 0.8589 0.4886
vn -0.3399 0.6124 0.7138
vn -0.3320 0.6846 0.6489
vn -0.3235 0.7543 0.5713
vn -0.3013 0.8107 0.5020
vn -0.2802 0.8352 0.4731
vn -0.3398 0.8381 0.4269
vn -0.1169 0.8476 0.5175
vn -0.3896 0.5871 0.7096
vn -0.3818 0.6439 0.6630
vn -0.3551 0.7084 0.6100
vn -0.3191 0.7694 0.5533
vn -0.2446 0.8421 0.4807
vn -0.2780 0.8251 0.4918
vn -0.0961 0.8815 0.4623
vn -0.3856 0.5381 0.7495
vn -0.3601 0.5917 0.7212
vn -0.3307 0.6535 0.6809
vn -0.2568 0.7678 0.5870
vn -0.2718 0.8218 0.5007
vn -0.2327 0.8069 0.5429
vn -0.0913 0.8866 0.4535
vn -0.2679 0.5215 0.8101
vn -0.2498 0.5684 0.7839
vn -0.2324 0.6239 0.7462
vn -0.2964 0.7121 0.6364
vn -0.2193 0.6893 0.6905
vn -0.2114 0.7490 0.6279
vn -0.0916 0.8686 0.4870
vn -0.2795 0.4892 0.8262
vn -0.1475 0.4689 0.8708
vn -0.1359 0.5123 0.8480
vn -0.1256 0.5569 0.8211
vn -0.1206 0.5964 0.7935
vn -0.1266 0.6525 0.7471
vn -0.0706 0.8353 0.5452
vn -0.1526 0.4407 0.8846
vn -0.0103 0.4279 0.9038
vn 0.0019 0.4666 0.8845
vn 0.0141 0.5156 0.8567
vn 0.0239 0.5663 0.8238
vn 0.0271 0.5965 0.8021
vn 0.0431 0.8000 0.5985
vn -0.0178 0.3987 0.9169
vn -0.0007 0.4207 0.9072
vn -0.0003 0.4497 0.8932
vn -0.0003 0.4969 0.8678
vn -0.0004 0.5474 0.8369
vn -0.0004 0.5800 0.8146
vn -0.0019 0.7897 0.6135
vn -0.0264 0.5988 0.8005
vn -0.0456 0.8022 0.5954
vn 0.1278 0.6519 0.7474
vn 0.0721 0.8344 0.5464
vn 0.2143 0.7495 0.6263
vn 0.0947 0.8706 0.4828
vn 0.2341 0.8073 0.5417
vn 0.0912 0.8870 0.4526
vn 0.2449 0.8422 0.4804
vn 0.0954 0.8810 0.4635
vn 0.2802 0.8245 0.4917
vn 0.1173 0.8477 0.5173
vn 0.3419 0.8377 0.4259
vn 0.1541 0.8611 0.4845
vn 0.4072 0.8831 0.2331
vn 0.1966 0.9256 0.3236
vn 0.4409 0.8966 -0.0413
vn 0.2193 0.9721 0.0833
vn -0.0236 0.5667 0.8236
vn 0.1218 0.5977 0.7924
vn 0.2210 0.6897 0.6895
vn 0.2579 0.7690 0.5849
vn 0.2716 0.8226 0.4995
vn 0.2805 0.8359 0.4718
vn 0.3174 0.8628 0.3935
vn 0.3589 0.9124 0.1971
vn -0.0134 0.5162 0.8563
vn 0.1273 0.5576 0.8203
vn 0.2337 0.6241 0.7456
vn 0.2952 0.7157 0.6330
vn 0.3168 0.7724 0.5505
vn 0.2986 0.8137 0.4988
vn 0.2941 0.8639 0.4088
vn 0.3145 0.9315 0.1829
vn 0.3692 0.9266 -0.0720
vn -0.0012 0.4674 0.8840
vn 0.1380 0.5133 0.8470
vn 0.2516 0.5685 0.7832
vn 0.3310 0.6550 0.6793
vn 0.3537 0.7110 0.6077
vn 0.3219 0.7572 0.5683
vn 0.2899 0.8292 0.4779
vn 0.3440 0.9156 0.2082
vn 0.3323 0.9360 -0.1165
vn 0.0117 0.4295 0.9030
vn 0.1507 0.4691 0.8702
vn 0.2705 0.5217 0.8091
vn 0.3620 0.5917 0.7203
vn 0.3823 0.6448 0.6619
vn 0.3323 0.6861 0.6472
vn 0.3246 0.7621 0.5603
vn 0.4652 0.8464 0.2591
vn 0.4136 0.9008 -0.1325
vn 0.0208 0.3991 0.9167
vn 0.1570 0.4411 0.8836
vn 0.2824 0.4901 0.8247
vn 0.3871 0.5391 0.7480
vn 0.3899 0.5885 0.7082
vn 0.3400 0.6146 0.7118
vn 0.3935 0.6810 0.6175
vn 0.5749 0.7676 0.2835
vn 0.5730 0.8133 -0.1010
vn -0.0004 0.3859 0.9225
vn 0.0179 0.3616 0.9322
vn 0.1288 0.3982 0.9082
vn 0.2453 0.4449 0.8613
vn 0.3482 0.4936 0.7969
vn 0.4093 0.5263 0.7453
vn 0.3869 0.5405 0.7471
vn 0.3653 0.5411 0.7574
vn 0.4614 0.5962 0.6570
vn 0.6941 0.6153 0.3736
vn 0.7533 0.6549 -0.0606
vn -0.0003 0.3676 0.9300
vn 0.0094 0.3650 0.9310
vn 0.1018 0.3778 0.9203
vn 0.2151 0.3981 0.8918
vn 0.3094 0.4363 0.8450
vn 0.3951 0.4775 0.7848
vn 0.4259 0.4864 0.7629
vn 0.4148 0.4712 0.7784
vn 0.4143 0.4579 0.7866
vn 0.5487 0.4472 0.7063
vn -0.0004 0.3657 0.9307
vn 0.0009 0.3558 0.9346
vn 0.0754 0.3854 0.9196
vn 0.1853 0.3999 0.8976
vn 0.2710 0.4108 0.8705
vn 0.3657 0.4304 0.8252
vn 0.4429 0.4385 0.7821
vn 0.4754 0.4138 0.7764
vn 0.4744 0.3676 0.7998
vn 0.4912 0.3343 0.8044
vn 0.0001 0.3250 0.9457
vn -0.0055 0.2971 0.9548
vn 0.0636 0.3422 0.9375
vn 0.1730 0.3727 0.9117
vn 0.2623 0.3863 0.8843
vn 0.3565 0.3839 0.8518
vn 0.4593 0.3726 0.8063
vn 0.5450 0.3317 0.7700
vn 0.5849 0.2447 0.7733
vn 0.5454 0.1743 0.8199
vn 0.0001 0.2596 0.9657
vn -0.0075 0.2127 0.9771
vn 0.0579 0.2538 0.9655
vn 0.1812 0.2959 0.9379
vn 0.2830 0.3064 0.9088
vn 0.3922 0.2985 0.8701
vn 0.5170 0.2578 0.8162
vn 0.6380 0.1840 0.7477
vn 0.7182 0.0641 0.6929
vn 0.6183 -0.0239 0.7856
vn -0.0005 0.1801 0.9836
vn -0.0060 0.1203 0.9927
vn 0.0561 0.1486 0.9873
vn 0.1952 0.1857 0.9630
vn 0.3245 0.1905 0.9265
vn 0.4787 0.1503 0.8650
vn 0.6436 0.0474 0.7639
vn 0.7719 -0.0981 0.6281
vn 0.8120 -0.2448 0.5298
vn -0.0004 0.0992 0.9951
vn -0.0058 0.0411 0.9991
vn 0.0716 0.0370 0.9967
vn 0.2158 0.0458 0.9754
vn 0.3897 0.0297 0.9204
vn 0.5943 -0.0426 0.8031
vn 0.7702 -0.1611 0.6172
vn 0.8507 -0.2830 0.4430
vn 0.8208 -0.3832 0.4235
vn 0.4834 -0.3355 0.8085
vn -0.0001 0.0381 0.9993
vn 0.0111 0.0102 0.9999
vn 0.0977 -0.0349 0.9946
vn 0.2569 -0.0699 0.9639
vn 0.4690 -0.1353 0.8728
vn 0.6891 -0.2180 0.6911
vn 0.8386 -0.2667 0.4751
vn 0.8921 -0.2888 0.3476
vn 0.8632 -0.3783 0.3343
vn 0.2934 -0.6393 0.7108
vn -0.0000 0.0272 0.9996
vn 0.5075 -0.6919 0.5135
vn -0.0087 0.0115 0.9999
vn -0.0899 -0.0315 0.9954
vn -0.2416 -0.0631 0.9683
vn -0.4524 -0.1299 0.8823
vn -0.5436 -0.1671 0.8225
vn -0.6744 -0.2108 0.7077
vn -0.8303 -0.2626 0.4916
vn -0.8932 -0.2841 0.3485
vn -0.8742 -0.3661 0.3191
vn -0.5014 -0.6941 0.5165
vn -0.8863 -0.4348 0.1592
vn -0.0627 0.0359 0.9974
vn -0.2034 0.0437 0.9781
vn -0.3744 0.0324 0.9267
vn -0.5779 -0.0344 0.8154
vn -0.7574 -0.1514 0.6352
vn -0.8486 -0.2737 0.4528
vn -0.8298 -0.3769 0.4114
vn -0.2856 -0.6414 0.7120
vn 0.0059 0.0434 0.9990
vn -0.0451 0.1437 0.9886
vn -0.1830 0.1827 0.9660
vn -0.3110 0.1933 0.9306
vn -0.4622 0.1570 0.8728
vn -0.6274 0.0584 0.7765
vn -0.7614 -0.0815 0.6432
vn -0.8100 -0.2352 0.5372
vn -0.5022 -0.3273 0.8004
vn 0.0059 0.1179 0.9930
vn 0.0104 0.2104 0.9776
vn -0.0489 0.2522 0.9664
vn -0.1692 0.2945 0.9405
vn -0.3806 0.3010 0.8744
vn -0.5053 0.2639 0.8216
vn -0.6282 0.1928 0.7538
vn -0.7055 0.0738 0.7049
vn -0.6260 -0.0176 0.7796
vn 0.0081 0.2968 0.9549
vn -0.0544 0.3412 0.9384
vn -0.1632 0.3737 0.9131
vn -0.2724 0.3084 0.9114
vn -0.2543 0.3880 0.8859
vn -0.3481 0.3856 0.8545
vn -0.4524 0.3749 0.8092
vn -0.5382 0.3334 0.7741
vn -0.5766 0.2506 0.7776
vn 0.0018 0.3563 0.9344
vn -0.0671 0.3831 0.9213
vn -0.1789 0.3978 0.8999
vn -0.2661 0.4100 0.8724
vn -0.3599 0.4302 0.8279
vn -0.4397 0.4379 0.7842
vn -0.4719 0.4162 0.7773
vn -0.4729 0.3738 0.7979
vn -0.5497 0.1819 0.8153
vn -0.0057 0.3644 0.9312
vn -0.0946 0.3760 0.9218
vn -0.2106 0.3975 0.8931
vn -0.3054 0.4363 0.8464
vn -0.3920 0.4763 0.7871
vn -0.4248 0.4864 0.7635
vn -0.4156 0.4711 0.7781
vn -0.4170 0.4550 0.7868
vn -0.4933 0.3358 0.8024
vn -0.0137 0.3623 0.9320
vn -0.1216 0.3999 0.9085
vn -0.2422 0.4450 0.8622
vn -0.3455 0.4918 0.7992
vn -0.4082 0.5255 0.7465
vn -0.3871 0.5388 0.7483
vn -0.3682 0.5361 0.7596
vn -0.4629 0.5869 0.6643
vn -0.5476 0.4408 0.7112
vn -0.6923 0.6096 0.3861
vn -0.0086 -0.7580 -0.6522
vn 0.0530 0.0022 -0.9986
vn 0.0401 -0.7585 -0.6504
vn 0.1592 0.0103 -0.9872
vn 0.1237 -0.7424 -0.6584
vn 0.3470 0.0196 -0.9377
vn 0.2712 -0.7311 -0.6261
vn 0.5671 0.0012 -0.8237
vn 0.4176 -0.7178 -0.5571
vn 0.7404 0.0174 -0.6719
vn 0.5465 -0.7055 -0.4513
vn 0.8446 0.0458 -0.5335
vn 0.6207 -0.7068 -0.3394
vn 0.9187 0.0539 -0.3912
vn 0.6922 -0.6830 -0.2332
vn 0.9766 0.0352 -0.2123
vn 0.7192 -0.6876 -0.1001
vn 0.9971 0.0388 -0.0653
vn 0.7256 -0.6881 0.0023
vn -0.0085 0.0391 -0.9992
vn 0.0117 0.1116 -0.9937
vn 0.1838 0.1062 -0.9772
vn 0.3160 0.1771 -0.9321
vn 0.5005 0.1179 -0.8577
vn 0.7476 0.0302 -0.6635
vn 0.8460 0.0983 -0.5241
vn 0.8966 0.1125 -0.4283
vn 0.9699 0.0740 -0.2320
vn -0.0146 0.0667 -0.9977
vn 0.0779 0.1583 -0.9843
vn 0.2098 0.2147 -0.9539
vn 0.3197 0.1346 -0.9379
vn 0.4227 0.2296 -0.8767
vn 0.6936 0.1600 -0.7024
vn 0.8663 0.1000 -0.4895
vn 0.8731 0.1745 -0.4553
vn 0.9574 0.1455 -0.2494
vn -0.0350 0.1017 -0.9942
vn 0.1437 0.1413 -0.9795
vn 0.1402 0.1773 -0.9741
vn 0.3223 0.1516 -0.9344
vn 0.6076 0.2465 -0.7550
vn 0.9183 0.1394 -0.3705
vn 0.9350 0.1950 -0.2963
vn 0.0485 0.1239 -0.9911
vn 0.1399 0.0602 -0.9883
vn 0.2040 0.0848 -0.9753
vn 0.2960 0.1296 -0.9464
vn 0.4791 0.1588 -0.8633
vn 0.5314 0.0152 -0.8470
vn 0.6086 0.1829 -0.7721
vn 0.8365 0.0533 -0.5453
vn 0.7725 0.1454 -0.6181
vn 0.9412 0.1637 -0.2956
vn 0.9887 0.1490 -0.0169
vn 0.0400 0.0950 -0.9947
vn 0.1162 0.0635 -0.9912
vn 0.2429 0.0423 -0.9691
vn 0.2689 0.0901 -0.9589
vn 0.5604 0.1046 -0.8216
vn 0.6519 0.0148 -0.7582
vn 0.7850 0.2023 -0.5856
vn 0.9436 0.0755 -0.3223
vn 0.9110 0.0262 -0.4115
vn 0.9862 0.1625 -0.0308
vn 0.0108 0.0869 -0.9962
vn 0.0145 0.0716 -0.9973
vn 0.2209 0.0656 -0.9731
vn 0.3175 0.0450 -0.9472
vn 0.4883 0.0565 -0.8708
vn 0.7143 -0.0389 -0.6988
vn 0.7928 0.0998 -0.6013
vn 0.9064 0.0480 -0.4197
vn 0.9675 0.1606 -0.1952
vn 0.0080 0.0948 -0.9955
vn 0.1036 0.0818 -0.9913
vn 0.0935 0.0881 -0.9917
vn 0.1975 0.0699 -0.9778
vn 0.4290 0.0324 -0.9027
vn 0.7385 -0.0052 -0.6742
vn 0.8027 -0.0859 -0.5902
vn 0.9417 0.0895 -0.3244
vn 0.9875 0.0933 -0.1271
vn 0.9880 -0.0035 -0.1544
vn 0.0060 0.0939 -0.9956
vn 0.0820 0.0878 -0.9928
vn 0.1757 0.0719 -0.9818
vn 0.3149 0.0448 -0.9481
vn 0.2943 0.0467 -0.9546
vn 0.4132 0.0238 -0.9103
vn 0.6687 -0.0151 -0.7434
vn 0.8398 -0.1249 -0.5283
vn 0.9587 0.0093 -0.2842
vn 0.9811 -0.0828 -0.1751
vn 0.0043 0.0817 -0.9966
vn 0.0716 0.0760 -0.9945
vn 0.1554 0.0609 -0.9860
vn 0.2670 0.0350 -0.9631
vn 0.4013 0.0065 -0.9159
vn 0.5844 -0.0290 -0.8109
vn 0.8593 -0.0849 -0.5044
vn 0.9357 -0.1477 -0.3205
vn 0.9965 -0.0363 -0.0748
vn 0.0028 0.0512 -0.9987
vn 0.0614 0.0452 -0.9971
vn 0.1348 0.0288 -0.9904
vn 0.2375 0.0015 -0.9714
vn 0.3748 -0.0312 -0.9266
vn 0.5442 -0.0644 -0.8365
vn 0.8031 -0.1075 -0.5861
vn 0.9449 -0.1561 -0.2877
vn 0.9993 0.0030 0.0365
vn 0.9855 0.0112 0.1693
vn 0.0015 -0.0026 -1.0000
vn 0.0490 -0.0108 -0.9987
vn 0.1099 -0.0346 -0.9933
vn 0.1956 -0.0816 -0.9773
vn 0.3334 -0.1376 -0.9327
vn 0.5045 -0.1916 -0.8419
vn 0.7470 -0.2331 -0.6226
vn 0.9479 -0.2129 -0.2371
vn 0.9929 -0.0149 0.1176
vn 0.0003 -0.0560 -0.9984
vn 0.0253 -0.0717 -0.9971
vn 0.0680 -0.1123 -0.9913
vn 0.2704 -0.2039 -0.9409
vn 0.4237 -0.2673 -0.8655
vn 0.6677 -0.3358 -0.6644
vn 0.9131 -0.3138 -0.2602
vn 0.9702 -0.2157 0.1099
vn 0.9882 -0.1315 0.0791
vn -0.8863 -0.4349 0.1592
vn -0.9878 -0.1218 0.0972
vn -0.9975 -0.0707 0.0074
vn -0.9941 0.0075 0.1086
vn -0.9937 -0.1009 -0.0488
vn -0.9992 0.0050 0.0403
vn -0.9987 -0.0425 -0.0279
vn -0.9985 0.0540 0.0107
vn -0.9936 0.0825 -0.0770
vn -0.9924 0.1149 0.0439
vn -0.9645 0.1597 -0.2103
vn -0.9795 0.1795 0.0912
vn -0.9401 0.2512 -0.2304
vn -0.9644 0.1914 -0.1823
vn -0.9744 0.1170 -0.1918
vn -0.9595 0.1321 -0.2488
vn -0.9676 0.0974 -0.2328
vn -0.9953 0.0832 -0.0492
vn -0.7400 -0.6617 -0.1211
vn -0.7546 -0.6546 0.0459
vn -0.9675 -0.2161 0.1315
vn -0.9460 -0.2435 -0.2138
vn -0.9659 -0.1131 -0.2327
vn -0.9792 -0.0294 -0.2005
vn -0.9557 -0.0865 -0.2813
vn -0.9193 -0.0941 -0.3822
vn -0.9164 0.2064 -0.3428
vn -0.8423 0.2025 -0.4996
vn -0.8553 0.1898 -0.4820
vn -0.9834 0.0836 -0.1611
vn -0.9113 0.0986 -0.3999
vn -0.9193 0.0797 -0.3853
vn -0.9149 0.0773 -0.3963
vn -0.6886 -0.6738 -0.2681
vn -0.9215 -0.3135 -0.2292
vn -0.7621 -0.2607 -0.5927
vn -0.8048 -0.1384 -0.5772
vn -0.7756 -0.1726 -0.6072
vn -0.7778 -0.0986 -0.6207
vn -0.8397 0.0945 -0.5348
vn -0.9526 0.0231 -0.3034
vn -0.8012 0.1154 -0.5872
vn -0.7793 0.0415 -0.6253
vn -0.8185 0.1790 -0.5460
vn -0.7943 0.1486 -0.5890
vn -0.8217 0.0889 -0.5630
vn -0.8337 0.0496 -0.5500
vn -0.6112 -0.6979 -0.3733
vn -0.6810 -0.3383 -0.6495
vn -0.5203 -0.1991 -0.8305
vn -0.5873 -0.0923 -0.8041
vn -0.6703 -0.0895 -0.7367
vn -0.7218 -0.0868 -0.6866
vn -0.6542 -0.0808 -0.7520
vn -0.5619 0.0471 -0.8259
vn -0.5712 0.2318 -0.7874
vn -0.8265 0.1036 -0.5533
vn -0.5512 0.2355 -0.8005
vn -0.7047 0.1147 -0.7001
vn -0.7084 0.0809 -0.7012
vn -0.7155 0.0290 -0.6980
vn -0.5247 -0.7038 -0.4789
vn -0.4330 -0.2678 -0.8607
vn -0.3430 -0.1332 -0.9298
vn -0.3929 -0.0286 -0.9191
vn -0.4415 -0.0039 -0.8973
vn -0.5122 -0.0162 -0.8587
vn -0.5988 -0.0385 -0.8000
vn -0.6353 -0.0187 -0.7720
vn -0.4940 -0.0194 -0.8692
vn -0.2910 0.2115 -0.9331
vn -0.6157 0.1286 -0.7774
vn -0.3384 0.3286 -0.8818
vn -0.5071 0.0829 -0.8579
vn -0.5527 0.0160 -0.8332
vn -0.4031 -0.7179 -0.5675
vn -0.2766 -0.2022 -0.9395
vn -0.2005 -0.0742 -0.9769
vn -0.2412 0.0097 -0.9704
vn -0.2720 0.0452 -0.9612
vn -0.3080 0.0583 -0.9496
vn -0.3583 0.0526 -0.9321
vn -0.5028 -0.0949 -0.8592
vn -0.4581 0.0292 -0.8884
vn -0.2059 0.2224 -0.9530
vn -0.4024 0.1739 -0.8988
vn -0.2054 0.2767 -0.9388
vn -0.3473 0.0190 -0.9376
vn -0.2736 -0.7247 -0.6324
vn -0.0706 -0.1101 -0.9914
vn -0.1448 -0.1531 -0.9775
vn -0.1104 -0.0295 -0.9935
vn -0.1314 0.0341 -0.9907
vn -0.1478 0.0690 -0.9866
vn -0.1613 0.0844 -0.9833
vn -0.1748 0.0918 -0.9803
vn -0.4139 0.0355 -0.9096
vn -0.1943 0.0900 -0.9768
vn -0.2600 0.0701 -0.9631
vn -0.3861 0.1049 -0.9165
vn -0.2017 0.2101 -0.9566
vn -0.3032 0.2036 -0.9309
vn -0.1354 0.0489 -0.9896
vn -0.1337 -0.7323 -0.6678
vn -0.0252 -0.0701 -0.9972
vn -0.0467 -0.0086 -0.9989
vn -0.0566 0.0477 -0.9973
vn -0.0633 0.0793 -0.9948
vn -0.0680 0.0922 -0.9934
vn -0.0694 0.0950 -0.9931
vn -0.0435 0.0992 -0.9941
vn -0.0837 0.0878 -0.9926
vn -0.3619 -0.0909 -0.9278
vn -0.1480 0.0553 -0.9874
vn -0.0793 0.1495 -0.9856
vn -0.0999 0.1939 -0.9759
vn -0.0578 -0.7529 -0.6556
vn -0.0666 0.0880 -0.9939
vn -0.1464 0.0560 -0.9876
vn -0.0482 0.0554 -0.9973
vn 0.5622 0.7555 -0.3364
vn 0.5730 0.8133 -0.1011
vn 0.4278 0.8340 -0.3483
vn 0.4136 0.9008 -0.1326
vn 0.3337 0.8790 -0.3406
vn 0.3224 0.8943 -0.3104
vn 0.3871 0.8807 -0.2731
vn 0.4409 0.8966 -0.0414
vn 0.4394 0.8592 -0.2620
vn 0.3876 0.7446 -0.5435
vn 0.3150 0.7965 -0.5161
vn 0.2917 0.8262 -0.4820
vn 0.3248 0.8377 -0.4390
vn 0.3843 0.8338 -0.3963
vn 0.4245 0.8172 -0.3899
vn 0.2039 0.9760 -0.0759
vn 0.2748 0.6531 -0.7057
vn 0.2557 0.7184 -0.6470
vn 0.2791 0.7633 -0.5827
vn 0.3322 0.7785 -0.5325
vn 0.3669 0.7877 -0.4949
vn 0.4090 0.7751 -0.4815
vn 0.2007 0.9718 -0.1240
vn 0.2344 0.5649 -0.7911
vn 0.2508 0.6483 -0.7189
vn 0.2886 0.6971 -0.6563
vn 0.3240 0.7273 -0.6050
vn 0.3509 0.7417 -0.5717
vn 0.3643 0.7337 -0.5736
vn 0.1933 0.9667 -0.1680
vn 0.2454 0.5170 -0.8201
vn 0.2566 0.5915 -0.7644
vn 0.2691 0.6365 -0.7228
vn 0.2796 0.6709 -0.6868
vn 0.2742 0.6922 -0.6676
vn 0.2542 0.6861 -0.6816
vn 0.1503 0.9603 -0.2350
vn 0.1806 0.4644 -0.8670
vn 0.1657 0.5271 -0.8335
vn 0.1639 0.5685 -0.8062
vn 0.1544 0.6075 -0.7792
vn 0.1426 0.6347 -0.7595
vn 0.1617 0.6310 -0.7587
vn 0.0935 0.9531 -0.2880
vn 0.0442 0.4011 -0.9149
vn 0.0442 0.4619 -0.8859
vn 0.0435 0.5098 -0.8592
vn 0.0422 0.5560 -0.8301
vn 0.0673 0.5792 -0.8124
vn 0.0991 0.5831 -0.8064
vn 0.0676 0.9437 -0.3240
vn -0.0022 0.3673 -0.9301
vn -0.0010 0.4312 -0.9022
vn -0.0024 0.4850 -0.8745
vn 0.0044 0.5204 -0.8539
vn 0.0241 0.5374 -0.8430
vn 0.0365 0.5540 -0.8317
vn 0.0278 0.9366 -0.3494
vn -0.0001 0.4202 -0.9074
vn -0.0002 0.4759 -0.8795
vn -0.0002 0.5093 -0.8606
vn 0.0001 0.5244 -0.8515
vn 0.0001 0.5438 -0.8392
vn -0.0000 0.9334 -0.3588
vn 0.0022 0.9342 -0.3567
vn -0.0000 0.9260 -0.3775
vn -0.0408 0.5552 -0.8307
vn -0.0282 0.9366 -0.3494
vn -0.1004 0.5835 -0.8059
vn -0.0665 0.9431 -0.3257
vn -0.1573 0.6317 -0.7591
vn -0.0924 0.9533 -0.2874
vn -0.2532 0.6858 -0.6823
vn -0.1504 0.9599 -0.2367
vn -0.3655 0.7330 -0.5737
vn -0.1926 0.9667 -0.1684
vn -0.4093 0.7756 -0.4805
vn -0.1992 0.9720 -0.1246
vn -0.4289 0.8192 -0.3807
vn -0.2044 0.9761 -0.0739
vn -0.4414 0.8604 -0.2545
vn -0.2205 0.9714 0.0878
vn -0.0259 0.5386 -0.8422
vn -0.0659 0.5822 -0.8103
vn -0.1430 0.6354 -0.7588
vn -0.2764 0.6920 -0.6669
vn -0.3506 0.7421 -0.5713
vn -0.3678 0.7894 -0.4916
vn -0.3825 0.8370 -0.3914
vn -0.3872 0.8836 -0.2632
vn -0.4389 0.8979 -0.0336
vn -0.0049 0.5204 -0.8539
vn -0.0425 0.5560 -0.8301
vn -0.1561 0.6084 -0.7781
vn -0.2801 0.6732 -0.6844
vn -0.3238 0.7295 -0.6025
vn -0.3330 0.7809 -0.5285
vn -0.3275 0.8383 -0.4360
vn -0.3253 0.8962 -0.3017
vn -0.3716 0.9265 -0.0597
vn 0.0020 0.4854 -0.8743
vn -0.0445 0.5095 -0.8593
vn -0.1655 0.5692 -0.8053
vn -0.2697 0.6390 -0.7204
vn -0.2893 0.7002 -0.6527
vn -0.2812 0.7664 -0.5775
vn -0.2941 0.8295 -0.4747
vn -0.3347 0.8812 -0.3340
vn -0.0001 0.4316 -0.9021
vn -0.0453 0.4631 -0.8851
vn -0.1674 0.5282 -0.8325
vn -0.2568 0.5933 -0.7629
vn -0.2514 0.6514 -0.7159
vn -0.2588 0.7230 -0.6406
vn -0.3186 0.7995 -0.5092
vn -0.4328 0.8341 -0.3420
vn -0.4156 0.9009 -0.1255
vn 0.0019 0.3681 -0.9298
vn -0.0455 0.4040 -0.9136
vn -0.1831 0.4668 -0.8652
vn -0.2454 0.5181 -0.8193
vn -0.2360 0.5676 -0.7888
vn -0.2790 0.6585 -0.6990
vn -0.3931 0.7475 -0.5355
vn -0.5699 0.7541 -0.3264
vn -0.0000 0.3527 -0.9357
vn 0.0068 0.3053 -0.9522
vn -0.0052 0.3220 -0.9467
vn -0.1129 0.3618 -0.9254
vn -0.2163 0.4026 -0.8895
vn -0.2230 0.4402 -0.8698
vn -0.2263 0.4790 -0.8482
vn -0.2890 0.5413 -0.7896
vn -0.4327 0.6251 -0.6497
vn -0.6614 0.6217 -0.4196
vn 0.0001 0.2958 -0.9553
vn 0.0096 0.2517 -0.9678
vn 0.0137 0.2648 -0.9642
vn -0.0572 0.2911 -0.9550
vn -0.1782 0.3246 -0.9289
vn -0.2085 0.3548 -0.9114
vn -0.2091 0.3894 -0.8970
vn -0.2340 0.4118 -0.8807
vn -0.2967 0.4380 -0.8486
vn -0.4737 0.4784 -0.7394
vn 0.0002 0.2414 -0.9704
vn 0.0112 0.1875 -0.9822
vn 0.0203 0.1978 -0.9800
vn -0.0221 0.2101 -0.9774
vn -0.1333 0.2348 -0.9629
vn -0.1858 0.2666 -0.9457
vn -0.1815 0.3033 -0.9354
vn -0.2085 0.3360 -0.9185
vn -0.2576 0.3507 -0.9003
vn -0.3412 0.3588 -0.8688
vn 0.0002 0.1803 -0.9836
vn 0.0109 0.1358 -0.9907
vn 0.0237 0.1399 -0.9899
vn -0.0120 0.1460 -0.9892
vn -0.1046 0.1561 -0.9822
vn -0.1620 0.1781 -0.9706
vn -0.1613 0.1951 -0.9674
vn -0.1900 0.2013 -0.9609
vn -0.2598 0.1906 -0.9467
vn -0.2904 0.1926 -0.9373
vn -0.0002 0.1315 -0.9913
vn 0.0111 0.0888 -0.9960
vn 0.0225 0.0917 -0.9955
vn -0.0143 0.0901 -0.9958
vn -0.0962 0.0927 -0.9910
vn -0.1517 0.0978 -0.9836
vn -0.1726 0.0950 -0.9804
vn -0.2305 0.0630 -0.9710
vn -0.3356 -0.0046 -0.9420
vn -0.2839 -0.1186 -0.9515
vn -0.0001 0.0861 -0.9963
vn 0.0107 0.0385 -0.9992
vn 0.0157 0.0359 -0.9992
vn -0.0288 0.0278 -0.9992
vn -0.1164 0.0184 -0.9930
vn -0.1736 0.0038 -0.9848
vn -0.2345 -0.0371 -0.9714
vn -0.3608 -0.1247 -0.9243
vn -0.5747 -0.2680 -0.7733
vn -0.0001 0.0369 -0.9993
vn 0.0074 -0.0180 -0.9998
vn 0.0014 -0.0277 -0.9996
vn -0.0596 -0.0488 -0.9970
vn -0.1491 -0.0662 -0.9866
vn -0.2313 -0.1021 -0.9675
vn -0.3567 -0.1733 -0.9180
vn -0.5658 -0.2752 -0.7773
vn -0.8541 -0.3501 -0.3846
vn -0.2070 -0.4966 -0.8429
vn -0.0001 -0.0565 -0.9984
vn 0.0002 -0.0158 -0.9999
vn -0.0016 -0.0643 -0.9979
vn -0.0271 -0.0923 -0.9954
vn -0.0976 -0.1269 -0.9871
vn -0.2015 -0.1627 -0.9659
vn -0.3227 -0.2192 -0.9207
vn -0.5092 -0.2908 -0.8100
vn -0.7854 -0.3489 -0.5113
vn -0.9608 -0.2742 -0.0417
vn -0.1987 -0.7116 -0.6739
vn -0.4053 -0.9136 -0.0334
vn 0.0016 -0.0642 -0.9979
vn 0.0252 -0.0917 -0.9955
vn 0.0940 -0.1263 -0.9875
vn 0.1401 -0.1552 -0.9779
vn 0.1964 -0.1613 -0.9672
vn 0.3166 -0.2168 -0.9235
vn 0.4997 -0.2874 -0.8172
vn 0.7752 -0.3426 -0.5307
vn 0.9559 -0.2843 -0.0734
vn 0.3330 -0.9324 -0.1407
vn -0.0070 -0.0180 -0.9998
vn -0.0025 -0.0274 -0.9996
vn 0.0568 -0.0481 -0.9972
vn 0.1450 -0.0652 -0.9873
vn 0.2277 -0.1006 -0.9685
vn 0.3502 -0.1698 -0.9211
vn 0.5663 -0.2629 -0.7811
vn 0.8446 -0.3360 -0.4168
vn 0.1674 -0.7007 -0.6935
vn -0.0157 0.0353 -0.9993
vn 0.0271 0.0273 -0.9993
vn 0.1133 0.0176 -0.9934
vn 0.1709 0.0044 -0.9853
vn 0.2310 -0.0350 -0.9723
vn 0.3689 -0.1175 -0.9220
vn 0.5776 -0.2585 -0.7743
vn 0.2281 -0.4864 -0.8434
vn -0.0104 0.0380 -0.9992
vn -0.0221 0.0915 -0.9956
vn 0.0118 0.0900 -0.9959
vn 0.0938 0.0909 -0.9914
vn 0.1507 0.0969 -0.9838
vn 0.1714 0.0947 -0.9806
vn 0.2361 0.0660 -0.9695
vn 0.3340 -0.0094 -0.9425
vn 0.2747 -0.1196 -0.9541
vn -0.0110 0.0888 -0.9960
vn -0.0105 0.1361 -0.9906
vn -0.0231 0.1403 -0.9898
vn 0.0095 0.1456 -0.9893
vn 0.1015 0.1552 -0.9827
vn 0.1612 0.1767 -0.9710
vn 0.1608 0.1939 -0.9678
vn 0.1907 0.1985 -0.9614
vn 0.2571 0.1857 -0.9484
vn -0.0105 0.1876 -0.9822
vn -0.0205 0.1973 -0.9801
vn 0.0192 0.2086 -0.9778
vn 0.1308 0.2334 -0.9635
vn 0.1849 0.2651 -0.9463
vn 0.1807 0.3020 -0.9360
vn 0.2073 0.3356 -0.9189
vn 0.2572 0.3508 -0.9004
vn 0.2901 0.1939 -0.9371
vn -0.0092 0.2512 -0.9679
vn -0.0146 0.2637 -0.9645
vn 0.0548 0.2900 -0.9554
vn 0.1762 0.3233 -0.9297
vn 0.2081 0.3532 -0.9121
vn 0.2083 0.3884 -0.8976
vn 0.2327 0.4111 -0.8814
vn 0.2944 0.4367 -0.8501
vn 0.3399 0.3587 -0.8694
vn -0.0067 0.3050 -0.9523
vn 0.0043 0.3216 -0.9469
vn 0.1100 0.3600 -0.9264
vn 0.2149 0.4001 -0.8909
vn 0.2233 0.4380 -0.8708
vn 0.2250 0.4759 -0.8502
vn 0.2858 0.5368 -0.7939
vn 0.4264 0.6213 -0.6574
vn 0.4692 0.4755 -0.7441
vn 0.6560 0.6206 -0.4295
vn 0.4129 -0.8205 0.3954
vn 0.2616 -0.9651 -0.0087
vn 0.9064 -0.3956 0.1480
vn 0.8793 -0.4554 0.1393
vn 0.9087 -0.4133 -0.0584
vn 0.9594 -0.2660 0.0937
vn 0.8362 -0.5373 -0.1099
vn 0.8184 -0.5429 0.1884
vn 0.0882 -0.9961 0.0043
vn -0.5014 -0.6942 0.5164
vn 0.5258 -0.5014 0.6871
vn 0.7270 -0.2924 0.6213
vn 0.7394 -0.2065 0.6409
vn 0.6177 -0.4261 0.6610
vn 0.1297 -0.9729 0.1915
vn -0.2857 -0.6414 0.7120
vn -0.0039 -0.3480 0.9375
vn 0.2798 -0.1884 0.9414
vn 0.3746 -0.0923 0.9226
vn 0.4986 -0.0809 0.8631
vn -0.0058 -0.8818 0.4717
vn -0.3291 -0.0624 0.9422
vn -0.0729 -0.0235 0.9971
vn 0.0149 -0.0496 0.9987
vn -0.3953 0.4200 0.8169
vn -0.3175 -0.5086 0.8003
vn -0.6259 -0.0176 0.7797
vn -0.4150 0.0820 0.9061
vn -0.3025 -0.0141 0.9531
vn -0.4909 0.2259 0.8414
vn -0.7446 0.2579 0.6157
vn -0.8069 -0.2443 0.5378
vn -0.9252 -0.1018 0.3655
vn -0.5087 0.2058 0.8360
vn -0.5646 0.1776 0.8060
vn -0.6720 0.2768 0.6869
vn -0.3839 0.0915 0.9188
vn -0.4849 -0.4417 0.7548
vn -0.4934 0.3358 0.8024
vn -0.6576 0.3257 0.6794
vn -0.7278 0.3224 0.6052
vn -0.6016 0.2529 0.7577
vn -0.4850 0.3961 0.7797
vn -0.5477 0.4407 0.7112
vn -0.8163 0.4551 0.3559
vn -0.8339 0.3914 0.3892
vn -0.7949 0.3892 0.4655
vn -0.7426 0.5055 0.4393
vn -0.8934 -0.1347 0.4286
vn -0.6107 -0.2419 0.7540
vn -0.6924 0.6095 0.3861
vn -0.8555 0.5178 -0.0040
vn -0.8991 0.4363 0.0355
vn -0.7931 0.5679 0.2203
vn -0.6615 0.6216 -0.4196
vn -0.7764 0.5145 -0.3641
vn -0.8469 0.4385 -0.3009
vn -0.8788 0.4730 0.0638
vn -0.8356 0.5250 -0.1615
vn -0.7875 0.6130 -0.0637
vn -0.9528 -0.0765 0.2939
vn -0.5866 0.4204 -0.6923
vn -0.6623 0.4049 -0.6304
vn -0.6863 0.4830 -0.5438
vn -0.6923 0.5328 -0.4867
vn -0.9957 -0.0643 0.0666
vn -0.3917 0.2852 -0.8748
vn -0.3907 0.2734 -0.8790
vn -0.4120 0.2883 -0.8644
vn -0.4293 0.2773 -0.8595
vn -0.9586 -0.0814 -0.2728
vn -0.1715 0.0318 -0.9847
vn -0.0404 0.0431 -0.9983
vn -0.0998 0.0207 -0.9948
vn -0.1243 0.0291 -0.9918
vn -0.7722 -0.2961 -0.5621
vn -0.2838 -0.1186 -0.9515
vn 0.2490 -0.2521 -0.9351
vn 0.2857 -0.1525 -0.9461
vn 0.1756 -0.1816 -0.9676
vn 0.1441 -0.1997 -0.9692
vn -0.5545 -0.4525 -0.6984
vn -0.2071 -0.4966 -0.8429
vn 0.6359 -0.2996 -0.7113
vn 0.5495 -0.2949 -0.7817
vn 0.4630 -0.3765 -0.8024
vn -0.1204 -0.8834 -0.4528
vn -0.3146 -0.7047 -0.6360
vn -0.1987 -0.7116 -0.6740
vn 0.7810 -0.3446 -0.5209
vn 0.7582 -0.4297 -0.4903
vn 0.7113 -0.5082 -0.4856
vn 0.4055 -0.4606 -0.7896
vn -0.0332 -0.9794 -0.1992
vn 0.8172 -0.5323 -0.2210
vn 0.8382 -0.4973 -0.2238
vn 0.7436 -0.5976 -0.2999
vn 0.5871 -0.6188 -0.5220
vn 0.0025 -0.9972 -0.0742
vn 0.8018 -0.5579 -0.2144
vn 0.8793 -0.4554 0.1392
vn 0.9087 -0.4134 -0.0585
vn -0.3806 -0.8173 0.4326
vn 0.5076 -0.6919 0.5134
vn -0.2765 -0.9608 0.0213
vn -0.8903 -0.3885 0.2376
vn -0.8590 -0.4929 0.1385
vn -0.9183 -0.3531 0.1790
vn -0.8254 -0.5568 -0.0933
vn -0.8607 -0.5048 -0.0657
vn -0.0518 -0.9986 0.0117
vn -0.8337 -0.5062 0.2208
vn -0.5082 -0.5269 0.6812
vn 0.2935 -0.6393 0.7107
vn -0.6937 -0.3352 0.6374
vn -0.6546 -0.2626 0.7089
vn -0.6718 -0.3346 0.6608
vn -0.1746 -0.9670 0.1856
vn 0.0022 -0.3577 0.9338
vn 0.4834 -0.3355 0.8086
vn -0.1214 -0.2264 0.9664
vn -0.2992 -0.1173 0.9470
vn -0.6588 -0.0793 0.7481
vn -0.0967 -0.6829 0.7241
vn 0.3860 -0.0733 0.9196
vn 0.6182 -0.0239 0.7856
vn 0.1294 -0.0002 0.9916
vn -0.3243 -0.0521 0.9445
vn -0.3090 0.1430 0.9402
vn 0.4126 0.0413 0.9100
vn 0.5454 0.1742 0.8199
vn 0.1218 -0.0268 0.9922
vn 0.2308 0.1321 0.9640
vn 0.4706 0.3798 0.7964
vn 0.8978 -0.1939 0.3955
vn 0.5021 0.2217 0.8359
vn 0.5086 0.1461 0.8485
vn 0.6219 0.2836 0.7300
vn 0.7029 0.2177 0.6772
vn 0.8187 -0.2219 0.5297
vn 0.6599 0.3325 0.6738
vn 0.5488 0.4472 0.7063
vn 0.7384 0.3298 0.5882
vn 0.6718 0.2701 0.6897
vn 0.4722 0.2847 0.8343
vn 0.8198 0.4546 0.3482
vn 0.8329 0.3971 0.3855
vn 0.7809 0.3927 0.4859
vn 0.7035 0.4637 0.5385
vn 0.5414 -0.2977 0.7863
vn 0.7534 0.6548 -0.0606
vn 0.8542 0.5199 -0.0054
vn 0.8805 0.4688 0.0704
vn 0.8997 0.4326 0.0576
vn 0.8061 0.5600 0.1915
vn 0.9513 -0.0942 0.2935
vn 0.6561 0.6206 -0.4295
vn 0.7756 0.5155 -0.3643
vn 0.8494 0.4407 -0.2902
vn 0.8475 0.5104 -0.1458
vn 0.8011 0.5974 -0.0354
vn 0.4693 0.4755 -0.7441
vn 0.5880 0.4228 -0.6896
vn 0.6725 0.4078 -0.6176
vn 0.7092 0.4760 -0.5200
vn 0.9942 -0.0591 0.0902
vn 0.7255 0.5350 -0.4329
vn 0.3959 0.2897 -0.8714
vn 0.4081 0.2829 -0.8680
vn 0.4443 0.3026 -0.8432
vn 0.9781 -0.0893 -0.1880
vn 0.4688 0.3157 -0.8249
vn 0.1830 0.0475 -0.9820
vn 0.0640 0.0563 -0.9964
vn 0.1330 0.0219 -0.9909
vn 0.8076 -0.2020 -0.5540
vn 0.1457 0.0150 -0.9892
vn 0.2746 -0.1196 -0.9541
vn -0.2101 -0.2294 -0.9504
vn -0.2525 -0.1443 -0.9568
vn -0.1309 -0.1826 -0.9744
vn 0.5680 -0.4894 -0.6617
vn -0.0860 -0.1936 -0.9773
vn 0.2282 -0.4864 -0.8434
vn -0.6098 -0.3058 -0.7312
vn -0.5216 -0.2945 -0.8008
vn -0.4169 -0.3791 -0.8261
vn 0.1740 -0.8650 -0.4706
vn -0.3599 -0.4519 -0.8163
vn 0.1673 -0.7007 -0.6935
vn -0.7685 -0.3345 -0.5455
vn -0.7439 -0.4308 -0.5109
vn -0.6797 -0.5336 -0.5032
vn 0.0403 -0.9779 -0.2050
vn -0.5696 -0.6322 -0.5252
vn -0.7837 -0.5850 -0.2088
vn -0.8074 -0.5404 -0.2370
vn -0.8196 -0.5393 -0.1933
vn -0.7213 -0.6356 -0.2751
vn 0.0241 -0.9989 -0.0402
vn -0.2765 -0.9608 0.0212
vn -0.8590 -0.4929 0.1384
vn -0.8607 -0.5048 -0.0656
vn 0.4289 -0.2275 0.8742
vn 0.1933 0.9667 -0.1679
vn -0.5657 0.4951 0.6594
vn 0.2006 0.9718 -0.1240
vn -0.6561 0.5133 0.5532
vn -0.0000 0.9260 -0.3776
vn 0.0848 0.5013 0.8611
vn 0.0037 0.4990 0.8666
vn 0.1540 0.8611 0.4845
vn -0.8988 0.4099 0.1555
vn 0.1172 0.8477 0.5173
vn 0.4766 0.4994 0.7235
vn 0.3695 0.5132 0.7747
vn 0.0947 0.8706 0.4827
vn -0.3883 0.6854 -0.6160
vn 0.0720 0.8345 0.5463
vn 0.1396 0.5058 0.8513
vn 0.1965 0.9256 0.3236
vn -0.8471 0.4188 0.3271
vn -0.1926 0.9667 -0.1683
vn 0.5713 0.4960 0.6540
vn 0.0911 0.8871 0.4526
vn -0.6508 0.6065 -0.4568
vn -0.2044 0.9761 -0.0738
vn 0.7189 0.5347 0.4442
vn 0.6614 0.5138 0.5463
vn -0.0282 0.9365 -0.3494
vn 0.2082 0.5050 0.8377
vn -0.0018 0.7897 0.6134
vn 0.1488 0.7187 -0.6792
vn 0.3915 0.6831 -0.6166
vn -0.0705 0.8354 0.5452
vn -0.0915 0.8686 0.4870
vn 0.6526 0.6067 -0.4540
vn -0.1991 0.9720 -0.1245
vn -0.0912 0.8866 0.4534
vn 0.7968 0.5553 -0.2383
vn 0.0953 0.8810 0.4634
vn -0.7992 0.5537 -0.2339
vn -0.0960 0.8816 0.4622
vn 0.8804 0.4714 -0.0512
vn -0.1168 0.8477 0.5175
vn 0.8993 0.4091 0.1547
vn -0.2204 0.9714 0.0878
vn 0.7804 0.4804 0.4002
vn -0.1537 0.8589 0.4886
vn 0.8477 0.4150 0.3304
vn 0.2797 0.5005 0.8193
vn -0.1976 0.9222 0.3323
vn -0.1574 0.7165 -0.6796
vn -0.0084 0.6551 -0.7555
vn -0.0788 0.5019 0.8613
vn 0.0001 0.9334 -0.3588
vn -0.1373 0.5063 0.8514
vn 0.0279 0.9365 -0.3494
vn -0.8823 0.4685 -0.0460
vn -0.2096 0.5049 0.8374
vn 0.0677 0.9436 -0.3240
vn 0.2192 0.9721 0.0833
vn -0.7805 0.4842 0.3956
vn -0.2837 0.5019 0.8171
vn 0.0935 0.9530 -0.2880
vn -0.3714 0.5124 0.7743
vn -0.0456 0.8022 0.5953
vn -0.4722 0.4998 0.7261
vn -0.7180 0.5349 0.4453
vn -0.0819 0.4003 0.9127
vn -0.1499 0.3951 0.9063
vn -0.6301 0.5695 -0.5279
vn -0.3709 0.6016 -0.7075
vn -0.8004 0.4967 -0.3356
vn 0.0876 0.4005 0.9121
vn 0.0035 0.4058 0.9140
vn -0.8865 0.4506 -0.1052
vn 0.8392 0.3437 0.4215
vn -0.9251 0.3715 0.0790
vn 0.8911 0.3208 0.3211
vn 0.1514 0.3949 0.9062
vn -0.9226 0.3167 0.2203
vn 0.9224 0.3149 0.2238
vn 0.2314 0.3931 0.8899
vn -0.8916 0.3229 0.3176
vn 0.9247 0.3726 0.0783
vn 0.3124 0.3964 0.8633
vn -0.7308 0.3890 0.5609
vn -0.8372 0.3459 0.4237
vn 0.8848 0.4524 -0.1112
vn 0.4233 0.3812 0.8219
vn -0.6242 0.4007 0.6707
vn 0.7986 0.4973 -0.3390
vn 0.5347 0.3900 0.7497
vn -0.5305 0.3892 0.7531
vn 0.6321 0.5674 -0.5278
vn 0.6301 0.4008 0.6650
vn -0.4236 0.3822 0.8213
vn 0.3724 0.6050 -0.7038
vn -0.3168 0.3962 0.8618
vn 0.1269 0.6352 -0.7618
vn 0.7361 0.3889 0.5540
vn -0.2331 0.3943 0.8890
vn -0.1349 0.6353 -0.7604
vn -0.0076 0.7257 -0.6880
vn 0.0003 0.9223 0.3864
vn 0.5476 -0.8189 0.1721
vn -0.7400 -0.6616 -0.1211
vn -0.6610 -0.5778 0.4787
vn 0.5397 -0.8326 -0.1247
vn 0.4310 -0.8594 -0.2752
vn -0.6112 -0.6979 -0.3734
vn 0.5149 -0.8140 0.2689
vn -0.5248 -0.7037 -0.4789
vn 0.4761 -0.8050 0.3539
vn -0.4032 -0.7178 -0.5676
vn 0.4096 -0.8040 0.4310
vn -0.2736 -0.7247 -0.6325
vn 0.3204 -0.7925 0.5189
vn -0.5959 -0.8030 0.0025
vn -0.6082 -0.7874 0.1010
vn -0.1336 -0.7322 -0.6679
vn 0.1983 -0.7852 0.5866
vn 0.7448 -0.6555 0.1252
vn -0.5192 -0.8422 -0.1453
vn 0.6922 -0.6829 -0.2332
vn -0.5766 -0.7983 0.1739
vn -0.5206 -0.8122 0.2633
vn -0.0577 -0.7529 -0.6556
vn 0.0684 -0.7721 0.6318
vn 0.7334 -0.6080 0.3042
vn 0.4798 -0.6130 0.6277
vn -0.4347 -0.8509 -0.2950
vn -0.1765 -0.6581 0.7320
vn 0.1958 -0.8371 -0.5108
vn 0.1292 -0.8362 -0.5330
vn -0.3277 -0.8505 -0.4114
vn 0.5768 -0.8106 0.1011
vn 0.0016 -0.7567 0.6537
vn 0.2742 -0.6650 0.6947
vn -0.2572 -0.8291 -0.4964
vn 0.1809 -0.6720 0.7181
vn -0.2100 -0.8345 -0.5094
vn 0.0682 -0.6691 0.7400
vn -0.1433 -0.8342 -0.5325
vn 0.2713 -0.7310 -0.6261
vn -0.3239 -0.7899 0.5207
vn -0.2001 -0.7799 0.5931
vn -0.0002 -0.6763 0.7366
vn -0.0624 -0.8316 -0.5518
vn -0.7481 -0.6480 0.1432
vn -0.7500 -0.6033 0.2711
vn 0.7193 -0.6875 -0.1000
vn -0.2709 -0.6488 0.7111
vn 0.2457 -0.8334 -0.4951
vn 0.4176 -0.7177 -0.5572
vn -0.4190 -0.8009 0.4278
vn 0.6071 -0.7946 0.0096
vn -0.0281 -0.7548 0.6554
vn -0.0145 -0.7556 0.6548
vn -0.3566 -0.6464 0.6745
vn 0.3221 -0.8548 -0.4070
vn 0.5465 -0.7054 -0.4513
vn -0.4849 -0.7977 0.3585
vn 0.0520 -0.8313 -0.5533
vn -0.0034 -0.8185 -0.5746
vn 0.0401 -0.7585 -0.6505
vn -0.0836 -0.7677 0.6353
vn -0.4923 -0.5937 0.6366
vn 0.6208 -0.7067 -0.3394
vn -0.0669 -0.6649 0.7439
vn 0.1238 -0.7424 -0.6585
vn -0.0135 -0.7538 0.6569
vn 0.0018 -0.7536 0.6574
vn -0.2149 -0.7470 0.6291
vn -0.0862 -0.7433 0.6634
vn 0.6293 -0.7771 -0.0089
vn 0.5868 -0.7918 -0.1694
vn -0.6124 -0.7648 0.2000
vn -0.3489 -0.7566 0.5531
vn 0.6392 -0.7617 0.1056
vn 0.5915 -0.7830 0.1924
vn -0.4557 -0.7655 0.4542
vn -0.6473 -0.7554 0.1016
vn -0.4979 -0.7862 0.3662
vn -0.6283 -0.7773 -0.0325
vn -0.5579 -0.7771 0.2913
vn -0.5645 -0.8008 -0.1999
vn -0.4728 -0.8100 -0.3470
vn -0.3616 -0.7987 -0.4810
vn 0.0585 -0.7978 -0.6001
vn -0.0034 -0.8028 -0.5962
vn 0.5467 -0.7856 0.2898
vn -0.2614 -0.8135 -0.5196
vn 0.1407 -0.8034 -0.5786
vn 0.4983 -0.7848 0.3685
vn -0.2201 -0.8098 -0.5439
vn 0.2058 -0.8107 -0.5481
vn 0.4431 -0.7692 0.4604
vn -0.1553 -0.8027 -0.5758
vn 0.2520 -0.8132 -0.5246
vn 0.3419 -0.7627 0.5489
vn -0.0694 -0.7964 -0.6007
vn 0.3584 -0.8014 -0.4789
vn 0.2144 -0.7527 0.6225
vn -0.0261 -0.7529 0.6576
vn 0.4783 -0.8109 -0.3373
vn 0.0750 -0.7468 0.6608
vn -0.0024 -0.9986 0.0533
vn 0.0026 -0.9972 -0.0742
vn -0.9582 -0.1911 0.2128
vn -0.8938 -0.2064 0.3980
vn -0.8593 -0.3800 -0.3423
vn -0.9491 -0.2885 -0.1263
vn -0.4544 -0.7488 -0.4825
vn -0.9253 -0.1018 0.3654
vn -0.8934 -0.1346 0.4285
vn -0.2923 -0.9457 -0.1425
vn -0.6107 -0.2419 0.7541
vn -0.9957 -0.0642 0.0666
vn -0.2879 -0.9127 0.2898
vn -0.1722 -0.9781 0.1168
vn -0.5122 -0.7007 0.4966
vn -0.8252 -0.2934 0.4826
vn -0.0331 -0.9794 -0.1992
vn -0.0057 -0.8817 0.4718
vn -0.8984 -0.4120 -0.1524
vn -0.4849 -0.4417 0.7549
vn -0.3493 -0.8309 -0.4331
vn -0.1611 -0.9868 -0.0160
vn -0.1758 -0.9775 -0.1166
vn -0.9586 -0.0813 -0.2728
vn -0.3673 -0.8177 0.4432
vn 0.0883 -0.9961 0.0043
vn -0.1203 -0.8834 -0.4529
vn -0.6309 -0.5683 0.5282
vn -0.3174 -0.5086 0.8004
vn -0.2948 -0.8302 -0.4731
vn -0.9528 -0.0764 0.2939
vn -0.7722 -0.2960 -0.5622
vn -0.7220 -0.4525 0.5234
vn -0.7247 -0.6030 -0.3333
vn -0.2556 -0.8074 0.5317
vn -0.3228 -0.8922 -0.3157
vn -0.4311 -0.8291 -0.3561
vn -0.4144 -0.6566 0.6302
vn -0.1827 -0.8724 -0.4534
vn -0.5673 -0.5201 0.6385
vn -0.0827 -0.9811 -0.1749
vn -0.9579 -0.2409 -0.1561
vn -0.9584 -0.2124 0.1905
vn -0.7076 -0.3683 0.6031
vn -0.0412 -0.9963 -0.0760
vn -0.8459 -0.3826 -0.3716
vn -0.8144 -0.2821 0.5071
vn -0.0281 -0.9963 0.0808
vn -0.5429 -0.5298 -0.6516
vn -0.8820 -0.2457 0.4022
vn -0.0716 -0.9391 0.3361
vn 0.6197 -0.7697 -0.1532
vn 0.4289 -0.2274 0.8743
vn 0.2741 -0.9487 -0.1573
vn 0.5414 -0.2976 0.7863
vn 0.9513 -0.0941 0.2935
vn 0.2275 -0.9653 0.1282
vn 0.9942 -0.0590 0.0902
vn 0.5680 -0.4893 -0.6618
vn 0.4376 -0.8171 0.3754
vn 0.5409 -0.6751 0.5017
vn 0.7029 -0.4794 0.5254
vn 0.8152 -0.3292 0.4766
vn 0.0240 -0.9989 -0.0403
vn 0.9481 -0.1917 0.2537
vn -0.0519 -0.9986 0.0116
vn -0.1746 -0.9670 0.1857
vn 0.9174 -0.3194 -0.2374
vn 0.0951 -0.8936 0.4387
vn 0.4037 -0.8706 -0.2812
vn 0.2480 -0.9657 -0.0769
vn 0.8330 -0.1608 0.5293
vn 0.2744 -0.9274 0.2544
vn 0.9781 -0.0892 -0.1880
vn 0.3844 -0.6799 -0.6244
vn 0.6194 -0.5875 0.5208
vn 0.9004 -0.2095 0.3812
vn 0.8687 -0.4387 -0.2301
vn 0.1977 -0.8710 -0.4498
vn 0.2039 -0.9790 -0.0012
vn 0.9435 -0.3205 -0.0841
vn 0.8076 -0.2019 -0.5541
vn 0.1739 -0.8650 -0.4706
vn 0.2281 -0.8959 -0.3812
vn 0.5536 -0.5587 0.6176
vn 0.6851 -0.4136 0.5997
vn 0.1167 -0.9715 -0.2065
vn 0.9611 -0.2508 -0.1160
vn 0.8230 -0.2859 0.4909
vn 0.0908 -0.9942 -0.0580
vn 0.8980 -0.3480 -0.2690
vn 0.8863 -0.2650 0.3798
vn 0.0694 -0.9940 0.0841
vn 0.8447 -0.4314 -0.3168
vn 0.9403 -0.2466 0.2347
vn 0.1186 -0.9557 0.2696
vn 0.3242 -0.8057 -0.4958
vn 0.2537 -0.8256 0.5040
vn 0.2829 -0.9238 -0.2580
vn 0.4589 -0.6604 0.5945
vn 0.5402 -0.8199 -0.1895
vn 0.5678 -0.8028 0.1819
vn -0.5517 -0.8163 0.1713
vn 0.0952 -0.8936 0.4387
vn 0.8330 -0.1609 0.5293
vn 0.3845 -0.6800 -0.6243
vt 0.249083 0.007500
vt 0.222316 0.034538
vt 0.222240 0.007500
vt 0.195554 0.034541
vt 0.195398 0.007500
vt 0.168792 0.034543
vt 0.168555 0.007500
vt 0.142029 0.034546
vt 0.141713 0.007500
vt 0.115267 0.034548
vt 0.114870 0.007500
vt 0.088505 0.034551
vt 0.088028 0.007500
vt 0.061185 0.007500
vt 0.061743 0.034553
vt 0.034343 0.007500
vt 0.008218 0.034558
vt 0.007500 0.007500
vt 0.249078 0.034536
vt 0.222392 0.061577
vt 0.195710 0.061582
vt 0.169028 0.061587
vt 0.142346 0.061592
vt 0.115664 0.061597
vt 0.088982 0.061602
vt 0.062300 0.061607
vt 0.034980 0.034556
vt 0.008936 0.061617
vt 0.249074 0.061572
vt 0.222467 0.088615
vt 0.195866 0.088622
vt 0.169264 0.088630
vt 0.142662 0.088637
vt 0.116061 0.088645
vt 0.089459 0.088652
vt 0.062857 0.088660
vt 0.036256 0.088668
vt 0.035618 0.061612
vt 0.009654 0.088675
vt 0.249069 0.088607
vt 0.222543 0.115653
vt 0.196022 0.115663
vt 0.169500 0.115673
vt 0.142979 0.115683
vt 0.116458 0.115693
vt 0.089936 0.115703
vt 0.063415 0.115713
vt 0.036894 0.115723
vt 0.010372 0.115733
vt 0.249064 0.115643
vt 0.222618 0.142691
vt 0.196177 0.142704
vt 0.169736 0.142717
vt 0.143295 0.142729
vt 0.116854 0.142742
vt 0.090413 0.142754
vt 0.063972 0.142767
vt 0.037531 0.142779
vt 0.011090 0.142792
vt 0.249055 0.169715
vt 0.249059 0.142679
vt 0.196333 0.169745
vt 0.169973 0.169760
vt 0.143612 0.169775
vt 0.117251 0.169790
vt 0.090891 0.169805
vt 0.064530 0.169820
vt 0.038169 0.169835
vt 0.011808 0.169850
vt 0.249050 0.196750
vt 0.222694 0.169730
vt 0.196489 0.196785
vt 0.143928 0.196821
vt 0.117648 0.196838
vt 0.091368 0.196856
vt 0.065087 0.196873
vt 0.038807 0.196891
vt 0.012527 0.196908
vt 0.222845 0.223806
vt 0.222770 0.196768
vt 0.196645 0.223826
vt 0.170209 0.196803
vt 0.144245 0.223866
vt 0.118045 0.223886
vt 0.091845 0.223907
vt 0.065645 0.223927
vt 0.039445 0.223947
vt 0.013245 0.223967
vt 0.249045 0.223786
vt 0.222921 0.250844
vt 0.170681 0.250890
vt 0.170445 0.223846
vt 0.118442 0.250935
vt 0.066202 0.250980
vt 0.040082 0.251003
vt 0.013963 0.251025
vt 0.249036 0.277858
vt 0.249041 0.250822
vt 0.222996 0.277883
vt 0.196801 0.250867
vt 0.196957 0.277908
vt 0.170918 0.277933
vt 0.144562 0.250912
vt 0.144878 0.277958
vt 0.118839 0.277983
vt 0.092322 0.250957
vt 0.092799 0.278008
vt 0.066760 0.278033
vt 0.014681 0.278083
vt 0.249031 0.304893
vt 0.223072 0.304921
vt 0.197113 0.304949
vt 0.171154 0.304976
vt 0.145195 0.305004
vt 0.119235 0.305031
vt 0.093276 0.305059
vt 0.067317 0.305087
vt 0.040720 0.278058
vt 0.041358 0.305114
vt 0.249027 0.331929
vt 0.223148 0.331959
vt 0.197269 0.331989
vt 0.171390 0.332020
vt 0.145511 0.332050
vt 0.119632 0.332080
vt 0.093753 0.332110
vt 0.067875 0.332140
vt 0.041996 0.332170
vt 0.015399 0.305142
vt 0.249022 0.358965
vt 0.223223 0.358998
vt 0.197425 0.359030
vt 0.171626 0.359063
vt 0.120029 0.359128
vt 0.094231 0.359161
vt 0.068432 0.359193
vt 0.042634 0.359226
vt 0.016117 0.332200
vt 0.455519 0.359226
vt 0.482049 0.332200
vt 0.481331 0.359259
vt 0.456158 0.332170
vt 0.482767 0.305142
vt 0.456796 0.305114
vt 0.483485 0.278084
vt 0.458074 0.251003
vt 0.484203 0.251025
vt 0.458713 0.223947
vt 0.484921 0.223967
vt 0.459352 0.196891
vt 0.485639 0.196909
vt 0.459990 0.169835
vt 0.486357 0.169850
vt 0.460629 0.142779
vt 0.487075 0.142792
vt 0.461268 0.115723
vt 0.487794 0.115734
vt 0.461907 0.088668
vt 0.488512 0.088675
vt 0.489230 0.061617
vt 0.462546 0.061612
vt 0.489948 0.034558
vt 0.463184 0.034556
vt 0.490666 0.007500
vt 0.429707 0.359194
vt 0.430266 0.332140
vt 0.430826 0.305087
vt 0.457435 0.278059
vt 0.431385 0.278033
vt 0.432504 0.223927
vt 0.433064 0.196873
vt 0.433623 0.169820
vt 0.434183 0.142767
vt 0.434743 0.115713
vt 0.435302 0.088660
vt 0.435862 0.061607
vt 0.436421 0.034553
vt 0.463823 0.007500
vt 0.404375 0.332110
vt 0.404855 0.305059
vt 0.405335 0.278008
vt 0.431945 0.250980
vt 0.406296 0.223907
vt 0.406776 0.196856
vt 0.407256 0.169805
vt 0.407737 0.142754
vt 0.408217 0.115703
vt 0.408697 0.088653
vt 0.409178 0.061602
vt 0.409658 0.034551
vt 0.410138 0.007500
vt 0.436981 0.007500
vt 0.403894 0.359161
vt 0.378483 0.332080
vt 0.378884 0.305032
vt 0.379285 0.277983
vt 0.405816 0.250957
vt 0.379686 0.250935
vt 0.380489 0.196838
vt 0.380890 0.169790
vt 0.381291 0.142742
vt 0.381692 0.115693
vt 0.382093 0.088645
vt 0.382494 0.061597
vt 0.382895 0.034548
vt 0.383296 0.007500
vt 0.378082 0.359128
vt 0.352592 0.332050
vt 0.352914 0.305004
vt 0.353235 0.277958
vt 0.353557 0.250912
vt 0.380088 0.223887
vt 0.353879 0.223866
vt 0.354523 0.169775
vt 0.354844 0.142729
vt 0.355166 0.115683
vt 0.355488 0.088637
vt 0.355810 0.061592
vt 0.356131 0.034546
vt 0.356453 0.007500
vt 0.326458 0.359063
vt 0.352270 0.359096
vt 0.326701 0.332020
vt 0.326943 0.304976
vt 0.327186 0.277933
vt 0.327428 0.250890
vt 0.327671 0.223846
vt 0.354201 0.196821
vt 0.328156 0.169760
vt 0.328398 0.142717
vt 0.328641 0.115673
vt 0.328883 0.088630
vt 0.329126 0.061587
vt 0.329368 0.034543
vt 0.329611 0.007500
vt 0.300646 0.359030
vt 0.300809 0.331990
vt 0.300972 0.304949
vt 0.301136 0.277908
vt 0.301299 0.250867
vt 0.301462 0.223826
vt 0.327913 0.196803
vt 0.301625 0.196786
vt 0.301952 0.142704
vt 0.302115 0.115663
vt 0.302278 0.088622
vt 0.302442 0.061582
vt 0.302605 0.034541
vt 0.302768 0.007500
vt 0.274834 0.358998
vt 0.274918 0.331959
vt 0.275002 0.304921
vt 0.275086 0.277883
vt 0.275170 0.250845
vt 0.275254 0.223806
vt 0.275338 0.196768
vt 0.301789 0.169745
vt 0.275422 0.169730
vt 0.275590 0.115653
vt 0.275674 0.088615
vt 0.275758 0.061577
vt 0.275842 0.034538
vt 0.275926 0.007500
vt 0.275506 0.142691
vt 0.048192 0.565999
vt 0.043182 0.589457
vt 0.023092 0.577489
vt 0.064427 0.576826
vt 0.063272 0.601425
vt 0.080636 0.587664
vt 0.083362 0.613393
vt 0.096845 0.598503
vt 0.103452 0.625360
vt 0.113055 0.609342
vt 0.123542 0.637329
vt 0.145473 0.631019
vt 0.143632 0.649297
vt 0.073291 0.554508
vt 0.086016 0.564258
vt 0.098702 0.574025
vt 0.111389 0.583792
vt 0.124075 0.593559
vt 0.129264 0.620180
vt 0.149447 0.613094
vt 0.098391 0.543018
vt 0.108065 0.551848
vt 0.117707 0.560691
vt 0.127350 0.569535
vt 0.136993 0.578379
vt 0.136761 0.603326
vt 0.156278 0.596067
vt 0.123491 0.531527
vt 0.130650 0.539740
vt 0.137806 0.547953
vt 0.144963 0.556166
vt 0.159277 0.572592
vt 0.146636 0.587223
vt 0.166433 0.580806
vt 0.148590 0.520037
vt 0.153760 0.528090
vt 0.158967 0.536127
vt 0.169382 0.552199
vt 0.152120 0.564379
vt 0.174590 0.560235
vt 0.179797 0.568272
vt 0.177301 0.516979
vt 0.180967 0.525387
vt 0.184633 0.533795
vt 0.164175 0.544163
vt 0.188299 0.542203
vt 0.191965 0.550611
vt 0.195631 0.559019
vt 0.173690 0.508546
vt 0.201100 0.506366
vt 0.203460 0.515653
vt 0.205820 0.524940
vt 0.208180 0.534227
vt 0.210540 0.543514
vt 0.212901 0.552801
vt 0.198790 0.497056
vt 0.225025 0.496135
vt 0.226190 0.506692
vt 0.227355 0.517248
vt 0.228521 0.527804
vt 0.229686 0.538360
vt 0.230851 0.548916
vt 0.223890 0.485565
vt 0.249005 0.486169
vt 0.249020 0.498262
vt 0.249036 0.510356
vt 0.249052 0.522449
vt 0.249067 0.534543
vt 0.249083 0.546636
vt 0.268447 0.538358
vt 0.267314 0.548916
vt 0.287593 0.543511
vt 0.285265 0.552802
vt 0.306171 0.550606
vt 0.302535 0.559019
vt 0.323552 0.560232
vt 0.318369 0.568272
vt 0.338876 0.572593
vt 0.331733 0.580806
vt 0.351525 0.587225
vt 0.341887 0.596067
vt 0.361404 0.603329
vt 0.348718 0.613094
vt 0.368902 0.620182
vt 0.352692 0.631019
vt 0.374624 0.637329
vt 0.354534 0.649297
vt 0.269580 0.527799
vt 0.289920 0.534220
vt 0.309807 0.542194
vt 0.328736 0.552193
vt 0.346019 0.564379
vt 0.361162 0.578384
vt 0.374090 0.593565
vt 0.385112 0.609345
vt 0.270712 0.517241
vt 0.292248 0.524929
vt 0.313443 0.533782
vt 0.333920 0.544154
vt 0.353162 0.556167
vt 0.370800 0.569542
vt 0.386775 0.583801
vt 0.401323 0.598509
vt 0.394714 0.625360
vt 0.271845 0.506682
vt 0.294575 0.515638
vt 0.317079 0.525370
vt 0.339104 0.536115
vt 0.360305 0.547953
vt 0.380437 0.560701
vt 0.399461 0.574036
vt 0.417533 0.587672
vt 0.414804 0.613393
vt 0.272977 0.496124
vt 0.296903 0.506347
vt 0.320715 0.516958
vt 0.344287 0.528076
vt 0.367448 0.539740
vt 0.390075 0.551859
vt 0.412147 0.564272
vt 0.433743 0.576835
vt 0.434894 0.601425
vt 0.274110 0.485565
vt 0.299230 0.497056
vt 0.324351 0.508546
vt 0.349471 0.520037
vt 0.374592 0.531527
vt 0.399712 0.543018
vt 0.424833 0.554508
vt 0.449953 0.565999
vt 0.454984 0.589457
vt 0.248989 0.474075
vt 0.272433 0.471776
vt 0.295873 0.482275
vt 0.319313 0.492775
vt 0.342752 0.503274
vt 0.366192 0.513774
vt 0.389632 0.524273
vt 0.413072 0.534773
vt 0.436512 0.545272
vt 0.459952 0.555772
vt 0.475074 0.577489
vt 0.248993 0.461285
vt 0.271035 0.457821
vt 0.293074 0.467158
vt 0.315113 0.476495
vt 0.337152 0.485832
vt 0.359191 0.495169
vt 0.381229 0.504506
vt 0.403268 0.513843
vt 0.425307 0.523180
vt 0.447346 0.532517
vt 0.248996 0.448495
vt 0.270063 0.443687
vt 0.291125 0.451675
vt 0.312188 0.459662
vt 0.333250 0.467649
vt 0.354313 0.475636
vt 0.375375 0.483624
vt 0.396438 0.491611
vt 0.417501 0.499598
vt 0.438563 0.507586
vt 0.249000 0.435705
vt 0.269673 0.429423
vt 0.290341 0.435921
vt 0.311010 0.442419
vt 0.331679 0.448918
vt 0.352348 0.455416
vt 0.373017 0.461914
vt 0.393686 0.468412
vt 0.414354 0.474910
vt 0.435023 0.481408
vt 0.249004 0.422915
vt 0.269945 0.415148
vt 0.290883 0.420143
vt 0.311822 0.425138
vt 0.332760 0.430134
vt 0.353698 0.435129
vt 0.374636 0.440125
vt 0.395574 0.445120
vt 0.416512 0.450115
vt 0.437450 0.455111
vt 0.249007 0.410125
vt 0.270780 0.400964
vt 0.292550 0.404563
vt 0.314319 0.408161
vt 0.336088 0.411760
vt 0.357858 0.415359
vt 0.379627 0.418957
vt 0.401397 0.422556
vt 0.423166 0.426154
vt 0.249011 0.397335
vt 0.271983 0.386906
vt 0.294952 0.389242
vt 0.317921 0.391579
vt 0.340890 0.393915
vt 0.363859 0.396252
vt 0.386828 0.398588
vt 0.409797 0.400925
vt 0.432766 0.403261
vt 0.444935 0.429753
vt 0.249015 0.384545
vt 0.273377 0.372935
vt 0.297736 0.374102
vt 0.322094 0.375269
vt 0.346453 0.376436
vt 0.370812 0.377603
vt 0.395171 0.378771
vt 0.419529 0.379938
vt 0.443888 0.381105
vt 0.455734 0.405598
vt 0.249018 0.371755
vt 0.468247 0.382272
vt 0.224674 0.372935
vt 0.200329 0.374102
vt 0.175985 0.375269
vt 0.151641 0.376436
vt 0.145828 0.359095
vt 0.127296 0.377603
vt 0.102952 0.378770
vt 0.078607 0.379938
vt 0.054263 0.381105
vt 0.029919 0.382272
vt 0.016835 0.359259
vt 0.203107 0.389242
vt 0.180153 0.391579
vt 0.157200 0.393915
vt 0.134246 0.396252
vt 0.111292 0.398588
vt 0.088339 0.400925
vt 0.065385 0.403261
vt 0.042431 0.405598
vt 0.226061 0.386906
vt 0.205504 0.404563
vt 0.183751 0.408161
vt 0.161997 0.411760
vt 0.140244 0.415359
vt 0.118491 0.418957
vt 0.096737 0.422556
vt 0.074984 0.426154
vt 0.053230 0.429753
vt 0.227258 0.400964
vt 0.228086 0.415148
vt 0.207165 0.420143
vt 0.186243 0.425138
vt 0.144401 0.435129
vt 0.123480 0.440124
vt 0.102558 0.445120
vt 0.081637 0.450115
vt 0.060716 0.455110
vt 0.228352 0.429423
vt 0.207701 0.435921
vt 0.187050 0.442419
vt 0.165322 0.430134
vt 0.166399 0.448918
vt 0.145747 0.455416
vt 0.125096 0.461914
vt 0.104445 0.468412
vt 0.083794 0.474910
vt 0.227956 0.443687
vt 0.206912 0.451675
vt 0.185868 0.459662
vt 0.164823 0.467649
vt 0.143779 0.475636
vt 0.122735 0.483624
vt 0.101691 0.491611
vt 0.080647 0.499598
vt 0.063143 0.481408
vt 0.226977 0.457821
vt 0.204957 0.467158
vt 0.182938 0.476495
vt 0.160918 0.485832
vt 0.138898 0.495169
vt 0.116879 0.504506
vt 0.094859 0.513843
vt 0.072839 0.523180
vt 0.059603 0.507586
vt 0.225573 0.471776
vt 0.202153 0.482275
vt 0.178733 0.492775
vt 0.155313 0.503274
vt 0.131893 0.513774
vt 0.108473 0.524273
vt 0.085054 0.534773
vt 0.061634 0.545272
vt 0.050820 0.532517
vt 0.038214 0.555772
vt 0.750917 0.007500
vt 0.724155 0.034538
vt 0.724074 0.007500
vt 0.697393 0.034541
vt 0.697232 0.007500
vt 0.670630 0.034543
vt 0.670389 0.007500
vt 0.643867 0.034546
vt 0.643547 0.007500
vt 0.617104 0.034548
vt 0.616704 0.007500
vt 0.590341 0.034551
vt 0.589862 0.007500
vt 0.563578 0.034553
vt 0.563019 0.007500
vt 0.536815 0.034556
vt 0.536177 0.007500
vt 0.510052 0.034558
vt 0.509334 0.007500
vt 0.750919 0.034536
vt 0.724236 0.061577
vt 0.697553 0.061582
vt 0.670870 0.061587
vt 0.644187 0.061592
vt 0.617503 0.061597
vt 0.590820 0.061602
vt 0.564137 0.061607
vt 0.537454 0.061612
vt 0.510770 0.061617
vt 0.750920 0.061572
vt 0.724317 0.088615
vt 0.697714 0.088622
vt 0.671110 0.088630
vt 0.644507 0.088637
vt 0.617903 0.088645
vt 0.591299 0.088652
vt 0.564696 0.088660
vt 0.538092 0.088668
vt 0.511488 0.088675
vt 0.750921 0.088607
vt 0.724398 0.115653
vt 0.697874 0.115663
vt 0.671350 0.115673
vt 0.618302 0.115693
vt 0.565255 0.115713
vt 0.538731 0.115723
vt 0.512206 0.115734
vt 0.750922 0.115643
vt 0.724479 0.142691
vt 0.698035 0.142704
vt 0.671591 0.142717
vt 0.644826 0.115683
vt 0.645146 0.142729
vt 0.618702 0.142742
vt 0.591779 0.115703
vt 0.592258 0.142754
vt 0.539369 0.142779
vt 0.512925 0.142792
vt 0.750924 0.142679
vt 0.724560 0.169730
vt 0.698196 0.169745
vt 0.671831 0.169760
vt 0.645466 0.169775
vt 0.619102 0.169790
vt 0.592737 0.169805
vt 0.565813 0.142767
vt 0.566372 0.169820
vt 0.513643 0.169850
vt 0.750926 0.196750
vt 0.750925 0.169715
vt 0.698356 0.196786
vt 0.672071 0.196803
vt 0.645786 0.196821
vt 0.619501 0.196838
vt 0.593216 0.196856
vt 0.566931 0.196873
vt 0.540007 0.169835
vt 0.514361 0.196908
vt 0.750928 0.223786
vt 0.724641 0.196768
vt 0.724722 0.223806
vt 0.698517 0.223826
vt 0.646106 0.223866
vt 0.619901 0.223887
vt 0.593695 0.223907
vt 0.567490 0.223927
vt 0.540646 0.196891
vt 0.541284 0.223947
vt 0.750929 0.250822
vt 0.724803 0.250845
vt 0.698677 0.250867
vt 0.672311 0.223846
vt 0.672552 0.250890
vt 0.646426 0.250912
vt 0.620300 0.250935
vt 0.594174 0.250957
vt 0.568048 0.250980
vt 0.541923 0.251003
vt 0.515079 0.223967
vt 0.750930 0.277858
vt 0.724884 0.277883
vt 0.698838 0.277908
vt 0.672792 0.277933
vt 0.646746 0.277958
vt 0.620700 0.277983
vt 0.594654 0.278008
vt 0.568607 0.278033
vt 0.542561 0.278058
vt 0.515797 0.251025
vt 0.750932 0.304893
vt 0.724965 0.304921
vt 0.698999 0.304949
vt 0.673032 0.304976
vt 0.647066 0.305004
vt 0.621099 0.305032
vt 0.595133 0.305059
vt 0.569166 0.305087
vt 0.543200 0.305114
vt 0.516515 0.278084
vt 0.750933 0.331929
vt 0.725046 0.331959
vt 0.699159 0.331989
vt 0.673272 0.332020
vt 0.647386 0.332050
vt 0.621499 0.332080
vt 0.595612 0.332110
vt 0.569725 0.332140
vt 0.517951 0.332200
vt 0.517233 0.305142
vt 0.750934 0.358965
vt 0.725127 0.358998
vt 0.699320 0.359030
vt 0.647705 0.359095
vt 0.621898 0.359128
vt 0.596091 0.359161
vt 0.570284 0.359193
vt 0.544477 0.359226
vt 0.543838 0.332170
vt 0.518669 0.359259
vt 0.983165 0.359259
vt 0.958000 0.332170
vt 0.983883 0.332200
vt 0.958638 0.305114
vt 0.984601 0.305142
vt 0.985319 0.278084
vt 0.959276 0.278058
vt 0.986037 0.251025
vt 0.959914 0.251003
vt 0.986755 0.223967
vt 0.960552 0.223947
vt 0.987473 0.196908
vt 0.961190 0.196891
vt 0.988191 0.169850
vt 0.961828 0.169835
vt 0.988910 0.142792
vt 0.962467 0.142779
vt 0.989628 0.115734
vt 0.963743 0.088668
vt 0.990346 0.088675
vt 0.964381 0.061612
vt 0.991064 0.061617
vt 0.965019 0.034556
vt 0.991782 0.034558
vt 0.965657 0.007500
vt 0.992500 0.007500
vt 0.957361 0.359226
vt 0.932116 0.332140
vt 0.932675 0.305087
vt 0.933233 0.278033
vt 0.933791 0.250980
vt 0.934349 0.223927
vt 0.935466 0.169820
vt 0.936024 0.142767
vt 0.936582 0.115713
vt 0.963105 0.115723
vt 0.937140 0.088660
vt 0.937699 0.061607
vt 0.938257 0.034553
vt 0.938815 0.007500
vt 0.931558 0.359194
vt 0.906233 0.332110
vt 0.906711 0.305059
vt 0.907190 0.278008
vt 0.907668 0.250957
vt 0.908146 0.223907
vt 0.934907 0.196873
vt 0.908624 0.196856
vt 0.909103 0.169805
vt 0.910059 0.115703
vt 0.910537 0.088652
vt 0.911016 0.061602
vt 0.911494 0.034551
vt 0.911972 0.007500
vt 0.905755 0.359161
vt 0.880350 0.332080
vt 0.880748 0.305032
vt 0.881146 0.277983
vt 0.881545 0.250935
vt 0.881943 0.223886
vt 0.882341 0.196838
vt 0.882740 0.169790
vt 0.909581 0.142754
vt 0.883138 0.142742
vt 0.883935 0.088645
vt 0.884333 0.061597
vt 0.884731 0.034548
vt 0.885130 0.007500
vt 0.879951 0.359128
vt 0.854466 0.332050
vt 0.854785 0.305004
vt 0.855103 0.277958
vt 0.855422 0.250912
vt 0.855740 0.223866
vt 0.856058 0.196821
vt 0.856377 0.169775
vt 0.856695 0.142729
vt 0.883536 0.115693
vt 0.857014 0.115683
vt 0.857651 0.061592
vt 0.857969 0.034546
vt 0.858287 0.007500
vt 0.854148 0.359096
vt 0.828583 0.332020
vt 0.828821 0.304976
vt 0.829060 0.277933
vt 0.829298 0.250890
vt 0.829537 0.223846
vt 0.830014 0.169760
vt 0.830252 0.142717
vt 0.830491 0.115673
vt 0.857332 0.088637
vt 0.830729 0.088630
vt 0.831206 0.034543
vt 0.831445 0.007500
vt 0.802541 0.359030
vt 0.828344 0.359063
vt 0.802700 0.331989
vt 0.802858 0.304949
vt 0.803017 0.277908
vt 0.803175 0.250867
vt 0.803334 0.223826
vt 0.829775 0.196803
vt 0.803492 0.196786
vt 0.803651 0.169745
vt 0.803968 0.115663
vt 0.804127 0.088622
vt 0.830968 0.061587
vt 0.804444 0.034541
vt 0.804602 0.007500
vt 0.776738 0.358998
vt 0.776816 0.331959
vt 0.776895 0.304921
vt 0.776974 0.277883
vt 0.777052 0.250844
vt 0.777131 0.223806
vt 0.777288 0.169730
vt 0.777367 0.142691
vt 0.803810 0.142704
vt 0.777445 0.115653
vt 0.777602 0.061577
vt 0.804285 0.061582
vt 0.777760 0.007500
vt 0.777209 0.196768
vt 0.777524 0.088615
vt 0.777681 0.034538
vt 0.524926 0.577488
vt 0.550034 0.574335
vt 0.548127 0.587901
vt 0.570409 0.584394
vt 0.571328 0.598313
vt 0.590841 0.594446
vt 0.594530 0.608725
vt 0.611273 0.604498
vt 0.617731 0.619138
vt 0.631704 0.614550
vt 0.640933 0.629549
vt 0.652136 0.624602
vt 0.664134 0.639962
vt 0.575143 0.571181
vt 0.592858 0.581143
vt 0.610650 0.591096
vt 0.628442 0.601048
vt 0.646234 0.611001
vt 0.664026 0.620953
vt 0.672568 0.634654
vt 0.600251 0.568027
vt 0.615392 0.578071
vt 0.630603 0.588105
vt 0.645814 0.598139
vt 0.661025 0.608174
vt 0.676236 0.618208
vt 0.681818 0.630905
vt 0.625360 0.564873
vt 0.637952 0.575101
vt 0.650607 0.585321
vt 0.663263 0.595540
vt 0.675918 0.605760
vt 0.688573 0.615980
vt 0.691447 0.628242
vt 0.650468 0.561720
vt 0.660531 0.572211
vt 0.670644 0.582696
vt 0.680757 0.593180
vt 0.690871 0.603665
vt 0.700984 0.614149
vt 0.701228 0.626199
vt 0.675577 0.558566
vt 0.683117 0.569380
vt 0.690697 0.580188
vt 0.698277 0.590997
vt 0.705857 0.601806
vt 0.713437 0.612614
vt 0.711097 0.624634
vt 0.700685 0.555412
vt 0.705710 0.566595
vt 0.710761 0.577774
vt 0.715813 0.588953
vt 0.720864 0.600132
vt 0.725915 0.611311
vt 0.721017 0.623423
vt 0.725793 0.552258
vt 0.728306 0.563850
vt 0.730832 0.575440
vt 0.733358 0.587031
vt 0.735884 0.598621
vt 0.738410 0.610211
vt 0.730967 0.622491
vt 0.750904 0.561136
vt 0.750907 0.573167
vt 0.750909 0.585199
vt 0.750912 0.597230
vt 0.750914 0.609261
vt 0.740936 0.621801
vt 0.760898 0.621801
vt 0.750917 0.621293
vt 0.763417 0.610210
vt 0.770867 0.622491
vt 0.775910 0.611311
vt 0.780817 0.623423
vt 0.788387 0.612613
vt 0.790737 0.624634
vt 0.800839 0.614148
vt 0.800606 0.626199
vt 0.813249 0.615978
vt 0.810387 0.628242
vt 0.825584 0.618206
vt 0.820016 0.630905
vt 0.837794 0.620951
vt 0.829266 0.634654
vt 0.849688 0.624600
vt 0.837700 0.639962
vt 0.765936 0.598620
vt 0.780953 0.600131
vt 0.795957 0.601804
vt 0.810941 0.603663
vt 0.825891 0.605757
vt 0.840782 0.608171
vt 0.855572 0.610997
vt 0.870110 0.614547
vt 0.860901 0.629549
vt 0.768456 0.587030
vt 0.785996 0.588951
vt 0.803527 0.590994
vt 0.821043 0.593177
vt 0.838534 0.595536
vt 0.855980 0.598135
vt 0.873350 0.601043
vt 0.890531 0.604494
vt 0.884103 0.619138
vt 0.770975 0.575439
vt 0.791039 0.577772
vt 0.811097 0.580185
vt 0.831145 0.582691
vt 0.851176 0.585316
vt 0.871178 0.588099
vt 0.891128 0.591089
vt 0.910953 0.594441
vt 0.907304 0.608725
vt 0.773494 0.563849
vt 0.796082 0.566592
vt 0.818667 0.569375
vt 0.841247 0.572205
vt 0.863818 0.575094
vt 0.886375 0.578063
vt 0.908906 0.581135
vt 0.931375 0.584387
vt 0.930506 0.598313
vt 0.776014 0.552258
vt 0.801126 0.555412
vt 0.826237 0.558566
vt 0.851349 0.561720
vt 0.876461 0.564873
vt 0.901573 0.568027
vt 0.926684 0.571181
vt 0.951796 0.574335
vt 0.953707 0.587900
vt 0.750902 0.549105
vt 0.774337 0.531054
vt 0.797768 0.534143
vt 0.821199 0.537233
vt 0.844630 0.540323
vt 0.868061 0.543412
vt 0.891492 0.546502
vt 0.914924 0.549592
vt 0.938355 0.552681
vt 0.961786 0.555771
vt 0.976908 0.577488
vt 0.750905 0.527978
vt 0.772939 0.509687
vt 0.794969 0.512541
vt 0.816999 0.515394
vt 0.839029 0.518248
vt 0.861060 0.521102
vt 0.883090 0.523955
vt 0.905120 0.526809
vt 0.927150 0.529663
vt 0.949180 0.532517
vt 0.750909 0.506851
vt 0.771967 0.488146
vt 0.793020 0.490576
vt 0.814074 0.493006
vt 0.835128 0.495436
vt 0.856182 0.497866
vt 0.877236 0.500296
vt 0.898289 0.502726
vt 0.919343 0.505155
vt 0.940397 0.507585
vt 0.750913 0.485725
vt 0.771576 0.466480
vt 0.792237 0.468346
vt 0.812897 0.470212
vt 0.833557 0.472078
vt 0.854217 0.473944
vt 0.874877 0.475810
vt 0.895537 0.477676
vt 0.916197 0.479542
vt 0.936857 0.481408
vt 0.750916 0.464598
vt 0.771849 0.444805
vt 0.792779 0.446093
vt 0.813708 0.447381
vt 0.834637 0.448669
vt 0.855567 0.449958
vt 0.876496 0.451246
vt 0.897425 0.452534
vt 0.918355 0.453822
vt 0.939284 0.455110
vt 0.750920 0.443472
vt 0.772684 0.423213
vt 0.794445 0.424031
vt 0.816206 0.424848
vt 0.837966 0.425665
vt 0.859727 0.426483
vt 0.881487 0.427300
vt 0.903248 0.428118
vt 0.925009 0.428935
vt 0.750924 0.422345
vt 0.773887 0.401741
vt 0.796848 0.402223
vt 0.819808 0.402705
vt 0.842768 0.403187
vt 0.865728 0.403669
vt 0.888688 0.404151
vt 0.911648 0.404634
vt 0.934608 0.405116
vt 0.946770 0.429753
vt 0.750931 0.380092
vt 0.750927 0.401218
vt 0.775281 0.380353
vt 0.799631 0.380593
vt 0.823981 0.380832
vt 0.848331 0.381072
vt 0.872681 0.381312
vt 0.897031 0.381552
vt 0.921381 0.381792
vt 0.945731 0.382032
vt 0.957569 0.405598
vt 0.970081 0.382272
vt 0.726578 0.380353
vt 0.702225 0.380593
vt 0.677871 0.380832
vt 0.673513 0.359063
vt 0.653519 0.381072
vt 0.629165 0.381312
vt 0.604812 0.381552
vt 0.580459 0.381792
vt 0.556106 0.382032
vt 0.531753 0.382272
vt 0.727965 0.401741
vt 0.705002 0.402223
vt 0.682040 0.402705
vt 0.659078 0.403187
vt 0.636115 0.403669
vt 0.613153 0.404151
vt 0.590190 0.404633
vt 0.567228 0.405115
vt 0.544266 0.405598
vt 0.707399 0.424031
vt 0.685637 0.424848
vt 0.663875 0.425665
vt 0.642113 0.426483
vt 0.620351 0.427300
vt 0.598589 0.428118
vt 0.576827 0.428935
vt 0.555065 0.429753
vt 0.729161 0.423213
vt 0.709060 0.446093
vt 0.688130 0.447381
vt 0.667200 0.448670
vt 0.646270 0.449958
vt 0.625340 0.451246
vt 0.604410 0.452534
vt 0.583480 0.453822
vt 0.562550 0.455110
vt 0.729990 0.444805
vt 0.730256 0.466480
vt 0.709597 0.468346
vt 0.688936 0.470212
vt 0.668277 0.472078
vt 0.647617 0.473944
vt 0.626957 0.475810
vt 0.606297 0.477676
vt 0.585637 0.479542
vt 0.729860 0.488147
vt 0.708807 0.490576
vt 0.687754 0.493006
vt 0.666701 0.495436
vt 0.645648 0.497866
vt 0.624595 0.500296
vt 0.603543 0.502726
vt 0.582490 0.505155
vt 0.564977 0.481408
vt 0.728881 0.509687
vt 0.706852 0.512541
vt 0.684824 0.515394
vt 0.662796 0.518248
vt 0.640767 0.521102
vt 0.618739 0.523955
vt 0.596711 0.526809
vt 0.574682 0.529663
vt 0.561437 0.507585
vt 0.727477 0.531054
vt 0.704048 0.534143
vt 0.680620 0.537233
vt 0.657191 0.540323
vt 0.633762 0.543412
vt 0.610334 0.546502
vt 0.586905 0.549592
vt 0.563477 0.552681
vt 0.552654 0.532516
vt 0.540048 0.555771
vt 0.462662 0.801646
vt 0.438043 0.773964
vt 0.462662 0.776777
vt 0.438523 0.749798
vt 0.462662 0.751907
vt 0.462662 0.727038
vt 0.439004 0.725632
vt 0.462662 0.702169
vt 0.439485 0.701466
vt 0.462662 0.677300
vt 0.437543 0.798128
vt 0.413537 0.777434
vt 0.414470 0.752401
vt 0.415403 0.727367
vt 0.416336 0.702334
vt 0.439965 0.677300
vt 0.412699 0.802401
vt 0.392463 0.789162
vt 0.392990 0.761197
vt 0.393518 0.733231
vt 0.394045 0.705266
vt 0.417269 0.677300
vt 0.392087 0.816967
vt 0.374006 0.803905
vt 0.373473 0.772254
vt 0.372941 0.740603
vt 0.372408 0.708951
vt 0.394572 0.677300
vt 0.374658 0.835452
vt 0.354142 0.817177
vt 0.352902 0.782208
vt 0.351661 0.747239
vt 0.350420 0.712269
vt 0.349180 0.677300
vt 0.371876 0.677300
vt 0.355505 0.852080
vt 0.331775 0.826829
vt 0.330452 0.789447
vt 0.329129 0.752065
vt 0.327806 0.714682
vt 0.326483 0.677300
vt 0.333225 0.864173
vt 0.307811 0.832637
vt 0.306805 0.793803
vt 0.305799 0.754968
vt 0.304793 0.716134
vt 0.308921 0.871456
vt 0.283195 0.835465
vt 0.282669 0.795924
vt 0.282143 0.756382
vt 0.281616 0.716841
vt 0.281090 0.677300
vt 0.303787 0.677300
vt 0.258394 0.875939
vt 0.283779 0.875004
vt 0.258394 0.836211
vt 0.258394 0.796484
vt 0.258394 0.717028
vt 0.233009 0.875004
vt 0.233593 0.835465
vt 0.234119 0.795924
vt 0.258394 0.756756
vt 0.234645 0.756382
vt 0.235171 0.716841
vt 0.258394 0.677300
vt 0.207867 0.871456
vt 0.208977 0.832637
vt 0.209983 0.793803
vt 0.210989 0.754968
vt 0.211995 0.716134
vt 0.235698 0.677300
vt 0.183563 0.864173
vt 0.185013 0.826829
vt 0.186336 0.789447
vt 0.187659 0.752065
vt 0.188982 0.714682
vt 0.213001 0.677300
vt 0.161283 0.852080
vt 0.162646 0.817177
vt 0.163886 0.782208
vt 0.165127 0.747239
vt 0.166368 0.712269
vt 0.190305 0.677300
vt 0.142130 0.835452
vt 0.142782 0.803905
vt 0.143315 0.772254
vt 0.143847 0.740603
vt 0.144380 0.708951
vt 0.167608 0.677300
vt 0.124701 0.816966
vt 0.124325 0.789162
vt 0.123798 0.761196
vt 0.123270 0.733231
vt 0.122216 0.677300
vt 0.144912 0.677300
vt 0.104089 0.802401
vt 0.103251 0.777434
vt 0.102318 0.752401
vt 0.101385 0.727367
vt 0.122743 0.705266
vt 0.099519 0.677300
vt 0.079245 0.798128
vt 0.078265 0.749798
vt 0.077784 0.725632
vt 0.077303 0.701466
vt 0.100452 0.702334
vt 0.076823 0.677300
vt 0.054126 0.776777
vt 0.078745 0.773964
vt 0.054126 0.751907
vt 0.054126 0.727038
vt 0.054126 0.702169
vt 0.054126 0.677300
vt 0.537338 0.801646
vt 0.561957 0.773964
vt 0.562457 0.798128
vt 0.537338 0.776777
vt 0.561477 0.749798
vt 0.537338 0.751907
vt 0.560996 0.725632
vt 0.537338 0.702169
vt 0.537338 0.727038
vt 0.537338 0.677300
vt 0.560515 0.701466
vt 0.586463 0.777434
vt 0.587301 0.802401
vt 0.585530 0.752401
vt 0.584597 0.727367
vt 0.583664 0.702334
vt 0.560035 0.677300
vt 0.607537 0.789162
vt 0.607913 0.816967
vt 0.607010 0.761197
vt 0.606482 0.733231
vt 0.605955 0.705266
vt 0.605428 0.677300
vt 0.625994 0.803905
vt 0.625342 0.835452
vt 0.626527 0.772254
vt 0.627059 0.740603
vt 0.627592 0.708951
vt 0.645858 0.817177
vt 0.644495 0.852080
vt 0.647098 0.782208
vt 0.648339 0.747239
vt 0.649580 0.712269
vt 0.650820 0.677300
vt 0.668225 0.826829
vt 0.666775 0.864173
vt 0.669548 0.789447
vt 0.670871 0.752065
vt 0.672194 0.714682
vt 0.673517 0.677300
vt 0.692189 0.832637
vt 0.691079 0.871456
vt 0.693195 0.793803
vt 0.694201 0.754968
vt 0.695207 0.716134
vt 0.716805 0.835465
vt 0.716221 0.875004
vt 0.717331 0.795924
vt 0.717858 0.756382
vt 0.718384 0.716841
vt 0.696213 0.677300
vt 0.741606 0.875939
vt 0.741606 0.836211
vt 0.741606 0.756756
vt 0.741606 0.796484
vt 0.741606 0.717028
vt 0.741606 0.677300
vt 0.766991 0.875004
vt 0.766407 0.835465
vt 0.765881 0.795924
vt 0.765355 0.756382
vt 0.764829 0.716841
vt 0.792133 0.871456
vt 0.791023 0.832637
vt 0.790017 0.793803
vt 0.789011 0.754968
vt 0.764302 0.677300
vt 0.788005 0.716134
vt 0.816437 0.864173
vt 0.814987 0.826829
vt 0.813664 0.789447
vt 0.812341 0.752065
vt 0.786999 0.677300
vt 0.811018 0.714682
vt 0.838718 0.852080
vt 0.837355 0.817177
vt 0.836114 0.782208
vt 0.834873 0.747239
vt 0.809695 0.677300
vt 0.833632 0.712269
vt 0.857870 0.835452
vt 0.857218 0.803905
vt 0.856685 0.772254
vt 0.856153 0.740603
vt 0.832392 0.677300
vt 0.855621 0.708951
vt 0.875299 0.816967
vt 0.875675 0.789162
vt 0.876202 0.761197
vt 0.876730 0.733231
vt 0.877784 0.677300
vt 0.877257 0.705266
vt 0.895911 0.802401
vt 0.896749 0.777434
vt 0.897682 0.752401
vt 0.898615 0.727367
vt 0.900481 0.677300
vt 0.899548 0.702334
vt 0.920755 0.798128
vt 0.921736 0.749798
vt 0.921255 0.773964
vt 0.922216 0.725632
vt 0.922697 0.701466
vt 0.923177 0.677300
vt 0.945874 0.776777
vt 0.945874 0.801646
vt 0.945874 0.751907
vt 0.945874 0.727038
vt 0.945874 0.702169
vt 0.945874 0.677300
vt 0.628124 0.677300
vt 0.066476 0.982830
vt 0.073576 0.983984
vt 0.073740 0.985489
vt 0.081156 0.985868
vt 0.081488 0.987443
vt 0.033476 0.954331
vt 0.030254 0.947876
vt 0.034322 0.953687
vt 0.115655 0.979013
vt 0.124980 0.968645
vt 0.126450 0.969806
vt 0.016374 0.922299
vt 0.016283 0.915219
vt 0.017701 0.922488
vt 0.143368 0.927165
vt 0.139567 0.911824
vt 0.141415 0.911510
vt 0.029306 0.948372
vt 0.026421 0.941989
vt 0.103307 0.985233
vt 0.114453 0.977690
vt 0.014907 0.914850
vt 0.015710 0.907637
vt 0.141642 0.943117
vt 0.141451 0.927069
vt 0.014539 0.899011
vt 0.017569 0.891796
vt 0.015965 0.899754
vt 0.025369 0.942323
vt 0.023019 0.935801
vt 0.127279 0.883273
vt 0.115214 0.872805
vt 0.116362 0.871372
vt 0.103095 0.863623
vt 0.103909 0.861928
vt 0.089283 0.855754
vt 0.088851 0.857624
vt 0.014304 0.907076
vt 0.073384 0.853084
vt 0.073397 0.855101
vt 0.135416 0.957772
vt 0.139701 0.942566
vt 0.057607 0.855092
vt 0.058041 0.856991
vt 0.043644 0.860496
vt 0.044370 0.862231
vt 0.016189 0.890880
vt 0.023829 0.879830
vt 0.031949 0.868414
vt 0.032891 0.869933
vt 0.021866 0.935967
vt 0.020124 0.929306
vt 0.022658 0.878593
vt 0.133992 0.897710
vt 0.125837 0.884372
vt 0.038821 0.959190
vt 0.038090 0.959973
vt 0.043459 0.964473
vt 0.042853 0.965400
vt 0.133706 0.956854
vt 0.048509 0.969409
vt 0.048037 0.970477
vt 0.089737 0.988085
vt 0.102441 0.983762
vt 0.053991 0.973950
vt 0.053665 0.975150
vt 0.018885 0.929294
vt 0.059914 0.978091
vt 0.059738 0.979418
vt 0.135674 0.896993
vt 0.066488 0.981406
vt 0.089232 0.986503
vt 0.044812 0.954176
vt 0.049301 0.959161
vt 0.131708 0.925970
vt 0.129767 0.913461
vt 0.130943 0.938456
vt 0.036719 0.943488
vt 0.040677 0.948893
vt 0.127130 0.950141
vt 0.025990 0.892527
vt 0.121270 0.960354
vt 0.032194 0.881671
vt 0.033115 0.937807
vt 0.113302 0.968964
vt 0.041006 0.873326
vt 0.029937 0.931891
vt 0.102855 0.975197
vt 0.051362 0.868031
vt 0.027285 0.925768
vt 0.083706 0.977943
vt 0.090794 0.978186
vt 0.062692 0.865165
vt 0.025196 0.919516
vt 0.077089 0.976582
vt 0.074966 0.864654
vt 0.024086 0.912986
vt 0.070767 0.974500
vt 0.087315 0.867302
vt 0.023791 0.906292
vt 0.064796 0.971663
vt 0.098890 0.872611
vt 0.059316 0.967979
vt 0.108883 0.880529
vt 0.024288 0.899477
vt 0.054136 0.963786
vt 0.124815 0.901633
vt 0.117434 0.890640
vt 0.070762 0.926019
vt 0.431533 0.893487
vt 0.429080 0.906158
vt 0.426856 0.905857
vt 0.434575 0.958490
vt 0.430251 0.945311
vt 0.436772 0.957407
vt 0.437963 0.882085
vt 0.433603 0.894164
vt 0.445900 0.871763
vt 0.439835 0.883116
vt 0.455954 0.863365
vt 0.447586 0.873066
vt 0.467496 0.857209
vt 0.457415 0.864836
vt 0.588268 0.917414
vt 0.585296 0.930729
vt 0.585888 0.917410
vt 0.480151 0.853662
vt 0.468700 0.858812
vt 0.587722 0.931111
vt 0.581960 0.943776
vt 0.580519 0.892069
vt 0.583095 0.904685
vt 0.578432 0.892779
vt 0.493105 0.852296
vt 0.481025 0.855323
vt 0.577700 0.956744
vt 0.584293 0.944519
vt 0.568037 0.966600
vt 0.575516 0.955735
vt 0.481074 0.982576
vt 0.469842 0.977625
vt 0.481805 0.980926
vt 0.556017 0.972892
vt 0.566088 0.965429
vt 0.426354 0.918905
vt 0.424005 0.918972
vt 0.505885 0.851791
vt 0.493562 0.853972
vt 0.544156 0.977876
vt 0.554489 0.971589
vt 0.531965 0.981703
vt 0.543035 0.976383
vt 0.519413 0.984291
vt 0.531227 0.980074
vt 0.544220 0.856230
vt 0.554436 0.863578
vt 0.543028 0.857834
vt 0.506586 0.985426
vt 0.519041 0.982577
vt 0.424463 0.932618
vt 0.427881 0.946115
vt 0.585345 0.904336
vt 0.468720 0.979152
vt 0.458170 0.973155
vt 0.555880 0.862060
vt 0.564461 0.871603
vt 0.426849 0.932191
vt 0.518207 0.853701
vt 0.505893 0.853490
vt 0.456632 0.974507
vt 0.446363 0.967136
vt 0.566135 0.870232
vt 0.572135 0.881793
vt 0.494090 0.982980
vt 0.506578 0.983689
vt 0.518644 0.852027
vt 0.530689 0.854712
vt 0.444402 0.968373
vt 0.574017 0.880723
vt 0.493731 0.984703
vt 0.531543 0.853056
vt 0.505826 0.869514
vt 0.495055 0.869961
vt 0.536928 0.872380
vt 0.527099 0.870207
vt 0.442820 0.930958
vt 0.445546 0.940590
vt 0.567850 0.909581
vt 0.545874 0.876556
vt 0.442247 0.920870
vt 0.444248 0.910827
vt 0.553412 0.882975
vt 0.569862 0.919482
vt 0.559301 0.891145
vt 0.569245 0.929514
vt 0.564241 0.900061
vt 0.566567 0.939107
vt 0.561681 0.947621
vt 0.554712 0.954291
vt 0.496096 0.967642
vt 0.506302 0.968058
vt 0.447788 0.901124
vt 0.545897 0.958622
vt 0.485949 0.966040
vt 0.452668 0.892099
vt 0.536388 0.962378
vt 0.475987 0.963401
vt 0.458577 0.883989
vt 0.526537 0.965349
vt 0.466371 0.959942
vt 0.466295 0.877759
vt 0.516478 0.967317
vt 0.457507 0.955763
vt 0.475065 0.873332
vt 0.516630 0.869593
vt 0.450485 0.949130
vt 0.484708 0.870868
vt 0.506062 0.919227
vt 0.965575 0.968088
vt 0.951009 0.974494
vt 0.964027 0.966203
vt 0.934742 0.982073
vt 0.919827 0.976011
vt 0.935539 0.978959
vt 0.903621 0.953038
vt 0.905892 0.959307
vt 0.903459 0.961331
vt 0.911474 0.908253
vt 0.904228 0.922478
vt 0.901684 0.921515
vt 0.939337 0.891021
vt 0.954937 0.892848
vt 0.938963 0.894195
vt 0.987226 0.925294
vt 0.979332 0.911299
vt 0.982381 0.909080
vt 0.975165 0.955643
vt 0.977705 0.956600
vt 0.917861 0.978869
vt 0.904608 0.968523
vt 0.903856 0.938431
vt 0.905809 0.951465
vt 0.924799 0.900255
vt 0.913202 0.910054
vt 0.956407 0.889476
vt 0.969106 0.900214
vt 0.951410 0.977157
vt 0.986224 0.941981
vt 0.983970 0.926457
vt 0.901684 0.971112
vt 0.906003 0.938057
vt 0.924020 0.897602
vt 0.971444 0.897334
vt 0.983027 0.942058
vt 0.922375 0.949119
vt 0.953420 0.918450
vt 0.923507 0.939148
vt 0.922676 0.945524
vt 0.958689 0.923737
vt 0.922522 0.931931
vt 0.960562 0.931338
vt 0.926454 0.925726
vt 0.935338 0.957003
vt 0.942250 0.954557
vt 0.959528 0.939000
vt 0.932059 0.920322
vt 0.928122 0.956172
vt 0.955128 0.945404
vt 0.938858 0.916671
vt 0.921629 0.953280
vt 0.948985 0.950568
vt 0.946349 0.915382
vt 0.883330 0.991345
vt 0.893775 0.981111
vt 0.896274 0.984952
vt 0.891958 0.958524
vt 0.893930 0.944304
vt 0.896274 0.944117
vt 0.883352 0.916945
vt 0.870808 0.910216
vt 0.871241 0.907193
vt 0.828680 0.912215
vt 0.842081 0.906146
vt 0.830909 0.915084
vt 0.819697 0.956195
vt 0.819270 0.941532
vt 0.822538 0.956005
vt 0.828814 0.969345
vt 0.840540 0.978651
vt 0.839386 0.980895
vt 0.852329 0.990949
vt 0.866528 0.989130
vt 0.867434 0.992082
vt 0.893922 0.969289
vt 0.892045 0.967158
vt 0.890449 0.930679
vt 0.892542 0.929391
vt 0.857138 0.905656
vt 0.856507 0.902240
vt 0.819962 0.925337
vt 0.822811 0.927296
vt 0.830874 0.968096
vt 0.881212 0.988181
vt 0.890133 0.957578
vt 0.881989 0.919200
vt 0.852590 0.987854
vt 0.840444 0.902566
vt 0.816134 0.940618
vt 0.877150 0.948361
vt 0.842818 0.937683
vt 0.841433 0.944997
vt 0.875772 0.941322
vt 0.859444 0.968720
vt 0.843563 0.952136
vt 0.871739 0.935050
vt 0.866797 0.969959
vt 0.848320 0.958248
vt 0.866339 0.929953
vt 0.873875 0.969461
vt 0.853727 0.963899
vt 0.859591 0.927027
vt 0.878456 0.966366
vt 0.852209 0.926736
vt 0.876818 0.960996
vt 0.846729 0.931267
vt 0.874975 0.955210
vt 0.861926 0.949138
vt 0.938641 0.937590
vt 0.054126 0.801646
vt 0.582731 0.677300
vt 0.718910 0.677300
vt 0.855088 0.677300
s 1
usemtl base2
f 1/1/1 2/2/2 3/3/3
f 3/3/3 4/4/4 5/5/5
f 5/5/5 6/6/6 7/7/7
f 7/7/7 8/8/8 9/9/9
f 9/9/9 10/10/10 11/11/11
f 11/11/11 12/12/12 13/13/13
f 12/12/12 14/14/14 13/13/13
f 15/15/15 16/16/16 14/14/14
f 16/16/16 17/17/17 18/18/18
f 19/19/19 20/20/20 2/2/2
f 2/2/2 21/21/21 4/4/4
f 4/4/4 22/22/22 6/6/6
f 6/6/6 23/23/23 8/8/8
f 8/8/8 24/24/24 10/10/10
f 10/10/10 25/25/25 12/12/12
f 12/12/12 26/26/26 15/15/15
f 26/26/26 27/27/27 15/15/15
f 27/27/27 28/28/28 17/17/17
f 29/29/29 30/30/30 20/20/20
f 20/20/20 31/31/31 21/21/21
f 21/21/21 32/32/32 22/22/22
f 22/22/22 33/33/33 23/23/23
f 23/23/23 34/34/34 24/24/24
f 24/24/24 35/35/35 25/25/25
f 25/25/25 36/36/36 26/26/26
f 26/26/26 37/37/37 38/38/38
f 38/38/38 39/39/39 28/28/28
f 40/40/40 41/41/41 30/30/30
f 30/30/30 42/42/42 31/31/31
f 31/31/31 43/43/43 32/32/32
f 32/32/32 44/44/44 33/33/33
f 33/33/33 45/45/45 34/34/34
f 34/34/34 46/46/46 35/35/35
f 35/35/35 47/47/47 36/36/36
f 36/36/36 48/48/48 37/37/37
f 37/37/37 49/49/49 39/39/39
f 50/50/50 51/51/51 41/41/41
f 41/41/41 52/52/52 42/42/42
f 42/42/42 53/53/53 43/43/43
f 43/43/43 54/54/54 44/44/44
f 44/44/44 55/55/55 45/45/45
f 45/45/45 56/56/56 46/46/46
f 46/46/46 57/57/57 47/47/47
f 47/47/47 58/58/58 48/48/48
f 48/48/48 59/59/59 49/49/49
f 60/60/60 51/51/51 61/61/61
f 51/51/51 62/62/62 52/52/52
f 52/52/52 63/63/63 53/53/53
f 53/53/53 64/64/64 54/54/54
f 54/54/54 65/65/65 55/55/55
f 55/55/55 66/66/66 56/56/56
f 56/56/56 67/67/67 57/57/57
f 57/57/57 68/68/68 58/58/58
f 58/58/58 69/69/69 59/59/59
f 70/70/70 71/71/71 60/60/60
f 71/71/71 72/72/72 62/62/62
f 72/72/72 63/63/63 62/62/62
f 63/63/63 73/73/73 64/64/64
f 64/64/64 74/74/74 65/65/65
f 65/65/65 75/75/75 66/66/66
f 66/66/66 76/76/76 67/67/67
f 67/67/67 77/77/77 68/68/68
f 68/68/68 78/78/78 69/69/69
f 70/70/70 79/79/79 80/80/80
f 80/80/80 81/81/81 72/72/72
f 81/81/81 82/82/82 72/72/72
f 82/82/82 83/83/83 73/73/73
f 73/73/73 84/84/84 74/74/74
f 74/74/74 85/85/85 75/75/75
f 75/75/75 86/86/86 76/76/76
f 76/76/76 87/87/87 77/77/77
f 77/77/77 88/88/88 78/78/78
f 89/89/89 90/90/90 79/79/79
f 90/90/90 81/81/81 79/79/79
f 81/81/81 91/91/91 92/92/92
f 91/91/91 83/83/83 92/92/92
f 83/83/83 93/93/93 84/84/84
f 93/93/93 85/85/85 84/84/84
f 85/85/85 94/94/94 86/86/86
f 86/86/86 95/95/95 87/87/87
f 87/87/87 96/96/96 88/88/88
f 97/97/97 90/90/90 98/98/98
f 99/99/99 100/100/100 90/90/90
f 101/101/101 91/91/91 100/100/100
f 102/102/102 103/103/103 91/91/91
f 104/104/104 93/93/93 103/103/103
f 105/105/105 106/106/106 93/93/93
f 107/107/107 94/94/94 106/106/106
f 108/108/108 95/95/95 94/94/94
f 95/95/95 109/109/109 96/96/96
f 110/110/110 99/99/99 97/97/97
f 111/111/111 101/101/101 99/99/99
f 112/112/112 102/102/102 101/101/101
f 113/113/113 104/104/104 102/102/102
f 114/114/114 105/105/105 104/104/104
f 115/115/115 107/107/107 105/105/105
f 116/116/116 108/108/108 107/107/107
f 117/117/117 118/118/118 108/108/108
f 119/119/119 109/109/109 118/118/118
f 120/120/120 111/111/111 110/110/110
f 121/121/121 112/112/112 111/111/111
f 122/122/122 113/113/113 112/112/112
f 123/123/123 114/114/114 113/113/113
f 124/124/124 115/115/115 114/114/114
f 125/125/125 116/116/116 115/115/115
f 126/126/126 117/117/117 116/116/116
f 127/127/127 119/119/119 117/117/117
f 128/128/128 129/129/129 119/119/119
f 130/130/130 121/121/121 120/120/120
f 131/131/131 122/122/122 121/121/121
f 132/132/132 123/123/123 122/122/122
f 133/133/133 124/124/124 123/123/123
f 124/124/124 134/134/134 125/125/125
f 125/125/125 135/135/135 126/126/126
f 126/126/126 136/136/136 127/127/127
f 136/136/136 128/128/128 127/127/127
f 137/137/137 138/138/138 128/128/128
f 139/139/139 140/140/140 141/141/141
f 142/142/142 143/143/143 140/140/140
f 144/144/144 145/145/145 143/143/143
f 145/145/145 146/146/146 147/147/147
f 147/147/147 148/148/148 149/149/149
f 149/149/149 150/150/150 151/151/151
f 151/151/151 152/152/152 153/153/153
f 153/153/153 154/154/154 155/155/155
f 155/155/155 156/156/156 157/157/157
f 157/157/157 158/158/158 159/159/159
f 158/158/158 160/160/160 159/159/159
f 161/161/161 162/162/162 160/160/160
f 163/163/163 164/164/164 162/162/162
f 165/165/165 142/142/142 139/139/139
f 166/166/166 144/144/144 142/142/142
f 167/167/167 168/168/168 144/144/144
f 169/169/169 146/146/146 168/168/168
f 146/146/146 170/170/170 148/148/148
f 148/148/148 171/171/171 150/150/150
f 150/150/150 172/172/172 152/152/152
f 152/152/152 173/173/173 154/154/154
f 154/154/154 174/174/174 156/156/156
f 156/156/156 175/175/175 158/158/158
f 158/158/158 176/176/176 161/161/161
f 161/161/161 177/177/177 163/163/163
f 177/177/177 178/178/178 163/163/163
f 165/165/165 179/179/179 166/166/166
f 179/179/179 167/167/167 166/166/166
f 180/180/180 169/169/169 167/167/167
f 181/181/181 182/182/182 169/169/169
f 182/182/182 183/183/183 170/170/170
f 170/170/170 184/184/184 171/171/171
f 171/171/171 185/185/185 172/172/172
f 172/172/172 186/186/186 173/173/173
f 173/173/173 187/187/187 174/174/174
f 174/174/174 188/188/188 175/175/175
f 175/175/175 189/189/189 176/176/176
f 176/176/176 190/190/190 177/177/177
f 177/177/177 191/191/191 192/192/192
f 193/193/193 194/194/194 179/179/179
f 194/194/194 180/180/180 179/179/179
f 195/195/195 181/181/181 180/180/180
f 196/196/196 197/197/197 181/181/181
f 198/198/198 183/183/183 197/197/197
f 183/183/183 199/199/199 184/184/184
f 184/184/184 200/200/200 185/185/185
f 185/185/185 201/201/201 186/186/186
f 186/186/186 202/202/202 187/187/187
f 187/187/187 203/203/203 188/188/188
f 188/188/188 204/204/204 189/189/189
f 189/189/189 205/205/205 190/190/190
f 190/190/190 206/206/206 191/191/191
f 207/207/207 208/208/208 194/194/194
f 208/208/208 195/195/195 194/194/194
f 209/209/209 196/196/196 195/195/195
f 210/210/210 198/198/198 196/196/196
f 211/211/211 212/212/212 198/198/198
f 213/213/213 199/199/199 212/212/212
f 199/199/199 214/214/214 200/200/200
f 200/200/200 215/215/215 201/201/201
f 201/201/201 216/216/216 202/202/202
f 202/202/202 217/217/217 203/203/203
f 203/203/203 218/218/218 204/204/204
f 204/204/204 219/219/219 205/205/205
f 205/205/205 220/220/220 206/206/206
f 221/221/221 208/208/208 222/222/222
f 223/223/223 209/209/209 208/208/208
f 224/224/224 210/210/210 209/209/209
f 225/225/225 211/211/211 210/210/210
f 226/226/226 213/213/213 211/211/211
f 227/227/227 228/228/228 213/213/213
f 228/228/228 229/229/229 214/214/214
f 214/214/214 230/230/230 215/215/215
f 215/215/215 231/231/231 216/216/216
f 216/216/216 232/232/232 217/217/217
f 217/217/217 233/233/233 218/218/218
f 218/218/218 234/234/234 219/219/219
f 219/219/219 235/235/235 220/220/220
f 236/236/236 223/223/223 221/221/221
f 237/237/237 224/224/224 223/223/223
f 238/238/238 225/225/225 224/224/224
f 239/239/239 226/226/226 225/225/225
f 240/240/240 227/227/227 226/226/226
f 241/241/241 242/242/242 227/227/227
f 243/243/243 229/229/229 242/242/242
f 229/229/229 244/244/244 230/230/230
f 230/230/230 245/245/245 231/231/231
f 231/231/231 246/246/246 232/232/232
f 232/232/232 247/247/247 233/233/233
f 233/233/233 248/248/248 234/234/234
f 234/234/234 249/249/249 235/235/235
f 250/250/250 237/237/237 236/236/236
f 251/251/251 238/238/238 237/237/237
f 252/252/252 239/239/239 238/238/238
f 253/253/253 240/240/240 239/239/239
f 254/254/254 241/241/241 240/240/240
f 255/255/255 243/243/243 241/241/241
f 256/256/256 257/257/257 243/243/243
f 258/258/258 244/244/244 257/257/257
f 244/244/244 259/259/259 245/245/245
f 245/245/245 260/260/260 246/246/246
f 246/246/246 261/261/261 247/247/247
f 247/247/247 262/262/262 248/248/248
f 248/248/248 263/263/263 249/249/249
f 130/130/130 251/251/251 250/250/250
f 120/120/120 252/252/252 251/251/251
f 110/110/110 253/253/253 252/252/252
f 97/97/97 254/254/254 253/253/253
f 98/98/98 255/255/255 254/254/254
f 89/89/89 256/256/256 255/255/255
f 70/70/70 258/258/258 256/256/256
f 60/60/60 264/264/264 258/258/258
f 264/264/264 50/50/50 259/259/259
f 259/259/259 40/40/40 260/260/260
f 260/260/260 29/29/29 261/261/261
f 261/261/261 19/19/19 262/262/262
f 262/262/262 1/1/1 263/263/263
f 265/265/265 266/266/266 267/267/267
f 268/268/268 269/269/269 266/266/266
f 270/270/270 271/271/271 269/269/269
f 272/272/272 273/273/273 271/271/271
f 274/274/274 275/275/275 273/273/273
f 275/275/275 276/276/276 277/277/277
f 278/278/278 268/268/268 265/265/265
f 279/279/279 270/270/270 268/268/268
f 280/280/280 272/272/272 270/270/270
f 281/281/281 274/274/274 272/272/272
f 282/282/282 283/283/283 274/274/274
f 283/283/283 284/284/284 276/276/276
f 285/285/285 279/279/279 278/278/278
f 286/286/286 280/280/280 279/279/279
f 287/287/287 281/281/281 280/280/280
f 288/288/288 282/282/282 281/281/281
f 289/289/289 290/290/290 282/282/282
f 290/290/290 291/291/291 284/284/284
f 292/292/292 286/286/286 285/285/285
f 293/293/293 287/287/287 286/286/286
f 294/294/294 288/288/288 287/287/287
f 295/295/295 289/289/289 288/288/288
f 289/289/289 296/296/296 297/297/297
f 297/297/297 298/298/298 291/291/291
f 299/299/299 293/293/293 292/292/292
f 300/300/300 294/294/294 293/293/293
f 301/301/301 295/295/295 294/294/294
f 295/295/295 302/302/302 303/303/303
f 303/303/303 304/304/304 296/296/296
f 296/296/296 305/305/305 298/298/298
f 299/299/299 306/306/306 300/300/300
f 300/300/300 307/307/307 301/301/301
f 301/301/301 308/308/308 309/309/309
f 309/309/309 310/310/310 302/302/302
f 302/302/302 311/311/311 304/304/304
f 304/304/304 312/312/312 305/305/305
f 313/313/313 314/314/314 306/306/306
f 306/306/306 315/315/315 307/307/307
f 307/307/307 316/316/316 308/308/308
f 308/308/308 317/317/317 310/310/310
f 310/310/310 318/318/318 311/311/311
f 311/311/311 319/319/319 312/312/312
f 320/320/320 321/321/321 314/314/314
f 314/314/314 322/322/322 315/315/315
f 315/315/315 323/323/323 316/316/316
f 316/316/316 324/324/324 317/317/317
f 317/317/317 325/325/325 318/318/318
f 318/318/318 326/326/326 319/319/319
f 327/327/327 328/328/328 321/321/321
f 321/321/321 329/329/329 322/322/322
f 322/322/322 330/330/330 323/323/323
f 323/323/323 331/331/331 324/324/324
f 324/324/324 332/332/332 325/325/325
f 325/325/325 333/333/333 326/326/326
f 333/333/333 334/334/334 335/335/335
f 335/335/335 336/336/336 337/337/337
f 337/337/337 338/338/338 339/339/339
f 339/339/339 340/340/340 341/341/341
f 341/341/341 342/342/342 343/343/343
f 343/343/343 344/344/344 345/345/345
f 345/345/345 346/346/346 347/347/347
f 347/347/347 348/348/348 349/349/349
f 349/349/349 350/350/350 351/351/351
f 332/332/332 352/352/352 334/334/334
f 334/334/334 353/353/353 336/336/336
f 336/336/336 354/354/354 338/338/338
f 338/338/338 355/355/355 340/340/340
f 340/340/340 356/356/356 342/342/342
f 342/342/342 357/357/357 344/344/344
f 357/357/357 346/346/346 344/344/344
f 358/358/358 348/348/348 346/346/346
f 359/359/359 350/350/350 348/348/348
f 331/331/331 360/360/360 352/352/352
f 352/352/352 361/361/361 353/353/353
f 353/353/353 362/362/362 354/354/354
f 354/354/354 363/363/363 355/355/355
f 355/355/355 364/364/364 356/356/356
f 364/364/364 357/357/357 356/356/356
f 365/365/365 358/358/358 357/357/357
f 366/366/366 359/359/359 358/358/358
f 367/367/367 368/368/368 359/359/359
f 330/330/330 369/369/369 360/360/360
f 360/360/360 370/370/370 361/361/361
f 361/361/361 371/371/371 362/362/362
f 362/362/362 372/372/372 363/363/363
f 372/372/372 364/364/364 363/363/363
f 373/373/373 365/365/365 364/364/364
f 374/374/374 366/366/366 365/365/365
f 375/375/375 367/367/367 366/366/366
f 376/376/376 377/377/377 367/367/367
f 329/329/329 378/378/378 369/369/369
f 369/369/369 379/379/379 370/370/370
f 370/370/370 380/380/380 371/371/371
f 371/371/371 381/381/381 372/372/372
f 381/381/381 373/373/373 372/372/372
f 382/382/382 374/374/374 373/373/373
f 383/383/383 375/375/375 374/374/374
f 384/384/384 376/376/376 375/375/375
f 385/385/385 386/386/386 376/376/376
f 328/328/328 387/387/387 378/378/378
f 378/378/378 388/388/388 379/379/379
f 379/379/379 389/389/389 380/380/380
f 380/380/380 390/390/390 381/381/381
f 390/390/390 382/382/382 381/381/381
f 391/391/391 383/383/383 382/382/382
f 392/392/392 384/384/384 383/383/383
f 393/393/393 385/385/385 384/384/384
f 394/394/394 395/395/395 385/385/385
f 396/396/396 397/397/397 387/387/387
f 387/387/387 398/398/398 388/388/388
f 388/388/388 399/399/399 389/389/389
f 389/389/389 400/400/400 390/390/390
f 390/390/390 401/401/401 391/391/391
f 391/391/391 402/402/402 392/392/392
f 392/392/392 403/403/403 393/393/393
f 393/393/393 404/404/404 394/394/394
f 394/394/394 405/405/405 406/406/406
f 407/407/407 408/408/408 397/397/397
f 397/397/397 409/409/409 398/398/398
f 398/398/398 410/410/410 399/399/399
f 399/399/399 411/411/411 400/400/400
f 400/400/400 412/412/412 401/401/401
f 401/401/401 413/413/413 402/402/402
f 402/402/402 414/414/414 403/403/403
f 403/403/403 415/415/415 404/404/404
f 404/404/404 416/416/416 405/405/405
f 417/417/417 418/418/418 408/408/408
f 408/408/408 419/419/419 409/409/409
f 409/409/409 420/420/420 410/410/410
f 410/410/410 421/421/421 411/411/411
f 411/411/411 422/422/422 412/412/412
f 412/412/412 423/423/423 413/413/413
f 413/413/413 424/424/424 414/414/414
f 414/414/414 425/425/425 415/415/415
f 415/415/415 426/426/426 416/416/416
f 427/427/427 428/428/428 418/418/418
f 418/418/418 429/429/429 419/419/419
f 419/419/419 430/430/430 420/420/420
f 420/420/420 431/431/431 421/421/421
f 421/421/421 432/432/432 422/422/422
f 422/422/422 433/433/433 423/423/423
f 423/423/423 434/434/434 424/424/424
f 424/424/424 435/435/435 425/425/425
f 425/425/425 436/436/436 426/426/426
f 437/437/437 438/438/438 428/428/428
f 428/428/428 439/439/439 429/429/429
f 429/429/429 440/440/440 430/430/430
f 430/430/430 441/441/441 431/431/431
f 431/431/431 442/442/442 432/432/432
f 432/432/432 443/443/443 433/433/433
f 433/433/433 444/444/444 434/434/434
f 434/434/434 445/445/445 435/435/435
f 435/435/435 446/446/446 436/436/436
f 447/447/447 448/448/448 438/438/438
f 438/438/438 449/449/449 439/439/439
f 439/439/439 450/450/450 440/440/440
f 440/440/440 451/451/451 441/441/441
f 451/451/451 442/442/442 441/441/441
f 452/452/452 443/443/443 442/442/442
f 453/453/453 444/444/444 443/443/443
f 454/454/454 445/445/445 444/444/444
f 455/455/455 446/446/446 445/445/445
f 456/456/456 457/457/457 448/448/448
f 448/448/448 458/458/458 449/449/449
f 458/458/458 450/450/450 449/449/449
f 459/459/459 451/451/451 450/450/450
f 460/460/460 452/452/452 451/451/451
f 461/461/461 453/453/453 452/452/452
f 462/462/462 454/454/454 453/453/453
f 463/463/463 455/455/455 454/454/454
f 464/464/464 465/465/465 455/455/455
f 466/466/466 467/467/467 457/457/457
f 467/467/467 458/458/458 457/457/457
f 468/468/468 459/459/459 458/458/458
f 469/469/469 460/460/460 459/459/459
f 470/470/470 461/461/461 460/460/460
f 471/471/471 462/462/462 461/461/461
f 472/472/472 463/463/463 462/462/462
f 473/473/473 464/464/464 463/463/463
f 474/474/474 475/475/475 464/464/464
f 130/130/130 467/467/467 476/476/476
f 250/250/250 468/468/468 467/467/467
f 236/236/236 469/469/469 468/468/468
f 221/221/221 470/470/470 469/469/469
f 222/222/222 471/471/471 470/470/470
f 207/207/207 472/472/472 471/471/471
f 193/193/193 473/473/473 472/472/472
f 165/165/165 474/474/474 473/473/473
f 139/139/139 477/477/477 474/474/474
f 130/130/130 478/478/478 131/131/131
f 131/131/131 479/479/479 132/132/132
f 132/132/132 480/480/480 133/133/133
f 133/133/133 481/481/481 482/482/482
f 482/482/482 483/483/483 134/134/134
f 134/134/134 484/484/484 135/135/135
f 135/135/135 485/485/485 136/136/136
f 136/136/136 486/486/486 137/137/137
f 137/137/137 487/487/487 488/488/488
f 466/466/466 478/478/478 476/476/476
f 478/478/478 489/489/489 479/479/479
f 479/479/479 490/490/490 480/480/480
f 480/480/480 491/491/491 481/481/481
f 481/481/481 492/492/492 483/483/483
f 483/483/483 493/493/493 484/484/484
f 484/484/484 494/494/494 485/485/485
f 485/485/485 495/495/495 486/486/486
f 486/486/486 496/496/496 487/487/487
f 456/456/456 497/497/497 466/466/466
f 497/497/497 498/498/498 489/489/489
f 489/489/489 499/499/499 490/490/490
f 490/490/490 500/500/500 491/491/491
f 491/491/491 501/501/501 492/492/492
f 492/492/492 502/502/502 493/493/493
f 493/493/493 503/503/503 494/494/494
f 494/494/494 504/504/504 495/495/495
f 495/495/495 505/505/505 496/496/496
f 447/447/447 506/506/506 456/456/456
f 507/507/507 498/498/498 506/506/506
f 508/508/508 499/499/499 498/498/498
f 509/509/509 500/500/500 499/499/499
f 500/500/500 510/510/510 501/501/501
f 501/501/501 511/511/511 502/502/502
f 502/502/502 512/512/512 503/503/503
f 503/503/503 513/513/513 504/504/504
f 504/504/504 514/514/514 505/505/505
f 437/437/437 507/507/507 447/447/447
f 515/515/515 508/508/508 507/507/507
f 516/516/516 509/509/509 508/508/508
f 517/517/517 518/518/518 509/509/509
f 519/519/519 510/510/510 518/518/518
f 520/520/520 511/511/511 510/510/510
f 521/521/521 512/512/512 511/511/511
f 522/522/522 513/513/513 512/512/512
f 523/523/523 514/514/514 513/513/513
f 427/427/427 515/515/515 437/437/437
f 524/524/524 516/516/516 515/515/515
f 525/525/525 517/517/517 516/516/516
f 526/526/526 519/519/519 517/517/517
f 527/527/527 520/520/520 519/519/519
f 528/528/528 521/521/521 520/520/520
f 529/529/529 522/522/522 521/521/521
f 530/530/530 523/523/523 522/522/522
f 531/531/531 532/532/532 523/523/523
f 417/417/417 524/524/524 427/427/427
f 533/533/533 525/525/525 524/524/524
f 534/534/534 526/526/526 525/525/525
f 535/535/535 527/527/527 526/526/526
f 536/536/536 528/528/528 527/527/527
f 537/537/537 529/529/529 528/528/528
f 538/538/538 530/530/530 529/529/529
f 539/539/539 531/531/531 530/530/530
f 540/540/540 541/541/541 531/531/531
f 407/407/407 533/533/533 417/417/417
f 542/542/542 534/534/534 533/533/533
f 543/543/543 535/535/535 534/534/534
f 544/544/544 536/536/536 535/535/535
f 545/545/545 537/537/537 536/536/536
f 546/546/546 538/538/538 537/537/537
f 547/547/547 539/539/539 538/538/538
f 548/548/548 540/540/540 539/539/539
f 540/540/540 549/549/549 550/550/550
f 396/396/396 542/542/542 407/407/407
f 327/327/327 543/543/543 542/542/542
f 320/320/320 544/544/544 543/543/543
f 313/313/313 545/545/545 544/544/544
f 299/299/299 546/546/546 545/545/545
f 292/292/292 547/547/547 546/546/546
f 285/285/285 548/548/548 547/547/547
f 548/548/548 278/278/278 549/549/549
f 549/549/549 265/265/265 551/551/551
f 552/552/552 553/553/553 554/554/554
f 554/554/554 555/555/555 556/556/556
f 556/556/556 557/557/557 558/558/558
f 558/558/558 559/559/559 560/560/560
f 560/560/560 561/561/561 562/562/562
f 562/562/562 563/563/563 564/564/564
f 564/564/564 565/565/565 566/566/566
f 566/566/566 567/567/567 568/568/568
f 568/568/568 569/569/569 570/570/570
f 571/571/571 572/572/572 553/553/553
f 553/553/553 573/573/573 555/555/555
f 555/555/555 574/574/574 557/557/557
f 557/557/557 575/575/575 559/559/559
f 559/559/559 576/576/576 561/561/561
f 561/561/561 577/577/577 563/563/563
f 563/563/563 578/578/578 565/565/565
f 565/565/565 579/579/579 567/567/567
f 567/567/567 580/580/160 569/569/569
f 581/581/580 582/582/581 572/572/572
f 572/572/572 583/583/582 573/573/573
f 573/573/573 584/584/583 574/574/574
f 574/574/574 585/585/584 575/575/575
f 575/575/575 586/586/585 576/576/576
f 576/576/576 587/587/586 577/577/577
f 577/577/577 588/588/587 578/578/578
f 578/578/578 589/589/588 579/579/579
f 579/579/579 590/590/159 580/580/160
f 591/591/589 592/592/590 582/582/581
f 582/582/581 593/593/591 583/583/582
f 593/593/591 584/584/583 583/583/582
f 594/594/592 585/585/584 584/584/583
f 585/585/584 595/595/593 586/586/585
f 595/595/593 587/587/586 586/586/585
f 587/587/586 596/596/594 588/588/587
f 588/588/587 597/597/595 589/589/588
f 589/589/588 598/598/157 590/590/159
f 599/599/596 600/600/597 592/592/590
f 592/592/590 601/601/598 593/593/591
f 593/593/591 602/602/599 594/594/592
f 602/602/599 603/603/600 594/594/592
f 604/604/601 595/595/593 603/603/600
f 605/605/602 606/606/603 595/595/593
f 607/607/604 596/596/594 606/606/603
f 596/596/594 608/608/605 597/597/595
f 597/597/595 609/609/606 598/598/157
f 610/610/607 611/611/608 600/600/597
f 600/600/597 612/612/609 601/601/598
f 601/601/598 613/613/610 602/602/599
f 602/602/599 614/614/611 604/604/601
f 614/614/611 605/605/602 604/604/601
f 615/615/612 607/607/604 605/605/602
f 616/616/613 617/617/614 607/607/604
f 618/618/615 608/608/605 617/617/614
f 608/608/605 619/619/616 609/609/606
f 620/620/617 611/611/608 621/621/618
f 611/611/608 622/622/619 612/612/609
f 612/612/609 623/623/620 613/613/610
f 613/613/610 624/624/621 614/614/611
f 624/624/621 615/615/612 614/614/611
f 625/625/622 616/616/613 615/615/612
f 626/626/623 618/618/615 616/616/613
f 627/627/624 628/628/625 618/618/615
f 628/628/625 629/629/151 619/619/616
f 630/630/626 631/631/627 620/620/617
f 632/632/628 622/622/619 631/631/627
f 633/633/629 623/623/620 622/622/619
f 623/623/620 634/634/630 624/624/621
f 634/634/630 625/625/622 624/624/621
f 635/635/631 626/626/623 625/625/622
f 636/636/632 627/627/624 626/626/623
f 637/637/633 638/638/634 627/627/624
f 639/639/635 629/629/151 638/638/634
f 640/640/636 632/632/628 630/630/626
f 641/641/637 633/633/629 632/632/628
f 642/642/638 643/643/639 633/633/629
f 644/644/640 634/634/630 643/643/639
f 645/645/641 635/635/631 634/634/630
f 646/646/642 636/636/632 635/635/631
f 647/647/643 637/637/633 636/636/632
f 648/648/644 639/639/635 637/637/633
f 649/649/645 650/650/149 639/639/635
f 651/651/646 641/641/637 640/640/636
f 652/652/647 642/642/638 641/641/637
f 653/653/648 644/644/640 642/642/638
f 654/654/649 645/645/641 644/644/640
f 655/655/650 646/646/642 645/645/641
f 656/656/651 647/647/643 646/646/642
f 657/657/652 648/648/644 647/647/643
f 658/658/653 649/649/645 648/648/644
f 659/659/654 660/660/147 649/649/645
f 661/661/655 652/652/647 651/651/646
f 662/662/656 653/653/648 652/652/647
f 663/663/657 654/654/649 653/653/648
f 664/664/658 655/655/650 654/654/649
f 665/665/659 656/656/651 655/655/650
f 666/666/660 657/657/652 656/656/651
f 667/667/661 658/658/653 657/657/652
f 668/668/662 659/659/654 658/658/653
f 669/669/663 670/670/664 659/659/654
f 671/671/665 662/662/656 661/661/655
f 672/672/666 663/663/657 662/662/656
f 673/673/667 664/664/658 663/663/657
f 674/674/668 665/665/659 664/664/658
f 675/675/669 666/666/660 665/665/659
f 676/676/670 667/667/661 666/666/660
f 677/677/671 668/668/662 667/667/661
f 678/678/672 669/669/663 668/668/662
f 669/669/663 679/679/140 680/680/673
f 681/681/674 672/672/666 671/671/665
f 682/682/675 673/673/667 672/672/666
f 683/683/676 674/674/668 673/673/667
f 674/674/668 684/684/677 675/675/669
f 675/675/669 685/685/678 676/676/670
f 676/676/670 686/686/679 677/677/671
f 677/677/671 687/687/680 678/678/672
f 678/678/672 688/688/681 689/689/682
f 689/689/682 690/690/141 679/679/140
f 691/691/683 692/692/684 693/693/138
f 693/693/138 694/694/685 695/695/129
f 694/694/685 696/696/686 695/695/129
f 697/697/687 698/698/688 696/696/686
f 699/699/689 700/700/690 698/698/688
f 701/701/691 702/702/692 700/700/690
f 703/703/693 704/704/694 702/702/692
f 705/705/695 706/706/59 704/704/694
f 707/707/696 708/708/49 706/706/59
f 708/708/49 709/709/697 710/710/39
f 710/710/39 711/711/698 712/712/28
f 712/712/28 713/713/699 714/714/700
f 714/714/700 715/715/701 716/716/702
f 717/717/703 718/718/704 692/692/684
f 718/718/704 694/694/685 692/692/684
f 719/719/705 697/697/687 694/694/685
f 720/720/706 699/699/689 697/697/687
f 721/721/707 701/701/691 699/699/689
f 722/722/708 703/703/693 701/701/691
f 703/703/693 723/723/709 705/705/695
f 705/705/695 724/724/710 707/707/696
f 707/707/696 725/725/711 726/726/712
f 726/726/712 727/727/713 709/709/697
f 709/709/697 728/728/714 711/711/698
f 711/711/698 729/729/715 713/713/699
f 713/713/699 730/730/716 715/715/701
f 731/731/717 732/732/718 718/718/704
f 732/732/718 719/719/705 718/718/704
f 733/733/719 720/720/706 719/719/705
f 734/734/720 721/721/707 720/720/706
f 735/735/721 722/722/708 721/721/707
f 736/736/722 737/737/723 722/722/708
f 738/738/724 723/723/709 737/737/723
f 739/739/725 724/724/710 723/723/709
f 724/724/710 740/740/726 725/725/711
f 725/725/711 741/741/727 727/727/713
f 727/727/713 742/742/728 728/728/714
f 728/728/714 743/743/729 729/729/715
f 729/729/715 744/744/730 730/730/716
f 745/745/731 746/746/732 732/732/718
f 746/746/732 733/733/719 732/732/718
f 747/747/733 734/734/720 733/733/719
f 748/748/734 735/735/721 734/734/720
f 749/749/735 736/736/722 735/735/721
f 750/750/736 738/738/724 736/736/722
f 751/751/737 739/739/725 738/738/724
f 752/752/738 753/753/739 739/739/725
f 754/754/740 740/740/726 753/753/739
f 740/740/726 755/755/741 741/741/727
f 741/741/727 756/756/742 742/742/728
f 742/742/728 757/757/743 743/743/729
f 743/743/729 758/758/744 744/744/730
f 759/759/745 760/760/746 746/746/732
f 760/760/746 747/747/733 746/746/732
f 761/761/747 748/748/734 747/747/733
f 762/762/748 749/749/735 748/748/734
f 763/763/749 750/750/736 749/749/735
f 764/764/750 751/751/737 750/750/736
f 765/765/751 752/752/738 751/751/737
f 766/766/752 754/754/740 752/752/738
f 767/767/753 768/768/754 754/754/740
f 769/769/755 755/755/741 768/768/754
f 755/755/741 770/770/756 756/756/742
f 756/756/742 771/771/757 757/757/743
f 757/757/743 772/772/758 758/758/744
f 773/773/759 774/774/760 760/760/746
f 774/774/760 761/761/747 760/760/746
f 775/775/761 762/762/748 761/761/747
f 776/776/762 763/763/749 762/762/748
f 777/777/763 764/764/750 763/763/749
f 778/778/764 765/765/751 764/764/750
f 765/765/751 779/779/765 766/766/752
f 766/766/752 780/780/766 767/767/753
f 780/780/766 769/769/755 767/767/753
f 781/781/767 782/782/768 769/769/755
f 783/783/769 770/770/756 782/782/768
f 770/770/756 784/784/770 771/771/757
f 771/771/757 785/785/771 772/772/758
f 786/786/772 774/774/760 787/787/773
f 788/788/774 775/775/761 774/774/760
f 789/789/775 776/776/762 775/775/761
f 790/790/776 777/777/763 776/776/762
f 791/791/777 778/778/764 777/777/763
f 792/792/778 793/793/779 778/778/764
f 794/794/780 779/779/765 793/793/779
f 795/795/781 780/780/766 779/779/765
f 780/780/766 796/796/782 781/781/767
f 781/781/767 797/797/783 783/783/769
f 797/797/783 798/798/784 783/783/769
f 798/798/784 799/799/785 784/784/770
f 784/784/770 800/800/786 785/785/771
f 801/801/787 788/788/774 786/786/772
f 802/802/788 789/789/775 788/788/774
f 803/803/789 790/790/776 789/789/775
f 804/804/790 791/791/777 790/790/776
f 805/805/791 792/792/778 791/791/777
f 806/806/792 794/794/780 792/792/778
f 794/794/780 807/807/793 795/795/781
f 795/795/781 808/808/794 809/809/795
f 808/808/794 796/796/782 809/809/795
f 810/810/796 797/797/783 796/796/782
f 797/797/783 811/811/797 812/812/798
f 811/811/797 799/799/785 812/812/798
f 799/799/785 813/813/799 800/800/786
f 681/681/674 802/802/788 801/801/787
f 671/671/665 803/803/789 802/802/788
f 661/661/655 804/804/790 803/803/789
f 651/651/646 805/805/791 804/804/790
f 640/640/636 806/806/792 805/805/791
f 630/630/626 814/814/800 806/806/792
f 620/620/617 807/807/793 814/814/800
f 807/807/793 610/610/607 808/808/794
f 808/808/794 599/599/596 810/810/796
f 599/599/596 815/815/801 810/810/796
f 591/591/589 811/811/797 815/815/801
f 581/581/580 816/816/802 811/811/797
f 571/571/571 813/813/799 816/816/802
f 817/817/406 818/818/803 819/819/804
f 820/820/805 821/821/806 819/819/804
f 822/822/807 823/823/377 821/821/806
f 824/824/808 825/825/368 823/823/377
f 826/826/809 827/827/810 825/825/368
f 828/828/811 829/829/351 827/827/810
f 830/830/812 820/820/805 818/818/803
f 831/831/813 822/822/807 820/820/805
f 832/832/814 824/824/808 822/822/807
f 833/833/815 826/826/809 824/824/808
f 834/834/816 828/828/811 826/826/809
f 835/835/817 836/836/818 828/828/811
f 837/837/819 831/831/813 830/830/812
f 838/838/820 832/832/814 831/831/813
f 839/839/821 833/833/815 832/832/814
f 840/840/822 834/834/816 833/833/815
f 841/841/823 835/835/817 834/834/816
f 842/842/824 843/843/825 835/835/817
f 844/844/826 838/838/820 837/837/819
f 845/845/827 839/839/821 838/838/820
f 846/846/828 840/840/822 839/839/821
f 847/847/829 841/841/823 840/840/822
f 848/848/830 842/842/824 841/841/823
f 849/849/831 850/850/832 842/842/824
f 851/851/833 845/845/827 844/844/826
f 852/852/834 846/846/828 845/845/827
f 853/853/835 847/847/829 846/846/828
f 854/854/836 848/848/830 847/847/829
f 855/855/837 849/849/831 848/848/830
f 856/856/838 857/857/839 849/849/831
f 858/858/840 852/852/834 851/851/833
f 859/859/841 853/853/835 852/852/834
f 860/860/842 854/854/836 853/853/835
f 861/861/843 855/855/837 854/854/836
f 862/862/844 856/856/838 855/855/837
f 863/863/845 864/864/846 856/856/838
f 865/865/847 859/859/841 858/858/840
f 866/866/848 860/860/842 859/859/841
f 867/867/849 861/861/843 860/860/842
f 868/868/850 862/862/844 861/861/843
f 869/869/851 863/863/845 862/862/844
f 870/870/852 871/871/853 863/863/845
f 872/872/854 866/866/848 865/865/847
f 873/873/855 867/867/849 866/866/848
f 874/874/856 868/868/850 867/867/849
f 875/875/857 869/869/851 868/868/850
f 876/876/858 870/870/852 869/869/851
f 877/877/859 878/878/860 870/870/852
f 872/872/854 879/879/861 873/873/855
f 873/873/855 880/880/862 874/874/856
f 874/874/856 881/881/863 875/875/857
f 881/881/863 876/876/858 875/875/857
f 882/882/864 877/877/859 876/876/858
f 883/883/865 884/884/866 877/877/859
f 883/883/865 885/885/867 886/886/868
f 887/887/869 888/888/870 885/885/867
f 889/889/871 890/890/872 888/888/870
f 891/891/873 892/892/874 890/890/872
f 893/893/875 894/894/876 892/892/874
f 895/895/877 896/896/878 894/894/876
f 897/897/879 898/898/880 896/896/878
f 899/899/881 900/900/882 898/898/880
f 901/901/883 902/902/884 900/900/882
f 882/882/864 887/887/869 883/883/865
f 903/903/885 889/889/871 887/887/869
f 904/904/886 891/891/873 889/889/871
f 905/905/887 893/893/875 891/891/873
f 906/906/888 895/895/877 893/893/875
f 907/907/889 897/897/879 895/895/877
f 908/908/890 899/899/881 897/897/879
f 909/909/891 901/901/883 899/899/881
f 910/910/892 911/911/893 901/901/883
f 881/881/863 903/903/885 882/882/864
f 912/912/894 904/904/886 903/903/885
f 913/913/895 905/905/887 904/904/886
f 914/914/896 906/906/888 905/905/887
f 915/915/897 907/907/889 906/906/888
f 916/916/898 908/908/890 907/907/889
f 917/917/899 909/909/891 908/908/890
f 918/918/900 910/910/892 909/909/891
f 919/919/901 920/920/902 910/910/892
f 881/881/863 921/921/903 912/912/894
f 921/921/903 913/913/895 912/912/894
f 922/922/904 914/914/896 913/913/895
f 923/923/905 915/915/897 914/914/896
f 924/924/906 916/916/898 915/915/897
f 925/925/907 917/917/899 916/916/898
f 926/926/908 918/918/900 917/917/899
f 927/927/909 919/919/901 918/918/900
f 928/928/910 929/929/271 919/919/901
f 880/880/862 930/930/911 921/921/903
f 930/930/911 922/922/904 921/921/903
f 931/931/912 923/923/905 922/922/904
f 932/932/913 924/924/906 923/923/905
f 933/933/914 925/925/907 924/924/906
f 934/934/915 926/926/908 925/925/907
f 935/935/916 927/927/909 926/926/908
f 936/936/917 928/928/910 927/927/909
f 937/937/918 938/938/919 928/928/910
f 879/879/861 939/939/920 930/930/911
f 939/939/920 931/931/912 930/930/911
f 940/940/921 932/932/913 931/931/912
f 941/941/922 933/933/914 932/932/913
f 942/942/923 934/934/915 933/933/914
f 943/943/924 935/935/916 934/934/915
f 944/944/925 936/936/917 935/935/916
f 945/945/926 937/937/918 936/936/917
f 937/937/918 946/946/927 947/947/266
f 948/948/928 949/949/929 939/939/920
f 939/939/920 950/950/930 940/940/921
f 940/940/921 951/951/931 941/941/922
f 941/941/922 952/952/932 942/942/923
f 942/942/923 953/953/933 943/943/924
f 943/943/924 954/954/934 944/944/925
f 944/944/925 955/955/935 945/945/926
f 945/945/926 956/956/936 946/946/927
f 946/946/927 957/957/937 958/958/267
f 959/959/938 960/960/939 949/949/929
f 949/949/929 961/961/940 950/950/930
f 950/950/930 962/962/941 951/951/931
f 951/951/931 963/963/942 952/952/932
f 952/952/932 964/964/943 953/953/933
f 953/953/933 965/965/944 954/954/934
f 954/954/934 966/966/945 955/955/935
f 955/955/935 967/967/946 956/956/936
f 956/956/936 968/968/947 957/957/937
f 969/969/948 970/970/949 960/960/939
f 960/960/939 971/971/950 961/961/940
f 961/961/940 972/972/951 962/962/941
f 962/962/941 973/973/952 963/963/942
f 963/963/942 974/974/953 964/964/943
f 964/964/943 975/975/954 965/965/944
f 965/965/944 976/976/955 966/966/945
f 966/966/945 977/977/956 967/967/946
f 967/967/946 978/978/957 968/968/947
f 979/979/958 980/980/959 970/970/949
f 970/970/949 981/981/960 971/971/950
f 971/971/950 982/982/961 972/972/951
f 972/972/951 983/983/962 973/973/952
f 973/973/952 984/984/963 974/974/953
f 974/974/953 985/985/964 975/975/954
f 975/975/954 986/986/965 976/976/955
f 976/976/955 987/987/966 977/977/956
f 977/977/956 988/988/967 978/978/957
f 989/989/968 990/990/969 980/980/959
f 980/980/959 991/991/970 981/981/960
f 981/981/960 992/992/971 982/982/961
f 982/982/961 993/993/972 983/983/962
f 983/983/962 994/994/973 984/984/963
f 984/984/963 995/995/974 985/985/964
f 985/985/964 996/996/975 986/986/965
f 986/986/965 997/997/976 987/987/966
f 987/987/966 998/998/977 988/988/967
f 999/999/978 1000/1000/979 990/990/969
f 1000/1000/979 991/991/970 990/990/969
f 1001/1001/980 992/992/971 991/991/970
f 1002/1002/981 993/993/972 992/992/971
f 1003/1003/982 994/994/973 993/993/972
f 1004/1004/983 995/995/974 994/994/973
f 1005/1005/984 996/996/975 995/995/974
f 1006/1006/985 997/997/976 996/996/975
f 1007/1007/986 998/998/977 997/997/976
f 1008/1008/987 1009/1009/988 1000/1000/979
f 1009/1009/988 1001/1001/980 1000/1000/979
f 1010/1010/989 1002/1002/981 1001/1001/980
f 1011/1011/990 1003/1003/982 1002/1002/981
f 1012/1012/991 1004/1004/983 1003/1003/982
f 1013/1013/992 1005/1005/984 1004/1004/983
f 1014/1014/993 1006/1006/985 1005/1005/984
f 1015/1015/994 1007/1007/986 1006/1006/985
f 1016/1016/995 1017/1017/996 1007/1007/986
f 1018/1018/997 1009/1009/988 1019/1019/998
f 1020/1020/999 1010/1010/989 1009/1009/988
f 1021/1021/1000 1011/1011/990 1010/1010/989
f 1022/1022/1001 1012/1012/991 1011/1011/990
f 1023/1023/1002 1013/1013/992 1012/1012/991
f 1024/1024/1003 1014/1014/993 1013/1013/992
f 1025/1025/1004 1015/1015/994 1014/1014/993
f 1026/1026/1005 1016/1016/995 1015/1015/994
f 1027/1027/1006 1028/1028/1007 1016/1016/995
f 681/681/674 1020/1020/999 1018/1018/997
f 801/801/787 1021/1021/1000 1020/1020/999
f 786/786/772 1022/1022/1001 1021/1021/1000
f 787/787/773 1023/1023/1002 1022/1022/1001
f 773/773/759 1024/1024/1003 1023/1023/1002
f 759/759/745 1025/1025/1004 1024/1024/1003
f 745/745/731 1026/1026/1005 1025/1025/1004
f 731/731/717 1027/1027/1006 1026/1026/1005
f 717/717/703 1029/1029/1008 1027/1027/1006
f 681/681/674 1030/1030/1009 682/682/675
f 682/682/675 1031/1031/1010 683/683/676
f 683/683/676 1032/1032/1011 1033/1033/1012
f 1033/1033/1012 1034/1034/1013 684/684/677
f 684/684/677 1035/1035/1014 685/685/678
f 685/685/678 1036/1036/1015 686/686/679
f 686/686/679 1037/1037/1016 687/687/680
f 687/687/680 1038/1038/1017 688/688/681
f 688/688/681 1039/1039/1018 690/690/141
f 1018/1018/997 1040/1040/1019 1030/1030/1009
f 1030/1030/1009 1041/1041/1020 1031/1031/1010
f 1031/1031/1010 1042/1042/1021 1032/1032/1011
f 1032/1032/1011 1043/1043/1022 1034/1034/1013
f 1034/1034/1013 1044/1044/1023 1035/1035/1014
f 1035/1035/1014 1045/1045/1024 1036/1036/1015
f 1036/1036/1015 1046/1046/1025 1037/1037/1016
f 1037/1037/1016 1047/1047/1026 1038/1038/1017
f 1038/1038/1017 1048/1048/1027 1039/1039/1018
f 1008/1008/987 1040/1040/1019 1019/1019/998
f 1040/1040/1019 1049/1049/1028 1041/1041/1020
f 1041/1041/1020 1050/1050/1029 1042/1042/1021
f 1042/1042/1021 1051/1051/1030 1043/1043/1022
f 1043/1043/1022 1052/1052/1031 1044/1044/1023
f 1044/1044/1023 1053/1053/1032 1045/1045/1024
f 1045/1045/1024 1054/1054/1033 1046/1046/1025
f 1046/1046/1025 1055/1055/1034 1047/1047/1026
f 1047/1047/1026 1056/1056/1035 1048/1048/1027
f 999/999/978 1057/1057/1036 1008/1008/987
f 1057/1057/1036 1058/1058/1037 1049/1049/1028
f 1049/1049/1028 1059/1059/1038 1050/1050/1029
f 1050/1050/1029 1060/1060/1039 1051/1051/1030
f 1051/1051/1030 1061/1061/1040 1052/1052/1031
f 1052/1052/1031 1062/1062/1041 1053/1053/1032
f 1053/1053/1032 1063/1063/1042 1054/1054/1033
f 1054/1054/1033 1064/1064/1043 1055/1055/1034
f 1055/1055/1034 1065/1065/1044 1056/1056/1035
f 989/989/968 1066/1066/1045 999/999/978
f 1067/1067/1046 1058/1058/1037 1066/1066/1045
f 1068/1068/1047 1059/1059/1038 1058/1058/1037
f 1069/1069/1048 1060/1060/1039 1059/1059/1038
f 1070/1070/1049 1061/1061/1040 1060/1060/1039
f 1071/1071/1050 1062/1062/1041 1061/1061/1040
f 1072/1072/1051 1063/1063/1042 1062/1062/1041
f 1073/1073/1052 1064/1064/1043 1063/1063/1042
f 1074/1074/1053 1065/1065/1044 1064/1064/1043
f 979/979/958 1067/1067/1046 989/989/968
f 1075/1075/1054 1068/1068/1047 1067/1067/1046
f 1076/1076/1055 1069/1069/1048 1068/1068/1047
f 1077/1077/1056 1070/1070/1049 1069/1069/1048
f 1078/1078/1057 1071/1071/1050 1070/1070/1049
f 1079/1079/1058 1072/1072/1051 1071/1071/1050
f 1080/1080/1059 1073/1073/1052 1072/1072/1051
f 1081/1081/1060 1074/1074/1053 1073/1073/1052
f 1082/1082/1061 1083/1083/1062 1074/1074/1053
f 969/969/948 1075/1075/1054 979/979/958
f 1084/1084/1063 1076/1076/1055 1075/1075/1054
f 1085/1085/1064 1077/1077/1056 1076/1076/1055
f 1086/1086/1065 1078/1078/1057 1077/1077/1056
f 1087/1087/1066 1079/1079/1058 1078/1078/1057
f 1088/1088/1067 1080/1080/1059 1079/1079/1058
f 1089/1089/1068 1081/1081/1060 1080/1080/1059
f 1090/1090/1069 1082/1082/1061 1081/1081/1060
f 1091/1091/1070 1092/1092/1071 1082/1082/1061
f 959/959/938 1084/1084/1063 969/969/948
f 1093/1093/1072 1085/1085/1064 1084/1084/1063
f 1094/1094/1073 1086/1086/1065 1085/1085/1064
f 1095/1095/1074 1087/1087/1066 1086/1086/1065
f 1096/1096/1075 1088/1088/1067 1087/1087/1066
f 1097/1097/1076 1089/1089/1068 1088/1088/1067
f 1098/1098/1077 1090/1090/1069 1089/1089/1068
f 1099/1099/1078 1091/1091/1070 1090/1090/1069
f 1100/1100/1079 1101/1101/1080 1091/1091/1070
f 948/948/928 1093/1093/1072 959/959/938
f 872/872/854 1094/1094/1073 1093/1093/1072
f 865/865/847 1095/1095/1074 1094/1094/1073
f 858/858/840 1096/1096/1075 1095/1095/1074
f 851/851/833 1097/1097/1076 1096/1096/1075
f 844/844/826 1098/1098/1077 1097/1097/1076
f 837/837/819 1099/1099/1078 1098/1098/1077
f 830/830/812 1100/1100/1079 1099/1099/1078
f 1100/1100/1079 818/818/803 1102/1102/1081
f 1103/1103/683 1104/1104/1082 1105/1105/1083
f 1105/1105/1083 1106/1106/1084 1107/1107/1085
f 1106/1106/1084 1108/1108/1086 1107/1107/1085
f 1109/1109/1087 1110/1110/1088 1108/1108/1086
f 1111/1111/1089 1112/1112/1090 1110/1110/1088
f 1113/1113/1091 1114/1114/1092 1104/1104/1082
f 1104/1104/1082 1115/1115/1093 1106/1106/1084
f 1106/1106/1084 1116/1116/1094 1109/1109/1087
f 1116/1116/1094 1111/1111/1089 1109/1109/1087
f 1117/1117/1095 1118/1118/1096 1111/1111/1089
f 1119/1119/1097 1120/1120/1098 1114/1114/1092
f 1114/1114/1092 1121/1121/1099 1115/1115/1093
f 1115/1115/1093 1122/1122/1100 1116/1116/1094
f 1116/1116/1094 1123/1123/1101 1117/1117/1095
f 1123/1123/1101 1124/1124/1102 1117/1117/1095
f 1125/1125/505 1126/1126/1103 1120/1120/1098
f 1120/1120/1098 1127/1127/1104 1121/1121/1099
f 1121/1121/1099 1128/1128/1105 1122/1122/1100
f 1122/1122/1100 1129/1129/1106 1123/1123/1101
f 1123/1123/1101 1129/1129/1106 1130/1130/1107
f 1131/1131/1108 1132/1132/1109 1126/1126/1103
f 1126/1126/1103 1133/1133/1110 1127/1127/1104
f 1127/1127/1104 1134/1134/1111 1128/1128/1105
f 1128/1128/1105 1135/1135/1112 1129/1129/1106
f 1129/1129/1106 1136/1136/1113 1137/1137/1114
f 1138/1138/532 1139/1139/1115 1132/1132/1109
f 1132/1132/1109 1140/1140/1116 1133/1133/1110
f 1133/1133/1110 1141/1141/1117 1134/1134/1111
f 1134/1134/1111 1142/1142/1118 1135/1135/1112
f 1135/1135/1112 1143/1143/1119 1136/1136/1113
f 1144/1144/1120 1145/1145/1121 1139/1139/1115
f 1139/1139/1115 1146/1146/1122 1140/1140/1116
f 1140/1140/1116 1147/1147/1123 1141/1141/1117
f 1141/1141/1117 1148/1148/1124 1142/1142/1118
f 1148/1148/1124 1143/1143/1119 1142/1142/1118
f 1149/1149/1125 1150/1150/1126 1145/1145/1121
f 1145/1145/1121 1151/1151/1127 1146/1146/1122
f 1146/1146/1122 1152/1152/1128 1147/1147/1123
f 1147/1147/1123 1153/1153/1129 1148/1148/1124
f 1148/1148/1124 1154/1154/1130 1155/1155/1131
f 1156/1156/267 1150/1150/1126 1157/1157/1132
f 1158/1158/1133 1151/1151/1127 1150/1150/1126
f 1159/1159/1134 1152/1152/1128 1151/1151/1127
f 1152/1152/1128 1160/1160/1135 1153/1153/1129
f 1160/1160/1135 1154/1154/1130 1153/1153/1129
f 1161/1161/1136 1158/1158/1133 1156/1156/267
f 1162/1162/1137 1159/1159/1134 1158/1158/1133
f 1163/1163/1138 1164/1164/1139 1159/1159/1134
f 1165/1165/1140 1160/1160/1135 1164/1164/1139
f 1166/1166/1141 1167/1167/1142 1160/1160/1135
f 1168/1168/947 1162/1162/1137 1161/1161/1136
f 1169/1169/1143 1163/1163/1138 1162/1162/1137
f 1170/1170/1144 1165/1165/1140 1163/1163/1138
f 1171/1171/1145 1166/1166/1141 1165/1165/1140
f 1172/1172/1146 1173/1173/1147 1166/1166/1141
f 1174/1174/957 1169/1169/1143 1168/1168/947
f 1175/1175/1148 1170/1170/1144 1169/1169/1143
f 1176/1176/1149 1171/1171/1145 1170/1170/1144
f 1177/1177/1150 1172/1172/1146 1171/1171/1145
f 1178/1178/1151 1179/1179/1152 1172/1172/1146
f 1180/1180/967 1175/1175/1148 1174/1174/957
f 1181/1181/1153 1176/1176/1149 1175/1175/1148
f 1182/1182/1154 1177/1177/1150 1176/1176/1149
f 1183/1183/1155 1178/1178/1151 1177/1177/1150
f 1184/1184/1156 1185/1185/1157 1178/1178/1151
f 1186/1186/1158 1181/1181/1153 1180/1180/967
f 1187/1187/1159 1182/1182/1154 1181/1181/1153
f 1188/1188/1160 1183/1183/1155 1182/1182/1154
f 1189/1189/1161 1184/1184/1156 1183/1183/1155
f 1190/1190/1162 1191/1191/1163 1184/1184/1156
f 1192/1192/1164 1187/1187/1159 1186/1186/1158
f 1193/1193/1165 1188/1188/1160 1187/1187/1159
f 1194/1194/1166 1189/1189/1161 1188/1188/1160
f 1195/1195/1167 1190/1190/1162 1189/1189/1161
f 1190/1190/1162 1196/1196/1168 1197/1197/1169
f 1198/1198/1170 1193/1193/1165 1192/1192/1164
f 1199/1199/1171 1194/1194/1166 1193/1193/1165
f 1200/1200/1172 1195/1195/1167 1194/1194/1166
f 1201/1201/1173 1202/1202/1174 1195/1195/1167
f 1202/1202/1174 1203/1203/1175 1196/1196/1168
f 1204/1204/1008 1199/1199/1171 1198/1198/1170
f 1199/1199/1171 1205/1205/1176 1200/1200/1172
f 1200/1200/1172 1206/1206/1177 1201/1201/1173
f 1201/1201/1173 1207/1207/1178 1208/1208/1179
f 1208/1208/1179 1209/1209/1180 1203/1203/1175
f 1204/1204/1008 1210/1210/1083 1211/1211/1181
f 1211/1211/1181 1212/1212/1182 1205/1205/1176
f 1205/1205/1176 1213/1213/1183 1206/1206/1177
f 1206/1206/1177 1214/1214/1088 1207/1207/1178
f 1207/1207/1178 1215/1215/1090 1209/1209/1180
f 1216/1216/141 1217/1217/1184 1218/1218/1185
f 1219/1219/1186 1220/1220/1187 1217/1217/1184
f 1221/1221/1188 1222/1222/1189 1220/1220/1187
f 1223/1223/1190 1222/1222/1189 1224/1224/1191
f 1225/1225/1192 1226/1226/1193 1223/1223/1190
f 1218/1218/1185 1227/1227/1194 1228/1228/1195
f 1217/1217/1184 1229/1229/1196 1227/1227/1194
f 1220/1220/1187 1230/1230/1197 1229/1229/1196
f 1222/1222/1189 1231/1231/1198 1230/1230/1197
f 1232/1232/1199 1231/1231/1198 1226/1226/1193
f 1228/1228/1195 1233/1233/1200 1234/1234/1201
f 1227/1227/1194 1235/1235/1202 1233/1233/1200
f 1229/1229/1196 1236/1236/1203 1235/1235/1202
f 1230/1230/1197 1237/1237/1204 1236/1236/1203
f 1231/1231/1198 1238/1238/1205 1237/1237/1204
f 1234/1234/1201 1239/1239/1206 1240/1240/1207
f 1233/1233/1200 1241/1241/1208 1239/1239/1206
f 1235/1235/1202 1242/1242/1209 1241/1241/1208
f 1236/1236/1203 1243/1243/1210 1242/1242/1209
f 1237/1237/1204 1238/1238/1205 1243/1243/1210
f 1240/1240/1207 1244/1244/1211 1245/1245/1212
f 1239/1239/1206 1246/1246/1213 1244/1244/1211
f 1241/1241/1208 1247/1247/1214 1246/1246/1213
f 1242/1242/1209 1248/1248/1215 1247/1247/1214
f 1243/1243/1210 1249/1249/1216 1248/1248/1215
f 1245/1245/1212 1250/1250/1217 1251/1251/426
f 1244/1244/1211 1252/1252/1218 1250/1250/1217
f 1246/1246/1213 1253/1253/1219 1252/1252/1218
f 1247/1247/1214 1254/1254/1220 1253/1253/1219
f 1248/1248/1215 1255/1255/1221 1254/1254/1220
f 1251/1251/426 1256/1256/1222 1257/1257/1223
f 1250/1250/1217 1258/1258/1224 1256/1256/1222
f 1252/1252/1218 1259/1259/1225 1258/1258/1224
f 1253/1253/1219 1260/1260/1226 1259/1259/1225
f 1255/1255/1221 1260/1260/1226 1254/1254/1220
f 1257/1257/1223 1261/1261/1227 1262/1262/405
f 1256/1256/1222 1263/1263/1228 1261/1261/1227
f 1258/1258/1224 1264/1264/1229 1263/1263/1228
f 1259/1259/1225 1265/1265/1230 1264/1264/1229
f 1266/1266/1231 1265/1265/1230 1260/1260/1226
f 1261/1261/1227 1267/1267/1232 1262/1262/405
f 1263/1263/1228 1268/1268/1233 1261/1261/1227
f 1263/1263/1228 1269/1269/1234 1270/1270/1235
f 1264/1264/1229 1271/1271/1236 1269/1269/1234
f 1265/1265/1230 1272/1272/1237 1271/1271/1236
f 1268/1268/1233 1273/1273/1238 1267/1267/1232
f 1270/1270/1235 1274/1274/1239 1268/1268/1233
f 1269/1269/1234 1275/1275/1240 1270/1270/1235
f 1271/1271/1236 1276/1276/1241 1269/1269/1234
f 1272/1272/1237 1277/1277/1242 1271/1271/1236
f 1274/1274/1239 1278/1278/1243 1273/1273/1238
f 1275/1275/1240 1279/1279/1244 1274/1274/1239
f 1276/1276/1241 1280/1280/1245 1275/1275/1240
f 1277/1277/1242 1281/1281/1246 1276/1276/1241
f 1282/1282/1247 1283/1283/1248 1277/1277/1242
f 1279/1279/1244 1284/1284/1071 1278/1278/1243
f 1280/1280/1245 1285/1285/1249 1279/1279/1244
f 1281/1281/1246 1286/1286/1250 1280/1280/1245
f 1283/1283/1248 1287/1287/1251 1281/1281/1246
f 1288/1288/1252 1289/1289/1253 1283/1283/1248
f 1285/1285/1249 1290/1290/1062 1284/1284/1071
f 1286/1286/1250 1291/1291/1254 1285/1285/1249
f 1287/1287/1251 1292/1292/1255 1286/1286/1250
f 1289/1289/1253 1293/1293/1256 1287/1287/1251
f 1294/1294/1257 1295/1295/1258 1289/1289/1253
f 1291/1291/1254 1296/1296/1259 1290/1290/1062
f 1292/1292/1255 1297/1297/1260 1291/1291/1254
f 1293/1293/1256 1298/1298/1261 1292/1292/1255
f 1295/1295/1258 1299/1299/1262 1293/1293/1256
f 1300/1300/1263 1301/1301/1264 1295/1295/1258
f 1297/1297/1260 1302/1302/1265 1296/1296/1259
f 1298/1298/1261 1303/1303/1266 1297/1297/1260
f 1299/1299/1262 1304/1304/1267 1298/1298/1261
f 1301/1301/1264 1305/1305/1268 1299/1299/1262
f 1301/1301/1264 1306/1306/1269 1307/1307/1270
f 1303/1303/1266 1308/1308/1271 1302/1302/1265
f 1304/1304/1267 1309/1309/1272 1303/1303/1266
f 1305/1305/1268 1310/1310/1273 1304/1304/1267
f 1307/1307/1270 1311/1311/1274 1305/1305/1268
f 1307/1307/1270 1312/1312/1275 1313/1313/1276
f 1309/1309/1272 1314/1314/1018 1308/1308/1271
f 1309/1309/1272 1315/1315/1277 1316/1316/1278
f 1310/1310/1273 1317/1317/1279 1315/1315/1277
f 1311/1311/1274 1318/1318/1280 1317/1317/1279
f 1313/1313/1276 1319/1319/1281 1318/1318/1280
f 1314/1314/1018 1320/1320/1282 1321/1321/141
f 1316/1316/1278 1322/1322/1283 1320/1320/1282
f 1315/1315/1277 1323/1323/1284 1322/1322/1283
f 1317/1317/1279 1324/1324/1190 1323/1323/1284
f 1318/1318/1280 1325/1325/1192 1324/1324/1190
f 551/551/551 265/265/265 267/267/267
f 1102/1102/1081 818/818/803 817/817/406
f 819/819/804 818/818/803 820/820/805
f 947/947/266 946/946/927 958/958/267
f 549/549/549 278/278/278 265/265/265
f 550/550/550 549/549/549 551/551/551
f 1130/1130/1107 1129/1129/1106 1137/1137/1114
f 1243/1243/1210 1238/1238/1205 1326/1326/1285
f 1327/1327/1286 1328/1328/1287 1329/1329/1288
f 1329/1329/1288 1330/1330/1289 1331/1331/818
f 1332/1332/1290 1333/1333/1291 1334/1334/1292
f 1335/1335/1293 1336/1336/1294 1337/1337/1295
f 1338/1338/876 1339/1339/1296 1340/1340/1297
f 1341/1341/1298 1342/1342/1299 1343/1343/1300
f 1344/1344/867 1345/1345/1301 1333/1333/1291
f 1346/1346/1302 1347/1347/1303 1335/1335/1293
f 1348/1348/1304 1349/1349/1305 1339/1339/1296
f 1350/1350/1306 1351/1351/1307 1341/1341/1298
f 1352/1352/1308 1353/1353/1309 1354/1354/1310
f 1355/1355/1311 1356/1356/1312 1345/1345/1301
f 1357/1357/1313 1358/1358/1314 1359/1359/326
f 1359/1359/326 1360/1360/1315 1361/1361/1316
f 1362/1362/1317 1360/1360/1315 1363/1363/1318
f 1364/1364/1319 1354/1354/1310 1349/1349/1305
f 1365/1365/1320 1363/1363/1318 1366/1366/1321
f 1367/1367/1322 1368/1368/1323 1350/1350/1306
f 1369/1369/1324 1366/1366/1321 1370/1370/1325
f 1371/1371/1326 1370/1370/1325 1372/1372/1327
f 1373/1373/1328 1374/1374/1329 1353/1353/1309
f 1375/1375/1330 1372/1372/1327 1376/1376/1331
f 1377/1377/872 1378/1378/1332 1356/1356/1312
f 1379/1379/1333 1376/1376/1331 1374/1374/1329
f 1357/1357/1313 1380/1380/1334 1381/1381/1335
f 1332/1332/1290 1382/1382/1336 1383/1383/1337
f 1383/1383/1337 1384/1384/1338 1385/1385/1339
f 1337/1337/1295 1386/1386/1340 1367/1367/1322
f 1385/1385/1339 1387/1387/1341 1388/1388/1342
f 1389/1389/1343 1390/1390/1344 1346/1346/1302
f 1388/1388/1342 1391/1391/1345 1392/1392/1346
f 1393/1393/874 1340/1340/1297 1378/1378/1332
f 1392/1392/1346 1394/1394/1347 1395/1395/839
f 1396/1396/1348 1342/1342/1299 1380/1380/1334
f 1395/1395/839 1397/1397/1349 1327/1327/1286
f 1331/1331/818 1398/1398/1350 1389/1389/1343
f 1384/1384/1338 1399/1399/1351 1400/1400/1352
f 1342/1342/1299 1401/1401/1353 1402/1402/1354
f 1334/1334/1292 1399/1399/1351 1382/1382/1336
f 1351/1351/1307 1403/1403/1355 1401/1401/1353
f 1334/1334/1292 1404/1404/1356 1405/1405/1357
f 1368/1368/1323 1406/1406/1358 1403/1403/1355
f 1374/1374/1329 1407/1407/1359 1353/1353/1309
f 1345/1345/1301 1404/1404/1356 1333/1333/1291
f 1386/1386/1340 1408/1408/1360 1406/1406/1358
f 1376/1376/1331 1409/1409/1361 1374/1374/1329
f 1356/1356/1312 1410/1410/1362 1345/1345/1301
f 1336/1336/1294 1411/1411/1363 1408/1408/1360
f 1372/1372/1327 1412/1412/1364 1376/1376/1331
f 1378/1378/1332 1413/1413/1365 1356/1356/1312
f 1347/1347/1303 1414/1414/1366 1411/1411/1363
f 1370/1370/1325 1415/1415/1367 1372/1372/1327
f 1340/1340/1297 1416/1416/1368 1378/1378/1332
f 1398/1398/1350 1417/1417/1369 1418/1418/1370
f 1366/1366/1321 1419/1419/1371 1370/1370/1325
f 1339/1339/1296 1420/1420/1372 1340/1340/1297
f 1330/1330/1289 1421/1421/1373 1417/1417/1369
f 1363/1363/1318 1422/1422/1374 1366/1366/1321
f 1349/1349/1305 1423/1423/1375 1339/1339/1296
f 1328/1328/1287 1424/1424/1376 1421/1421/1373
f 1360/1360/1315 1425/1425/1377 1363/1363/1318
f 1354/1354/1310 1426/1426/1378 1349/1349/1305
f 1397/1397/1349 1427/1427/1379 1424/1424/1376
f 1358/1358/1314 1428/1428/1380 1360/1360/1315
f 1390/1390/1344 1418/1418/1370 1414/1414/1366
f 1394/1394/1347 1429/1429/1381 1427/1427/1379
f 1381/1381/1335 1430/1430/1382 1358/1358/1314
f 1353/1353/1309 1431/1431/1383 1354/1354/1310
f 1391/1391/1345 1432/1432/1384 1429/1429/1381
f 1381/1381/1335 1433/1433/1385 1434/1434/1386
f 1387/1387/1341 1400/1400/1352 1432/1432/1384
f 1380/1380/1334 1402/1402/1354 1433/1433/1385
f 1421/1421/1373 1424/1424/1376 1435/1435/1387
f 1425/1425/1377 1428/1428/1380 1435/1435/1387
f 1426/1426/1378 1431/1431/1383 1435/1435/1387
f 1424/1424/1376 1427/1427/1379 1435/1435/1387
f 1428/1428/1380 1430/1430/1382 1435/1435/1387
f 1414/1414/1366 1418/1418/1370 1435/1435/1387
f 1427/1427/1379 1429/1429/1381 1435/1435/1387
f 1430/1430/1382 1434/1434/1386 1435/1435/1387
f 1431/1431/1383 1407/1407/1359 1435/1435/1387
f 1429/1429/1381 1432/1432/1384 1435/1435/1387
f 1434/1434/1386 1433/1433/1385 1435/1435/1387
f 1432/1432/1384 1400/1400/1352 1435/1435/1387
f 1433/1433/1385 1402/1402/1354 1435/1435/1387
f 1400/1400/1352 1399/1399/1351 1435/1435/1387
f 1402/1402/1354 1401/1401/1353 1435/1435/1387
f 1399/1399/1351 1405/1405/1357 1435/1435/1387
f 1401/1401/1353 1403/1403/1355 1435/1435/1387
f 1405/1405/1357 1404/1404/1356 1435/1435/1387
f 1403/1403/1355 1406/1406/1358 1435/1435/1387
f 1407/1407/1359 1409/1409/1361 1435/1435/1387
f 1404/1404/1356 1410/1410/1362 1435/1435/1387
f 1406/1406/1358 1408/1408/1360 1435/1435/1387
f 1409/1409/1361 1412/1412/1364 1435/1435/1387
f 1410/1410/1362 1413/1413/1365 1435/1435/1387
f 1408/1408/1360 1411/1411/1363 1435/1435/1387
f 1412/1412/1364 1415/1415/1367 1435/1435/1387
f 1413/1413/1365 1416/1416/1368 1435/1435/1387
f 1411/1411/1363 1414/1414/1366 1435/1435/1387
f 1415/1415/1367 1419/1419/1371 1435/1435/1387
f 1416/1416/1368 1420/1420/1372 1435/1435/1387
f 1418/1418/1370 1417/1417/1369 1435/1435/1387
f 1419/1419/1371 1422/1422/1374 1435/1435/1387
f 1420/1420/1372 1423/1423/1375 1435/1435/1387
f 1417/1417/1369 1421/1421/1373 1435/1435/1387
f 1422/1422/1374 1425/1425/1377 1435/1435/1387
f 1423/1423/1375 1426/1426/1378 1435/1435/1387
f 1436/1436/716 1437/1437/1388 1438/1438/1389
f 1439/1439/1390 1440/1440/1391 1441/1441/1392
f 1442/1442/1393 1443/1443/1394 1436/1436/716
f 1444/1444/1395 1445/1445/1396 1442/1442/1393
f 1446/1446/1397 1447/1447/1398 1444/1444/1395
f 1448/1448/1399 1449/1449/1400 1446/1446/1397
f 1450/1450/164 1451/1451/1401 1452/1452/1402
f 1453/1453/1403 1454/1454/1404 1448/1448/1399
f 1455/1455/1405 1456/1456/1406 1451/1451/1401
f 1457/1457/1407 1458/1458/1408 1459/1459/1409
f 1460/1460/1410 1461/1461/1411 1453/1453/1403
f 1462/1462/191 1456/1456/1406 1463/1463/1412
f 1464/1464/1413 1465/1465/1414 1462/1462/191
f 1466/1466/1415 1467/1467/1416 1468/1468/1417
f 1469/1469/220 1470/1470/1418 1464/1464/1413
f 1438/1438/1389 1471/1471/1419 1472/1472/702
f 1473/1473/552 1474/1474/1420 1460/1460/1410
f 1475/1475/1421 1476/1476/1422 1469/1469/220
f 1477/1477/1423 1478/1478/1424 1475/1475/1421
f 1479/1479/1425 1480/1480/1426 1477/1477/1423
f 1481/1481/1427 1482/1482/1428 1483/1483/1429
f 1484/1484/1430 1485/1485/1431 1479/1479/1425
f 1486/1486/1432 1440/1440/1391 1487/1487/1433
f 1488/1488/1434 1452/1452/1402 1458/1458/1408
f 1489/1489/1435 1490/1490/1436 1467/1467/1416
f 1491/1491/1437 1492/1492/1438 1482/1482/1428
f 1472/1472/702 1493/1493/1439 1486/1486/1432
f 1473/1473/552 1494/1494/1440 1495/1495/1441
f 1496/1496/1442 1497/1497/1443 1490/1490/1436
f 1498/1498/1444 1499/1499/1445 1492/1492/1438
f 1484/1484/1430 1500/1500/1446 1501/1501/1447
f 1502/1502/1448 1503/1503/1449 1494/1494/1440
f 1504/1504/1450 1441/1441/1392 1497/1497/1443
f 1505/1505/1451 1459/1459/1409 1499/1499/1445
f 1506/1506/1452 1468/1468/1417 1500/1500/1446
f 1507/1507/1453 1483/1483/1429 1503/1503/1449
f 1474/1474/1420 1508/1508/1454 1509/1509/1455
f 1503/1503/1449 1510/1510/1456 1511/1511/1457
f 1440/1440/1391 1512/1512/1458 1513/1513/1459
f 1452/1452/1402 1514/1514/1460 1458/1458/1408
f 1483/1483/1429 1515/1515/1461 1510/1510/1456
f 1493/1493/1439 1516/1516/1462 1512/1512/1458
f 1471/1471/1419 1517/1517/1463 1516/1516/1462
f 1482/1482/1428 1518/1518/1464 1515/1515/1461
f 1451/1451/1401 1519/1519/1465 1452/1452/1402
f 1492/1492/1438 1520/1520/1466 1518/1518/1464
f 1456/1456/1406 1521/1521/1467 1451/1451/1401
f 1499/1499/1445 1522/1522/1468 1520/1520/1466
f 1465/1465/1414 1523/1523/1469 1456/1456/1406
f 1458/1458/1408 1522/1522/1468 1459/1459/1409
f 1470/1470/1418 1524/1524/1470 1465/1465/1414
f 1443/1443/1394 1517/1517/1463 1437/1437/1388
f 1476/1476/1422 1525/1525/1471 1470/1470/1418
f 1501/1501/1447 1526/1526/1472 1527/1527/1473
f 1445/1445/1396 1528/1528/1474 1443/1443/1394
f 1478/1478/1424 1529/1529/1475 1476/1476/1422
f 1500/1500/1446 1530/1530/1476 1526/1526/1472
f 1447/1447/1398 1531/1531/1477 1445/1445/1396
f 1480/1480/1426 1532/1532/1478 1478/1478/1424
f 1468/1468/1417 1533/1533/1479 1530/1530/1476
f 1449/1449/1400 1534/1534/1480 1447/1447/1398
f 1485/1485/1431 1535/1535/1481 1480/1480/1426
f 1467/1467/1416 1536/1536/1482 1533/1533/1479
f 1454/1454/1404 1537/1537/1483 1449/1449/1400
f 1501/1501/1447 1538/1538/1484 1485/1485/1431
f 1490/1490/1436 1539/1539/1485 1536/1536/1482
f 1461/1461/1411 1540/1540/1486 1454/1454/1404
f 1495/1495/1441 1541/1541/1487 1508/1508/1454
f 1497/1497/1443 1542/1542/1488 1539/1539/1485
f 1474/1474/1420 1543/1543/1489 1461/1461/1411
f 1494/1494/1440 1511/1511/1457 1541/1541/1487
f 1441/1441/1392 1513/1513/1459 1542/1542/1488
f 1531/1531/1477 1534/1534/1480 1544/1544/1490
f 1532/1532/1478 1535/1535/1481 1544/1544/1490
f 1530/1530/1476 1533/1533/1479 1544/1544/1490
f 1534/1534/1480 1537/1537/1483 1544/1544/1490
f 1535/1535/1481 1538/1538/1484 1544/1544/1490
f 1533/1533/1479 1536/1536/1482 1544/1544/1490
f 1537/1537/1483 1540/1540/1486 1544/1544/1490
f 1538/1538/1484 1527/1527/1473 1544/1544/1490
f 1536/1536/1482 1539/1539/1485 1544/1544/1490
f 1540/1540/1486 1543/1543/1489 1544/1544/1490
f 1508/1508/1454 1541/1541/1487 1544/1544/1490
f 1539/1539/1485 1542/1542/1488 1544/1544/1490
f 1543/1543/1489 1509/1509/1455 1544/1544/1490
f 1541/1541/1487 1511/1511/1457 1544/1544/1490
f 1542/1542/1488 1513/1513/1459 1544/1544/1490
f 1509/1509/1455 1508/1508/1454 1544/1544/1490
f 1511/1511/1457 1510/1510/1456 1544/1544/1490
f 1513/1513/1459 1512/1512/1458 1544/1544/1490
f 1514/1514/1460 1519/1519/1465 1544/1544/1490
f 1510/1510/1456 1515/1515/1461 1544/1544/1490
f 1512/1512/1458 1516/1516/1462 1544/1544/1490
f 1516/1516/1462 1517/1517/1463 1544/1544/1490
f 1515/1515/1461 1518/1518/1464 1544/1544/1490
f 1519/1519/1465 1521/1521/1467 1544/1544/1490
f 1518/1518/1464 1520/1520/1466 1544/1544/1490
f 1521/1521/1467 1523/1523/1469 1544/1544/1490
f 1520/1520/1466 1522/1522/1468 1544/1544/1490
f 1523/1523/1469 1524/1524/1470 1544/1544/1490
f 1522/1522/1468 1514/1514/1460 1544/1544/1490
f 1524/1524/1470 1525/1525/1471 1544/1544/1490
f 1517/1517/1463 1528/1528/1474 1544/1544/1490
f 1525/1525/1471 1529/1529/1475 1544/1544/1490
f 1527/1527/1473 1526/1526/1472 1544/1544/1490
f 1528/1528/1474 1531/1531/1477 1544/1544/1490
f 1529/1529/1475 1532/1532/1478 1544/1544/1490
f 1526/1526/1472 1530/1530/1476 1544/1544/1490
f 1545/1545/1491 1546/1546/1492 1547/1547/1493
f 1548/1548/1096 1549/1549/1494 1550/1550/1495
f 1551/1551/1113 1552/1552/1496 1553/1553/1497
f 1554/1554/1498 1555/1555/1499 1556/1556/1500
f 1557/1557/1501 1558/1558/1502 1559/1559/1503
f 1560/1560/1169 1561/1561/1504 1562/1562/1163
f 1545/1545/1491 1563/1563/1505 1564/1564/1506
f 1565/1565/1507 1566/1566/1508 1549/1549/1494
f 1567/1567/1509 1568/1568/1510 1551/1551/1113
f 1554/1554/1498 1569/1569/1511 1570/1570/1512
f 1571/1571/1513 1572/1572/1514 1558/1558/1502
f 1573/1573/1515 1550/1550/1495 1546/1546/1492
f 1574/1574/1516 1575/1575/1517 1560/1560/1169
f 1553/1553/1497 1566/1566/1508 1576/1576/1518
f 1567/1567/1509 1555/1555/1499 1577/1577/1519
f 1578/1578/1520 1559/1559/1503 1569/1569/1511
f 1579/1579/1521 1561/1561/1504 1572/1572/1514
f 1564/1564/1506 1580/1580/1522 1574/1574/1516
f 1568/1568/1510 1581/1581/1523 1552/1552/1496
f 1561/1561/1504 1582/1582/1524 1572/1572/1514
f 1568/1568/1510 1583/1583/1525 1584/1584/1526
f 1575/1575/1517 1585/1585/1527 1561/1561/1504
f 1577/1577/1519 1586/1586/1528 1583/1583/1525
f 1580/1580/1522 1587/1587/1529 1575/1575/1517
f 1555/1555/1499 1588/1588/1530 1586/1586/1528
f 1546/1546/1492 1589/1589/1531 1590/1590/1532
f 1563/1563/1505 1591/1591/1533 1580/1580/1522
f 1570/1570/1512 1592/1592/1534 1588/1588/1530
f 1550/1550/1495 1593/1593/1535 1589/1589/1531
f 1547/1547/1493 1594/1594/1536 1563/1563/1505
f 1569/1569/1511 1595/1595/1537 1592/1592/1534
f 1549/1549/1494 1596/1596/1538 1593/1593/1535
f 1546/1546/1492 1597/1597/1539 1547/1547/1493
f 1559/1559/1503 1598/1598/1540 1595/1595/1537
f 1552/1552/1496 1596/1596/1538 1566/1566/1508
f 1558/1558/1502 1582/1582/1524 1598/1598/1540
f 1599/1599/1205 1600/1600/1541 1601/1601/1542
f 1602/1602/1221 1603/1603/1543 1604/1604/1544
f 1605/1605/1545 1606/1606/1546 1607/1607/1547
f 1608/1608/1548 1609/1609/1549 1610/1610/1550
f 1611/1611/1275 1612/1612/1551 1613/1613/1552
f 1614/1614/1553 1615/1615/1554 1616/1616/1555
f 1617/1617/1556 1618/1618/1557 1619/1619/1558
f 1620/1620/1216 1600/1600/1541 1621/1621/1559
f 1604/1604/1544 1622/1622/1560 1623/1623/1561
f 1607/1607/1547 1624/1624/1562 1625/1625/1563
f 1626/1626/1564 1610/1610/1550 1627/1627/1565
f 1614/1614/1553 1613/1613/1552 1628/1628/1566
f 1619/1619/1558 1629/1629/1567 1599/1599/1205
f 1602/1602/1221 1621/1621/1559 1630/1630/1568
f 1623/1623/1561 1631/1631/1569 1605/1605/1545
f 1616/1616/1555 1632/1632/1570 1617/1617/1556
f 1625/1625/1563 1609/1609/1549 1633/1633/1571
f 1634/1634/1572 1627/1627/1565 1612/1612/1551
f 1630/1630/1568 1635/1635/1573 1603/1603/1543
f 1612/1612/1551 1636/1636/1574 1637/1637/1575
f 1603/1603/1543 1638/1638/1576 1622/1622/1560
f 1615/1615/1554 1639/1639/1577 1632/1632/1570
f 1613/1613/1552 1637/1637/1575 1640/1640/1578
f 1622/1622/1560 1641/1641/1579 1631/1631/1569
f 1632/1632/1570 1642/1642/1580 1618/1618/1557
f 1628/1628/1566 1640/1640/1578 1643/1643/1581
f 1631/1631/1569 1644/1644/1582 1606/1606/1546
f 1618/1618/1557 1645/1645/1583 1629/1629/1567
f 1615/1615/1554 1643/1643/1581 1646/1646/1584
f 1606/1606/1546 1647/1647/1585 1624/1624/1562
f 1629/1629/1567 1648/1648/1586 1600/1600/1541
f 1624/1624/1562 1649/1649/1587 1609/1609/1549
f 1621/1621/1559 1648/1648/1586 1650/1650/1588
f 1610/1610/1550 1649/1649/1587 1651/1651/1589
f 1630/1630/1568 1650/1650/1588 1652/1652/1590
f 1627/1627/1565 1651/1651/1589 1636/1636/1574
f 1638/1638/1576 1635/1635/1573 1653/1653/1591
f 1639/1639/1577 1646/1646/1584 1653/1653/1591
f 1640/1640/1578 1637/1637/1575 1653/1653/1591
f 1641/1641/1579 1638/1638/1576 1653/1653/1591
f 1642/1642/1580 1639/1639/1577 1653/1653/1591
f 1643/1643/1581 1640/1640/1578 1653/1653/1591
f 1644/1644/1582 1641/1641/1579 1653/1653/1591
f 1645/1645/1583 1642/1642/1580 1653/1653/1591
f 1646/1646/1584 1643/1643/1581 1653/1653/1591
f 1647/1647/1585 1644/1644/1582 1653/1653/1591
f 1648/1648/1586 1645/1645/1583 1653/1653/1591
f 1649/1649/1587 1647/1647/1585 1653/1653/1591
f 1650/1650/1588 1648/1648/1586 1653/1653/1591
f 1651/1651/1589 1649/1649/1587 1653/1653/1591
f 1652/1652/1590 1650/1650/1588 1653/1653/1591
f 1636/1636/1574 1651/1651/1589 1653/1653/1591
f 1635/1635/1573 1652/1652/1590 1653/1653/1591
f 1637/1637/1575 1636/1636/1574 1653/1653/1591
f 1584/1584/1526 1583/1583/1525 1654/1654/1592
f 1585/1585/1527 1587/1587/1529 1654/1654/1592
f 1583/1583/1525 1586/1586/1528 1654/1654/1592
f 1587/1587/1529 1591/1591/1533 1654/1654/1592
f 1586/1586/1528 1588/1588/1530 1654/1654/1592
f 1590/1590/1532 1589/1589/1531 1654/1654/1592
f 1591/1591/1533 1594/1594/1536 1654/1654/1592
f 1588/1588/1530 1592/1592/1534 1654/1654/1592
f 1589/1589/1531 1593/1593/1535 1654/1654/1592
f 1594/1594/1536 1597/1597/1539 1654/1654/1592
f 1592/1592/1534 1595/1595/1537 1654/1654/1592
f 1593/1593/1535 1596/1596/1538 1654/1654/1592
f 1597/1597/1539 1590/1590/1532 1654/1654/1592
f 1595/1595/1537 1598/1598/1540 1654/1654/1592
f 1596/1596/1538 1581/1581/1523 1654/1654/1592
f 1598/1598/1540 1582/1582/1524 1654/1654/1592
f 1581/1581/1523 1584/1584/1526 1654/1654/1592
f 1582/1582/1524 1585/1585/1527 1654/1654/1592
f 1/1/1 19/19/19 2/2/2
f 3/3/3 2/2/2 4/4/4
f 5/5/5 4/4/4 6/6/6
f 7/7/7 6/6/6 8/8/8
f 9/9/9 8/8/8 10/10/10
f 11/11/11 10/10/10 12/12/12
f 12/12/12 15/15/15 14/14/14
f 15/15/15 27/27/27 16/16/16
f 16/16/16 27/27/27 17/17/17
f 19/19/19 29/29/29 20/20/20
f 2/2/2 20/20/20 21/21/21
f 4/4/4 21/21/21 22/22/22
f 6/6/6 22/22/22 23/23/23
f 8/8/8 23/23/23 24/24/24
f 10/10/10 24/24/24 25/25/25
f 12/12/12 25/25/25 26/26/26
f 26/26/26 38/38/38 27/27/27
f 27/27/27 38/38/38 28/28/28
f 29/29/29 40/40/40 30/30/30
f 20/20/20 30/30/30 31/31/31
f 21/21/21 31/31/31 32/32/32
f 22/22/22 32/32/32 33/33/33
f 23/23/23 33/33/33 34/34/34
f 24/24/24 34/34/34 35/35/35
f 25/25/25 35/35/35 36/36/36
f 26/26/26 36/36/36 37/37/37
f 38/38/38 37/37/37 39/39/39
f 40/40/40 50/50/50 41/41/41
f 30/30/30 41/41/41 42/42/42
f 31/31/31 42/42/42 43/43/43
f 32/32/32 43/43/43 44/44/44
f 33/33/33 44/44/44 45/45/45
f 34/34/34 45/45/45 46/46/46
f 35/35/35 46/46/46 47/47/47
f 36/36/36 47/47/47 48/48/48
f 37/37/37 48/48/48 49/49/49
f 50/50/50 61/61/61 51/51/51
f 41/41/41 51/51/51 52/52/52
f 42/42/42 52/52/52 53/53/53
f 43/43/43 53/53/53 54/54/54
f 44/44/44 54/54/54 55/55/55
f 45/45/45 55/55/55 56/56/56
f 46/46/46 56/56/56 57/57/57
f 47/47/47 57/57/57 58/58/58
f 48/48/48 58/58/58 59/59/59
f 60/60/60 71/71/71 51/51/51
f 51/51/51 71/71/71 62/62/62
f 52/52/52 62/62/62 63/63/63
f 53/53/53 63/63/63 64/64/64
f 54/54/54 64/64/64 65/65/65
f 55/55/55 65/65/65 66/66/66
f 56/56/56 66/66/66 67/67/67
f 57/57/57 67/67/67 68/68/68
f 58/58/58 68/68/68 69/69/69
f 70/70/70 80/80/80 71/71/71
f 71/71/71 80/80/80 72/72/72
f 72/72/72 82/82/82 63/63/63
f 63/63/63 82/82/82 73/73/73
f 64/64/64 73/73/73 74/74/74
f 65/65/65 74/74/74 75/75/75
f 66/66/66 75/75/75 76/76/76
f 67/67/67 76/76/76 77/77/77
f 68/68/68 77/77/77 78/78/78
f 70/70/70 89/89/89 79/79/79
f 80/80/80 79/79/79 81/81/81
f 81/81/81 92/92/92 82/82/82
f 82/82/82 92/92/92 83/83/83
f 73/73/73 83/83/83 84/84/84
f 74/74/74 84/84/84 85/85/85
f 75/75/75 85/85/85 86/86/86
f 76/76/76 86/86/86 87/87/87
f 77/77/77 87/87/87 88/88/88
f 89/89/89 98/98/98 90/90/90
f 90/90/90 100/100/100 81/81/81
f 81/81/81 100/100/100 91/91/91
f 91/91/91 103/103/103 83/83/83
f 83/83/83 103/103/103 93/93/93
f 93/93/93 106/106/106 85/85/85
f 85/85/85 106/106/106 94/94/94
f 86/86/86 94/94/94 95/95/95
f 87/87/87 95/95/95 96/96/96
f 97/97/97 99/99/99 90/90/90
f 99/99/99 101/101/101 100/100/100
f 101/101/101 102/102/102 91/91/91
f 102/102/102 104/104/104 103/103/103
f 104/104/104 105/105/105 93/93/93
f 105/105/105 107/107/107 106/106/106
f 107/107/107 108/108/108 94/94/94
f 108/108/108 118/118/118 95/95/95
f 95/95/95 118/118/118 109/109/109
f 110/110/110 111/111/111 99/99/99
f 111/111/111 112/112/112 101/101/101
f 112/112/112 113/113/113 102/102/102
f 113/113/113 114/114/114 104/104/104
f 114/114/114 115/115/115 105/105/105
f 115/115/115 116/116/116 107/107/107
f 116/116/116 117/117/117 108/108/108
f 117/117/117 119/119/119 118/118/118
f 119/119/119 129/129/129 109/109/109
f 120/120/120 121/121/121 111/111/111
f 121/121/121 122/122/122 112/112/112
f 122/122/122 123/123/123 113/113/113
f 123/123/123 124/124/124 114/114/114
f 124/124/124 125/125/125 115/115/115
f 125/125/125 126/126/126 116/116/116
f 126/126/126 127/127/127 117/117/117
f 127/127/127 128/128/128 119/119/119
f 128/128/128 138/138/138 129/129/129
f 130/130/130 131/131/131 121/121/121
f 131/131/131 132/132/132 122/122/122
f 132/132/132 133/133/133 123/123/123
f 133/133/133 482/482/482 124/124/124
f 124/124/124 482/482/482 134/134/134
f 125/125/125 134/134/134 135/135/135
f 126/126/126 135/135/135 136/136/136
f 136/136/136 137/137/137 128/128/128
f 137/137/137 488/488/488 138/138/138
f 139/139/139 142/142/142 140/140/140
f 142/142/142 144/144/144 143/143/143
f 144/144/144 168/168/168 145/145/145
f 145/145/145 168/168/168 146/146/146
f 147/147/147 146/146/146 148/148/148
f 149/149/149 148/148/148 150/150/150
f 151/151/151 150/150/150 152/152/152
f 153/153/153 152/152/152 154/154/154
f 155/155/155 154/154/154 156/156/156
f 157/157/157 156/156/156 158/158/158
f 158/158/158 161/161/161 160/160/160
f 161/161/161 163/163/163 162/162/162
f 163/163/163 178/178/178 164/164/164
f 165/165/165 166/166/166 142/142/142
f 166/166/166 167/167/167 144/144/144
f 167/167/167 169/169/169 168/168/168
f 169/169/169 182/182/182 146/146/146
f 146/146/146 182/182/182 170/170/170
f 148/148/148 170/170/170 171/171/171
f 150/150/150 171/171/171 172/172/172
f 152/152/152 172/172/172 173/173/173
f 154/154/154 173/173/173 174/174/174
f 156/156/156 174/174/174 175/175/175
f 158/158/158 175/175/175 176/176/176
f 161/161/161 176/176/176 177/177/177
f 177/177/177 192/192/192 178/178/178
f 165/165/165 193/193/193 179/179/179
f 179/179/179 180/180/180 167/167/167
f 180/180/180 181/181/181 169/169/169
f 181/181/181 197/197/197 182/182/182
f 182/182/182 197/197/197 183/183/183
f 170/170/170 183/183/183 184/184/184
f 171/171/171 184/184/184 185/185/185
f 172/172/172 185/185/185 186/186/186
f 173/173/173 186/186/186 187/187/187
f 174/174/174 187/187/187 188/188/188
f 175/175/175 188/188/188 189/189/189
f 176/176/176 189/189/189 190/190/190
f 177/177/177 190/190/190 191/191/191
f 193/193/193 207/207/207 194/194/194
f 194/194/194 195/195/195 180/180/180
f 195/195/195 196/196/196 181/181/181
f 196/196/196 198/198/198 197/197/197
f 198/198/198 212/212/212 183/183/183
f 183/183/183 212/212/212 199/199/199
f 184/184/184 199/199/199 200/200/200
f 185/185/185 200/200/200 201/201/201
f 186/186/186 201/201/201 202/202/202
f 187/187/187 202/202/202 203/203/203
f 188/188/188 203/203/203 204/204/204
f 189/189/189 204/204/204 205/205/205
f 190/190/190 205/205/205 206/206/206
f 207/207/207 222/222/222 208/208/208
f 208/208/208 209/209/209 195/195/195
f 209/209/209 210/210/210 196/196/196
f 210/210/210 211/211/211 198/198/198
f 211/211/211 213/213/213 212/212/212
f 213/213/213 228/228/228 199/199/199
f 199/199/199 228/228/228 214/214/214
f 200/200/200 214/214/214 215/215/215
f 201/201/201 215/215/215 216/216/216
f 202/202/202 216/216/216 217/217/217
f 203/203/203 217/217/217 218/218/218
f 204/204/204 218/218/218 219/219/219
f 205/205/205 219/219/219 220/220/220
f 221/221/221 223/223/223 208/208/208
f 223/223/223 224/224/224 209/209/209
f 224/224/224 225/225/225 210/210/210
f 225/225/225 226/226/226 211/211/211
f 226/226/226 227/227/227 213/213/213
f 227/227/227 242/242/242 228/228/228
f 228/228/228 242/242/242 229/229/229
f 214/214/214 229/229/229 230/230/230
f 215/215/215 230/230/230 231/231/231
f 216/216/216 231/231/231 232/232/232
f 217/217/217 232/232/232 233/233/233
f 218/218/218 233/233/233 234/234/234
f 219/219/219 234/234/234 235/235/235
f 236/236/236 237/237/237 223/223/223
f 237/237/237 238/238/238 224/224/224
f 238/238/238 239/239/239 225/225/225
f 239/239/239 240/240/240 226/226/226
f 240/240/240 241/241/241 227/227/227
f 241/241/241 243/243/243 242/242/242
f 243/243/243 257/257/257 229/229/229
f 229/229/229 257/257/257 244/244/244
f 230/230/230 244/244/244 245/245/245
f 231/231/231 245/245/245 246/246/246
f 232/232/232 246/246/246 247/247/247
f 233/233/233 247/247/247 248/248/248
f 234/234/234 248/248/248 249/249/249
f 250/250/250 251/251/251 237/237/237
f 251/251/251 252/252/252 238/238/238
f 252/252/252 253/253/253 239/239/239
f 253/253/253 254/254/254 240/240/240
f 254/254/254 255/255/255 241/241/241
f 255/255/255 256/256/256 243/243/243
f 256/256/256 258/258/258 257/257/257
f 258/258/258 264/264/264 244/244/244
f 244/244/244 264/264/264 259/259/259
f 245/245/245 259/259/259 260/260/260
f 246/246/246 260/260/260 261/261/261
f 247/247/247 261/261/261 262/262/262
f 248/248/248 262/262/262 263/263/263
f 130/130/130 120/120/120 251/251/251
f 120/120/120 110/110/110 252/252/252
f 110/110/110 97/97/97 253/253/253
f 97/97/97 98/98/98 254/254/254
f 98/98/98 89/89/89 255/255/255
f 89/89/89 70/70/70 256/256/256
f 70/70/70 60/60/60 258/258/258
f 60/60/60 61/61/61 264/264/264
f 264/264/264 61/61/61 50/50/50
f 259/259/259 50/50/50 40/40/40
f 260/260/260 40/40/40 29/29/29
f 261/261/261 29/29/29 19/19/19
f 262/262/262 19/19/19 1/1/1
f 265/265/265 268/268/268 266/266/266
f 268/268/268 270/270/270 269/269/269
f 270/270/270 272/272/272 271/271/271
f 272/272/272 274/274/274 273/273/273
f 274/274/274 283/283/283 275/275/275
f 275/275/275 283/283/283 276/276/276
f 278/278/278 279/279/279 268/268/268
f 279/279/279 280/280/280 270/270/270
f 280/280/280 281/281/281 272/272/272
f 281/281/281 282/282/282 274/274/274
f 282/282/282 290/290/290 283/283/283
f 283/283/283 290/290/290 284/284/284
f 285/285/285 286/286/286 279/279/279
f 286/286/286 287/287/287 280/280/280
f 287/287/287 288/288/288 281/281/281
f 288/288/288 289/289/289 282/282/282
f 289/289/289 297/297/297 290/290/290
f 290/290/290 297/297/297 291/291/291
f 292/292/292 293/293/293 286/286/286
f 293/293/293 294/294/294 287/287/287
f 294/294/294 295/295/295 288/288/288
f 295/295/295 303/303/303 289/289/289
f 289/289/289 303/303/303 296/296/296
f 297/297/297 296/296/296 298/298/298
f 299/299/299 300/300/300 293/293/293
f 300/300/300 301/301/301 294/294/294
f 301/301/301 309/309/309 295/295/295
f 295/295/295 309/309/309 302/302/302
f 303/303/303 302/302/302 304/304/304
f 296/296/296 304/304/304 305/305/305
f 299/299/299 313/313/313 306/306/306
f 300/300/300 306/306/306 307/307/307
f 301/301/301 307/307/307 308/308/308
f 309/309/309 308/308/308 310/310/310
f 302/302/302 310/310/310 311/311/311
f 304/304/304 311/311/311 312/312/312
f 313/313/313 320/320/320 314/314/314
f 306/306/306 314/314/314 315/315/315
f 307/307/307 315/315/315 316/316/316
f 308/308/308 316/316/316 317/317/317
f 310/310/310 317/317/317 318/318/318
f 311/311/311 318/318/318 319/319/319
f 320/320/320 327/327/327 321/321/321
f 314/314/314 321/321/321 322/322/322
f 315/315/315 322/322/322 323/323/323
f 316/316/316 323/323/323 324/324/324
f 317/317/317 324/324/324 325/325/325
f 318/318/318 325/325/325 326/326/326
f 327/327/327 396/396/396 328/328/328
f 321/321/321 328/328/328 329/329/329
f 322/322/322 329/329/329 330/330/330
f 323/323/323 330/330/330 331/331/331
f 324/324/324 331/331/331 332/332/332
f 325/325/325 332/332/332 333/333/333
f 333/333/333 332/332/332 334/334/334
f 335/335/335 334/334/334 336/336/336
f 337/337/337 336/336/336 338/338/338
f 339/339/339 338/338/338 340/340/340
f 341/341/341 340/340/340 342/342/342
f 343/343/343 342/342/342 344/344/344
f 345/345/345 344/344/344 346/346/346
f 347/347/347 346/346/346 348/348/348
f 349/349/349 348/348/348 350/350/350
f 332/332/332 331/331/331 352/352/352
f 334/334/334 352/352/352 353/353/353
f 336/336/336 353/353/353 354/354/354
f 338/338/338 354/354/354 355/355/355
f 340/340/340 355/355/355 356/356/356
f 342/342/342 356/356/356 357/357/357
f 357/357/357 358/358/358 346/346/346
f 358/358/358 359/359/359 348/348/348
f 359/359/359 368/368/368 350/350/350
f 331/331/331 330/330/330 360/360/360
f 352/352/352 360/360/360 361/361/361
f 353/353/353 361/361/361 362/362/362
f 354/354/354 362/362/362 363/363/363
f 355/355/355 363/363/363 364/364/364
f 364/364/364 365/365/365 357/357/357
f 365/365/365 366/366/366 358/358/358
f 366/366/366 367/367/367 359/359/359
f 367/367/367 377/377/377 368/368/368
f 330/330/330 329/329/329 369/369/369
f 360/360/360 369/369/369 370/370/370
f 361/361/361 370/370/370 371/371/371
f 362/362/362 371/371/371 372/372/372
f 372/372/372 373/373/373 364/364/364
f 373/373/373 374/374/374 365/365/365
f 374/374/374 375/375/375 366/366/366
f 375/375/375 376/376/376 367/367/367
f 376/376/376 386/386/386 377/377/377
f 329/329/329 328/328/328 378/378/378
f 369/369/369 378/378/378 379/379/379
f 370/370/370 379/379/379 380/380/380
f 371/371/371 380/380/380 381/381/381
f 381/381/381 382/382/382 373/373/373
f 382/382/382 383/383/383 374/374/374
f 383/383/383 384/384/384 375/375/375
f 384/384/384 385/385/385 376/376/376
f 385/385/385 395/395/395 386/386/386
f 328/328/328 396/396/396 387/387/387
f 378/378/378 387/387/387 388/388/388
f 379/379/379 388/388/388 389/389/389
f 380/380/380 389/389/389 390/390/390
f 390/390/390 391/391/391 382/382/382
f 391/391/391 392/392/392 383/383/383
f 392/392/392 393/393/393 384/384/384
f 393/393/393 394/394/394 385/385/385
f 394/394/394 406/406/406 395/395/395
f 396/396/396 407/407/407 397/397/397
f 387/387/387 397/397/397 398/398/398
f 388/388/388 398/398/398 399/399/399
f 389/389/389 399/399/399 400/400/400
f 390/390/390 400/400/400 401/401/401
f 391/391/391 401/401/401 402/402/402
f 392/392/392 402/402/402 403/403/403
f 393/393/393 403/403/403 404/404/404
f 394/394/394 404/404/404 405/405/405
f 407/407/407 417/417/417 408/408/408
f 397/397/397 408/408/408 409/409/409
f 398/398/398 409/409/409 410/410/410
f 399/399/399 410/410/410 411/411/411
f 400/400/400 411/411/411 412/412/412
f 401/401/401 412/412/412 413/413/413
f 402/402/402 413/413/413 414/414/414
f 403/403/403 414/414/414 415/415/415
f 404/404/404 415/415/415 416/416/416
f 417/417/417 427/427/427 418/418/418
f 408/408/408 418/418/418 419/419/419
f 409/409/409 419/419/419 420/420/420
f 410/410/410 420/420/420 421/421/421
f 411/411/411 421/421/421 422/422/422
f 412/412/412 422/422/422 423/423/423
f 413/413/413 423/423/423 424/424/424
f 414/414/414 424/424/424 425/425/425
f 415/415/415 425/425/425 426/426/426
f 427/427/427 437/437/437 428/428/428
f 418/418/418 428/428/428 429/429/429
f 419/419/419 429/429/429 430/430/430
f 420/420/420 430/430/430 431/431/431
f 421/421/421 431/431/431 432/432/432
f 422/422/422 432/432/432 433/433/433
f 423/423/423 433/433/433 434/434/434
f 424/424/424 434/434/434 435/435/435
f 425/425/425 435/435/435 436/436/436
f 437/437/437 447/447/447 438/438/438
f 428/428/428 438/438/438 439/439/439
f 429/429/429 439/439/439 440/440/440
f 430/430/430 440/440/440 441/441/441
f 431/431/431 441/441/441 442/442/442
f 432/432/432 442/442/442 443/443/443
f 433/433/433 443/443/443 444/444/444
f 434/434/434 444/444/444 445/445/445
f 435/435/435 445/445/445 446/446/446
f 447/447/447 456/456/456 448/448/448
f 438/438/438 448/448/448 449/449/449
f 439/439/439 449/449/449 450/450/450
f 440/440/440 450/450/450 451/451/451
f 451/451/451 452/452/452 442/442/442
f 452/452/452 453/453/453 443/443/443
f 453/453/453 454/454/454 444/444/444
f 454/454/454 455/455/455 445/445/445
f 455/455/455 465/465/465 446/446/446
f 456/456/456 466/466/466 457/457/457
f 448/448/448 457/457/457 458/458/458
f 458/458/458 459/459/459 450/450/450
f 459/459/459 460/460/460 451/451/451
f 460/460/460 461/461/461 452/452/452
f 461/461/461 462/462/462 453/453/453
f 462/462/462 463/463/463 454/454/454
f 463/463/463 464/464/464 455/455/455
f 464/464/464 475/475/475 465/465/465
f 466/466/466 476/476/476 467/467/467
f 467/467/467 468/468/468 458/458/458
f 468/468/468 469/469/469 459/459/459
f 469/469/469 470/470/470 460/460/460
f 470/470/470 471/471/471 461/461/461
f 471/471/471 472/472/472 462/462/462
f 472/472/472 473/473/473 463/463/463
f 473/473/473 474/474/474 464/464/464
f 474/474/474 477/477/477 475/475/475
f 130/130/130 250/250/250 467/467/467
f 250/250/250 236/236/236 468/468/468
f 236/236/236 221/221/221 469/469/469
f 221/221/221 222/222/222 470/470/470
f 222/222/222 207/207/207 471/471/471
f 207/207/207 193/193/193 472/472/472
f 193/193/193 165/165/165 473/473/473
f 165/165/165 139/139/139 474/474/474
f 139/139/139 141/141/141 477/477/477
f 130/130/130 476/476/476 478/478/478
f 131/131/131 478/478/478 479/479/479
f 132/132/132 479/479/479 480/480/480
f 133/133/133 480/480/480 481/481/481
f 482/482/482 481/481/481 483/483/483
f 134/134/134 483/483/483 484/484/484
f 135/135/135 484/484/484 485/485/485
f 136/136/136 485/485/485 486/486/486
f 137/137/137 486/486/486 487/487/487
f 466/466/466 497/497/497 478/478/478
f 478/478/478 497/497/497 489/489/489
f 479/479/479 489/489/489 490/490/490
f 480/480/480 490/490/490 491/491/491
f 481/481/481 491/491/491 492/492/492
f 483/483/483 492/492/492 493/493/493
f 484/484/484 493/493/493 494/494/494
f 485/485/485 494/494/494 495/495/495
f 486/486/486 495/495/495 496/496/496
f 456/456/456 506/506/506 497/497/497
f 497/497/497 506/506/506 498/498/498
f 489/489/489 498/498/498 499/499/499
f 490/490/490 499/499/499 500/500/500
f 491/491/491 500/500/500 501/501/501
f 492/492/492 501/501/501 502/502/502
f 493/493/493 502/502/502 503/503/503
f 494/494/494 503/503/503 504/504/504
f 495/495/495 504/504/504 505/505/505
f 447/447/447 507/507/507 506/506/506
f 507/507/507 508/508/508 498/498/498
f 508/508/508 509/509/509 499/499/499
f 509/509/509 518/518/518 500/500/500
f 500/500/500 518/518/518 510/510/510
f 501/501/501 510/510/510 511/511/511
f 502/502/502 511/511/511 512/512/512
f 503/503/503 512/512/512 513/513/513
f 504/504/504 513/513/513 514/514/514
f 437/437/437 515/515/515 507/507/507
f 515/515/515 516/516/516 508/508/508
f 516/516/516 517/517/517 509/509/509
f 517/517/517 519/519/519 518/518/518
f 519/519/519 520/520/520 510/510/510
f 520/520/520 521/521/521 511/511/511
f 521/521/521 522/522/522 512/512/512
f 522/522/522 523/523/523 513/513/513
f 523/523/523 532/532/532 514/514/514
f 427/427/427 524/524/524 515/515/515
f 524/524/524 525/525/525 516/516/516
f 525/525/525 526/526/526 517/517/517
f 526/526/526 527/527/527 519/519/519
f 527/527/527 528/528/528 520/520/520
f 528/528/528 529/529/529 521/521/521
f 529/529/529 530/530/530 522/522/522
f 530/530/530 531/531/531 523/523/523
f 531/531/531 541/541/541 532/532/532
f 417/417/417 533/533/533 524/524/524
f 533/533/533 534/534/534 525/525/525
f 534/534/534 535/535/535 526/526/526
f 535/535/535 536/536/536 527/527/527
f 536/536/536 537/537/537 528/528/528
f 537/537/537 538/538/538 529/529/529
f 538/538/538 539/539/539 530/530/530
f 539/539/539 540/540/540 531/531/531
f 540/540/540 550/550/550 541/541/541
f 407/407/407 542/542/542 533/533/533
f 542/542/542 543/543/543 534/534/534
f 543/543/543 544/544/544 535/535/535
f 544/544/544 545/545/545 536/536/536
f 545/545/545 546/546/546 537/537/537
f 546/546/546 547/547/547 538/538/538
f 547/547/547 548/548/548 539/539/539
f 548/548/548 549/549/549 540/540/540
f 396/396/396 327/327/327 542/542/542
f 327/327/327 320/320/320 543/543/543
f 320/320/320 313/313/313 544/544/544
f 313/313/313 299/299/299 545/545/545
f 299/299/299 292/292/292 546/546/546
f 292/292/292 285/285/285 547/547/547
f 285/285/285 278/278/278 548/548/548
f 552/552/552 571/571/571 553/553/553
f 554/554/554 553/553/553 555/555/555
f 556/556/556 555/555/555 557/557/557
f 558/558/558 557/557/557 559/559/559
f 560/560/560 559/559/559 561/561/561
f 562/562/562 561/561/561 563/563/563
f 564/564/564 563/563/563 565/565/565
f 566/566/566 565/565/565 567/567/567
f 568/568/568 567/567/567 569/569/569
f 571/571/571 581/581/580 572/572/572
f 553/553/553 572/572/572 573/573/573
f 555/555/555 573/573/573 574/574/574
f 557/557/557 574/574/574 575/575/575
f 559/559/559 575/575/575 576/576/576
f 561/561/561 576/576/576 577/577/577
f 563/563/563 577/577/577 578/578/578
f 565/565/565 578/578/578 579/579/579
f 567/567/567 579/579/579 580/580/160
f 581/581/580 591/591/589 582/582/581
f 572/572/572 582/582/581 583/583/582
f 573/573/573 583/583/582 584/584/583
f 574/574/574 584/584/583 585/585/584
f 575/575/575 585/585/584 586/586/585
f 576/576/576 586/586/585 587/587/586
f 577/577/577 587/587/586 588/588/587
f 578/578/578 588/588/587 589/589/588
f 579/579/579 589/589/588 590/590/159
f 591/591/589 599/599/596 592/592/590
f 582/582/581 592/592/590 593/593/591
f 593/593/591 594/594/592 584/584/583
f 594/594/592 603/603/600 585/585/584
f 585/585/584 603/603/600 595/595/593
f 595/595/593 606/606/603 587/587/586
f 587/587/586 606/606/603 596/596/594
f 588/588/587 596/596/594 597/597/595
f 589/589/588 597/597/595 598/598/157
f 599/599/596 610/610/607 600/600/597
f 592/592/590 600/600/597 601/601/598
f 593/593/591 601/601/598 602/602/599
f 602/602/599 604/604/601 603/603/600
f 604/604/601 605/605/602 595/595/593
f 605/605/602 607/607/604 606/606/603
f 607/607/604 617/617/614 596/596/594
f 596/596/594 617/617/614 608/608/605
f 597/597/595 608/608/605 609/609/606
f 610/610/607 621/621/618 611/611/608
f 600/600/597 611/611/608 612/612/609
f 601/601/598 612/612/609 613/613/610
f 602/602/599 613/613/610 614/614/611
f 614/614/611 615/615/612 605/605/602
f 615/615/612 616/616/613 607/607/604
f 616/616/613 618/618/615 617/617/614
f 618/618/615 628/628/625 608/608/605
f 608/608/605 628/628/625 619/619/616
f 620/620/617 631/631/627 611/611/608
f 611/611/608 631/631/627 622/622/619
f 612/612/609 622/622/619 623/623/620
f 613/613/610 623/623/620 624/624/621
f 624/624/621 625/625/622 615/615/612
f 625/625/622 626/626/623 616/616/613
f 626/626/623 627/627/624 618/618/615
f 627/627/624 638/638/634 628/628/625
f 628/628/625 638/638/634 629/629/151
f 630/630/626 632/632/628 631/631/627
f 632/632/628 633/633/629 622/622/619
f 633/633/629 643/643/639 623/623/620
f 623/623/620 643/643/639 634/634/630
f 634/634/630 635/635/631 625/625/622
f 635/635/631 636/636/632 626/626/623
f 636/636/632 637/637/633 627/627/624
f 637/637/633 639/639/635 638/638/634
f 639/639/635 650/650/149 629/629/151
f 640/640/636 641/641/637 632/632/628
f 641/641/637 642/642/638 633/633/629
f 642/642/638 644/644/640 643/643/639
f 644/644/640 645/645/641 634/634/630
f 645/645/641 646/646/642 635/635/631
f 646/646/642 647/647/643 636/636/632
f 647/647/643 648/648/644 637/637/633
f 648/648/644 649/649/645 639/639/635
f 649/649/645 660/660/147 650/650/149
f 651/651/646 652/652/647 641/641/637
f 652/652/647 653/653/648 642/642/638
f 653/653/648 654/654/649 644/644/640
f 654/654/649 655/655/650 645/645/641
f 655/655/650 656/656/651 646/646/642
f 656/656/651 657/657/652 647/647/643
f 657/657/652 658/658/653 648/648/644
f 658/658/653 659/659/654 649/649/645
f 659/659/654 670/670/664 660/660/147
f 661/661/655 662/662/656 652/652/647
f 662/662/656 663/663/657 653/653/648
f 663/663/657 664/664/658 654/654/649
f 664/664/658 665/665/659 655/655/650
f 665/665/659 666/666/660 656/656/651
f 666/666/660 667/667/661 657/657/652
f 667/667/661 668/668/662 658/658/653
f 668/668/662 669/669/663 659/659/654
f 669/669/663 680/680/673 670/670/664
f 671/671/665 672/672/666 662/662/656
f 672/672/666 673/673/667 663/663/657
f 673/673/667 674/674/668 664/664/658
f 674/674/668 675/675/669 665/665/659
f 675/675/669 676/676/670 666/666/660
f 676/676/670 677/677/671 667/667/661
f 677/677/671 678/678/672 668/668/662
f 678/678/672 689/689/682 669/669/663
f 669/669/663 689/689/682 679/679/140
f 681/681/674 682/682/675 672/672/666
f 682/682/675 683/683/676 673/673/667
f 683/683/676 1033/1033/1012 674/674/668
f 674/674/668 1033/1033/1012 684/684/677
f 675/675/669 684/684/677 685/685/678
f 676/676/670 685/685/678 686/686/679
f 677/677/671 686/686/679 687/687/680
f 678/678/672 687/687/680 688/688/681
f 689/689/682 688/688/681 690/690/141
f 691/691/683 717/717/703 692/692/684
f 693/693/138 692/692/684 694/694/685
f 694/694/685 697/697/687 696/696/686
f 697/697/687 699/699/689 698/698/688
f 699/699/689 701/701/691 700/700/690
f 701/701/691 703/703/693 702/702/692
f 703/703/693 705/705/695 704/704/694
f 705/705/695 707/707/696 706/706/59
f 707/707/696 726/726/712 708/708/49
f 708/708/49 726/726/712 709/709/697
f 710/710/39 709/709/697 711/711/698
f 712/712/28 711/711/698 713/713/699
f 714/714/700 713/713/699 715/715/701
f 717/717/703 731/731/717 718/718/704
f 718/718/704 719/719/705 694/694/685
f 719/719/705 720/720/706 697/697/687
f 720/720/706 721/721/707 699/699/689
f 721/721/707 722/722/708 701/701/691
f 722/722/708 737/737/723 703/703/693
f 703/703/693 737/737/723 723/723/709
f 705/705/695 723/723/709 724/724/710
f 707/707/696 724/724/710 725/725/711
f 726/726/712 725/725/711 727/727/713
f 709/709/697 727/727/713 728/728/714
f 711/711/698 728/728/714 729/729/715
f 713/713/699 729/729/715 730/730/716
f 731/731/717 745/745/731 732/732/718
f 732/732/718 733/733/719 719/719/705
f 733/733/719 734/734/720 720/720/706
f 734/734/720 735/735/721 721/721/707
f 735/735/721 736/736/722 722/722/708
f 736/736/722 738/738/724 737/737/723
f 738/738/724 739/739/725 723/723/709
f 739/739/725 753/753/739 724/724/710
f 724/724/710 753/753/739 740/740/726
f 725/725/711 740/740/726 741/741/727
f 727/727/713 741/741/727 742/742/728
f 728/728/714 742/742/728 743/743/729
f 729/729/715 743/743/729 744/744/730
f 745/745/731 759/759/745 746/746/732
f 746/746/732 747/747/733 733/733/719
f 747/747/733 748/748/734 734/734/720
f 748/748/734 749/749/735 735/735/721
f 749/749/735 750/750/736 736/736/722
f 750/750/736 751/751/737 738/738/724
f 751/751/737 752/752/738 739/739/725
f 752/752/738 754/754/740 753/753/739
f 754/754/740 768/768/754 740/740/726
f 740/740/726 768/768/754 755/755/741
f 741/741/727 755/755/741 756/756/742
f 742/742/728 756/756/742 757/757/743
f 743/743/729 757/757/743 758/758/744
f 759/759/745 773/773/759 760/760/746
f 760/760/746 761/761/747 747/747/733
f 761/761/747 762/762/748 748/748/734
f 762/762/748 763/763/749 749/749/735
f 763/763/749 764/764/750 750/750/736
f 764/764/750 765/765/751 751/751/737
f 765/765/751 766/766/752 752/752/738
f 766/766/752 767/767/753 754/754/740
f 767/767/753 769/769/755 768/768/754
f 769/769/755 782/782/768 755/755/741
f 755/755/741 782/782/768 770/770/756
f 756/756/742 770/770/756 771/771/757
f 757/757/743 771/771/757 772/772/758
f 773/773/759 787/787/773 774/774/760
f 774/774/760 775/775/761 761/761/747
f 775/775/761 776/776/762 762/762/748
f 776/776/762 777/777/763 763/763/749
f 777/777/763 778/778/764 764/764/750
f 778/778/764 793/793/779 765/765/751
f 765/765/751 793/793/779 779/779/765
f 766/766/752 779/779/765 780/780/766
f 780/780/766 781/781/767 769/769/755
f 781/781/767 783/783/769 782/782/768
f 783/783/769 798/798/784 770/770/756
f 770/770/756 798/798/784 784/784/770
f 771/771/757 784/784/770 785/785/771
f 786/786/772 788/788/774 774/774/760
f 788/788/774 789/789/775 775/775/761
f 789/789/775 790/790/776 776/776/762
f 790/790/776 791/791/777 777/777/763
f 791/791/777 792/792/778 778/778/764
f 792/792/778 794/794/780 793/793/779
f 794/794/780 795/795/781 779/779/765
f 795/795/781 809/809/795 780/780/766
f 780/780/766 809/809/795 796/796/782
f 781/781/767 796/796/782 797/797/783
f 797/797/783 812/812/798 798/798/784
f 798/798/784 812/812/798 799/799/785
f 784/784/770 799/799/785 800/800/786
f 801/801/787 802/802/788 788/788/774
f 802/802/788 803/803/789 789/789/775
f 803/803/789 804/804/790 790/790/776
f 804/804/790 805/805/791 791/791/777
f 805/805/791 806/806/792 792/792/778
f 806/806/792 814/814/800 794/794/780
f 794/794/780 814/814/800 807/807/793
f 795/795/781 807/807/793 808/808/794
f 808/808/794 810/810/796 796/796/782
f 810/810/796 815/815/801 797/797/783
f 797/797/783 815/815/801 811/811/797
f 811/811/797 816/816/802 799/799/785
f 799/799/785 816/816/802 813/813/799
f 681/681/674 671/671/665 802/802/788
f 671/671/665 661/661/655 803/803/789
f 661/661/655 651/651/646 804/804/790
f 651/651/646 640/640/636 805/805/791
f 640/640/636 630/630/626 806/806/792
f 630/630/626 620/620/617 814/814/800
f 620/620/617 621/621/618 807/807/793
f 807/807/793 621/621/618 610/610/607
f 808/808/794 610/610/607 599/599/596
f 599/599/596 591/591/589 815/815/801
f 591/591/589 581/581/580 811/811/797
f 581/581/580 571/571/571 816/816/802
f 571/571/571 552/552/552 813/813/799
f 820/820/805 822/822/807 821/821/806
f 822/822/807 824/824/808 823/823/377
f 824/824/808 826/826/809 825/825/368
f 826/826/809 828/828/811 827/827/810
f 828/828/811 836/836/818 829/829/351
f 830/830/812 831/831/813 820/820/805
f 831/831/813 832/832/814 822/822/807
f 832/832/814 833/833/815 824/824/808
f 833/833/815 834/834/816 826/826/809
f 834/834/816 835/835/817 828/828/811
f 835/835/817 843/843/825 836/836/818
f 837/837/819 838/838/820 831/831/813
f 838/838/820 839/839/821 832/832/814
f 839/839/821 840/840/822 833/833/815
f 840/840/822 841/841/823 834/834/816
f 841/841/823 842/842/824 835/835/817
f 842/842/824 850/850/832 843/843/825
f 844/844/826 845/845/827 838/838/820
f 845/845/827 846/846/828 839/839/821
f 846/846/828 847/847/829 840/840/822
f 847/847/829 848/848/830 841/841/823
f 848/848/830 849/849/831 842/842/824
f 849/849/831 857/857/839 850/850/832
f 851/851/833 852/852/834 845/845/827
f 852/852/834 853/853/835 846/846/828
f 853/853/835 854/854/836 847/847/829
f 854/854/836 855/855/837 848/848/830
f 855/855/837 856/856/838 849/849/831
f 856/856/838 864/864/846 857/857/839
f 858/858/840 859/859/841 852/852/834
f 859/859/841 860/860/842 853/853/835
f 860/860/842 861/861/843 854/854/836
f 861/861/843 862/862/844 855/855/837
f 862/862/844 863/863/845 856/856/838
f 863/863/845 871/871/853 864/864/846
f 865/865/847 866/866/848 859/859/841
f 866/866/848 867/867/849 860/860/842
f 867/867/849 868/868/850 861/861/843
f 868/868/850 869/869/851 862/862/844
f 869/869/851 870/870/852 863/863/845
f 870/870/852 878/878/860 871/871/853
f 872/872/854 873/873/855 866/866/848
f 873/873/855 874/874/856 867/867/849
f 874/874/856 875/875/857 868/868/850
f 875/875/857 876/876/858 869/869/851
f 876/876/858 877/877/859 870/870/852
f 877/877/859 884/884/866 878/878/860
f 872/872/854 948/948/928 879/879/861
f 873/873/855 879/879/861 880/880/862
f 874/874/856 880/880/862 881/881/863
f 881/881/863 882/882/864 876/876/858
f 882/882/864 883/883/865 877/877/859
f 883/883/865 886/886/868 884/884/866
f 883/883/865 887/887/869 885/885/867
f 887/887/869 889/889/871 888/888/870
f 889/889/871 891/891/873 890/890/872
f 891/891/873 893/893/875 892/892/874
f 893/893/875 895/895/877 894/894/876
f 895/895/877 897/897/879 896/896/878
f 897/897/879 899/899/881 898/898/880
f 899/899/881 901/901/883 900/900/882
f 901/901/883 911/911/893 902/902/884
f 882/882/864 903/903/885 887/887/869
f 903/903/885 904/904/886 889/889/871
f 904/904/886 905/905/887 891/891/873
f 905/905/887 906/906/888 893/893/875
f 906/906/888 907/907/889 895/895/877
f 907/907/889 908/908/890 897/897/879
f 908/908/890 909/909/891 899/899/881
f 909/909/891 910/910/892 901/901/883
f 910/910/892 920/920/902 911/911/893
f 881/881/863 912/912/894 903/903/885
f 912/912/894 913/913/895 904/904/886
f 913/913/895 914/914/896 905/905/887
f 914/914/896 915/915/897 906/906/888
f 915/915/897 916/916/898 907/907/889
f 916/916/898 917/917/899 908/908/890
f 917/917/899 918/918/900 909/909/891
f 918/918/900 919/919/901 910/910/892
f 919/919/901 929/929/271 920/920/902
f 881/881/863 880/880/862 921/921/903
f 921/921/903 922/922/904 913/913/895
f 922/922/904 923/923/905 914/914/896
f 923/923/905 924/924/906 915/915/897
f 924/924/906 925/925/907 916/916/898
f 925/925/907 926/926/908 917/917/899
f 926/926/908 927/927/909 918/918/900
f 927/927/909 928/928/910 919/919/901
f 928/928/910 938/938/919 929/929/271
f 880/880/862 879/879/861 930/930/911
f 930/930/911 931/931/912 922/922/904
f 931/931/912 932/932/913 923/923/905
f 932/932/913 933/933/914 924/924/906
f 933/933/914 934/934/915 925/925/907
f 934/934/915 935/935/916 926/926/908
f 935/935/916 936/936/917 927/927/909
f 936/936/917 937/937/918 928/928/910
f 937/937/918 947/947/266 938/938/919
f 879/879/861 948/948/928 939/939/920
f 939/939/920 940/940/921 931/931/912
f 940/940/921 941/941/922 932/932/913
f 941/941/922 942/942/923 933/933/914
f 942/942/923 943/943/924 934/934/915
f 943/943/924 944/944/925 935/935/916
f 944/944/925 945/945/926 936/936/917
f 945/945/926 946/946/927 937/937/918
f 948/948/928 959/959/938 949/949/929
f 939/939/920 949/949/929 950/950/930
f 940/940/921 950/950/930 951/951/931
f 941/941/922 951/951/931 952/952/932
f 942/942/923 952/952/932 953/953/933
f 943/943/924 953/953/933 954/954/934
f 944/944/925 954/954/934 955/955/935
f 945/945/926 955/955/935 956/956/936
f 946/946/927 956/956/936 957/957/937
f 959/959/938 969/969/948 960/960/939
f 949/949/929 960/960/939 961/961/940
f 950/950/930 961/961/940 962/962/941
f 951/951/931 962/962/941 963/963/942
f 952/952/932 963/963/942 964/964/943
f 953/953/933 964/964/943 965/965/944
f 954/954/934 965/965/944 966/966/945
f 955/955/935 966/966/945 967/967/946
f 956/956/936 967/967/946 968/968/947
f 969/969/948 979/979/958 970/970/949
f 960/960/939 970/970/949 971/971/950
f 961/961/940 971/971/950 972/972/951
f 962/962/941 972/972/951 973/973/952
f 963/963/942 973/973/952 974/974/953
f 964/964/943 974/974/953 975/975/954
f 965/965/944 975/975/954 976/976/955
f 966/966/945 976/976/955 977/977/956
f 967/967/946 977/977/956 978/978/957
f 979/979/958 989/989/968 980/980/959
f 970/970/949 980/980/959 981/981/960
f 971/971/950 981/981/960 982/982/961
f 972/972/951 982/982/961 983/983/962
f 973/973/952 983/983/962 984/984/963
f 974/974/953 984/984/963 985/985/964
f 975/975/954 985/985/964 986/986/965
f 976/976/955 986/986/965 987/987/966
f 977/977/956 987/987/966 988/988/967
f 989/989/968 999/999/978 990/990/969
f 980/980/959 990/990/969 991/991/970
f 981/981/960 991/991/970 992/992/971
f 982/982/961 992/992/971 993/993/972
f 983/983/962 993/993/972 994/994/973
f 984/984/963 994/994/973 995/995/974
f 985/985/964 995/995/974 996/996/975
f 986/986/965 996/996/975 997/997/976
f 987/987/966 997/997/976 998/998/977
f 999/999/978 1008/1008/987 1000/1000/979
f 1000/1000/979 1001/1001/980 991/991/970
f 1001/1001/980 1002/1002/981 992/992/971
f 1002/1002/981 1003/1003/982 993/993/972
f 1003/1003/982 1004/1004/983 994/994/973
f 1004/1004/983 1005/1005/984 995/995/974
f 1005/1005/984 1006/1006/985 996/996/975
f 1006/1006/985 1007/1007/986 997/997/976
f 1007/1007/986 1017/1017/996 998/998/977
f 1008/1008/987 1019/1019/998 1009/1009/988
f 1009/1009/988 1010/1010/989 1001/1001/980
f 1010/1010/989 1011/1011/990 1002/1002/981
f 1011/1011/990 1012/1012/991 1003/1003/982
f 1012/1012/991 1013/1013/992 1004/1004/983
f 1013/1013/992 1014/1014/993 1005/1005/984
f 1014/1014/993 1015/1015/994 1006/1006/985
f 1015/1015/994 1016/1016/995 1007/1007/986
f 1016/1016/995 1028/1028/1007 1017/1017/996
f 1018/1018/997 1020/1020/999 1009/1009/988
f 1020/1020/999 1021/1021/1000 1010/1010/989
f 1021/1021/1000 1022/1022/1001 1011/1011/990
f 1022/1022/1001 1023/1023/1002 1012/1012/991
f 1023/1023/1002 1024/1024/1003 1013/1013/992
f 1024/1024/1003 1025/1025/1004 1014/1014/993
f 1025/1025/1004 1026/1026/1005 1015/1015/994
f 1026/1026/1005 1027/1027/1006 1016/1016/995
f 1027/1027/1006 1029/1029/1008 1028/1028/1007
f 681/681/674 801/801/787 1020/1020/999
f 801/801/787 786/786/772 1021/1021/1000
f 786/786/772 787/787/773 1022/1022/1001
f 787/787/773 773/773/759 1023/1023/1002
f 773/773/759 759/759/745 1024/1024/1003
f 759/759/745 745/745/731 1025/1025/1004
f 745/745/731 731/731/717 1026/1026/1005
f 731/731/717 717/717/703 1027/1027/1006
f 717/717/703 691/691/683 1029/1029/1008
f 681/681/674 1018/1018/997 1030/1030/1009
f 682/682/675 1030/1030/1009 1031/1031/1010
f 683/683/676 1031/1031/1010 1032/1032/1011
f 1033/1033/1012 1032/1032/1011 1034/1034/1013
f 684/684/677 1034/1034/1013 1035/1035/1014
f 685/685/678 1035/1035/1014 1036/1036/1015
f 686/686/679 1036/1036/1015 1037/1037/1016
f 687/687/680 1037/1037/1016 1038/1038/1017
f 688/688/681 1038/1038/1017 1039/1039/1018
f 1018/1018/997 1019/1019/998 1040/1040/1019
f 1030/1030/1009 1040/1040/1019 1041/1041/1020
f 1031/1031/1010 1041/1041/1020 1042/1042/1021
f 1032/1032/1011 1042/1042/1021 1043/1043/1022
f 1034/1034/1013 1043/1043/1022 1044/1044/1023
f 1035/1035/1014 1044/1044/1023 1045/1045/1024
f 1036/1036/1015 1045/1045/1024 1046/1046/1025
f 1037/1037/1016 1046/1046/1025 1047/1047/1026
f 1038/1038/1017 1047/1047/1026 1048/1048/1027
f 1008/1008/987 1057/1057/1036 1040/1040/1019
f 1040/1040/1019 1057/1057/1036 1049/1049/1028
f 1041/1041/1020 1049/1049/1028 1050/1050/1029
f 1042/1042/1021 1050/1050/1029 1051/1051/1030
f 1043/1043/1022 1051/1051/1030 1052/1052/1031
f 1044/1044/1023 1052/1052/1031 1053/1053/1032
f 1045/1045/1024 1053/1053/1032 1054/1054/1033
f 1046/1046/1025 1054/1054/1033 1055/1055/1034
f 1047/1047/1026 1055/1055/1034 1056/1056/1035
f 999/999/978 1066/1066/1045 1057/1057/1036
f 1057/1057/1036 1066/1066/1045 1058/1058/1037
f 1049/1049/1028 1058/1058/1037 1059/1059/1038
f 1050/1050/1029 1059/1059/1038 1060/1060/1039
f 1051/1051/1030 1060/1060/1039 1061/1061/1040
f 1052/1052/1031 1061/1061/1040 1062/1062/1041
f 1053/1053/1032 1062/1062/1041 1063/1063/1042
f 1054/1054/1033 1063/1063/1042 1064/1064/1043
f 1055/1055/1034 1064/1064/1043 1065/1065/1044
f 989/989/968 1067/1067/1046 1066/1066/1045
f 1067/1067/1046 1068/1068/1047 1058/1058/1037
f 1068/1068/1047 1069/1069/1048 1059/1059/1038
f 1069/1069/1048 1070/1070/1049 1060/1060/1039
f 1070/1070/1049 1071/1071/1050 1061/1061/1040
f 1071/1071/1050 1072/1072/1051 1062/1062/1041
f 1072/1072/1051 1073/1073/1052 1063/1063/1042
f 1073/1073/1052 1074/1074/1053 1064/1064/1043
f 1074/1074/1053 1083/1083/1062 1065/1065/1044
f 979/979/958 1075/1075/1054 1067/1067/1046
f 1075/1075/1054 1076/1076/1055 1068/1068/1047
f 1076/1076/1055 1077/1077/1056 1069/1069/1048
f 1077/1077/1056 1078/1078/1057 1070/1070/1049
f 1078/1078/1057 1079/1079/1058 1071/1071/1050
f 1079/1079/1058 1080/1080/1059 1072/1072/1051
f 1080/1080/1059 1081/1081/1060 1073/1073/1052
f 1081/1081/1060 1082/1082/1061 1074/1074/1053
f 1082/1082/1061 1092/1092/1071 1083/1083/1062
f 969/969/948 1084/1084/1063 1075/1075/1054
f 1084/1084/1063 1085/1085/1064 1076/1076/1055
f 1085/1085/1064 1086/1086/1065 1077/1077/1056
f 1086/1086/1065 1087/1087/1066 1078/1078/1057
f 1087/1087/1066 1088/1088/1067 1079/1079/1058
f 1088/1088/1067 1089/1089/1068 1080/1080/1059
f 1089/1089/1068 1090/1090/1069 1081/1081/1060
f 1090/1090/1069 1091/1091/1070 1082/1082/1061
f 1091/1091/1070 1101/1101/1080 1092/1092/1071
f 959/959/938 1093/1093/1072 1084/1084/1063
f 1093/1093/1072 1094/1094/1073 1085/1085/1064
f 1094/1094/1073 1095/1095/1074 1086/1086/1065
f 1095/1095/1074 1096/1096/1075 1087/1087/1066
f 1096/1096/1075 1097/1097/1076 1088/1088/1067
f 1097/1097/1076 1098/1098/1077 1089/1089/1068
f 1098/1098/1077 1099/1099/1078 1090/1090/1069
f 1099/1099/1078 1100/1100/1079 1091/1091/1070
f 1100/1100/1079 1102/1102/1081 1101/1101/1080
f 948/948/928 872/872/854 1093/1093/1072
f 872/872/854 865/865/847 1094/1094/1073
f 865/865/847 858/858/840 1095/1095/1074
f 858/858/840 851/851/833 1096/1096/1075
f 851/851/833 844/844/826 1097/1097/1076
f 844/844/826 837/837/819 1098/1098/1077
f 837/837/819 830/830/812 1099/1099/1078
f 830/830/812 818/818/803 1100/1100/1079
f 1103/1103/683 1113/1113/1091 1104/1104/1082
f 1105/1105/1083 1104/1104/1082 1106/1106/1084
f 1106/1106/1084 1109/1109/1087 1108/1108/1086
f 1109/1109/1087 1111/1111/1089 1110/1110/1088
f 1111/1111/1089 1118/1118/1096 1112/1112/1090
f 1113/1113/1091 1119/1119/1097 1114/1114/1092
f 1104/1104/1082 1114/1114/1092 1115/1115/1093
f 1106/1106/1084 1115/1115/1093 1116/1116/1094
f 1116/1116/1094 1117/1117/1095 1111/1111/1089
f 1117/1117/1095 1124/1124/1102 1118/1118/1096
f 1119/1119/1097 1125/1125/505 1120/1120/1098
f 1114/1114/1092 1120/1120/1098 1121/1121/1099
f 1115/1115/1093 1121/1121/1099 1122/1122/1100
f 1116/1116/1094 1122/1122/1100 1123/1123/1101
f 1123/1123/1101 1130/1130/1107 1124/1124/1102
f 1125/1125/505 1131/1131/1108 1126/1126/1103
f 1120/1120/1098 1126/1126/1103 1127/1127/1104
f 1121/1121/1099 1127/1127/1104 1128/1128/1105
f 1122/1122/1100 1128/1128/1105 1129/1129/1106
f 1131/1131/1108 1138/1138/532 1132/1132/1109
f 1126/1126/1103 1132/1132/1109 1133/1133/1110
f 1127/1127/1104 1133/1133/1110 1134/1134/1111
f 1128/1128/1105 1134/1134/1111 1135/1135/1112
f 1129/1129/1106 1135/1135/1112 1136/1136/1113
f 1138/1138/532 1144/1144/1120 1139/1139/1115
f 1132/1132/1109 1139/1139/1115 1140/1140/1116
f 1133/1133/1110 1140/1140/1116 1141/1141/1117
f 1134/1134/1111 1141/1141/1117 1142/1142/1118
f 1135/1135/1112 1142/1142/1118 1143/1143/1119
f 1144/1144/1120 1149/1149/1125 1145/1145/1121
f 1139/1139/1115 1145/1145/1121 1146/1146/1122
f 1140/1140/1116 1146/1146/1122 1147/1147/1123
f 1141/1141/1117 1147/1147/1123 1148/1148/1124
f 1148/1148/1124 1155/1155/1131 1143/1143/1119
f 1149/1149/1125 1157/1157/1132 1150/1150/1126
f 1145/1145/1121 1150/1150/1126 1151/1151/1127
f 1146/1146/1122 1151/1151/1127 1152/1152/1128
f 1147/1147/1123 1152/1152/1128 1153/1153/1129
f 1148/1148/1124 1153/1153/1129 1154/1154/1130
f 1156/1156/267 1158/1158/1133 1150/1150/1126
f 1158/1158/1133 1159/1159/1134 1151/1151/1127
f 1159/1159/1134 1164/1164/1139 1152/1152/1128
f 1152/1152/1128 1164/1164/1139 1160/1160/1135
f 1160/1160/1135 1167/1167/1142 1154/1154/1130
f 1161/1161/1136 1162/1162/1137 1158/1158/1133
f 1162/1162/1137 1163/1163/1138 1159/1159/1134
f 1163/1163/1138 1165/1165/1140 1164/1164/1139
f 1165/1165/1140 1166/1166/1141 1160/1160/1135
f 1166/1166/1141 1173/1173/1147 1167/1167/1142
f 1168/1168/947 1169/1169/1143 1162/1162/1137
f 1169/1169/1143 1170/1170/1144 1163/1163/1138
f 1170/1170/1144 1171/1171/1145 1165/1165/1140
f 1171/1171/1145 1172/1172/1146 1166/1166/1141
f 1172/1172/1146 1179/1179/1152 1173/1173/1147
f 1174/1174/957 1175/1175/1148 1169/1169/1143
f 1175/1175/1148 1176/1176/1149 1170/1170/1144
f 1176/1176/1149 1177/1177/1150 1171/1171/1145
f 1177/1177/1150 1178/1178/1151 1172/1172/1146
f 1178/1178/1151 1185/1185/1157 1179/1179/1152
f 1180/1180/967 1181/1181/1153 1175/1175/1148
f 1181/1181/1153 1182/1182/1154 1176/1176/1149
f 1182/1182/1154 1183/1183/1155 1177/1177/1150
f 1183/1183/1155 1184/1184/1156 1178/1178/1151
f 1184/1184/1156 1191/1191/1163 1185/1185/1157
f 1186/1186/1158 1187/1187/1159 1181/1181/1153
f 1187/1187/1159 1188/1188/1160 1182/1182/1154
f 1188/1188/1160 1189/1189/1161 1183/1183/1155
f 1189/1189/1161 1190/1190/1162 1184/1184/1156
f 1190/1190/1162 1197/1197/1169 1191/1191/1163
f 1192/1192/1164 1193/1193/1165 1187/1187/1159
f 1193/1193/1165 1194/1194/1166 1188/1188/1160
f 1194/1194/1166 1195/1195/1167 1189/1189/1161
f 1195/1195/1167 1202/1202/1174 1190/1190/1162
f 1190/1190/1162 1202/1202/1174 1196/1196/1168
f 1198/1198/1170 1199/1199/1171 1193/1193/1165
f 1199/1199/1171 1200/1200/1172 1194/1194/1166
f 1200/1200/1172 1201/1201/1173 1195/1195/1167
f 1201/1201/1173 1208/1208/1179 1202/1202/1174
f 1202/1202/1174 1208/1208/1179 1203/1203/1175
f 1204/1204/1008 1211/1211/1181 1199/1199/1171
f 1199/1199/1171 1211/1211/1181 1205/1205/1176
f 1200/1200/1172 1205/1205/1176 1206/1206/1177
f 1201/1201/1173 1206/1206/1177 1207/1207/1178
f 1208/1208/1179 1207/1207/1178 1209/1209/1180
f 1204/1204/1008 1655/1655/488 1210/1210/1083
f 1211/1211/1181 1210/1210/1083 1212/1212/1182
f 1205/1205/1176 1212/1212/1182 1213/1213/1183
f 1206/1206/1177 1213/1213/1183 1214/1214/1088
f 1207/1207/1178 1214/1214/1088 1215/1215/1090
f 1216/1216/141 1219/1219/1186 1217/1217/1184
f 1219/1219/1186 1221/1221/1188 1220/1220/1187
f 1221/1221/1188 1224/1224/1191 1222/1222/1189
f 1223/1223/1190 1226/1226/1193 1222/1222/1189
f 1225/1225/1192 1232/1232/1199 1226/1226/1193
f 1218/1218/1185 1217/1217/1184 1227/1227/1194
f 1217/1217/1184 1220/1220/1187 1229/1229/1196
f 1220/1220/1187 1222/1222/1189 1230/1230/1197
f 1222/1222/1189 1226/1226/1193 1231/1231/1198
f 1232/1232/1199 1656/1656/1593 1231/1231/1198
f 1228/1228/1195 1227/1227/1194 1233/1233/1200
f 1227/1227/1194 1229/1229/1196 1235/1235/1202
f 1229/1229/1196 1230/1230/1197 1236/1236/1203
f 1230/1230/1197 1231/1231/1198 1237/1237/1204
f 1231/1231/1198 1656/1656/1593 1238/1238/1205
f 1234/1234/1201 1233/1233/1200 1239/1239/1206
f 1233/1233/1200 1235/1235/1202 1241/1241/1208
f 1235/1235/1202 1236/1236/1203 1242/1242/1209
f 1236/1236/1203 1237/1237/1204 1243/1243/1210
f 1240/1240/1207 1239/1239/1206 1244/1244/1211
f 1239/1239/1206 1241/1241/1208 1246/1246/1213
f 1241/1241/1208 1242/1242/1209 1247/1247/1214
f 1242/1242/1209 1243/1243/1210 1248/1248/1215
f 1243/1243/1210 1326/1326/1285 1249/1249/1216
f 1245/1245/1212 1244/1244/1211 1250/1250/1217
f 1244/1244/1211 1246/1246/1213 1252/1252/1218
f 1246/1246/1213 1247/1247/1214 1253/1253/1219
f 1247/1247/1214 1248/1248/1215 1254/1254/1220
f 1248/1248/1215 1249/1249/1216 1255/1255/1221
f 1251/1251/426 1250/1250/1217 1256/1256/1222
f 1250/1250/1217 1252/1252/1218 1258/1258/1224
f 1252/1252/1218 1253/1253/1219 1259/1259/1225
f 1253/1253/1219 1254/1254/1220 1260/1260/1226
f 1255/1255/1221 1266/1266/1231 1260/1260/1226
f 1257/1257/1223 1256/1256/1222 1261/1261/1227
f 1256/1256/1222 1258/1258/1224 1263/1263/1228
f 1258/1258/1224 1259/1259/1225 1264/1264/1229
f 1259/1259/1225 1260/1260/1226 1265/1265/1230
f 1266/1266/1231 1657/1657/1594 1265/1265/1230
f 1261/1261/1227 1268/1268/1233 1267/1267/1232
f 1263/1263/1228 1270/1270/1235 1268/1268/1233
f 1263/1263/1228 1264/1264/1229 1269/1269/1234
f 1264/1264/1229 1265/1265/1230 1271/1271/1236
f 1265/1265/1230 1657/1657/1594 1272/1272/1237
f 1268/1268/1233 1274/1274/1239 1273/1273/1238
f 1270/1270/1235 1275/1275/1240 1274/1274/1239
f 1269/1269/1234 1276/1276/1241 1275/1275/1240
f 1271/1271/1236 1277/1277/1242 1276/1276/1241
f 1272/1272/1237 1282/1282/1247 1277/1277/1242
f 1274/1274/1239 1279/1279/1244 1278/1278/1243
f 1275/1275/1240 1280/1280/1245 1279/1279/1244
f 1276/1276/1241 1281/1281/1246 1280/1280/1245
f 1277/1277/1242 1283/1283/1248 1281/1281/1246
f 1282/1282/1247 1288/1288/1252 1283/1283/1248
f 1279/1279/1244 1285/1285/1249 1284/1284/1071
f 1280/1280/1245 1286/1286/1250 1285/1285/1249
f 1281/1281/1246 1287/1287/1251 1286/1286/1250
f 1283/1283/1248 1289/1289/1253 1287/1287/1251
f 1288/1288/1252 1294/1294/1257 1289/1289/1253
f 1285/1285/1249 1291/1291/1254 1290/1290/1062
f 1286/1286/1250 1292/1292/1255 1291/1291/1254
f 1287/1287/1251 1293/1293/1256 1292/1292/1255
f 1289/1289/1253 1295/1295/1258 1293/1293/1256
f 1294/1294/1257 1300/1300/1263 1295/1295/1258
f 1291/1291/1254 1297/1297/1260 1296/1296/1259
f 1292/1292/1255 1298/1298/1261 1297/1297/1260
f 1293/1293/1256 1299/1299/1262 1298/1298/1261
f 1295/1295/1258 1301/1301/1264 1299/1299/1262
f 1300/1300/1263 1658/1658/1595 1301/1301/1264
f 1297/1297/1260 1303/1303/1266 1302/1302/1265
f 1298/1298/1261 1304/1304/1267 1303/1303/1266
f 1299/1299/1262 1305/1305/1268 1304/1304/1267
f 1301/1301/1264 1307/1307/1270 1305/1305/1268
f 1301/1301/1264 1658/1658/1595 1306/1306/1269
f 1303/1303/1266 1309/1309/1272 1308/1308/1271
f 1304/1304/1267 1310/1310/1273 1309/1309/1272
f 1305/1305/1268 1311/1311/1274 1310/1310/1273
f 1307/1307/1270 1313/1313/1276 1311/1311/1274
f 1307/1307/1270 1306/1306/1269 1312/1312/1275
f 1309/1309/1272 1316/1316/1278 1314/1314/1018
f 1309/1309/1272 1310/1310/1273 1315/1315/1277
f 1310/1310/1273 1311/1311/1274 1317/1317/1279
f 1311/1311/1274 1313/1313/1276 1318/1318/1280
f 1313/1313/1276 1312/1312/1275 1319/1319/1281
f 1314/1314/1018 1316/1316/1278 1320/1320/1282
f 1316/1316/1278 1315/1315/1277 1322/1322/1283
f 1315/1315/1277 1317/1317/1279 1323/1323/1284
f 1317/1317/1279 1318/1318/1280 1324/1324/1190
f 1318/1318/1280 1319/1319/1281 1325/1325/1192
f 1327/1327/1286 1397/1397/1349 1328/1328/1287
f 1329/1329/1288 1328/1328/1287 1330/1330/1289
f 1332/1332/1290 1344/1344/867 1333/1333/1291
f 1335/1335/1293 1347/1347/1303 1336/1336/1294
f 1338/1338/876 1348/1348/1304 1339/1339/1296
f 1341/1341/1298 1351/1351/1307 1342/1342/1299
f 1344/1344/867 1355/1355/1311 1345/1345/1301
f 1346/1346/1302 1390/1390/1344 1347/1347/1303
f 1348/1348/1304 1364/1364/1319 1349/1349/1305
f 1350/1350/1306 1368/1368/1323 1351/1351/1307
f 1352/1352/1308 1373/1373/1328 1353/1353/1309
f 1355/1355/1311 1377/1377/872 1356/1356/1312
f 1357/1357/1313 1381/1381/1335 1358/1358/1314
f 1359/1359/326 1358/1358/1314 1360/1360/1315
f 1362/1362/1317 1361/1361/1316 1360/1360/1315
f 1364/1364/1319 1352/1352/1308 1354/1354/1310
f 1365/1365/1320 1362/1362/1317 1363/1363/1318
f 1367/1367/1322 1386/1386/1340 1368/1368/1323
f 1369/1369/1324 1365/1365/1320 1366/1366/1321
f 1371/1371/1326 1369/1369/1324 1370/1370/1325
f 1373/1373/1328 1379/1379/1333 1374/1374/1329
f 1375/1375/1330 1371/1371/1326 1372/1372/1327
f 1377/1377/872 1393/1393/874 1378/1378/1332
f 1379/1379/1333 1375/1375/1330 1376/1376/1331
f 1357/1357/1313 1396/1396/1348 1380/1380/1334
f 1332/1332/1290 1334/1334/1292 1382/1382/1336
f 1383/1383/1337 1382/1382/1336 1384/1384/1338
f 1337/1337/1295 1336/1336/1294 1386/1386/1340
f 1385/1385/1339 1384/1384/1338 1387/1387/1341
f 1389/1389/1343 1398/1398/1350 1390/1390/1344
f 1388/1388/1342 1387/1387/1341 1391/1391/1345
f 1393/1393/874 1338/1338/876 1340/1340/1297
f 1392/1392/1346 1391/1391/1345 1394/1394/1347
f 1396/1396/1348 1343/1343/1300 1342/1342/1299
f 1395/1395/839 1394/1394/1347 1397/1397/1349
f 1331/1331/818 1330/1330/1289 1398/1398/1350
f 1384/1384/1338 1382/1382/1336 1399/1399/1351
f 1342/1342/1299 1351/1351/1307 1401/1401/1353
f 1334/1334/1292 1405/1405/1357 1399/1399/1351
f 1351/1351/1307 1368/1368/1323 1403/1403/1355
f 1334/1334/1292 1333/1333/1291 1404/1404/1356
f 1368/1368/1323 1386/1386/1340 1406/1406/1358
f 1374/1374/1329 1409/1409/1361 1407/1407/1359
f 1345/1345/1301 1410/1410/1362 1404/1404/1356
f 1386/1386/1340 1336/1336/1294 1408/1408/1360
f 1376/1376/1331 1412/1412/1364 1409/1409/1361
f 1356/1356/1312 1413/1413/1365 1410/1410/1362
f 1336/1336/1294 1347/1347/1303 1411/1411/1363
f 1372/1372/1327 1415/1415/1367 1412/1412/1364
f 1378/1378/1332 1416/1416/1368 1413/1413/1365
f 1347/1347/1303 1390/1390/1344 1414/1414/1366
f 1370/1370/1325 1419/1419/1371 1415/1415/1367
f 1340/1340/1297 1420/1420/1372 1416/1416/1368
f 1398/1398/1350 1330/1330/1289 1417/1417/1369
f 1366/1366/1321 1422/1422/1374 1419/1419/1371
f 1339/1339/1296 1423/1423/1375 1420/1420/1372
f 1330/1330/1289 1328/1328/1287 1421/1421/1373
f 1363/1363/1318 1425/1425/1377 1422/1422/1374
f 1349/1349/1305 1426/1426/1378 1423/1423/1375
f 1328/1328/1287 1397/1397/1349 1424/1424/1376
f 1360/1360/1315 1428/1428/1380 1425/1425/1377
f 1354/1354/1310 1431/1431/1383 1426/1426/1378
f 1397/1397/1349 1394/1394/1347 1427/1427/1379
f 1358/1358/1314 1430/1430/1382 1428/1428/1380
f 1390/1390/1344 1398/1398/1350 1418/1418/1370
f 1394/1394/1347 1391/1391/1345 1429/1429/1381
f 1381/1381/1335 1434/1434/1386 1430/1430/1382
f 1353/1353/1309 1407/1407/1359 1431/1431/1383
f 1391/1391/1345 1387/1387/1341 1432/1432/1384
f 1381/1381/1335 1380/1380/1334 1433/1433/1385
f 1387/1387/1341 1384/1384/1338 1400/1400/1352
f 1380/1380/1334 1342/1342/1299 1402/1402/1354
f 1436/1436/716 1443/1443/1394 1437/1437/1388
f 1439/1439/1390 1487/1487/1433 1440/1440/1391
f 1442/1442/1393 1445/1445/1396 1443/1443/1394
f 1444/1444/1395 1447/1447/1398 1445/1445/1396
f 1446/1446/1397 1449/1449/1400 1447/1447/1398
f 1448/1448/1399 1454/1454/1404 1449/1449/1400
f 1450/1450/164 1455/1455/1405 1451/1451/1401
f 1453/1453/1403 1461/1461/1411 1454/1454/1404
f 1455/1455/1405 1463/1463/1412 1456/1456/1406
f 1457/1457/1407 1488/1488/1434 1458/1458/1408
f 1460/1460/1410 1474/1474/1420 1461/1461/1411
f 1462/1462/191 1465/1465/1414 1456/1456/1406
f 1464/1464/1413 1470/1470/1418 1465/1465/1414
f 1466/1466/1415 1489/1489/1435 1467/1467/1416
f 1469/1469/220 1476/1476/1422 1470/1470/1418
f 1438/1438/1389 1437/1437/1388 1471/1471/1419
f 1473/1473/552 1495/1495/1441 1474/1474/1420
f 1475/1475/1421 1478/1478/1424 1476/1476/1422
f 1477/1477/1423 1480/1480/1426 1478/1478/1424
f 1479/1479/1425 1485/1485/1431 1480/1480/1426
f 1481/1481/1427 1491/1491/1437 1482/1482/1428
f 1484/1484/1430 1501/1501/1447 1485/1485/1431
f 1486/1486/1432 1493/1493/1439 1440/1440/1391
f 1488/1488/1434 1450/1450/164 1452/1452/1402
f 1489/1489/1435 1496/1496/1442 1490/1490/1436
f 1491/1491/1437 1498/1498/1444 1492/1492/1438
f 1472/1472/702 1471/1471/1419 1493/1493/1439
f 1473/1473/552 1502/1502/1448 1494/1494/1440
f 1496/1496/1442 1504/1504/1450 1497/1497/1443
f 1498/1498/1444 1505/1505/1451 1499/1499/1445
f 1484/1484/1430 1506/1506/1452 1500/1500/1446
f 1502/1502/1448 1507/1507/1453 1503/1503/1449
f 1504/1504/1450 1439/1439/1390 1441/1441/1392
f 1505/1505/1451 1457/1457/1407 1459/1459/1409
f 1506/1506/1452 1466/1466/1415 1468/1468/1417
f 1507/1507/1453 1481/1481/1427 1483/1483/1429
f 1474/1474/1420 1495/1495/1441 1508/1508/1454
f 1503/1503/1449 1483/1483/1429 1510/1510/1456
f 1440/1440/1391 1493/1493/1439 1512/1512/1458
f 1452/1452/1402 1519/1519/1465 1514/1514/1460
f 1483/1483/1429 1482/1482/1428 1515/1515/1461
f 1493/1493/1439 1471/1471/1419 1516/1516/1462
f 1471/1471/1419 1437/1437/1388 1517/1517/1463
f 1482/1482/1428 1492/1492/1438 1518/1518/1464
f 1451/1451/1401 1521/1521/1467 1519/1519/1465
f 1492/1492/1438 1499/1499/1445 1520/1520/1466
f 1456/1456/1406 1523/1523/1469 1521/1521/1467
f 1499/1499/1445 1459/1459/1409 1522/1522/1468
f 1465/1465/1414 1524/1524/1470 1523/1523/1469
f 1458/1458/1408 1514/1514/1460 1522/1522/1468
f 1470/1470/1418 1525/1525/1471 1524/1524/1470
f 1443/1443/1394 1528/1528/1474 1517/1517/1463
f 1476/1476/1422 1529/1529/1475 1525/1525/1471
f 1501/1501/1447 1500/1500/1446 1526/1526/1472
f 1445/1445/1396 1531/1531/1477 1528/1528/1474
f 1478/1478/1424 1532/1532/1478 1529/1529/1475
f 1500/1500/1446 1468/1468/1417 1530/1530/1476
f 1447/1447/1398 1534/1534/1480 1531/1531/1477
f 1480/1480/1426 1535/1535/1481 1532/1532/1478
f 1468/1468/1417 1467/1467/1416 1533/1533/1479
f 1449/1449/1400 1537/1537/1483 1534/1534/1480
f 1485/1485/1431 1538/1538/1484 1535/1535/1481
f 1467/1467/1416 1490/1490/1436 1536/1536/1482
f 1454/1454/1404 1540/1540/1486 1537/1537/1483
f 1501/1501/1447 1527/1527/1473 1538/1538/1484
f 1490/1490/1436 1497/1497/1443 1539/1539/1485
f 1461/1461/1411 1543/1543/1489 1540/1540/1486
f 1495/1495/1441 1494/1494/1440 1541/1541/1487
f 1497/1497/1443 1441/1441/1392 1542/1542/1488
f 1474/1474/1420 1509/1509/1455 1543/1543/1489
f 1494/1494/1440 1503/1503/1449 1511/1511/1457
f 1441/1441/1392 1440/1440/1391 1513/1513/1459
f 1545/1545/1491 1573/1573/1515 1546/1546/1492
f 1548/1548/1096 1565/1565/1507 1549/1549/1494
f 1551/1551/1113 1568/1568/1510 1552/1552/1496
f 1554/1554/1498 1570/1570/1512 1555/1555/1499
f 1557/1557/1501 1571/1571/1513 1558/1558/1502
f 1560/1560/1169 1575/1575/1517 1561/1561/1504
f 1545/1545/1491 1547/1547/1493 1563/1563/1505
f 1565/1565/1507 1576/1576/1518 1566/1566/1508
f 1567/1567/1509 1577/1577/1519 1568/1568/1510
f 1554/1554/1498 1578/1578/1520 1569/1569/1511
f 1571/1571/1513 1579/1579/1521 1572/1572/1514
f 1573/1573/1515 1548/1548/1096 1550/1550/1495
f 1574/1574/1516 1580/1580/1522 1575/1575/1517
f 1553/1553/1497 1552/1552/1496 1566/1566/1508
f 1567/1567/1509 1556/1556/1500 1555/1555/1499
f 1578/1578/1520 1557/1557/1501 1559/1559/1503
f 1579/1579/1521 1562/1562/1163 1561/1561/1504
f 1564/1564/1506 1563/1563/1505 1580/1580/1522
f 1568/1568/1510 1584/1584/1526 1581/1581/1523
f 1561/1561/1504 1585/1585/1527 1582/1582/1524
f 1568/1568/1510 1577/1577/1519 1583/1583/1525
f 1575/1575/1517 1587/1587/1529 1585/1585/1527
f 1577/1577/1519 1555/1555/1499 1586/1586/1528
f 1580/1580/1522 1591/1591/1533 1587/1587/1529
f 1555/1555/1499 1570/1570/1512 1588/1588/1530
f 1546/1546/1492 1550/1550/1495 1589/1589/1531
f 1563/1563/1505 1594/1594/1536 1591/1591/1533
f 1570/1570/1512 1569/1569/1511 1592/1592/1534
f 1550/1550/1495 1549/1549/1494 1593/1593/1535
f 1547/1547/1493 1597/1597/1539 1594/1594/1536
f 1569/1569/1511 1559/1559/1503 1595/1595/1537
f 1549/1549/1494 1566/1566/1508 1596/1596/1538
f 1546/1546/1492 1590/1590/1532 1597/1597/1539
f 1559/1559/1503 1558/1558/1502 1598/1598/1540
f 1552/1552/1496 1581/1581/1523 1596/1596/1538
f 1558/1558/1502 1572/1572/1514 1582/1582/1524
f 1599/1599/1205 1629/1629/1567 1600/1600/1541
f 1602/1602/1221 1630/1630/1568 1603/1603/1543
f 1605/1605/1545 1631/1631/1569 1606/1606/1546
f 1608/1608/1548 1633/1633/1571 1609/1609/1549
f 1611/1611/1275 1634/1634/1572 1612/1612/1551
f 1614/1614/1553 1628/1628/1566 1615/1615/1554
f 1617/1617/1556 1632/1632/1570 1618/1618/1557
f 1620/1620/1216 1601/1601/1542 1600/1600/1541
f 1604/1604/1544 1603/1603/1543 1622/1622/1560
f 1607/1607/1547 1606/1606/1546 1624/1624/1562
f 1626/1626/1564 1608/1608/1548 1610/1610/1550
f 1614/1614/1553 1611/1611/1275 1613/1613/1552
f 1619/1619/1558 1618/1618/1557 1629/1629/1567
f 1602/1602/1221 1620/1620/1216 1621/1621/1559
f 1623/1623/1561 1622/1622/1560 1631/1631/1569
f 1616/1616/1555 1615/1615/1554 1632/1632/1570
f 1625/1625/1563 1624/1624/1562 1609/1609/1549
f 1634/1634/1572 1626/1626/1564 1627/1627/1565
f 1630/1630/1568 1652/1652/1590 1635/1635/1573
f 1612/1612/1551 1627/1627/1565 1636/1636/1574
f 1603/1603/1543 1635/1635/1573 1638/1638/1576
f 1615/1615/1554 1646/1646/1584 1639/1639/1577
f 1613/1613/1552 1612/1612/1551 1637/1637/1575
f 1622/1622/1560 1638/1638/1576 1641/1641/1579
f 1632/1632/1570 1639/1639/1577 1642/1642/1580
f 1628/1628/1566 1613/1613/1552 1640/1640/1578
f 1631/1631/1569 1641/1641/1579 1644/1644/1582
f 1618/1618/1557 1642/1642/1580 1645/1645/1583
f 1615/1615/1554 1628/1628/1566 1643/1643/1581
f 1606/1606/1546 1644/1644/1582 1647/1647/1585
f 1629/1629/1567 1645/1645/1583 1648/1648/1586
f 1624/1624/1562 1647/1647/1585 1649/1649/1587
f 1621/1621/1559 1600/1600/1541 1648/1648/1586
f 1610/1610/1550 1609/1609/1549 1649/1649/1587
f 1630/1630/1568 1621/1621/1559 1650/1650/1588
f 1627/1627/1565 1610/1610/1550 1651/1651/1589
