# Blender 4.4.3
# www.blender.org
mtllib Untitled.mtl
o hash_2B077A72.model
v 0.000765 0.025244 0.139029
v -0.027886 0.052664 0.131046
v -0.028664 0.024173 0.134951
v -0.055852 0.051571 0.126766
v -0.056751 0.023117 0.131016
v -0.085367 0.050586 0.124956
v -0.085521 0.022021 0.127452
v -0.114349 0.048824 0.119125
v -0.114020 0.020273 0.120027
v -0.139533 0.046844 0.104983
v -0.140005 0.018295 0.107296
v -0.158327 0.044473 0.083129
v -0.159902 0.015995 0.086757
v -0.172293 0.041854 0.055784
v -0.174518 0.013518 0.059161
v -0.183128 0.039242 0.024820
v -0.185603 0.011051 0.027572
v -0.187847 0.036009 -0.007805
v -0.190405 0.008110 -0.005446
v 0.000844 0.053925 0.135710
v -0.025844 0.081543 0.126830
v -0.053927 0.080388 0.124308
v -0.083766 0.079155 0.123108
v -0.112371 0.077289 0.116137
v -0.136195 0.075256 0.099985
v -0.154183 0.072776 0.077430
v -0.176704 0.066963 0.021384
v -0.180879 0.063553 -0.009815
v 0.001771 0.083037 0.131436
v -0.023514 0.110731 0.123015
v -0.051859 0.109337 0.122335
v -0.081613 0.107671 0.121209
v -0.109334 0.105740 0.111968
v -0.131658 0.103579 0.093845
v -0.149450 0.101059 0.071199
v -0.167441 0.069937 0.051056
v -0.163093 0.098216 0.045528
v -0.175836 0.091401 -0.012094
v 0.002758 0.112410 0.128035
v -0.022599 0.139929 0.121689
v -0.050857 0.138156 0.121253
v -0.080002 0.136179 0.119102
v -0.106361 0.134194 0.107336
v -0.127733 0.131900 0.088144
v -0.145428 0.129374 0.065512
v -0.159456 0.126568 0.040329
v -0.171527 0.094929 0.017216
v -0.175935 0.119886 -0.014738
v 0.003357 0.141778 0.127266
v -0.023775 0.168736 0.121504
v -0.051991 0.166797 0.121707
v -0.079870 0.164808 0.117370
v -0.104795 0.162658 0.103416
v -0.125960 0.160292 0.084156
v -0.143158 0.157763 0.061258
v -0.157165 0.154973 0.036340
v -0.168041 0.151831 0.009955
v -0.169188 0.123343 0.013095
v -0.176652 0.148457 -0.017242
v 0.003330 0.170644 0.125871
v -0.025381 0.197404 0.122461
v -0.053688 0.195532 0.122813
v -0.080938 0.193476 0.115798
v -0.105611 0.191196 0.101413
v -0.126401 0.188761 0.081961
v -0.142355 0.186205 0.058276
v -0.155701 0.183434 0.033056
v -0.167078 0.180371 0.006954
v -0.176990 0.177087 -0.019706
v 0.002618 0.199069 0.123863
v -0.026759 0.226105 0.125032
v -0.055281 0.224261 0.124044
v -0.082745 0.222035 0.115563
v -0.107710 0.219608 0.101028
v -0.128920 0.217098 0.081392
v -0.143449 0.214641 0.056435
v -0.155101 0.211965 0.030211
v -0.166421 0.208985 0.004081
v -0.176552 0.205720 -0.022387
v 0.001873 0.227458 0.123898
v -0.027705 0.254764 0.125919
v -0.056443 0.252858 0.122729
v -0.084260 0.250453 0.114593
v -0.109479 0.247818 0.100108
v -0.130096 0.245292 0.079562
v -0.145028 0.242931 0.054582
v -0.156271 0.240509 0.027951
v -0.166069 0.237684 0.001129
v -0.175781 0.234298 -0.025405
v 0.001223 0.255990 0.124982
v -0.028382 0.283209 0.122252
v -0.057211 0.281273 0.119234
v -0.085065 0.278725 0.111644
v -0.110067 0.275885 0.097403
v -0.130539 0.273280 0.077068
v -0.146015 0.271067 0.052344
v -0.157998 0.268960 0.025671
v -0.174768 0.262831 -0.029335
v 0.000767 0.284424 0.122474
v -0.029294 0.311676 0.119573
v -0.058706 0.309726 0.117530
v -0.087284 0.306986 0.111165
v -0.113177 0.303846 0.097845
v -0.133855 0.300991 0.077318
v -0.148986 0.298793 0.051791
v -0.160270 0.297074 0.023991
v -0.167450 0.266433 -0.001765
v -0.170036 0.294843 -0.004574
v 0.000360 0.312908 0.119981
v -0.030610 0.339958 0.119705
v -0.061051 0.337919 0.119152
v -0.091001 0.334909 0.113801
v -0.118624 0.331195 0.101351
v -0.140862 0.327637 0.080905
v -0.155652 0.325401 0.054203
v -0.165155 0.324243 0.024782
v -0.174235 0.322253 -0.005420
v -0.177775 0.291223 -0.033669
v 0.175039 0.326535 -0.006058
v 0.178324 0.294996 -0.034463
v 0.182822 0.322713 -0.039362
v 0.170428 0.299302 -0.005317
v 0.175580 0.266697 -0.029790
v 0.166700 0.242262 0.000759
v 0.173485 0.238029 -0.026389
v 0.166830 0.213645 0.004012
v 0.169325 0.209559 -0.023937
v 0.167462 0.185106 0.007215
v 0.166024 0.181110 -0.021011
v 0.168825 0.156608 0.010307
v 0.164463 0.152619 -0.017744
v 0.172322 0.128686 0.013266
v 0.169677 0.125496 -0.014822
v 0.177299 0.098535 -0.012145
v 0.177485 0.101143 0.016842
v 0.187186 0.071097 -0.008100
v 0.183036 0.073214 0.022370
v 0.195601 0.042541 -0.003331
v 0.187802 0.044809 0.028189
v 0.198062 0.013514 0.000502
v 0.160920 0.301986 0.023578
v 0.168048 0.270941 -0.002341
v 0.157211 0.245470 0.027390
v 0.158720 0.216956 0.030810
v 0.160762 0.188477 0.034369
v 0.162080 0.159927 0.037569
v 0.163510 0.131451 0.040969
v 0.165985 0.103302 0.045407
v 0.171050 0.075721 0.051704
v 0.178653 0.019819 0.061771
v 0.189810 0.016344 0.032100
v 0.166342 0.328857 0.024724
v 0.150416 0.303874 0.051977
v 0.146587 0.276319 0.051619
v 0.158467 0.273956 0.025001
v 0.145017 0.219567 0.055738
v 0.145888 0.191063 0.058657
v 0.146739 0.162546 0.061640
v 0.148259 0.134202 0.065283
v 0.151670 0.106493 0.070769
v 0.155896 0.078938 0.076299
v 0.160069 0.051067 0.081093
v 0.176650 0.048055 0.057948
v 0.161599 0.022708 0.084318
v 0.156882 0.330376 0.054607
v 0.135260 0.306340 0.077684
v 0.131224 0.278594 0.076222
v 0.130929 0.250387 0.078337
v 0.145456 0.248042 0.053484
v 0.130047 0.222004 0.079774
v 0.129252 0.193478 0.080419
v 0.128929 0.164953 0.082106
v 0.129950 0.136646 0.085279
v 0.132978 0.108741 0.089858
v 0.136811 0.080986 0.094799
v 0.139348 0.052835 0.097865
v 0.139904 0.024300 0.100134
v 0.142038 0.333149 0.081617
v 0.114399 0.309110 0.098189
v 0.110992 0.280954 0.096405
v 0.110807 0.252639 0.098597
v 0.109556 0.224222 0.097301
v 0.108637 0.195696 0.096059
v 0.108271 0.167194 0.097195
v 0.108949 0.138675 0.099253
v 0.111420 0.110409 0.102701
v 0.114824 0.082351 0.107864
v 0.117057 0.053979 0.111563
v 0.117379 0.025342 0.113415
v 0.119213 0.336836 0.101848
v 0.088302 0.311551 0.111347
v 0.086259 0.283080 0.110600
v 0.086109 0.254682 0.112252
v 0.085274 0.226168 0.109439
v 0.084961 0.197672 0.107724
v 0.084924 0.169207 0.108874
v 0.085306 0.140420 0.109953
v 0.087169 0.111695 0.112500
v 0.090059 0.083260 0.117749
v 0.092078 0.054647 0.122473
v 0.092476 0.025935 0.124997
v 0.060952 0.341360 0.119287
v 0.091111 0.339804 0.113958
v 0.059570 0.313036 0.117623
v 0.058612 0.256078 0.120159
v 0.058482 0.227566 0.118038
v 0.058878 0.199213 0.117473
v 0.059306 0.170833 0.119382
v 0.059572 0.141961 0.120783
v 0.060410 0.112768 0.122428
v 0.062111 0.083787 0.126887
v 0.063426 0.054859 0.131591
v 0.030380 0.341672 0.119747
v 0.030039 0.313414 0.119657
v 0.058628 0.284493 0.118491
v 0.030068 0.256534 0.124037
v 0.030415 0.228089 0.122973
v 0.031025 0.199888 0.123662
v 0.031627 0.171595 0.126520
v 0.031535 0.142662 0.128085
v 0.031486 0.113289 0.129305
v 0.031744 0.083845 0.132571
v 0.032081 0.054665 0.136775
v 0.063733 0.026066 0.134614
v -0.000122 0.341152 0.119536
v 0.029870 0.284923 0.121913
v 0.032402 0.025878 0.139923
v -0.182421 0.518188 -0.030993
v -0.174487 0.521903 -0.050634
v -0.201188 0.512188 -0.050848
v -0.157822 0.524038 -0.031697
v -0.141825 0.531608 -0.049696
v -0.130026 0.533580 -0.031745
v -0.107694 0.547402 -0.047590
v -0.102916 0.547032 -0.031295
v -0.082551 0.561165 -0.047122
v -0.158800 0.516164 -0.013705
v -0.138445 0.523252 -0.014411
v -0.117171 0.532625 -0.015033
v -0.097461 0.543391 -0.015503
v -0.083472 0.557989 -0.031363
v -0.134685 0.514647 0.002747
v -0.119753 0.522268 0.002266
v -0.104272 0.530667 0.001211
v -0.090496 0.538216 0.000150
v -0.082649 0.551477 -0.015792
v -0.112585 0.514566 0.019706
v -0.101753 0.521583 0.018705
v -0.091159 0.527872 0.017159
v -0.081551 0.533034 0.015681
v -0.079381 0.543907 -0.000386
v -0.091094 0.513547 0.035302
v -0.083570 0.519354 0.033475
v -0.076442 0.524481 0.031621
v -0.069726 0.528463 0.029668
v -0.073242 0.537036 0.014711
v -0.069775 0.509470 0.048408
v -0.064683 0.515113 0.046027
v -0.059695 0.519774 0.043527
v -0.055121 0.523919 0.041495
v -0.063595 0.531544 0.028080
v -0.047955 0.502127 0.059502
v -0.044721 0.508960 0.057069
v -0.041657 0.515102 0.054681
v -0.038680 0.520223 0.051826
v -0.050804 0.527254 0.039574
v -0.023818 0.501247 0.064095
v -0.022223 0.509342 0.060484
v -0.020766 0.516412 0.056801
v -0.035935 0.524430 0.048869
v -0.025479 0.492167 0.067401
v -0.002080 0.492284 0.067480
v -0.002174 0.503759 0.062953
v -0.002293 0.513626 0.058221
v -0.002466 0.521586 0.053329
v -0.019492 0.522255 0.052949
v 0.016183 0.517388 0.055974
v 0.014629 0.523183 0.052195
v 0.031264 0.526318 0.047760
v 0.034231 0.522325 0.050775
v 0.046483 0.529462 0.038053
v 0.050929 0.526240 0.039970
v 0.059788 0.533695 0.026422
v 0.066027 0.530592 0.027997
v 0.070150 0.539022 0.013186
v 0.078527 0.534873 0.014115
v 0.077148 0.545650 -0.001562
v 0.088198 0.539593 -0.001122
v 0.081177 0.552866 -0.016581
v 0.095841 0.544443 -0.016391
v 0.082210 0.558710 -0.032032
v 0.101691 0.547613 -0.031982
v 0.081412 0.561670 -0.047223
v 0.017809 0.510479 0.059740
v 0.037238 0.517292 0.053557
v 0.055578 0.522272 0.042167
v 0.072790 0.526702 0.030078
v 0.088179 0.529555 0.015712
v 0.102109 0.531949 0.000193
v 0.115676 0.533510 -0.015642
v 0.129001 0.534092 -0.032146
v 0.106769 0.547739 -0.047559
v 0.019527 0.502481 0.063387
v 0.040459 0.511502 0.056390
v 0.060557 0.517681 0.044644
v 0.080016 0.521702 0.032095
v 0.098936 0.523280 0.017481
v 0.117856 0.523688 0.001679
v 0.137094 0.524055 -0.014747
v 0.156901 0.524267 -0.031931
v 0.141050 0.531801 -0.049592
v 0.021323 0.493562 0.066806
v 0.043761 0.504784 0.058794
v 0.065786 0.512370 0.047280
v 0.087623 0.515998 0.034052
v 0.110061 0.516518 0.018950
v 0.133121 0.516557 0.002772
v 0.157620 0.517015 -0.013736
v 0.181391 0.518386 -0.031093
v 0.173964 0.522040 -0.050476
v -0.001995 0.480048 0.072204
v 0.021281 0.474864 0.074287
v 0.043830 0.485109 0.067849
v 0.065905 0.493210 0.059202
v 0.087805 0.498500 0.048477
v 0.109405 0.500986 0.035198
v 0.131649 0.502235 0.021052
v 0.155002 0.504025 0.006993
v 0.177467 0.506956 -0.007705
v 0.198791 0.508227 -0.022848
v 0.200340 0.512659 -0.050726
v -0.001911 0.463546 0.079138
v 0.021089 0.457022 0.081999
v 0.043534 0.465696 0.076776
v 0.065542 0.472747 0.069401
v 0.087187 0.478325 0.060403
v 0.108486 0.482051 0.049460
v 0.129621 0.484005 0.036736
v 0.151340 0.486298 0.024021
v 0.172057 0.489368 0.011136
v 0.192933 0.492593 -0.000975
v -0.001819 0.447625 0.086465
v 0.021032 0.440349 0.090405
v 0.043448 0.447233 0.086270
v 0.065374 0.453204 0.079871
v 0.086900 0.458097 0.072037
v 0.108091 0.462050 0.062882
v 0.128288 0.465029 0.051592
v 0.148263 0.468105 0.040120
v 0.168627 0.471836 0.029753
v 0.189115 0.476673 0.020062
v -0.001702 0.433314 0.093722
v 0.020922 0.425872 0.097045
v 0.043205 0.431237 0.094206
v 0.065124 0.435811 0.089157
v 0.086530 0.439712 0.082312
v 0.107389 0.443151 0.074253
v 0.127219 0.445605 0.064122
v 0.146685 0.448291 0.053764
v 0.165105 0.451111 0.042021
v 0.181740 0.453909 0.027905
v -0.001559 0.420521 0.099404
v 0.021063 0.411767 0.103241
v 0.043358 0.415867 0.101528
v 0.065365 0.419062 0.097300
v 0.086971 0.421748 0.091512
v 0.108049 0.423852 0.084145
v 0.128347 0.425353 0.075097
v 0.147424 0.426257 0.063970
v 0.165574 0.427381 0.051548
v 0.183659 0.429560 0.039472
v -0.001390 0.407747 0.104812
v 0.021654 0.397537 0.108847
v 0.044393 0.400268 0.108048
v 0.066943 0.402249 0.104910
v 0.089124 0.403479 0.099488
v 0.110830 0.404193 0.092537
v 0.131623 0.404161 0.083395
v 0.151009 0.403559 0.071799
v 0.168425 0.402746 0.057775
v 0.185380 0.402236 0.043439
v -0.001185 0.394838 0.109671
v 0.022855 0.383224 0.113600
v 0.046598 0.384647 0.113634
v 0.070232 0.385220 0.110706
v 0.093551 0.385098 0.105563
v 0.116037 0.384093 0.097778
v 0.137313 0.382319 0.087387
v 0.155928 0.379802 0.073120
v 0.170992 0.377218 0.055630
v -0.000676 0.368413 0.116897
v -0.000944 0.381745 0.113800
v 0.024802 0.368956 0.116990
v 0.050286 0.369199 0.117206
v 0.075716 0.368683 0.114500
v 0.100538 0.367148 0.108235
v 0.124057 0.364512 0.098500
v 0.144608 0.361032 0.083879
v 0.160749 0.357331 0.064471
v 0.171072 0.355062 0.041318
v 0.184359 0.374609 0.037903
v -0.000401 0.354864 0.118813
v 0.027426 0.355055 0.119057
v 0.055322 0.354727 0.119277
v 0.083048 0.353411 0.115512
v 0.109636 0.350804 0.107059
v 0.133497 0.347063 0.092885
v 0.151719 0.343122 0.071964
v 0.163270 0.340507 0.046442
v 0.171680 0.338795 0.019182
v 0.180715 0.352917 0.017911
v 0.180146 0.335802 -0.008822
v -0.028242 0.353512 0.119185
v -0.056094 0.351538 0.119630
v -0.083615 0.348746 0.115682
v -0.109958 0.345199 0.107176
v -0.133304 0.341216 0.092589
v -0.150744 0.337817 0.071314
v -0.161934 0.335843 0.045967
v -0.170494 0.334352 0.019230
v -0.179394 0.331638 -0.008140
v -0.182357 0.319257 -0.038253
v -0.026221 0.367555 0.117352
v -0.051768 0.366305 0.117625
v -0.077130 0.364413 0.115194
v -0.101711 0.361813 0.108846
v -0.124819 0.358652 0.098701
v -0.144569 0.355295 0.083420
v -0.159509 0.352448 0.063465
v -0.169493 0.350864 0.040586
v -0.179982 0.348302 0.018137
v -0.024849 0.381921 0.114003
v -0.048767 0.381991 0.114404
v -0.072377 0.381289 0.111465
v -0.095584 0.380191 0.106575
v -0.117729 0.378552 0.098508
v -0.138539 0.376604 0.087736
v -0.156375 0.374441 0.072781
v -0.170622 0.372695 0.054761
v -0.184436 0.370006 0.037412
v -0.047102 0.397752 0.108916
v -0.069720 0.398624 0.105944
v -0.091825 0.398990 0.100720
v -0.113294 0.399120 0.093698
v -0.133714 0.398892 0.084279
v -0.152634 0.398481 0.072308
v -0.169528 0.398076 0.057653
v -0.186060 0.398029 0.042728
v -0.024174 0.396317 0.109403
v -0.024002 0.410582 0.103840
v -0.046484 0.413446 0.102435
v -0.068543 0.415633 0.098388
v -0.090126 0.417562 0.092771
v -0.111028 0.419256 0.085457
v -0.130973 0.420644 0.076198
v -0.149776 0.421797 0.065014
v -0.167744 0.423314 0.052647
v -0.024206 0.424682 0.097633
v -0.046644 0.428835 0.095081
v -0.068608 0.432421 0.090154
v -0.089982 0.435737 0.083533
v -0.110631 0.438794 0.075318
v -0.130210 0.441378 0.065082
v -0.149261 0.444010 0.054138
v -0.168945 0.447885 0.044838
v -0.184345 0.425583 0.038722
v -0.024607 0.439124 0.090977
v -0.047161 0.444751 0.087051
v -0.069137 0.449782 0.080862
v -0.090582 0.454132 0.073076
v -0.111504 0.457951 0.063822
v -0.131227 0.461067 0.052089
v -0.150352 0.464085 0.039518
v -0.169573 0.466985 0.027179
v -0.187957 0.452031 0.034527
v -0.024887 0.455774 0.082589
v -0.047426 0.463196 0.077468
v -0.069427 0.469319 0.070229
v -0.090877 0.474538 0.061274
v -0.111738 0.478338 0.050171
v -0.132253 0.480679 0.037138
v -0.153470 0.483786 0.024350
v -0.173744 0.487843 0.011476
v -0.189420 0.471621 0.017133
v -0.025267 0.473532 0.074821
v -0.047896 0.482516 0.068550
v -0.069872 0.489825 0.060035
v -0.091478 0.495048 0.049446
v -0.112499 0.498004 0.036052
v -0.133609 0.499191 0.020885
v -0.156244 0.501717 0.006564
v -0.178732 0.506000 -0.007559
v -0.194234 0.491589 -0.000762
v -0.199870 0.507637 -0.022737
v -0.001467 -0.003006 -0.168080
v 0.029556 0.025275 -0.165548
v 0.030474 -0.002889 -0.165580
v 0.061532 0.026602 -0.163099
v 0.063185 -0.001285 -0.162554
v 0.090950 0.028610 -0.148953
v 0.094232 0.000528 -0.150929
v 0.119992 0.030444 -0.132668
v 0.125471 0.002411 -0.136494
v 0.149460 0.032128 -0.117905
v 0.154601 0.003978 -0.119110
v 0.171838 0.033356 -0.094878
v 0.174289 0.005602 -0.092637
v 0.179662 0.036307 -0.063869
v 0.186064 0.008045 -0.061453
v 0.189913 0.039854 -0.033471
v 0.195823 0.011048 -0.030730
v 0.195601 0.042541 -0.003331
v 0.198062 0.013514 0.000502
v -0.001675 0.025580 -0.166780
v 0.028464 0.053431 -0.160554
v 0.058317 0.054482 -0.156118
v 0.110557 0.057612 -0.124880
v 0.138468 0.059493 -0.112145
v 0.163391 0.060866 -0.094767
v 0.172376 0.064215 -0.066647
v 0.179511 0.068306 -0.037111
v 0.187186 0.071097 -0.008100
v -0.001273 0.054000 -0.159690
v 0.028105 0.082052 -0.156885
v 0.055775 0.082560 -0.151179
v 0.083990 0.055941 -0.138854
v 0.103417 0.085042 -0.118256
v 0.129192 0.086718 -0.105106
v 0.155942 0.088951 -0.093621
v 0.170411 0.091720 -0.068856
v 0.177299 0.098535 -0.012145
v -0.000615 0.082167 -0.153010
v 0.027842 0.110785 -0.157002
v 0.080041 0.111956 -0.137957
v 0.079076 0.083775 -0.133930
v 0.102683 0.113396 -0.120074
v 0.125733 0.114768 -0.102721
v 0.150528 0.116589 -0.088167
v 0.172459 0.118989 -0.071116
v 0.170955 0.095901 -0.040481
v 0.169677 0.125496 -0.014822
v -0.000673 0.110735 -0.152509
v 0.027612 0.139490 -0.156746
v 0.056291 0.139507 -0.155339
v 0.056234 0.110909 -0.154199
v 0.106612 0.140576 -0.128087
v 0.129689 0.141790 -0.110852
v 0.150848 0.144034 -0.091421
v 0.172157 0.146709 -0.072541
v 0.169421 0.122849 -0.043286
v 0.170681 0.149517 -0.045476
v -0.000868 0.139420 -0.152458
v 0.027383 0.168182 -0.156310
v 0.056046 0.168151 -0.155006
v 0.083744 0.168046 -0.147277
v 0.082817 0.139667 -0.144330
v 0.109665 0.168188 -0.134785
v 0.133051 0.169134 -0.118224
v 0.149540 0.171955 -0.095002
v 0.168468 0.175069 -0.073500
v 0.166024 0.181110 -0.021011
v 0.164463 0.152619 -0.017744
v -0.001072 0.168111 -0.152323
v 0.027171 0.196874 -0.155589
v 0.055774 0.196803 -0.154467
v 0.083727 0.196624 -0.148057
v 0.110624 0.196596 -0.137959
v 0.134689 0.197171 -0.122851
v 0.147710 0.200035 -0.097448
v 0.162353 0.202943 -0.073030
v 0.175842 0.177730 -0.047732
v 0.169325 0.209559 -0.023937
v -0.001292 0.196810 -0.152254
v 0.026962 0.225576 -0.154623
v 0.055510 0.225467 -0.153602
v 0.083710 0.225211 -0.148875
v 0.110481 0.225120 -0.139053
v 0.134624 0.225405 -0.123588
v 0.165885 0.230203 -0.078469
v 0.179228 0.206219 -0.050496
v 0.174975 0.234492 -0.051927
v -0.001547 0.225524 -0.152527
v 0.026760 0.254289 -0.153584
v 0.055296 0.254140 -0.152521
v 0.083668 0.253827 -0.149253
v 0.110594 0.253581 -0.140448
v 0.134328 0.253805 -0.124626
v 0.157672 0.254326 -0.108329
v 0.155890 0.226298 -0.105026
v 0.177664 0.262218 -0.057705
v 0.175580 0.266697 -0.029790
v 0.173485 0.238029 -0.026389
v -0.001803 0.254258 -0.152935
v 0.026618 0.282992 -0.153318
v 0.055244 0.282810 -0.152126
v 0.083687 0.282445 -0.149160
v 0.111370 0.281980 -0.142446
v 0.137708 0.281365 -0.131347
v 0.161790 0.281397 -0.115705
v 0.179957 0.283453 -0.092841
v 0.173556 0.256817 -0.085486
v 0.184440 0.289014 -0.063892
v 0.178324 0.294996 -0.034463
v -0.002065 0.282969 -0.153457
v 0.026586 0.311544 -0.154770
v 0.055538 0.311284 -0.154373
v 0.084455 0.310707 -0.152609
v 0.113251 0.309674 -0.148371
v 0.141166 0.308457 -0.139585
v 0.166595 0.307855 -0.124925
v 0.185480 0.309700 -0.101992
v 0.188696 0.315521 -0.072087
v 0.182822 0.322713 -0.039362
v -0.182357 0.319257 -0.038253
v -0.183831 0.286247 -0.062507
v -0.177775 0.291223 -0.033669
v -0.176374 0.259000 -0.057307
v -0.174768 0.262831 -0.029335
v -0.169128 0.231523 -0.052595
v -0.175781 0.234298 -0.025405
v -0.165050 0.203516 -0.048229
v -0.176552 0.205720 -0.022387
v -0.166274 0.174997 -0.045800
v -0.176990 0.177087 -0.019706
v -0.169921 0.146565 -0.044709
v -0.176652 0.148457 -0.017242
v -0.172040 0.117995 -0.042922
v -0.175935 0.119886 -0.014738
v -0.173950 0.089417 -0.041122
v -0.175836 0.091401 -0.012094
v -0.180879 0.063553 -0.009815
v -0.179177 0.061573 -0.040331
v -0.187847 0.036009 -0.007805
v -0.190100 0.006538 -0.038477
v -0.190405 0.008110 -0.005446
v -0.188369 0.313141 -0.070227
v -0.179988 0.281449 -0.091017
v -0.175814 0.254323 -0.085016
v -0.170051 0.226777 -0.080480
v -0.160015 0.200354 -0.075841
v -0.155140 0.144294 -0.069124
v -0.159274 0.115923 -0.068485
v -0.163659 0.087451 -0.067981
v -0.171556 0.059878 -0.068793
v -0.180514 0.032941 -0.069951
v -0.186780 0.034387 -0.040173
v -0.184687 0.005191 -0.069057
v -0.185668 0.307832 -0.099713
v -0.162622 0.279616 -0.113903
v -0.157075 0.252814 -0.105919
v -0.154413 0.225080 -0.101089
v -0.148677 0.169951 -0.099201
v -0.154156 0.172786 -0.071427
v -0.145317 0.113814 -0.093508
v -0.150054 0.085477 -0.093335
v -0.157601 0.057906 -0.094857
v -0.166218 0.030886 -0.096784
v -0.170513 0.003080 -0.096341
v -0.168065 0.306139 -0.122909
v -0.139606 0.279708 -0.130383
v -0.135698 0.252073 -0.124259
v -0.131441 0.224670 -0.117616
v -0.156341 0.196974 -0.103431
v -0.134262 0.196644 -0.120780
v -0.134854 0.140379 -0.122404
v -0.143487 0.142276 -0.095171
v -0.134229 0.112048 -0.119995
v -0.136793 0.083816 -0.119468
v -0.148738 0.029578 -0.124664
v -0.152057 0.001574 -0.124252
v -0.143589 0.306863 -0.138182
v -0.113846 0.280658 -0.141712
v -0.112078 0.252317 -0.139739
v -0.108295 0.224642 -0.133883
v -0.110679 0.196452 -0.136723
v -0.113077 0.168175 -0.139513
v -0.137611 0.168582 -0.124900
v -0.114118 0.139578 -0.140061
v -0.115239 0.082975 -0.140065
v -0.118604 0.055965 -0.144141
v -0.142450 0.056681 -0.122269
v -0.122831 0.028744 -0.147104
v -0.124724 0.000748 -0.145912
v -0.116249 0.308383 -0.147349
v -0.086544 0.281654 -0.148365
v -0.085843 0.224787 -0.151188
v -0.086225 0.196261 -0.151096
v -0.086391 0.167731 -0.149411
v -0.086479 0.139198 -0.147366
v -0.086607 0.110669 -0.145821
v -0.114566 0.110902 -0.139406
v -0.087625 0.082954 -0.148461
v -0.089226 0.055572 -0.153929
v -0.091279 0.027842 -0.157449
v -0.092220 -0.000499 -0.156646
v -0.059438 0.310703 -0.154102
v -0.087966 0.309750 -0.152129
v -0.058257 0.253727 -0.153329
v -0.086382 0.253264 -0.151285
v -0.057988 0.196389 -0.152517
v -0.057939 0.167801 -0.150548
v -0.057897 0.139219 -0.148804
v -0.057917 0.110666 -0.147685
v -0.058888 0.082933 -0.150989
v -0.060276 0.055465 -0.157524
v -0.061025 0.027275 -0.163733
v -0.030887 0.311270 -0.154649
v -0.058585 0.282323 -0.151744
v -0.030032 0.254049 -0.152736
v -0.029823 0.225352 -0.151847
v -0.058067 0.225050 -0.153779
v -0.029633 0.196677 -0.150647
v -0.029437 0.168011 -0.149646
v -0.029267 0.139348 -0.148941
v -0.029162 0.110694 -0.148767
v -0.029774 0.082681 -0.151471
v -0.031042 0.055009 -0.159930
v -0.031763 0.026667 -0.168445
v -0.061107 -0.001474 -0.164961
v -0.002361 0.311531 -0.154839
v -0.030359 0.282743 -0.153046
v -0.031762 -0.002088 -0.170798
v 0.179049 0.518386 -0.062589
v 0.173964 0.522040 -0.050476
v 0.200340 0.512659 -0.050726
v 0.153857 0.525989 -0.062092
v 0.141050 0.531801 -0.049592
v 0.125056 0.537398 -0.060082
v 0.106769 0.547739 -0.047559
v 0.097966 0.551460 -0.058041
v 0.081412 0.561670 -0.047223
v 0.155478 0.521864 -0.073673
v 0.131964 0.530806 -0.071621
v 0.107873 0.542381 -0.068879
v 0.087376 0.553568 -0.067441
v 0.078172 0.562021 -0.057977
v 0.129387 0.526106 -0.082279
v 0.109896 0.535784 -0.079176
v 0.091399 0.546379 -0.076565
v 0.076756 0.554794 -0.075716
v 0.072489 0.561738 -0.068053
v 0.105183 0.530214 -0.089828
v 0.090081 0.539892 -0.086353
v 0.077069 0.548266 -0.084114
v 0.066014 0.555558 -0.083149
v 0.064786 0.561428 -0.076177
v 0.083646 0.532455 -0.097466
v 0.073116 0.541348 -0.094225
v 0.063297 0.549346 -0.091447
v 0.054310 0.555925 -0.089141
v 0.055899 0.561592 -0.082552
v 0.063779 0.532205 -0.105622
v 0.055902 0.541003 -0.101106
v 0.048471 0.548876 -0.096800
v 0.041620 0.555325 -0.093108
v 0.045860 0.561633 -0.086916
v 0.042523 0.529131 -0.110645
v 0.037372 0.538569 -0.104912
v 0.032446 0.546950 -0.099644
v 0.027693 0.554710 -0.095194
v 0.034884 0.561558 -0.089554
v 0.020113 0.524921 -0.112964
v 0.017671 0.535297 -0.106828
v 0.015343 0.545196 -0.101240
v 0.013187 0.554192 -0.096692
v 0.023326 0.561840 -0.091671
v -0.002193 0.532771 -0.108480
v -0.001816 0.543736 -0.102514
v -0.001478 0.553749 -0.097916
v 0.011283 0.562354 -0.093525
v -0.013534 0.562857 -0.095022
v -0.001092 0.562767 -0.094880
v -0.016085 0.554523 -0.097927
v -0.025603 0.562444 -0.093420
v -0.030444 0.554800 -0.096103
v -0.036898 0.561663 -0.090333
v -0.043949 0.554816 -0.092796
v -0.047502 0.561020 -0.086608
v -0.056323 0.555043 -0.088469
v -0.057331 0.560705 -0.082013
v -0.067828 0.554650 -0.082628
v -0.066120 0.560580 -0.075858
v -0.078366 0.553989 -0.075468
v -0.073711 0.560973 -0.068030
v -0.088781 0.552906 -0.067491
v -0.079301 0.561449 -0.058171
v -0.099143 0.550900 -0.058176
v -0.082551 0.561165 -0.047122
v -0.018864 0.545213 -0.102093
v -0.035584 0.546668 -0.099696
v -0.051204 0.548035 -0.096248
v -0.065742 0.548294 -0.090954
v -0.079169 0.547159 -0.083829
v -0.093252 0.545436 -0.076690
v -0.109335 0.541624 -0.069050
v -0.126219 0.537112 -0.060245
v -0.107694 0.547402 -0.047590
v -0.021818 0.535204 -0.107253
v -0.041076 0.537936 -0.104769
v -0.059190 0.539918 -0.100810
v -0.075806 0.540105 -0.093770
v -0.092527 0.538677 -0.086389
v -0.111910 0.534615 -0.079271
v -0.133537 0.530248 -0.071810
v -0.154949 0.525693 -0.062254
v -0.141825 0.531608 -0.049696
v -0.024950 0.524746 -0.113205
v -0.046951 0.528328 -0.110787
v -0.067575 0.531027 -0.105365
v -0.087048 0.531009 -0.097418
v -0.108204 0.528863 -0.089923
v -0.131878 0.525207 -0.082427
v -0.157228 0.521314 -0.073769
v -0.180187 0.518086 -0.062685
v -0.174487 0.521903 -0.050634
v -0.002614 0.521274 -0.115047
v -0.025035 0.500649 -0.126138
v -0.047212 0.503693 -0.125137
v -0.069209 0.506081 -0.122604
v -0.090634 0.507055 -0.117182
v -0.111975 0.506586 -0.110132
v -0.134494 0.506568 -0.103954
v -0.157185 0.507540 -0.097075
v -0.178236 0.507048 -0.087919
v -0.198754 0.503852 -0.078200
v -0.201188 0.512188 -0.050848
v -0.002631 0.497908 -0.127190
v -0.024836 0.477636 -0.135880
v -0.046903 0.479852 -0.135645
v -0.068837 0.481970 -0.134575
v -0.090503 0.483519 -0.131337
v -0.111572 0.484190 -0.125303
v -0.132578 0.485301 -0.119333
v -0.153476 0.486633 -0.113294
v -0.174154 0.487773 -0.107058
v -0.194751 0.489640 -0.102321
v -0.002660 0.475841 -0.136351
v -0.024290 0.456986 -0.142415
v -0.045851 0.458383 -0.142413
v -0.067288 0.459938 -0.142476
v -0.088489 0.461150 -0.140563
v -0.109157 0.461653 -0.135736
v -0.129658 0.462323 -0.130645
v -0.150047 0.463235 -0.125595
v -0.170268 0.464050 -0.120172
v -0.190492 0.468237 -0.120292
v -0.002665 0.455863 -0.142575
v -0.023914 0.436083 -0.147913
v -0.045113 0.436750 -0.148275
v -0.066209 0.437544 -0.148977
v -0.087142 0.438015 -0.147758
v -0.107648 0.438108 -0.144138
v -0.127902 0.438284 -0.140009
v -0.147935 0.438714 -0.135750
v -0.167927 0.439542 -0.131772
v -0.183659 0.442269 -0.127245
v -0.002667 0.435643 -0.147830
v -0.023796 0.414906 -0.152132
v -0.044900 0.414770 -0.152562
v -0.065934 0.414628 -0.153224
v -0.086845 0.414310 -0.152746
v -0.107420 0.413687 -0.149654
v -0.127798 0.413170 -0.146386
v -0.147947 0.412972 -0.143138
v -0.167841 0.413570 -0.140469
v -0.186362 0.415251 -0.134498
v -0.002641 0.394605 -0.154935
v -0.002663 0.415202 -0.151954
v -0.024056 0.393595 -0.155137
v -0.045464 0.392674 -0.155571
v -0.066826 0.391649 -0.156248
v -0.088114 0.390427 -0.155490
v -0.109219 0.389049 -0.153108
v -0.130139 0.387639 -0.149939
v -0.150883 0.386432 -0.146518
v -0.171206 0.385818 -0.142219
v -0.002598 0.373904 -0.156672
v -0.024841 0.372323 -0.156836
v -0.047088 0.370731 -0.157157
v -0.069332 0.368945 -0.157590
v -0.091547 0.366962 -0.156615
v -0.113593 0.364820 -0.153778
v -0.135506 0.362525 -0.150165
v -0.156922 0.360348 -0.144720
v -0.177063 0.358655 -0.136638
v -0.190092 0.386532 -0.134987
v -0.002534 0.353145 -0.157129
v -0.026306 0.351359 -0.157177
v -0.050087 0.349435 -0.157346
v -0.073890 0.347240 -0.157398
v -0.097645 0.344836 -0.155393
v -0.121216 0.342192 -0.151565
v -0.144422 0.339324 -0.145942
v -0.166244 0.336763 -0.136411
v -0.184387 0.335493 -0.121468
v -0.192720 0.358649 -0.123108
v -0.002450 0.332363 -0.156311
v -0.028409 0.330996 -0.156271
v -0.054390 0.329367 -0.156295
v -0.080400 0.327399 -0.155539
v -0.106303 0.325169 -0.152348
v -0.131779 0.322662 -0.146432
v -0.156156 0.320123 -0.136853
v -0.177063 0.318834 -0.120928
v -0.189292 0.320290 -0.097804
v -0.192948 0.336791 -0.099839
v -0.189119 0.324256 -0.070439
v 0.023926 0.331274 -0.156277
v 0.050294 0.329944 -0.156285
v 0.076701 0.328290 -0.155880
v 0.103026 0.326378 -0.152950
v 0.129051 0.324114 -0.147538
v 0.154105 0.321767 -0.138418
v 0.175965 0.320550 -0.122885
v 0.189253 0.322303 -0.099636
v 0.189448 0.326511 -0.071823
v 0.021654 0.351632 -0.157144
v 0.045835 0.349987 -0.157276
v 0.070025 0.348077 -0.157527
v 0.094200 0.345943 -0.155897
v 0.118218 0.343566 -0.152273
v 0.141893 0.340946 -0.146732
v 0.164395 0.338501 -0.137752
v 0.183692 0.337136 -0.123329
v 0.193209 0.338814 -0.101282
v 0.020061 0.372587 -0.156783
v 0.042701 0.371259 -0.157055
v 0.065331 0.369739 -0.157551
v 0.087946 0.368016 -0.156901
v 0.110433 0.366099 -0.154273
v 0.132771 0.364041 -0.150576
v 0.154686 0.362024 -0.145330
v 0.175546 0.360382 -0.137847
v 0.192252 0.360306 -0.124790
v 0.019188 0.393852 -0.155077
v 0.040988 0.393180 -0.155392
v 0.062741 0.392403 -0.156031
v 0.084435 0.391437 -0.155750
v 0.105973 0.390261 -0.153505
v 0.127325 0.389031 -0.150223
v 0.148552 0.387987 -0.146856
v 0.169419 0.387522 -0.142566
v 0.189109 0.388211 -0.135670
v 0.018880 0.415162 -0.152039
v 0.040380 0.415272 -0.152383
v 0.061801 0.415363 -0.153014
v 0.083111 0.415299 -0.152843
v 0.104119 0.414876 -0.150023
v 0.124921 0.414462 -0.146630
v 0.145517 0.414333 -0.143177
v 0.165955 0.415056 -0.140439
v 0.185241 0.416806 -0.134512
v 0.018985 0.436328 -0.147732
v 0.040579 0.437237 -0.147968
v 0.062055 0.438264 -0.148651
v 0.083391 0.439050 -0.147957
v 0.104345 0.439318 -0.144544
v 0.124945 0.439502 -0.140097
v 0.145390 0.439986 -0.135838
v 0.165830 0.441167 -0.132428
v 0.019368 0.457247 -0.142249
v 0.041321 0.458911 -0.142127
v 0.063148 0.460705 -0.142150
v 0.084764 0.462241 -0.140742
v 0.105855 0.462893 -0.136034
v 0.126747 0.463574 -0.130809
v 0.147543 0.464444 -0.125637
v 0.168229 0.465184 -0.120179
v 0.185262 0.444294 -0.130576
v 0.019923 0.477917 -0.135708
v 0.042390 0.480403 -0.135318
v 0.064713 0.482899 -0.134470
v 0.086819 0.484736 -0.131489
v 0.108397 0.485555 -0.125686
v 0.129796 0.486445 -0.119329
v 0.151207 0.487709 -0.113250
v 0.172369 0.488637 -0.106893
v 0.188370 0.469834 -0.120212
v 0.020167 0.500880 -0.125949
v 0.042729 0.504347 -0.124824
v 0.065104 0.507158 -0.122437
v 0.087098 0.508481 -0.117353
v 0.108852 0.507950 -0.110182
v 0.131851 0.507651 -0.103817
v 0.155205 0.508267 -0.096834
v 0.176890 0.507615 -0.087709
v 0.193170 0.488339 -0.100121
v 0.197857 0.504244 -0.078031
v 0.000948 -0.003979 0.143872
v -0.028664 0.024173 0.134951
v -0.028491 -0.005066 0.139792
v -0.056751 0.023117 0.131016
v -0.055990 -0.006273 0.134747
v -0.084322 -0.007462 0.130109
v -0.085521 0.022021 0.127452
v -0.112620 -0.009255 0.121779
v -0.140005 0.018295 0.107296
v -0.139703 -0.011095 0.110453
v -0.159902 0.015995 0.086757
v -0.161640 -0.013146 0.091461
v -0.177056 -0.015576 0.063902
v -0.174518 0.013518 0.059161
v -0.188121 -0.018088 0.031519
v -0.185603 0.011051 0.027572
v -0.192813 -0.020952 -0.002671
v 0.032716 -0.003444 0.144207
v 0.000765 0.025244 0.139029
v 0.063784 -0.003458 0.138340
v 0.032402 0.025878 0.139923
v 0.092179 -0.003778 0.128137
v 0.063733 0.026066 0.134614
v 0.116745 -0.004490 0.116082
v 0.092476 0.025935 0.124997
v 0.139258 -0.005543 0.102715
v 0.117379 0.025342 0.113415
v 0.161608 -0.006994 0.087428
v 0.139904 0.024300 0.100134
v 0.178653 0.019819 0.061771
v 0.161599 0.022708 0.084318
v 0.178999 -0.009771 0.065037
v 0.189810 0.016344 0.032100
v 0.197376 -0.015902 0.003472
v 0.189830 -0.013186 0.035441
v -0.318130 0.355261 -0.051866
v -0.294937 0.376920 -0.074118
v -0.316246 0.353146 -0.074077
v -0.289369 0.370534 -0.095831
v -0.308459 0.346387 -0.094307
v -0.280323 0.360660 -0.114642
v -0.297169 0.337289 -0.111775
v -0.265940 0.346179 -0.125303
v -0.281114 0.325330 -0.122656
v -0.250027 0.330267 -0.127619
v -0.262478 0.312243 -0.125931
v -0.234581 0.315293 -0.121722
v -0.243549 0.299783 -0.120902
v -0.221956 0.302928 -0.107959
v -0.227508 0.289896 -0.107218
v -0.216518 0.295756 -0.086763
v -0.217488 0.285057 -0.086614
v -0.212947 0.293414 -0.064013
v -0.211137 0.282492 -0.064681
v -0.204474 0.290661 -0.042138
v -0.204500 0.279509 -0.043197
v -0.300329 0.382094 -0.052203
v -0.278781 0.404554 -0.076145
v -0.273646 0.397175 -0.098379
v -0.262644 0.383689 -0.115068
v -0.250322 0.366719 -0.125674
v -0.237702 0.348174 -0.127516
v -0.226014 0.330723 -0.121815
v -0.215567 0.315629 -0.109168
v -0.210885 0.306269 -0.088144
v -0.212503 0.304071 -0.063930
v -0.205590 0.301664 -0.040633
v -0.281100 0.408105 -0.052500
v -0.263915 0.433395 -0.078024
v -0.256362 0.423148 -0.100149
v -0.245209 0.406795 -0.116326
v -0.234306 0.386593 -0.124565
v -0.225382 0.365746 -0.126337
v -0.217639 0.346045 -0.121542
v -0.210184 0.328618 -0.109599
v -0.204880 0.316446 -0.089523
v -0.205936 0.312611 -0.064604
v -0.265063 0.436473 -0.052718
v -0.246170 0.460587 -0.078916
v -0.237700 0.447771 -0.101160
v -0.226465 0.428193 -0.116601
v -0.217957 0.405555 -0.126588
v -0.212348 0.382129 -0.128251
v -0.209095 0.361193 -0.120783
v -0.204986 0.341378 -0.110241
v -0.200501 0.327445 -0.090451
v -0.198797 0.320766 -0.065183
v -0.199609 0.321550 -0.039292
v -0.205310 0.312576 -0.039497
v -0.248216 0.464547 -0.052004
v -0.224972 0.484989 -0.078911
v -0.217129 0.470115 -0.101472
v -0.206987 0.448302 -0.116389
v -0.201325 0.423972 -0.127644
v -0.199296 0.398039 -0.132188
v -0.199091 0.373266 -0.126978
v -0.198528 0.353135 -0.112088
v -0.195605 0.338425 -0.091640
v -0.192499 0.329166 -0.065981
v -0.189783 0.326166 -0.038953
v -0.227636 0.490424 -0.051295
v -0.198754 0.503852 -0.078200
v -0.194751 0.489640 -0.102321
v -0.190492 0.468237 -0.120292
v -0.183659 0.442269 -0.127245
v -0.186362 0.415251 -0.134498
v -0.190092 0.386532 -0.134987
v -0.192720 0.358649 -0.123108
v -0.192948 0.336791 -0.099839
v -0.189119 0.324256 -0.070439
v -0.182357 0.319257 -0.038253
v -0.314630 0.353567 -0.029922
v -0.306356 0.348578 -0.009625
v -0.296471 0.379860 -0.029732
v -0.294353 0.340607 0.007658
v -0.286849 0.372755 -0.009901
v -0.278850 0.329466 0.019400
v -0.274827 0.362548 0.006737
v -0.247991 0.334716 0.027564
v -0.261368 0.349289 0.018721
v -0.261798 0.316707 0.026876
v -0.234652 0.320023 0.030532
v -0.244452 0.304347 0.029181
v -0.223180 0.308270 0.016730
v -0.231294 0.296186 0.013229
v -0.211405 0.297782 0.000568
v -0.218233 0.288178 -0.003318
v -0.201708 0.291029 -0.019075
v -0.206687 0.281174 -0.020999
v -0.204474 0.290661 -0.042138
v -0.267817 0.397343 -0.009682
v -0.278259 0.406284 -0.029214
v -0.255344 0.384522 0.005796
v -0.243900 0.369239 0.018230
v -0.234138 0.352735 0.028126
v -0.224347 0.335418 0.032437
v -0.215061 0.320267 0.020501
v -0.204719 0.307585 0.004294
v -0.197958 0.301537 -0.017467
v -0.205590 0.301664 -0.040633
v -0.251160 0.423293 -0.006862
v -0.261051 0.433381 -0.027871
v -0.237720 0.407658 0.007447
v -0.226886 0.389495 0.018668
v -0.219982 0.370540 0.028102
v -0.214051 0.350922 0.033396
v -0.206986 0.332297 0.024466
v -0.198116 0.317460 0.008083
v -0.197391 0.312631 -0.015417
v -0.205310 0.312576 -0.039497
v -0.235805 0.449463 -0.002957
v -0.246143 0.461782 -0.025120
v -0.222556 0.431365 0.012174
v -0.212175 0.410422 0.022834
v -0.206338 0.388508 0.029803
v -0.203682 0.366412 0.034050
v -0.199140 0.344639 0.028266
v -0.192515 0.328242 0.011122
v -0.196701 0.323785 -0.013279
v -0.199609 0.321550 -0.039292
v -0.226736 0.488066 -0.023290
v -0.217546 0.473439 -0.001044
v -0.205862 0.453821 0.014770
v -0.198658 0.431274 0.027585
v -0.195191 0.406845 0.035205
v -0.193740 0.381944 0.036879
v -0.191496 0.357311 0.032057
v -0.187805 0.339672 0.013626
v -0.189441 0.331870 -0.012240
v -0.189783 0.326166 -0.038953
v -0.199870 0.507637 -0.022737
v -0.201188 0.512188 -0.050848
v -0.194234 0.491589 -0.000762
v -0.189420 0.471621 0.017133
v -0.187957 0.452031 0.034527
v -0.184345 0.425583 0.038722
v -0.186060 0.398029 0.042728
v -0.184436 0.370006 0.037412
v -0.179982 0.348302 0.018137
v -0.179394 0.331638 -0.008140
v -0.182357 0.319257 -0.038253
v -0.478575 -0.020488 -0.047733
v -0.463480 -0.000962 -0.061313
v -0.457295 -0.001453 -0.050183
v -0.441472 0.016682 -0.065396
v -0.435838 0.017431 -0.053168
v -0.421120 0.036377 -0.068816
v -0.415655 0.037628 -0.055971
v -0.401871 0.057351 -0.071681
v -0.397487 0.059390 -0.057622
v -0.384577 0.079516 -0.073254
v -0.381183 0.082207 -0.058118
v -0.366309 0.101264 -0.074088
v -0.362121 0.103212 -0.058200
v -0.347872 0.123095 -0.074320
v -0.342623 0.124213 -0.058047
v -0.331346 0.146470 -0.073291
v -0.323235 0.145564 -0.057351
v -0.314512 0.169264 -0.073278
v -0.307223 0.169529 -0.056048
v -0.293392 0.188308 -0.073970
v -0.290163 0.192348 -0.055255
v -0.275516 0.208849 -0.074540
v -0.270989 0.213029 -0.055349
v -0.267182 0.234083 -0.074800
v -0.265652 0.240230 -0.055036
v -0.242433 0.244161 -0.069979
v -0.244640 0.257212 -0.052783
v -0.227911 0.267770 -0.065943
v -0.221548 0.267645 -0.044658
v -0.211137 0.282492 -0.064681
v -0.204500 0.279509 -0.043197
v -0.479618 -0.023701 -0.059878
v -0.469426 -0.000534 -0.072598
v -0.448902 0.018194 -0.076628
v -0.430254 0.039018 -0.079429
v -0.410931 0.059399 -0.083424
v -0.392338 0.080636 -0.086667
v -0.374171 0.102317 -0.088663
v -0.356988 0.125107 -0.088768
v -0.340315 0.147987 -0.088759
v -0.320904 0.168682 -0.090697
v -0.305433 0.192136 -0.088274
v -0.286661 0.208165 -0.091184
v -0.267840 0.225888 -0.093471
v -0.250895 0.245740 -0.087945
v -0.237766 0.268675 -0.085552
v -0.217488 0.285057 -0.086614
v -0.481996 -0.025460 -0.072125
v -0.473518 -0.001758 -0.084628
v -0.456712 0.020131 -0.087472
v -0.440230 0.042686 -0.089009
v -0.422103 0.063782 -0.092467
v -0.404083 0.085276 -0.095976
v -0.386041 0.106861 -0.099257
v -0.368540 0.129128 -0.100818
v -0.350911 0.151227 -0.102623
v -0.333660 0.173587 -0.102918
v -0.320774 0.197522 -0.098908
v -0.299096 0.211628 -0.106675
v -0.279075 0.230393 -0.108252
v -0.265108 0.252196 -0.102812
v -0.246615 0.270948 -0.105021
v -0.227508 0.289896 -0.107218
v -0.488347 -0.024927 -0.082697
v -0.483330 0.001555 -0.091555
v -0.467369 0.024461 -0.094416
v -0.451113 0.047121 -0.096697
v -0.434390 0.069493 -0.098896
v -0.417300 0.091639 -0.101627
v -0.400097 0.113747 -0.104473
v -0.383048 0.136100 -0.106554
v -0.366055 0.158528 -0.108706
v -0.349656 0.181371 -0.108773
v -0.334016 0.202136 -0.112141
v -0.314522 0.220954 -0.113929
v -0.297010 0.239496 -0.113995
v -0.281078 0.260303 -0.113884
v -0.262324 0.279743 -0.117335
v -0.243549 0.299783 -0.120902
v -0.498756 -0.021244 -0.087886
v -0.494602 0.007237 -0.090155
v -0.479342 0.030431 -0.094239
v -0.463683 0.053503 -0.097774
v -0.447546 0.076376 -0.100127
v -0.431120 0.099103 -0.101997
v -0.414671 0.121673 -0.104272
v -0.398189 0.144230 -0.106642
v -0.381901 0.166816 -0.109845
v -0.365841 0.189394 -0.113703
v -0.349312 0.210506 -0.117996
v -0.332139 0.229748 -0.111039
v -0.314653 0.250409 -0.116013
v -0.298197 0.270889 -0.121507
v -0.280440 0.291422 -0.121082
v -0.262478 0.312243 -0.125931
v -0.509729 -0.015756 -0.086454
v -0.504801 0.012894 -0.084948
v -0.490110 0.036418 -0.088818
v -0.475295 0.059957 -0.092652
v -0.459915 0.083276 -0.095566
v -0.444469 0.106541 -0.098406
v -0.428850 0.129668 -0.101041
v -0.412794 0.152507 -0.103018
v -0.397137 0.175429 -0.106178
v -0.381494 0.198298 -0.109538
v -0.363117 0.218825 -0.108483
v -0.348898 0.240891 -0.110503
v -0.331419 0.261547 -0.112239
v -0.314871 0.282482 -0.115339
v -0.298116 0.303820 -0.118273
v -0.281114 0.325330 -0.122656
v -0.519933 -0.010099 -0.082310
v -0.513648 0.018069 -0.077297
v -0.499335 0.041871 -0.080546
v -0.484908 0.065653 -0.083807
v -0.470418 0.089437 -0.086927
v -0.455776 0.113173 -0.089880
v -0.440901 0.136803 -0.092494
v -0.425232 0.159990 -0.093959
v -0.409749 0.183167 -0.096119
v -0.393813 0.206055 -0.097910
v -0.376603 0.227916 -0.097865
v -0.362730 0.250237 -0.100969
v -0.346940 0.272215 -0.103428
v -0.330815 0.293979 -0.106268
v -0.313289 0.315008 -0.107198
v -0.297169 0.337289 -0.111775
v -0.528137 -0.005363 -0.074599
v -0.520024 0.022101 -0.066975
v -0.506222 0.046242 -0.069782
v -0.491932 0.070139 -0.072219
v -0.477788 0.094120 -0.074733
v -0.463561 0.118073 -0.077139
v -0.449497 0.142138 -0.079471
v -0.434616 0.165846 -0.080815
v -0.418832 0.188948 -0.081783
v -0.403594 0.212248 -0.083268
v -0.388694 0.235731 -0.084885
v -0.372265 0.257709 -0.084844
v -0.356097 0.279696 -0.086472
v -0.339430 0.300891 -0.087980
v -0.324502 0.324099 -0.090458
v -0.308459 0.346387 -0.094307
v -0.533717 -0.001785 -0.064247
v -0.523813 0.024861 -0.055078
v -0.510385 0.049199 -0.057230
v -0.496761 0.073471 -0.059199
v -0.482711 0.097512 -0.060959
v -0.468632 0.121522 -0.062638
v -0.454807 0.145671 -0.064270
v -0.441163 0.170042 -0.065487
v -0.425809 0.193481 -0.065884
v -0.410231 0.216629 -0.066349
v -0.396098 0.240572 -0.067813
v -0.382065 0.264594 -0.069227
v -0.366002 0.287383 -0.070212
v -0.348746 0.309312 -0.070667
v -0.316246 0.353146 -0.074077
v -0.537350 0.000886 -0.052847
v -0.525208 0.026389 -0.042431
v -0.512723 0.051198 -0.044016
v -0.499544 0.075704 -0.045363
v -0.485490 0.099708 -0.046361
v -0.471233 0.123588 -0.047236
v -0.456692 0.147260 -0.047980
v -0.442852 0.171365 -0.048469
v -0.429087 0.195695 -0.048475
v -0.398293 0.242461 -0.048621
v -0.381389 0.264637 -0.049129
v -0.363039 0.285593 -0.049958
v -0.346467 0.308016 -0.050240
v -0.329523 0.329155 -0.070508
v -0.318130 0.355261 -0.051866
v -0.536814 0.002342 -0.028459
v -0.538690 0.002419 -0.040661
v -0.524839 0.027070 -0.029642
v -0.512958 0.052140 -0.030514
v -0.499068 0.076099 -0.031104
v -0.485355 0.100246 -0.031368
v -0.470666 0.123795 -0.031519
v -0.455468 0.146983 -0.031569
v -0.440791 0.170501 -0.031389
v -0.426565 0.194386 -0.030865
v -0.414425 0.219567 -0.048441
v -0.411709 0.218077 -0.030219
v -0.396148 0.241387 -0.029472
v -0.379710 0.264104 -0.029124
v -0.362230 0.285995 -0.029188
v -0.343405 0.306698 -0.029554
v -0.330556 0.331287 -0.050368
v -0.314630 0.353567 -0.029922
v -0.532237 0.001149 -0.017077
v -0.520544 0.026006 -0.017704
v -0.508191 0.050573 -0.018216
v -0.495049 0.074451 -0.017582
v -0.480607 0.097978 -0.017461
v -0.465661 0.121155 -0.016939
v -0.450845 0.144505 -0.015944
v -0.435060 0.167329 -0.015536
v -0.418872 0.189889 -0.015336
v -0.402673 0.212488 -0.014944
v -0.387118 0.235630 -0.013410
v -0.371404 0.258764 -0.011787
v -0.355398 0.281740 -0.010398
v -0.338813 0.304337 -0.009661
v -0.327932 0.329864 -0.030003
v -0.321133 0.325975 -0.009802
v -0.524426 -0.001384 -0.007725
v -0.511232 0.022602 -0.009656
v -0.498423 0.046530 -0.009703
v -0.486208 0.070192 -0.007394
v -0.470800 0.092443 -0.007633
v -0.455881 0.115572 -0.005910
v -0.440565 0.138468 -0.005276
v -0.424254 0.160592 -0.004188
v -0.407620 0.182838 -0.003357
v -0.391166 0.205233 -0.002130
v -0.374969 0.227883 -0.000411
v -0.358860 0.250654 0.001707
v -0.342522 0.273334 0.003719
v -0.324712 0.294879 0.003562
v -0.306425 0.316149 0.002610
v -0.306356 0.348578 -0.009625
v -0.514312 -0.005085 -0.001556
v -0.500088 0.018132 -0.005500
v -0.486871 0.040992 -0.005791
v -0.474157 0.063927 -0.008643
v -0.458175 0.085383 -0.003888
v -0.442587 0.108383 -0.002075
v -0.427023 0.129826 -0.002080
v -0.410314 0.151851 0.000589
v -0.393693 0.174055 0.003548
v -0.377065 0.196366 0.005978
v -0.360502 0.218741 0.008598
v -0.343874 0.241153 0.011097
v -0.327394 0.263666 0.014113
v -0.310771 0.286161 0.017124
v -0.293813 0.308564 0.018277
v -0.294353 0.340607 0.007658
v -0.503021 -0.009708 0.001392
v -0.488491 0.013274 -0.003169
v -0.475155 0.035741 -0.009273
v -0.461609 0.058265 -0.012531
v -0.445021 0.078410 -0.004930
v -0.429054 0.100824 -0.005165
v -0.412940 0.121999 -0.005633
v -0.395521 0.143125 -0.000048
v -0.378325 0.164995 0.003492
v -0.361117 0.186908 0.006768
v -0.343979 0.208922 0.009939
v -0.326832 0.231061 0.012417
v -0.309773 0.253400 0.013709
v -0.293089 0.276067 0.013399
v -0.275773 0.298217 0.014321
v -0.278850 0.329466 0.019400
v -0.492262 -0.014597 -0.001292
v -0.477524 0.007625 -0.005920
v -0.463578 0.030112 -0.013656
v -0.449280 0.051420 -0.015092
v -0.433288 0.072864 -0.012193
v -0.416101 0.093323 -0.009995
v -0.398901 0.114261 -0.009583
v -0.381061 0.135481 -0.005274
v -0.363390 0.157159 -0.002511
v -0.345659 0.178790 0.000478
v -0.328398 0.200976 0.001896
v -0.310540 0.222400 0.004462
v -0.294109 0.245014 0.002788
v -0.276734 0.266270 0.005875
v -0.261446 0.284557 0.020032
v -0.261798 0.316707 0.026876
v -0.484873 -0.017837 -0.010815
v -0.469375 0.002672 -0.014483
v -0.452184 0.024399 -0.018195
v -0.438211 0.046252 -0.021062
v -0.424370 0.069016 -0.023587
v -0.404425 0.087148 -0.018717
v -0.385392 0.107489 -0.015936
v -0.368144 0.129654 -0.015031
v -0.349998 0.151162 -0.012801
v -0.332763 0.173384 -0.011849
v -0.314418 0.194589 -0.009998
v -0.294665 0.214061 -0.004767
v -0.276860 0.235159 -0.002356
v -0.248096 0.281096 0.007315
v -0.244452 0.304347 0.029181
v -0.482097 -0.019817 -0.022842
v -0.463839 -0.000373 -0.025665
v -0.443971 0.019715 -0.027710
v -0.430267 0.043137 -0.032552
v -0.415057 0.065347 -0.034547
v -0.394006 0.082807 -0.029575
v -0.375121 0.103746 -0.028228
v -0.356648 0.125146 -0.027005
v -0.338807 0.147136 -0.026250
v -0.319737 0.167541 -0.023941
v -0.299651 0.187298 -0.020275
v -0.280236 0.207957 -0.017013
v -0.263598 0.231149 -0.015343
v -0.259083 0.255363 0.005336
v -0.255343 0.258314 -0.014700
v -0.218233 0.288178 -0.003318
v -0.231294 0.296186 0.013229
v -0.480577 -0.020652 -0.035319
v -0.459604 -0.002016 -0.037661
v -0.438725 0.017385 -0.039973
v -0.421666 0.039393 -0.043387
v -0.405678 0.061830 -0.045676
v -0.387048 0.082056 -0.043686
v -0.367084 0.102055 -0.042500
v -0.348251 0.123417 -0.041836
v -0.328579 0.143868 -0.040676
v -0.308835 0.164378 -0.038564
v -0.291299 0.186913 -0.036769
v -0.274003 0.209638 -0.035864
v -0.264271 0.235730 -0.035179
v -0.231339 0.271741 -0.027758
v -0.243768 0.282829 -0.013556
v -0.478575 -0.020488 -0.047733
v -0.457295 -0.001453 -0.050183
v -0.435838 0.017431 -0.053168
v -0.415655 0.037628 -0.055971
v -0.397487 0.059390 -0.057622
v -0.381183 0.082207 -0.058118
v -0.362121 0.103212 -0.058200
v -0.342623 0.124213 -0.058047
v -0.323235 0.145564 -0.057351
v -0.307223 0.169529 -0.056048
v -0.290163 0.192348 -0.055255
v -0.270989 0.213029 -0.055349
v -0.265652 0.240230 -0.055036
v -0.255451 0.262301 -0.035389
v -0.244640 0.257212 -0.052783
v -0.221548 0.267645 -0.044658
v -0.206687 0.281174 -0.020999
v -0.002466 0.521586 0.053329
v -0.018237 0.529202 0.047839
v -0.019492 0.522255 0.052949
v -0.035935 0.524430 0.048869
v -0.032985 0.530483 0.043405
v -0.050804 0.527254 0.039574
v -0.046342 0.532569 0.034599
v -0.063595 0.531544 0.028080
v -0.058007 0.536326 0.023628
v -0.073242 0.537036 0.014711
v -0.066870 0.541911 0.011109
v -0.079381 0.543907 -0.000386
v -0.072708 0.549001 -0.002736
v -0.082649 0.551477 -0.015792
v -0.076037 0.556564 -0.016983
v -0.083472 0.557989 -0.031363
v -0.076762 0.562543 -0.031990
v -0.082551 0.561165 -0.047122
v 0.014629 0.523183 0.052195
v -0.002705 0.528631 0.048350
v 0.031264 0.526318 0.047760
v 0.012926 0.530088 0.047252
v 0.046483 0.529462 0.038053
v 0.028097 0.532461 0.042703
v 0.059788 0.533695 0.026422
v 0.041945 0.534650 0.033155
v 0.070150 0.539022 0.013186
v 0.054236 0.538349 0.021868
v 0.077148 0.545650 -0.001562
v 0.063912 0.543878 0.009529
v 0.081177 0.552866 -0.016581
v 0.070590 0.550746 -0.003931
v 0.082210 0.558710 -0.032032
v 0.074516 0.557800 -0.017801
v 0.081412 0.561670 -0.047223
v 0.075497 0.563245 -0.032407
v -0.001092 0.562767 -0.094880
v 0.009871 0.570598 -0.090485
v 0.011283 0.562354 -0.093525
v 0.020512 0.569781 -0.088333
v 0.023326 0.561840 -0.091671
v 0.030747 0.568968 -0.085884
v 0.034884 0.561558 -0.089554
v 0.040368 0.568368 -0.083060
v 0.045860 0.561633 -0.086916
v 0.049314 0.567860 -0.079405
v 0.055899 0.561592 -0.082552
v 0.057272 0.567055 -0.074021
v 0.064786 0.561428 -0.076177
v 0.064467 0.566643 -0.067238
v 0.072489 0.561738 -0.068053
v 0.070574 0.566584 -0.058614
v 0.078172 0.562021 -0.057977
v 0.074538 0.566112 -0.048133
v 0.081412 0.561670 -0.047223
v -0.012261 0.571162 -0.092094
v -0.001132 0.571117 -0.092094
v -0.013534 0.562857 -0.095022
v -0.022981 0.570513 -0.090293
v -0.025603 0.562444 -0.093420
v -0.033023 0.569376 -0.087102
v -0.036898 0.561663 -0.090333
v -0.042314 0.568181 -0.083265
v -0.047502 0.561020 -0.086608
v -0.050897 0.567044 -0.078817
v -0.057331 0.560705 -0.082013
v -0.058755 0.566190 -0.073501
v -0.066120 0.560580 -0.075858
v -0.065863 0.565892 -0.066977
v -0.073711 0.560973 -0.068030
v -0.071861 0.565933 -0.058523
v -0.079301 0.561449 -0.058171
v -0.075762 0.565596 -0.048009
v -0.031249 -0.032097 -0.169983
v -0.001467 -0.003006 -0.168080
v -0.000868 -0.032812 -0.167033
v -0.061007 -0.031300 -0.165825
v -0.031762 -0.002088 -0.170798
v -0.092727 -0.030217 -0.158132
v -0.061107 -0.001474 -0.164961
v -0.125634 -0.029119 -0.145218
v -0.092220 -0.000499 -0.156646
v -0.152057 0.001574 -0.124252
v -0.124724 0.000748 -0.145912
v -0.152813 -0.028204 -0.121913
v -0.170513 0.003080 -0.096341
v -0.172456 -0.026460 -0.095079
v -0.184687 0.005191 -0.069057
v -0.187023 -0.024245 -0.067713
v -0.190100 0.006538 -0.038477
v -0.192772 -0.022820 -0.036673
v -0.190405 0.008110 -0.005446
v 0.030474 -0.002889 -0.165580
v 0.031148 -0.032389 -0.166055
v 0.064764 -0.030412 -0.165612
v 0.063185 -0.001285 -0.162554
v 0.097075 -0.028262 -0.155809
v 0.094232 0.000528 -0.150929
v 0.127678 -0.026901 -0.139257
v 0.125471 0.002411 -0.136494
v 0.154872 -0.025659 -0.118065
v 0.154601 0.003978 -0.119110
v 0.174416 -0.023909 -0.090443
v 0.186064 0.008045 -0.061453
v 0.188922 -0.021360 -0.059849
v 0.198077 -0.018422 -0.028768
v 0.198062 0.013514 0.000502
v 0.197376 -0.015902 0.003472
v 0.317281 0.356551 -0.051829
v 0.294385 0.378529 -0.073954
v 0.299755 0.383582 -0.051985
v 0.315527 0.354673 -0.073868
v 0.288423 0.371938 -0.095479
v 0.296623 0.338937 -0.111422
v 0.308179 0.348390 -0.094298
v 0.265447 0.347933 -0.125159
v 0.279647 0.362266 -0.114417
v 0.280653 0.327000 -0.122395
v 0.249692 0.332215 -0.127616
v 0.262072 0.314012 -0.126589
v 0.234460 0.317170 -0.122220
v 0.242915 0.301415 -0.122052
v 0.221902 0.304614 -0.108796
v 0.225979 0.291349 -0.108890
v 0.215773 0.297324 -0.088055
v 0.215473 0.286374 -0.088032
v 0.211270 0.295397 -0.065312
v 0.210467 0.284530 -0.065270
v 0.204598 0.293881 -0.042666
v 0.278156 0.405922 -0.075997
v 0.280595 0.409582 -0.052355
v 0.272932 0.398519 -0.098144
v 0.261667 0.385102 -0.114613
v 0.249571 0.368526 -0.125611
v 0.237046 0.350303 -0.127493
v 0.225677 0.332850 -0.122354
v 0.215654 0.317386 -0.110084
v 0.210188 0.307849 -0.089598
v 0.211879 0.306114 -0.065309
v 0.204252 0.304966 -0.042068
v 0.263263 0.434570 -0.077974
v 0.264384 0.437636 -0.052674
v 0.255680 0.424385 -0.100082
v 0.244368 0.408220 -0.116102
v 0.233840 0.388319 -0.125136
v 0.225229 0.367465 -0.127403
v 0.216892 0.348465 -0.122036
v 0.209947 0.330402 -0.110676
v 0.204544 0.317275 -0.090916
v 0.205090 0.314695 -0.066259
v 0.245440 0.461497 -0.078901
v 0.247565 0.465507 -0.052057
v 0.236961 0.448825 -0.101084
v 0.225593 0.429471 -0.116467
v 0.217042 0.407120 -0.126576
v 0.211831 0.383831 -0.128664
v 0.209085 0.363014 -0.121342
v 0.203925 0.343070 -0.111804
v 0.200618 0.328067 -0.091948
v 0.196937 0.322006 -0.066964
v 0.204659 0.316050 -0.041188
v 0.224094 0.485632 -0.078753
v 0.226937 0.491315 -0.051359
v 0.216353 0.471018 -0.101386
v 0.206144 0.449447 -0.116200
v 0.200355 0.425371 -0.127650
v 0.198291 0.399674 -0.132491
v 0.198843 0.374732 -0.128490
v 0.198623 0.355249 -0.112966
v 0.195993 0.338335 -0.093628
v 0.195024 0.331929 -0.066792
v 0.199011 0.323674 -0.040551
v 0.197857 0.504244 -0.078031
v 0.200340 0.512659 -0.050726
v 0.193170 0.488339 -0.100121
v 0.188370 0.469834 -0.120212
v 0.185262 0.444294 -0.130576
v 0.185241 0.416806 -0.134512
v 0.189109 0.388211 -0.135670
v 0.192252 0.360306 -0.124790
v 0.193209 0.338814 -0.101282
v 0.189448 0.326511 -0.071823
v 0.182822 0.322713 -0.039362
v 0.313534 0.354819 -0.029736
v 0.295261 0.380974 -0.029653
v 0.304621 0.349433 -0.009827
v 0.285265 0.373740 -0.010045
v 0.291840 0.341035 0.006778
v 0.273046 0.363605 0.006525
v 0.277033 0.330975 0.020373
v 0.246876 0.337263 0.029990
v 0.260328 0.318960 0.029415
v 0.233275 0.322739 0.034349
v 0.243516 0.307352 0.032783
v 0.222326 0.311225 0.019907
v 0.230138 0.298754 0.016873
v 0.212248 0.301796 0.002220
v 0.217813 0.290901 0.000236
v 0.206076 0.296478 -0.019564
v 0.211736 0.286889 -0.021125
v 0.204598 0.293881 -0.042666
v 0.206573 0.282927 -0.042825
v 0.266646 0.398652 -0.009592
v 0.254340 0.386307 0.006412
v 0.243151 0.371618 0.019727
v 0.259956 0.351107 0.019654
v 0.233364 0.355532 0.030293
v 0.223426 0.338558 0.035474
v 0.214532 0.323718 0.022881
v 0.206222 0.312369 0.004688
v 0.200672 0.306248 -0.017995
v 0.204252 0.304966 -0.042068
v 0.277329 0.407516 -0.029062
v 0.250379 0.424922 -0.006797
v 0.237096 0.409872 0.008143
v 0.226614 0.392324 0.020402
v 0.219768 0.373770 0.030537
v 0.213348 0.354195 0.036064
v 0.206777 0.336284 0.025957
v 0.200175 0.322931 0.007372
v 0.198194 0.317031 -0.016526
v 0.204659 0.316050 -0.041188
v 0.260350 0.434659 -0.027827
v 0.235102 0.451282 -0.003130
v 0.221738 0.433743 0.012176
v 0.211642 0.413424 0.023631
v 0.206323 0.392031 0.031853
v 0.203445 0.370010 0.036805
v 0.199157 0.349024 0.029087
v 0.194571 0.333826 0.010005
v 0.196209 0.328098 -0.014992
v 0.199011 0.323674 -0.040551
v 0.245501 0.463013 -0.025238
v 0.216449 0.475145 -0.001499
v 0.205210 0.456346 0.014909
v 0.198238 0.434621 0.028375
v 0.194464 0.410578 0.035878
v 0.193817 0.385972 0.038969
v 0.191635 0.361884 0.032607
v 0.188705 0.344622 0.012846
v 0.189452 0.336214 -0.013374
v 0.189623 0.329430 -0.040522
v 0.198791 0.508227 -0.022848
v 0.225851 0.489182 -0.023572
v 0.192933 0.492593 -0.000975
v 0.189115 0.476673 0.020062
v 0.181740 0.453909 0.027905
v 0.183659 0.429560 0.039472
v 0.185380 0.402236 0.043439
v 0.184359 0.374609 0.037903
v 0.180715 0.352917 0.017911
v 0.180146 0.335802 -0.008822
v 0.182822 0.322713 -0.039362
v 0.477766 -0.018451 -0.047197
v 0.461801 0.000124 -0.061212
v 0.478871 -0.021152 -0.059254
v 0.456330 0.000362 -0.049646
v 0.440428 0.018795 -0.064629
v 0.436199 0.020857 -0.052025
v 0.421694 0.040126 -0.067590
v 0.418757 0.043647 -0.054094
v 0.404422 0.062488 -0.070511
v 0.401714 0.064895 -0.056350
v 0.384334 0.081503 -0.071875
v 0.380974 0.083851 -0.056944
v 0.364774 0.102255 -0.072679
v 0.361161 0.104376 -0.056606
v 0.346929 0.124759 -0.072165
v 0.342083 0.125954 -0.055677
v 0.328414 0.146661 -0.071922
v 0.324391 0.148713 -0.054541
v 0.310982 0.169169 -0.070562
v 0.304563 0.169590 -0.053502
v 0.293690 0.191139 -0.070897
v 0.287171 0.192588 -0.052643
v 0.281781 0.215451 -0.069382
v 0.277881 0.218601 -0.050346
v 0.262275 0.231517 -0.070662
v 0.264406 0.242214 -0.052866
v 0.245343 0.250581 -0.065169
v 0.240090 0.252377 -0.045009
v 0.227829 0.271824 -0.065220
v 0.227148 0.277606 -0.043901
v 0.210467 0.284530 -0.065270
v 0.468302 0.001338 -0.072219
v 0.481190 -0.022951 -0.071167
v 0.448142 0.020439 -0.075578
v 0.428377 0.040007 -0.080118
v 0.409008 0.060420 -0.084114
v 0.390726 0.081903 -0.086258
v 0.372397 0.103549 -0.087362
v 0.354551 0.125881 -0.087476
v 0.336944 0.148379 -0.087420
v 0.321783 0.172206 -0.085465
v 0.303076 0.191798 -0.087985
v 0.288345 0.214111 -0.088031
v 0.266561 0.228595 -0.088306
v 0.253811 0.251423 -0.085037
v 0.235097 0.271276 -0.085804
v 0.215473 0.286374 -0.088032
v 0.473768 0.001196 -0.083790
v 0.487232 -0.022909 -0.081749
v 0.456124 0.022451 -0.086359
v 0.438033 0.043216 -0.090135
v 0.419589 0.064348 -0.093769
v 0.401549 0.086061 -0.096688
v 0.383615 0.107947 -0.098653
v 0.366186 0.130359 -0.099197
v 0.349085 0.152909 -0.099851
v 0.333186 0.176074 -0.099741
v 0.315077 0.194737 -0.101899
v 0.296877 0.213462 -0.105223
v 0.281045 0.233808 -0.102305
v 0.263579 0.253297 -0.103767
v 0.245158 0.273441 -0.105015
v 0.225979 0.291349 -0.108890
v 0.481859 0.003071 -0.092128
v 0.497308 -0.019619 -0.087262
v 0.465790 0.025858 -0.094915
v 0.449192 0.048235 -0.097238
v 0.432113 0.070519 -0.099173
v 0.414838 0.092672 -0.101827
v 0.397497 0.114808 -0.104386
v 0.380499 0.137221 -0.105736
v 0.363562 0.159536 -0.107892
v 0.346410 0.181642 -0.110702
v 0.331023 0.204116 -0.107625
v 0.312904 0.222643 -0.112535
v 0.296602 0.240694 -0.113848
v 0.278875 0.260732 -0.115705
v 0.261089 0.281610 -0.117508
v 0.242915 0.301415 -0.122052
v 0.493262 0.008691 -0.091798
v 0.508124 -0.014344 -0.086283
v 0.477799 0.031824 -0.096010
v 0.461661 0.054745 -0.098564
v 0.445251 0.077511 -0.100696
v 0.428656 0.100188 -0.102337
v 0.412082 0.122715 -0.104595
v 0.395635 0.145249 -0.106917
v 0.379261 0.167793 -0.110045
v 0.362785 0.190294 -0.112154
v 0.346764 0.212784 -0.114902
v 0.330907 0.231530 -0.114960
v 0.313992 0.251983 -0.115008
v 0.297043 0.272274 -0.119184
v 0.279477 0.293064 -0.121086
v 0.262072 0.314012 -0.126589
v 0.503304 0.014391 -0.086303
v 0.518252 -0.008811 -0.082502
v 0.488507 0.037887 -0.090375
v 0.473356 0.061290 -0.093926
v 0.457922 0.084598 -0.097011
v 0.442085 0.107722 -0.099215
v 0.426302 0.130764 -0.101636
v 0.410324 0.153560 -0.103714
v 0.394483 0.176442 -0.106162
v 0.378722 0.199320 -0.108711
v 0.362739 0.222074 -0.111172
v 0.346577 0.242423 -0.109098
v 0.331605 0.263071 -0.114121
v 0.314400 0.284156 -0.114850
v 0.297216 0.305303 -0.116973
v 0.280653 0.327000 -0.122395
v 0.512034 0.019616 -0.078525
v 0.526556 -0.003844 -0.075326
v 0.497577 0.043334 -0.081913
v 0.483051 0.067074 -0.085227
v 0.468450 0.090801 -0.088368
v 0.453717 0.114503 -0.091296
v 0.438660 0.138040 -0.093610
v 0.423041 0.161133 -0.095042
v 0.407893 0.184407 -0.097388
v 0.392556 0.207600 -0.099436
v 0.376962 0.230614 -0.101078
v 0.360997 0.252287 -0.099749
v 0.344802 0.272365 -0.101631
v 0.330383 0.295631 -0.105890
v 0.312595 0.316647 -0.106360
v 0.296623 0.338937 -0.111422
v 0.518452 0.023776 -0.068250
v 0.532124 -0.000145 -0.065174
v 0.504663 0.047872 -0.071301
v 0.490355 0.071729 -0.073916
v 0.476057 0.095611 -0.076395
v 0.461613 0.119425 -0.078659
v 0.447773 0.143590 -0.081027
v 0.432815 0.167171 -0.082239
v 0.417211 0.190247 -0.083294
v 0.402767 0.213897 -0.085225
v 0.388569 0.237725 -0.087290
v 0.374712 0.261724 -0.089737
v 0.356892 0.282646 -0.088540
v 0.338637 0.302569 -0.087772
v 0.324471 0.326473 -0.090677
v 0.308179 0.348390 -0.094298
v 0.522198 0.026624 -0.056365
v 0.535826 0.002651 -0.053910
v 0.508664 0.050826 -0.058744
v 0.494779 0.074870 -0.060733
v 0.480712 0.098832 -0.062476
v 0.466782 0.122883 -0.064182
v 0.453456 0.147270 -0.065973
v 0.439647 0.171515 -0.067051
v 0.424257 0.194825 -0.067410
v 0.409187 0.218139 -0.068185
v 0.395888 0.242508 -0.070022
v 0.381359 0.266255 -0.071297
v 0.366006 0.289536 -0.071940
v 0.330996 0.332145 -0.072392
v 0.348589 0.311172 -0.071102
v 0.315527 0.354673 -0.073868
v 0.523153 0.027997 -0.043649
v 0.537211 0.004265 -0.041899
v 0.509863 0.052313 -0.045317
v 0.496832 0.076675 -0.046702
v 0.483634 0.101083 -0.047907
v 0.470037 0.125304 -0.048945
v 0.456088 0.149273 -0.049831
v 0.441799 0.173067 -0.050139
v 0.413262 0.221093 -0.050196
v 0.428002 0.197345 -0.050106
v 0.396849 0.243583 -0.050883
v 0.379710 0.265268 -0.051533
v 0.364285 0.288408 -0.051476
v 0.330461 0.332105 -0.051190
v 0.349618 0.312156 -0.050760
v 0.317281 0.356551 -0.051829
v 0.535514 0.004263 -0.029726
v 0.521764 0.028117 -0.030886
v 0.508045 0.052207 -0.031894
v 0.497001 0.077457 -0.032418
v 0.484341 0.102170 -0.032959
v 0.470465 0.126149 -0.033290
v 0.454931 0.148986 -0.033377
v 0.440139 0.172350 -0.033010
v 0.426186 0.196467 -0.032332
v 0.411101 0.220059 -0.031770
v 0.393610 0.241957 -0.031801
v 0.373768 0.261637 -0.032761
v 0.355261 0.282570 -0.033635
v 0.339520 0.305673 -0.033075
v 0.326580 0.330413 -0.030017
v 0.531470 0.002931 -0.018236
v 0.517809 0.026842 -0.018762
v 0.504939 0.051372 -0.018709
v 0.493187 0.076399 -0.018847
v 0.479440 0.100249 -0.019068
v 0.465386 0.123504 -0.018723
v 0.450135 0.146201 -0.018034
v 0.435541 0.169769 -0.016712
v 0.419936 0.192785 -0.015957
v 0.403743 0.215441 -0.015267
v 0.387623 0.238223 -0.013868
v 0.370530 0.260403 -0.012969
v 0.351673 0.281109 -0.013174
v 0.333032 0.301987 -0.013370
v 0.313534 0.354819 -0.029736
v 0.316892 0.324706 -0.012752
v 0.524483 -0.000086 -0.008649
v 0.511086 0.024129 -0.008260
v 0.498150 0.048763 -0.007598
v 0.482839 0.071386 -0.010450
v 0.469186 0.094798 -0.009965
v 0.453941 0.116870 -0.010311
v 0.440362 0.140551 -0.006080
v 0.424791 0.163351 -0.005370
v 0.409342 0.186140 -0.003350
v 0.392632 0.208182 -0.002238
v 0.376231 0.230640 -0.000260
v 0.359912 0.253246 0.002174
v 0.343242 0.275661 0.004435
v 0.326473 0.298042 0.006341
v 0.304621 0.349433 -0.009827
v 0.308464 0.319424 0.006012
v 0.514768 -0.004031 -0.002279
v 0.501777 0.020078 -0.000520
v 0.486975 0.043665 -0.002319
v 0.471689 0.066158 -0.003655
v 0.456159 0.087752 -0.008074
v 0.441540 0.110098 -0.003288
v 0.427015 0.132865 -0.000733
v 0.410563 0.155073 -0.000571
v 0.394207 0.177047 -0.001666
v 0.378015 0.198760 0.004457
v 0.361259 0.220990 0.007096
v 0.344323 0.243106 0.009655
v 0.327308 0.265225 0.012265
v 0.310087 0.287270 0.014478
v 0.291840 0.341035 0.006778
v 0.292739 0.309202 0.016780
v 0.503523 -0.008236 0.000575
v 0.491304 0.015385 -0.000983
v 0.475036 0.037556 -0.002664
v 0.459661 0.059469 -0.006652
v 0.442931 0.080712 -0.006708
v 0.428002 0.103494 -0.002654
v 0.413060 0.124711 -0.002732
v 0.395764 0.146310 -0.000813
v 0.379010 0.167579 -0.000276
v 0.362066 0.189276 0.004072
v 0.344732 0.210975 0.006983
v 0.327230 0.232528 0.010564
v 0.309635 0.254167 0.013371
v 0.291819 0.275886 0.013083
v 0.277033 0.330975 0.020373
v 0.274482 0.297440 0.017779
v 0.492725 -0.012907 -0.001997
v 0.482922 0.011083 -0.009661
v 0.464314 0.031161 -0.007893
v 0.447537 0.052742 -0.010219
v 0.429943 0.073897 -0.006612
v 0.416155 0.097174 -0.010645
v 0.399559 0.117369 -0.008788
v 0.381530 0.137865 -0.005595
v 0.363529 0.159114 -0.003152
v 0.346361 0.180489 -0.000974
v 0.328174 0.201301 0.003769
v 0.310004 0.222220 0.008607
v 0.291882 0.243144 0.013467
v 0.274702 0.264267 0.018370
v 0.260328 0.318960 0.029415
v 0.258796 0.285735 0.026912
v 0.485059 -0.016649 -0.010903
v 0.474783 0.007459 -0.018882
v 0.456041 0.027055 -0.017842
v 0.436237 0.046770 -0.015689
v 0.419548 0.069453 -0.016276
v 0.405690 0.090711 -0.020393
v 0.386665 0.110651 -0.016607
v 0.368268 0.131334 -0.014285
v 0.349648 0.151950 -0.012005
v 0.330858 0.172199 -0.007367
v 0.312024 0.192778 -0.002629
v 0.293399 0.213656 0.001714
v 0.274873 0.234702 0.006425
v 0.259676 0.258732 0.008716
v 0.243516 0.307352 0.032783
v 0.250212 0.285484 0.009206
v 0.481966 -0.018999 -0.022705
v 0.466264 0.003224 -0.027493
v 0.448930 0.024855 -0.029208
v 0.428326 0.043975 -0.027183
v 0.411021 0.066146 -0.028218
v 0.393744 0.084356 -0.028276
v 0.375253 0.105490 -0.027292
v 0.355885 0.125651 -0.024818
v 0.336275 0.145781 -0.021715
v 0.317514 0.166956 -0.018865
v 0.299319 0.188760 -0.016366
v 0.281267 0.210779 -0.013745
v 0.266060 0.234950 -0.012146
v 0.258941 0.262617 -0.012347
v 0.230138 0.298754 0.016873
v 0.241283 0.281609 -0.008684
v 0.479963 -0.019024 -0.035001
v 0.459179 -0.000020 -0.037312
v 0.441353 0.021951 -0.040088
v 0.422754 0.043205 -0.040345
v 0.405347 0.064329 -0.041806
v 0.386910 0.083586 -0.042351
v 0.366525 0.103266 -0.041034
v 0.347084 0.123999 -0.039440
v 0.327828 0.145056 -0.037403
v 0.309905 0.167369 -0.035747
v 0.291455 0.189275 -0.034041
v 0.274544 0.212406 -0.032519
v 0.265257 0.238896 -0.032554
v 0.252948 0.262352 -0.031641
v 0.217813 0.290901 0.000236
v 0.228794 0.271965 -0.022523
v 0.477766 -0.018451 -0.047197
v 0.456330 0.000362 -0.049646
v 0.436199 0.020857 -0.052025
v 0.418757 0.043647 -0.054094
v 0.401714 0.064895 -0.056350
v 0.380974 0.083851 -0.056944
v 0.361161 0.104376 -0.056606
v 0.342083 0.125954 -0.055677
v 0.324391 0.148713 -0.054541
v 0.304563 0.169590 -0.053502
v 0.287171 0.192588 -0.052643
v 0.277881 0.218601 -0.050346
v 0.240090 0.252377 -0.045009
v 0.264406 0.242214 -0.052866
v 0.211736 0.286889 -0.021125
v 0.227148 0.277606 -0.043901
v -0.058007 0.536326 0.023628
v -0.044528 0.533484 0.031995
v -0.055704 0.537099 0.021373
v 0.009871 0.570598 -0.090485
v -0.001137 0.570489 -0.089759
v 0.009457 0.569990 -0.088199
v -0.050897 0.567044 -0.078817
v -0.056576 0.565781 -0.072001
v -0.048989 0.566596 -0.077071
v 0.041945 0.534650 0.033155
v 0.026914 0.533382 0.039783
v 0.028097 0.532461 0.042703
v 0.064467 0.566643 -0.067238
v 0.067781 0.566159 -0.057735
v 0.070574 0.566584 -0.058614
v -0.066870 0.541911 0.011109
v -0.064174 0.542472 0.009272
v 0.019665 0.569209 -0.086143
v 0.020512 0.569781 -0.088333
v -0.058755 0.566190 -0.073501
v -0.063368 0.565495 -0.065719
v 0.054236 0.538349 0.021868
v 0.040204 0.535483 0.030591
v 0.071569 0.565705 -0.047650
v 0.074538 0.566112 -0.048133
v -0.001132 0.571117 -0.092094
v -0.011858 0.570530 -0.089727
v -0.072708 0.549001 -0.002736
v -0.069803 0.549271 -0.003996
v 0.029498 0.568434 -0.083819
v 0.030747 0.568968 -0.085884
v -0.065863 0.565892 -0.066977
v -0.069112 0.565535 -0.057610
v 0.063912 0.543878 0.009529
v 0.051979 0.539043 0.019663
v -0.012261 0.571162 -0.092094
v -0.022147 0.569910 -0.088010
v -0.076037 0.556564 -0.016983
v -0.073045 0.556531 -0.017657
v 0.038770 0.567864 -0.081158
v 0.040368 0.568368 -0.083060
v -0.071861 0.565933 -0.058523
v -0.072838 0.565210 -0.047502
v 0.070590 0.550746 -0.003931
v 0.061224 0.544362 0.007746
v -0.002705 0.528631 0.048350
v -0.017554 0.530252 0.044702
v -0.018237 0.529202 0.047839
v -0.022981 0.570513 -0.090293
v -0.031790 0.568824 -0.084970
v -0.076762 0.562543 -0.031990
v -0.073727 0.562277 -0.032081
v 0.047373 0.567381 -0.077665
v 0.049314 0.567860 -0.079405
v 0.074516 0.557800 -0.017801
v 0.067660 0.550948 -0.005150
v -0.032985 0.530483 0.043405
v -0.031709 0.531482 0.040470
v -0.075762 0.565596 -0.048009
v -0.033023 0.569376 -0.087102
v -0.040733 0.567684 -0.081321
v 0.012926 0.530088 0.047252
v -0.002648 0.529706 0.045194
v 0.055060 0.566612 -0.072546
v 0.057272 0.567055 -0.074021
v 0.075497 0.563245 -0.032407
v 0.071470 0.557718 -0.018450
v -0.046342 0.532569 0.034599
v 0.072417 0.562949 -0.032481
v -0.042314 0.568181 -0.083265
v 0.012354 0.531105 0.044139
v 0.061935 0.566217 -0.066001
v -0.043731 0.519682 0.030449
v -0.039891 0.553826 -0.080568
v -0.001143 0.556458 -0.088380
v 0.009088 0.555978 -0.086860
v -0.054750 0.523183 0.020216
v -0.048105 0.552821 -0.076476
v 0.019008 0.555229 -0.084883
v -0.063318 0.528440 0.008521
v -0.055827 0.552110 -0.071635
v 0.028647 0.554469 -0.082711
v -0.069048 0.535317 -0.004457
v -0.068450 0.552017 -0.057511
v -0.062717 0.551935 -0.065517
v 0.037880 0.553982 -0.080262
v -0.072296 0.542782 -0.017962
v 0.046454 0.553629 -0.076918
v -0.072996 0.548698 -0.032244
v -0.072152 0.551705 -0.047507
v 0.054296 0.552923 -0.072112
v 0.012070 0.517662 0.041977
v -0.002619 0.516349 0.042999
v 0.070864 0.552188 -0.047645
v 0.071681 0.549364 -0.032638
v 0.061269 0.552640 -0.065774
v 0.026387 0.519674 0.038051
v 0.067101 0.552632 -0.057621
v 0.039444 0.521629 0.029133
v 0.051067 0.525074 0.018570
v -0.011509 0.556515 -0.088402
v 0.060406 0.530296 0.007049
v 0.066918 0.536987 -0.005584
v -0.017219 0.516813 0.042535
v -0.021512 0.555939 -0.086789
v 0.070729 0.543957 -0.018739
v -0.031142 0.517765 0.038625
v -0.030928 0.554917 -0.083911
v -0.001282 0.531079 -0.036168
v -0.125648 -0.029517 -0.145187
v -0.149798 -0.028290 -0.119814
v -0.152820 -0.028600 -0.121868
v 0.116727 -0.004888 0.116106
v 0.136479 -0.006235 0.100347
v 0.139240 -0.005942 0.102738
v -0.112601 -0.009644 0.121801
v -0.136928 -0.011641 0.108297
v -0.110421 -0.009842 0.119362
v -0.169171 -0.026595 -0.093276
v -0.172483 -0.026849 -0.095063
v 0.188960 -0.021748 -0.059828
v 0.194519 -0.018743 -0.028011
v 0.185482 -0.021627 -0.058528
v -0.139699 -0.011483 0.110494
v -0.158530 -0.013639 0.089827
v -0.028489 -0.005452 0.139858
v 0.000836 -0.004722 0.140686
v 0.000950 -0.004364 0.143937
v -0.183470 -0.024426 -0.066466
v -0.187055 -0.024634 -0.067696
v 0.158559 -0.007594 0.085634
v 0.161602 -0.007390 0.087460
v -0.161663 -0.013530 0.091523
v -0.173789 -0.015986 0.062842
v -0.192806 -0.023207 -0.036649
v -0.189069 -0.023050 -0.035993
v 0.175651 -0.010268 0.063955
v 0.178999 -0.010164 0.065075
v -0.055003 -0.006955 0.131869
v -0.028078 -0.005771 0.136824
v -0.192844 -0.021336 -0.002634
v -0.189134 -0.021246 -0.002511
v -0.000857 -0.033208 -0.167005
v 0.030564 -0.032474 -0.162893
v -0.000861 -0.032870 -0.163966
v 0.186244 -0.013620 0.034943
v 0.189831 -0.013576 0.035484
v -0.177091 -0.015959 0.063964
v -0.184643 -0.018436 0.031070
v 0.031157 -0.032778 -0.166061
v 0.063477 -0.030529 -0.162751
v -0.188155 -0.018472 0.031570
v 0.032137 -0.004220 0.140787
v 0.032720 -0.003831 0.144264
v 0.064783 -0.030797 -0.165652
v 0.095166 -0.028410 -0.153215
v -0.055980 -0.006661 0.134797
v -0.082693 -0.008111 0.127354
v 0.097113 -0.028642 -0.155874
v 0.125308 -0.027075 -0.136583
v 0.193683 -0.016287 0.003573
v 0.197368 -0.016290 0.003511
v -0.030608 -0.032161 -0.167035
v -0.031237 -0.032498 -0.169945
v 0.062600 -0.004218 0.135090
v 0.063780 -0.003850 0.138384
v 0.127709 -0.027288 -0.139294
v 0.152175 -0.025822 -0.115774
v -0.059740 -0.031372 -0.163085
v -0.060999 -0.031700 -0.165806
v 0.090373 -0.004528 0.125124
v 0.092168 -0.004174 0.128169
v -0.084306 -0.007851 0.130144
v -0.090856 -0.030283 -0.155292
v -0.092733 -0.030614 -0.158124
v 0.114400 -0.005217 0.113361
v 0.154881 -0.026049 -0.118053
v 0.171202 -0.024114 -0.088678
v -0.123184 -0.029179 -0.142782
v 0.174420 -0.024298 -0.090417
v 0.198108 -0.018811 -0.028742
v 0.134849 0.016466 0.098985
v 0.113291 0.017491 0.111883
v -0.180431 -0.001702 -0.065317
v -0.185620 -0.000413 -0.035114
v 0.089422 0.018074 0.123262
v -0.166608 -0.003723 -0.092026
v 0.191337 0.003907 -0.027229
v 0.061846 0.018260 0.132858
v -0.147544 -0.005222 -0.119339
v -0.186073 0.001416 -0.002103
v -0.181590 0.004136 0.030999
v 0.000826 0.017588 0.137901
v 0.031592 0.018099 0.138059
v 0.182688 0.001087 -0.057354
v -0.171029 0.006557 0.062166
v -0.121803 -0.005803 -0.143155
v 0.168589 -0.001325 -0.087337
v -0.156083 0.008893 0.088517
v -0.059427 -0.007870 -0.163722
v -0.090118 -0.006772 -0.155922
v 0.150304 -0.002980 -0.113976
v -0.134600 0.010844 0.106449
v -0.030635 -0.008786 -0.166758
v 0.123518 -0.004292 -0.134326
v -0.108538 0.012611 0.117301
v -0.001127 -0.009716 -0.162434
v 0.093614 -0.005617 -0.150830
v -0.081194 0.014259 0.124787
v 0.189986 0.006253 0.003659
v 0.062499 -0.007690 -0.160155
v -0.053990 0.015369 0.129062
v 0.183290 0.009024 0.034834
v 0.030201 -0.009563 -0.160331
v -0.027553 0.016540 0.133992
v 0.173105 0.012477 0.063443
v 0.156453 0.015139 0.084623
v 0.001986 0.003276 -0.002001
v 0.480060 -0.019112 -0.034990
v 0.479946 -0.017920 -0.046956
v 0.481981 -0.018452 -0.035645
v 0.535889 0.002540 -0.053898
v 0.535049 0.003128 -0.042045
v 0.533763 0.001630 -0.053182
v 0.537276 0.004155 -0.041891
v 0.533474 0.003126 -0.030758
v 0.530329 -0.000963 -0.063627
v 0.532187 -0.000256 -0.065159
v 0.514828 -0.004142 -0.002287
v 0.503796 -0.008466 -0.002651
v 0.514229 -0.004568 -0.005312
v 0.525169 -0.004392 -0.073042
v 0.526623 -0.003953 -0.075311
v 0.531533 0.002820 -0.018234
v 0.523241 -0.000910 -0.011215
v 0.529723 0.001890 -0.020103
v 0.492770 -0.013018 -0.001962
v 0.503579 -0.008346 0.000582
v 0.524545 -0.000198 -0.008650
v 0.517468 -0.008998 -0.079696
v 0.518321 -0.008918 -0.082485
v 0.535577 0.004153 -0.029721
v 0.508074 -0.014129 -0.083195
v 0.508193 -0.014451 -0.086257
v 0.485107 -0.016761 -0.010866
v 0.493770 -0.012800 -0.005011
v 0.498045 -0.019020 -0.084106
v 0.497379 -0.019724 -0.087239
v 0.481249 -0.023063 -0.071162
v 0.488692 -0.022077 -0.079005
v 0.483085 -0.022117 -0.069194
v 0.487295 -0.023020 -0.081739
v 0.478950 -0.021251 -0.059245
v 0.480952 -0.020436 -0.058141
v 0.482039 -0.019101 -0.022683
v 0.486662 -0.016271 -0.013270
v 0.477865 -0.018538 -0.047186
v 0.483817 -0.018442 -0.024230
v -0.480709 -0.020770 -0.035304
v -0.480684 -0.019994 -0.047444
v -0.478709 -0.020608 -0.047718
v -0.483946 -0.019371 -0.024266
v -0.482546 -0.020144 -0.035886
v -0.482212 -0.019939 -0.022825
v -0.486514 -0.017534 -0.013062
v -0.484970 -0.017966 -0.010791
v -0.493389 -0.014528 -0.004190
v -0.514402 -0.005231 -0.001531
v -0.503406 -0.009980 -0.001692
v -0.503112 -0.009853 0.001421
v -0.482075 -0.025617 -0.072122
v -0.489745 -0.024152 -0.080001
v -0.488441 -0.025073 -0.082685
v -0.492355 -0.014737 -0.001263
v -0.524509 -0.001535 -0.007713
v -0.513917 -0.005677 -0.004440
v -0.499440 -0.020720 -0.084822
v -0.498854 -0.021388 -0.087863
v -0.479720 -0.023844 -0.059869
v -0.483818 -0.024657 -0.070166
v -0.532310 0.000993 -0.017073
v -0.523328 -0.002235 -0.010196
v -0.538775 0.002268 -0.040650
v -0.534855 0.001229 -0.029505
v -0.536890 0.002186 -0.028451
v -0.530591 0.000118 -0.018911
v -0.509825 -0.015900 -0.086431
v -0.509655 -0.015611 -0.083489
v -0.537436 0.000735 -0.052833
v -0.536611 0.001305 -0.040863
v -0.533804 -0.001936 -0.064230
v -0.526791 -0.005937 -0.072457
v -0.531982 -0.002608 -0.062818
v -0.481625 -0.023007 -0.058758
v -0.535363 -0.000122 -0.052206
v -0.528229 -0.005511 -0.074582
v -0.519156 -0.010344 -0.079636
v -0.520028 -0.010244 -0.082293
v -0.474752 0.008817 -0.072818
v -0.511327 0.028083 -0.050533
v -0.512327 0.029228 -0.041438
v -0.477674 0.016533 -0.012035
v -0.472161 0.014123 -0.019149
v -0.470000 0.008411 -0.064933
v -0.508616 0.026090 -0.059041
v -0.485705 0.020179 -0.010032
v -0.468242 0.009735 -0.055786
v -0.504454 0.023421 -0.066769
v -0.494132 0.023629 -0.012236
v -0.498332 0.019887 -0.072526
v -0.501678 0.026389 -0.016850
v -0.490715 0.015665 -0.075614
v -0.507501 0.028275 -0.023838
v -0.468980 0.012030 -0.037448
v -0.467487 0.012150 -0.046715
v -0.510920 0.029166 -0.032332
v -0.470102 0.012650 -0.028132
v -0.482525 0.011568 -0.076684
v 0.489227 0.017294 -0.073830
v 0.505703 0.029485 -0.025812
v 0.469367 0.014003 -0.037641
v 0.481594 0.013571 -0.074523
v 0.508558 0.030426 -0.033921
v 0.470765 0.014011 -0.028953
v 0.509757 0.030428 -0.042512
v 0.472930 0.015663 -0.020611
v 0.474475 0.011245 -0.070641
v 0.508778 0.029288 -0.050988
v 0.478340 0.018305 -0.014326
v 0.470207 0.011214 -0.063174
v 0.506164 0.027314 -0.058937
v 0.485970 0.021603 -0.012530
v 0.468584 0.012494 -0.054762
v 0.502237 0.024705 -0.066103
v 0.493911 0.024570 -0.014555
v 0.467818 0.014409 -0.046250
v 0.496376 0.021199 -0.071167
v 0.500770 0.027355 -0.019047
v -0.488881 0.018801 -0.043745
v 0.488077 0.020429 -0.044014
v 0.198108 -0.018811 -0.028742
v 0.197368 -0.016290 0.003511
v 0.188960 -0.021748 -0.059828
v 0.174420 -0.024298 -0.090417
v 0.154881 -0.026049 -0.118053
v 0.127709 -0.027288 -0.139294
v 0.097113 -0.028642 -0.155874
v 0.064783 -0.030797 -0.165652
v 0.031157 -0.032778 -0.166061
v -0.000857 -0.033208 -0.167005
v -0.192806 -0.023207 -0.036649
v -0.192813 -0.020952 -0.002671
v -0.187055 -0.024634 -0.067696
v -0.172483 -0.026849 -0.095063
v -0.152820 -0.028600 -0.121868
v -0.125648 -0.029517 -0.145187
v -0.092733 -0.030614 -0.158124
v -0.060999 -0.031700 -0.165806
v -0.031237 -0.032498 -0.169945
v 0.197368 -0.016290 0.003511
v 0.189831 -0.013576 0.035484
v 0.178999 -0.010164 0.065075
v 0.161602 -0.007390 0.087460
v 0.139240 -0.005942 0.102738
v 0.116727 -0.004888 0.116106
v 0.092168 -0.004174 0.128169
v 0.063780 -0.003850 0.138384
v 0.032720 -0.003831 0.144264
v 0.000950 -0.004364 0.143937
v -0.192844 -0.021336 -0.002634
v -0.188155 -0.018472 0.031570
v -0.177091 -0.015959 0.063964
v -0.161663 -0.013530 0.091523
v -0.139699 -0.011483 0.110494
v -0.112601 -0.009644 0.121801
v -0.084306 -0.007851 0.130144
v -0.055980 -0.006661 0.134797
v -0.028489 -0.005452 0.139858
v 0.477865 -0.018538 -0.047186
v 0.480060 -0.019112 -0.034990
v 0.482039 -0.019101 -0.022683
v 0.485107 -0.016761 -0.010866
v 0.492770 -0.013018 -0.001962
v 0.503579 -0.008346 0.000582
v 0.514828 -0.004142 -0.002287
v 0.524545 -0.000198 -0.008650
v 0.531533 0.002820 -0.018234
v 0.535577 0.004153 -0.029721
v 0.537276 0.004155 -0.041891
v 0.535889 0.002540 -0.053898
v 0.532187 -0.000256 -0.065159
v 0.526623 -0.003953 -0.075311
v 0.518321 -0.008918 -0.082485
v 0.508193 -0.014451 -0.086257
v 0.497379 -0.019724 -0.087239
v 0.487295 -0.023020 -0.081739
v 0.481249 -0.023063 -0.071162
v 0.478950 -0.021251 -0.059245
v 0.477865 -0.018538 -0.047186
v -0.478709 -0.020608 -0.047718
v -0.480709 -0.020770 -0.035304
v -0.482212 -0.019939 -0.022825
v -0.484970 -0.017966 -0.010791
v -0.492355 -0.014737 -0.001263
v -0.503112 -0.009853 0.001421
v -0.514402 -0.005231 -0.001531
v -0.524509 -0.001535 -0.007713
v -0.532310 0.000993 -0.017073
v -0.536890 0.002186 -0.028451
v -0.538775 0.002268 -0.040650
v -0.537436 0.000735 -0.052833
v -0.533804 -0.001936 -0.064230
v -0.528229 -0.005511 -0.074582
v -0.520028 -0.010244 -0.082293
v -0.509825 -0.015900 -0.086431
v -0.498854 -0.021388 -0.087863
v -0.488441 -0.025073 -0.082685
v -0.482075 -0.025617 -0.072122
v -0.479720 -0.023844 -0.059869
v -0.478709 -0.020608 -0.047718
v -0.336417 0.332312 -0.051155
v -0.316246 0.353146 -0.074077
v -0.334034 0.329813 -0.073660
v -0.308459 0.346387 -0.094307
v -0.326501 0.323657 -0.094413
v -0.297169 0.337289 -0.111775
v -0.314153 0.314024 -0.111383
v -0.281114 0.325330 -0.122656
v -0.297706 0.301881 -0.122099
v -0.278758 0.288620 -0.123896
v -0.262478 0.312243 -0.125931
v -0.260107 0.276097 -0.118942
v -0.243549 0.299783 -0.120902
v -0.244685 0.266542 -0.105028
v -0.227508 0.289896 -0.107218
v -0.234835 0.261399 -0.084940
v -0.217488 0.285057 -0.086614
v -0.226653 0.257360 -0.063997
v -0.211137 0.282492 -0.064681
v -0.219898 0.254070 -0.042647
v -0.332469 0.330396 -0.028616
v -0.318130 0.355261 -0.051866
v -0.324701 0.325781 -0.007847
v -0.314630 0.353567 -0.029922
v -0.312087 0.317150 0.008701
v -0.306356 0.348578 -0.009625
v -0.297063 0.306300 0.021251
v -0.294353 0.340607 0.007658
v -0.279445 0.293167 0.026369
v -0.278850 0.329466 0.019400
v -0.261194 0.280109 0.027105
v -0.261798 0.316707 0.026876
v -0.231294 0.296186 0.013229
v -0.244452 0.304347 0.029181
v -0.233178 0.262609 -0.002715
v -0.246254 0.270662 0.013823
v -0.221615 0.255542 -0.020658
v -0.218233 0.288178 -0.003318
v -0.204500 0.279509 -0.043197
v -0.206687 0.281174 -0.020999
v 0.335283 0.333466 -0.051270
v 0.315527 0.354673 -0.073868
v 0.317281 0.356551 -0.051829
v 0.334867 0.332678 -0.074080
v 0.308179 0.348390 -0.094298
v 0.326546 0.325798 -0.094440
v 0.296623 0.338937 -0.111422
v 0.297008 0.303328 -0.120599
v 0.313558 0.315645 -0.110471
v 0.278327 0.290156 -0.123893
v 0.280653 0.327000 -0.122395
v 0.259474 0.277762 -0.119241
v 0.262072 0.314012 -0.126589
v 0.244055 0.268627 -0.105468
v 0.242915 0.301415 -0.122052
v 0.234716 0.264120 -0.085487
v 0.225979 0.291349 -0.108890
v 0.228946 0.261481 -0.063897
v 0.215473 0.286374 -0.088032
v 0.223606 0.258603 -0.042231
v 0.210467 0.284530 -0.065270
v 0.330289 0.330657 -0.029051
v 0.313534 0.354819 -0.029736
v 0.321971 0.325766 -0.008282
v 0.291840 0.341035 0.006778
v 0.310497 0.318621 0.009983
v 0.294789 0.307783 0.021830
v 0.277033 0.330975 0.020373
v 0.277347 0.295324 0.028697
v 0.243516 0.307352 0.032783
v 0.259197 0.282583 0.031701
v 0.230138 0.298754 0.016873
v 0.244162 0.272851 0.019091
v 0.233354 0.265794 0.000702
v 0.217813 0.290901 0.000236
v 0.226499 0.261119 -0.020107
v 0.211736 0.286889 -0.021125
v 0.223606 0.258603 -0.042231
v -0.335760 0.331532 -0.051170
v -0.315489 0.352560 -0.073786
v -0.317343 0.354644 -0.051887
v -0.333404 0.329061 -0.073365
v -0.307797 0.345881 -0.093754
v -0.325967 0.322990 -0.093860
v -0.296664 0.336924 -0.110993
v -0.313770 0.313496 -0.110597
v -0.280856 0.325182 -0.121702
v -0.278886 0.288530 -0.122885
v -0.297566 0.301568 -0.121140
v -0.260529 0.276223 -0.118022
v -0.262491 0.312321 -0.124934
v -0.245393 0.266858 -0.104361
v -0.243854 0.300078 -0.119996
v -0.235691 0.261774 -0.084518
v -0.228097 0.290380 -0.106571
v -0.227551 0.257699 -0.063657
v -0.218222 0.285600 -0.086205
v -0.220857 0.254404 -0.042533
v -0.211925 0.283010 -0.064347
v -0.331854 0.329630 -0.028903
v -0.313888 0.352966 -0.030219
v -0.324186 0.325078 -0.008373
v -0.305711 0.348038 -0.010165
v -0.311719 0.316553 0.007954
v -0.293859 0.340177 0.006902
v -0.296883 0.305856 0.020355
v -0.278540 0.329187 0.018491
v -0.279424 0.292902 0.025381
v -0.261653 0.316611 0.025891
v -0.261568 0.280137 0.026144
v -0.231889 0.296551 0.012513
v -0.246955 0.270847 0.013111
v -0.218900 0.288555 -0.003961
v -0.233951 0.262804 -0.003354
v -0.222524 0.255826 -0.021027
v -0.205350 0.280024 -0.043089
v -0.220857 0.254404 -0.042533
v 0.334609 0.332708 -0.051337
v 0.314788 0.354054 -0.073602
v 0.334247 0.331924 -0.073814
v 0.307541 0.347877 -0.093724
v 0.326021 0.325146 -0.093866
v 0.296125 0.338598 -0.110624
v 0.313164 0.315163 -0.109667
v 0.296816 0.303050 -0.119641
v 0.280360 0.326868 -0.121448
v 0.278394 0.290091 -0.122880
v 0.262038 0.314094 -0.125593
v 0.259847 0.277929 -0.118313
v 0.243187 0.301729 -0.121142
v 0.244716 0.269013 -0.104798
v 0.226532 0.291876 -0.108245
v 0.235533 0.264605 -0.085117
v 0.216173 0.286997 -0.087682
v 0.229815 0.261951 -0.063656
v 0.211223 0.285142 -0.065038
v 0.224534 0.259022 -0.042229
v 0.329634 0.329945 -0.029377
v 0.316496 0.355935 -0.051901
v 0.321424 0.325090 -0.008813
v 0.312776 0.354256 -0.030067
v 0.291344 0.340569 0.006045
v 0.303966 0.348904 -0.010366
v 0.294554 0.307323 0.020955
v 0.310116 0.318017 0.009271
v 0.277241 0.295038 0.027726
v 0.276690 0.330660 0.019489
v 0.243741 0.307489 0.031818
v 0.260119 0.318821 0.028447
v 0.259536 0.282576 0.030735
v 0.230771 0.299098 0.016179
v 0.234212 0.266066 0.000218
v 0.244881 0.273035 0.018411
v 0.227410 0.261456 -0.020389
v 0.218575 0.291327 -0.000251
v 0.224534 0.259022 -0.042229
v 0.212555 0.287385 -0.021412
v -0.297169 0.337289 -0.111775
v -0.281114 0.325330 -0.122656
v 0.280653 0.327000 -0.122395
v 0.317281 0.356551 -0.051829
v 0.313534 0.354819 -0.029736
v 0.211736 0.286889 -0.021125
v -0.308459 0.346387 -0.094307
v -0.261798 0.316707 0.026876
v -0.244702 0.304544 0.028233
v 0.315527 0.354673 -0.073868
v 0.262072 0.314012 -0.126589
v 0.277033 0.330975 0.020373
v 0.260328 0.318960 0.029415
v 0.207396 0.283496 -0.042829
v 0.206573 0.282927 -0.042825
v -0.204500 0.279509 -0.043197
v -0.207489 0.281640 -0.021371
v -0.206687 0.281174 -0.020999
v -0.278850 0.329466 0.019400
v -0.294353 0.340607 0.007658
v -0.262478 0.312243 -0.125931
v -0.243549 0.299783 -0.120902
v 0.308179 0.348390 -0.094298
v 0.230138 0.298754 0.016873
v -0.318130 0.355261 -0.051866
v -0.316246 0.353146 -0.074077
v -0.306356 0.348578 -0.009625
v 0.215473 0.286374 -0.088032
v 0.225979 0.291349 -0.108890
v 0.210467 0.284530 -0.065270
v 0.291840 0.341035 0.006778
v -0.218233 0.288178 -0.003318
v -0.231294 0.296186 0.013229
v -0.211137 0.282492 -0.064681
v -0.227508 0.289896 -0.107218
v 0.296623 0.338937 -0.111422
v 0.243516 0.307352 0.032783
v 0.217813 0.290901 0.000236
v -0.217488 0.285057 -0.086614
v -0.205350 0.280024 -0.043089
v -0.204500 0.279509 -0.043197
v -0.314630 0.353567 -0.029922
v -0.244452 0.304347 0.029181
v 0.242915 0.301415 -0.122052
v 0.207396 0.283496 -0.042829
v 0.304621 0.349433 -0.009827
v 0.226590 0.260960 -0.020101
v 0.233450 0.265639 0.000705
v 0.244248 0.272691 0.019105
v 0.259294 0.282431 0.031695
v 0.277452 0.295179 0.028693
v 0.294898 0.307640 0.021839
v 0.310612 0.318483 0.010003
v 0.322078 0.325620 -0.008273
v 0.330392 0.330508 -0.029047
v 0.335394 0.333324 -0.051267
v 0.229060 0.261339 -0.063889
v 0.223711 0.258453 -0.042227
v 0.234834 0.263983 -0.085471
v 0.244166 0.268487 -0.105447
v 0.278427 0.290009 -0.123876
v 0.259576 0.277616 -0.119224
v 0.297109 0.303182 -0.120588
v 0.313662 0.315501 -0.110465
v 0.326659 0.325659 -0.094441
v 0.334986 0.332543 -0.074081
v -0.220007 0.253889 -0.042643
v -0.233284 0.262428 -0.002711
v -0.221721 0.255360 -0.020656
v -0.246360 0.270481 0.013827
v -0.279570 0.293000 0.026365
v -0.261312 0.279937 0.027090
v -0.312213 0.316983 0.008709
v -0.297193 0.306135 0.021264
v -0.332596 0.330231 -0.028607
v -0.324831 0.325619 -0.007834
v -0.226764 0.257181 -0.063992
v -0.234958 0.261231 -0.084928
v -0.244807 0.266376 -0.105012
v -0.260225 0.275928 -0.118929
v -0.278873 0.288452 -0.123882
v -0.297824 0.301715 -0.122095
v -0.314273 0.313859 -0.111380
v -0.326629 0.323496 -0.094414
v -0.334160 0.329647 -0.073657
v -0.336547 0.332149 -0.051150
v 0.223711 0.258453 -0.042227
v 0.226590 0.260960 -0.020101
v 0.233450 0.265639 0.000705
v 0.244248 0.272691 0.019105
v 0.259294 0.282431 0.031695
v 0.277452 0.295179 0.028693
v 0.294898 0.307640 0.021839
v 0.310612 0.318483 0.010003
v 0.322078 0.325620 -0.008273
v 0.330392 0.330508 -0.029047
v 0.335394 0.333324 -0.051267
v 0.223711 0.258453 -0.042227
v 0.229060 0.261339 -0.063889
v 0.234834 0.263983 -0.085471
v 0.244166 0.268487 -0.105447
v 0.259576 0.277616 -0.119224
v 0.278427 0.290009 -0.123876
v 0.297109 0.303182 -0.120588
v 0.313662 0.315501 -0.110465
v 0.326659 0.325659 -0.094441
v 0.334986 0.332543 -0.074081
v -0.221721 0.255360 -0.020656
v -0.219898 0.254070 -0.042647
v -0.233284 0.262428 -0.002711
v -0.246360 0.270481 0.013827
v -0.261312 0.279937 0.027090
v -0.279570 0.293000 0.026365
v -0.297193 0.306135 0.021264
v -0.312213 0.316983 0.008709
v -0.324831 0.325619 -0.007834
v -0.332596 0.330231 -0.028607
v -0.336547 0.332149 -0.051150
v -0.220007 0.253889 -0.042643
v -0.226764 0.257181 -0.063992
v -0.234958 0.261231 -0.084928
v -0.244807 0.266376 -0.105012
v -0.260225 0.275928 -0.118929
v -0.278873 0.288452 -0.123882
v -0.297824 0.301715 -0.122095
v -0.314273 0.313859 -0.111380
v -0.326629 0.323496 -0.094414
v -0.334160 0.329647 -0.073657
v -0.114020 0.020273 0.120027
v -0.190405 0.008110 -0.005446
v 0.198062 0.013514 0.000502
v -0.204500 0.279509 -0.043197
v -0.204500 0.279509 -0.043197
v -0.075762 0.565596 -0.048009
v 0.074538 0.566112 -0.048133
v -0.082551 0.561165 -0.047122
v 0.174289 0.005602 -0.092637
v 0.195823 0.011048 -0.030730
v 0.206573 0.282927 -0.042825
v 0.189623 0.329430 -0.040522
v 0.206573 0.282927 -0.042825
v 0.206573 0.282927 -0.042825
v -0.192844 -0.021336 -0.002634
v 0.477865 -0.018538 -0.047186
v 0.477766 -0.018451 -0.047197
v 0.478871 -0.021152 -0.059254
v -0.204500 0.279509 -0.043197
v 0.206573 0.282927 -0.042825
v 0.304621 0.349433 -0.009827
v 0.260328 0.318960 0.029415
v 0.206573 0.282927 -0.042825
v 0.206573 0.282927 -0.042825
v 0.223711 0.258453 -0.042227
v -0.220007 0.253889 -0.042643
v -0.220007 0.253889 -0.042643
vn -0.0869 0.1394 0.9864
vn -0.1488 0.1346 0.9797
vn -0.1435 0.1512 0.9780
vn -0.1048 0.1164 0.9877
vn -0.1361 0.1278 0.9824
vn -0.1478 0.0929 0.9847
vn -0.1884 0.0721 0.9794
vn -0.3709 0.0922 0.9241
vn -0.3579 0.0393 0.9329
vn -0.6340 0.1365 0.7612
vn -0.5923 0.0778 0.8019
vn -0.8223 0.1636 0.5451
vn -0.8020 0.1246 0.5841
vn -0.9129 0.1688 0.3717
vn -0.9133 0.1293 0.3862
vn -0.9599 0.1776 0.2170
vn -0.9679 0.1098 0.2262
vn -0.9835 0.1762 0.0413
vn -0.9937 0.0932 0.0616
vn -0.1013 0.1312 0.9862
vn -0.1230 0.1358 0.9831
vn -0.0760 0.0894 0.9931
vn -0.1576 0.0891 0.9835
vn -0.4151 0.1549 0.8965
vn -0.6676 0.2213 0.7109
vn -0.8270 0.2337 0.5113
vn -0.9565 0.2174 0.1945
vn -0.9767 0.2136 0.0202
vn -0.1084 0.1353 0.9849
vn -0.1075 0.0888 0.9902
vn -0.0477 0.0687 0.9965
vn -0.1955 0.0946 0.9761
vn -0.4789 0.1783 0.8596
vn -0.6985 0.2347 0.6761
vn -0.8277 0.2319 0.5110
vn -0.9117 0.2154 0.3499
vn -0.9126 0.2009 0.3562
vn -0.9951 0.0938 0.0304
vn -0.1213 0.0751 0.9898
vn -0.1110 0.0196 0.9936
vn -0.0565 0.0216 0.9982
vn -0.2523 0.0789 0.9644
vn -0.5359 0.1550 0.8299
vn -0.7261 0.1822 0.6631
vn -0.8296 0.1813 0.5281
vn -0.9078 0.1454 0.3934
vn -0.9644 0.1557 0.2138
vn -0.9989 0.0114 0.0458
vn -0.1163 0.0336 0.9926
vn -0.0813 -0.0115 0.9966
vn -0.0869 -0.0163 0.9961
vn -0.3187 0.0406 0.9470
vn -0.5788 0.0817 0.8114
vn -0.7453 0.0949 0.6599
vn -0.8383 0.1140 0.5332
vn -0.8983 0.1115 0.4249
vn -0.9401 0.0705 0.3335
vn -0.9550 0.0858 0.2839
vn -0.9993 0.0070 0.0361
vn -0.0795 0.0452 0.9958
vn -0.0353 -0.0437 0.9984
vn -0.1234 -0.0407 0.9915
vn -0.3683 -0.0018 0.9297
vn -0.5948 0.0002 0.8039
vn -0.7652 -0.0021 0.6437
vn -0.8602 0.0408 0.5083
vn -0.9004 0.0757 0.4284
vn -0.9286 0.0652 0.3654
vn -0.9996 0.0274 -0.0065
vn -0.0148 0.0263 0.9995
vn -0.0161 -0.0399 0.9991
vn -0.1577 -0.0136 0.9874
vn -0.3948 -0.0103 0.9187
vn -0.5974 -0.0175 0.8018
vn -0.7781 -0.0249 0.6276
vn -0.8867 -0.0177 0.4619
vn -0.9160 0.0253 0.4004
vn -0.9274 0.0555 0.3699
vn -0.9994 0.0237 -0.0258
vn 0.0324 -0.0148 0.9994
vn -0.0399 0.0462 0.9981
vn -0.1888 0.0644 0.9799
vn -0.3968 0.0486 0.9166
vn -0.6091 0.0260 0.7927
vn -0.7861 0.0202 0.6178
vn -0.8913 -0.0035 0.4535
vn -0.9279 -0.0170 0.3725
vn -0.9420 0.0187 0.3351
vn -0.9993 0.0101 0.0360
vn 0.0264 0.0311 0.9992
vn -0.0514 0.0997 0.9937
vn -0.1838 0.0769 0.9799
vn -0.3810 0.0324 0.9240
vn -0.6046 -0.0074 0.7965
vn -0.7837 -0.0272 0.6205
vn -0.8813 -0.0422 0.4707
vn -0.9287 -0.0425 0.3683
vn -0.9878 -0.0634 0.1420
vn 0.0041 0.0867 0.9962
vn -0.0357 0.0354 0.9987
vn -0.1412 -0.0100 0.9899
vn -0.3305 -0.0727 0.9410
vn -0.5687 -0.1466 0.8094
vn -0.7679 -0.1860 0.6130
vn -0.8812 -0.1599 0.4449
vn -0.9304 -0.1102 0.3495
vn -0.9548 -0.0376 0.2948
vn -0.9497 -0.0973 0.2977
vn 0.0008 0.0477 0.9989
vn -0.0031 0.0133 0.9999
vn -0.1038 -0.0310 0.9941
vn -0.2883 -0.0681 0.9551
vn -0.5241 -0.1532 0.8378
vn -0.7475 -0.2406 0.6191
vn -0.8782 -0.2626 0.3997
vn -0.9158 -0.2541 0.3110
vn -0.9189 -0.2666 0.2907
vn -0.9672 -0.1169 0.2255
vn 0.9186 -0.2759 0.2829
vn 0.9675 -0.1087 0.2283
vn 0.8877 -0.4105 0.2085
vn 0.9495 -0.1010 0.2969
vn 0.9828 -0.0583 0.1753
vn 0.9584 0.0142 0.2849
vn 0.9871 -0.0735 0.1422
vn 0.9794 0.0225 0.2008
vn 0.9824 -0.0583 0.1773
vn 0.9935 0.0290 0.1098
vn 0.9889 -0.0734 0.1295
vn 0.9959 0.0700 0.0575
vn 0.9975 0.0632 0.0326
vn 0.9788 0.1843 0.0890
vn 0.9832 0.1699 -0.0665
vn 0.9509 0.2699 -0.1513
vn 0.9593 0.2244 0.1712
vn 0.9533 0.2879 -0.0912
vn 0.9395 0.2364 0.2478
vn 0.9823 0.1867 0.0170
vn 0.9442 0.1658 0.2845
vn 0.9937 0.0524 0.0994
vn 0.9309 -0.1328 0.3402
vn 0.9534 -0.0340 0.2999
vn 0.9251 0.0325 0.3783
vn 0.9168 0.0925 0.3884
vn 0.9192 0.0907 0.3833
vn 0.9195 0.0897 0.3826
vn 0.9055 0.1431 0.3995
vn 0.8892 0.1966 0.4132
vn 0.8719 0.2502 0.4209
vn 0.8762 0.0925 0.4730
vn 0.9542 0.0680 0.2914
vn 0.9155 -0.2689 0.2993
vn 0.8832 -0.1889 0.4294
vn 0.8855 -0.0539 0.4615
vn 0.9274 -0.0362 0.3722
vn 0.8632 0.0502 0.5024
vn 0.8250 0.0808 0.5593
vn 0.8019 0.1013 0.5888
vn 0.7914 0.1609 0.5898
vn 0.7873 0.2144 0.5781
vn 0.7687 0.2211 0.6002
vn 0.7292 0.1712 0.6626
vn 0.8730 0.1940 0.4474
vn 0.7064 0.0993 0.7008
vn 0.8763 -0.2640 0.4031
vn 0.7626 -0.2079 0.6126
vn 0.7816 -0.0500 0.6217
vn 0.7846 0.0087 0.6200
vn 0.8874 0.0053 0.4610
vn 0.7552 -0.0022 0.6555
vn 0.7146 0.0249 0.6990
vn 0.6811 0.0734 0.7285
vn 0.6499 0.1466 0.7458
vn 0.6192 0.2097 0.7567
vn 0.6103 0.1848 0.7703
vn 0.5868 0.1172 0.8012
vn 0.5534 0.0785 0.8292
vn 0.7441 -0.2165 0.6321
vn 0.5616 -0.1631 0.8112
vn 0.6018 -0.0362 0.7978
vn 0.5960 -0.0083 0.8029
vn 0.5571 -0.0483 0.8291
vn 0.5329 -0.0052 0.8461
vn 0.5206 0.0478 0.8524
vn 0.4881 0.1109 0.8657
vn 0.4510 0.1861 0.8729
vn 0.4457 0.1863 0.8756
vn 0.4653 0.1077 0.8786
vn 0.4690 0.0674 0.8806
vn 0.5168 -0.1159 0.8482
vn 0.3142 -0.0863 0.9454
vn 0.3740 0.0015 0.9274
vn 0.3857 -0.0186 0.9224
vn 0.3831 -0.0695 0.9211
vn 0.4009 -0.0071 0.9161
vn 0.4159 0.0382 0.9086
vn 0.4022 0.0721 0.9127
vn 0.3629 0.1551 0.9188
vn 0.3392 0.1900 0.9213
vn 0.3482 0.1282 0.9286
vn 0.3682 0.0866 0.9257
vn 0.1010 -0.0220 0.9946
vn 0.2806 -0.0466 0.9587
vn 0.1410 -0.0211 0.9898
vn 0.2099 -0.0028 0.9777
vn 0.2397 -0.0431 0.9699
vn 0.2837 0.0244 0.9586
vn 0.3135 0.0550 0.9480
vn 0.3182 0.0517 0.9466
vn 0.2903 0.1112 0.9505
vn 0.2513 0.1693 0.9530
vn 0.2380 0.1318 0.9623
vn 0.0069 0.0133 0.9999
vn 0.0435 0.0332 0.9985
vn 0.1933 0.0489 0.9799
vn 0.0796 0.0195 0.9966
vn 0.0979 -0.0102 0.9951
vn 0.1101 0.0550 0.9924
vn 0.1143 0.0699 0.9910
vn 0.1127 0.0462 0.9926
vn 0.0982 0.0764 0.9922
vn 0.0736 0.1367 0.9879
vn 0.0624 0.1261 0.9901
vn 0.2440 0.1105 0.9635
vn 0.0018 0.0308 0.9995
vn 0.0672 0.0777 0.9947
vn 0.0694 0.1254 0.9897
vn -0.3129 0.9145 0.2567
vn -0.2837 0.9557 0.0779
vn -0.5173 0.8531 -0.0683
vn -0.2698 0.9295 0.2515
vn -0.3499 0.9249 0.1488
vn -0.3815 0.8876 0.2581
vn -0.4456 0.8901 -0.0957
vn -0.4564 0.8527 0.2544
vn -0.5124 0.8586 0.0134
vn -0.2696 0.8366 0.4769
vn -0.3218 0.8500 0.4170
vn -0.4009 0.8272 0.3939
vn -0.4337 0.8090 0.3967
vn -0.5019 0.8282 0.2495
vn -0.3646 0.7554 0.5444
vn -0.3895 0.7924 0.4694
vn -0.4055 0.7958 0.4498
vn -0.3933 0.7939 0.4637
vn -0.4566 0.7833 0.4219
vn -0.4270 0.6923 0.5817
vn -0.3991 0.7462 0.5328
vn -0.3707 0.7769 0.5090
vn -0.3403 0.7928 0.5056
vn -0.3821 0.7820 0.4925
vn -0.3787 0.6355 0.6729
vn -0.3500 0.6857 0.6383
vn -0.3150 0.7321 0.6039
vn -0.2752 0.7711 0.5742
vn -0.3106 0.7962 0.5193
vn -0.2924 0.5532 0.7801
vn -0.2745 0.6121 0.7416
vn -0.2784 0.6560 0.7016
vn -0.2870 0.6932 0.6611
vn -0.2595 0.7909 0.5541
vn -0.2135 0.4336 0.8754
vn -0.2413 0.4495 0.8601
vn -0.2379 0.5132 0.8247
vn -0.2080 0.6087 0.7656
vn -0.2720 0.7375 0.6181
vn -0.0772 0.3845 0.9199
vn -0.0650 0.4411 0.8951
vn -0.0575 0.5164 0.8544
vn -0.1963 0.6646 0.7210
vn -0.0732 0.3685 0.9267
vn 0.0025 0.3614 0.9324
vn 0.0045 0.3991 0.9169
vn 0.0049 0.4778 0.8785
vn 0.0021 0.5534 0.8329
vn -0.0585 0.5773 0.8144
vn 0.0532 0.5238 0.8502
vn 0.0545 0.5716 0.8187
vn 0.1783 0.6651 0.7251
vn 0.1922 0.6196 0.7610
vn 0.2663 0.7469 0.6093
vn 0.2723 0.7125 0.6466
vn 0.2524 0.7955 0.5509
vn 0.2693 0.7784 0.5671
vn 0.3084 0.7901 0.5297
vn 0.3465 0.7870 0.5104
vn 0.3898 0.7699 0.5052
vn 0.4003 0.7848 0.4730
vn 0.4623 0.7829 0.4163
vn 0.4398 0.8060 0.3962
vn 0.5078 0.8276 0.2394
vn 0.4573 0.8531 0.2512
vn 0.5119 0.8590 0.0131
vn 0.0569 0.4546 0.8889
vn 0.2138 0.5479 0.8088
vn 0.2700 0.6763 0.6854
vn 0.3046 0.7468 0.5912
vn 0.3658 0.7819 0.5047
vn 0.3930 0.8003 0.4529
vn 0.3966 0.8318 0.3885
vn 0.3828 0.8886 0.2528
vn 0.4568 0.8887 0.0389
vn 0.0669 0.3940 0.9167
vn 0.2241 0.4787 0.8489
vn 0.2663 0.6369 0.7235
vn 0.3395 0.7055 0.6221
vn 0.3780 0.7642 0.5226
vn 0.3643 0.8121 0.4558
vn 0.3179 0.8640 0.3905
vn 0.2710 0.9321 0.2405
vn 0.3528 0.9355 0.0190
vn 0.0638 0.3757 0.9245
vn 0.2048 0.4415 0.8736
vn 0.2776 0.5849 0.7621
vn 0.3666 0.6577 0.6581
vn 0.3903 0.7196 0.5742
vn 0.3420 0.7873 0.5131
vn 0.2752 0.8537 0.4421
vn 0.3088 0.9176 0.2501
vn 0.2935 0.9554 -0.0334
vn 0.0002 0.3742 0.9273
vn 0.0379 0.3884 0.9207
vn 0.1397 0.4112 0.9008
vn 0.2432 0.4662 0.8506
vn 0.3359 0.5361 0.7745
vn 0.3966 0.5947 0.6994
vn 0.3780 0.6453 0.6639
vn 0.3376 0.6964 0.6332
vn 0.3150 0.7540 0.5764
vn 0.4662 0.7984 0.3810
vn 0.5079 0.8587 -0.0680
vn -0.0000 0.4024 0.9154
vn 0.0183 0.4269 0.9041
vn 0.1014 0.4339 0.8952
vn 0.1979 0.4479 0.8719
vn 0.2825 0.4785 0.8314
vn 0.3661 0.5251 0.7683
vn 0.3811 0.5644 0.7323
vn 0.3424 0.6092 0.7153
vn 0.2940 0.6704 0.6812
vn 0.3990 0.6757 0.6199
vn -0.0006 0.4391 0.8985
vn 0.0091 0.4370 0.8994
vn 0.0773 0.4515 0.8889
vn 0.1689 0.4636 0.8698
vn 0.2384 0.4758 0.8466
vn 0.3226 0.4958 0.8063
vn 0.3652 0.5201 0.7720
vn 0.3509 0.5338 0.7694
vn 0.3520 0.4983 0.7924
vn 0.4018 0.4876 0.7751
vn 0.0002 0.4273 0.9041
vn 0.0046 0.4117 0.9113
vn 0.0654 0.4342 0.8985
vn 0.1548 0.4481 0.8805
vn 0.2256 0.4585 0.8596
vn 0.3038 0.4634 0.8324
vn 0.3743 0.4617 0.8042
vn 0.4150 0.4359 0.7986
vn 0.4773 0.3920 0.7864
vn 0.4862 0.3115 0.8165
vn 0.0015 0.3994 0.9168
vn -0.0032 0.3852 0.9228
vn 0.0535 0.4096 0.9107
vn 0.1492 0.4250 0.8928
vn 0.2240 0.4279 0.8756
vn 0.3038 0.4240 0.8532
vn 0.4008 0.4137 0.8174
vn 0.4853 0.3657 0.7942
vn 0.5266 0.2885 0.7996
vn 0.5278 0.2642 0.8072
vn 0.0021 0.3718 0.9283
vn -0.0053 0.3394 0.9406
vn 0.0422 0.3610 0.9316
vn 0.1503 0.3802 0.9126
vn 0.2320 0.3849 0.8933
vn 0.3274 0.3710 0.8690
vn 0.4375 0.3407 0.8322
vn 0.5638 0.2798 0.7771
vn 0.6405 0.1704 0.7488
vn 0.5917 0.0653 0.8035
vn 0.0014 0.3267 0.9451
vn -0.0098 0.2730 0.9620
vn 0.0438 0.2884 0.9565
vn 0.1552 0.3064 0.9392
vn 0.2634 0.3021 0.9162
vn 0.3843 0.2632 0.8849
vn 0.5350 0.1802 0.8254
vn 0.6923 0.0445 0.7203
vn 0.7707 -0.1440 0.6207
vn 0.0024 0.1839 0.9829
vn 0.0010 0.2629 0.9648
vn -0.0102 0.1867 0.9824
vn 0.0486 0.1982 0.9790
vn 0.1759 0.2110 0.9615
vn 0.3207 0.1869 0.9286
vn 0.4881 0.1099 0.8658
vn 0.6790 -0.0326 0.7334
vn 0.8175 -0.2073 0.5373
vn 0.8313 -0.3803 0.4053
vn 0.4732 -0.3597 0.8041
vn 0.0013 0.0965 0.9953
vn -0.0084 0.0976 0.9952
vn 0.0632 0.0938 0.9936
vn 0.2184 0.0888 0.9718
vn 0.4037 0.0402 0.9140
vn 0.6244 -0.0788 0.7771
vn 0.8024 -0.2255 0.5525
vn 0.8811 -0.3150 0.3527
vn 0.8629 -0.4005 0.3082
vn 0.3032 -0.7366 0.6045
vn 0.5773 -0.7322 0.3615
vn 0.0074 0.0847 0.9964
vn -0.0649 0.0686 0.9955
vn -0.2233 0.0490 0.9735
vn -0.4138 -0.0088 0.9103
vn -0.6378 -0.1252 0.7600
vn -0.8129 -0.2364 0.5322
vn -0.8887 -0.2961 0.3499
vn -0.8567 -0.4003 0.3255
vn -0.5538 -0.7478 0.3661
vn -0.8845 -0.4233 0.1962
vn 0.0086 0.1761 0.9843
vn -0.0538 0.1819 0.9818
vn -0.1832 0.1834 0.9658
vn -0.3353 0.1478 0.9304
vn -0.5102 0.0681 0.8573
vn -0.7047 -0.0733 0.7057
vn -0.8304 -0.2278 0.5085
vn -0.8191 -0.3937 0.4172
vn -0.2733 -0.7266 0.6304
vn 0.0104 0.2675 0.9635
vn -0.0535 0.2727 0.9606
vn -0.1642 0.2867 0.9438
vn -0.2780 0.2746 0.9205
vn -0.4071 0.2269 0.8847
vn -0.5626 0.1331 0.8159
vn -0.7198 -0.0134 0.6941
vn -0.7705 -0.1909 0.6081
vn -0.4986 -0.3492 0.7934
vn -0.0514 0.3540 0.9338
vn -0.1621 0.3654 0.9166
vn -0.2448 0.3673 0.8973
vn -0.3474 0.3456 0.8717
vn -0.4602 0.3089 0.8323
vn -0.5907 0.2355 0.7718
vn -0.6659 0.1114 0.7377
vn -0.6247 0.0278 0.7804
vn 0.0045 0.3329 0.9430
vn 0.0008 0.3839 0.9234
vn -0.0647 0.4066 0.9113
vn -0.1602 0.4201 0.8932
vn -0.2340 0.4186 0.8775
vn -0.3192 0.4118 0.8536
vn -0.4149 0.3951 0.8196
vn -0.4970 0.3449 0.7963
vn -0.5568 0.2349 0.7967
vn -0.0088 0.4126 0.9109
vn -0.0780 0.4359 0.8966
vn -0.1640 0.4471 0.8793
vn -0.2353 0.4568 0.8579
vn -0.3156 0.4600 0.8299
vn -0.3888 0.4600 0.7982
vn -0.3871 0.4443 0.8080
vn -0.3890 0.4107 0.8247
vn -0.5775 0.1391 0.8044
vn -0.0166 0.4379 0.8989
vn -0.0916 0.4535 0.8865
vn -0.1780 0.4650 0.8672
vn -0.2483 0.4767 0.8432
vn -0.3347 0.4944 0.8022
vn -0.3935 0.5182 0.7594
vn -0.3713 0.5513 0.7471
vn -0.3182 0.5828 0.7477
vn -0.5035 0.3682 0.7816
vn -0.0273 0.4285 0.9031
vn -0.1155 0.4356 0.8927
vn -0.2075 0.4485 0.8694
vn -0.2912 0.4747 0.8306
vn -0.3799 0.5146 0.7687
vn -0.4015 0.5512 0.7314
vn -0.3687 0.5701 0.7342
vn -0.3228 0.5980 0.7337
vn -0.4003 0.5351 0.7439
vn -0.0458 0.3889 0.9201
vn -0.1532 0.4098 0.8992
vn -0.2508 0.4561 0.8538
vn -0.3456 0.5167 0.7833
vn -0.4225 0.5760 0.6998
vn -0.3971 0.6374 0.6603
vn -0.3161 0.6939 0.6469
vn -0.2993 0.7483 0.5920
vn -0.3999 0.6254 0.6701
vn -0.4739 0.7924 0.3840
vn 0.0798 0.0019 -0.9968
vn 0.0702 0.1030 -0.9922
vn 0.0650 0.0129 -0.9978
vn 0.2518 0.1296 -0.9591
vn 0.2232 0.0756 -0.9718
vn 0.4388 0.2315 -0.8683
vn 0.3921 0.1527 -0.9072
vn 0.4221 0.2784 -0.8627
vn 0.4639 0.1351 -0.8755
vn 0.5565 0.2403 -0.7953
vn 0.6608 0.0435 -0.7493
vn 0.8638 0.1557 -0.4791
vn 0.8847 0.0200 -0.4657
vn 0.9334 0.1956 -0.3009
vn 0.9322 0.1095 -0.3448
vn 0.9347 0.2274 -0.2731
vn 0.9724 0.1038 -0.2090
vn 0.9823 0.1867 0.0169
vn 0.9937 0.0524 0.0993
vn 0.0466 0.1400 -0.9891
vn 0.0658 0.1616 -0.9847
vn 0.3193 0.2328 -0.9186
vn 0.4019 0.3541 -0.8445
vn 0.4315 0.3345 -0.8378
vn 0.7767 0.2652 -0.5714
vn 0.9380 0.1666 -0.3039
vn 0.9361 0.2522 -0.2452
vn 0.9533 0.2879 -0.0913
vn -0.0190 0.2373 -0.9713
vn 0.0404 0.0844 -0.9956
vn 0.3839 0.0623 -0.9213
vn 0.4839 0.3283 -0.8112
vn 0.4959 0.1514 -0.8551
vn 0.4061 0.2506 -0.8788
vn 0.6605 0.2415 -0.7109
vn 0.9335 0.0535 -0.3546
vn -0.0941 0.1226 -0.9880
vn -0.0193 -0.0143 -0.9997
vn 0.5652 -0.1658 -0.8081
vn 0.5751 0.0651 -0.8155
vn 0.5969 -0.1851 -0.7807
vn 0.5375 -0.1119 -0.8358
vn 0.6117 -0.0068 -0.7910
vn 0.9185 -0.0465 -0.3927
vn 0.9806 0.1735 -0.0913
vn -0.1322 0.0198 -0.9910
vn -0.0515 0.0103 -0.9986
vn 0.2353 -0.0484 -0.9707
vn 0.3413 -0.0716 -0.9372
vn 0.5717 -0.2744 -0.7732
vn 0.6311 -0.2394 -0.7378
vn 0.6777 -0.0539 -0.7334
vn 0.9247 0.0398 -0.3785
vn 0.9990 0.0150 0.0411
vn 0.9961 -0.0187 0.0858
vn -0.1356 0.0026 -0.9908
vn -0.0489 0.0177 -0.9986
vn 0.1528 0.0110 -0.9882
vn 0.3559 -0.0628 -0.9324
vn 0.4532 -0.1937 -0.8701
vn 0.5133 -0.1726 -0.8407
vn 0.7164 -0.1881 -0.6718
vn 0.7828 -0.0281 -0.6217
vn 0.8817 0.0889 -0.4633
vn 0.9888 -0.0734 0.1296
vn 0.9975 0.0632 0.0327
vn -0.1172 0.0018 -0.9931
vn -0.0419 0.0258 -0.9988
vn 0.1253 0.0188 -0.9919
vn 0.2928 -0.0216 -0.9559
vn 0.4548 -0.0606 -0.8885
vn 0.7393 -0.0772 -0.6689
vn 0.8512 -0.1370 -0.5066
vn 0.8441 -0.0769 -0.5306
vn 0.9951 -0.0988 0.0025
vn -0.0858 -0.0035 -0.9963
vn -0.0240 0.0295 -0.9993
vn 0.0948 0.0285 -0.9951
vn 0.2587 -0.0169 -0.9658
vn 0.4472 -0.0355 -0.8937
vn 0.6269 -0.0851 -0.7744
vn 0.9070 -0.1993 -0.3710
vn 0.9944 -0.0343 -0.1001
vn 0.9963 -0.0254 -0.0824
vn -0.0464 -0.0100 -0.9989
vn 0.0015 0.0169 -0.9999
vn 0.0745 0.0244 -0.9969
vn 0.2102 -0.0081 -0.9776
vn 0.4170 -0.0801 -0.9054
vn 0.5530 -0.1506 -0.8195
vn 0.7239 -0.2334 -0.6492
vn 0.8065 -0.2534 -0.5342
vn 0.9838 -0.1791 -0.0062
vn -0.0135 -0.0150 -0.9998
vn 0.0161 -0.0278 -0.9995
vn 0.0661 -0.0389 -0.9971
vn 0.1578 -0.0713 -0.9849
vn 0.3039 -0.1508 -0.9407
vn 0.4630 -0.2722 -0.8435
vn 0.6480 -0.3204 -0.6909
vn 0.8985 -0.2893 -0.3301
vn 0.8966 -0.3202 -0.3060
vn 0.9803 -0.1873 0.0633
vn -0.0041 -0.0327 -0.9995
vn 0.0054 -0.0656 -0.9978
vn 0.0321 -0.0922 -0.9952
vn 0.1016 -0.1347 -0.9857
vn 0.2151 -0.1913 -0.9577
vn 0.3722 -0.2828 -0.8840
vn 0.6030 -0.3481 -0.7178
vn 0.8949 -0.2836 -0.3446
vn 0.9898 -0.1289 0.0613
vn -0.9794 -0.1845 0.0825
vn -0.9725 -0.2191 0.0791
vn -0.9879 -0.0634 0.1419
vn -0.9778 -0.1995 -0.0644
vn -0.9993 0.0100 0.0360
vn -0.9616 -0.0585 -0.2681
vn -0.9210 0.0057 -0.3895
vn -0.9996 0.0274 -0.0066
vn -0.9170 0.0644 -0.3935
vn -0.9993 0.0070 0.0360
vn -0.9531 0.0478 -0.2989
vn -0.9989 0.0114 0.0457
vn -0.9699 0.1170 -0.2136
vn -0.9951 0.0938 0.0303
vn -0.9767 0.2136 0.0201
vn -0.9615 0.2261 -0.1564
vn -0.9905 0.0937 -0.1002
vn -0.9890 -0.1285 0.0730
vn -0.9034 -0.2634 -0.3383
vn -0.9087 -0.2461 -0.3372
vn -0.9134 -0.3061 -0.2684
vn -0.9592 -0.1952 -0.2045
vn -0.8978 0.0317 -0.4394
vn -0.8708 0.1127 -0.4785
vn -0.8831 0.1844 -0.4314
vn -0.8830 0.2740 -0.3812
vn -0.9119 0.2132 -0.3506
vn -0.9735 0.1924 -0.1235
vn -0.9399 0.0894 -0.3296
vn -0.9029 -0.2863 -0.3205
vn -0.6726 -0.3366 -0.6590
vn -0.6873 -0.2724 -0.6734
vn -0.7466 -0.1125 -0.6557
vn -0.9247 -0.1508 -0.3495
vn -0.9464 -0.1182 -0.3007
vn -0.8937 0.0910 -0.4394
vn -0.8620 0.1987 -0.4663
vn -0.8377 0.2669 -0.4765
vn -0.8393 0.2060 -0.5031
vn -0.8538 0.0707 -0.5157
vn -0.6287 -0.3525 -0.6932
vn -0.4833 -0.2693 -0.8330
vn -0.5743 -0.2719 -0.7722
vn -0.5900 -0.0612 -0.8051
vn -0.8626 -0.1016 -0.4955
vn -0.6300 0.0973 -0.7705
vn -0.8106 -0.0883 -0.5789
vn -0.9281 -0.1029 -0.3579
vn -0.8277 0.0187 -0.5609
vn -0.7908 0.1556 -0.5920
vn -0.7469 0.1533 -0.6470
vn -0.7422 0.0303 -0.6694
vn -0.3937 -0.2828 -0.8747
vn -0.3002 -0.1627 -0.9399
vn -0.4612 -0.1362 -0.8768
vn -0.5744 -0.0776 -0.8149
vn -0.5129 0.1082 -0.8516
vn -0.4443 0.0534 -0.8943
vn -0.7491 0.0245 -0.6620
vn -0.4678 -0.0032 -0.8838
vn -0.5026 0.1188 -0.8563
vn -0.4942 0.1806 -0.8504
vn -0.7583 0.2216 -0.6130
vn -0.4925 0.0863 -0.8660
vn -0.4823 0.0012 -0.8760
vn -0.2298 -0.1977 -0.9529
vn -0.1774 -0.0522 -0.9828
vn -0.3278 -0.0369 -0.9440
vn -0.2998 -0.0120 -0.9539
vn -0.2192 -0.0388 -0.9749
vn -0.1676 -0.0472 -0.9847
vn -0.1513 0.0307 -0.9880
vn -0.4900 0.0195 -0.8715
vn -0.1839 0.1477 -0.9718
vn -0.2225 0.1784 -0.9585
vn -0.2569 0.0614 -0.9645
vn -0.2860 0.0168 -0.9581
vn -0.0412 -0.1104 -0.9930
vn -0.1072 -0.1507 -0.9828
vn -0.0287 0.0328 -0.9990
vn -0.2450 0.0450 -0.9685
vn -0.0014 -0.0468 -0.9989
vn -0.0097 -0.0590 -0.9982
vn -0.0302 -0.0472 -0.9984
vn -0.0464 0.0358 -0.9983
vn -0.0554 0.1823 -0.9817
vn -0.0938 0.2214 -0.9707
vn -0.1663 0.1226 -0.9784
vn -0.0115 -0.0759 -0.9971
vn -0.0709 -0.0204 -0.9973
vn -0.0022 -0.0135 -0.9999
vn 0.0186 -0.0283 -0.9994
vn -0.0124 -0.0139 -0.9998
vn 0.0092 -0.0345 -0.9994
vn -0.0222 -0.0295 -0.9993
vn -0.0558 -0.0165 -0.9983
vn -0.0792 0.0424 -0.9960
vn -0.0367 0.1807 -0.9829
vn -0.0307 0.2744 -0.9611
vn -0.0575 0.1749 -0.9829
vn -0.2178 0.0427 -0.9751
vn -0.0022 -0.0621 -0.9981
vn -0.0289 -0.0329 -0.9990
vn -0.0502 0.0298 -0.9983
vn 0.3282 0.9049 -0.2709
vn 0.2935 0.9554 -0.0335
vn 0.5079 0.8587 -0.0681
vn 0.3003 0.9293 -0.2149
vn 0.3955 0.8953 -0.2051
vn 0.4568 0.8887 0.0388
vn 0.4566 0.8669 -0.2000
vn 0.2902 0.8746 -0.3885
vn 0.3304 0.8669 -0.3732
vn 0.3994 0.8337 -0.3813
vn 0.4389 0.8169 -0.3742
vn 0.4940 0.8418 -0.2176
vn 0.2940 0.8010 -0.5215
vn 0.3456 0.7944 -0.4996
vn 0.3931 0.7741 -0.4961
vn 0.4275 0.7547 -0.4977
vn 0.4613 0.8004 -0.3828
vn 0.3084 0.7246 -0.6163
vn 0.3489 0.7239 -0.5952
vn 0.3859 0.7129 -0.5856
vn 0.3944 0.7042 -0.5903
vn 0.4271 0.7550 -0.4976
vn 0.3068 0.6552 -0.6904
vn 0.3279 0.6523 -0.6834
vn 0.3197 0.6523 -0.6873
vn 0.2797 0.6519 -0.7049
vn 0.3632 0.7013 -0.6134
vn 0.2046 0.5904 -0.7807
vn 0.1887 0.5870 -0.7873
vn 0.1605 0.5950 -0.7875
vn 0.1430 0.5932 -0.7923
vn 0.2434 0.6372 -0.7312
vn 0.0499 0.5268 -0.8485
vn 0.0427 0.5394 -0.8410
vn 0.0513 0.5353 -0.8431
vn 0.0901 0.5147 -0.8526
vn 0.1718 0.5615 -0.8094
vn -0.0029 0.4951 -0.8688
vn 0.0104 0.5042 -0.8635
vn 0.0346 0.4829 -0.8750
vn 0.0771 0.4271 -0.9009
vn 0.1559 0.4654 -0.8712
vn 0.0078 0.4869 -0.8734
vn 0.0251 0.4531 -0.8911
vn 0.0485 0.3743 -0.9260
vn 0.1346 0.3745 -0.9174
vn -0.0632 0.3469 -0.9358
vn 0.0680 0.3224 -0.9442
vn -0.0503 0.3871 -0.9206
vn -0.1978 0.4208 -0.8853
vn -0.1643 0.4587 -0.8733
vn -0.2809 0.5201 -0.8066
vn -0.2210 0.5707 -0.7909
vn -0.3194 0.6205 -0.7162
vn -0.2972 0.6581 -0.6918
vn -0.3705 0.7035 -0.6065
vn -0.3866 0.7123 -0.5858
vn -0.4162 0.7567 -0.5042
vn -0.4165 0.7575 -0.5027
vn -0.4522 0.8008 -0.3928
vn -0.4340 0.8179 -0.3778
vn -0.4896 0.8423 -0.2253
vn -0.4539 0.8676 -0.2031
vn -0.5124 0.8587 0.0133
vn -0.0414 0.4479 -0.8931
vn -0.1139 0.5117 -0.8516
vn -0.1889 0.6038 -0.7744
vn -0.3233 0.6637 -0.6745
vn -0.3765 0.7166 -0.5871
vn -0.3884 0.7737 -0.5006
vn -0.3941 0.8313 -0.3918
vn -0.3915 0.8965 -0.2072
vn -0.0250 0.4874 -0.8728
vn -0.0732 0.5464 -0.8343
vn -0.2039 0.6046 -0.7700
vn -0.3263 0.6660 -0.6708
vn -0.3424 0.7289 -0.5929
vn -0.3390 0.7966 -0.5004
vn -0.3245 0.8664 -0.3795
vn -0.3004 0.9288 -0.2172
vn -0.0048 0.4937 -0.8696
vn -0.0690 0.5410 -0.8382
vn -0.2210 0.6039 -0.7658
vn -0.3027 0.6635 -0.6842
vn -0.3039 0.7300 -0.6122
vn -0.2857 0.8034 -0.5224
vn -0.2895 0.8735 -0.3913
vn -0.3327 0.9037 -0.2695
vn -0.2837 0.9557 0.0778
vn 0.0024 0.4806 -0.8769
vn 0.0148 0.4319 -0.9018
vn -0.0139 0.4554 -0.8902
vn -0.1182 0.5066 -0.8541
vn -0.2318 0.5664 -0.7909
vn -0.2396 0.6066 -0.7580
vn -0.2104 0.6499 -0.7303
vn -0.2432 0.7111 -0.6597
vn -0.2911 0.7884 -0.5420
vn -0.4601 0.7960 -0.3933
vn -0.5173 0.8531 -0.0684
vn 0.0015 0.4213 -0.9069
vn 0.0153 0.3451 -0.9384
vn 0.0105 0.3559 -0.9345
vn -0.0590 0.3887 -0.9195
vn -0.1774 0.4291 -0.8857
vn -0.2293 0.4631 -0.8562
vn -0.2136 0.4870 -0.8468
vn -0.2173 0.5035 -0.8362
vn -0.1572 0.5854 -0.7954
vn -0.3421 0.6619 -0.6669
vn 0.0016 0.3395 -0.9406
vn 0.0131 0.2787 -0.9603
vn 0.0235 0.2845 -0.9584
vn -0.0243 0.3042 -0.9523
vn -0.1372 0.3265 -0.9352
vn -0.2113 0.3526 -0.9116
vn -0.2096 0.3759 -0.9027
vn -0.2094 0.3986 -0.8929
vn -0.1004 0.4103 -0.9064
vn -0.2272 0.4001 -0.8879
vn 0.0022 0.2744 -0.9616
vn 0.0151 0.2242 -0.9744
vn 0.0300 0.2249 -0.9739
vn -0.0039 0.2314 -0.9728
vn -0.1088 0.2461 -0.9631
vn -0.1799 0.2660 -0.9470
vn -0.1900 0.2933 -0.9370
vn -0.1781 0.3209 -0.9302
vn -0.2000 0.3422 -0.9181
vn -0.2317 0.2938 -0.9274
vn 0.0024 0.2242 -0.9745
vn 0.0123 0.1682 -0.9857
vn 0.0243 0.1642 -0.9861
vn 0.0035 0.1582 -0.9874
vn -0.0922 0.1602 -0.9828
vn -0.1540 0.1761 -0.9723
vn -0.1624 0.1922 -0.9678
vn -0.1470 0.2035 -0.9680
vn -0.2152 0.2007 -0.9557
vn -0.2930 0.1811 -0.9388
vn 0.0010 0.1135 -0.9935
vn 0.0012 0.1707 -0.9853
vn 0.0099 0.1093 -0.9940
vn 0.0206 0.1030 -0.9945
vn -0.0059 0.0949 -0.9955
vn -0.0833 0.0941 -0.9921
vn -0.1388 0.1026 -0.9850
vn -0.1620 0.0978 -0.9819
vn -0.1887 0.0634 -0.9800
vn -0.2937 -0.0021 -0.9559
vn 0.0010 0.0531 -0.9986
vn 0.0077 0.0473 -0.9989
vn 0.0148 0.0382 -0.9992
vn -0.0150 0.0286 -0.9995
vn -0.0899 0.0192 -0.9958
vn -0.1482 0.0070 -0.9889
vn -0.2005 -0.0236 -0.9794
vn -0.3001 -0.0975 -0.9489
vn -0.4960 -0.2104 -0.8424
vn -0.4091 -0.1052 -0.9064
vn 0.0009 -0.0086 -1.0000
vn 0.0060 -0.0149 -0.9999
vn 0.0081 -0.0244 -0.9997
vn -0.0353 -0.0421 -0.9985
vn -0.1166 -0.0600 -0.9914
vn -0.1871 -0.0911 -0.9781
vn -0.2962 -0.1549 -0.9425
vn -0.4836 -0.2501 -0.8388
vn -0.7608 -0.3212 -0.5640
vn -0.6575 -0.3771 -0.6523
vn 0.0004 -0.0554 -0.9985
vn 0.0030 -0.0632 -0.9980
vn -0.0073 -0.0834 -0.9965
vn -0.0676 -0.1142 -0.9912
vn -0.1574 -0.1410 -0.9774
vn -0.2684 -0.1972 -0.9429
vn -0.4481 -0.2849 -0.8473
vn -0.7081 -0.3452 -0.6160
vn -0.9519 -0.2404 -0.1900
vn -0.8963 -0.3781 -0.2316
vn -0.9468 -0.3196 0.0387
vn -0.0024 -0.0598 -0.9982
vn 0.0020 -0.0761 -0.9971
vn 0.0570 -0.1087 -0.9924
vn 0.1428 -0.1335 -0.9807
vn 0.2534 -0.1835 -0.9498
vn 0.4255 -0.2710 -0.8634
vn 0.6859 -0.3426 -0.6420
vn 0.9466 -0.2469 -0.2072
vn 0.9154 -0.4021 0.0188
vn -0.0044 -0.0136 -0.9999
vn -0.0101 -0.0220 -0.9997
vn 0.0231 -0.0368 -0.9991
vn 0.1047 -0.0556 -0.9930
vn 0.1789 -0.0806 -0.9806
vn 0.2815 -0.1345 -0.9501
vn 0.4549 -0.2333 -0.8594
vn 0.7388 -0.3220 -0.5920
vn 0.8580 -0.4192 -0.2969
vn -0.0056 0.0483 -0.9988
vn -0.0145 0.0412 -0.9990
vn 0.0044 0.0330 -0.9994
vn 0.0767 0.0225 -0.9968
vn 0.1432 0.0133 -0.9896
vn 0.1951 -0.0140 -0.9807
vn 0.2795 -0.0825 -0.9566
vn 0.4622 -0.1919 -0.8658
vn 0.6455 -0.3712 -0.6674
vn -0.0071 0.1100 -0.9939
vn -0.0183 0.1044 -0.9944
vn -0.0047 0.0983 -0.9951
vn 0.0668 0.0970 -0.9930
vn 0.1343 0.1048 -0.9854
vn 0.1607 0.1030 -0.9816
vn 0.1821 0.0734 -0.9805
vn 0.2755 0.0156 -0.9612
vn 0.3835 -0.0744 -0.9205
vn -0.0096 0.1703 -0.9853
vn -0.0226 0.1670 -0.9857
vn -0.0116 0.1606 -0.9870
vn 0.0733 0.1617 -0.9841
vn 0.1472 0.1766 -0.9732
vn 0.1667 0.1955 -0.9664
vn 0.1466 0.2091 -0.9668
vn 0.2050 0.2002 -0.9581
vn 0.2819 0.1491 -0.9478
vn -0.0108 0.2260 -0.9741
vn -0.0287 0.2270 -0.9735
vn -0.0092 0.2326 -0.9725
vn 0.0870 0.2455 -0.9655
vn 0.1769 0.2679 -0.9471
vn 0.1932 0.2948 -0.9358
vn 0.1637 0.3188 -0.9336
vn 0.1243 0.3307 -0.9355
vn -0.0099 0.2782 -0.9605
vn -0.0228 0.2844 -0.9584
vn 0.0082 0.3013 -0.9535
vn 0.1185 0.3271 -0.9375
vn 0.2068 0.3518 -0.9129
vn 0.2123 0.3757 -0.9021
vn 0.2040 0.4064 -0.8907
vn 0.0762 0.4463 -0.8916
vn 0.2344 0.2830 -0.9300
vn -0.0125 0.3458 -0.9382
vn -0.0156 0.3545 -0.9349
vn 0.0414 0.3856 -0.9217
vn 0.1603 0.4283 -0.8893
vn 0.2289 0.4642 -0.8556
vn 0.2191 0.4910 -0.8432
vn 0.2177 0.5093 -0.8326
vn 0.2038 0.5965 -0.7763
vn 0.2299 0.4783 -0.8476
vn -0.0138 0.4328 -0.9014
vn 0.0033 0.4529 -0.8916
vn 0.0985 0.5013 -0.8597
vn 0.2206 0.5659 -0.7944
vn 0.2447 0.6101 -0.7536
vn 0.2166 0.6533 -0.7255
vn 0.2444 0.7146 -0.6555
vn 0.3100 0.7733 -0.5530
vn 0.3630 0.6690 -0.6486
vn 0.4537 0.7809 -0.4292
vn -0.0773 0.1640 0.9834
vn -0.1580 0.1573 0.9748
vn -0.1751 0.1212 0.9771
vn -0.2211 0.0840 0.9716
vn -0.3403 0.0505 0.9389
vn -0.5924 0.0778 0.8019
vn -0.5386 0.0948 0.8372
vn -0.7737 0.1453 0.6167
vn -0.9096 0.1409 0.3909
vn -0.9683 0.1151 0.2215
vn -0.9679 0.1099 0.2262
vn -0.9942 0.0883 0.0621
vn 0.0835 0.1486 0.9854
vn -0.0869 0.1393 0.9864
vn 0.2593 0.1167 0.9587
vn 0.0694 0.1255 0.9897
vn 0.3876 0.0808 0.9183
vn 0.4746 0.0528 0.8786
vn 0.5386 0.0434 0.8414
vn 0.6909 0.0590 0.7205
vn 0.8762 0.0924 0.4731
vn 0.8755 0.0538 0.4802
vn 0.9914 -0.0061 0.1304
vn 0.9583 0.0329 0.2840
vn -0.8460 0.5332 0.0062
vn -0.7858 0.5311 -0.3171
vn -0.7891 0.5630 -0.2456
vn -0.7178 0.4917 -0.4930
vn -0.7193 0.4351 -0.5416
vn -0.5458 0.3656 -0.7540
vn -0.5687 0.2795 -0.7736
vn -0.2682 0.1333 -0.9541
vn -0.3201 0.0851 -0.9436
vn 0.0409 -0.0737 -0.9964
vn -0.0296 -0.1182 -0.9925
vn 0.3671 -0.2472 -0.8967
vn 0.2962 -0.3068 -0.9045
vn 0.7009 -0.3834 -0.6015
vn 0.6308 -0.4750 -0.6136
vn 0.9264 -0.2793 -0.2525
vn 0.8428 -0.3973 -0.3631
vn 0.9638 0.0608 -0.2595
vn 0.8988 -0.2887 -0.3299
vn 0.9824 0.0437 -0.1813
vn 0.8921 -0.4510 -0.0286
vn -0.8273 0.5596 -0.0492
vn -0.8329 0.4762 -0.2820
vn -0.7281 0.4233 -0.5392
vn -0.4969 0.3380 -0.7993
vn -0.2079 0.1825 -0.9610
vn 0.0998 -0.0376 -0.9943
vn 0.4060 -0.2182 -0.8875
vn 0.6971 -0.3699 -0.6142
vn 0.8400 -0.5043 -0.2001
vn 0.9142 -0.3625 -0.1812
vn 0.9738 -0.0174 -0.2268
vn -0.8464 0.5325 0.0027
vn -0.8211 0.4835 -0.3033
vn -0.6603 0.4282 -0.6169
vn -0.4447 0.3098 -0.8404
vn -0.2283 0.1382 -0.9637
vn 0.0961 -0.0662 -0.9932
vn 0.4313 -0.2089 -0.8777
vn 0.7147 -0.3240 -0.6198
vn 0.8490 -0.4581 -0.2634
vn 0.8059 -0.5882 -0.0675
vn -0.8578 0.5125 0.0379
vn -0.7497 0.5605 -0.3518
vn -0.5720 0.4535 -0.6835
vn -0.4006 0.3427 -0.8498
vn -0.2846 0.1593 -0.9453
vn -0.1007 -0.1292 -0.9865
vn 0.2651 -0.3595 -0.8947
vn 0.6784 -0.3729 -0.6330
vn 0.8525 -0.4039 -0.3318
vn 0.7647 -0.6382 -0.0888
vn 0.6874 -0.7244 -0.0516
vn 0.9482 -0.2714 -0.1652
vn -0.8252 0.5646 -0.0155
vn -0.6335 0.6738 -0.3803
vn -0.5365 0.4908 -0.6865
vn -0.4104 0.3095 -0.8578
vn -0.3088 0.2560 -0.9160
vn -0.2723 0.0112 -0.9621
vn -0.2205 -0.3598 -0.9066
vn -0.0589 -0.6191 -0.7831
vn -0.0106 -0.8716 -0.4901
vn -0.0163 -0.9877 -0.1555
vn -0.1289 -0.9897 0.0619
vn -0.6960 0.7153 -0.0618
vn -0.4601 0.7960 -0.3932
vn -0.3422 0.6619 -0.6669
vn -0.2273 0.4000 -0.8879
vn -0.6575 -0.3772 -0.6523
vn -0.9467 -0.3197 0.0387
vn -0.8844 -0.4234 0.1962
vn -0.8186 0.5011 0.2809
vn -0.7013 0.4455 0.5566
vn -0.7584 0.5481 0.3527
vn -0.5474 0.3537 0.7584
vn -0.6108 0.5066 0.6085
vn -0.3799 0.1750 0.9083
vn -0.4615 0.4385 0.7712
vn -0.2457 0.1555 0.9568
vn -0.3554 0.3256 0.8762
vn -0.2611 -0.0537 0.9638
vn 0.1580 -0.2104 0.9648
vn 0.1190 -0.3745 0.9196
vn 0.4665 -0.5132 0.7204
vn 0.4308 -0.6914 0.5800
vn 0.5720 -0.5841 0.5759
vn 0.3705 -0.7723 0.5160
vn 0.8943 -0.4020 0.1967
vn 0.6114 -0.7065 0.3563
vn 0.9825 0.0436 -0.1813
vn -0.6252 0.4039 0.6679
vn -0.7868 0.4948 0.3689
vn -0.4801 0.3764 0.7923
vn -0.3888 0.3373 0.8574
vn -0.2936 0.2168 0.9310
vn 0.0806 -0.1544 0.9847
vn 0.4096 -0.5020 0.7617
vn 0.6457 -0.5705 0.5076
vn 0.9710 -0.2327 0.0555
vn -0.6625 0.3208 0.6768
vn -0.8110 0.4546 0.3682
vn -0.5270 0.2430 0.8144
vn -0.4515 0.2517 0.8560
vn -0.3446 0.2262 0.9111
vn -0.0003 -0.0651 0.9979
vn 0.3825 -0.4626 0.7998
vn 0.7421 -0.5330 0.4064
vn 0.9908 -0.1345 -0.0135
vn 0.9482 -0.2713 -0.1653
vn -0.6431 0.3473 0.6825
vn -0.8044 0.4800 0.3501
vn -0.5408 0.2287 0.8095
vn -0.5301 0.1597 0.8328
vn -0.4598 0.1306 0.8784
vn -0.1422 -0.0347 0.9892
vn 0.3654 -0.4244 0.8284
vn 0.7814 -0.4977 0.3765
vn 0.9031 -0.4293 0.0146
vn 0.6875 -0.7244 -0.0516
vn -0.6636 0.6598 0.3526
vn -0.5467 0.4770 0.6882
vn -0.5670 0.3272 0.7559
vn -0.5901 0.1608 0.7912
vn -0.5562 0.1201 0.8223
vn -0.3722 -0.0690 0.9256
vn 0.2072 -0.4277 0.8799
vn 0.5983 -0.6137 0.5153
vn 0.3346 -0.9135 0.2316
vn -0.1289 -0.9897 0.0620
vn -0.4740 0.7924 0.3840
vn -0.4004 0.5351 0.7439
vn -0.5036 0.3682 0.7815
vn -0.5775 0.1390 0.8045
vn -0.6246 0.0278 0.7804
vn -0.4985 -0.3492 0.7934
vn -0.2734 -0.7266 0.6303
vn -0.5538 -0.7479 0.3661
vn 0.7025 -0.7082 0.0704
vn 0.6347 -0.6930 -0.3420
vn 0.6446 -0.7551 -0.1194
vn 0.5948 -0.7104 -0.3763
vn 0.7028 -0.7110 -0.0236
vn 0.6156 -0.6686 -0.4171
vn 0.7468 -0.6545 0.1179
vn 0.6915 -0.6286 -0.3559
vn 0.7588 -0.6230 0.1900
vn 0.7458 -0.6107 -0.2662
vn 0.7664 -0.6348 0.0983
vn 0.7342 -0.6203 -0.2760
vn 0.7447 -0.6668 0.0296
vn 0.7356 -0.5811 -0.3481
vn 0.7497 -0.6615 -0.0202
vn 0.7213 -0.5720 -0.3905
vn 0.7618 -0.6326 -0.1395
vn 0.7376 -0.5871 -0.3335
vn 0.7813 -0.6007 -0.1696
vn 0.6777 -0.6654 -0.3129
vn 0.7771 -0.6271 -0.0529
vn 0.8046 -0.5659 -0.1799
vn 0.8881 -0.4584 -0.0341
vn 0.7914 -0.6065 0.0762
vn 0.8395 -0.5236 0.1455
vn 0.6807 -0.7307 0.0514
vn 0.4895 -0.7670 0.4149
vn 0.6766 -0.7134 -0.1825
vn 0.4586 -0.8857 0.0728
vn 0.8899 -0.3563 -0.2847
vn 0.8837 -0.4395 -0.1610
vn 0.8323 -0.5537 -0.0270
vn 0.7462 -0.5909 -0.3066
vn 0.5744 -0.6429 -0.5067
vn 0.5003 -0.5749 -0.6474
vn 0.4973 -0.5571 -0.6651
vn 0.5585 -0.5434 -0.6267
vn 0.6128 -0.5237 -0.5919
vn 0.6363 -0.5028 -0.5851
vn 0.6502 -0.5276 -0.5467
vn 0.6812 -0.4752 -0.5569
vn 0.4979 -0.5817 -0.6433
vn 0.5626 -0.6527 -0.5074
vn 0.7635 -0.5403 -0.3538
vn 0.6776 -0.5928 -0.4353
vn 0.7136 -0.5742 -0.4013
vn 0.8156 -0.4502 -0.3634
vn 0.8436 -0.4583 -0.2799
vn 0.6599 -0.4853 -0.5736
vn 0.5239 -0.5091 -0.6829
vn 0.4575 -0.4570 -0.7628
vn 0.3562 -0.4386 -0.8250
vn 0.3289 -0.4045 -0.8533
vn 0.3526 -0.3752 -0.8572
vn 0.4038 -0.3714 -0.8360
vn 0.4550 -0.3724 -0.8089
vn 0.4633 -0.3225 -0.8254
vn 0.4546 -0.4403 -0.7742
vn 0.3168 -0.5457 -0.7758
vn 0.4675 -0.3634 -0.8058
vn 0.5110 -0.3732 -0.7743
vn 0.5313 -0.5394 -0.6533
vn 0.6378 -0.4627 -0.6158
vn 0.5626 -0.4357 -0.7026
vn 0.1499 -0.2347 -0.9605
vn 0.1794 -0.2516 -0.9511
vn 0.2290 -0.2572 -0.9388
vn 0.1712 -0.2452 -0.9542
vn 0.1105 -0.2130 -0.9708
vn 0.0845 -0.1825 -0.9796
vn 0.1062 -0.1788 -0.9781
vn 0.1540 -0.1898 -0.9697
vn 0.2083 -0.2417 -0.9477
vn 0.3411 -0.2563 -0.9044
vn 0.0755 -0.2443 -0.9668
vn 0.1555 -0.1910 -0.9692
vn 0.3034 -0.2557 -0.9179
vn 0.2123 -0.3647 -0.9066
vn 0.3093 -0.3168 -0.8967
vn 0.0825 -0.2129 -0.9736
vn -0.2821 0.0240 -0.9591
vn -0.2398 0.0056 -0.9708
vn -0.1700 -0.0054 -0.9854
vn -0.1282 -0.0101 -0.9917
vn -0.1183 -0.0171 -0.9928
vn -0.1243 -0.0137 -0.9921
vn -0.1324 -0.0247 -0.9909
vn -0.1205 -0.0576 -0.9910
vn -0.0692 -0.0558 -0.9960
vn -0.0502 0.0306 -0.9983
vn -0.0337 0.0415 -0.9986
vn -0.1448 -0.0766 -0.9865
vn -0.0318 -0.0834 -0.9960
vn -0.0249 -0.1127 -0.9933
vn -0.0303 -0.1257 -0.9916
vn -0.2513 0.0183 -0.9677
vn -0.4750 0.1777 -0.8618
vn -0.4901 0.1693 -0.8550
vn -0.4681 0.1758 -0.8660
vn -0.4193 0.1689 -0.8920
vn -0.3722 0.1471 -0.9164
vn -0.3394 0.1464 -0.9292
vn -0.3530 0.1441 -0.9245
vn -0.3789 0.1404 -0.9147
vn -0.3659 0.2209 -0.9041
vn -0.4266 0.2516 -0.8688
vn -0.2688 0.1691 -0.9482
vn -0.2836 0.0952 -0.9542
vn -0.3390 0.1324 -0.9314
vn -0.3295 0.1198 -0.9365
vn -0.3118 0.0854 -0.9463
vn -0.4506 0.1919 -0.8719
vn -0.6442 0.3071 -0.7004
vn -0.6486 0.2970 -0.7008
vn -0.6572 0.3060 -0.6889
vn -0.6398 0.3076 -0.7043
vn -0.6214 0.3027 -0.7226
vn -0.5860 0.3158 -0.7462
vn -0.5703 0.3305 -0.7520
vn -0.5980 0.3371 -0.7272
vn -0.5840 0.3705 -0.7223
vn -0.5254 0.3542 -0.7736
vn -0.5941 0.3178 -0.7390
vn -0.5632 0.3414 -0.7525
vn -0.5562 0.3449 -0.7561
vn -0.5521 0.3200 -0.7699
vn -0.5752 0.3047 -0.7591
vn -0.6676 0.3295 -0.6677
vn -0.7836 0.3986 -0.4765
vn -0.7740 0.3964 -0.4937
vn -0.7674 0.4031 -0.4986
vn -0.7707 0.4066 -0.4907
vn -0.7716 0.4072 -0.4887
vn -0.7557 0.4142 -0.5072
vn -0.7096 0.4408 -0.5496
vn -0.7160 0.4491 -0.5345
vn -0.7306 0.4338 -0.5274
vn -0.6614 0.4332 -0.6124
vn -0.6532 0.4360 -0.6191
vn -0.6623 0.4605 -0.5910
vn -0.7044 0.4437 -0.5540
vn -0.7202 0.4608 -0.5186
vn -0.6935 0.4732 -0.5433
vn -0.7949 0.4043 -0.4524
vn -0.8551 0.4460 -0.2643
vn -0.8448 0.4433 -0.2997
vn -0.8289 0.4551 -0.3253
vn -0.8281 0.4636 -0.3151
vn -0.8327 0.4684 -0.2953
vn -0.8442 0.4647 -0.2672
vn -0.8196 0.4958 -0.2871
vn -0.7921 0.5094 -0.3361
vn -0.7999 0.4959 -0.3378
vn -0.8213 0.4928 -0.2875
vn -0.7945 0.5400 -0.2777
vn -0.7816 0.5748 -0.2422
vn -0.7630 0.6089 -0.2171
vn -0.7930 0.5314 -0.2978
vn -0.8506 0.4564 -0.2610
vn -0.8878 0.4553 -0.0665
vn -0.8821 0.4536 -0.1266
vn -0.8644 0.4884 -0.1198
vn -0.8582 0.4986 -0.1219
vn -0.8523 0.5138 -0.0981
vn -0.8600 0.5080 -0.0472
vn -0.8620 0.5067 -0.0142
vn -0.8561 0.5154 -0.0396
vn -0.8172 0.5760 -0.0204
vn -0.7874 0.6151 0.0407
vn -0.7863 0.6124 0.0816
vn -0.7859 0.6097 0.1032
vn -0.8130 0.5491 -0.1936
vn -0.8508 0.5254 0.0065
vn -0.8614 0.4422 0.2499
vn -0.8720 0.4894 -0.0098
vn -0.8850 0.4324 0.1728
vn -0.8721 0.4599 0.1672
vn -0.8563 0.4898 0.1638
vn -0.8450 0.5063 0.1722
vn -0.8276 0.5253 0.1979
vn -0.8303 0.5183 0.2049
vn -0.8256 0.5038 0.2540
vn -0.8046 0.4983 0.3229
vn -0.8335 0.5497 -0.0553
vn -0.7786 0.5099 0.3657
vn -0.7728 0.5319 0.3462
vn -0.7617 0.5766 0.2955
vn -0.7571 0.6102 0.2333
vn -0.7772 0.5909 0.2161
vn -0.8567 0.5148 0.0305
vn -0.8012 0.5127 0.3086
vn -0.7657 0.3773 0.5209
vn -0.7295 0.3809 0.5681
vn -0.7141 0.3836 0.5856
vn -0.7485 0.4073 0.5233
vn -0.6990 0.4409 0.5631
vn -0.7119 0.4366 0.5501
vn -0.7046 0.4469 0.5512
vn -0.6728 0.4493 0.5877
vn -0.6381 0.4367 0.6341
vn -0.6350 0.4133 0.6527
vn -0.6464 0.4052 0.6465
vn -0.6594 0.4291 0.6173
vn -0.6734 0.4759 0.5657
vn -0.6662 0.5029 0.5507
vn -0.8192 0.5195 0.2430
vn -0.6336 0.4597 0.6222
vn -0.5353 0.3395 0.7734
vn -0.4219 0.2828 0.8614
vn -0.4359 0.2050 0.8764
vn -0.3299 0.1883 0.9250
vn -0.3988 0.2043 0.8940
vn -0.4278 0.2311 0.8738
vn -0.3844 0.2423 0.8908
vn -0.4057 0.2527 0.8784
vn -0.4482 0.2807 0.8487
vn -0.4839 0.2861 0.8270
vn -0.4971 0.2800 0.8213
vn -0.4999 0.2834 0.8184
vn -0.4847 0.3222 0.8132
vn -0.4722 0.3853 0.7928
vn -0.5769 0.3352 0.7449
vn -0.6726 0.4564 0.5825
vn -0.2616 0.2961 0.9186
vn -0.1924 0.2025 0.9602
vn 0.0109 0.0689 0.9976
vn 0.1312 -0.0763 0.9884
vn -0.1271 -0.0852 0.9882
vn -0.0399 -0.0032 0.9992
vn -0.0185 -0.0306 0.9994
vn -0.1495 -0.0218 0.9885
vn -0.2068 0.0394 0.9776
vn -0.2430 0.0693 0.9675
vn -0.2660 0.0838 0.9603
vn -0.2706 0.0880 0.9587
vn -0.2607 0.1020 0.9600
vn -0.2429 0.1393 0.9600
vn -0.2628 0.0990 0.9598
vn -0.6045 0.3365 0.7220
vn 0.0624 0.1502 0.9867
vn 0.1116 0.1135 0.9872
vn 0.3196 0.0155 0.9474
vn 0.1464 -0.1933 0.9702
vn 0.1644 -0.2648 0.9502
vn 0.2132 -0.1690 0.9623
vn 0.1335 -0.2039 0.9699
vn 0.0530 -0.2341 0.9708
vn 0.0749 -0.1995 0.9770
vn 0.0628 -0.1884 0.9801
vn 0.0925 -0.1847 0.9784
vn 0.1049 -0.1807 0.9779
vn 0.2193 -0.1883 0.9573
vn 0.2181 -0.2062 0.9539
vn -0.2021 -0.1922 0.9603
vn -0.3160 0.1935 0.9288
vn 0.5003 -0.1549 0.8519
vn 0.4808 -0.0962 0.8715
vn 0.3505 -0.0636 0.9344
vn 0.2496 -0.2327 0.9400
vn 0.4661 -0.3871 0.7956
vn 0.3149 -0.3456 0.8839
vn 0.2102 -0.3131 0.9261
vn 0.2882 -0.3604 0.8872
vn 0.3175 -0.3746 0.8711
vn 0.3719 -0.3789 0.8474
vn 0.3809 -0.3894 0.8386
vn 0.3390 -0.3319 0.8803
vn 0.3008 -0.2689 0.9150
vn 0.0707 -0.2969 0.9523
vn -0.0532 -0.5168 0.8545
vn -0.3950 -0.0350 0.9180
vn 0.7470 -0.4607 0.4793
vn 0.6696 -0.3856 0.6348
vn 0.4922 -0.2756 0.8257
vn 0.5840 -0.3068 0.7516
vn 0.5781 -0.4843 0.6567
vn 0.3957 -0.5324 0.7483
vn 0.4300 -0.4538 0.7805
vn 0.4827 -0.4568 0.7472
vn 0.5096 -0.4702 0.7206
vn 0.4975 -0.4667 0.7313
vn 0.3748 -0.4813 0.7924
vn 0.3467 -0.4221 0.8376
vn 0.3014 -0.4119 0.8599
vn 0.5098 -0.6931 0.5096
vn 0.1811 -0.3487 0.9196
vn 0.7414 -0.6338 0.2205
vn 0.6843 -0.6000 0.4144
vn 0.6875 -0.4712 0.5526
vn 0.6962 -0.3709 0.6146
vn 0.5468 -0.5361 0.6432
vn 0.5543 -0.6333 0.5401
vn 0.6141 -0.5746 0.5410
vn 0.6106 -0.5493 0.5704
vn 0.5851 -0.5482 0.5977
vn 0.5014 -0.5630 0.6569
vn 0.5166 -0.5922 0.6184
vn 0.6397 -0.5725 0.5129
vn 0.8363 -0.4669 0.2873
vn 0.5230 -0.3801 0.7629
vn 0.8813 -0.4597 0.1090
vn 0.3988 -0.7333 0.5506
vn 0.4385 -0.5095 0.7403
vn 0.6802 -0.7216 0.1293
vn 0.6757 -0.7044 0.2172
vn 0.7376 -0.6012 0.3073
vn 0.6992 -0.4868 0.5235
vn 0.6144 -0.5573 0.5586
vn 0.6865 -0.6344 0.3553
vn 0.6911 -0.6476 0.3210
vn 0.6914 -0.6363 0.3421
vn 0.6610 -0.6552 0.3658
vn 0.7262 -0.6427 0.2441
vn 0.7719 -0.6263 0.1092
vn 0.8401 -0.5376 0.0731
vn 0.9498 -0.3002 -0.0886
vn 0.2857 -0.8480 0.4465
vn 0.4923 -0.7607 0.4230
vn 0.7025 -0.7082 0.0705
vn 0.7028 -0.7110 -0.0235
vn 0.7468 -0.6545 0.1180
vn 0.7587 -0.6230 0.1901
vn 0.7664 -0.6348 0.0984
vn 0.7497 -0.6615 -0.0201
vn 0.7618 -0.6326 -0.1394
vn 0.7813 -0.6007 -0.1695
vn 0.8395 -0.5235 0.1455
vn 0.6507 -0.7479 0.1313
vn 0.4585 -0.8857 0.0729
vn 0.6821 -0.6599 0.3151
vn 0.0021 0.5535 0.8329
vn -0.0322 0.8022 0.5963
vn -0.0585 0.5773 0.8145
vn -0.1313 0.8467 0.5156
vn -0.2720 0.7376 0.6181
vn -0.1564 0.8727 0.4625
vn -0.2595 0.7909 0.5542
vn -0.1326 0.8794 0.4573
vn -0.3105 0.7962 0.5193
vn -0.1383 0.8676 0.4777
vn -0.3821 0.7819 0.4925
vn -0.1738 0.8550 0.4887
vn -0.2240 0.8743 0.4307
vn -0.2368 0.9350 0.2641
vn 0.0546 0.5716 0.8187
vn -0.0110 0.7918 0.6107
vn 0.0012 0.7987 0.6017
vn 0.1078 0.8413 0.5297
vn 0.1521 0.8812 0.4477
vn 0.1192 0.8864 0.4473
vn 0.1262 0.8677 0.4807
vn 0.4624 0.7829 0.4163
vn 0.1670 0.8558 0.4895
vn 0.2183 0.8828 0.4160
vn 0.2379 0.9375 0.2539
vn 0.1221 0.8845 -0.4503
vn 0.1452 0.9001 -0.4108
vn 0.1560 0.4654 -0.8712
vn 0.1419 0.9174 -0.3719
vn 0.1719 0.5615 -0.8094
vn 0.1407 0.9349 -0.3260
vn 0.1902 0.9453 -0.2651
vn 0.2113 0.9573 -0.1974
vn 0.2057 0.9636 -0.1707
vn 0.4613 0.8004 -0.3827
vn 0.2283 0.9679 -0.1049
vn 0.2532 0.9664 0.0447
vn -0.0566 0.8742 -0.4823
vn 0.0577 0.8692 -0.4910
vn -0.1613 0.8883 -0.4301
vn -0.2201 0.9065 -0.3603
vn -0.2321 0.9253 -0.2999
vn -0.2255 0.9433 -0.2434
vn -0.3705 0.7036 -0.6064
vn -0.2115 0.9554 -0.2062
vn -0.2051 0.9611 -0.1850
vn -0.4523 0.8008 -0.3927
vn -0.2279 0.9667 -0.1167
vn -0.2559 0.9657 0.0432
vn -0.0238 -0.0618 -0.9978
vn 0.0695 -0.0460 -0.9965
vn -0.1949 -0.0190 -0.9806
vn -0.3033 0.0162 -0.9528
vn -0.2178 0.0426 -0.9751
vn -0.5034 -0.0249 -0.8637
vn -0.7422 0.0303 -0.6695
vn -0.7381 -0.0415 -0.6734
vn -0.8538 0.0706 -0.5157
vn -0.8457 0.0365 -0.5324
vn -0.9413 0.0627 -0.3317
vn -0.9906 0.0936 -0.1002
vn -0.9919 0.0821 -0.0969
vn 0.0651 0.0129 -0.9978
vn 0.0207 0.0166 -0.9996
vn 0.1568 0.0997 -0.9826
vn 0.3780 0.1837 -0.9074
vn 0.5312 0.1289 -0.8374
vn 0.7112 0.0039 -0.7029
vn 0.8674 -0.0156 -0.4973
vn 0.9323 0.1095 -0.3449
vn 0.9296 0.0719 -0.3614
vn 0.9868 0.0571 -0.1513
vn 0.9937 0.0523 0.0994
vn 0.8411 0.5400 0.0320
vn 0.7858 0.5277 -0.3227
vn 0.8288 0.5585 -0.0336
vn 0.7711 0.5935 -0.2307
vn 0.7153 0.4843 -0.5037
vn 0.5622 0.2956 -0.7723
vn 0.6725 0.4695 -0.5721
vn 0.2749 0.1363 -0.9518
vn 0.5615 0.3725 -0.7389
vn 0.3408 0.0842 -0.9363
vn -0.0314 -0.0552 -0.9980
vn 0.0540 -0.0934 -0.9942
vn -0.3657 -0.2234 -0.9035
vn -0.2881 -0.2927 -0.9118
vn -0.7115 -0.3288 -0.6210
vn -0.6393 -0.4336 -0.6351
vn -0.9401 -0.2092 -0.2693
vn -0.8590 -0.3757 -0.3477
vn -0.9682 0.0548 -0.2441
vn -0.8739 -0.4507 -0.1820
vn -0.9920 -0.1158 -0.0503
vn 0.8309 0.4772 -0.2862
vn 0.8454 0.5341 0.0118
vn 0.7264 0.4174 -0.5460
vn 0.5066 0.3410 -0.7919
vn 0.2323 0.1823 -0.9554
vn -0.0788 -0.0458 -0.9958
vn -0.3875 -0.2137 -0.8968
vn -0.6774 -0.3704 -0.6356
vn -0.8350 -0.5064 -0.2150
vn -0.9256 -0.3277 -0.1896
vn -0.9901 -0.0651 -0.1243
vn 0.8185 0.4875 -0.3040
vn 0.8556 0.5162 0.0390
vn 0.6584 0.4279 -0.6192
vn 0.4509 0.3167 -0.8345
vn 0.2448 0.1592 -0.9564
vn -0.0863 -0.0698 -0.9938
vn -0.4054 -0.2086 -0.8900
vn -0.6844 -0.3483 -0.6405
vn -0.8386 -0.4623 -0.2880
vn -0.7624 -0.6441 -0.0620
vn 0.7457 0.5653 -0.3526
vn 0.8205 0.5715 -0.0154
vn 0.5693 0.4561 -0.6840
vn 0.4005 0.3454 -0.8487
vn 0.2874 0.1755 -0.9416
vn 0.1178 -0.1040 -0.9876
vn -0.2533 -0.3589 -0.8983
vn -0.6705 -0.3576 -0.6500
vn -0.8699 -0.3786 -0.3162
vn -0.8825 -0.4685 -0.0408
vn -0.9467 -0.3134 -0.0741
vn 0.6144 0.6826 -0.3957
vn 0.6943 0.7169 -0.0629
vn 0.5083 0.5251 -0.6826
vn 0.4523 0.3254 -0.8304
vn 0.3575 0.2200 -0.9077
vn 0.2791 0.0378 -0.9595
vn 0.2375 -0.3429 -0.9089
vn 0.0569 -0.5885 -0.8065
vn -0.1435 -0.8739 -0.4645
vn -0.2806 -0.9550 -0.0957
vn -0.7384 -0.6732 -0.0383
vn 0.4538 0.7809 -0.4292
vn 0.5080 0.8587 -0.0681
vn 0.2300 0.4783 -0.8475
vn 0.2345 0.2830 -0.9300
vn 0.6455 -0.3713 -0.6674
vn 0.8579 -0.4193 -0.2969
vn 0.9154 -0.4022 0.0187
vn 0.8877 -0.4106 0.2085
vn 0.8159 0.4741 0.3311
vn 0.7532 0.5397 0.3760
vn 0.7012 0.4399 0.5611
vn 0.6179 0.4853 0.6186
vn 0.5636 0.3863 0.7302
vn 0.5044 0.4260 0.7511
vn 0.4110 0.2129 0.8864
vn 0.2935 0.1981 0.9352
vn 0.3212 0.0127 0.9469
vn -0.1700 -0.1943 0.9661
vn -0.1245 -0.3654 0.9225
vn -0.5544 -0.4938 0.6699
vn -0.4782 -0.6620 0.5771
vn -0.7146 -0.4959 0.4933
vn -0.5563 -0.6572 0.5086
vn -0.8615 -0.4755 0.1780
vn -0.6464 -0.7208 0.2502
vn -0.9920 -0.1159 -0.0502
vn -0.8119 -0.5807 0.0606
vn 0.6382 0.3971 0.6596
vn 0.5192 0.3756 0.7677
vn 0.4405 0.3413 0.8303
vn 0.4103 0.3490 0.8425
vn 0.3320 0.2327 0.9141
vn -0.1131 -0.1323 0.9847
vn -0.5389 -0.4805 0.6919
vn -0.7382 -0.5063 0.4457
vn -0.9322 -0.3535 0.0775
vn 0.7869 0.4875 0.3783
vn 0.6693 0.3258 0.6678
vn 0.5455 0.2679 0.7941
vn 0.4786 0.2809 0.8319
vn 0.3726 0.2359 0.8975
vn -0.0461 -0.0830 0.9955
vn -0.5172 -0.4611 0.7210
vn -0.7874 -0.4947 0.3677
vn -0.9663 -0.2562 0.0268
vn 0.8128 0.4539 0.3651
vn 0.6454 0.3567 0.6754
vn 0.5545 0.2443 0.7955
vn 0.5364 0.1943 0.8213
vn 0.4582 0.1773 0.8710
vn 0.0748 -0.0569 0.9956
vn -0.4748 -0.4466 0.7584
vn -0.7806 -0.5199 0.3468
vn -0.8794 -0.4687 0.0838
vn 0.8010 0.4913 0.3421
vn 0.5686 0.4943 0.6575
vn 0.5242 0.2968 0.7982
vn 0.5159 0.2803 0.8095
vn 0.5471 0.1469 0.8240
vn 0.2888 -0.0563 0.9557
vn -0.2991 -0.4557 0.8384
vn -0.5656 -0.6619 0.4920
vn -0.3027 -0.9100 0.2834
vn 0.1490 -0.9865 0.0680
vn 0.4663 0.7984 0.3810
vn 0.6611 0.6658 0.3460
vn 0.5916 0.0653 0.8035
vn 0.4732 -0.3597 0.8042
vn 0.3033 -0.7366 0.6045
vn 0.5772 -0.7322 0.3614
vn -0.6914 -0.7196 0.0643
vn -0.6341 -0.6938 -0.3415
vn -0.8022 -0.5961 -0.0336
vn -0.6909 -0.7220 -0.0380
vn -0.6452 -0.6978 -0.3111
vn -0.7408 -0.6622 0.1128
vn -0.7426 -0.6459 -0.1771
vn -0.7869 -0.6101 0.0919
vn -0.7431 -0.6607 -0.1060
vn -0.7334 -0.6757 0.0746
vn -0.6942 -0.6944 -0.1894
vn -0.6935 -0.7140 0.0963
vn -0.7295 -0.6377 -0.2472
vn -0.7383 -0.6731 0.0428
vn -0.7413 -0.6071 -0.2864
vn -0.7572 -0.6528 -0.0199
vn -0.7609 -0.5702 -0.3096
vn -0.7759 -0.6291 -0.0469
vn -0.7053 -0.5961 -0.3836
vn -0.7579 -0.6491 -0.0652
vn -0.7935 -0.5136 -0.3263
vn -0.8534 -0.5084 -0.1150
vn -0.7798 -0.6088 -0.1457
vn -0.8908 -0.4420 -0.1058
vn -0.7645 -0.6411 0.0673
vn -0.6812 -0.7191 0.1376
vn -0.6826 -0.7210 -0.1194
vn -0.6358 -0.7403 0.2182
vn -0.7103 -0.7009 -0.0656
vn -0.6705 -0.7411 0.0335
vn -0.8618 -0.4802 -0.1635
vn -0.7053 -0.5916 -0.3907
vn -0.8417 -0.4671 -0.2708
vn -0.5476 -0.6603 -0.5140
vn -0.5698 -0.6333 -0.5237
vn -0.6321 -0.6104 -0.4774
vn -0.6169 -0.5897 -0.5212
vn -0.6243 -0.5408 -0.5638
vn -0.6463 -0.5105 -0.5671
vn -0.6673 -0.4702 -0.5776
vn -0.6262 -0.5195 -0.5813
vn -0.6515 -0.5717 -0.4987
vn -0.7186 -0.5948 -0.3603
vn -0.6717 -0.6361 -0.3796
vn -0.7438 -0.5621 -0.3616
vn -0.6356 -0.6991 -0.3274
vn -0.8251 -0.4539 -0.3365
vn -0.6796 -0.4980 -0.5387
vn -0.6063 -0.4281 -0.6702
vn -0.5319 -0.5569 -0.6379
vn -0.4218 -0.4988 -0.7572
vn -0.3548 -0.4339 -0.8281
vn -0.3664 -0.3966 -0.8417
vn -0.4026 -0.3716 -0.8365
vn -0.4319 -0.3649 -0.8248
vn -0.4759 -0.3778 -0.7942
vn -0.5334 -0.3954 -0.7478
vn -0.3670 -0.4867 -0.7928
vn -0.5336 -0.4618 -0.7086
vn -0.5003 -0.4742 -0.7245
vn -0.5605 -0.4884 -0.6688
vn -0.5172 -0.5916 -0.6185
vn -0.6310 -0.4398 -0.6390
vn -0.2561 -0.3087 -0.9160
vn -0.0989 -0.2784 -0.9554
vn -0.2756 -0.3156 -0.9080
vn -0.2150 -0.2742 -0.9373
vn -0.1507 -0.2266 -0.9623
vn -0.1021 -0.1966 -0.9752
vn -0.1154 -0.1799 -0.9769
vn -0.1565 -0.1970 -0.9678
vn -0.1919 -0.2362 -0.9526
vn -0.2969 -0.2303 -0.9267
vn -0.2450 -0.2567 -0.9349
vn -0.1234 -0.2461 -0.9614
vn -0.2140 -0.2455 -0.9455
vn -0.2578 -0.3053 -0.9167
vn -0.2302 -0.3513 -0.9075
vn -0.2954 -0.3019 -0.9064
vn 0.2738 -0.0187 -0.9616
vn 0.2561 -0.0516 -0.9653
vn 0.1997 -0.0066 -0.9798
vn 0.1365 -0.0138 -0.9906
vn 0.0914 -0.0217 -0.9956
vn 0.1001 -0.0239 -0.9947
vn 0.1070 -0.0241 -0.9940
vn 0.0972 -0.0375 -0.9946
vn 0.0852 -0.0511 -0.9951
vn 0.0848 -0.0502 -0.9951
vn -0.0336 -0.0296 -0.9990
vn 0.0562 -0.0426 -0.9975
vn 0.0404 -0.0542 -0.9977
vn 0.0809 -0.0652 -0.9946
vn 0.0833 -0.1054 -0.9909
vn 0.0486 -0.1125 -0.9925
vn 0.4979 0.1625 -0.8519
vn 0.4454 0.1437 -0.8837
vn 0.4988 0.1802 -0.8478
vn 0.4494 0.1757 -0.8759
vn 0.3903 0.1590 -0.9068
vn 0.3346 0.1390 -0.9321
vn 0.3173 0.1330 -0.9390
vn 0.3266 0.1312 -0.9360
vn 0.3363 0.1276 -0.9331
vn 0.3289 0.1341 -0.9348
vn 0.2941 0.2030 -0.9340
vn 0.3390 0.2044 -0.9183
vn 0.3295 0.1265 -0.9357
vn 0.2686 0.1423 -0.9527
vn 0.3417 0.1071 -0.9337
vn 0.3399 0.0845 -0.9366
vn 0.6481 0.2953 -0.7020
vn 0.6580 0.3074 -0.6874
vn 0.6469 0.2954 -0.7030
vn 0.6442 0.3027 -0.7024
vn 0.6314 0.3051 -0.7129
vn 0.6013 0.2983 -0.7412
vn 0.5579 0.3040 -0.7722
vn 0.5549 0.3120 -0.7712
vn 0.5761 0.3033 -0.7590
vn 0.5591 0.3006 -0.7727
vn 0.5071 0.3163 -0.8017
vn 0.3986 0.3263 -0.8571
vn 0.5593 0.3119 -0.7681
vn 0.5782 0.3380 -0.7426
vn 0.5254 0.3070 -0.7935
vn 0.5812 0.2931 -0.7591
vn 0.7845 0.3930 -0.4797
vn 0.7936 0.3955 -0.4623
vn 0.7727 0.3957 -0.4964
vn 0.7670 0.4051 -0.4976
vn 0.7671 0.4099 -0.4935
vn 0.7686 0.4018 -0.4978
vn 0.7413 0.4070 -0.5337
vn 0.6977 0.4331 -0.5707
vn 0.7216 0.4289 -0.5434
vn 0.7439 0.4029 -0.5332
vn 0.7228 0.3876 -0.5721
vn 0.6204 0.4538 -0.6397
vn 0.5643 0.4812 -0.6708
vn 0.6848 0.4548 -0.5694
vn 0.7194 0.4322 -0.5438
vn 0.6993 0.4760 -0.5333
vn 0.8561 0.4555 -0.2441
vn 0.8470 0.4587 -0.2687
vn 0.8531 0.4559 -0.2537
vn 0.8392 0.4615 -0.2877
vn 0.8313 0.4606 -0.3111
vn 0.8320 0.4540 -0.3189
vn 0.8372 0.4565 -0.3012
vn 0.8105 0.4960 -0.3116
vn 0.7929 0.4948 -0.3557
vn 0.8119 0.4832 -0.3277
vn 0.8338 0.4939 -0.2467
vn 0.8250 0.5351 -0.1817
vn 0.7750 0.5768 -0.2584
vn 0.8045 0.5409 -0.2453
vn 0.7376 0.5902 -0.3281
vn 0.7601 0.5714 -0.3094
vn 0.8726 0.4883 -0.0150
vn 0.8609 0.5082 -0.0233
vn 0.8780 0.4787 -0.0059
vn 0.8829 0.4598 -0.0958
vn 0.8678 0.4729 -0.1528
vn 0.8585 0.4888 -0.1549
vn 0.8559 0.5107 -0.0812
vn 0.8580 0.5120 -0.0419
vn 0.8259 0.5594 -0.0706
vn 0.8571 0.5102 -0.0713
vn 0.8046 0.5930 0.0311
vn 0.7929 0.5788 0.1904
vn 0.7878 0.5485 0.2801
vn 0.8308 0.5378 0.1435
vn 0.7626 0.5955 0.2525
vn 0.8397 0.5424 0.0259
vn 0.8371 0.4967 0.2291
vn 0.8469 0.4891 0.2085
vn 0.8753 0.4520 0.1719
vn 0.8932 0.4346 0.1154
vn 0.8665 0.4803 0.1359
vn 0.8397 0.5163 0.1681
vn 0.8212 0.5303 0.2108
vn 0.8405 0.4993 0.2106
vn 0.8246 0.5057 0.2538
vn 0.7770 0.5536 0.2997
vn 0.7266 0.6184 0.2995
vn 0.7187 0.6313 0.2916
vn 0.7389 0.5715 0.3569
vn 0.7613 0.5055 0.4060
vn 0.8218 0.4417 0.3599
vn 0.7539 0.4438 0.4844
vn 0.7827 0.4361 0.4441
vn 0.8228 0.4024 0.4013
vn 0.7265 0.4100 0.5514
vn 0.6972 0.4045 0.5919
vn 0.6581 0.4208 0.6244
vn 0.7292 0.4211 0.5394
vn 0.7162 0.4360 0.5449
vn 0.6884 0.4453 0.5725
vn 0.6649 0.4630 0.5861
vn 0.6806 0.5048 0.5310
vn 0.7033 0.5673 0.4284
vn 0.7141 0.5909 0.3754
vn 0.7462 0.5383 0.3918
vn 0.8057 0.4804 0.3465
vn 0.7526 0.4427 0.4874
vn 0.5855 0.3189 0.7453
vn 0.6435 0.3241 0.6935
vn 0.5403 0.3436 0.7681
vn 0.4394 0.3132 0.8419
vn 0.3354 0.2398 0.9111
vn 0.4450 0.1993 0.8731
vn 0.4974 0.2287 0.8368
vn 0.4282 0.2533 0.8674
vn 0.3795 0.2334 0.8953
vn 0.4600 0.2458 0.8532
vn 0.4850 0.2803 0.8284
vn 0.5104 0.3197 0.7983
vn 0.5596 0.3709 0.7412
vn 0.5733 0.4105 0.7091
vn 0.7060 0.4361 0.5580
vn 0.5681 0.3882 0.7257
vn 0.3611 0.1386 0.9222
vn 0.2639 0.1551 0.9520
vn 0.1384 0.1678 0.9761
vn 0.0669 0.1495 0.9865
vn 0.0945 0.0633 0.9935
vn 0.2660 0.0056 0.9640
vn 0.1174 0.0331 0.9925
vn 0.0941 0.0506 0.9943
vn 0.1211 0.0036 0.9926
vn 0.2210 -0.0110 0.9752
vn 0.2014 0.0347 0.9789
vn 0.2165 0.0459 0.9752
vn 0.2196 0.0632 0.9735
vn 0.1768 0.0768 0.9813
vn 0.4970 0.4005 0.7698
vn 0.2795 0.0840 0.9565
vn -0.0208 0.0287 0.9994
vn -0.3285 -0.0818 0.9409
vn -0.2271 -0.1016 0.9686
vn -0.2198 -0.0492 0.9743
vn 0.0675 -0.0811 0.9944
vn -0.1612 -0.1546 0.9747
vn -0.1827 -0.1828 0.9660
vn -0.0931 -0.1300 0.9871
vn 0.0064 -0.1370 0.9905
vn -0.0471 -0.1834 0.9819
vn -0.0081 -0.1627 0.9866
vn 0.0384 -0.1246 0.9915
vn 0.0418 -0.0582 0.9974
vn 0.1129 -0.0303 0.9932
vn 0.4590 0.2096 0.8634
vn 0.3522 -0.0680 0.9335
vn -0.5533 -0.0142 0.8329
vn -0.6281 -0.2608 0.7331
vn -0.4474 -0.3479 0.8239
vn -0.2445 -0.2459 0.9380
vn -0.2963 -0.2307 0.9268
vn -0.4799 -0.2816 0.8309
vn -0.2828 -0.3585 0.8897
vn -0.2551 -0.3202 0.9123
vn -0.2238 -0.3046 0.9258
vn -0.1786 -0.3100 0.9338
vn -0.1049 -0.2995 0.9483
vn -0.0833 -0.2743 0.9580
vn -0.0441 -0.2221 0.9740
vn 0.0003 -0.2372 0.9715
vn 0.4068 0.0357 0.9128
vn -0.1626 -0.3691 0.9151
vn -0.8455 -0.1951 0.4970
vn -0.6230 -0.3684 0.6900
vn -0.5747 -0.5185 0.6331
vn -0.4720 -0.4844 0.7366
vn -0.6317 -0.3597 0.6867
vn -0.4525 -0.3757 0.8088
vn -0.3792 -0.4500 0.8085
vn -0.3931 -0.4460 0.8041
vn -0.3409 -0.4382 0.8318
vn -0.2989 -0.4505 0.8412
vn -0.3471 -0.4724 0.8101
vn -0.3920 -0.4982 0.7734
vn -0.5262 -0.4894 0.6954
vn -0.7861 -0.4236 0.4502
vn -0.2038 -0.3182 0.9258
vn -0.6670 -0.6265 0.4032
vn -0.8403 -0.4770 0.2577
vn -0.6167 -0.4708 0.6309
vn -0.6176 -0.5656 0.5465
vn -0.6628 -0.5804 0.4732
vn -0.6797 -0.5136 0.5236
vn -0.5560 -0.5498 0.6234
vn -0.5488 -0.5688 0.6126
vn -0.5264 -0.5769 0.6245
vn -0.5312 -0.5871 0.6108
vn -0.6006 -0.5906 0.5389
vn -0.6415 -0.6019 0.4756
vn -0.7153 -0.5783 0.3922
vn -0.8976 -0.4093 0.1638
vn -0.8752 -0.4627 0.1414
vn -0.3630 -0.6659 0.6517
vn -0.3428 -0.7899 0.5084
vn -0.7115 -0.6882 0.1418
vn -0.6897 -0.6160 0.3806
vn -0.6727 -0.6000 0.4331
vn -0.7481 -0.5966 0.2905
vn -0.7284 -0.6290 0.2716
vn -0.6715 -0.6716 0.3131
vn -0.6586 -0.6694 0.3438
vn -0.6861 -0.6642 0.2970
vn -0.7357 -0.6432 0.2124
vn -0.7363 -0.6422 0.2131
vn -0.7648 -0.6158 0.1894
vn -0.8891 -0.4576 -0.0094
vn -0.8717 -0.4871 0.0535
vn -0.5282 -0.6348 0.5639
vn -0.4939 -0.6983 0.5181
vn -0.4635 -0.8151 0.3476
vn -0.6909 -0.7219 -0.0380
vn -0.7407 -0.6623 0.1128
vn -0.7869 -0.6102 0.0919
vn -0.7334 -0.6756 0.0746
vn -0.6935 -0.7140 0.0964
vn -0.7383 -0.6731 0.0429
vn -0.7759 -0.6292 -0.0468
vn -0.7579 -0.6492 -0.0651
vn -0.8534 -0.5084 -0.1149
vn -0.8908 -0.4419 -0.1059
vn -0.6358 -0.7403 0.2183
vn -0.6812 -0.7191 0.1375
vn -0.7966 -0.5789 0.1741
vn -0.6705 -0.7411 0.0334
vn -0.1325 0.8794 0.4573
vn 0.4587 0.8274 -0.3239
vn 0.5925 0.7839 -0.1858
vn 0.1221 0.8844 -0.4504
vn -0.0363 0.6643 0.7466
vn -0.0898 0.6557 0.7497
vn -0.2256 0.9433 -0.2434
vn 0.4187 0.6711 0.6118
vn 0.3149 0.6609 0.6812
vn 0.1520 0.8812 0.4476
vn -0.3269 0.8612 -0.3892
vn 0.2057 0.9636 -0.1706
vn -0.6223 0.7003 0.3496
vn -0.1382 0.8676 0.4776
vn 0.6898 0.7238 -0.0157
vn -0.1127 0.6520 0.7498
vn 0.1452 0.9000 -0.4109
vn 0.5348 0.6878 0.4908
vn 0.1191 0.8864 0.4473
vn -0.4638 0.8182 -0.3397
vn -0.6593 0.7167 0.2274
vn 0.2531 0.9664 0.0447
vn 0.0577 0.8692 -0.4912
vn 0.0438 0.6677 0.7431
vn -0.1737 0.8550 0.4887
vn 0.7276 0.6735 0.1303
vn -0.1456 0.6523 0.7438
vn 0.1420 0.9173 -0.3719
vn 0.6237 0.7043 0.3390
vn 0.1261 0.8678 0.4807
vn -0.5861 0.7790 -0.2229
vn -0.0566 0.8741 -0.4824
vn 0.1177 0.6651 0.7374
vn -0.2239 0.8743 0.4307
vn 0.7057 0.6718 0.2251
vn -0.2057 0.6604 0.7222
vn 0.1407 0.9348 -0.3260
vn 0.6569 0.7200 0.2240
vn 0.1669 0.8559 0.4895
vn -0.6828 0.7279 -0.0625
vn 0.1290 0.8774 -0.4622
vn -0.0321 0.8022 0.5962
vn -0.1613 0.8882 -0.4302
vn 0.1823 0.6576 0.7310
vn -0.2367 0.9350 0.2642
vn 0.6890 0.6936 0.2104
vn -0.2987 0.6784 0.6712
vn 0.2182 0.8828 0.4160
vn -0.7234 0.6850 0.0859
vn -0.1312 0.8468 0.5155
vn 0.2949 0.8671 -0.4014
vn -0.2558 0.9658 0.0432
vn 0.2381 0.6560 0.7162
vn 0.0012 0.7988 0.6016
vn -0.0355 0.8597 -0.5095
vn -0.4204 0.6718 0.6099
vn 0.2113 0.9573 -0.1973
vn -0.7059 0.6818 0.1919
vn -0.1563 0.8728 0.4624
vn -0.6915 0.6960 0.1937
vn -0.2322 0.9253 -0.2999
vn -0.1924 0.8645 -0.4644
vn -0.5372 0.6822 0.4960
vn 0.4882 0.7695 -0.4116
vn 0.2738 0.5663 0.7774
vn -0.0480 0.5568 0.8293
vn -0.1083 0.5652 0.8178
vn 0.6217 0.7322 -0.2783
vn 0.3578 0.5785 0.7330
vn -0.1301 0.5692 0.8118
vn 0.7318 0.6721 -0.1131
vn 0.4691 0.5888 0.6583
vn -0.1638 0.5724 0.8035
vn 0.7884 0.6133 0.0488
vn 0.7126 0.5875 0.3834
vn 0.5990 0.5926 0.5386
vn -0.2351 0.5714 0.7863
vn 0.8054 0.5744 0.1460
vn -0.3433 0.5663 0.7493
vn 0.7969 0.5789 0.1726
vn 0.7888 0.5720 0.2250
vn -0.4698 0.5839 0.6620
vn -0.1848 0.7916 -0.5825
vn -0.0327 0.8163 -0.5768
vn -0.7868 0.5737 0.2277
vn -0.7987 0.5816 0.1544
vn -0.5990 0.5917 0.5396
vn -0.3607 0.7539 -0.5492
vn -0.7096 0.5862 0.3910
vn -0.4904 0.7642 -0.4189
vn -0.6100 0.7327 -0.3017
vn 0.0531 0.5530 0.8315
vn -0.7213 0.6748 -0.1560
vn -0.7854 0.6190 -0.0025
vn 0.1285 0.7932 -0.5952
vn 0.1465 0.5576 0.8171
vn -0.8075 0.5805 0.1051
vn 0.3254 0.7758 -0.5406
vn 0.2099 0.5669 0.7966
vn -0.0057 0.9522 0.3054
vn -0.3749 -0.7226 -0.5807
vn 0.4824 -0.7311 0.4825
vn -0.5180 -0.7358 -0.4363
vn 0.3425 -0.6484 0.6799
vn -0.3660 -0.7740 -0.5166
vn 0.3805 -0.6536 0.6543
vn -0.2177 -0.6470 0.7308
vn 0.3613 -0.8038 -0.4726
vn 0.2528 -0.7865 -0.5635
vn 0.5479 -0.7379 0.3942
vn -0.6243 -0.7031 -0.3403
vn 0.7081 -0.6740 -0.2105
vn -0.6070 -0.7802 0.1511
vn -0.5853 -0.7559 0.2932
vn -0.3806 -0.6142 0.6913
vn 0.5037 -0.7987 -0.3292
vn -0.1036 -0.5998 0.7934
vn 0.0633 -0.7966 -0.6012
vn -0.0446 -0.5871 0.8083
vn 0.5918 -0.7644 0.2557
vn -0.7173 -0.6649 -0.2082
vn -0.4564 -0.7966 -0.3965
vn 0.5015 -0.6208 0.6026
vn -0.5924 -0.5966 0.5414
vn 0.6021 -0.7725 -0.2019
vn -0.7410 -0.6706 -0.0341
vn 0.6373 -0.7645 0.0973
vn -0.5733 -0.7912 -0.2130
vn 0.6420 -0.6350 0.4296
vn 0.1376 -0.7815 -0.6086
vn 0.1281 -0.7884 -0.6017
vn -0.7375 -0.6685 0.0959
vn 0.6465 -0.7627 0.0155
vn 0.0339 -0.7791 -0.6260
vn 0.0107 -0.7119 0.7022
vn -0.0589 -0.6913 0.7201
vn -0.6276 -0.7718 -0.1023
vn 0.6877 -0.6729 0.2727
vn -0.6909 -0.6262 0.3613
vn 0.6343 -0.7685 -0.0836
vn 0.0431 -0.7429 -0.6680
vn -0.0506 -0.7402 0.6704
vn -0.7330 -0.6411 0.2272
vn -0.0445 -0.8028 -0.5946
vn 0.0759 -0.5868 0.8062
vn 0.1511 -0.6719 -0.7250
vn -0.2225 -0.7385 0.6365
vn -0.1079 -0.6248 0.7733
vn 0.1720 -0.7917 -0.5862
vn 0.3233 -0.6380 -0.6988
vn -0.3424 -0.7433 0.5747
vn -0.6218 -0.7830 -0.0164
vn 0.7158 -0.6824 0.1480
vn -0.0163 -0.6981 0.7158
vn -0.0287 -0.7532 -0.6571
vn -0.1620 -0.7933 -0.5868
vn 0.2040 -0.6097 0.7660
vn 0.4287 -0.6657 -0.6108
vn -0.4464 -0.7564 0.4782
vn 0.1143 -0.6700 0.7335
vn -0.1437 -0.7539 -0.6411
vn -0.2539 -0.7827 -0.5682
vn 0.2906 -0.6320 0.7184
vn -0.1420 -0.6241 0.7684
vn 0.2044 -0.6749 0.7090
vn -0.2262 -0.7336 -0.6409
vn -0.3231 -0.7754 -0.5425
vn 0.5362 -0.7013 -0.4697
vn -0.5457 -0.7506 0.3725
vn 0.3480 -0.7145 0.6069
vn 0.6243 -0.7160 -0.3124
vn 0.7592 -0.6492 -0.0454
vn -0.3713 -0.7654 -0.5256
vn -0.3292 -0.7604 -0.5599
vn 0.6452 -0.7195 0.2569
vn 0.6709 -0.7357 0.0927
vn -0.2575 -0.7625 -0.5936
vn 0.5704 -0.7208 0.3938
vn -0.6738 -0.7259 0.1379
vn -0.1653 -0.7609 -0.6275
vn 0.5189 -0.6943 0.4987
vn 0.6815 -0.7318 0.0062
vn 0.6711 -0.7340 -0.1040
vn 0.0647 -0.7691 -0.6359
vn -0.0445 -0.7646 -0.6430
vn -0.6191 -0.7277 0.2952
vn 0.6378 -0.7353 -0.2292
vn 0.3861 -0.6574 0.6471
vn -0.5769 -0.7224 0.3813
vn 0.5574 -0.7263 -0.4023
vn 0.1112 -0.6567 0.7459
vn 0.2127 -0.6644 0.7165
vn -0.4948 -0.7003 0.5145
vn 0.3829 -0.7404 -0.5524
vn -0.0273 -0.6537 0.7562
vn -0.3588 -0.7175 0.5970
vn 0.2529 -0.7617 -0.5966
vn -0.0779 -0.7014 0.7085
vn -0.2410 -0.7096 0.6620
vn 0.1702 -0.7705 -0.6143
vn -0.6636 -0.7474 -0.0327
vn -0.0676 -0.6912 0.7195
vn 0.1371 -0.7848 -0.6044
vn -0.6593 -0.7428 -0.1160
vn 0.0058 -0.7138 0.7003
vn 0.1300 -0.7768 -0.6162
vn -0.6280 -0.7300 -0.2695
vn -0.4908 -0.7402 -0.4595
vn 0.0124 -0.9963 0.0850
vn -0.2139 -0.9767 0.0171
vn 0.9079 -0.4190 -0.0150
vn 0.8826 -0.4412 -0.1624
vn 0.9426 -0.2996 -0.1474
vn -0.1542 -0.9858 0.0666
vn -0.1437 -0.9657 0.2165
vn 0.9663 -0.2560 0.0288
vn -0.1488 -0.9848 -0.0897
vn -0.1046 -0.9376 0.3316
vn 0.8964 -0.3434 -0.2803
vn 0.5127 -0.5099 0.6907
vn 0.3041 -0.8013 -0.5152
vn 0.1266 -0.8727 -0.4715
vn 0.0056 -0.8948 0.4465
vn 0.8096 -0.3774 -0.4495
vn 0.8732 -0.2898 0.3919
vn 0.0251 -0.9264 -0.3757
vn -0.0792 -0.9679 -0.2386
vn -0.1582 -0.6342 0.7568
vn 0.2454 -0.5598 0.7914
vn 0.7208 -0.3815 0.5787
vn 0.1375 -0.8197 0.5560
vn 0.6419 -0.4964 -0.5844
vn 0.9395 -0.2701 0.2107
vn 0.2489 -0.7504 0.6124
vn 0.4735 -0.6348 -0.6105
vn -0.3912 -0.7966 0.4609
vn 0.5704 -0.6846 -0.4538
vn 0.4069 -0.7073 0.5780
vn 0.1951 -0.7536 -0.6277
vn -0.4027 -0.9101 -0.0976
vn 0.5926 -0.6209 0.5132
vn 0.7796 -0.5116 0.3613
vn -0.2144 -0.8740 -0.4360
vn -0.3212 -0.9389 0.1240
vn 0.8612 -0.4577 0.2209
vn -0.2936 -0.9399 0.1744
vn 0.8051 -0.5272 -0.2717
vn -0.2709 -0.9569 0.1046
vn 0.8690 -0.4692 -0.1571
vn 0.1943 -0.9793 0.0574
vn -0.9184 -0.3956 -0.0004
vn 0.2708 -0.9525 0.1391
vn -0.8907 -0.4403 -0.1131
vn -0.8959 -0.4285 -0.1176
vn 0.2413 -0.9571 0.1605
vn -0.8116 -0.5202 -0.2659
vn 0.3045 -0.8752 0.3758
vn -0.5768 -0.6829 -0.4483
vn -0.4961 -0.4127 0.7639
vn -0.3254 -0.7881 -0.5224
vn -0.2435 -0.5066 0.8271
vn 0.3961 -0.9095 -0.1258
vn -0.6020 -0.6036 0.5227
vn 0.1682 -0.8730 -0.4578
vn 0.1130 -0.6974 0.7077
vn -0.6834 -0.3668 0.6312
vn -0.1197 -0.8650 -0.4873
vn -0.3970 -0.6992 0.5946
vn -0.2188 -0.7265 -0.6514
vn 0.3404 -0.9311 0.1309
vn -0.7888 -0.4964 0.3626
vn -0.8345 -0.3428 0.4313
vn 0.0105 -0.9277 -0.3733
vn -0.9613 -0.2729 0.0376
vn 0.1665 -0.9813 -0.0966
vn -0.9200 -0.3145 0.2337
vn 0.1060 -0.9670 -0.2316
vn -0.4898 -0.6026 -0.6301
vn -0.2290 -0.7464 0.6249
vn -0.9412 -0.3064 -0.1426
vn 0.1758 -0.9828 0.0571
vn -0.8967 -0.3451 -0.2771
vn 0.0333 -0.8973 0.4402
vn 0.1308 -0.9364 0.3257
vn -0.8654 -0.4451 0.2304
vn 0.1691 -0.9631 0.2093
vn -0.8153 -0.3768 -0.4397
vn -0.1059 -0.8245 0.5559
vn -0.6580 -0.4664 -0.5911
vn -0.7028 -0.4087 0.5823
vn 0.2298 -0.9490 0.2160
vn 0.2592 -0.9646 0.0487
vn -0.6429 -0.5032 -0.5775
vn -0.8657 -0.4026 -0.2974
vn -0.8772 -0.3584 0.3194
vn 0.1835 -0.9222 0.3405
vn -0.3112 -0.7011 -0.6416
vn -0.9062 -0.3809 0.1838
vn 0.1105 -0.8693 0.4817
vn -0.0897 -0.8238 -0.5598
vn -0.0438 -0.7849 0.6180
vn 0.0710 -0.8895 -0.4514
vn -0.1955 -0.7098 0.6767
vn 0.1897 -0.9388 -0.2876
vn -0.9074 -0.4045 -0.1139
vn -0.8888 -0.4570 0.0338
vn 0.2381 -0.9638 -0.1203
vn -0.9179 -0.3818 -0.1084
vn -0.3870 -0.5700 0.7248
vn 0.2162 -0.7124 0.6676
vn -0.1591 -0.9463 -0.2816
vn 0.8902 -0.4267 -0.1597
vn 0.4068 -0.5755 0.7095
vn -0.2101 -0.9717 -0.1081
vn 0.9184 -0.3708 -0.1381
vn -0.2352 -0.9701 0.0592
vn 0.8586 -0.4056 -0.3135
vn 0.7101 -0.4230 0.5628
vn -0.2060 -0.9527 0.2234
vn 0.6221 -0.5358 -0.5709
vn 0.8646 -0.3901 0.3167
vn -0.1570 -0.9250 0.3460
vn 0.2980 -0.7193 -0.6275
vn 0.8907 -0.4125 0.1909
vn -0.0792 -0.8667 0.4925
vn 0.0827 -0.8262 -0.5572
vn 0.8825 -0.4702 0.0111
vn 0.0762 -0.7824 0.6181
vn -0.0553 -0.8905 -0.4516
vn -0.3729 -0.9236 0.0890
vn 0.3779 -0.9226 0.0767
vn 0.7592 -0.6493 -0.0453
vn 0.7158 -0.6825 0.1480
vn 0.7081 -0.6741 -0.2104
vn 0.6242 -0.7161 -0.3125
vn 0.4285 -0.6658 -0.6108
vn 0.3232 -0.6381 -0.6988
vn 0.1510 -0.6720 -0.7250
vn 0.0431 -0.7430 -0.6679
vn 0.0339 -0.7792 -0.6259
vn -0.7409 -0.6707 -0.0341
vn -0.7173 -0.6650 -0.2081
vn -0.6244 -0.7032 -0.3401
vn -0.5180 -0.7358 -0.4362
vn -0.3749 -0.7227 -0.5806
vn -0.2263 -0.7336 -0.6408
vn -0.0288 -0.7533 -0.6571
vn 0.6876 -0.6729 0.2726
vn 0.6420 -0.6351 0.4295
vn 0.5014 -0.6209 0.6026
vn 0.3804 -0.6536 0.6542
vn 0.3425 -0.6485 0.6798
vn 0.2906 -0.6321 0.7184
vn 0.2041 -0.6097 0.7659
vn 0.0759 -0.5869 0.8061
vn -0.0445 -0.5872 0.8082
vn -0.7374 -0.6686 0.0960
vn -0.7330 -0.6412 0.2273
vn -0.6908 -0.6263 0.3613
vn -0.3805 -0.6143 0.6913
vn -0.2176 -0.6470 0.7307
vn -0.1421 -0.6241 0.7683
vn -0.1079 -0.6249 0.7732
vn -0.1035 -0.5999 0.7933
vn -0.2936 -0.9399 0.1745
vn -0.1581 -0.6342 0.7568
vn 0.2454 -0.5599 0.7914
vn 0.5127 -0.5100 0.6907
vn 0.7208 -0.3816 0.5787
vn 0.8732 -0.2899 0.3918
vn 0.9395 -0.2702 0.2106
vn 0.9662 -0.2560 0.0288
vn 0.9426 -0.2997 -0.1474
vn 0.8096 -0.3775 -0.4495
vn 0.6419 -0.4965 -0.5844
vn 0.4735 -0.6349 -0.6105
vn 0.1952 -0.7536 -0.6277
vn -0.2144 -0.8741 -0.4359
vn -0.4026 -0.9101 -0.0976
vn -0.3211 -0.9389 0.1240
vn 0.2413 -0.9571 0.1604
vn 0.3044 -0.8753 0.3757
vn -0.2436 -0.5066 0.8271
vn -0.8345 -0.3429 0.4313
vn -0.9200 -0.3146 0.2337
vn -0.9613 -0.2730 0.0377
vn -0.9412 -0.3064 -0.1425
vn -0.8153 -0.3769 -0.4396
vn -0.6581 -0.4665 -0.5911
vn -0.4899 -0.6026 -0.6300
vn 0.3961 -0.9096 -0.1257
vn 0.3403 -0.9312 0.1309
vn -0.5574 0.8045 -0.2052
vn -0.1541 0.9590 -0.2377
vn -0.7887 0.6115 0.0629
vn -0.0577 0.9121 -0.4059
vn -0.7675 0.6071 -0.2059
vn 0.0198 0.8055 -0.5922
vn -0.6877 0.4962 -0.5300
vn 0.1919 0.6549 -0.7310
vn -0.5011 0.3396 -0.7960
vn -0.2743 0.1165 -0.9546
vn 0.3696 0.4882 -0.7906
vn 0.0207 -0.0987 -0.9949
vn 0.6047 0.3259 -0.7267
vn 0.3498 -0.3428 -0.8718
vn 0.8182 0.1706 -0.5490
vn 0.5193 -0.4444 -0.7300
vn 0.9233 0.1740 -0.3424
vn 0.5979 -0.4094 -0.6892
vn 0.9346 0.2545 -0.2484
vn 0.7535 -0.4730 -0.4567
vn -0.5804 0.8125 0.0547
vn -0.1600 0.9871 -0.0003
vn -0.5087 0.8058 0.3031
vn -0.1363 0.9731 0.1859
vn -0.4341 0.7087 0.5561
vn -0.0493 0.9324 0.3581
vn -0.2409 0.6283 0.7398
vn 0.0275 0.8503 0.5255
vn -0.1068 0.4390 0.8921
vn 0.1975 0.7474 0.6343
vn 0.2316 0.0991 0.9677
vn 0.2646 0.6226 0.7365
vn 0.7950 0.3369 0.5045
vn 0.5401 0.3040 0.7848
vn 0.6463 -0.0152 0.7629
vn 0.7870 -0.4518 0.4201
vn 0.8338 -0.1594 0.5286
vn 0.8299 0.3274 0.4516
vn 0.9785 0.1824 -0.0965
vn 0.9369 0.2141 0.2764
vn 0.5657 0.8149 -0.1262
vn 0.1114 0.9743 -0.1958
vn 0.1853 0.9825 0.0174
vn 0.4455 0.7752 -0.4479
vn 0.0373 0.9117 -0.4092
vn 0.3036 0.6089 -0.7329
vn -0.0232 0.7892 -0.6136
vn 0.2679 0.4710 -0.8405
vn 0.2213 0.1234 -0.9674
vn 0.0504 0.2710 -0.9613
vn -0.1510 0.6498 -0.7449
vn -0.2632 0.0466 -0.9636
vn -0.3389 0.4859 -0.8056
vn -0.5700 -0.2126 -0.7937
vn -0.5788 0.3077 -0.7552
vn -0.7442 -0.3370 -0.5767
vn -0.8034 0.1175 -0.5838
vn -0.8158 -0.3131 -0.4862
vn -0.9412 0.0699 -0.3305
vn -0.9180 -0.3118 -0.2450
vn -0.9719 0.1333 -0.1942
vn 0.8176 0.5751 -0.0277
vn 0.1782 0.9614 0.2098
vn 0.7820 0.5959 0.1827
vn -0.0566 0.8752 0.4804
vn 0.6695 0.6192 0.4103
vn 0.5566 0.4747 0.6818
vn -0.1270 0.7773 0.6162
vn 0.4706 0.3193 0.8225
vn -0.5268 0.3539 0.7728
vn 0.0463 0.0295 0.9985
vn -0.8083 0.3527 0.4714
vn -0.3605 -0.1066 0.9266
vn -0.5710 -0.3250 0.7539
vn -0.8985 0.2327 0.3721
vn -0.6866 -0.3765 0.6220
vn -0.9490 0.2573 0.1822
vn -0.9186 -0.3121 -0.2423
vn 0.0584 -0.9983 0.0083
vn 0.9627 0.2027 0.1790
vn 0.9853 0.1656 -0.0408
vn 0.0507 -0.9760 0.2117
vn 0.9066 0.2231 0.3583
vn -0.0136 -0.9281 0.3720
vn 0.7865 0.3544 0.5058
vn -0.1145 -0.8366 0.5357
vn 0.6043 0.5120 0.6105
vn -0.4304 -0.5573 0.7101
vn -0.2798 -0.7093 0.6469
vn -0.6346 -0.4292 0.6427
vn 0.4249 0.6661 0.6130
vn -0.8207 -0.2972 0.4879
vn 0.2292 0.8142 0.5335
vn -0.9134 -0.2024 0.3532
vn 0.0591 0.9328 0.3556
vn -0.9328 -0.2379 0.2708
vn -0.0925 0.9711 0.2202
vn -0.9457 -0.3111 0.0944
vn -0.1985 0.9623 0.1860
vn 0.0560 -0.9852 -0.1617
vn 0.9568 0.1730 -0.2338
vn -0.0362 -0.9461 -0.3217
vn 0.8852 0.2142 -0.4130
vn -0.1053 -0.8743 -0.4738
vn 0.7868 0.3049 -0.5367
vn -0.2675 -0.7755 -0.5718
vn 0.6502 0.3943 -0.6494
vn -0.3462 -0.6538 -0.6728
vn 0.5503 0.5204 -0.6530
vn -0.6041 -0.5380 -0.5879
vn -0.0493 0.8648 -0.4997
vn -0.7751 -0.3907 -0.4966
vn -0.1035 0.8813 -0.4610
vn -0.8263 -0.3598 -0.4334
vn -0.9022 -0.3694 -0.2227
vn -0.1578 0.9863 0.0477
vn -0.9457 -0.3112 0.0943
vn -0.0588 -0.9975 -0.0391
vn -0.9744 0.1520 0.1654
vn 0.0183 -0.9861 0.1650
vn -0.9029 0.2133 0.3731
vn 0.0400 -0.9190 0.3923
vn -0.7771 0.3725 0.5073
vn 0.1180 -0.8156 0.5665
vn 0.2367 -0.6966 0.6773
vn -0.6246 0.5218 0.5811
vn 0.4009 -0.5609 0.7243
vn -0.4499 0.6726 0.5875
vn 0.6194 -0.4156 0.6660
vn -0.2522 0.8210 0.5122
vn 0.8202 -0.2528 0.5132
vn -0.1166 0.9421 0.3143
vn 0.9376 -0.1228 0.3252
vn -0.0057 0.9874 0.1580
vn 0.9681 -0.1118 0.2244
vn 0.0981 0.9891 0.1099
vn 0.9668 -0.2544 0.0244
vn -0.0967 -0.9762 -0.1940
vn -0.9828 0.1760 -0.0553
vn -0.0086 -0.9466 -0.3222
vn -0.9439 0.2273 -0.2395
vn -0.7874 0.2529 -0.5622
vn -0.8717 0.2438 -0.4251
vn 0.2267 -0.7981 -0.5582
vn 0.1493 -0.9023 -0.4043
vn 0.2774 -0.6902 -0.6684
vn -0.6868 0.3736 -0.6235
vn -0.3165 0.7810 -0.5384
vn -0.5846 0.4975 -0.6409
vn 0.5919 -0.5831 -0.5565
vn 0.0800 0.8582 -0.5070
vn 0.8853 -0.3440 -0.3127
vn 0.7924 -0.4414 -0.4210
vn 0.9434 -0.2908 -0.1596
vn 0.1094 0.9294 -0.3524
vn 0.9668 -0.2544 0.0243
vn 0.2054 0.9556 -0.2113
vn 0.0236 0.8049 -0.5929
vn 0.1932 0.6553 -0.7302
vn -0.1613 0.6486 -0.7439
vn 0.1668 0.9855 0.0320
vn 0.1778 0.9589 0.2211
vn -0.9487 0.2533 0.1890
vn -0.0605 0.9076 -0.4155
vn 0.2896 0.6167 0.7320
vn 0.3216 0.8010 -0.5049
vn 0.1039 0.9740 -0.2014
vn -0.3478 0.4885 -0.8003
vn -0.1601 0.7784 0.6071
vn -0.2268 0.6490 0.7262
vn 0.0892 0.9944 -0.0569
vn -0.9927 0.1193 -0.0159
vn 0.9778 0.1851 -0.0982
vn -0.1196 0.9605 -0.2512
vn 0.9386 0.2113 0.2728
vn 0.1927 0.7504 0.6322
vn 0.0438 0.8515 0.5225
vn 0.3841 0.4909 -0.7819
vn 0.6035 0.3240 -0.7285
vn 0.0378 0.9047 -0.4244
vn -0.8064 0.3638 0.4662
vn -0.1666 0.9860 -0.0043
vn -0.1479 0.9616 -0.2314
vn -0.0563 0.9327 0.3562
vn -0.9423 0.0594 -0.3294
vn -0.8103 0.1223 -0.5731
vn -0.9715 0.1141 -0.2077
vn -0.0731 0.8807 0.4680
vn 0.8291 0.3359 0.4469
vn 0.7917 0.3418 0.5064
vn 0.9326 0.2394 -0.2701
vn 0.8207 0.1675 -0.5462
vn -0.0241 0.7887 -0.6143
vn -0.5139 0.3942 0.7619
vn -0.9024 0.2586 0.3446
vn 0.9226 0.1641 -0.3491
vn -0.1294 0.9739 0.1864
vn 0.5396 0.3383 0.7710
vn -0.5813 0.3133 -0.7510
vn 0.0756 0.9298 0.3602
vn -0.2593 -0.9415 0.2152
vn -0.2036 -0.9090 0.3638
vn -0.1386 -0.8163 0.5608
vn 0.2045 -0.6382 0.7422
vn 0.5324 -0.4790 0.6979
vn 0.6298 -0.3317 0.7023
vn 0.7780 -0.1592 0.6077
vn 0.8994 -0.1606 0.4066
vn 0.9506 -0.1611 0.2654
vn 0.9917 -0.0842 0.0967
vn -0.0930 -0.9841 -0.1514
vn -0.2391 -0.9708 -0.0219
vn -0.0697 -0.9784 -0.1944
vn -0.0254 -0.9199 -0.3914
vn 0.3957 -0.6189 -0.6785
vn 0.1568 -0.7756 -0.6115
vn 0.5877 -0.4641 -0.6627
vn 0.7508 -0.3084 -0.5840
vn 0.8822 -0.1541 -0.4450
vn 0.9808 -0.0298 -0.1928
vn 0.2972 -0.9520 -0.0734
vn 0.1284 -0.8713 0.4737
vn 0.2829 -0.9152 0.2870
vn 0.0612 -0.8334 0.5492
vn -0.4858 -0.5067 0.7122
vn -0.1951 -0.6864 0.7006
vn -0.7779 -0.2326 0.5838
vn -0.6224 -0.3193 0.7146
vn -0.9637 -0.1050 0.2453
vn -0.8886 -0.1217 0.4422
vn 0.1913 -0.9534 -0.2335
vn 0.1127 -0.9575 -0.2655
vn 0.0530 -0.9009 -0.4308
vn -0.1441 -0.7622 -0.6311
vn -0.3675 -0.6227 -0.6908
vn -0.5624 -0.4390 -0.7007
vn -0.7663 -0.2794 -0.5785
vn -0.8993 -0.1540 -0.4092
vn -0.9735 -0.1082 -0.2017
vn -0.9970 -0.0694 0.0344
vn -0.2390 -0.9708 -0.0219
vn -0.2592 -0.9415 0.2153
vn -0.2036 -0.9090 0.3637
vn -0.1385 -0.8163 0.5608
vn 0.2045 -0.6383 0.7422
vn 0.5325 -0.4791 0.6978
vn 0.6299 -0.3318 0.7023
vn 0.7780 -0.1593 0.6077
vn 0.8994 -0.1606 0.4065
vn 0.9506 -0.1612 0.2654
vn 0.9917 -0.0843 0.0967
vn -0.2389 -0.9708 -0.0219
vn -0.0929 -0.9841 -0.1514
vn -0.0696 -0.9784 -0.1944
vn -0.0253 -0.9199 -0.3914
vn 0.3957 -0.6190 -0.6785
vn 0.7508 -0.3085 -0.5840
vn 0.8822 -0.1542 -0.4450
vn 0.9808 -0.0298 -0.1929
vn 0.2828 -0.9152 0.2870
vn 0.1283 -0.8713 0.4736
vn 0.0612 -0.8335 0.5491
vn -0.1952 -0.6864 0.7005
vn -0.4859 -0.5068 0.7121
vn -0.7779 -0.2327 0.5838
vn -0.8886 -0.1218 0.4422
vn -0.9970 -0.0696 0.0345
vn 0.2972 -0.9520 -0.0733
vn 0.1912 -0.9534 -0.2334
vn 0.1126 -0.9575 -0.2656
vn -0.3676 -0.6227 -0.6908
vn -0.5625 -0.4390 -0.7007
vn -0.8994 -0.1541 -0.4092
vn -0.9735 -0.1083 -0.2017
vn 0.8921 -0.4510 -0.0287
vn -0.5124 0.8586 0.0133
vn 0.8847 0.0200 -0.4658
vn -0.8118 -0.5807 0.0606
vn 0.1491 -0.9865 0.0680
vn -0.6285 -0.7772 0.0313
vn -0.6285 -0.7771 0.0313
vn -0.2710 -0.9569 0.1046
vn 0.9785 0.1824 -0.0964
vn -0.9938 0.1091 0.0203
vn 0.0717 0.9189 0.3878
vn -0.2131 0.6672 0.7137
vn -0.9927 0.1194 -0.0157
vn 0.2973 -0.9520 -0.0734
vn 0.2971 -0.9520 -0.0733
vt 0.205972 0.052857
vt 0.183997 0.074493
vt 0.183920 0.052857
vt 0.162007 0.074493
vt 0.161867 0.052857
vt 0.140017 0.074492
vt 0.139815 0.052857
vt 0.118027 0.074491
vt 0.117762 0.052857
vt 0.096037 0.074491
vt 0.095710 0.052857
vt 0.074048 0.074490
vt 0.073657 0.052857
vt 0.052058 0.074489
vt 0.051605 0.052857
vt 0.030068 0.074488
vt 0.029552 0.052857
vt 0.008078 0.074488
vt 0.007500 0.052857
vt 0.205987 0.074494
vt 0.184074 0.096130
vt 0.162147 0.096129
vt 0.140219 0.096127
vt 0.118292 0.096126
vt 0.096365 0.096124
vt 0.074437 0.096123
vt 0.030582 0.096120
vt 0.008655 0.096119
vt 0.206002 0.096131
vt 0.184152 0.117767
vt 0.162287 0.117765
vt 0.140422 0.117763
vt 0.118557 0.117760
vt 0.096692 0.117758
vt 0.074827 0.117756
vt 0.052510 0.096122
vt 0.052962 0.117754
vt 0.009232 0.117750
vt 0.206017 0.117769
vt 0.184229 0.139404
vt 0.162427 0.139401
vt 0.140624 0.139398
vt 0.118822 0.139395
vt 0.097019 0.139392
vt 0.075217 0.139389
vt 0.053414 0.139387
vt 0.031097 0.117752
vt 0.009809 0.139381
vt 0.206032 0.139406
vt 0.184306 0.161040
vt 0.162566 0.161037
vt 0.140826 0.161033
vt 0.119086 0.161030
vt 0.097346 0.161026
vt 0.075606 0.161023
vt 0.053866 0.161019
vt 0.032126 0.161015
vt 0.031612 0.139384
vt 0.010386 0.161012
vt 0.206046 0.161044
vt 0.184384 0.182677
vt 0.162706 0.182673
vt 0.141029 0.182668
vt 0.119351 0.182664
vt 0.097673 0.182660
vt 0.075996 0.182656
vt 0.054318 0.182651
vt 0.032641 0.182647
vt 0.010963 0.182643
vt 0.206061 0.182681
vt 0.184461 0.204314
vt 0.162846 0.204309
vt 0.141231 0.204304
vt 0.119616 0.204299
vt 0.098001 0.204294
vt 0.076386 0.204289
vt 0.054771 0.204284
vt 0.033156 0.204279
vt 0.011541 0.204274
vt 0.206076 0.204319
vt 0.184538 0.225950
vt 0.162986 0.225945
vt 0.141433 0.225939
vt 0.119881 0.225933
vt 0.098328 0.225928
vt 0.076775 0.225922
vt 0.055223 0.225916
vt 0.033670 0.225911
vt 0.012118 0.225905
vt 0.206091 0.225956
vt 0.184616 0.247587
vt 0.163126 0.247581
vt 0.141636 0.247574
vt 0.120146 0.247568
vt 0.098656 0.247562
vt 0.077166 0.247555
vt 0.055675 0.247549
vt 0.012695 0.247536
vt 0.206106 0.247594
vt 0.184693 0.269224
vt 0.163266 0.269217
vt 0.141838 0.269210
vt 0.120410 0.269203
vt 0.098983 0.269195
vt 0.077555 0.269188
vt 0.056128 0.269181
vt 0.034185 0.247542
vt 0.034700 0.269174
vt 0.206121 0.269231
vt 0.184771 0.290861
vt 0.163405 0.290853
vt 0.142040 0.290845
vt 0.120675 0.290837
vt 0.099310 0.290829
vt 0.077945 0.290822
vt 0.056580 0.290814
vt 0.035215 0.290806
vt 0.013272 0.269167
vt 0.376766 0.290806
vt 0.398671 0.269167
vt 0.398094 0.290798
vt 0.377277 0.269174
vt 0.399249 0.247536
vt 0.378300 0.225911
vt 0.399826 0.225905
vt 0.378812 0.204279
vt 0.400404 0.204274
vt 0.379323 0.182647
vt 0.400981 0.182643
vt 0.379834 0.161015
vt 0.401558 0.161012
vt 0.380345 0.139384
vt 0.402135 0.139381
vt 0.402712 0.117750
vt 0.380857 0.117752
vt 0.403289 0.096119
vt 0.381368 0.096120
vt 0.403867 0.074488
vt 0.381880 0.074488
vt 0.404444 0.052857
vt 0.355882 0.269181
vt 0.377789 0.247542
vt 0.356774 0.225916
vt 0.357220 0.204284
vt 0.357665 0.182651
vt 0.358111 0.161019
vt 0.358556 0.139386
vt 0.359002 0.117754
vt 0.359447 0.096122
vt 0.360339 0.052857
vt 0.382391 0.052857
vt 0.355437 0.290814
vt 0.334488 0.269188
vt 0.334868 0.247555
vt 0.356329 0.247549
vt 0.335628 0.204289
vt 0.336007 0.182656
vt 0.336387 0.161022
vt 0.336767 0.139389
vt 0.337147 0.117756
vt 0.337527 0.096123
vt 0.337907 0.074490
vt 0.359894 0.074489
vt 0.338287 0.052857
vt 0.334108 0.290821
vt 0.313093 0.269195
vt 0.313408 0.247562
vt 0.313722 0.225928
vt 0.335248 0.225922
vt 0.314036 0.204294
vt 0.314350 0.182660
vt 0.314664 0.161026
vt 0.314978 0.139392
vt 0.315292 0.117758
vt 0.315606 0.096124
vt 0.315920 0.074490
vt 0.316234 0.052857
vt 0.312779 0.290829
vt 0.291699 0.269203
vt 0.291947 0.247568
vt 0.292196 0.225933
vt 0.292444 0.204299
vt 0.292692 0.182664
vt 0.292940 0.161030
vt 0.293189 0.139395
vt 0.293437 0.117760
vt 0.293685 0.096126
vt 0.293934 0.074491
vt 0.294182 0.052857
vt 0.291451 0.290837
vt 0.270304 0.269210
vt 0.270487 0.247574
vt 0.270669 0.225939
vt 0.270852 0.204304
vt 0.271034 0.182668
vt 0.271217 0.161033
vt 0.271399 0.139398
vt 0.271582 0.117763
vt 0.271764 0.096127
vt 0.271947 0.074492
vt 0.272129 0.052857
vt 0.248793 0.290853
vt 0.270122 0.290845
vt 0.248910 0.269217
vt 0.249143 0.225945
vt 0.249260 0.204309
vt 0.249377 0.182673
vt 0.249493 0.161037
vt 0.249610 0.139401
vt 0.249727 0.117765
vt 0.249843 0.096129
vt 0.249960 0.074493
vt 0.227464 0.290861
vt 0.227515 0.269224
vt 0.249027 0.247581
vt 0.227617 0.225950
vt 0.227668 0.204314
vt 0.227719 0.182677
vt 0.227770 0.161040
vt 0.227821 0.139404
vt 0.227872 0.117767
vt 0.227923 0.096130
vt 0.227974 0.074493
vt 0.250077 0.052857
vt 0.206136 0.290869
vt 0.227566 0.247587
vt 0.228024 0.052857
vt 0.064273 0.462445
vt 0.065112 0.478201
vt 0.046548 0.470615
vt 0.079165 0.468710
vt 0.083676 0.485788
vt 0.094041 0.474982
vt 0.102240 0.493375
vt 0.108917 0.481255
vt 0.120804 0.500962
vt 0.081998 0.454274
vt 0.093646 0.459349
vt 0.105272 0.464436
vt 0.116897 0.469522
vt 0.123794 0.487528
vt 0.099723 0.446103
vt 0.108589 0.450207
vt 0.117435 0.454320
vt 0.126281 0.458434
vt 0.128522 0.474608
vt 0.117447 0.437933
vt 0.124009 0.441391
vt 0.130561 0.444854
vt 0.137113 0.448316
vt 0.135126 0.462548
vt 0.135172 0.429762
vt 0.139879 0.433011
vt 0.144593 0.436258
vt 0.149307 0.439505
vt 0.143665 0.451779
vt 0.152897 0.421591
vt 0.156125 0.425148
vt 0.159373 0.428696
vt 0.162621 0.432244
vt 0.154020 0.442751
vt 0.170622 0.413421
vt 0.172637 0.417825
vt 0.174677 0.422218
vt 0.176717 0.426612
vt 0.165869 0.435792
vt 0.189307 0.411012
vt 0.190284 0.416766
vt 0.191262 0.422520
vt 0.178757 0.431005
vt 0.188346 0.405250
vt 0.206046 0.404639
vt 0.206022 0.412198
vt 0.205997 0.419758
vt 0.205972 0.427317
vt 0.192240 0.428274
vt 0.220771 0.422523
vt 0.219770 0.428281
vt 0.233315 0.431038
vt 0.235356 0.426634
vt 0.246257 0.435874
vt 0.249487 0.432303
vt 0.258141 0.442905
vt 0.262826 0.439619
vt 0.268507 0.452021
vt 0.275026 0.448499
vt 0.277032 0.462884
vt 0.285845 0.458689
vt 0.283602 0.475037
vt 0.295199 0.469846
vt 0.288284 0.488042
vt 0.303136 0.481642
vt 0.291694 0.500736
vt 0.221772 0.416765
vt 0.237396 0.422229
vt 0.252718 0.428733
vt 0.267511 0.436333
vt 0.281546 0.444977
vt 0.294659 0.454494
vt 0.306796 0.464655
vt 0.317988 0.475243
vt 0.310119 0.493205
vt 0.222773 0.411007
vt 0.239436 0.417825
vt 0.255949 0.425162
vt 0.272196 0.433047
vt 0.288065 0.441454
vt 0.303473 0.450298
vt 0.318393 0.459464
vt 0.332840 0.468843
vt 0.328544 0.485675
vt 0.223774 0.405250
vt 0.241477 0.413421
vt 0.259179 0.421591
vt 0.276882 0.429762
vt 0.294585 0.437932
vt 0.312287 0.446103
vt 0.329990 0.454274
vt 0.347693 0.462445
vt 0.346970 0.478145
vt 0.206071 0.397079
vt 0.223101 0.393610
vt 0.240124 0.400780
vt 0.257148 0.407950
vt 0.274171 0.415120
vt 0.291195 0.422290
vt 0.308218 0.429460
vt 0.325241 0.436629
vt 0.342265 0.443799
vt 0.359288 0.450969
vt 0.365395 0.470615
vt 0.206078 0.386458
vt 0.222513 0.381947
vt 0.238941 0.388092
vt 0.255369 0.394236
vt 0.271798 0.400381
vt 0.288226 0.406526
vt 0.304655 0.412670
vt 0.321083 0.418815
vt 0.337512 0.424960
vt 0.353940 0.431104
vt 0.206084 0.375837
vt 0.222041 0.370256
vt 0.237992 0.375347
vt 0.253942 0.380439
vt 0.269893 0.385530
vt 0.285843 0.390622
vt 0.301794 0.395713
vt 0.317744 0.400804
vt 0.333695 0.405896
vt 0.349646 0.410987
vt 0.206091 0.365216
vt 0.221720 0.358540
vt 0.237343 0.362551
vt 0.252966 0.366562
vt 0.268589 0.370574
vt 0.284213 0.374585
vt 0.299836 0.378596
vt 0.315459 0.382608
vt 0.331082 0.386619
vt 0.346705 0.390630
vt 0.206097 0.354595
vt 0.221610 0.346805
vt 0.237116 0.349716
vt 0.252622 0.352627
vt 0.268129 0.355538
vt 0.283635 0.358449
vt 0.299141 0.361360
vt 0.314647 0.364271
vt 0.330154 0.367182
vt 0.345660 0.370093
vt 0.206103 0.343974
vt 0.221809 0.335083
vt 0.237509 0.336899
vt 0.253208 0.338716
vt 0.268908 0.340532
vt 0.284607 0.342348
vt 0.300307 0.344165
vt 0.316006 0.345981
vt 0.331706 0.347798
vt 0.347405 0.349614
vt 0.206110 0.333353
vt 0.222442 0.323461
vt 0.238768 0.324265
vt 0.255094 0.325068
vt 0.271420 0.325872
vt 0.287746 0.326675
vt 0.304072 0.327479
vt 0.320398 0.328283
vt 0.336724 0.329086
vt 0.206123 0.312111
vt 0.206116 0.322732
vt 0.223637 0.312108
vt 0.241151 0.312148
vt 0.258665 0.312189
vt 0.276179 0.312229
vt 0.293693 0.312269
vt 0.311207 0.312309
vt 0.328721 0.312350
vt 0.346235 0.312390
vt 0.353049 0.329890
vt 0.206129 0.301490
vt 0.225378 0.301226
vt 0.244627 0.300972
vt 0.263876 0.300718
vt 0.283125 0.300464
vt 0.302374 0.300210
vt 0.321623 0.299956
vt 0.340872 0.299702
vt 0.360120 0.299448
vt 0.363749 0.312430
vt 0.379369 0.299194
vt 0.186845 0.301226
vt 0.167562 0.300972
vt 0.148278 0.300718
vt 0.128994 0.300464
vt 0.109710 0.300210
vt 0.090426 0.299956
vt 0.071142 0.299702
vt 0.051858 0.299448
vt 0.032575 0.299194
vt 0.013849 0.290798
vt 0.188575 0.312108
vt 0.171028 0.312148
vt 0.153480 0.312189
vt 0.135933 0.312229
vt 0.118385 0.312269
vt 0.100838 0.312309
vt 0.083290 0.312349
vt 0.065742 0.312390
vt 0.048195 0.312430
vt 0.189758 0.323461
vt 0.173400 0.324265
vt 0.157042 0.325068
vt 0.140684 0.325872
vt 0.124326 0.326675
vt 0.107968 0.327479
vt 0.091610 0.328283
vt 0.075252 0.329086
vt 0.058894 0.329890
vt 0.174650 0.336899
vt 0.158920 0.338716
vt 0.143189 0.340532
vt 0.127459 0.342348
vt 0.111729 0.344165
vt 0.095999 0.345981
vt 0.080269 0.347798
vt 0.064539 0.349614
vt 0.190380 0.335083
vt 0.190568 0.346805
vt 0.175033 0.349716
vt 0.159497 0.352627
vt 0.143962 0.355538
vt 0.128426 0.358449
vt 0.112891 0.361360
vt 0.097355 0.364271
vt 0.081820 0.367182
vt 0.190446 0.358540
vt 0.174795 0.362551
vt 0.159144 0.366563
vt 0.143493 0.370574
vt 0.127842 0.374585
vt 0.112192 0.378597
vt 0.096541 0.382608
vt 0.080890 0.386619
vt 0.066284 0.370093
vt 0.190114 0.370256
vt 0.174137 0.375347
vt 0.158160 0.380439
vt 0.142183 0.385530
vt 0.126206 0.390622
vt 0.110229 0.395713
vt 0.094252 0.400805
vt 0.078275 0.405896
vt 0.065239 0.390630
vt 0.189631 0.381947
vt 0.173178 0.388092
vt 0.156724 0.394236
vt 0.140271 0.400381
vt 0.123818 0.406526
vt 0.107364 0.412671
vt 0.090911 0.418815
vt 0.074458 0.424960
vt 0.062298 0.410987
vt 0.189031 0.393610
vt 0.171984 0.400780
vt 0.154937 0.407950
vt 0.137890 0.415120
vt 0.120844 0.422290
vt 0.103797 0.429460
vt 0.086750 0.436630
vt 0.069703 0.443800
vt 0.058005 0.431105
vt 0.052656 0.450970
vt 0.612869 0.052857
vt 0.590993 0.074493
vt 0.590816 0.052857
vt 0.568991 0.074493
vt 0.568764 0.052857
vt 0.546988 0.074492
vt 0.546712 0.052857
vt 0.524986 0.074491
vt 0.524659 0.052857
vt 0.502984 0.074491
vt 0.502607 0.052857
vt 0.480981 0.074490
vt 0.480554 0.052857
vt 0.458979 0.074489
vt 0.458502 0.052857
vt 0.436976 0.074488
vt 0.436449 0.052857
vt 0.414974 0.074488
vt 0.414397 0.052857
vt 0.612996 0.074494
vt 0.591170 0.096130
vt 0.569218 0.096129
vt 0.525313 0.096126
vt 0.503360 0.096124
vt 0.481408 0.096123
vt 0.459456 0.096122
vt 0.437503 0.096120
vt 0.415551 0.096119
vt 0.613122 0.096131
vt 0.591347 0.117767
vt 0.569444 0.117765
vt 0.547265 0.096127
vt 0.525640 0.117760
vt 0.503738 0.117758
vt 0.481836 0.117756
vt 0.459933 0.117754
vt 0.416129 0.117750
vt 0.613249 0.117769
vt 0.591523 0.139404
vt 0.547819 0.139398
vt 0.547542 0.117763
vt 0.525967 0.139395
vt 0.504115 0.139392
vt 0.482262 0.139389
vt 0.460410 0.139387
vt 0.438031 0.117752
vt 0.416706 0.139381
vt 0.613375 0.139406
vt 0.591700 0.161040
vt 0.569898 0.161037
vt 0.569671 0.139401
vt 0.526294 0.161030
vt 0.504492 0.161026
vt 0.482689 0.161023
vt 0.460887 0.161019
vt 0.438558 0.139384
vt 0.439085 0.161015
vt 0.613502 0.161044
vt 0.591877 0.182677
vt 0.570125 0.182673
vt 0.548373 0.182669
vt 0.548096 0.161033
vt 0.526621 0.182664
vt 0.504868 0.182660
vt 0.483116 0.182656
vt 0.461364 0.182651
vt 0.417860 0.182643
vt 0.417283 0.161012
vt 0.613629 0.182681
vt 0.592053 0.204314
vt 0.570351 0.204309
vt 0.548649 0.204304
vt 0.526947 0.204299
vt 0.505245 0.204294
vt 0.483543 0.204289
vt 0.461841 0.204284
vt 0.439612 0.182647
vt 0.418437 0.204274
vt 0.613755 0.204319
vt 0.592230 0.225951
vt 0.570578 0.225945
vt 0.548926 0.225939
vt 0.527274 0.225933
vt 0.505622 0.225928
vt 0.462318 0.225916
vt 0.440139 0.204279
vt 0.440666 0.225911
vt 0.613882 0.225956
vt 0.592407 0.247587
vt 0.570805 0.247581
vt 0.549203 0.247574
vt 0.527601 0.247568
vt 0.505999 0.247562
vt 0.484397 0.247555
vt 0.483970 0.225922
vt 0.441194 0.247543
vt 0.419592 0.247536
vt 0.419014 0.225905
vt 0.614009 0.247594
vt 0.592583 0.269224
vt 0.571032 0.269217
vt 0.549480 0.269210
vt 0.527928 0.269203
vt 0.506376 0.269196
vt 0.484824 0.269188
vt 0.463272 0.269181
vt 0.462795 0.247549
vt 0.441720 0.269174
vt 0.420169 0.269167
vt 0.614135 0.269231
vt 0.592760 0.290861
vt 0.571258 0.290853
vt 0.549757 0.290845
vt 0.528255 0.290837
vt 0.506753 0.290829
vt 0.485252 0.290822
vt 0.463750 0.290814
vt 0.442248 0.290806
vt 0.420747 0.290798
vt 0.804991 0.290798
vt 0.784298 0.269174
vt 0.805568 0.269167
vt 0.784797 0.247542
vt 0.806145 0.247536
vt 0.785296 0.225911
vt 0.806723 0.225905
vt 0.785795 0.204279
vt 0.807300 0.204274
vt 0.786294 0.182647
vt 0.807877 0.182643
vt 0.786793 0.161015
vt 0.808454 0.161012
vt 0.787292 0.139384
vt 0.809032 0.139381
vt 0.787791 0.117752
vt 0.809609 0.117750
vt 0.810186 0.096119
vt 0.788290 0.096120
vt 0.810763 0.074488
vt 0.789288 0.052857
vt 0.811340 0.052857
vt 0.783799 0.290806
vt 0.763028 0.269181
vt 0.763448 0.247549
vt 0.763869 0.225916
vt 0.764290 0.204284
vt 0.765131 0.161019
vt 0.765552 0.139386
vt 0.765973 0.117754
vt 0.766394 0.096122
vt 0.766815 0.074489
vt 0.788789 0.074488
vt 0.767235 0.052857
vt 0.762607 0.290814
vt 0.741757 0.269188
vt 0.742100 0.247555
vt 0.742442 0.225922
vt 0.743128 0.182656
vt 0.764711 0.182651
vt 0.743813 0.139389
vt 0.744155 0.117756
vt 0.744498 0.096123
vt 0.744841 0.074490
vt 0.745183 0.052857
vt 0.741415 0.290821
vt 0.720487 0.269195
vt 0.720751 0.247562
vt 0.721016 0.225928
vt 0.742785 0.204289
vt 0.721280 0.204294
vt 0.721809 0.161026
vt 0.743470 0.161022
vt 0.722073 0.139392
vt 0.722338 0.117758
vt 0.722866 0.074490
vt 0.723131 0.052857
vt 0.720223 0.290829
vt 0.699217 0.269203
vt 0.699403 0.247568
vt 0.699589 0.225933
vt 0.699775 0.204299
vt 0.699961 0.182664
vt 0.721544 0.182660
vt 0.700147 0.161030
vt 0.700520 0.117760
vt 0.700706 0.096126
vt 0.722602 0.096124
vt 0.700892 0.074491
vt 0.701078 0.052857
vt 0.699031 0.290837
vt 0.677946 0.269210
vt 0.678162 0.225939
vt 0.678270 0.204304
vt 0.678378 0.182668
vt 0.678486 0.161033
vt 0.678594 0.139398
vt 0.700334 0.139395
vt 0.678702 0.117763
vt 0.678810 0.096127
vt 0.678918 0.074492
vt 0.679026 0.052857
vt 0.656646 0.290853
vt 0.677838 0.290845
vt 0.656706 0.247581
vt 0.678054 0.247574
vt 0.656765 0.204309
vt 0.656795 0.182673
vt 0.656825 0.161037
vt 0.656855 0.139401
vt 0.656884 0.117765
vt 0.656914 0.096129
vt 0.656944 0.074493
vt 0.635454 0.290861
vt 0.656676 0.269217
vt 0.635357 0.247587
vt 0.635309 0.225950
vt 0.656735 0.225945
vt 0.635260 0.204314
vt 0.635212 0.182677
vt 0.635163 0.161040
vt 0.635115 0.139404
vt 0.635067 0.117767
vt 0.635018 0.096130
vt 0.634970 0.074493
vt 0.656974 0.052857
vt 0.614262 0.290869
vt 0.635406 0.269224
vt 0.634921 0.052857
vt 0.471307 0.468291
vt 0.471871 0.478160
vt 0.453445 0.470615
vt 0.487000 0.474582
vt 0.490296 0.485704
vt 0.502717 0.480870
vt 0.508722 0.493248
vt 0.518434 0.487157
vt 0.527147 0.500792
vt 0.489168 0.465968
vt 0.502463 0.471440
vt 0.515837 0.476902
vt 0.529210 0.482365
vt 0.534151 0.493445
vt 0.507029 0.463644
vt 0.518229 0.468827
vt 0.529525 0.473998
vt 0.540822 0.479169
vt 0.542584 0.487827
vt 0.524891 0.461320
vt 0.534116 0.466569
vt 0.543435 0.471806
vt 0.552754 0.477043
vt 0.552119 0.484341
vt 0.542752 0.458996
vt 0.550050 0.464548
vt 0.557428 0.470091
vt 0.564807 0.475633
vt 0.562074 0.482280
vt 0.560613 0.456672
vt 0.566001 0.462675
vt 0.571449 0.468670
vt 0.576898 0.474664
vt 0.572185 0.481175
vt 0.578475 0.454348
vt 0.581955 0.460872
vt 0.585476 0.467392
vt 0.588998 0.473911
vt 0.582346 0.480659
vt 0.596336 0.452024
vt 0.597910 0.459098
vt 0.599505 0.466168
vt 0.601099 0.473239
vt 0.592519 0.480430
vt 0.613865 0.457334
vt 0.613533 0.464968
vt 0.613201 0.472602
vt 0.602694 0.480310
vt 0.623044 0.480310
vt 0.612869 0.480235
vt 0.625224 0.473238
vt 0.633219 0.480430
vt 0.637246 0.473909
vt 0.643391 0.480659
vt 0.649267 0.474662
vt 0.653553 0.481175
vt 0.661280 0.475630
vt 0.663664 0.482280
vt 0.673255 0.477040
vt 0.673619 0.484341
vt 0.685112 0.479166
vt 0.683154 0.487827
vt 0.696656 0.482362
vt 0.691586 0.493445
vt 0.707371 0.487157
vt 0.698591 0.500792
vt 0.627404 0.466167
vt 0.641274 0.467389
vt 0.655143 0.468666
vt 0.669007 0.470086
vt 0.682846 0.471800
vt 0.696606 0.473992
vt 0.710157 0.476897
vt 0.723156 0.480868
vt 0.717016 0.493248
vt 0.629584 0.459095
vt 0.645302 0.460868
vt 0.661020 0.462669
vt 0.676734 0.464541
vt 0.692437 0.466560
vt 0.708100 0.468818
vt 0.723658 0.471432
vt 0.738941 0.474580
vt 0.735441 0.485704
vt 0.631763 0.452024
vt 0.649329 0.454348
vt 0.666895 0.456672
vt 0.684461 0.458996
vt 0.702027 0.461320
vt 0.719594 0.463643
vt 0.737160 0.465967
vt 0.754726 0.468291
vt 0.753866 0.478159
vt 0.614197 0.449700
vt 0.631091 0.435699
vt 0.647977 0.437608
vt 0.664864 0.439517
vt 0.681751 0.441425
vt 0.698637 0.443334
vt 0.715524 0.445243
vt 0.732411 0.447152
vt 0.749298 0.449060
vt 0.766184 0.450969
vt 0.772292 0.470615
vt 0.614204 0.433817
vt 0.630502 0.419351
vt 0.646794 0.420820
vt 0.663086 0.422289
vt 0.679377 0.423759
vt 0.695669 0.425228
vt 0.711961 0.426697
vt 0.728253 0.428166
vt 0.744544 0.429635
vt 0.760836 0.431104
vt 0.614210 0.417934
vt 0.630031 0.402975
vt 0.645845 0.403977
vt 0.661659 0.404978
vt 0.677473 0.405980
vt 0.693287 0.406981
vt 0.709101 0.407983
vt 0.724915 0.408984
vt 0.740729 0.409985
vt 0.756543 0.410987
vt 0.614217 0.402051
vt 0.629710 0.386575
vt 0.645196 0.387082
vt 0.660683 0.387589
vt 0.676169 0.388096
vt 0.691656 0.388603
vt 0.707142 0.389109
vt 0.722629 0.389616
vt 0.738116 0.390123
vt 0.753602 0.390630
vt 0.614223 0.386168
vt 0.629599 0.370157
vt 0.644969 0.370149
vt 0.660339 0.370141
vt 0.675708 0.370133
vt 0.691078 0.370125
vt 0.706448 0.370117
vt 0.721817 0.370109
vt 0.737187 0.370101
vt 0.752557 0.370092
vt 0.614236 0.354401
vt 0.614230 0.370284
vt 0.629799 0.353754
vt 0.645362 0.353237
vt 0.660925 0.352719
vt 0.676488 0.352202
vt 0.692051 0.351684
vt 0.707613 0.351166
vt 0.723176 0.350649
vt 0.738739 0.350131
vt 0.614242 0.338518
vt 0.630432 0.337460
vt 0.646621 0.336514
vt 0.662810 0.335568
vt 0.679000 0.334621
vt 0.695189 0.333675
vt 0.711378 0.332729
vt 0.727568 0.331782
vt 0.743757 0.330836
vt 0.754302 0.349614
vt 0.614249 0.322635
vt 0.631626 0.321444
vt 0.649004 0.320317
vt 0.666381 0.319191
vt 0.683759 0.318064
vt 0.701136 0.316937
vt 0.718514 0.315810
vt 0.735891 0.314683
vt 0.753269 0.313557
vt 0.759946 0.329890
vt 0.614255 0.306752
vt 0.633368 0.305900
vt 0.652480 0.305061
vt 0.671592 0.304223
vt 0.690705 0.303385
vt 0.709817 0.302547
vt 0.728929 0.301709
vt 0.748042 0.300870
vt 0.767154 0.300032
vt 0.770646 0.312430
vt 0.786267 0.299194
vt 0.594835 0.305900
vt 0.575414 0.305062
vt 0.555994 0.304223
vt 0.536574 0.303385
vt 0.517153 0.302547
vt 0.497733 0.301709
vt 0.478312 0.300871
vt 0.458892 0.300033
vt 0.439471 0.299194
vt 0.596565 0.321444
vt 0.578881 0.320318
vt 0.561197 0.319191
vt 0.543512 0.318064
vt 0.525828 0.316937
vt 0.508144 0.315811
vt 0.490460 0.314684
vt 0.472776 0.313557
vt 0.455092 0.312430
vt 0.597748 0.337460
vt 0.581253 0.336514
vt 0.564759 0.335568
vt 0.548264 0.334622
vt 0.531770 0.333675
vt 0.515275 0.332729
vt 0.498781 0.331783
vt 0.482286 0.330837
vt 0.465791 0.329890
vt 0.598369 0.353754
vt 0.582502 0.353237
vt 0.566636 0.352719
vt 0.550769 0.352202
vt 0.534902 0.351684
vt 0.519035 0.351167
vt 0.503169 0.350649
vt 0.487302 0.350132
vt 0.471435 0.349615
vt 0.598557 0.370158
vt 0.582886 0.370149
vt 0.567213 0.370141
vt 0.551541 0.370133
vt 0.535869 0.370125
vt 0.520197 0.370117
vt 0.504525 0.370109
vt 0.488853 0.370101
vt 0.473181 0.370093
vt 0.598436 0.386575
vt 0.582648 0.387082
vt 0.566861 0.387589
vt 0.551073 0.388096
vt 0.535286 0.388603
vt 0.519498 0.389110
vt 0.503711 0.389617
vt 0.487923 0.390124
vt 0.598103 0.402975
vt 0.581990 0.403977
vt 0.565876 0.404978
vt 0.549762 0.405980
vt 0.533649 0.406981
vt 0.517535 0.407983
vt 0.501422 0.408984
vt 0.485308 0.409986
vt 0.472136 0.390631
vt 0.597620 0.419351
vt 0.581030 0.420820
vt 0.564441 0.422289
vt 0.547851 0.423759
vt 0.531261 0.425228
vt 0.514671 0.426697
vt 0.498081 0.428166
vt 0.481491 0.429636
vt 0.469194 0.410987
vt 0.597020 0.435699
vt 0.579837 0.437608
vt 0.562654 0.439517
vt 0.545470 0.441426
vt 0.528287 0.443334
vt 0.511103 0.445243
vt 0.493920 0.447152
vt 0.476736 0.449061
vt 0.464901 0.431105
vt 0.459553 0.450970
vt 0.205972 0.007796
vt 0.183920 0.030178
vt 0.183920 0.007796
vt 0.161867 0.030178
vt 0.161867 0.007796
vt 0.139815 0.007796
vt 0.139815 0.030178
vt 0.117762 0.007796
vt 0.095710 0.030178
vt 0.095710 0.007796
vt 0.073657 0.030178
vt 0.073657 0.007796
vt 0.051605 0.007796
vt 0.051605 0.030178
vt 0.029552 0.007796
vt 0.029552 0.030178
vt 0.007500 0.007796
vt 0.228024 0.007795
vt 0.205972 0.030178
vt 0.250077 0.007796
vt 0.228024 0.030178
vt 0.272129 0.007796
vt 0.250077 0.030178
vt 0.294182 0.007796
vt 0.272129 0.030178
vt 0.316234 0.007796
vt 0.294182 0.030178
vt 0.338287 0.007796
vt 0.316234 0.030178
vt 0.360339 0.030178
vt 0.338287 0.030178
vt 0.360339 0.007796
vt 0.382391 0.030178
vt 0.404444 0.007796
vt 0.382391 0.007796
vt 0.237461 0.638306
vt 0.219818 0.662301
vt 0.220429 0.638306
vt 0.202233 0.661669
vt 0.203397 0.638306
vt 0.184860 0.660352
vt 0.186365 0.638306
vt 0.168007 0.658172
vt 0.169334 0.638306
vt 0.151825 0.655356
vt 0.152302 0.638306
vt 0.136004 0.652309
vt 0.135271 0.638306
vt 0.119860 0.649469
vt 0.118239 0.638306
vt 0.102879 0.647485
vt 0.101207 0.638306
vt 0.085344 0.646684
vt 0.084176 0.638306
vt 0.067700 0.646689
vt 0.067144 0.638306
vt 0.237461 0.662462
vt 0.219206 0.686295
vt 0.201068 0.685032
vt 0.183354 0.682397
vt 0.166681 0.678038
vt 0.151347 0.672405
vt 0.136737 0.666311
vt 0.121480 0.660632
vt 0.104551 0.656664
vt 0.086512 0.655062
vt 0.068255 0.655071
vt 0.237461 0.686617
vt 0.218595 0.710290
vt 0.199903 0.708395
vt 0.181848 0.704442
vt 0.165354 0.697903
vt 0.150870 0.689454
vt 0.137470 0.680313
vt 0.123101 0.671796
vt 0.106223 0.665843
vt 0.087680 0.663440
vt 0.237461 0.710773
vt 0.217984 0.734285
vt 0.198739 0.731758
vt 0.180342 0.726488
vt 0.164027 0.717769
vt 0.150392 0.706504
vt 0.138204 0.694316
vt 0.124721 0.682959
vt 0.107895 0.675022
vt 0.088848 0.671818
vt 0.069366 0.671836
vt 0.068810 0.663453
vt 0.237461 0.734928
vt 0.217373 0.758279
vt 0.197574 0.755121
vt 0.178836 0.748533
vt 0.162701 0.737635
vt 0.149915 0.723553
vt 0.138937 0.708318
vt 0.126342 0.694122
vt 0.109568 0.684201
vt 0.090016 0.680196
vt 0.069922 0.680218
vt 0.237461 0.759084
vt 0.216762 0.782274
vt 0.196410 0.778484
vt 0.177330 0.770579
vt 0.161375 0.757500
vt 0.149438 0.740603
vt 0.139671 0.722320
vt 0.127963 0.705285
vt 0.111240 0.693379
vt 0.091184 0.688574
vt 0.070478 0.688600
vt 0.254492 0.638306
vt 0.271524 0.638306
vt 0.255103 0.662301
vt 0.288556 0.638306
vt 0.272688 0.661669
vt 0.305587 0.638306
vt 0.290062 0.660352
vt 0.323097 0.655356
vt 0.306914 0.658172
vt 0.322619 0.638306
vt 0.338918 0.652309
vt 0.339651 0.638306
vt 0.355062 0.649469
vt 0.356683 0.638306
vt 0.372042 0.647485
vt 0.373714 0.638306
vt 0.389578 0.646684
vt 0.390746 0.638306
vt 0.407222 0.646689
vt 0.273853 0.685032
vt 0.255715 0.686295
vt 0.291567 0.682397
vt 0.308240 0.678038
vt 0.323574 0.672405
vt 0.338184 0.666311
vt 0.353441 0.660633
vt 0.370370 0.656664
vt 0.388410 0.655062
vt 0.406666 0.655071
vt 0.275018 0.708395
vt 0.256326 0.710290
vt 0.293073 0.704443
vt 0.309567 0.697903
vt 0.324052 0.689455
vt 0.337451 0.680313
vt 0.351821 0.671796
vt 0.368698 0.665843
vt 0.387242 0.663440
vt 0.406111 0.663453
vt 0.276182 0.731759
vt 0.256937 0.734285
vt 0.294579 0.726488
vt 0.310894 0.717769
vt 0.324529 0.706504
vt 0.336718 0.694316
vt 0.350200 0.682959
vt 0.367026 0.675022
vt 0.386074 0.671818
vt 0.405556 0.671836
vt 0.257548 0.758279
vt 0.277347 0.755122
vt 0.296085 0.748534
vt 0.312220 0.737635
vt 0.325007 0.723554
vt 0.335984 0.708318
vt 0.348579 0.694122
vt 0.365354 0.684201
vt 0.384906 0.680196
vt 0.405000 0.680218
vt 0.258159 0.782274
vt 0.237461 0.783240
vt 0.278511 0.778485
vt 0.297591 0.770579
vt 0.313547 0.757501
vt 0.325484 0.740603
vt 0.335251 0.722320
vt 0.346959 0.705285
vt 0.363682 0.693379
vt 0.383737 0.688574
vt 0.404444 0.688600
vt 0.252356 0.820149
vt 0.238784 0.822845
vt 0.238784 0.816560
vt 0.225176 0.819616
vt 0.225176 0.812972
vt 0.211568 0.816388
vt 0.211568 0.809384
vt 0.197960 0.813159
vt 0.197960 0.805797
vt 0.184352 0.809929
vt 0.184352 0.802209
vt 0.170744 0.806701
vt 0.170744 0.798621
vt 0.157137 0.803472
vt 0.157137 0.795034
vt 0.143529 0.800243
vt 0.143529 0.791446
vt 0.129921 0.797014
vt 0.129921 0.787859
vt 0.116313 0.793785
vt 0.116313 0.784271
vt 0.102705 0.790557
vt 0.102705 0.780683
vt 0.089097 0.787328
vt 0.089097 0.777096
vt 0.075489 0.784098
vt 0.075489 0.773508
vt 0.061881 0.780870
vt 0.061881 0.769920
vt 0.048273 0.777641
vt 0.048273 0.766333
vt 0.252286 0.826037
vt 0.238784 0.829131
vt 0.225176 0.826261
vt 0.211568 0.823391
vt 0.197960 0.820521
vt 0.184352 0.817650
vt 0.170744 0.814780
vt 0.157137 0.811910
vt 0.143529 0.809040
vt 0.129921 0.806170
vt 0.116313 0.803300
vt 0.102705 0.800430
vt 0.089097 0.797560
vt 0.075489 0.794689
vt 0.061881 0.791819
vt 0.048273 0.788950
vt 0.252320 0.831985
vt 0.238784 0.835417
vt 0.225176 0.832905
vt 0.211568 0.830394
vt 0.197960 0.827883
vt 0.184352 0.825371
vt 0.170744 0.822860
vt 0.157137 0.820349
vt 0.143529 0.817837
vt 0.129921 0.815326
vt 0.116313 0.812814
vt 0.102705 0.810303
vt 0.089097 0.807792
vt 0.075489 0.805280
vt 0.061881 0.802769
vt 0.048273 0.800258
vt 0.252289 0.837898
vt 0.238784 0.841702
vt 0.225176 0.839550
vt 0.211568 0.837397
vt 0.197960 0.835245
vt 0.184352 0.833092
vt 0.170744 0.830939
vt 0.157137 0.828787
vt 0.143529 0.826634
vt 0.129921 0.824482
vt 0.116313 0.822329
vt 0.102705 0.820177
vt 0.089097 0.818024
vt 0.075489 0.815871
vt 0.061881 0.813719
vt 0.048273 0.811566
vt 0.252313 0.843838
vt 0.238784 0.847988
vt 0.225176 0.846194
vt 0.211568 0.844400
vt 0.197960 0.842607
vt 0.184352 0.840812
vt 0.170744 0.839019
vt 0.157137 0.837225
vt 0.143529 0.835431
vt 0.129921 0.833638
vt 0.116313 0.831843
vt 0.102705 0.830050
vt 0.089097 0.828256
vt 0.075489 0.826462
vt 0.061881 0.824668
vt 0.048273 0.822875
vt 0.252311 0.849770
vt 0.238784 0.854274
vt 0.225176 0.852838
vt 0.211568 0.851403
vt 0.197960 0.849968
vt 0.184352 0.848533
vt 0.170744 0.847098
vt 0.157137 0.845663
vt 0.143529 0.844228
vt 0.129921 0.842793
vt 0.116313 0.841358
vt 0.102705 0.839923
vt 0.089097 0.838488
vt 0.075489 0.837053
vt 0.061881 0.835618
vt 0.048273 0.834183
vt 0.252301 0.855704
vt 0.238784 0.860559
vt 0.225176 0.859483
vt 0.211568 0.858407
vt 0.197960 0.857330
vt 0.184352 0.856254
vt 0.170744 0.855178
vt 0.157137 0.854102
vt 0.143529 0.853025
vt 0.129921 0.851949
vt 0.116313 0.850873
vt 0.102705 0.849796
vt 0.089097 0.848720
vt 0.075489 0.847643
vt 0.061881 0.846567
vt 0.048273 0.845492
vt 0.252309 0.861625
vt 0.238784 0.866845
vt 0.225176 0.866127
vt 0.211568 0.865410
vt 0.197960 0.864692
vt 0.184352 0.863975
vt 0.170744 0.863257
vt 0.157137 0.862540
vt 0.143529 0.861822
vt 0.129921 0.861105
vt 0.116313 0.860387
vt 0.102705 0.859670
vt 0.089097 0.858952
vt 0.075489 0.858234
vt 0.061881 0.857517
vt 0.048273 0.856800
vt 0.252308 0.867558
vt 0.238784 0.873131
vt 0.225176 0.872772
vt 0.211568 0.872413
vt 0.197960 0.872054
vt 0.184352 0.871695
vt 0.170744 0.871337
vt 0.157137 0.870978
vt 0.143529 0.870619
vt 0.129921 0.870261
vt 0.116313 0.869902
vt 0.102705 0.869543
vt 0.089097 0.869184
vt 0.075489 0.868825
vt 0.048273 0.868108
vt 0.252308 0.873484
vt 0.238784 0.879416
vt 0.225176 0.879416
vt 0.211568 0.879416
vt 0.197960 0.879416
vt 0.184352 0.879416
vt 0.170744 0.879416
vt 0.157137 0.879416
vt 0.143529 0.879416
vt 0.116313 0.879416
vt 0.102705 0.879416
vt 0.089097 0.879416
vt 0.075489 0.879416
vt 0.061881 0.868466
vt 0.048273 0.879416
vt 0.252293 0.885342
vt 0.252307 0.879418
vt 0.238772 0.885702
vt 0.225165 0.886061
vt 0.211558 0.886419
vt 0.197951 0.886778
vt 0.184344 0.887137
vt 0.170737 0.887496
vt 0.157130 0.887855
vt 0.143523 0.888213
vt 0.129921 0.879417
vt 0.129916 0.888572
vt 0.116308 0.888931
vt 0.102701 0.889289
vt 0.089094 0.889649
vt 0.075487 0.890007
vt 0.061881 0.879416
vt 0.048273 0.890725
vt 0.252281 0.891276
vt 0.238760 0.891988
vt 0.225154 0.892705
vt 0.211547 0.893422
vt 0.197941 0.894140
vt 0.184335 0.894857
vt 0.170729 0.895575
vt 0.157123 0.896293
vt 0.143516 0.897010
vt 0.129910 0.897728
vt 0.116304 0.898445
vt 0.102698 0.899163
vt 0.089092 0.899881
vt 0.075486 0.900598
vt 0.061880 0.890366
vt 0.061879 0.901315
vt 0.252264 0.897205
vt 0.238748 0.898274
vt 0.225142 0.899349
vt 0.211537 0.900426
vt 0.197932 0.901502
vt 0.184326 0.902578
vt 0.170721 0.903655
vt 0.157116 0.904731
vt 0.143510 0.905807
vt 0.129905 0.906884
vt 0.116300 0.907960
vt 0.102694 0.909036
vt 0.089089 0.910113
vt 0.075484 0.911189
vt 0.061878 0.912265
vt 0.048273 0.902033
vt 0.252255 0.903130
vt 0.238735 0.904559
vt 0.225131 0.905994
vt 0.211526 0.907429
vt 0.197922 0.908864
vt 0.184318 0.910299
vt 0.170713 0.911734
vt 0.157109 0.913169
vt 0.143504 0.914604
vt 0.129900 0.916040
vt 0.116295 0.917475
vt 0.102691 0.918909
vt 0.089087 0.920345
vt 0.075482 0.921779
vt 0.061877 0.923214
vt 0.048273 0.913342
vt 0.252262 0.909075
vt 0.238723 0.910845
vt 0.225120 0.912638
vt 0.211516 0.914432
vt 0.197913 0.916226
vt 0.184309 0.918020
vt 0.170705 0.919814
vt 0.157102 0.921608
vt 0.143498 0.923401
vt 0.129895 0.925195
vt 0.116291 0.926989
vt 0.102687 0.928783
vt 0.089084 0.930577
vt 0.075480 0.932370
vt 0.061877 0.934164
vt 0.048273 0.924650
vt 0.252242 0.914990
vt 0.238711 0.917131
vt 0.225108 0.919283
vt 0.211506 0.921435
vt 0.197903 0.923588
vt 0.184300 0.925740
vt 0.170697 0.927893
vt 0.157095 0.930046
vt 0.143492 0.932198
vt 0.129889 0.934351
vt 0.116287 0.936504
vt 0.102684 0.938656
vt 0.089081 0.940809
vt 0.075479 0.942961
vt 0.061876 0.945113
vt 0.048273 0.935958
vt 0.252134 0.920928
vt 0.238699 0.923416
vt 0.225097 0.925927
vt 0.211495 0.928438
vt 0.197893 0.930950
vt 0.184291 0.933461
vt 0.170690 0.935973
vt 0.157088 0.938484
vt 0.143486 0.940995
vt 0.129884 0.943507
vt 0.116282 0.946018
vt 0.102680 0.948529
vt 0.089079 0.951041
vt 0.061875 0.956063
vt 0.048273 0.947267
vt 0.252197 0.926847
vt 0.238687 0.929702
vt 0.225086 0.932572
vt 0.211485 0.935441
vt 0.197884 0.938312
vt 0.184283 0.941182
vt 0.170682 0.944052
vt 0.157081 0.946922
vt 0.143480 0.949792
vt 0.129879 0.952663
vt 0.116278 0.955533
vt 0.102677 0.958403
vt 0.089076 0.961273
vt 0.075477 0.953552
vt 0.075475 0.964143
vt 0.048273 0.969883
vt 0.048273 0.958575
vt 0.252233 0.932776
vt 0.238674 0.935988
vt 0.225074 0.939216
vt 0.211474 0.942445
vt 0.197874 0.945674
vt 0.184274 0.948903
vt 0.170674 0.952132
vt 0.157074 0.955361
vt 0.143474 0.958589
vt 0.129874 0.961819
vt 0.116274 0.965047
vt 0.102673 0.968276
vt 0.089073 0.971505
vt 0.061873 0.977962
vt 0.061874 0.967013
vt 0.252219 0.938758
vt 0.238662 0.942273
vt 0.225063 0.945861
vt 0.211464 0.949448
vt 0.197865 0.953036
vt 0.184265 0.956623
vt 0.170666 0.960211
vt 0.157067 0.963799
vt 0.143468 0.967386
vt 0.129869 0.970974
vt 0.116269 0.974562
vt 0.102670 0.978149
vt 0.089071 0.981737
vt 0.075473 0.974734
vt 0.075472 0.985325
vt 0.061872 0.988912
vt 0.048273 0.981192
vt 0.205972 0.470439
vt 0.193309 0.478919
vt 0.192240 0.471395
vt 0.178757 0.474127
vt 0.180874 0.481428
vt 0.165869 0.478914
vt 0.168986 0.485828
vt 0.154020 0.485873
vt 0.158043 0.492228
vt 0.143665 0.494901
vt 0.148553 0.500641
vt 0.135126 0.505670
vt 0.140856 0.510717
vt 0.128522 0.517730
vt 0.134951 0.521937
vt 0.123794 0.530650
vt 0.130748 0.533907
vt 0.120804 0.544084
vt 0.219704 0.471395
vt 0.205972 0.478002
vt 0.233187 0.474127
vt 0.218634 0.478919
vt 0.246075 0.478914
vt 0.231070 0.481428
vt 0.257924 0.485873
vt 0.242957 0.485828
vt 0.268279 0.494901
vt 0.253901 0.492228
vt 0.276818 0.505670
vt 0.263391 0.500641
vt 0.283421 0.517730
vt 0.271088 0.510717
vt 0.288150 0.530650
vt 0.276993 0.521937
vt 0.291140 0.544084
vt 0.281196 0.533907
vt 0.612869 0.512158
vt 0.603784 0.519805
vt 0.602629 0.512233
vt 0.594699 0.519889
vt 0.592390 0.512354
vt 0.585616 0.520051
vt 0.582153 0.512589
vt 0.576537 0.520396
vt 0.571927 0.513113
vt 0.567482 0.521116
vt 0.561755 0.514255
vt 0.558513 0.522522
vt 0.551744 0.516360
vt 0.549788 0.524988
vt 0.542190 0.519972
vt 0.541713 0.529065
vt 0.533757 0.525701
vt 0.534994 0.535122
vt 0.527701 0.532885
vt 0.621954 0.519805
vt 0.612869 0.519717
vt 0.623044 0.512233
vt 0.631038 0.519890
vt 0.633219 0.512352
vt 0.640122 0.520051
vt 0.643391 0.512582
vt 0.649200 0.520396
vt 0.653553 0.513097
vt 0.658255 0.521116
vt 0.663664 0.514202
vt 0.667225 0.522522
vt 0.673618 0.516263
vt 0.675949 0.524988
vt 0.683153 0.519750
vt 0.684025 0.529065
vt 0.691586 0.525367
vt 0.690744 0.535122
vt 0.634921 0.007796
vt 0.612869 0.030178
vt 0.612869 0.007797
vt 0.656974 0.007796
vt 0.634921 0.030178
vt 0.679026 0.007796
vt 0.656974 0.030178
vt 0.701078 0.007796
vt 0.679026 0.030178
vt 0.723131 0.030178
vt 0.701078 0.030178
vt 0.723130 0.007795
vt 0.745183 0.030178
vt 0.745183 0.007795
vt 0.767235 0.030178
vt 0.767235 0.007795
vt 0.789288 0.030178
vt 0.789288 0.007795
vt 0.811340 0.030178
vt 0.590816 0.030178
vt 0.590816 0.007796
vt 0.568764 0.007796
vt 0.568764 0.030178
vt 0.546712 0.007796
vt 0.546712 0.030178
vt 0.524659 0.007796
vt 0.524659 0.030178
vt 0.502607 0.007796
vt 0.502607 0.030178
vt 0.480554 0.007796
vt 0.458502 0.030178
vt 0.458502 0.007796
vt 0.436449 0.007796
vt 0.414397 0.030178
vt 0.414397 0.007796
vt 0.597118 0.638306
vt 0.614761 0.662301
vt 0.597118 0.662462
vt 0.614150 0.638306
vt 0.632346 0.661669
vt 0.648213 0.638306
vt 0.631182 0.638306
vt 0.666572 0.658172
vt 0.649719 0.660352
vt 0.665245 0.638306
vt 0.682754 0.655356
vt 0.682277 0.638306
vt 0.698575 0.652309
vt 0.699309 0.638306
vt 0.714720 0.649469
vt 0.716340 0.638306
vt 0.731700 0.647485
vt 0.733372 0.638306
vt 0.749236 0.646684
vt 0.750404 0.638306
vt 0.766880 0.646689
vt 0.615372 0.686295
vt 0.597118 0.686617
vt 0.633511 0.685032
vt 0.651225 0.682397
vt 0.667898 0.678038
vt 0.683232 0.672405
vt 0.697842 0.666311
vt 0.713099 0.660633
vt 0.730028 0.656664
vt 0.748067 0.655062
vt 0.766324 0.655071
vt 0.615983 0.710290
vt 0.597118 0.710773
vt 0.634675 0.708395
vt 0.652731 0.704442
vt 0.669225 0.697903
vt 0.683709 0.689454
vt 0.697108 0.680313
vt 0.711478 0.671796
vt 0.728355 0.665843
vt 0.746899 0.663440
vt 0.616594 0.734284
vt 0.597118 0.734928
vt 0.635840 0.731758
vt 0.654237 0.726488
vt 0.670551 0.717769
vt 0.684186 0.706504
vt 0.696375 0.694316
vt 0.709857 0.682959
vt 0.726683 0.675021
vt 0.745731 0.671818
vt 0.765768 0.663453
vt 0.617206 0.758279
vt 0.597118 0.759084
vt 0.637004 0.755121
vt 0.655742 0.748533
vt 0.671878 0.737635
vt 0.684664 0.723553
vt 0.695641 0.708318
vt 0.708237 0.694122
vt 0.725011 0.684200
vt 0.744563 0.680196
vt 0.765212 0.671836
vt 0.617817 0.782273
vt 0.597118 0.783240
vt 0.638169 0.778485
vt 0.657248 0.770579
vt 0.673204 0.757500
vt 0.685141 0.740603
vt 0.694908 0.722320
vt 0.706616 0.705285
vt 0.723338 0.693379
vt 0.743394 0.688574
vt 0.764101 0.688600
vt 0.580086 0.638306
vt 0.579475 0.662301
vt 0.563055 0.638306
vt 0.561890 0.661670
vt 0.546023 0.638306
vt 0.544517 0.660352
vt 0.528991 0.638306
vt 0.511482 0.655356
vt 0.511959 0.638306
vt 0.495661 0.652309
vt 0.494928 0.638306
vt 0.479517 0.649470
vt 0.477896 0.638306
vt 0.462536 0.647485
vt 0.460864 0.638306
vt 0.445001 0.646684
vt 0.443832 0.638306
vt 0.427356 0.646689
vt 0.426801 0.638306
vt 0.560726 0.685032
vt 0.543011 0.682397
vt 0.526338 0.678038
vt 0.527665 0.658172
vt 0.511004 0.672405
vt 0.496394 0.666311
vt 0.481137 0.660633
vt 0.464209 0.656664
vt 0.446169 0.655062
vt 0.427912 0.655071
vt 0.578864 0.686295
vt 0.559561 0.708396
vt 0.541505 0.704443
vt 0.525011 0.697904
vt 0.510527 0.689455
vt 0.497128 0.680314
vt 0.482758 0.671796
vt 0.465881 0.665843
vt 0.447337 0.663440
vt 0.428468 0.663453
vt 0.578253 0.710290
vt 0.558396 0.731759
vt 0.540000 0.726488
vt 0.523685 0.717769
vt 0.510049 0.706504
vt 0.497861 0.694316
vt 0.484379 0.682959
vt 0.467553 0.675022
vt 0.448505 0.671818
vt 0.429024 0.671836
vt 0.577642 0.734285
vt 0.557232 0.755121
vt 0.538494 0.748533
vt 0.522358 0.737635
vt 0.509572 0.723554
vt 0.498595 0.708318
vt 0.486000 0.694122
vt 0.469225 0.684200
vt 0.449674 0.680196
vt 0.429580 0.680218
vt 0.576419 0.782274
vt 0.577031 0.758279
vt 0.556067 0.778485
vt 0.536988 0.770579
vt 0.521032 0.757501
vt 0.509095 0.740603
vt 0.499328 0.722320
vt 0.487620 0.705285
vt 0.470898 0.693379
vt 0.450842 0.688574
vt 0.430136 0.688600
vt 0.271710 0.820150
vt 0.285356 0.822845
vt 0.271862 0.826069
vt 0.285356 0.816559
vt 0.298964 0.819616
vt 0.298964 0.812971
vt 0.312572 0.816387
vt 0.312572 0.809384
vt 0.326180 0.813158
vt 0.326180 0.805796
vt 0.339788 0.809929
vt 0.339788 0.802209
vt 0.353396 0.806701
vt 0.353396 0.798621
vt 0.367004 0.803471
vt 0.367004 0.795033
vt 0.380612 0.800243
vt 0.380612 0.791446
vt 0.394220 0.797014
vt 0.394220 0.787859
vt 0.407827 0.793785
vt 0.407827 0.784271
vt 0.421435 0.790556
vt 0.421435 0.780683
vt 0.435043 0.787328
vt 0.435043 0.777096
vt 0.448651 0.784098
vt 0.448651 0.773507
vt 0.462259 0.780870
vt 0.462259 0.769920
vt 0.475867 0.777641
vt 0.285356 0.829130
vt 0.271811 0.831970
vt 0.298964 0.826260
vt 0.312572 0.823391
vt 0.326180 0.820520
vt 0.339788 0.817650
vt 0.353396 0.814780
vt 0.367004 0.811910
vt 0.380612 0.809040
vt 0.394220 0.806170
vt 0.407827 0.803300
vt 0.421435 0.800430
vt 0.435043 0.797560
vt 0.448651 0.794689
vt 0.462259 0.791820
vt 0.475867 0.788950
vt 0.285356 0.835416
vt 0.271811 0.837894
vt 0.298964 0.832905
vt 0.312572 0.830394
vt 0.326180 0.827882
vt 0.339788 0.825371
vt 0.353396 0.822860
vt 0.367004 0.820348
vt 0.380612 0.817837
vt 0.394220 0.815326
vt 0.407827 0.812814
vt 0.421435 0.810303
vt 0.435043 0.807792
vt 0.448651 0.805280
vt 0.462259 0.802769
vt 0.475867 0.800258
vt 0.285356 0.841702
vt 0.271811 0.843862
vt 0.298964 0.839549
vt 0.312572 0.837397
vt 0.326180 0.835244
vt 0.339788 0.833092
vt 0.353396 0.830939
vt 0.367004 0.828786
vt 0.380612 0.826634
vt 0.394220 0.824482
vt 0.407827 0.822329
vt 0.421435 0.820176
vt 0.435043 0.818024
vt 0.448651 0.815871
vt 0.462259 0.813719
vt 0.475867 0.811566
vt 0.285356 0.847987
vt 0.271804 0.849774
vt 0.298964 0.846194
vt 0.312572 0.844400
vt 0.326180 0.842606
vt 0.339788 0.840812
vt 0.353396 0.839019
vt 0.367004 0.837225
vt 0.380612 0.835431
vt 0.394220 0.833638
vt 0.407827 0.831843
vt 0.421435 0.830050
vt 0.435043 0.828256
vt 0.448651 0.826462
vt 0.462259 0.824668
vt 0.475867 0.822875
vt 0.285356 0.854273
vt 0.271811 0.855704
vt 0.298964 0.852838
vt 0.312572 0.851403
vt 0.326180 0.849968
vt 0.339788 0.848533
vt 0.353396 0.847098
vt 0.367004 0.845663
vt 0.380612 0.844228
vt 0.394220 0.842793
vt 0.407827 0.841358
vt 0.421435 0.839923
vt 0.435043 0.838488
vt 0.448651 0.837052
vt 0.462259 0.835618
vt 0.475867 0.834183
vt 0.285356 0.860559
vt 0.271811 0.861627
vt 0.298964 0.859483
vt 0.312572 0.858407
vt 0.326180 0.857330
vt 0.339788 0.856254
vt 0.353396 0.855178
vt 0.367004 0.854101
vt 0.380612 0.853025
vt 0.394220 0.851949
vt 0.407827 0.850873
vt 0.421435 0.849796
vt 0.435043 0.848720
vt 0.448651 0.847643
vt 0.462259 0.846567
vt 0.475867 0.845492
vt 0.285356 0.866845
vt 0.271811 0.867556
vt 0.298964 0.866127
vt 0.312572 0.865410
vt 0.326180 0.864692
vt 0.339788 0.863975
vt 0.353396 0.863257
vt 0.367004 0.862540
vt 0.380612 0.861822
vt 0.394220 0.861105
vt 0.407827 0.860387
vt 0.421435 0.859670
vt 0.435043 0.858952
vt 0.448651 0.858234
vt 0.462259 0.857517
vt 0.475867 0.856800
vt 0.285356 0.873130
vt 0.271810 0.873488
vt 0.298964 0.872772
vt 0.312572 0.872413
vt 0.326180 0.872054
vt 0.339788 0.871696
vt 0.353396 0.871337
vt 0.367004 0.870978
vt 0.380612 0.870619
vt 0.394220 0.870261
vt 0.407827 0.869902
vt 0.421435 0.869543
vt 0.435043 0.869184
vt 0.462259 0.868466
vt 0.448651 0.868825
vt 0.475867 0.868108
vt 0.285356 0.879416
vt 0.271809 0.879413
vt 0.298964 0.879416
vt 0.312572 0.879416
vt 0.326180 0.879416
vt 0.339788 0.879416
vt 0.353396 0.879416
vt 0.367004 0.879416
vt 0.394220 0.879416
vt 0.380612 0.879416
vt 0.407827 0.879416
vt 0.421435 0.879416
vt 0.435043 0.879416
vt 0.462259 0.879416
vt 0.448651 0.879416
vt 0.475867 0.879416
vt 0.271826 0.885345
vt 0.285368 0.885702
vt 0.298975 0.886061
vt 0.312582 0.886419
vt 0.326189 0.886778
vt 0.339797 0.887137
vt 0.353404 0.887496
vt 0.367011 0.887854
vt 0.380618 0.888213
vt 0.394225 0.888572
vt 0.407832 0.888931
vt 0.421439 0.889289
vt 0.435046 0.889648
vt 0.448653 0.890007
vt 0.462260 0.890366
vt 0.271842 0.891273
vt 0.285380 0.891988
vt 0.298987 0.892705
vt 0.312593 0.893423
vt 0.326199 0.894140
vt 0.339805 0.894858
vt 0.353411 0.895575
vt 0.367018 0.896293
vt 0.380624 0.897010
vt 0.394230 0.897728
vt 0.407836 0.898445
vt 0.421442 0.899163
vt 0.435049 0.899881
vt 0.448655 0.900598
vt 0.475867 0.890725
vt 0.462261 0.901315
vt 0.271836 0.897203
vt 0.285393 0.898273
vt 0.298998 0.899349
vt 0.312603 0.900426
vt 0.326209 0.901502
vt 0.339814 0.902578
vt 0.353419 0.903655
vt 0.367025 0.904731
vt 0.380630 0.905807
vt 0.394235 0.906884
vt 0.407841 0.907960
vt 0.421446 0.909036
vt 0.435051 0.910113
vt 0.448656 0.911188
vt 0.475867 0.902033
vt 0.462262 0.912265
vt 0.271849 0.903089
vt 0.285405 0.904559
vt 0.299009 0.905994
vt 0.312614 0.907429
vt 0.326218 0.908864
vt 0.339823 0.910299
vt 0.353427 0.911734
vt 0.367032 0.913169
vt 0.380636 0.914604
vt 0.394240 0.916039
vt 0.407845 0.917474
vt 0.421449 0.918909
vt 0.435054 0.920345
vt 0.448658 0.921779
vt 0.475867 0.913342
vt 0.462263 0.923214
vt 0.271917 0.909151
vt 0.285417 0.910845
vt 0.299021 0.912638
vt 0.312624 0.914432
vt 0.326228 0.916226
vt 0.339831 0.918020
vt 0.353435 0.919814
vt 0.367039 0.921607
vt 0.380642 0.923401
vt 0.394246 0.925195
vt 0.407849 0.926989
vt 0.421453 0.928783
vt 0.435056 0.930577
vt 0.448660 0.932370
vt 0.475867 0.924650
vt 0.462264 0.934164
vt 0.271888 0.914939
vt 0.285429 0.917130
vt 0.299032 0.919283
vt 0.312635 0.921435
vt 0.326237 0.923588
vt 0.339840 0.925741
vt 0.353443 0.927893
vt 0.367045 0.930046
vt 0.380648 0.932198
vt 0.394251 0.934351
vt 0.407854 0.936504
vt 0.421456 0.938656
vt 0.435059 0.940809
vt 0.448662 0.942961
vt 0.475867 0.935958
vt 0.462265 0.945113
vt 0.271889 0.920945
vt 0.285441 0.923416
vt 0.299043 0.925927
vt 0.312645 0.928439
vt 0.326247 0.930950
vt 0.339849 0.933461
vt 0.353451 0.935973
vt 0.367052 0.938484
vt 0.380654 0.940995
vt 0.394256 0.943507
vt 0.407858 0.946018
vt 0.421460 0.948529
vt 0.435062 0.951041
vt 0.448664 0.953552
vt 0.475867 0.947267
vt 0.462266 0.956063
vt 0.271928 0.926825
vt 0.285454 0.929702
vt 0.299055 0.932572
vt 0.312656 0.935442
vt 0.326256 0.938312
vt 0.339858 0.941182
vt 0.353458 0.944052
vt 0.367059 0.946922
vt 0.380660 0.949792
vt 0.394261 0.952663
vt 0.407862 0.955533
vt 0.421463 0.958403
vt 0.435064 0.961273
vt 0.448665 0.964143
vt 0.475867 0.958575
vt 0.462266 0.967013
vt 0.271919 0.932748
vt 0.285466 0.935987
vt 0.299066 0.939216
vt 0.312666 0.942445
vt 0.326266 0.945674
vt 0.339866 0.948903
vt 0.353466 0.952132
vt 0.367066 0.955361
vt 0.380667 0.958589
vt 0.394267 0.961818
vt 0.407867 0.965047
vt 0.421467 0.968276
vt 0.435067 0.971505
vt 0.448667 0.974734
vt 0.475867 0.969883
vt 0.462267 0.977962
vt 0.271912 0.938745
vt 0.285478 0.942273
vt 0.299077 0.945861
vt 0.312677 0.949448
vt 0.326276 0.953036
vt 0.339875 0.956624
vt 0.353474 0.960211
vt 0.367073 0.963799
vt 0.380673 0.967386
vt 0.394272 0.970974
vt 0.407871 0.974562
vt 0.421470 0.978149
vt 0.448669 0.985325
vt 0.435070 0.981737
vt 0.475867 0.981192
vt 0.462268 0.988912
vt 0.688535 0.965253
vt 0.673824 0.973425
vt 0.686103 0.962673
vt 0.620974 0.837429
vt 0.631494 0.838639
vt 0.621242 0.839841
vt 0.682742 0.851962
vt 0.689592 0.859768
vt 0.680494 0.853826
vt 0.579542 0.971530
vt 0.595353 0.978131
vt 0.593837 0.981392
vt 0.559987 0.860788
vt 0.554735 0.870753
vt 0.551541 0.869373
vt 0.698829 0.951599
vt 0.696083 0.949574
vt 0.611261 0.841850
vt 0.610521 0.839532
vt 0.692270 0.858141
vt 0.698195 0.867128
vt 0.567258 0.959189
vt 0.581641 0.968744
vt 0.548489 0.881021
vt 0.545091 0.879928
vt 0.631633 0.836146
vt 0.641829 0.839158
vt 0.706934 0.936556
vt 0.703964 0.935123
vt 0.601354 0.844223
vt 0.600130 0.842022
vt 0.701230 0.865747
vt 0.705747 0.876284
vt 0.557260 0.945038
vt 0.569795 0.956926
vt 0.642327 0.836665
vt 0.651933 0.841297
vt 0.713055 0.920770
vt 0.709832 0.919973
vt 0.591409 0.846865
vt 0.589698 0.844785
vt 0.708997 0.875154
vt 0.710977 0.887312
vt 0.549375 0.929830
vt 0.560090 0.943341
vt 0.627308 0.989457
vt 0.643908 0.985383
vt 0.644613 0.989004
vt 0.652824 0.838889
vt 0.661654 0.844749
vt 0.715803 0.904121
vt 0.712499 0.904135
vt 0.581505 0.850447
vt 0.579338 0.848475
vt 0.543894 0.913845
vt 0.552537 0.928679
vt 0.661076 0.984794
vt 0.659638 0.981307
vt 0.714356 0.886522
vt 0.662987 0.842504
vt 0.671164 0.848889
vt 0.610115 0.986931
vt 0.627371 0.985830
vt 0.571986 0.855644
vt 0.569422 0.853859
vt 0.542263 0.897244
vt 0.547271 0.913360
vt 0.675827 0.976487
vt 0.545674 0.897557
vt 0.672956 0.846831
vt 0.610909 0.983491
vt 0.562920 0.862351
vt 0.665012 0.964473
vt 0.665999 0.861209
vt 0.631419 0.851964
vt 0.622433 0.853133
vt 0.675093 0.956677
vt 0.673892 0.865515
vt 0.613405 0.855029
vt 0.683801 0.946706
vt 0.681226 0.870521
vt 0.604421 0.857226
vt 0.691136 0.934959
vt 0.694287 0.883348
vt 0.688181 0.876193
vt 0.595618 0.859605
vt 0.696885 0.921784
vt 0.587143 0.862452
vt 0.699637 0.907302
vt 0.698710 0.892424
vt 0.579421 0.866871
vt 0.615135 0.971518
vt 0.628301 0.972819
vt 0.560573 0.887242
vt 0.558523 0.901567
vt 0.572013 0.872091
vt 0.602442 0.967655
vt 0.565333 0.878668
vt 0.591097 0.960467
vt 0.581083 0.951471
vt 0.640357 0.852274
vt 0.572509 0.940840
vt 0.565455 0.928850
vt 0.641363 0.972879
vt 0.649127 0.854307
vt 0.560323 0.915701
vt 0.653748 0.970103
vt 0.657674 0.857480
vt 0.629563 0.904174
vt 0.762663 0.847965
vt 0.752919 0.857249
vt 0.751608 0.856069
vt 0.859254 0.967604
vt 0.867605 0.957860
vt 0.868797 0.958865
vt 0.763675 0.960570
vt 0.753579 0.953023
vt 0.764721 0.959627
vt 0.744759 0.867809
vt 0.743307 0.866878
vt 0.888008 0.885211
vt 0.889259 0.898519
vt 0.886377 0.885730
vt 0.752224 0.953836
vt 0.743861 0.943588
vt 0.796512 0.978545
vt 0.808676 0.982620
vt 0.808733 0.984295
vt 0.738731 0.879383
vt 0.737155 0.878726
vt 0.876377 0.948430
vt 0.877806 0.949221
vt 0.742286 0.944264
vt 0.737018 0.931748
vt 0.732791 0.891409
vt 0.734492 0.891789
vt 0.883542 0.937337
vt 0.885142 0.937920
vt 0.786143 0.970841
vt 0.796666 0.977103
vt 0.730616 0.904987
vt 0.732409 0.905064
vt 0.814197 0.840537
vt 0.826465 0.842580
vt 0.814153 0.841884
vt 0.888188 0.924856
vt 0.889889 0.925206
vt 0.735315 0.932234
vt 0.733188 0.918665
vt 0.826829 0.841264
vt 0.839005 0.843874
vt 0.731414 0.918892
vt 0.822764 0.984465
vt 0.823042 0.986302
vt 0.839674 0.842573
vt 0.851797 0.846947
vt 0.785726 0.972086
vt 0.775646 0.965192
vt 0.852745 0.845652
vt 0.863885 0.852954
vt 0.889983 0.911669
vt 0.891726 0.911736
vt 0.801769 0.841475
vt 0.801483 0.840119
vt 0.836528 0.980800
vt 0.837029 0.982461
vt 0.865064 0.851704
vt 0.874015 0.862122
vt 0.789044 0.841728
vt 0.788437 0.840365
vt 0.848194 0.974223
vt 0.848904 0.975676
vt 0.774911 0.966296
vt 0.776002 0.843916
vt 0.775121 0.842564
vt 0.858311 0.966371
vt 0.875409 0.861014
vt 0.881360 0.873465
vt 0.763750 0.849253
vt 0.882878 0.872648
vt 0.890938 0.898292
vt 0.860113 0.951610
vt 0.851577 0.959433
vt 0.747541 0.883862
vt 0.743905 0.894859
vt 0.842511 0.966391
vt 0.752761 0.873633
vt 0.879583 0.900726
vt 0.832678 0.971628
vt 0.759585 0.864477
vt 0.742235 0.906436
vt 0.743073 0.918022
vt 0.811245 0.973127
vt 0.821972 0.973912
vt 0.877142 0.889468
vt 0.746452 0.928864
vt 0.768508 0.857416
vt 0.872790 0.878701
vt 0.752262 0.938384
vt 0.790258 0.851497
vt 0.778994 0.853192
vt 0.866617 0.868984
vt 0.760438 0.945942
vt 0.801936 0.851325
vt 0.858386 0.861259
vt 0.770358 0.951640
vt 0.813847 0.851657
vt 0.848490 0.856088
vt 0.780921 0.957076
vt 0.880104 0.912210
vt 0.837426 0.853327
vt 0.791351 0.962920
vt 0.878384 0.923476
vt 0.825756 0.852202
vt 0.801220 0.968875
vt 0.874261 0.933927
vt 0.867976 0.943274
vt 0.812001 0.909287
vt 0.936436 0.479732
vt 0.916127 0.481015
vt 0.934819 0.476673
vt 0.882160 0.367224
vt 0.902227 0.364653
vt 0.884034 0.370773
vt 0.901811 0.360514
vt 0.921801 0.364126
vt 0.868173 0.381211
vt 0.864943 0.378516
vt 0.976106 0.392976
vt 0.978100 0.414824
vt 0.970940 0.394911
vt 0.854806 0.395255
vt 0.850467 0.393621
vt 0.943802 0.364619
vt 0.958260 0.378932
vt 0.941044 0.368534
vt 0.983625 0.436520
vt 0.984093 0.414184
vt 0.962410 0.375762
vt 0.846820 0.412808
vt 0.841881 0.412448
vt 0.922979 0.359927
vt 0.844563 0.431961
vt 0.839420 0.433003
vt 0.972783 0.456764
vt 0.977770 0.436137
vt 0.846682 0.451822
vt 0.841295 0.454254
vt 0.873232 0.482288
vt 0.858162 0.469015
vt 0.876778 0.478717
vt 0.853409 0.472254
vt 0.894839 0.485532
vt 0.896655 0.481832
vt 0.955425 0.471217
vt 0.967708 0.455609
vt 0.916001 0.484706
vt 0.951948 0.469042
vt 0.935475 0.507477
vt 0.914869 0.507379
vt 0.914395 0.503850
vt 0.952076 0.517241
vt 0.934161 0.510485
vt 0.955254 0.514951
vt 0.969407 0.529178
vt 0.974202 0.527678
vt 0.982188 0.547761
vt 0.983622 0.591771
vt 0.984321 0.569393
vt 0.990191 0.569445
vt 0.870225 0.509984
vt 0.856166 0.525685
vt 0.851139 0.522983
vt 0.987845 0.546885
vt 0.971656 0.610813
vt 0.978456 0.590437
vt 0.846502 0.545048
vt 0.840999 0.543192
vt 0.892585 0.504371
vt 0.874162 0.513135
vt 0.954218 0.624824
vt 0.967329 0.608219
vt 0.912118 0.633478
vt 0.932110 0.628091
vt 0.933677 0.632094
vt 0.951139 0.621308
vt 0.841613 0.565319
vt 0.846675 0.565842
vt 0.891424 0.628312
vt 0.912110 0.629390
vt 0.872991 0.618408
vt 0.861057 0.602385
vt 0.875830 0.615507
vt 0.894778 0.507815
vt 0.892882 0.624693
vt 0.857064 0.604318
vt 0.850987 0.585309
vt 0.846256 0.586092
vt 0.896540 0.550143
vt 0.910186 0.582913
vt 0.917366 0.584247
vt 0.939216 0.558022
vt 0.935179 0.553544
vt 0.902508 0.547356
vt 0.903561 0.579840
vt 0.940488 0.563881
vt 0.909332 0.546966
vt 0.897896 0.575359
vt 0.939279 0.570162
vt 0.893996 0.569443
vt 0.936131 0.576016
vt 0.892188 0.562494
vt 0.931046 0.580659
vt 0.922662 0.548853
vt 0.915939 0.548024
vt 0.924549 0.583399
vt 0.929484 0.550699
vt 0.892754 0.555596
vt 0.890141 0.430428
vt 0.924475 0.410155
vt 0.919554 0.440558
vt 0.891364 0.436722
vt 0.918154 0.408355
vt 0.925845 0.438513
vt 0.911428 0.408206
vt 0.930993 0.435225
vt 0.895466 0.441329
vt 0.904929 0.410015
vt 0.934272 0.430505
vt 0.901309 0.443221
vt 0.899048 0.413402
vt 0.935017 0.424827
vt 0.907540 0.443025
vt 0.894174 0.417982
vt 0.933439 0.418968
vt 0.913476 0.441720
vt 0.891147 0.423836
vt 0.929816 0.413776
vt 0.916527 0.564475
vt 0.912550 0.426445
vt 0.436449 0.007501
vt 0.414397 0.007501
vt 0.458502 0.007501
vt 0.480554 0.007501
vt 0.502607 0.007501
vt 0.524659 0.007501
vt 0.546712 0.007501
vt 0.568764 0.007501
vt 0.590816 0.007501
vt 0.612869 0.007501
vt 0.789288 0.007500
vt 0.811340 0.007795
vt 0.767235 0.007500
vt 0.745183 0.007500
vt 0.723131 0.007500
vt 0.701078 0.007501
vt 0.679026 0.007501
vt 0.656974 0.007501
vt 0.634921 0.007501
vt 0.404444 0.007501
vt 0.382391 0.007501
vt 0.360339 0.007501
vt 0.338287 0.007501
vt 0.316234 0.007501
vt 0.294182 0.007501
vt 0.272129 0.007501
vt 0.250077 0.007501
vt 0.228024 0.007500
vt 0.205972 0.007500
vt 0.007500 0.007501
vt 0.029552 0.007501
vt 0.051605 0.007501
vt 0.073657 0.007501
vt 0.095710 0.007501
vt 0.117762 0.007501
vt 0.139815 0.007501
vt 0.161867 0.007501
vt 0.183920 0.007501
vt 0.271879 0.938685
vt 0.271866 0.932758
vt 0.271853 0.926831
vt 0.271840 0.920904
vt 0.271827 0.914977
vt 0.271814 0.909050
vt 0.271801 0.903124
vt 0.271787 0.897197
vt 0.271774 0.891270
vt 0.271761 0.885343
vt 0.271748 0.879416
vt 0.271748 0.873489
vt 0.271748 0.867562
vt 0.271748 0.861635
vt 0.271748 0.855708
vt 0.271748 0.849782
vt 0.271748 0.843855
vt 0.271748 0.837928
vt 0.271748 0.832001
vt 0.271748 0.826074
vt 0.271748 0.820147
vt 0.252261 0.938685
vt 0.252274 0.932758
vt 0.252287 0.926831
vt 0.252301 0.920904
vt 0.252314 0.914977
vt 0.252327 0.909050
vt 0.252340 0.903124
vt 0.252353 0.897197
vt 0.252366 0.891270
vt 0.252379 0.885343
vt 0.252392 0.879416
vt 0.252392 0.873489
vt 0.252392 0.867562
vt 0.252392 0.861635
vt 0.252392 0.855708
vt 0.252392 0.849782
vt 0.252392 0.843855
vt 0.252392 0.837928
vt 0.252392 0.832001
vt 0.252392 0.826074
vt 0.252392 0.820147
vt 0.237434 0.609585
vt 0.220429 0.632027
vt 0.220413 0.609563
vt 0.203397 0.632027
vt 0.203412 0.609603
vt 0.186365 0.632027
vt 0.186358 0.609608
vt 0.169334 0.632027
vt 0.169320 0.609606
vt 0.152267 0.609611
vt 0.152302 0.632027
vt 0.135250 0.609585
vt 0.135271 0.632027
vt 0.118238 0.609611
vt 0.118239 0.632027
vt 0.101232 0.609580
vt 0.101207 0.632027
vt 0.084191 0.609595
vt 0.084176 0.632027
vt 0.067154 0.609556
vt 0.254540 0.609606
vt 0.237461 0.632027
vt 0.271540 0.609600
vt 0.254492 0.632027
vt 0.288562 0.609593
vt 0.271524 0.632027
vt 0.305587 0.609575
vt 0.288556 0.632027
vt 0.322518 0.609614
vt 0.305587 0.632027
vt 0.339771 0.609590
vt 0.322619 0.632027
vt 0.356683 0.632027
vt 0.339651 0.632027
vt 0.373694 0.609595
vt 0.356660 0.609591
vt 0.390792 0.609597
vt 0.373714 0.632027
vt 0.407778 0.632027
vt 0.390746 0.632027
vt 0.597102 0.609585
vt 0.614150 0.632027
vt 0.597118 0.632027
vt 0.614166 0.609555
vt 0.631182 0.632027
vt 0.631200 0.609560
vt 0.648213 0.632027
vt 0.665263 0.609587
vt 0.648217 0.609603
vt 0.682314 0.609559
vt 0.665245 0.632027
vt 0.699380 0.609589
vt 0.682277 0.632027
vt 0.716359 0.609577
vt 0.699309 0.632027
vt 0.733325 0.609550
vt 0.716340 0.632027
vt 0.750351 0.609579
vt 0.733372 0.632027
vt 0.767359 0.609549
vt 0.750404 0.632027
vt 0.580082 0.609557
vt 0.580086 0.632027
vt 0.563022 0.609569
vt 0.546023 0.632027
vt 0.546008 0.609568
vt 0.529000 0.609572
vt 0.528991 0.632027
vt 0.512123 0.609602
vt 0.494928 0.632027
vt 0.494695 0.609576
vt 0.477896 0.632027
vt 0.477983 0.609552
vt 0.460825 0.609589
vt 0.460864 0.632027
vt 0.443823 0.609554
vt 0.443832 0.632027
vt 0.426854 0.609574
vt 0.237445 0.609430
vt 0.220420 0.609418
vt 0.203406 0.609440
vt 0.186362 0.609442
vt 0.152284 0.609444
vt 0.169327 0.609441
vt 0.135260 0.609429
vt 0.118238 0.609445
vt 0.101220 0.609427
vt 0.084183 0.609436
vt 0.067149 0.609414
vt 0.254518 0.609441
vt 0.271532 0.609438
vt 0.288559 0.609434
vt 0.305589 0.609424
vt 0.322562 0.609446
vt 0.339718 0.609432
vt 0.356668 0.609433
vt 0.373703 0.609435
vt 0.390773 0.609436
vt 0.407750 0.609427
vt 0.597109 0.609441
vt 0.614159 0.609425
vt 0.631191 0.609427
vt 0.648215 0.609451
vt 0.665254 0.609442
vt 0.682295 0.609426
vt 0.699346 0.609444
vt 0.716350 0.609437
vt 0.733347 0.609422
vt 0.750377 0.609439
vt 0.767396 0.609421
vt 0.580085 0.609426
vt 0.563037 0.609433
vt 0.563055 0.632027
vt 0.528993 0.609434
vt 0.546015 0.609432
vt 0.512052 0.609450
vt 0.511959 0.632027
vt 0.494797 0.609436
vt 0.460841 0.609444
vt 0.477949 0.609423
vt 0.443827 0.609424
vt 0.426830 0.609436
vt 0.426801 0.632027
vt 0.067144 0.632027
vt 0.767436 0.632027
vt 0.407730 0.609580
vt 0.117762 0.030178
vt 0.007500 0.030178
vt 0.404444 0.030178
vt 0.407778 0.638306
vt 0.048273 0.992500
vt 0.128097 0.546322
vt 0.283847 0.546322
vt 0.698591 0.532714
vt 0.480554 0.030178
vt 0.436449 0.030178
vt 0.767436 0.638306
vt 0.764657 0.680218
vt 0.475867 0.766333
vt 0.475867 0.992500
vt 0.811340 0.007500
s 1
usemtl jbib_diff_008_a_uni
f 1/1/1 2/2/2 3/3/3
f 3/3/3 4/4/4 5/5/5
f 5/5/5 6/6/6 7/7/7
f 7/7/7 8/8/8 9/9/9
f 9/9/9 10/10/10 11/11/11
f 11/11/11 12/12/12 13/13/13
f 13/13/13 14/14/14 15/15/15
f 15/15/15 16/16/16 17/17/17
f 17/17/17 18/18/18 19/19/19
f 20/20/20 21/21/21 2/2/2
f 2/2/2 22/22/22 4/4/4
f 4/4/4 23/23/23 6/6/6
f 6/6/6 24/24/24 8/8/8
f 8/8/8 25/25/25 10/10/10
f 10/10/10 26/26/26 12/12/12
f 26/26/26 14/14/14 12/12/12
f 14/14/14 27/27/27 16/16/16
f 16/16/16 28/28/28 18/18/18
f 29/29/29 30/30/30 21/21/21
f 21/21/21 31/31/31 22/22/22
f 22/22/22 32/32/32 23/23/23
f 23/23/23 33/33/33 24/24/24
f 24/24/24 34/34/34 25/25/25
f 25/25/25 35/35/35 26/26/26
f 35/35/35 36/36/36 26/26/26
f 37/37/37 27/27/27 36/36/36
f 27/27/27 38/38/38 28/28/28
f 39/39/39 40/40/40 30/30/30
f 30/30/30 41/41/41 31/31/31
f 31/31/31 42/42/42 32/32/32
f 32/32/32 43/43/43 33/33/33
f 33/33/33 44/44/44 34/34/34
f 34/34/34 45/45/45 35/35/35
f 45/45/45 37/37/37 35/35/35
f 46/46/46 47/47/47 37/37/37
f 47/47/47 48/48/48 38/38/38
f 49/49/49 50/50/50 40/40/40
f 40/40/40 51/51/51 41/41/41
f 41/41/41 52/52/52 42/42/42
f 42/42/42 53/53/53 43/43/43
f 43/43/43 54/54/54 44/44/44
f 44/44/44 55/55/55 45/45/45
f 45/45/45 56/56/56 46/46/46
f 46/46/46 57/57/57 58/58/58
f 58/58/58 59/59/59 48/48/48
f 60/60/60 61/61/61 50/50/50
f 50/50/50 62/62/62 51/51/51
f 51/51/51 63/63/63 52/52/52
f 52/52/52 64/64/64 53/53/53
f 53/53/53 65/65/65 54/54/54
f 54/54/54 66/66/66 55/55/55
f 55/55/55 67/67/67 56/56/56
f 56/56/56 68/68/68 57/57/57
f 57/57/57 69/69/69 59/59/59
f 70/70/70 71/71/71 61/61/61
f 61/61/61 72/72/72 62/62/62
f 62/62/62 73/73/73 63/63/63
f 63/63/63 74/74/74 64/64/64
f 64/64/64 75/75/75 65/65/65
f 65/65/65 76/76/76 66/66/66
f 66/66/66 77/77/77 67/67/67
f 67/67/67 78/78/78 68/68/68
f 68/68/68 79/79/79 69/69/69
f 80/80/80 81/81/81 71/71/71
f 71/71/71 82/82/82 72/72/72
f 72/72/72 83/83/83 73/73/73
f 73/73/73 84/84/84 74/74/74
f 74/74/74 85/85/85 75/75/75
f 75/75/75 86/86/86 76/76/76
f 76/76/76 87/87/87 77/77/77
f 77/77/77 88/88/88 78/78/78
f 78/78/78 89/89/89 79/79/79
f 90/90/90 91/91/91 81/81/81
f 81/81/81 92/92/92 82/82/82
f 82/82/82 93/93/93 83/83/83
f 83/83/83 94/94/94 84/84/84
f 84/84/84 95/95/95 85/85/85
f 95/95/95 86/86/86 85/85/85
f 96/96/96 87/87/87 86/86/86
f 97/97/97 88/88/88 87/87/87
f 88/88/88 98/98/98 89/89/89
f 99/99/99 100/100/100 91/91/91
f 91/91/91 101/101/101 92/92/92
f 92/92/92 102/102/102 93/93/93
f 93/93/93 103/103/103 94/94/94
f 94/94/94 104/104/104 95/95/95
f 95/95/95 105/105/105 96/96/96
f 105/105/105 97/97/97 96/96/96
f 106/106/106 107/107/107 97/97/97
f 108/108/108 98/98/98 107/107/107
f 109/109/109 110/110/110 100/100/100
f 100/100/100 111/111/111 101/101/101
f 101/101/101 112/112/112 102/102/102
f 102/102/102 113/113/113 103/103/103
f 103/103/103 114/114/114 104/104/104
f 104/104/104 115/115/115 105/105/105
f 105/105/105 116/116/116 106/106/106
f 106/106/106 117/117/117 108/108/108
f 117/117/117 118/118/118 108/108/108
f 119/119/119 120/120/120 121/121/121
f 122/122/122 123/123/123 120/120/120
f 123/123/123 124/124/124 125/125/125
f 125/125/125 126/126/126 127/127/127
f 127/127/127 128/128/128 129/129/129
f 129/129/129 130/130/130 131/131/131
f 131/131/131 132/132/132 133/133/133
f 132/132/132 134/134/134 133/133/133
f 135/135/135 136/136/136 134/134/134
f 137/137/137 138/138/138 136/136/136
f 139/139/139 140/140/140 138/138/138
f 119/119/119 141/141/141 122/122/122
f 141/141/141 142/142/142 122/122/122
f 142/142/142 143/143/143 124/124/124
f 124/124/124 144/144/144 126/126/126
f 126/126/126 145/145/145 128/128/128
f 128/128/128 146/146/146 130/130/130
f 130/130/130 147/147/147 132/132/132
f 147/147/147 135/135/135 132/132/132
f 148/148/148 137/137/137 135/135/135
f 149/149/149 139/139/139 137/137/137
f 139/139/139 150/150/150 151/151/151
f 152/152/152 153/153/153 141/141/141
f 141/141/141 154/154/154 155/155/155
f 154/154/154 143/143/143 155/155/155
f 143/143/143 156/156/156 144/144/144
f 144/144/144 157/157/157 145/145/145
f 145/145/145 158/158/158 146/146/146
f 146/146/146 159/159/159 147/147/147
f 147/147/147 160/160/160 148/148/148
f 148/148/148 161/161/161 149/149/149
f 149/149/149 162/162/162 163/163/163
f 163/163/163 164/164/164 150/150/150
f 165/165/165 166/166/166 153/153/153
f 153/153/153 167/167/167 154/154/154
f 154/154/154 168/168/168 169/169/169
f 169/169/169 170/170/170 156/156/156
f 156/156/156 171/171/171 157/157/157
f 157/157/157 172/172/172 158/158/158
f 158/158/158 173/173/173 159/159/159
f 159/159/159 174/174/174 160/160/160
f 160/160/160 175/175/175 161/161/161
f 161/161/161 176/176/176 162/162/162
f 162/162/162 177/177/177 164/164/164
f 178/178/178 179/179/179 166/166/166
f 166/166/166 180/180/180 167/167/167
f 167/167/167 181/181/181 168/168/168
f 168/168/168 182/182/182 170/170/170
f 170/170/170 183/183/183 171/171/171
f 171/171/171 184/184/184 172/172/172
f 172/172/172 185/185/185 173/173/173
f 173/173/173 186/186/186 174/174/174
f 174/174/174 187/187/187 175/175/175
f 175/175/175 188/188/188 176/176/176
f 176/176/176 189/189/189 177/177/177
f 190/190/190 191/191/191 179/179/179
f 179/179/179 192/192/192 180/180/180
f 180/180/180 193/193/193 181/181/181
f 181/181/181 194/194/194 182/182/182
f 182/182/182 195/195/195 183/183/183
f 183/183/183 196/196/196 184/184/184
f 184/184/184 197/197/197 185/185/185
f 185/185/185 198/198/198 186/186/186
f 186/186/186 199/199/199 187/187/187
f 187/187/187 200/200/200 188/188/188
f 188/188/188 201/201/201 189/189/189
f 202/202/202 191/191/191 203/203/203
f 204/204/204 192/192/192 191/191/191
f 192/192/192 205/205/205 193/193/193
f 193/193/193 206/206/206 194/194/194
f 194/194/194 207/207/207 195/195/195
f 195/195/195 208/208/208 196/196/196
f 196/196/196 209/209/209 197/197/197
f 197/197/197 210/210/210 198/198/198
f 198/198/198 211/211/211 199/199/199
f 199/199/199 212/212/212 200/200/200
f 212/212/212 201/201/201 200/200/200
f 213/213/213 204/204/204 202/202/202
f 214/214/214 215/215/215 204/204/204
f 215/215/215 216/216/216 205/205/205
f 205/205/205 217/217/217 206/206/206
f 206/206/206 218/218/218 207/207/207
f 207/207/207 219/219/219 208/208/208
f 208/208/208 220/220/220 209/209/209
f 209/209/209 221/221/221 210/210/210
f 210/210/210 222/222/222 211/211/211
f 222/222/222 212/212/212 211/211/211
f 223/223/223 224/224/224 212/212/212
f 225/225/225 214/214/214 213/213/213
f 109/109/109 226/226/226 214/214/214
f 99/99/99 216/216/216 226/226/226
f 90/90/90 217/217/217 216/216/216
f 80/80/80 218/218/218 217/217/217
f 70/70/70 219/219/219 218/218/218
f 60/60/60 220/220/220 219/219/219
f 49/49/49 221/221/221 220/220/220
f 39/39/39 222/222/222 221/221/221
f 29/29/29 223/223/223 222/222/222
f 20/20/20 227/227/227 223/223/223
f 228/228/228 229/229/229 230/230/230
f 231/231/231 232/232/232 229/229/229
f 233/233/233 234/234/234 232/232/232
f 235/235/235 236/236/236 234/234/234
f 237/237/237 231/231/231 228/228/228
f 238/238/238 233/233/233 231/231/231
f 239/239/239 235/235/235 233/233/233
f 240/240/240 241/241/241 235/235/235
f 242/242/242 238/238/238 237/237/237
f 243/243/243 239/239/239 238/238/238
f 244/244/244 240/240/240 239/239/239
f 245/245/245 246/246/246 240/240/240
f 247/247/247 243/243/243 242/242/242
f 248/248/248 244/244/244 243/243/243
f 249/249/249 245/245/245 244/244/244
f 250/250/250 251/251/251 245/245/245
f 252/252/252 248/248/248 247/247/247
f 253/253/253 249/249/249 248/248/248
f 254/254/254 250/250/250 249/249/249
f 255/255/255 256/256/256 250/250/250
f 257/257/257 253/253/253 252/252/252
f 258/258/258 254/254/254 253/253/253
f 259/259/259 255/255/255 254/254/254
f 260/260/260 261/261/261 255/255/255
f 262/262/262 258/258/258 257/257/257
f 263/263/263 259/259/259 258/258/258
f 264/264/264 260/260/260 259/259/259
f 265/265/265 266/266/266 260/260/260
f 262/262/262 267/267/267 263/263/263
f 263/263/263 268/268/268 264/264/264
f 264/264/264 269/269/269 265/265/265
f 269/269/269 270/270/270 265/265/265
f 271/271/271 272/272/272 267/267/267
f 267/267/267 273/273/273 268/268/268
f 268/268/268 274/274/274 269/269/269
f 269/269/269 275/275/275 276/276/276
f 275/275/275 277/277/277 278/278/278
f 277/277/277 279/279/279 278/278/278
f 280/280/280 281/281/281 279/279/279
f 282/282/282 283/283/283 281/281/281
f 284/284/284 285/285/285 283/283/283
f 286/286/286 287/287/287 285/285/285
f 288/288/288 289/289/289 287/287/287
f 290/290/290 291/291/291 289/289/289
f 292/292/292 293/293/293 291/291/291
f 274/274/274 294/294/294 277/277/277
f 277/277/277 295/295/295 280/280/280
f 295/295/295 282/282/282 280/280/280
f 296/296/296 284/284/284 282/282/282
f 297/297/297 286/286/286 284/284/284
f 298/298/298 288/288/288 286/286/286
f 299/299/299 290/290/290 288/288/288
f 300/300/300 292/292/292 290/290/290
f 301/301/301 302/302/302 292/292/292
f 273/273/273 303/303/303 294/294/294
f 294/294/294 304/304/304 295/295/295
f 304/304/304 296/296/296 295/295/295
f 305/305/305 297/297/297 296/296/296
f 306/306/306 298/298/298 297/297/297
f 307/307/307 299/299/299 298/298/298
f 308/308/308 300/300/300 299/299/299
f 309/309/309 301/301/301 300/300/300
f 310/310/310 311/311/311 301/301/301
f 272/272/272 312/312/312 303/303/303
f 303/303/303 313/313/313 304/304/304
f 313/313/313 305/305/305 304/304/304
f 314/314/314 306/306/306 305/305/305
f 315/315/315 307/307/307 306/306/306
f 316/316/316 308/308/308 307/307/307
f 317/317/317 309/309/309 308/308/308
f 318/318/318 310/310/310 309/309/309
f 319/319/319 320/320/320 310/310/310
f 321/321/321 322/322/322 312/312/312
f 312/312/312 323/323/323 313/313/313
f 313/313/313 324/324/324 314/314/314
f 314/314/314 325/325/325 315/315/315
f 315/315/315 326/326/326 316/316/316
f 316/316/316 327/327/327 317/317/317
f 317/317/317 328/328/328 318/318/318
f 318/318/318 329/329/329 319/319/319
f 319/319/319 330/330/330 331/331/331
f 332/332/332 333/333/333 322/322/322
f 322/322/322 334/334/334 323/323/323
f 323/323/323 335/335/335 324/324/324
f 324/324/324 336/336/336 325/325/325
f 325/325/325 337/337/337 326/326/326
f 326/326/326 338/338/338 327/327/327
f 327/327/327 339/339/339 328/328/328
f 328/328/328 340/340/340 329/329/329
f 329/329/329 341/341/341 330/330/330
f 342/342/342 343/343/343 333/333/333
f 333/333/333 344/344/344 334/334/334
f 334/334/334 345/345/345 335/335/335
f 335/335/335 346/346/346 336/336/336
f 336/336/336 347/347/347 337/337/337
f 337/337/337 348/348/348 338/338/338
f 338/338/338 349/349/349 339/339/339
f 339/339/339 350/350/350 340/340/340
f 340/340/340 351/351/351 341/341/341
f 352/352/352 353/353/353 343/343/343
f 343/343/343 354/354/354 344/344/344
f 344/344/344 355/355/355 345/345/345
f 345/345/345 356/356/356 346/346/346
f 346/346/346 357/357/357 347/347/347
f 347/347/347 358/358/358 348/348/348
f 348/348/348 359/359/359 349/349/349
f 349/349/349 360/360/360 350/350/350
f 350/350/350 361/361/361 351/351/351
f 362/362/362 363/363/363 353/353/353
f 353/353/353 364/364/364 354/354/354
f 354/354/354 365/365/365 355/355/355
f 355/355/355 366/366/366 356/356/356
f 356/356/356 367/367/367 357/357/357
f 357/357/357 368/368/368 358/358/358
f 358/358/358 369/369/369 359/359/359
f 359/359/359 370/370/370 360/360/360
f 360/360/360 371/371/371 361/361/361
f 372/372/372 373/373/373 363/363/363
f 363/363/363 374/374/374 364/364/364
f 364/364/364 375/375/375 365/365/365
f 365/365/365 376/376/376 366/366/366
f 366/366/366 377/377/377 367/367/367
f 367/367/367 378/378/378 368/368/368
f 368/368/368 379/379/379 369/369/369
f 369/369/369 380/380/380 370/370/370
f 370/370/370 381/381/381 371/371/371
f 382/382/382 383/383/383 373/373/373
f 383/383/383 374/374/374 373/373/373
f 384/384/384 375/375/375 374/374/374
f 385/385/385 376/376/376 375/375/375
f 386/386/386 377/377/377 376/376/376
f 387/387/387 378/378/378 377/377/377
f 388/388/388 379/379/379 378/378/378
f 389/389/389 380/380/380 379/379/379
f 390/390/390 381/381/381 380/380/380
f 391/391/391 383/383/383 392/392/392
f 393/393/393 384/384/384 383/383/383
f 394/394/394 385/385/385 384/384/384
f 395/395/395 386/386/386 385/385/385
f 396/396/396 387/387/387 386/386/386
f 397/397/397 388/388/388 387/387/387
f 398/398/398 389/389/389 388/388/388
f 399/399/399 390/390/390 389/389/389
f 400/400/400 401/401/401 390/390/390
f 402/402/402 393/393/393 391/391/391
f 403/403/403 394/394/394 393/393/393
f 404/404/404 395/395/395 394/394/394
f 405/405/405 396/396/396 395/395/395
f 406/406/406 397/397/397 396/396/396
f 407/407/407 398/398/398 397/397/397
f 408/408/408 399/399/399 398/398/398
f 409/409/409 400/400/400 399/399/399
f 410/410/410 411/411/411 400/400/400
f 225/225/225 403/403/403 402/402/402
f 213/213/213 404/404/404 403/403/403
f 202/202/202 405/405/405 404/404/404
f 203/203/203 406/406/406 405/405/405
f 190/190/190 407/407/407 406/406/406
f 178/178/178 408/408/408 407/407/407
f 165/165/165 409/409/409 408/408/408
f 152/152/152 410/410/410 409/409/409
f 119/119/119 412/412/412 410/410/410
f 225/225/225 413/413/413 110/110/110
f 110/110/110 414/414/414 111/111/111
f 111/111/111 415/415/415 112/112/112
f 112/112/112 416/416/416 113/113/113
f 113/113/113 417/417/417 114/114/114
f 114/114/114 418/418/418 115/115/115
f 115/115/115 419/419/419 116/116/116
f 116/116/116 420/420/420 117/117/117
f 117/117/117 421/421/421 422/422/422
f 402/402/402 423/423/423 413/413/413
f 413/413/413 424/424/424 414/414/414
f 414/414/414 425/425/425 415/415/415
f 415/415/415 426/426/426 416/416/416
f 416/416/416 427/427/427 417/417/417
f 417/417/417 428/428/428 418/418/418
f 418/418/418 429/429/429 419/419/419
f 419/419/419 430/430/430 420/420/420
f 420/420/420 431/431/431 421/421/421
f 391/391/391 432/432/432 423/423/423
f 423/423/423 433/433/433 424/424/424
f 424/424/424 434/434/434 425/425/425
f 425/425/425 435/435/435 426/426/426
f 426/426/426 436/436/436 427/427/427
f 427/427/427 437/437/437 428/428/428
f 428/428/428 438/438/438 429/429/429
f 429/429/429 439/439/439 430/430/430
f 430/430/430 440/440/440 431/431/431
f 382/382/382 432/432/432 392/392/392
f 432/432/432 441/441/441 433/433/433
f 433/433/433 442/442/442 434/434/434
f 434/434/434 443/443/443 435/435/435
f 435/435/435 444/444/444 436/436/436
f 436/436/436 445/445/445 437/437/437
f 437/437/437 446/446/446 438/438/438
f 438/438/438 447/447/447 439/439/439
f 439/439/439 448/448/448 440/440/440
f 372/372/372 449/449/449 382/382/382
f 450/450/450 441/441/441 449/449/449
f 451/451/451 442/442/442 441/441/441
f 452/452/452 443/443/443 442/442/442
f 453/453/453 444/444/444 443/443/443
f 454/454/454 445/445/445 444/444/444
f 455/455/455 446/446/446 445/445/445
f 456/456/456 447/447/447 446/446/446
f 457/457/457 448/448/448 447/447/447
f 362/362/362 450/450/450 372/372/372
f 458/458/458 451/451/451 450/450/450
f 459/459/459 452/452/452 451/451/451
f 460/460/460 453/453/453 452/452/452
f 461/461/461 454/454/454 453/453/453
f 462/462/462 455/455/455 454/454/454
f 463/463/463 456/456/456 455/455/455
f 464/464/464 457/457/457 456/456/456
f 465/465/465 466/466/466 457/457/457
f 352/352/352 458/458/458 362/362/362
f 467/467/467 459/459/459 458/458/458
f 468/468/468 460/460/460 459/459/459
f 469/469/469 461/461/461 460/460/460
f 470/470/470 462/462/462 461/461/461
f 471/471/471 463/463/463 462/462/462
f 472/472/472 464/464/464 463/463/463
f 473/473/473 465/465/465 464/464/464
f 474/474/474 475/475/475 465/465/465
f 342/342/342 467/467/467 352/352/352
f 476/476/476 468/468/468 467/467/467
f 477/477/477 469/469/469 468/468/468
f 478/478/478 470/470/470 469/469/469
f 479/479/479 471/471/471 470/470/470
f 480/480/480 472/472/472 471/471/471
f 481/481/481 473/473/473 472/472/472
f 482/482/482 474/474/474 473/473/473
f 483/483/483 484/484/484 474/474/474
f 332/332/332 476/476/476 342/342/342
f 485/485/485 477/477/477 476/476/476
f 486/486/486 478/478/478 477/477/477
f 487/487/487 479/479/479 478/478/478
f 488/488/488 480/480/480 479/479/479
f 489/489/489 481/481/481 480/480/480
f 490/490/490 482/482/482 481/481/481
f 491/491/491 483/483/483 482/482/482
f 492/492/492 493/493/493 483/483/483
f 321/321/321 485/485/485 332/332/332
f 271/271/271 486/486/486 485/485/485
f 262/262/262 487/487/487 486/486/486
f 257/257/257 488/488/488 487/487/487
f 252/252/252 489/489/489 488/488/488
f 247/247/247 490/490/490 489/489/489
f 242/242/242 491/491/491 490/490/490
f 237/237/237 492/492/492 491/491/491
f 492/492/492 228/228/228 494/494/494
f 495/495/495 496/496/496 497/497/497
f 497/497/497 498/498/498 499/499/499
f 499/499/499 500/500/500 501/501/501
f 501/501/501 502/502/502 503/503/503
f 503/503/503 504/504/504 505/505/505
f 505/505/505 506/506/506 507/507/507
f 507/507/507 508/508/508 509/509/509
f 509/509/509 510/510/510 511/511/511
f 511/511/511 512/512/512 513/513/513
f 514/514/514 515/515/515 496/496/496
f 496/496/496 516/516/516 498/498/498
f 516/516/516 500/500/500 498/498/498
f 500/500/500 517/517/517 502/502/502
f 502/502/502 518/518/518 504/504/504
f 504/504/504 519/519/519 506/506/506
f 506/506/506 520/520/520 508/508/508
f 508/508/508 521/521/521 510/510/510
f 510/510/510 522/522/522 512/512/512
f 523/523/523 524/524/524 515/515/515
f 524/524/524 516/516/516 515/515/515
f 525/525/525 526/526/526 516/516/516
f 526/526/526 527/527/527 517/517/517
f 517/517/517 528/528/528 518/518/518
f 518/518/518 529/529/529 519/519/519
f 529/529/529 520/520/520 519/519/519
f 530/530/530 521/521/521 520/520/520
f 521/521/521 531/531/134 522/522/522
f 532/532/531 533/533/532 524/524/524
f 533/533/532 525/525/525 524/524/524
f 525/525/525 534/534/533 535/535/534
f 535/535/534 536/536/535 527/527/527
f 527/527/527 537/537/536 528/528/528
f 528/528/528 538/538/537 529/529/529
f 538/538/537 530/530/530 529/529/529
f 539/539/538 540/540/539 530/530/530
f 540/540/539 541/541/133 531/531/134
f 542/542/540 543/543/541 533/533/532
f 533/533/532 544/544/542 545/545/543
f 544/544/542 534/534/533 545/545/543
f 534/534/533 546/546/544 536/536/535
f 536/536/535 547/547/545 537/537/536
f 547/547/545 538/538/537 537/537/536
f 548/548/546 539/539/538 538/538/537
f 549/549/547 550/550/548 539/539/538
f 551/551/549 541/541/133 550/550/548
f 552/552/550 553/553/551 543/543/541
f 543/543/541 554/554/552 544/544/542
f 544/544/542 555/555/553 556/556/554
f 556/556/554 557/557/555 546/546/544
f 546/546/544 558/558/556 547/547/545
f 547/547/545 559/559/557 548/548/546
f 548/548/546 560/560/558 549/549/547
f 560/560/558 551/551/549 549/549/547
f 551/551/549 561/561/559 562/562/560
f 563/563/561 564/564/562 553/553/551
f 553/553/551 565/565/563 554/554/552
f 554/554/552 566/566/564 555/555/553
f 555/555/553 567/567/565 557/557/555
f 557/557/555 568/568/566 558/558/556
f 558/558/556 569/569/567 559/559/557
f 559/559/557 570/570/568 560/560/558
f 570/570/568 571/571/569 560/560/558
f 571/571/569 572/572/127 561/561/559
f 573/573/570 574/574/571 564/564/562
f 564/564/562 575/575/572 565/565/563
f 565/565/563 576/576/573 566/566/564
f 566/566/564 577/577/574 567/567/565
f 567/567/565 578/578/575 568/568/566
f 578/578/575 569/569/567 568/568/566
f 569/569/567 579/579/576 570/570/568
f 579/579/576 580/580/577 570/570/568
f 581/581/578 572/572/127 580/580/577
f 582/582/579 583/583/580 574/574/571
f 574/574/571 584/584/581 575/575/572
f 575/575/572 585/585/582 576/576/573
f 576/576/573 586/586/583 577/577/574
f 577/577/574 587/587/584 578/578/575
f 578/578/575 588/588/585 589/589/586
f 588/588/585 579/579/576 589/589/586
f 579/579/576 590/590/587 581/581/578
f 581/581/578 591/591/123 592/592/125
f 593/593/588 594/594/589 583/583/580
f 583/583/580 595/595/590 584/584/581
f 584/584/581 596/596/591 585/585/582
f 585/585/582 597/597/592 586/586/583
f 586/586/583 598/598/593 587/587/584
f 587/587/584 599/599/594 588/588/585
f 588/588/585 600/600/595 601/601/596
f 601/601/596 602/602/597 590/590/587
f 590/590/587 603/603/120 591/591/123
f 604/604/598 605/605/599 594/594/589
f 594/594/589 606/606/600 595/595/590
f 595/595/590 607/607/601 596/596/591
f 596/596/591 608/608/602 597/597/592
f 597/597/592 609/609/603 598/598/593
f 598/598/593 610/610/604 599/599/594
f 599/599/594 611/611/605 600/600/595
f 600/600/595 612/612/606 602/602/597
f 602/602/597 613/613/121 603/603/120
f 614/614/422 615/615/607 616/616/118
f 616/616/118 617/617/608 618/618/609
f 618/618/609 619/619/610 620/620/611
f 620/620/611 621/621/612 622/622/79
f 622/622/79 623/623/613 624/624/614
f 624/624/614 625/625/615 626/626/616
f 626/626/616 627/627/617 628/628/618
f 628/628/618 629/629/619 630/630/620
f 629/629/619 631/631/621 630/630/620
f 632/632/622 633/633/18 631/631/621
f 633/633/18 634/634/623 635/635/19
f 636/636/624 637/637/625 615/615/607
f 615/615/607 638/638/626 617/617/608
f 617/617/608 639/639/627 619/619/610
f 619/619/610 640/640/628 621/621/612
f 640/640/628 623/623/613 621/621/612
f 623/623/613 641/641/629 625/625/615
f 625/625/615 642/642/630 627/627/617
f 627/627/617 643/643/631 629/629/619
f 629/629/619 644/644/632 632/632/622
f 632/632/622 645/645/633 646/646/634
f 646/646/634 647/647/635 634/634/623
f 648/648/636 649/649/637 637/637/625
f 637/637/625 650/650/638 638/638/626
f 650/650/638 639/639/627 638/638/626
f 651/651/639 640/640/628 639/639/627
f 640/640/628 652/652/640 653/653/641
f 652/652/640 641/641/629 653/653/641
f 641/641/629 654/654/642 642/642/630
f 642/642/630 655/655/643 643/643/631
f 643/643/631 656/656/644 644/644/632
f 644/644/632 657/657/645 645/645/633
f 645/645/633 658/658/646 647/647/635
f 659/659/647 660/660/648 649/649/637
f 649/649/637 661/661/649 650/650/638
f 650/650/638 662/662/650 651/651/639
f 662/662/650 663/663/651 651/651/639
f 664/664/652 652/652/640 663/663/651
f 652/652/640 665/665/653 666/666/654
f 666/666/654 667/667/655 654/654/642
f 654/654/642 668/668/656 655/655/643
f 668/668/656 656/656/644 655/655/643
f 656/656/644 669/669/657 657/657/645
f 657/657/645 670/670/658 658/658/646
f 671/671/659 672/672/660 660/660/648
f 660/660/648 673/673/661 661/661/649
f 661/661/649 674/674/662 662/662/650
f 662/662/650 675/675/663 664/664/652
f 664/664/652 676/676/664 677/677/665
f 676/676/664 665/665/653 677/677/665
f 678/678/666 667/667/655 665/665/653
f 667/667/655 679/679/667 668/668/656
f 668/668/656 680/680/668 681/681/669
f 681/681/669 682/682/670 669/669/657
f 669/669/657 683/683/671 670/670/658
f 684/684/672 685/685/673 672/672/660
f 685/685/673 673/673/661 672/672/660
f 673/673/661 686/686/674 674/674/662
f 674/674/662 687/687/675 675/675/663
f 675/675/663 688/688/676 676/676/664
f 676/676/664 689/689/677 678/678/666
f 678/678/666 690/690/678 691/691/679
f 691/691/679 692/692/680 679/679/667
f 679/679/667 693/693/681 680/680/668
f 680/680/668 694/694/682 682/682/670
f 682/682/670 695/695/683 683/683/671
f 696/696/684 685/685/673 697/697/685
f 685/685/673 698/698/686 699/699/687
f 698/698/686 686/686/674 699/699/687
f 686/686/674 700/700/688 687/687/675
f 687/687/675 701/701/689 688/688/676
f 688/688/676 702/702/690 689/689/677
f 689/689/677 703/703/691 690/690/678
f 690/690/678 704/704/692 692/692/680
f 692/692/680 705/705/693 693/693/681
f 693/693/681 706/706/694 694/694/682
f 706/706/694 695/695/683 694/694/682
f 707/707/695 708/708/696 696/696/684
f 708/708/696 709/709/697 698/698/686
f 698/698/686 710/710/698 711/711/699
f 711/711/699 712/712/700 700/700/688
f 700/700/688 713/713/701 701/701/689
f 701/701/689 714/714/702 702/702/690
f 702/702/690 715/715/703 703/703/691
f 703/703/691 716/716/704 704/704/692
f 704/704/692 717/717/705 705/705/693
f 717/717/705 706/706/694 705/705/693
f 718/718/706 719/719/707 706/706/694
f 720/720/708 721/721/709 707/707/695
f 604/604/598 709/709/697 721/721/709
f 593/593/588 710/710/698 709/709/697
f 582/582/579 712/712/700 710/710/698
f 573/573/570 713/713/701 712/712/700
f 563/563/561 714/714/702 713/713/701
f 552/552/550 715/715/703 714/714/702
f 542/542/540 716/716/704 715/715/703
f 716/716/704 523/523/523 717/717/705
f 523/523/523 718/718/706 717/717/705
f 514/514/514 722/722/710 718/718/706
f 723/723/711 724/724/712 725/725/713
f 726/726/714 727/727/311 724/724/712
f 728/728/715 729/729/716 727/727/311
f 730/730/717 731/731/293 729/729/716
f 732/732/718 726/726/714 723/723/711
f 733/733/719 728/728/715 726/726/714
f 734/734/720 730/730/717 728/728/715
f 735/735/721 736/736/722 730/730/717
f 737/737/723 733/733/719 732/732/718
f 738/738/724 734/734/720 733/733/719
f 739/739/725 735/735/721 734/734/720
f 740/740/726 741/741/727 735/735/721
f 742/742/728 738/738/724 737/737/723
f 743/743/729 739/739/725 738/738/724
f 744/744/730 740/740/726 739/739/725
f 745/745/731 746/746/732 740/740/726
f 747/747/733 743/743/729 742/742/728
f 748/748/734 744/744/730 743/743/729
f 749/749/735 745/745/731 744/744/730
f 750/750/736 751/751/737 745/745/731
f 752/752/738 748/748/734 747/747/733
f 753/753/739 749/749/735 748/748/734
f 754/754/740 750/750/736 749/749/735
f 755/755/741 756/756/742 750/750/736
f 757/757/743 753/753/739 752/752/738
f 758/758/744 754/754/740 753/753/739
f 759/759/745 755/755/741 754/754/740
f 760/760/746 761/761/747 755/755/741
f 762/762/748 758/758/744 757/757/743
f 763/763/749 759/759/745 758/758/744
f 764/764/750 760/760/746 759/759/745
f 765/765/751 766/766/752 760/760/746
f 762/762/748 767/767/753 763/763/749
f 763/763/749 768/768/754 764/764/750
f 768/768/754 765/765/751 764/764/750
f 769/769/755 770/770/756 765/765/751
f 769/769/755 771/771/757 772/772/758
f 773/773/759 774/774/760 771/771/757
f 775/775/761 776/776/762 774/774/760
f 777/777/763 778/778/764 776/776/762
f 779/779/765 780/780/766 778/778/764
f 781/781/767 782/782/768 780/780/766
f 783/783/769 784/784/770 782/782/768
f 785/785/771 786/786/772 784/784/770
f 787/787/773 788/788/774 786/786/772
f 768/768/754 773/773/759 769/769/755
f 789/789/775 775/775/761 773/773/759
f 790/790/776 777/777/763 775/775/761
f 791/791/777 779/779/765 777/777/763
f 792/792/778 781/781/767 779/779/765
f 793/793/779 783/783/769 781/781/767
f 794/794/780 785/785/771 783/783/769
f 795/795/781 787/787/773 785/785/771
f 796/796/782 797/797/234 787/787/773
f 767/767/753 789/789/775 768/768/754
f 798/798/783 790/790/776 789/789/775
f 799/799/784 791/791/777 790/790/776
f 800/800/785 792/792/778 791/791/777
f 801/801/786 793/793/779 792/792/778
f 802/802/787 794/794/780 793/793/779
f 803/803/788 795/795/781 794/794/780
f 804/804/789 796/796/782 795/795/781
f 805/805/790 806/806/232 796/796/782
f 767/767/753 807/807/791 798/798/783
f 807/807/791 799/799/784 798/798/783
f 808/808/792 800/800/785 799/799/784
f 809/809/793 801/801/786 800/800/785
f 810/810/794 802/802/787 801/801/786
f 811/811/795 803/803/788 802/802/787
f 812/812/796 804/804/789 803/803/788
f 813/813/797 805/805/790 804/804/789
f 814/814/798 815/815/799 805/805/790
f 816/816/800 817/817/801 807/807/791
f 807/807/791 818/818/802 808/808/792
f 808/808/792 819/819/803 809/809/793
f 809/809/793 820/820/804 810/810/794
f 810/810/794 821/821/805 811/811/795
f 811/811/795 822/822/806 812/812/796
f 812/812/796 823/823/807 813/813/797
f 813/813/797 824/824/808 814/814/798
f 814/814/798 825/825/809 826/826/810
f 827/827/811 828/828/812 817/817/801
f 817/817/801 829/829/813 818/818/802
f 818/818/802 830/830/814 819/819/803
f 819/819/803 831/831/815 820/820/804
f 820/820/804 832/832/816 821/821/805
f 821/821/805 833/833/817 822/822/806
f 822/822/806 834/834/818 823/823/807
f 823/823/807 835/835/819 824/824/808
f 824/824/808 836/836/820 825/825/809
f 837/837/821 838/838/822 828/828/812
f 828/828/812 839/839/823 829/829/813
f 829/829/813 840/840/824 830/830/814
f 830/830/814 841/841/825 831/831/815
f 831/831/815 842/842/826 832/832/816
f 832/832/816 843/843/827 833/833/817
f 833/833/817 844/844/828 834/834/818
f 834/834/818 845/845/829 835/835/819
f 835/835/819 846/846/830 836/836/820
f 847/847/831 848/848/832 838/838/822
f 838/838/822 849/849/833 839/839/823
f 839/839/823 850/850/834 840/840/824
f 840/840/824 851/851/835 841/841/825
f 841/841/825 852/852/836 842/842/826
f 842/842/826 853/853/837 843/843/827
f 843/843/827 854/854/838 844/844/828
f 844/844/828 855/855/839 845/845/829
f 845/845/829 856/856/840 846/846/830
f 857/857/841 858/858/842 848/848/832
f 848/848/832 859/859/843 849/849/833
f 849/849/833 860/860/844 850/850/834
f 850/850/834 861/861/845 851/851/835
f 851/851/835 862/862/846 852/852/836
f 852/852/836 863/863/847 853/853/837
f 853/853/837 864/864/848 854/854/838
f 854/854/838 865/865/849 855/855/839
f 855/855/839 866/866/850 856/856/840
f 867/867/851 858/858/842 868/868/852
f 869/869/853 859/859/843 858/858/842
f 870/870/854 860/860/844 859/859/843
f 871/871/855 861/861/845 860/860/844
f 872/872/856 862/862/846 861/861/845
f 873/873/857 863/863/847 862/862/846
f 874/874/858 864/864/848 863/863/847
f 875/875/859 865/865/849 864/864/848
f 876/876/860 866/866/850 865/865/849
f 877/877/861 869/869/853 867/867/851
f 878/878/862 870/870/854 869/869/853
f 879/879/863 871/871/855 870/870/854
f 880/880/864 872/872/856 871/871/855
f 881/881/865 873/873/857 872/872/856
f 882/882/866 874/874/858 873/873/857
f 883/883/867 875/875/859 874/874/858
f 884/884/868 876/876/860 875/875/859
f 885/885/869 886/886/870 876/876/860
f 887/887/871 878/878/862 877/877/861
f 888/888/872 879/879/863 878/878/862
f 889/889/873 880/880/864 879/879/863
f 890/890/874 881/881/865 880/880/864
f 891/891/875 882/882/866 881/881/865
f 892/892/876 883/883/867 882/882/866
f 893/893/877 884/884/868 883/883/867
f 894/894/878 885/885/869 884/884/868
f 895/895/879 896/896/880 885/885/869
f 897/897/881 888/888/872 887/887/871
f 898/898/882 889/889/873 888/888/872
f 899/899/883 890/890/874 889/889/873
f 900/900/884 891/891/875 890/890/874
f 901/901/885 892/892/876 891/891/875
f 902/902/886 893/893/877 892/892/876
f 903/903/887 894/894/878 893/893/877
f 904/904/888 895/895/879 894/894/878
f 905/905/889 906/906/890 895/895/879
f 720/720/708 898/898/882 897/897/881
f 707/707/695 899/899/883 898/898/882
f 696/696/684 900/900/884 899/899/883
f 697/697/685 901/901/885 900/900/884
f 684/684/672 902/902/886 901/901/885
f 671/671/659 903/903/887 902/902/886
f 659/659/647 904/904/888 903/903/887
f 648/648/636 905/905/889 904/904/888
f 636/636/624 907/907/891 905/905/889
f 720/720/708 908/908/892 605/605/599
f 605/605/599 909/909/893 606/606/600
f 606/606/600 910/910/894 607/607/601
f 607/607/601 911/911/895 608/608/602
f 608/608/602 912/912/896 609/609/603
f 609/609/603 913/913/897 610/610/604
f 610/610/604 914/914/898 611/611/605
f 611/611/605 915/915/899 612/612/606
f 612/612/606 916/916/900 613/613/121
f 897/897/881 917/917/901 908/908/892
f 908/908/892 918/918/902 909/909/893
f 909/909/893 919/919/903 910/910/894
f 910/910/894 920/920/904 911/911/895
f 911/911/895 921/921/905 912/912/896
f 912/912/896 922/922/906 913/913/897
f 913/913/897 923/923/907 914/914/898
f 914/914/898 924/924/908 915/915/899
f 915/915/899 925/925/909 916/916/900
f 887/887/871 926/926/910 917/917/901
f 917/917/901 927/927/911 918/918/902
f 918/918/902 928/928/912 919/919/903
f 919/919/903 929/929/913 920/920/904
f 920/920/904 930/930/914 921/921/905
f 921/921/905 931/931/915 922/922/906
f 922/922/906 932/932/916 923/923/907
f 923/923/907 933/933/917 924/924/908
f 924/924/908 934/934/918 925/925/909
f 877/877/861 935/935/919 926/926/910
f 926/926/910 936/936/920 927/927/911
f 927/927/911 937/937/921 928/928/912
f 928/928/912 938/938/922 929/929/913
f 929/929/913 939/939/923 930/930/914
f 930/930/914 940/940/924 931/931/915
f 931/931/915 941/941/925 932/932/916
f 932/932/916 942/942/926 933/933/917
f 933/933/917 943/943/927 934/934/918
f 867/867/851 944/944/928 935/935/919
f 935/935/919 945/945/929 936/936/920
f 936/936/920 946/946/930 937/937/921
f 937/937/921 947/947/931 938/938/922
f 938/938/922 948/948/932 939/939/923
f 939/939/923 949/949/933 940/940/924
f 940/940/924 950/950/934 941/941/925
f 941/941/925 951/951/935 942/942/926
f 942/942/926 952/952/936 943/943/927
f 857/857/841 944/944/928 868/868/852
f 953/953/937 945/945/929 944/944/928
f 954/954/938 946/946/930 945/945/929
f 955/955/939 947/947/931 946/946/930
f 956/956/940 948/948/932 947/947/931
f 957/957/941 949/949/933 948/948/932
f 958/958/942 950/950/934 949/949/933
f 959/959/943 951/951/935 950/950/934
f 960/960/944 952/952/936 951/951/935
f 847/847/831 953/953/937 857/857/841
f 961/961/945 954/954/938 953/953/937
f 962/962/946 955/955/939 954/954/938
f 963/963/947 956/956/940 955/955/939
f 964/964/948 957/957/941 956/956/940
f 965/965/949 958/958/942 957/957/941
f 966/966/950 959/959/943 958/958/942
f 967/967/951 960/960/944 959/959/943
f 968/968/952 969/969/953 960/960/944
f 837/837/821 961/961/945 847/847/831
f 970/970/954 962/962/946 961/961/945
f 971/971/955 963/963/947 962/962/946
f 972/972/956 964/964/948 963/963/947
f 973/973/957 965/965/949 964/964/948
f 974/974/958 966/966/950 965/965/949
f 975/975/959 967/967/951 966/966/950
f 976/976/960 968/968/952 967/967/951
f 977/977/961 978/978/962 968/968/952
f 827/827/811 970/970/954 837/837/821
f 979/979/963 971/971/955 970/970/954
f 980/980/964 972/972/956 971/971/955
f 981/981/965 973/973/957 972/972/956
f 982/982/966 974/974/958 973/973/957
f 983/983/967 975/975/959 974/974/958
f 984/984/968 976/976/960 975/975/959
f 985/985/969 977/977/961 976/976/960
f 986/986/970 987/987/971 977/977/961
f 816/816/800 979/979/963 827/827/811
f 762/762/748 980/980/964 979/979/963
f 757/757/743 981/981/965 980/980/964
f 752/752/738 982/982/966 981/981/965
f 747/747/733 983/983/967 982/982/966
f 742/742/728 984/984/968 983/983/967
f 737/737/723 985/985/969 984/984/968
f 732/732/718 986/986/970 985/985/969
f 723/723/711 988/988/972 986/986/970
f 989/989/973 990/990/3 991/991/974
f 991/991/974 992/992/5 993/993/975
f 992/992/5 994/994/976 993/993/975
f 995/995/7 996/996/977 994/994/976
f 996/996/977 997/997/978 998/998/979
f 998/998/979 999/999/13 1000/1000/980
f 999/999/13 1001/1001/981 1000/1000/980
f 1002/1002/15 1003/1003/982 1001/1001/981
f 1004/1004/983 1005/1005/984 1003/1003/982
f 1006/1006/985 1007/1007/986 989/989/973
f 1008/1008/987 1009/1009/988 1006/1006/985
f 1010/1010/989 1011/1011/224 1008/1008/987
f 1012/1012/990 1013/1013/201 1010/1010/989
f 1014/1014/991 1015/1015/189 1012/1012/990
f 1016/1016/992 1017/1017/177 1014/1014/991
f 1016/1016/992 1018/1018/993 1019/1019/164
f 1020/1020/994 1021/1021/151 1018/1018/993
f 1022/1022/995 1021/1021/151 1023/1023/996
f 1024/1024/997 1025/1025/998 1026/1026/999
f 1026/1026/999 1027/1027/1000 1028/1028/1001
f 1028/1028/1001 1029/1029/1002 1030/1030/1003
f 1030/1030/1003 1031/1031/1004 1032/1032/1005
f 1032/1032/1005 1033/1033/1006 1034/1034/1007
f 1034/1034/1007 1035/1035/1008 1036/1036/1009
f 1036/1036/1009 1037/1037/1010 1038/1038/1011
f 1038/1038/1011 1039/1039/1012 1040/1040/1013
f 1040/1040/1013 1041/1041/1014 1042/1042/1015
f 1042/1042/1015 1043/1043/1016 1044/1044/1017
f 1045/1045/1018 1046/1046/1019 1025/1025/998
f 1025/1025/998 1047/1047/1020 1027/1027/1000
f 1027/1027/1000 1048/1048/1021 1029/1029/1002
f 1029/1029/1002 1049/1049/1022 1031/1031/1004
f 1031/1031/1004 1050/1050/1023 1033/1033/1006
f 1033/1033/1006 1051/1051/1024 1035/1035/1008
f 1035/1035/1008 1052/1052/1025 1037/1037/1010
f 1037/1037/1010 1053/1053/1026 1039/1039/1012
f 1039/1039/1012 1054/1054/1027 1041/1041/1014
f 1041/1041/1014 1055/1055/1028 1043/1043/1016
f 1056/1056/1029 1057/1057/1030 1046/1046/1019
f 1046/1046/1019 1058/1058/1031 1047/1047/1020
f 1047/1047/1020 1059/1059/1032 1048/1048/1021
f 1048/1048/1021 1060/1060/1033 1049/1049/1022
f 1049/1049/1022 1061/1061/1034 1050/1050/1023
f 1050/1050/1023 1062/1062/1035 1051/1051/1024
f 1051/1051/1024 1063/1063/1036 1052/1052/1025
f 1052/1052/1025 1064/1064/1037 1053/1053/1026
f 1053/1053/1026 1065/1065/1038 1054/1054/1027
f 1065/1065/1038 1055/1055/1028 1054/1054/1027
f 1066/1066/1039 1067/1067/1040 1057/1057/1030
f 1057/1057/1030 1068/1068/1041 1058/1058/1031
f 1058/1058/1031 1069/1069/1042 1059/1059/1032
f 1059/1059/1032 1070/1070/1043 1060/1060/1033
f 1060/1060/1033 1071/1071/1044 1061/1061/1034
f 1061/1061/1034 1072/1072/1045 1062/1062/1035
f 1062/1062/1035 1073/1073/1046 1063/1063/1036
f 1063/1063/1036 1074/1074/1047 1064/1064/1037
f 1064/1064/1037 1075/1075/1048 1065/1065/1038
f 1065/1065/1038 1076/1076/1049 1077/1077/1050
f 1078/1078/1051 1079/1079/1052 1067/1067/1040
f 1067/1067/1040 1080/1080/1053 1068/1068/1041
f 1068/1068/1041 1081/1081/1054 1069/1069/1042
f 1069/1069/1042 1082/1082/1055 1070/1070/1043
f 1070/1070/1043 1083/1083/1056 1071/1071/1044
f 1071/1071/1044 1084/1084/1057 1072/1072/1045
f 1072/1072/1045 1085/1085/1058 1073/1073/1046
f 1073/1073/1046 1086/1086/1059 1074/1074/1047
f 1074/1074/1047 1087/1087/1060 1075/1075/1048
f 1075/1075/1048 1088/1088/1061 1076/1076/1049
f 1089/1089/1062 1090/1090/1063 1079/1079/1052
f 1079/1079/1052 1091/1091/1064 1080/1080/1053
f 1080/1080/1053 1092/1092/1065 1081/1081/1054
f 1081/1081/1054 1093/1093/840 1082/1082/1055
f 1082/1082/1055 1094/1094/850 1083/1083/1056
f 1083/1083/1056 1095/1095/870 1084/1084/1057
f 1084/1084/1057 1096/1096/1066 1085/1085/1058
f 1085/1085/1058 1097/1097/890 1086/1086/1059
f 1086/1086/1059 1098/1098/1067 1087/1087/1060
f 1087/1087/1060 1099/1099/1068 1088/1088/1061
f 1100/1100/1069 1045/1045/1018 1024/1024/997
f 1101/1101/1070 1102/1102/1071 1100/1100/1069
f 1103/1103/1072 1104/1104/1073 1101/1101/1070
f 1105/1105/1074 1106/1106/1075 1103/1103/1072
f 1105/1105/1074 1107/1107/1076 1108/1108/1077
f 1109/1109/1078 1110/1110/1079 1107/1107/1076
f 1111/1111/1080 1112/1112/1081 1110/1110/1079
f 1113/1113/1082 1114/1114/1083 1112/1112/1081
f 1115/1115/1084 1116/1116/1085 1114/1114/1083
f 1117/1117/1086 1118/1118/1087 1116/1116/1085
f 1102/1102/1071 1056/1056/1029 1045/1045/1018
f 1102/1102/1071 1119/1119/1088 1120/1120/1089
f 1104/1104/1073 1121/1121/1090 1119/1119/1088
f 1106/1106/1075 1122/1122/1091 1121/1121/1090
f 1108/1108/1077 1123/1123/1092 1122/1122/1091
f 1107/1107/1076 1124/1124/1093 1123/1123/1092
f 1110/1110/1079 1125/1125/1094 1124/1124/1093
f 1112/1112/1081 1126/1126/1095 1125/1125/1094
f 1114/1114/1083 1127/1127/1096 1126/1126/1095
f 1116/1116/1085 1128/1128/1028 1127/1127/1096
f 1120/1120/1089 1066/1066/1039 1056/1056/1029
f 1120/1120/1089 1129/1129/1097 1130/1130/1098
f 1119/1119/1088 1131/1131/1099 1129/1129/1097
f 1121/1121/1090 1132/1132/1100 1131/1131/1099
f 1122/1122/1091 1133/1133/1101 1132/1132/1100
f 1123/1123/1092 1134/1134/1102 1133/1133/1101
f 1124/1124/1093 1135/1135/1103 1134/1134/1102
f 1125/1125/1094 1136/1136/1104 1135/1135/1103
f 1126/1126/1095 1137/1137/1105 1136/1136/1104
f 1127/1127/1096 1138/1138/1106 1137/1137/1105
f 1130/1130/1098 1078/1078/1051 1066/1066/1039
f 1130/1130/1098 1139/1139/1107 1140/1140/1108
f 1129/1129/1097 1141/1141/1109 1139/1139/1107
f 1131/1131/1099 1142/1142/1110 1141/1141/1109
f 1132/1132/1100 1143/1143/1111 1142/1142/1110
f 1133/1133/1101 1144/1144/1112 1143/1143/1111
f 1134/1134/1102 1145/1145/1113 1144/1144/1112
f 1135/1135/1103 1146/1146/1114 1145/1145/1113
f 1136/1136/1104 1147/1147/1115 1146/1146/1114
f 1137/1137/1105 1148/1148/1116 1147/1147/1115
f 1078/1078/1051 1149/1149/1117 1089/1089/1062
f 1140/1140/1108 1150/1150/1118 1149/1149/1117
f 1139/1139/1107 1151/1151/1119 1150/1150/1118
f 1141/1141/1109 1152/1152/1120 1151/1151/1119
f 1142/1142/1110 1153/1153/1121 1152/1152/1120
f 1143/1143/1111 1154/1154/1122 1153/1153/1121
f 1144/1144/1112 1155/1155/1123 1154/1154/1122
f 1145/1145/1113 1156/1156/1124 1155/1155/1123
f 1146/1146/1114 1157/1157/1125 1156/1156/1124
f 1147/1147/1115 1158/1158/1126 1157/1157/1125
f 1089/1089/1062 1159/1159/1127 1160/1160/230
f 1149/1149/1117 1161/1161/493 1159/1159/1127
f 1150/1150/1118 1162/1162/1128 1161/1161/493
f 1151/1151/1119 1163/1163/1129 1162/1162/1128
f 1152/1152/1120 1164/1164/1130 1163/1163/1129
f 1153/1153/1121 1165/1165/1131 1164/1164/1130
f 1154/1154/1122 1166/1166/1132 1165/1165/1131
f 1155/1155/1123 1167/1167/1133 1166/1166/1132
f 1156/1156/1124 1168/1168/1134 1167/1167/1133
f 1157/1157/1125 1169/1169/1068 1168/1168/1134
f 1170/1170/1135 1171/1171/1136 1172/1172/1137
f 1172/1172/1137 1173/1173/1138 1174/1174/1139
f 1174/1174/1139 1175/1175/1140 1176/1176/1141
f 1176/1176/1141 1177/1177/1142 1178/1178/1143
f 1178/1178/1143 1179/1179/1144 1180/1180/1145
f 1180/1180/1145 1181/1181/1146 1182/1182/1147
f 1182/1182/1147 1183/1183/1148 1184/1184/1149
f 1184/1184/1149 1185/1185/1150 1186/1186/1151
f 1186/1186/1151 1187/1187/1152 1188/1188/1153
f 1188/1188/1153 1189/1189/1154 1190/1190/1155
f 1190/1190/1155 1191/1191/1156 1192/1192/1157
f 1192/1192/1157 1193/1193/1158 1194/1194/1159
f 1194/1194/1159 1195/1195/1160 1196/1196/1161
f 1196/1196/1161 1197/1197/1162 1198/1198/1163
f 1198/1198/1163 1199/1199/1164 1200/1200/1165
f 1201/1201/1166 1202/1202/1167 1171/1171/1136
f 1171/1171/1136 1203/1203/1168 1173/1173/1138
f 1173/1173/1138 1204/1204/1169 1175/1175/1140
f 1175/1175/1140 1205/1205/1170 1177/1177/1142
f 1177/1177/1142 1206/1206/1171 1179/1179/1144
f 1179/1179/1144 1207/1207/1172 1181/1181/1146
f 1181/1181/1146 1208/1208/1173 1183/1183/1148
f 1183/1183/1148 1209/1209/1174 1185/1185/1150
f 1185/1185/1150 1210/1210/1175 1187/1187/1152
f 1187/1187/1152 1211/1211/1176 1189/1189/1154
f 1189/1189/1154 1212/1212/1177 1191/1191/1156
f 1191/1191/1156 1213/1213/1178 1193/1193/1158
f 1193/1193/1158 1214/1214/1179 1195/1195/1160
f 1195/1195/1160 1215/1215/1180 1197/1197/1162
f 1197/1197/1162 1216/1216/1181 1199/1199/1164
f 1217/1217/1182 1218/1218/1183 1202/1202/1167
f 1202/1202/1167 1219/1219/1184 1203/1203/1168
f 1203/1203/1168 1220/1220/1185 1204/1204/1169
f 1204/1204/1169 1221/1221/1186 1205/1205/1170
f 1205/1205/1170 1222/1222/1187 1206/1206/1171
f 1206/1206/1171 1223/1223/1188 1207/1207/1172
f 1207/1207/1172 1224/1224/1189 1208/1208/1173
f 1208/1208/1173 1225/1225/1190 1209/1209/1174
f 1209/1209/1174 1226/1226/1191 1210/1210/1175
f 1210/1210/1175 1227/1227/1192 1211/1211/1176
f 1211/1211/1176 1228/1228/1193 1212/1212/1177
f 1212/1212/1177 1229/1229/1194 1213/1213/1178
f 1213/1213/1178 1230/1230/1195 1214/1214/1179
f 1214/1214/1179 1231/1231/1196 1215/1215/1180
f 1215/1215/1180 1232/1232/1197 1216/1216/1181
f 1233/1233/1198 1234/1234/1199 1218/1218/1183
f 1218/1218/1183 1235/1235/1200 1219/1219/1184
f 1219/1219/1184 1236/1236/1201 1220/1220/1185
f 1220/1220/1185 1237/1237/1202 1221/1221/1186
f 1221/1221/1186 1238/1238/1203 1222/1222/1187
f 1222/1222/1187 1239/1239/1204 1223/1223/1188
f 1223/1223/1188 1240/1240/1205 1224/1224/1189
f 1224/1224/1189 1241/1241/1206 1225/1225/1190
f 1225/1225/1190 1242/1242/1207 1226/1226/1191
f 1226/1226/1191 1243/1243/1208 1227/1227/1192
f 1227/1227/1192 1244/1244/1209 1228/1228/1193
f 1228/1228/1193 1245/1245/1210 1229/1229/1194
f 1229/1229/1194 1246/1246/1211 1230/1230/1195
f 1230/1230/1195 1247/1247/1212 1231/1231/1196
f 1231/1231/1196 1248/1248/1213 1232/1232/1197
f 1249/1249/1214 1250/1250/1215 1234/1234/1199
f 1234/1234/1199 1251/1251/1216 1235/1235/1200
f 1235/1235/1200 1252/1252/1217 1236/1236/1201
f 1236/1236/1201 1253/1253/1218 1237/1237/1202
f 1237/1237/1202 1254/1254/1219 1238/1238/1203
f 1238/1238/1203 1255/1255/1220 1239/1239/1204
f 1239/1239/1204 1256/1256/1221 1240/1240/1205
f 1240/1240/1205 1257/1257/1222 1241/1241/1206
f 1241/1241/1206 1258/1258/1223 1242/1242/1207
f 1242/1242/1207 1259/1259/1224 1243/1243/1208
f 1243/1243/1208 1260/1260/1225 1244/1244/1209
f 1244/1244/1209 1261/1261/1226 1245/1245/1210
f 1245/1245/1210 1262/1262/1227 1246/1246/1211
f 1246/1246/1211 1263/1263/1228 1247/1247/1212
f 1247/1247/1212 1264/1264/1229 1248/1248/1213
f 1265/1265/1230 1266/1266/1231 1250/1250/1215
f 1250/1250/1215 1267/1267/1232 1251/1251/1216
f 1251/1251/1216 1268/1268/1233 1252/1252/1217
f 1252/1252/1217 1269/1269/1234 1253/1253/1218
f 1253/1253/1218 1270/1270/1235 1254/1254/1219
f 1254/1254/1219 1271/1271/1236 1255/1255/1220
f 1255/1255/1220 1272/1272/1237 1256/1256/1221
f 1256/1256/1221 1273/1273/1238 1257/1257/1222
f 1257/1257/1222 1274/1274/1239 1258/1258/1223
f 1258/1258/1223 1275/1275/1240 1259/1259/1224
f 1259/1259/1224 1276/1276/1241 1260/1260/1225
f 1260/1260/1225 1277/1277/1242 1261/1261/1226
f 1261/1261/1226 1278/1278/1243 1262/1262/1227
f 1262/1262/1227 1279/1279/1244 1263/1263/1228
f 1263/1263/1228 1280/1280/1245 1264/1264/1229
f 1281/1281/1246 1282/1282/1247 1266/1266/1231
f 1266/1266/1231 1283/1283/1248 1267/1267/1232
f 1267/1267/1232 1284/1284/1249 1268/1268/1233
f 1268/1268/1233 1285/1285/1250 1269/1269/1234
f 1269/1269/1234 1286/1286/1251 1270/1270/1235
f 1270/1270/1235 1287/1287/1252 1271/1271/1236
f 1271/1271/1236 1288/1288/1253 1272/1272/1237
f 1272/1272/1237 1289/1289/1254 1273/1273/1238
f 1273/1273/1238 1290/1290/1255 1274/1274/1239
f 1274/1274/1239 1291/1291/1256 1275/1275/1240
f 1275/1275/1240 1292/1292/1257 1276/1276/1241
f 1276/1276/1241 1293/1293/1258 1277/1277/1242
f 1277/1277/1242 1294/1294/1259 1278/1278/1243
f 1278/1278/1243 1295/1295/1260 1279/1279/1244
f 1279/1279/1244 1296/1296/1261 1280/1280/1245
f 1297/1297/1262 1298/1298/1263 1282/1282/1247
f 1282/1282/1247 1299/1299/1264 1283/1283/1248
f 1283/1283/1248 1300/1300/1265 1284/1284/1249
f 1284/1284/1249 1301/1301/1266 1285/1285/1250
f 1285/1285/1250 1302/1302/1267 1286/1286/1251
f 1286/1286/1251 1303/1303/1268 1287/1287/1252
f 1287/1287/1252 1304/1304/1269 1288/1288/1253
f 1288/1288/1253 1305/1305/1270 1289/1289/1254
f 1289/1289/1254 1306/1306/1271 1290/1290/1255
f 1290/1290/1255 1307/1307/1272 1291/1291/1256
f 1291/1291/1256 1308/1308/1273 1292/1292/1257
f 1292/1292/1257 1309/1309/1274 1293/1293/1258
f 1293/1293/1258 1310/1310/1275 1294/1294/1259
f 1294/1294/1259 1311/1311/1276 1295/1295/1260
f 1295/1295/1260 1312/1312/1277 1296/1296/1261
f 1313/1313/1278 1314/1314/1279 1298/1298/1263
f 1298/1298/1263 1315/1315/1280 1299/1299/1264
f 1299/1299/1264 1316/1316/1281 1300/1300/1265
f 1300/1300/1265 1317/1317/1282 1301/1301/1266
f 1301/1301/1266 1318/1318/1283 1302/1302/1267
f 1302/1302/1267 1319/1319/1284 1303/1303/1268
f 1303/1303/1268 1320/1320/1285 1304/1304/1269
f 1304/1304/1269 1321/1321/1286 1305/1305/1270
f 1305/1305/1270 1322/1322/1287 1306/1306/1271
f 1306/1306/1271 1323/1323/1288 1307/1307/1272
f 1307/1307/1272 1324/1324/1289 1308/1308/1273
f 1308/1308/1273 1325/1325/1290 1309/1309/1274
f 1309/1309/1274 1326/1326/1291 1310/1310/1275
f 1326/1326/1291 1311/1311/1276 1310/1310/1275
f 1311/1311/1276 1327/1327/1292 1312/1312/1277
f 1328/1328/1293 1329/1329/1294 1314/1314/1279
f 1314/1314/1279 1330/1330/1295 1315/1315/1280
f 1315/1315/1280 1331/1331/1296 1316/1316/1281
f 1316/1316/1281 1332/1332/1297 1317/1317/1282
f 1317/1317/1282 1333/1333/1298 1318/1318/1283
f 1318/1318/1283 1334/1334/1299 1319/1319/1284
f 1319/1319/1284 1335/1335/1300 1320/1320/1285
f 1335/1335/1300 1321/1321/1286 1320/1320/1285
f 1336/1336/1301 1322/1322/1287 1321/1321/1286
f 1322/1322/1287 1337/1337/1302 1323/1323/1288
f 1323/1323/1288 1338/1338/1303 1324/1324/1289
f 1324/1324/1289 1339/1339/1304 1325/1325/1290
f 1339/1339/1304 1326/1326/1291 1325/1325/1290
f 1340/1340/1305 1341/1341/1306 1326/1326/1291
f 1341/1341/1306 1342/1342/1307 1327/1327/1292
f 1343/1343/1308 1329/1329/1294 1344/1344/1309
f 1345/1345/1310 1330/1330/1295 1329/1329/1294
f 1346/1346/1311 1331/1331/1296 1330/1330/1295
f 1347/1347/1312 1332/1332/1297 1331/1331/1296
f 1348/1348/1313 1333/1333/1298 1332/1332/1297
f 1349/1349/1314 1334/1334/1299 1333/1333/1298
f 1350/1350/1315 1335/1335/1300 1334/1334/1299
f 1351/1351/1316 1336/1336/1301 1335/1335/1300
f 1352/1352/1317 1353/1353/1318 1336/1336/1301
f 1354/1354/1319 1337/1337/1302 1353/1353/1318
f 1355/1355/1320 1338/1338/1303 1337/1337/1302
f 1356/1356/1321 1339/1339/1304 1338/1338/1303
f 1357/1357/1322 1340/1340/1305 1339/1339/1304
f 1358/1358/1323 1359/1359/1324 1340/1340/1305
f 1359/1359/1324 1360/1360/1325 1342/1342/1307
f 1361/1361/1326 1345/1345/1310 1343/1343/1308
f 1362/1362/1327 1346/1346/1311 1345/1345/1310
f 1363/1363/1328 1347/1347/1312 1346/1346/1311
f 1364/1364/1329 1348/1348/1313 1347/1347/1312
f 1365/1365/1330 1349/1349/1314 1348/1348/1313
f 1366/1366/1331 1350/1350/1315 1349/1349/1314
f 1367/1367/1332 1351/1351/1316 1350/1350/1315
f 1368/1368/1333 1352/1352/1317 1351/1351/1316
f 1369/1369/1334 1354/1354/1319 1352/1352/1317
f 1370/1370/1335 1355/1355/1320 1354/1354/1319
f 1371/1371/1336 1356/1356/1321 1355/1355/1320
f 1372/1372/1337 1357/1357/1322 1356/1356/1321
f 1373/1373/1338 1358/1358/1323 1357/1357/1322
f 1374/1374/1339 1375/1375/1340 1358/1358/1323
f 1376/1376/1341 1360/1360/1325 1375/1375/1340
f 1377/1377/1342 1362/1362/1327 1361/1361/1326
f 1378/1378/1343 1363/1363/1328 1362/1362/1327
f 1379/1379/1344 1364/1364/1329 1363/1363/1328
f 1380/1380/1345 1365/1365/1330 1364/1364/1329
f 1381/1381/1346 1366/1366/1331 1365/1365/1330
f 1382/1382/1347 1367/1367/1332 1366/1366/1331
f 1383/1383/1348 1368/1368/1333 1367/1367/1332
f 1384/1384/1349 1369/1369/1334 1368/1368/1333
f 1385/1385/1350 1370/1370/1335 1369/1369/1334
f 1386/1386/1351 1371/1371/1336 1370/1370/1335
f 1387/1387/1352 1372/1372/1337 1371/1371/1336
f 1388/1388/1353 1373/1373/1338 1372/1372/1337
f 1389/1389/1354 1374/1374/1339 1373/1373/1338
f 1390/1390/1355 1376/1376/1341 1374/1374/1339
f 1391/1391/1356 1392/1392/1357 1376/1376/1341
f 1393/1393/1358 1378/1378/1343 1377/1377/1342
f 1394/1394/1359 1379/1379/1344 1378/1378/1343
f 1395/1395/1360 1380/1380/1345 1379/1379/1344
f 1396/1396/1361 1381/1381/1346 1380/1380/1345
f 1397/1397/1362 1382/1382/1347 1381/1381/1346
f 1398/1398/1363 1383/1383/1348 1382/1382/1347
f 1399/1399/1364 1384/1384/1349 1383/1383/1348
f 1400/1400/1365 1385/1385/1350 1384/1384/1349
f 1401/1401/1366 1386/1386/1351 1385/1385/1350
f 1402/1402/1367 1387/1387/1352 1386/1386/1351
f 1403/1403/1368 1388/1388/1353 1387/1387/1352
f 1404/1404/1369 1389/1389/1354 1388/1388/1353
f 1405/1405/1370 1390/1390/1355 1389/1389/1354
f 1406/1406/1371 1391/1391/1356 1390/1390/1355
f 1407/1407/1372 1408/1408/1373 1391/1391/1356
f 1409/1409/1374 1394/1394/1359 1393/1393/1358
f 1410/1410/1375 1395/1395/1360 1394/1394/1359
f 1411/1411/1376 1396/1396/1361 1395/1395/1360
f 1412/1412/1377 1397/1397/1362 1396/1396/1361
f 1413/1413/1378 1398/1398/1363 1397/1397/1362
f 1414/1414/1379 1399/1399/1364 1398/1398/1363
f 1415/1415/1380 1400/1400/1365 1399/1399/1364
f 1416/1416/1381 1401/1401/1366 1400/1400/1365
f 1417/1417/1382 1402/1402/1367 1401/1401/1366
f 1418/1418/1383 1403/1403/1368 1402/1402/1367
f 1419/1419/1384 1404/1404/1369 1403/1403/1368
f 1420/1420/1385 1405/1405/1370 1404/1404/1369
f 1421/1421/1386 1406/1406/1371 1405/1405/1370
f 1422/1422/1387 1407/1407/1372 1406/1406/1371
f 1423/1423/1388 1424/1424/1389 1407/1407/1372
f 1425/1425/1390 1410/1410/1375 1409/1409/1374
f 1426/1426/1391 1411/1411/1376 1410/1410/1375
f 1427/1427/1392 1412/1412/1377 1411/1411/1376
f 1428/1428/1393 1413/1413/1378 1412/1412/1377
f 1429/1429/1394 1414/1414/1379 1413/1413/1378
f 1430/1430/1395 1415/1415/1380 1414/1414/1379
f 1431/1431/1396 1416/1416/1381 1415/1415/1380
f 1432/1432/1397 1417/1417/1382 1416/1416/1381
f 1433/1433/1398 1418/1418/1383 1417/1417/1382
f 1434/1434/1399 1419/1419/1384 1418/1418/1383
f 1435/1435/1400 1420/1420/1385 1419/1419/1384
f 1436/1436/1401 1421/1421/1386 1420/1420/1385
f 1437/1437/1402 1422/1422/1387 1421/1421/1386
f 1438/1438/1403 1423/1423/1388 1422/1422/1387
f 1439/1439/1404 1440/1440/1405 1423/1423/1388
f 1441/1441/1406 1426/1426/1391 1425/1425/1390
f 1442/1442/1407 1427/1427/1392 1426/1426/1391
f 1443/1443/1408 1428/1428/1393 1427/1427/1392
f 1444/1444/1409 1429/1429/1394 1428/1428/1393
f 1445/1445/1410 1430/1430/1395 1429/1429/1394
f 1446/1446/1411 1431/1431/1396 1430/1430/1395
f 1447/1447/1412 1432/1432/1397 1431/1431/1396
f 1448/1448/1413 1433/1433/1398 1432/1432/1397
f 1449/1449/1414 1434/1434/1399 1433/1433/1398
f 1450/1450/1415 1435/1435/1400 1434/1434/1399
f 1451/1451/1416 1436/1436/1401 1435/1435/1400
f 1452/1452/1417 1437/1437/1402 1436/1436/1401
f 1453/1453/1418 1438/1438/1403 1437/1437/1402
f 1438/1438/1403 1454/1454/1419 1439/1439/1404
f 1454/1454/1419 1455/1455/1420 1439/1439/1404
f 1456/1456/1421 1442/1442/1407 1441/1441/1406
f 1457/1457/1422 1443/1443/1408 1442/1442/1407
f 1458/1458/1423 1444/1444/1409 1443/1443/1408
f 1459/1459/1424 1445/1445/1410 1444/1444/1409
f 1460/1460/1425 1446/1446/1411 1445/1445/1410
f 1461/1461/1426 1447/1447/1412 1446/1446/1411
f 1462/1462/1427 1448/1448/1413 1447/1447/1412
f 1463/1463/1428 1449/1449/1414 1448/1448/1413
f 1464/1464/1429 1450/1450/1415 1449/1449/1414
f 1465/1465/1430 1451/1451/1416 1450/1450/1415
f 1466/1466/1431 1452/1452/1417 1451/1451/1416
f 1467/1467/1432 1453/1453/1418 1452/1452/1417
f 1468/1468/1433 1469/1469/1434 1453/1453/1418
f 1470/1470/1435 1454/1454/1419 1469/1469/1434
f 1454/1454/1419 1471/1471/1436 1472/1472/1437
f 1473/1473/1438 1457/1457/1422 1456/1456/1421
f 1474/1474/1439 1458/1458/1423 1457/1457/1422
f 1475/1475/1440 1459/1459/1424 1458/1458/1423
f 1476/1476/1441 1460/1460/1425 1459/1459/1424
f 1477/1477/1442 1461/1461/1426 1460/1460/1425
f 1478/1478/1443 1462/1462/1427 1461/1461/1426
f 1479/1479/1444 1463/1463/1428 1462/1462/1427
f 1480/1480/1445 1464/1464/1429 1463/1463/1428
f 1481/1481/1446 1465/1465/1430 1464/1464/1429
f 1482/1482/1447 1466/1466/1431 1465/1465/1430
f 1483/1483/1448 1467/1467/1432 1466/1466/1431
f 1484/1484/1449 1468/1468/1433 1467/1467/1432
f 1485/1485/1450 1470/1470/1435 1468/1468/1433
f 1470/1470/1435 1486/1486/1451 1487/1487/1452
f 1486/1486/1451 1471/1471/1436 1487/1487/1452
f 1488/1488/1453 1474/1474/1439 1473/1473/1438
f 1489/1489/1137 1475/1475/1440 1474/1474/1439
f 1490/1490/1454 1476/1476/1441 1475/1475/1440
f 1491/1491/1455 1477/1477/1442 1476/1476/1441
f 1492/1492/1456 1478/1478/1443 1477/1477/1442
f 1493/1493/1457 1479/1479/1444 1478/1478/1443
f 1494/1494/1147 1480/1480/1445 1479/1479/1444
f 1495/1495/1458 1481/1481/1446 1480/1480/1445
f 1496/1496/1459 1482/1482/1447 1481/1481/1446
f 1497/1497/1460 1483/1483/1448 1482/1482/1447
f 1498/1498/1155 1484/1484/1449 1483/1483/1448
f 1499/1499/1157 1485/1485/1450 1484/1484/1449
f 1500/1500/1461 1501/1501/1462 1485/1485/1450
f 1502/1502/1161 1486/1486/1451 1501/1501/1462
f 1503/1503/1463 1504/1504/1464 1486/1486/1451
f 1505/1505/1465 1506/1506/1466 1507/1507/1467
f 1506/1506/1466 1508/1508/270 1507/1507/1467
f 1509/1509/1468 1510/1510/1469 1508/1508/270
f 1511/1511/1470 1512/1512/1471 1510/1510/1469
f 1513/1513/1472 1514/1514/1473 1512/1512/1471
f 1515/1515/1474 1516/1516/1475 1514/1514/1473
f 1517/1517/1476 1518/1518/246 1516/1516/1475
f 1519/1519/1477 1520/1520/241 1518/1518/246
f 1521/1521/1478 1522/1522/236 1520/1520/241
f 1523/1523/1479 1524/1524/1480 1505/1505/1465
f 1525/1525/279 1526/1526/1481 1523/1523/1479
f 1527/1527/281 1528/1528/1482 1525/1525/279
f 1529/1529/283 1530/1530/1483 1527/1527/281
f 1531/1531/285 1532/1532/1484 1529/1529/283
f 1533/1533/287 1534/1534/1485 1531/1531/285
f 1535/1535/1486 1536/1536/1487 1533/1533/287
f 1537/1537/291 1538/1538/1488 1535/1535/1486
f 1539/1539/293 1540/1540/1489 1537/1537/291
f 1541/1541/758 1542/1542/1490 1543/1543/756
f 1543/1543/756 1544/1544/1491 1545/1545/1492
f 1545/1545/1492 1546/1546/1493 1547/1547/1494
f 1547/1547/1494 1548/1548/1495 1549/1549/742
f 1549/1549/742 1550/1550/1496 1551/1551/737
f 1551/1551/737 1552/1552/1497 1553/1553/732
f 1553/1553/732 1554/1554/1498 1555/1555/1499
f 1555/1555/1499 1556/1556/1500 1557/1557/722
f 1557/1557/722 1558/1558/1501 1559/1559/293
f 1541/1541/758 1560/1560/1502 1561/1561/1503
f 1562/1562/757 1563/1563/1504 1560/1560/1502
f 1564/1564/760 1565/1565/1505 1563/1563/1504
f 1566/1566/762 1567/1567/1506 1565/1565/1505
f 1568/1568/764 1569/1569/1507 1567/1567/1506
f 1570/1570/1508 1571/1571/1509 1569/1569/1507
f 1572/1572/768 1573/1573/1510 1571/1571/1509
f 1574/1574/1511 1575/1575/1512 1573/1573/1510
f 1576/1576/772 1577/1577/1513 1575/1575/1512
f 1578/1578/1514 1579/1579/495 1580/1580/1515
f 1581/1581/1516 1582/1582/710 1578/1578/1514
f 1583/1583/1517 1584/1584/1518 1581/1581/1516
f 1585/1585/1519 1586/1586/683 1583/1583/1517
f 1585/1585/1519 1587/1587/1520 1588/1588/671
f 1589/1589/1521 1590/1590/1522 1587/1587/1520
f 1591/1591/1523 1592/1592/635 1590/1590/1522
f 1593/1593/1524 1594/1594/1525 1592/1592/635
f 1595/1595/1526 1596/1596/19 1594/1594/1525
f 1580/1580/1515 1597/1597/1527 1598/1598/1528
f 1597/1597/1527 1599/1599/1529 1598/1598/1528
f 1600/1600/499 1601/1601/1530 1599/1599/1529
f 1602/1602/501 1603/1603/1531 1601/1601/1530
f 1604/1604/503 1605/1605/1532 1603/1603/1531
f 1606/1606/505 1607/1607/1533 1605/1605/1532
f 1607/1607/1533 1608/1608/1534 1609/1609/1535
f 1608/1608/1534 1610/1610/1536 1609/1609/1535
f 1610/1610/1536 1611/1611/1537 1612/1612/995
f 1613/1613/1538 1614/1614/1539 1615/1615/1540
f 1616/1616/1541 1617/1617/1542 1614/1614/1539
f 1618/1618/1543 1617/1617/1542 1619/1619/1544
f 1618/1618/1543 1620/1620/1545 1621/1621/1546
f 1622/1622/1547 1623/1623/1548 1620/1620/1545
f 1624/1624/1549 1625/1625/1550 1623/1623/1548
f 1626/1626/1551 1627/1627/1552 1625/1625/1550
f 1628/1628/1553 1629/1629/1554 1627/1627/1552
f 1630/1630/1555 1631/1631/1556 1629/1629/1554
f 1632/1632/1557 1633/1633/1558 1631/1631/1556
f 1615/1615/1540 1634/1634/1559 1635/1635/1560
f 1614/1614/1539 1636/1636/1561 1634/1634/1559
f 1617/1617/1542 1637/1637/1562 1636/1636/1561
f 1621/1621/1546 1638/1638/1563 1637/1637/1562
f 1620/1620/1545 1639/1639/1564 1638/1638/1563
f 1623/1623/1548 1640/1640/1565 1639/1639/1564
f 1625/1625/1550 1641/1641/1566 1640/1640/1565
f 1627/1627/1552 1642/1642/1567 1641/1641/1566
f 1629/1629/1554 1643/1643/1568 1642/1642/1567
f 1631/1631/1556 1644/1644/1569 1643/1643/1568
f 1635/1635/1560 1645/1645/1570 1646/1646/1571
f 1634/1634/1559 1647/1647/1572 1645/1645/1570
f 1636/1636/1561 1648/1648/1573 1647/1647/1572
f 1637/1637/1562 1649/1649/1574 1648/1648/1573
f 1638/1638/1563 1650/1650/1575 1649/1649/1574
f 1639/1639/1564 1651/1651/1576 1650/1650/1575
f 1640/1640/1565 1652/1652/1577 1651/1651/1576
f 1641/1641/1566 1653/1653/1578 1652/1652/1577
f 1642/1642/1567 1654/1654/1579 1653/1653/1578
f 1644/1644/1569 1654/1654/1579 1643/1643/1568
f 1646/1646/1571 1655/1655/1580 1656/1656/1581
f 1645/1645/1570 1657/1657/1582 1655/1655/1580
f 1647/1647/1572 1658/1658/1583 1657/1657/1582
f 1648/1648/1573 1659/1659/1584 1658/1658/1583
f 1649/1649/1574 1660/1660/1585 1659/1659/1584
f 1650/1650/1575 1661/1661/1586 1660/1660/1585
f 1651/1651/1576 1662/1662/1587 1661/1661/1586
f 1652/1652/1577 1663/1663/1588 1662/1662/1587
f 1653/1653/1578 1664/1664/1589 1663/1663/1588
f 1665/1665/1590 1664/1664/1589 1654/1654/1579
f 1656/1656/1581 1666/1666/1591 1667/1667/1592
f 1655/1655/1580 1668/1668/1593 1666/1666/1591
f 1657/1657/1582 1669/1669/1594 1668/1668/1593
f 1658/1658/1583 1670/1670/1595 1669/1669/1594
f 1659/1659/1584 1671/1671/1596 1670/1670/1595
f 1660/1660/1585 1672/1672/1597 1671/1671/1596
f 1661/1661/1586 1673/1673/1598 1672/1672/1597
f 1662/1662/1587 1674/1674/1599 1673/1673/1598
f 1663/1663/1588 1675/1675/1600 1674/1674/1599
f 1676/1676/1601 1675/1675/1600 1664/1664/1589
f 1667/1667/1592 1677/1677/1602 1678/1678/1603
f 1666/1666/1591 1679/1679/971 1677/1677/1602
f 1668/1668/1593 1680/1680/1604 1679/1679/971
f 1669/1669/1594 1681/1681/1605 1680/1680/1604
f 1670/1670/1595 1682/1682/936 1681/1681/1605
f 1671/1671/1596 1683/1683/927 1682/1682/936
f 1672/1672/1597 1684/1684/1606 1683/1683/927
f 1673/1673/1598 1685/1685/1607 1684/1684/1606
f 1674/1674/1599 1686/1686/1608 1685/1685/1607
f 1675/1675/1600 1687/1687/1609 1686/1686/1608
f 1615/1615/1540 1688/1688/1610 1613/1613/1538
f 1689/1689/1611 1690/1690/1612 1688/1688/1610
f 1691/1691/1613 1692/1692/1614 1690/1690/1612
f 1693/1693/1615 1694/1694/1616 1692/1692/1614
f 1694/1694/1616 1695/1695/1617 1696/1696/1618
f 1696/1696/1618 1697/1697/1619 1698/1698/1620
f 1698/1698/1620 1699/1699/1621 1700/1700/1622
f 1700/1700/1622 1701/1701/1623 1702/1702/1624
f 1702/1702/1624 1703/1703/1625 1704/1704/1626
f 1704/1704/1626 1705/1705/1627 1706/1706/1628
f 1635/1635/1560 1689/1689/1611 1615/1615/1540
f 1689/1689/1611 1707/1707/1629 1691/1691/1613
f 1691/1691/1613 1708/1708/1630 1693/1693/1615
f 1693/1693/1615 1709/1709/1631 1710/1710/1632
f 1710/1710/1632 1711/1711/1633 1695/1695/1617
f 1695/1695/1617 1712/1712/1634 1697/1697/1619
f 1697/1697/1619 1713/1713/1635 1699/1699/1621
f 1699/1699/1621 1714/1714/1636 1701/1701/1623
f 1701/1701/1623 1715/1715/1637 1703/1703/1625
f 1703/1703/1625 1716/1716/1569 1705/1705/1627
f 1646/1646/1571 1717/1717/1638 1635/1635/1560
f 1717/1717/1638 1718/1718/1639 1707/1707/1629
f 1707/1707/1629 1719/1719/1640 1708/1708/1630
f 1708/1708/1630 1720/1720/1641 1709/1709/1631
f 1709/1709/1631 1721/1721/1642 1711/1711/1633
f 1711/1711/1633 1722/1722/1643 1712/1712/1634
f 1712/1712/1634 1723/1723/1644 1713/1713/1635
f 1713/1713/1635 1724/1724/1645 1714/1714/1636
f 1714/1714/1636 1725/1725/1646 1715/1715/1637
f 1715/1715/1637 1726/1726/1590 1716/1716/1569
f 1656/1656/1581 1727/1727/1647 1646/1646/1571
f 1727/1727/1647 1728/1728/1648 1718/1718/1639
f 1718/1718/1639 1729/1729/1649 1719/1719/1640
f 1719/1719/1640 1730/1730/1650 1720/1720/1641
f 1720/1720/1641 1731/1731/1651 1721/1721/1642
f 1721/1721/1642 1732/1732/1652 1722/1722/1643
f 1722/1722/1643 1733/1733/1653 1723/1723/1644
f 1723/1723/1644 1734/1734/1654 1724/1724/1645
f 1724/1724/1645 1735/1735/1655 1725/1725/1646
f 1725/1725/1646 1736/1736/1601 1726/1726/1590
f 1667/1667/1592 1737/1737/1656 1656/1656/1581
f 1737/1737/1656 1738/1738/1657 1728/1728/1648
f 1728/1728/1648 1739/1739/1658 1729/1729/1649
f 1729/1729/1649 1740/1740/1659 1730/1730/1650
f 1730/1730/1650 1741/1741/1660 1731/1731/1651
f 1731/1731/1651 1742/1742/1661 1732/1732/1652
f 1732/1732/1652 1743/1743/1662 1733/1733/1653
f 1733/1733/1653 1744/1744/1663 1734/1734/1654
f 1734/1734/1654 1745/1745/1664 1735/1735/1655
f 1735/1735/1655 1746/1746/1665 1736/1736/1601
f 1667/1667/1592 1747/1747/1666 1748/1748/1667
f 1748/1748/1667 1749/1749/341 1738/1738/1657
f 1738/1738/1657 1750/1750/351 1739/1739/1658
f 1739/1739/1658 1751/1751/361 1740/1740/1659
f 1740/1740/1659 1752/1752/371 1741/1741/1660
f 1741/1741/1660 1753/1753/1668 1742/1742/1661
f 1742/1742/1661 1754/1754/1669 1743/1743/1662
f 1743/1743/1662 1755/1755/1670 1744/1744/1663
f 1744/1744/1663 1756/1756/1671 1745/1745/1664
f 1745/1745/1664 1757/1757/121 1746/1746/1665
f 1758/1758/1672 1759/1759/1673 1760/1760/1674
f 1761/1761/1675 1762/1762/1676 1759/1759/1673
f 1763/1763/1677 1764/1764/1678 1762/1762/1676
f 1765/1765/1679 1766/1766/1680 1764/1764/1678
f 1767/1767/1681 1768/1768/1682 1766/1766/1680
f 1769/1769/1683 1770/1770/1684 1768/1768/1682
f 1771/1771/1685 1772/1772/1686 1770/1770/1684
f 1773/1773/1687 1774/1774/1688 1772/1772/1686
f 1775/1775/1689 1776/1776/1690 1774/1774/1688
f 1777/1777/1691 1778/1778/1692 1776/1776/1690
f 1779/1779/1693 1780/1780/1694 1778/1778/1692
f 1781/1781/1695 1782/1782/1696 1780/1780/1694
f 1783/1783/1697 1784/1784/1698 1782/1782/1696
f 1785/1785/1699 1786/1786/1700 1784/1784/1698
f 1787/1787/1701 1788/1788/1702 1786/1786/1700
f 1760/1760/1674 1789/1789/1703 1790/1790/1704
f 1759/1759/1673 1791/1791/1705 1789/1789/1703
f 1762/1762/1676 1792/1792/1706 1791/1791/1705
f 1764/1764/1678 1793/1793/1707 1792/1792/1706
f 1766/1766/1680 1794/1794/1708 1793/1793/1707
f 1768/1768/1682 1795/1795/1709 1794/1794/1708
f 1770/1770/1684 1796/1796/1710 1795/1795/1709
f 1772/1772/1686 1797/1797/1711 1796/1796/1710
f 1774/1774/1688 1798/1798/1712 1797/1797/1711
f 1776/1776/1690 1799/1799/1713 1798/1798/1712
f 1778/1778/1692 1800/1800/1714 1799/1799/1713
f 1780/1780/1694 1801/1801/1715 1800/1800/1714
f 1782/1782/1696 1802/1802/1716 1801/1801/1715
f 1784/1784/1698 1803/1803/1717 1802/1802/1716
f 1786/1786/1700 1804/1804/1718 1803/1803/1717
f 1790/1790/1704 1805/1805/1719 1806/1806/1720
f 1789/1789/1703 1807/1807/1721 1805/1805/1719
f 1791/1791/1705 1808/1808/1722 1807/1807/1721
f 1792/1792/1706 1809/1809/1723 1808/1808/1722
f 1793/1793/1707 1810/1810/1724 1809/1809/1723
f 1794/1794/1708 1811/1811/1725 1810/1810/1724
f 1795/1795/1709 1812/1812/1726 1811/1811/1725
f 1796/1796/1710 1813/1813/1727 1812/1812/1726
f 1797/1797/1711 1814/1814/1728 1813/1813/1727
f 1798/1798/1712 1815/1815/1729 1814/1814/1728
f 1799/1799/1713 1816/1816/1730 1815/1815/1729
f 1800/1800/1714 1817/1817/1731 1816/1816/1730
f 1801/1801/1715 1818/1818/1732 1817/1817/1731
f 1802/1802/1716 1819/1819/1733 1818/1818/1732
f 1803/1803/1717 1820/1820/1734 1819/1819/1733
f 1806/1806/1720 1821/1821/1735 1822/1822/1736
f 1805/1805/1719 1823/1823/1737 1821/1821/1735
f 1807/1807/1721 1824/1824/1738 1823/1823/1737
f 1808/1808/1722 1825/1825/1739 1824/1824/1738
f 1809/1809/1723 1826/1826/1740 1825/1825/1739
f 1810/1810/1724 1827/1827/1741 1826/1826/1740
f 1811/1811/1725 1828/1828/1742 1827/1827/1741
f 1812/1812/1726 1829/1829/1743 1828/1828/1742
f 1813/1813/1727 1830/1830/1744 1829/1829/1743
f 1814/1814/1728 1831/1831/1745 1830/1830/1744
f 1815/1815/1729 1832/1832/1746 1831/1831/1745
f 1816/1816/1730 1833/1833/1747 1832/1832/1746
f 1817/1817/1731 1834/1834/1748 1833/1833/1747
f 1818/1818/1732 1835/1835/1749 1834/1834/1748
f 1819/1819/1733 1836/1836/1750 1835/1835/1749
f 1822/1822/1736 1837/1837/1751 1838/1838/1752
f 1821/1821/1735 1839/1839/1753 1837/1837/1751
f 1823/1823/1737 1840/1840/1754 1839/1839/1753
f 1824/1824/1738 1841/1841/1755 1840/1840/1754
f 1825/1825/1739 1842/1842/1756 1841/1841/1755
f 1826/1826/1740 1843/1843/1757 1842/1842/1756
f 1827/1827/1741 1844/1844/1758 1843/1843/1757
f 1828/1828/1742 1845/1845/1759 1844/1844/1758
f 1829/1829/1743 1846/1846/1760 1845/1845/1759
f 1830/1830/1744 1847/1847/1761 1846/1846/1760
f 1831/1831/1745 1848/1848/1762 1847/1847/1761
f 1832/1832/1746 1849/1849/1763 1848/1848/1762
f 1833/1833/1747 1850/1850/1764 1849/1849/1763
f 1834/1834/1748 1851/1851/1765 1850/1850/1764
f 1835/1835/1749 1852/1852/1766 1851/1851/1765
f 1838/1838/1752 1853/1853/1767 1854/1854/1768
f 1837/1837/1751 1855/1855/1769 1853/1853/1767
f 1839/1839/1753 1856/1856/1770 1855/1855/1769
f 1840/1840/1754 1857/1857/1771 1856/1856/1770
f 1841/1841/1755 1858/1858/1772 1857/1857/1771
f 1842/1842/1756 1859/1859/1773 1858/1858/1772
f 1843/1843/1757 1860/1860/1774 1859/1859/1773
f 1844/1844/1758 1861/1861/1775 1860/1860/1774
f 1845/1845/1759 1862/1862/1776 1861/1861/1775
f 1846/1846/1760 1863/1863/1777 1862/1862/1776
f 1847/1847/1761 1864/1864/1778 1863/1863/1777
f 1848/1848/1762 1865/1865/1779 1864/1864/1778
f 1849/1849/1763 1866/1866/1780 1865/1865/1779
f 1850/1850/1764 1867/1867/1781 1866/1866/1780
f 1851/1851/1765 1868/1868/1782 1867/1867/1781
f 1854/1854/1768 1869/1869/1783 1870/1870/1784
f 1853/1853/1767 1871/1871/1785 1869/1869/1783
f 1855/1855/1769 1872/1872/1786 1871/1871/1785
f 1856/1856/1770 1873/1873/1787 1872/1872/1786
f 1857/1857/1771 1874/1874/1788 1873/1873/1787
f 1858/1858/1772 1875/1875/1789 1874/1874/1788
f 1859/1859/1773 1876/1876/1790 1875/1875/1789
f 1860/1860/1774 1877/1877/1791 1876/1876/1790
f 1861/1861/1775 1878/1878/1792 1877/1877/1791
f 1862/1862/1776 1879/1879/1793 1878/1878/1792
f 1863/1863/1777 1880/1880/1794 1879/1879/1793
f 1864/1864/1778 1881/1881/1795 1880/1880/1794
f 1865/1865/1779 1882/1882/1796 1881/1881/1795
f 1866/1866/1780 1883/1883/1797 1882/1882/1796
f 1867/1867/1781 1884/1884/1798 1883/1883/1797
f 1870/1870/1784 1885/1885/1799 1886/1886/1800
f 1869/1869/1783 1887/1887/1801 1885/1885/1799
f 1871/1871/1785 1888/1888/1802 1887/1887/1801
f 1872/1872/1786 1889/1889/1803 1888/1888/1802
f 1873/1873/1787 1890/1890/1804 1889/1889/1803
f 1874/1874/1788 1891/1891/1805 1890/1890/1804
f 1875/1875/1789 1892/1892/1806 1891/1891/1805
f 1876/1876/1790 1893/1893/1807 1892/1892/1806
f 1877/1877/1791 1894/1894/1808 1893/1893/1807
f 1878/1878/1792 1895/1895/1809 1894/1894/1808
f 1879/1879/1793 1896/1896/1810 1895/1895/1809
f 1880/1880/1794 1897/1897/1811 1896/1896/1810
f 1881/1881/1795 1898/1898/1812 1897/1897/1811
f 1882/1882/1796 1899/1899/1813 1898/1898/1812
f 1883/1883/1797 1900/1900/1814 1899/1899/1813
f 1886/1886/1800 1901/1901/1815 1902/1902/1816
f 1885/1885/1799 1903/1903/1817 1901/1901/1815
f 1887/1887/1801 1904/1904/1818 1903/1903/1817
f 1888/1888/1802 1905/1905/1819 1904/1904/1818
f 1889/1889/1803 1906/1906/1820 1905/1905/1819
f 1890/1890/1804 1907/1907/1821 1906/1906/1820
f 1891/1891/1805 1908/1908/1822 1907/1907/1821
f 1892/1892/1806 1909/1909/1823 1908/1908/1822
f 1893/1893/1807 1910/1910/1824 1909/1909/1823
f 1894/1894/1808 1911/1911/1825 1910/1910/1824
f 1895/1895/1809 1912/1912/1826 1911/1911/1825
f 1897/1897/1811 1912/1912/1826 1896/1896/1810
f 1898/1898/1812 1913/1913/1827 1897/1897/1811
f 1898/1898/1812 1914/1914/1828 1915/1915/1829
f 1899/1899/1813 1916/1916/1830 1914/1914/1828
f 1902/1902/1816 1917/1917/1831 1918/1918/1832
f 1901/1901/1815 1919/1919/1833 1917/1917/1831
f 1903/1903/1817 1920/1920/1834 1919/1919/1833
f 1904/1904/1818 1921/1921/1835 1920/1920/1834
f 1905/1905/1819 1922/1922/1836 1921/1921/1835
f 1906/1906/1820 1923/1923/1837 1922/1922/1836
f 1907/1907/1821 1924/1924/1838 1923/1923/1837
f 1909/1909/1823 1924/1924/1838 1908/1908/1822
f 1909/1909/1823 1925/1925/1839 1926/1926/1840
f 1910/1910/1824 1927/1927/1841 1925/1925/1839
f 1911/1911/1825 1928/1928/1842 1927/1927/1841
f 1912/1912/1826 1929/1929/1843 1928/1928/1842
f 1915/1915/1829 1929/1929/1843 1913/1913/1827
f 1915/1915/1829 1930/1930/1844 1931/1931/1845
f 1914/1914/1828 1932/1932/1846 1930/1930/1844
f 1917/1917/1831 1933/1933/1847 1918/1918/1832
f 1919/1919/1833 1934/1934/1848 1917/1917/1831
f 1920/1920/1834 1935/1935/1849 1919/1919/1833
f 1921/1921/1835 1936/1936/1850 1920/1920/1834
f 1922/1922/1836 1937/1937/1851 1921/1921/1835
f 1923/1923/1837 1938/1938/1852 1922/1922/1836
f 1924/1924/1838 1939/1939/1853 1923/1923/1837
f 1926/1926/1840 1940/1940/1854 1924/1924/1838
f 1925/1925/1839 1941/1941/1855 1926/1926/1840
f 1927/1927/1841 1942/1942/1856 1925/1925/1839
f 1928/1928/1842 1943/1943/1857 1927/1927/1841
f 1929/1929/1843 1944/1944/1858 1928/1928/1842
f 1931/1931/1845 1945/1945/1859 1929/1929/1843
f 1930/1930/1844 1946/1946/1860 1931/1931/1845
f 1932/1932/1846 1947/1947/1861 1930/1930/1844
f 1934/1934/1848 1948/1948/1862 1933/1933/1847
f 1935/1935/1849 1949/1949/1863 1934/1934/1848
f 1936/1936/1850 1950/1950/1864 1935/1935/1849
f 1937/1937/1851 1951/1951/1865 1936/1936/1850
f 1938/1938/1852 1952/1952/1866 1937/1937/1851
f 1939/1939/1853 1953/1953/1867 1938/1938/1852
f 1940/1940/1854 1954/1954/1868 1939/1939/1853
f 1941/1941/1855 1955/1955/1869 1940/1940/1854
f 1942/1942/1856 1956/1956/1870 1941/1941/1855
f 1943/1943/1857 1957/1957/1871 1942/1942/1856
f 1944/1944/1858 1958/1958/1872 1943/1943/1857
f 1945/1945/1859 1959/1959/1873 1944/1944/1858
f 1946/1946/1860 1960/1960/1874 1945/1945/1859
f 1947/1947/1861 1961/1961/1875 1946/1946/1860
f 1962/1962/1876 1963/1963/1877 1947/1947/1861
f 1949/1949/1863 1964/1964/1878 1948/1948/1862
f 1950/1950/1864 1965/1965/1879 1949/1949/1863
f 1951/1951/1865 1966/1966/1880 1950/1950/1864
f 1952/1952/1866 1967/1967/1881 1951/1951/1865
f 1953/1953/1867 1968/1968/1882 1952/1952/1866
f 1954/1954/1868 1969/1969/1883 1953/1953/1867
f 1955/1955/1869 1970/1970/1884 1954/1954/1868
f 1956/1956/1870 1971/1971/1885 1955/1955/1869
f 1957/1957/1871 1972/1972/1886 1956/1956/1870
f 1958/1958/1872 1973/1973/1887 1957/1957/1871
f 1959/1959/1873 1974/1974/1888 1958/1958/1872
f 1960/1960/1874 1975/1975/1889 1959/1959/1873
f 1961/1961/1875 1976/1976/1890 1960/1960/1874
f 1963/1963/1877 1977/1977/1891 1961/1961/1875
f 1978/1978/1892 1979/1979/1893 1963/1963/1877
f 1965/1965/1879 1980/1980/1894 1964/1964/1878
f 1966/1966/1880 1981/1981/1895 1965/1965/1879
f 1967/1967/1881 1982/1982/1896 1966/1966/1880
f 1968/1968/1882 1983/1983/1897 1967/1967/1881
f 1969/1969/1883 1984/1984/1898 1968/1968/1882
f 1970/1970/1884 1985/1985/1899 1969/1969/1883
f 1971/1971/1885 1986/1986/1900 1970/1970/1884
f 1972/1972/1886 1987/1987/1901 1971/1971/1885
f 1973/1973/1887 1988/1988/1902 1972/1972/1886
f 1974/1974/1888 1989/1989/1903 1973/1973/1887
f 1975/1975/1889 1990/1990/1904 1974/1974/1888
f 1976/1976/1890 1991/1991/1905 1975/1975/1889
f 1977/1977/1891 1992/1992/1906 1976/1976/1890
f 1979/1979/1893 1993/1993/1907 1977/1977/1891
f 1994/1994/1908 1995/1995/1909 1979/1979/1893
f 1981/1981/1895 1996/1996/1910 1980/1980/1894
f 1982/1982/1896 1997/1997/1911 1981/1981/1895
f 1983/1983/1897 1998/1998/1912 1982/1982/1896
f 1984/1984/1898 1999/1999/1913 1983/1983/1897
f 1985/1985/1899 2000/2000/1914 1984/1984/1898
f 1986/1986/1900 2001/2001/1915 1985/1985/1899
f 1987/1987/1901 2002/2002/1916 1986/1986/1900
f 1988/1988/1902 2003/2003/1917 1987/1987/1901
f 1989/1989/1903 2004/2004/1918 1988/1988/1902
f 1990/1990/1904 2005/2005/1919 1989/1989/1903
f 1991/1991/1905 2006/2006/1920 1990/1990/1904
f 1992/1992/1906 2007/2007/1921 1991/1991/1905
f 1993/1993/1907 2008/2008/1922 1992/1992/1906
f 1995/1995/1909 2009/2009/1923 1993/1993/1907
f 2010/2010/1924 2011/2011/1925 1995/1995/1909
f 1997/1997/1911 2012/2012/1926 1996/1996/1910
f 1998/1998/1912 2013/2013/1927 1997/1997/1911
f 1999/1999/1913 2014/2014/1928 1998/1998/1912
f 2000/2000/1914 2015/2015/1929 1999/1999/1913
f 2001/2001/1915 2016/2016/1930 2000/2000/1914
f 2002/2002/1916 2017/2017/1931 2001/2001/1915
f 2003/2003/1917 2018/2018/1932 2002/2002/1916
f 2004/2004/1918 2019/2019/1933 2003/2003/1917
f 2005/2005/1919 2020/2020/1934 2004/2004/1918
f 2006/2006/1920 2021/2021/1935 2005/2005/1919
f 2007/2007/1921 2022/2022/1936 2006/2006/1920
f 2008/2008/1922 2023/2023/1937 2007/2007/1921
f 2009/2009/1923 2024/2024/1938 2008/2008/1922
f 2011/2011/1925 2025/2025/1939 2009/2009/1923
f 2026/2026/1940 2027/2027/1941 2011/2011/1925
f 2013/2013/1927 2028/2028/1942 2012/2012/1926
f 2014/2014/1928 2029/2029/1943 2013/2013/1927
f 2015/2015/1929 2030/2030/1944 2014/2014/1928
f 2016/2016/1930 2031/2031/1945 2015/2015/1929
f 2017/2017/1931 2032/2032/1946 2016/2016/1930
f 2018/2018/1932 2033/2033/1947 2017/2017/1931
f 2019/2019/1933 2034/2034/1948 2018/2018/1932
f 2020/2020/1934 2035/2035/1949 2019/2019/1933
f 2021/2021/1935 2036/2036/1950 2020/2020/1934
f 2022/2022/1936 2037/2037/1951 2021/2021/1935
f 2023/2023/1937 2038/2038/1952 2022/2022/1936
f 2024/2024/1938 2039/2039/1953 2023/2023/1937
f 2025/2025/1939 2040/2040/1954 2024/2024/1938
f 2027/2027/1941 2041/2041/1955 2025/2025/1939
f 2042/2042/1956 2043/2043/1957 2027/2027/1941
f 2029/2029/1943 2044/2044/1958 2028/2028/1942
f 2030/2030/1944 2045/2045/1959 2029/2029/1943
f 2031/2031/1945 2046/2046/1960 2030/2030/1944
f 2032/2032/1946 2047/2047/1961 2031/2031/1945
f 2033/2033/1947 2048/2048/1962 2032/2032/1946
f 2034/2034/1948 2049/2049/1963 2033/2033/1947
f 2035/2035/1949 2050/2050/1964 2034/2034/1948
f 2036/2036/1950 2051/2051/1965 2035/2035/1949
f 2037/2037/1951 2052/2052/1966 2036/2036/1950
f 2038/2038/1952 2053/2053/1967 2037/2037/1951
f 2039/2039/1953 2054/2054/1968 2038/2038/1952
f 2040/2040/1954 2055/2055/1969 2039/2039/1953
f 2041/2041/1955 2056/2056/1970 2040/2040/1954
f 2043/2043/1957 2057/2057/1971 2041/2041/1955
f 2058/2058/1972 2059/2059/1973 2043/2043/1957
f 2045/2045/1959 2060/2060/1974 2044/2044/1958
f 2046/2046/1960 2061/2061/1975 2045/2045/1959
f 2047/2047/1961 2062/2062/1976 2046/2046/1960
f 2048/2048/1962 2063/2063/1977 2047/2047/1961
f 2049/2049/1963 2064/2064/1978 2048/2048/1962
f 2050/2050/1964 2065/2065/1979 2049/2049/1963
f 2051/2051/1965 2066/2066/1980 2050/2050/1964
f 2052/2052/1966 2067/2067/1981 2051/2051/1965
f 2053/2053/1967 2068/2068/1982 2052/2052/1966
f 2054/2054/1968 2069/2069/1983 2053/2053/1967
f 2055/2055/1969 2070/2070/1984 2054/2054/1968
f 2056/2056/1970 2071/2071/1985 2055/2055/1969
f 2057/2057/1971 2072/2072/1986 2056/2056/1970
f 2059/2059/1973 2073/2073/1987 2057/2057/1971
f 2074/2074/1988 2075/2075/1989 2059/2059/1973
f 2061/2061/1975 2076/2076/1672 2060/2060/1974
f 2062/2062/1976 2077/2077/1990 2061/2061/1975
f 2063/2063/1977 2078/2078/1991 2062/2062/1976
f 2064/2064/1978 2079/2079/1992 2063/2063/1977
f 2065/2065/1979 2080/2080/1993 2064/2064/1978
f 2066/2066/1980 2081/2081/1994 2065/2065/1979
f 2067/2067/1981 2082/2082/1995 2066/2066/1980
f 2068/2068/1982 2083/2083/1687 2067/2067/1981
f 2069/2069/1983 2084/2084/1996 2068/2068/1982
f 2070/2070/1984 2085/2085/1997 2069/2069/1983
f 2071/2071/1985 2086/2086/1998 2070/2070/1984
f 2072/2072/1986 2087/2087/1999 2071/2071/1985
f 2072/2072/1986 2088/2088/2000 2089/2089/2001
f 2075/2075/1989 2088/2088/2000 2073/2073/1987
f 2090/2090/2002 2091/2091/2003 2075/2075/1989
f 2092/2092/2004 2093/2093/2005 2094/2094/2006
f 2095/2095/2007 2096/2096/2008 2097/2097/2009
f 2098/2098/2010 2099/2099/2011 2100/2100/2012
f 2101/2101/2013 2102/2102/2014 2103/2103/1482
f 2104/2104/2015 2105/2105/2016 2106/2106/1500
f 2107/2107/2017 2094/2094/2006 2108/2108/2018
f 2095/2095/2007 2109/2109/2019 2110/2110/2020
f 2111/2111/1509 2112/2112/2021 2099/2099/2011
f 2113/2113/2022 2114/2114/2023 2101/2101/2013
f 2106/2106/1500 2115/2115/2024 2116/2116/2025
f 2117/2117/2026 2118/2118/2027 2096/2096/2008
f 2119/2119/2028 2108/2108/2018 2120/2120/2029
f 2110/2110/2020 2121/2121/2030 2122/2122/2031
f 2123/2123/1510 2124/2124/2032 2112/2112/2021
f 2125/2125/2033 2126/2126/2034 2113/2113/2022
f 2127/2127/2035 2128/2128/2036 2118/2118/2027
f 2129/2129/2037 2120/2120/2029 2130/2130/2038
f 2122/2122/2031 2131/2131/2039 2132/2132/2040
f 2133/2133/1512 2134/2134/2041 2124/2124/2032
f 2135/2135/2042 2136/2136/2043 2125/2125/2033
f 2137/2137/1480 2138/2138/2044 2139/2139/2045
f 2140/2140/2046 2141/2141/2047 2128/2128/2036
f 2142/2142/2048 2130/2130/2038 2143/2143/2049
f 2132/2132/2040 2144/2144/2050 2145/2145/1496
f 2146/2146/2051 2147/2147/2052 2135/2135/2042
f 2148/2148/2053 2138/2138/2044 2149/2149/2054
f 2142/2142/2048 2134/2134/2041 2150/2150/2055
f 2151/2151/1505 2152/2152/2056 2141/2141/2047
f 2153/2153/2057 2154/2154/2058 2137/2137/1480
f 2145/2145/1496 2155/2155/2059 2156/2156/2060
f 2157/2157/1489 2158/2158/2061 2146/2146/2051
f 2159/2159/2062 2149/2149/2054 2093/2093/2005
f 2157/2157/1489 2115/2115/2024 2160/2160/2063
f 2161/2161/2064 2100/2100/2012 2152/2152/2056
f 2103/2103/1482 2162/2162/2065 2153/2153/2057
f 2156/2156/2060 2163/2163/2066 2104/2104/2015
f 2149/2149/2054 2164/2164/2067 2093/2093/2005
f 2100/2100/2012 2165/2165/2068 2152/2152/2056
f 2097/2097/2009 2166/2166/2069 2167/2167/2070
f 2093/2093/2005 2168/2168/2071 2094/2094/2006
f 2099/2099/2011 2169/2169/2072 2100/2100/2012
f 2109/2109/2019 2167/2167/2070 2170/2170/2073
f 2094/2094/2006 2171/2171/2074 2108/2108/2018
f 2112/2112/2021 2172/2172/2075 2099/2099/2011
f 2121/2121/2030 2170/2170/2073 2173/2173/2076
f 2108/2108/2018 2174/2174/2077 2120/2120/2029
f 2112/2112/2021 2175/2175/2078 2176/2176/2079
f 2131/2131/2039 2173/2173/2076 2177/2177/2080
f 2120/2120/2029 2178/2178/2081 2130/2130/2038
f 2134/2134/2041 2175/2175/2078 2124/2124/2032
f 2144/2144/2050 2177/2177/2080 2179/2179/2082
f 2130/2130/2038 2180/2180/2083 2143/2143/2049
f 2143/2143/2049 2181/2181/2084 2134/2134/2041
f 2155/2155/2059 2179/2179/2082 2182/2182/2085
f 2154/2154/2058 2183/2183/2086 2184/2184/2087
f 2160/2160/2063 2185/2185/2088 2186/2186/2089
f 2163/2163/2066 2182/2182/2085 2187/2187/2090
f 2162/2162/2065 2188/2188/2091 2183/2183/2086
f 2163/2163/2066 2189/2189/2092 2105/2105/2016
f 2102/2102/2014 2190/2190/2093 2188/2188/2091
f 2115/2115/2024 2189/2189/2092 2185/2185/2088
f 2114/2114/2023 2191/2191/2094 2190/2190/2093
f 2096/2096/2008 2192/2192/2095 2166/2166/2069
f 2126/2126/2034 2193/2193/2096 2191/2191/2094
f 2128/2128/2036 2192/2192/2095 2118/2118/2027
f 2136/2136/2043 2194/2194/2097 2193/2193/2096
f 2154/2154/2058 2195/2195/2098 2138/2138/2044
f 2141/2141/2047 2196/2196/2099 2128/2128/2036
f 2147/2147/2052 2197/2197/2100 2194/2194/2097
f 2138/2138/2044 2198/2198/2101 2149/2149/2054
f 2152/2152/2056 2199/2199/2102 2141/2141/2047
f 2158/2158/2061 2186/2186/2089 2197/2197/2100
f 2185/2185/2088 2189/2189/2092 2200/2200/2103
f 2190/2190/2093 2191/2191/2094 2200/2200/2103
f 2166/2166/2069 2192/2192/2095 2200/2200/2103
f 2191/2191/2094 2193/2193/2096 2200/2200/2103
f 2192/2192/2095 2196/2196/2099 2200/2200/2103
f 2193/2193/2096 2194/2194/2097 2200/2200/2103
f 2195/2195/2098 2184/2184/2087 2200/2200/2103
f 2196/2196/2099 2199/2199/2102 2200/2200/2103
f 2194/2194/2097 2197/2197/2100 2200/2200/2103
f 2198/2198/2101 2195/2195/2098 2200/2200/2103
f 2199/2199/2102 2165/2165/2068 2200/2200/2103
f 2197/2197/2100 2186/2186/2089 2200/2200/2103
f 2164/2164/2067 2198/2198/2101 2200/2200/2103
f 2165/2165/2068 2169/2169/2072 2200/2200/2103
f 2167/2167/2070 2166/2166/2069 2200/2200/2103
f 2168/2168/2071 2164/2164/2067 2200/2200/2103
f 2169/2169/2072 2172/2172/2075 2200/2200/2103
f 2170/2170/2073 2167/2167/2070 2200/2200/2103
f 2171/2171/2074 2168/2168/2071 2200/2200/2103
f 2172/2172/2075 2176/2176/2079 2200/2200/2103
f 2173/2173/2076 2170/2170/2073 2200/2200/2103
f 2174/2174/2077 2171/2171/2074 2200/2200/2103
f 2176/2176/2079 2175/2175/2078 2200/2200/2103
f 2177/2177/2080 2173/2173/2076 2200/2200/2103
f 2178/2178/2081 2174/2174/2077 2200/2200/2103
f 2175/2175/2078 2181/2181/2084 2200/2200/2103
f 2179/2179/2082 2177/2177/2080 2200/2200/2103
f 2180/2180/2083 2178/2178/2081 2200/2200/2103
f 2181/2181/2084 2180/2180/2083 2200/2200/2103
f 2182/2182/2085 2179/2179/2082 2200/2200/2103
f 2184/2184/2087 2183/2183/2086 2200/2200/2103
f 2186/2186/2089 2185/2185/2088 2200/2200/2103
f 2187/2187/2090 2182/2182/2085 2200/2200/2103
f 2183/2183/2086 2188/2188/2091 2200/2200/2103
f 2189/2189/2092 2187/2187/2090 2200/2200/2103
f 2188/2188/2091 2190/2190/2093 2200/2200/2103
f 2201/2201/2104 2202/2202/2105 2203/2203/2106
f 2204/2204/2107 2205/2205/2108 2206/2206/2109
f 2207/2207/2110 2208/2208/2111 2209/2209/2112
f 2203/2203/2106 2210/2210/2113 2211/2211/2114
f 2212/2212/2115 2213/2213/2116 2214/2214/2117
f 2215/2215/2118 2216/2216/2119 2208/2208/2111
f 2217/2217/2120 2218/2218/2121 2219/2219/2122
f 2211/2211/2114 2220/2220/2123 2221/2221/2124
f 2206/2206/2109 2222/2222/2125 2223/2223/2126
f 2224/2224/2127 2225/2225/2128 2216/2216/2119
f 2226/2226/2129 2220/2220/2123 2227/2227/2130
f 2223/2223/2126 2228/2228/2131 2229/2229/2132
f 2217/2217/2120 2230/2230/2133 2231/2231/2134
f 2232/2232/2135 2227/2227/2130 2233/2233/2136
f 2234/2234/2137 2235/2235/2138 2236/2236/2139
f 2229/2229/2132 2237/2237/2140 2238/2238/2141
f 2239/2239/2142 2240/2240/2143 2225/2225/2128
f 2241/2241/2144 2242/2242/2145 2235/2235/2138
f 2243/2243/2146 2233/2233/2136 2240/2240/2143
f 2219/2219/2122 2244/2244/2147 2245/2245/2148
f 2246/2246/2149 2247/2247/2150 2242/2242/2145
f 2248/2248/2151 2249/2249/2152 2230/2230/2133
f 2250/2250/2153 2251/2251/2154 2247/2247/2150
f 2238/2238/2141 2252/2252/2155 2253/2253/2156
f 2234/2234/2137 2254/2254/2157 2255/2255/2158
f 2245/2245/2148 2256/2256/2159 2257/2257/2160
f 2258/2258/2161 2259/2259/2162 2251/2251/2154
f 2255/2255/2158 2260/2260/2163 2261/2261/2164
f 2257/2257/2160 2262/2262/2165 2263/2263/2166
f 2264/2264/2167 2209/2209/2112 2249/2249/2152
f 2261/2261/2164 2265/2265/2168 2266/2266/2169
f 2263/2263/2166 2267/2267/2170 2204/2204/2107
f 2268/2268/2171 2269/2269/2172 2259/2259/2162
f 2266/2266/2169 2270/2270/2173 2201/2201/2104
f 2271/2271/2174 2214/2214/2117 2269/2269/2172
f 2253/2253/2156 2213/2213/2116 2272/2272/2175
f 2267/2267/2170 2273/2273/2176 2205/2205/2108
f 2262/2262/2165 2274/2274/2177 2267/2267/2170
f 2227/2227/2130 2275/2275/2178 2276/2276/2179
f 2256/2256/2159 2277/2277/2180 2262/2262/2165
f 2220/2220/2123 2278/2278/2181 2275/2275/2178
f 2252/2252/2155 2279/2279/2182 2213/2213/2116
f 2244/2244/2147 2280/2280/2183 2256/2256/2159
f 2210/2210/2113 2281/2281/2184 2278/2278/2181
f 2240/2240/2143 2282/2282/2185 2283/2283/2186
f 2244/2244/2147 2284/2284/2187 2285/2285/2188
f 2270/2270/2173 2281/2281/2184 2202/2202/2105
f 2213/2213/2116 2286/2286/2189 2214/2214/2117
f 2225/2225/2128 2283/2283/2186 2287/2287/2190
f 2265/2265/2168 2288/2288/2191 2270/2270/2173
f 2214/2214/2117 2289/2289/2192 2269/2269/2172
f 2216/2216/2119 2287/2287/2190 2290/2290/2193
f 2265/2265/2168 2291/2291/2194 2292/2292/2195
f 2269/2269/2172 2293/2293/2196 2259/2259/2162
f 2208/2208/2111 2290/2290/2193 2294/2294/2197
f 2260/2260/2163 2295/2295/2198 2291/2291/2194
f 2259/2259/2162 2296/2296/2199 2251/2251/2154
f 2209/2209/2112 2294/2294/2197 2297/2297/2200
f 2254/2254/2157 2298/2298/2201 2295/2295/2198
f 2251/2251/2154 2299/2299/2202 2247/2247/2150
f 2249/2249/2152 2297/2297/2200 2300/2300/2203
f 2237/2237/2140 2301/2301/2204 2252/2252/2155
f 2247/2247/2150 2302/2302/2205 2242/2242/2145
f 2230/2230/2133 2300/2300/2203 2303/2303/2206
f 2228/2228/2131 2304/2304/2207 2237/2237/2140
f 2242/2242/2145 2305/2305/2208 2235/2235/2138
f 2231/2231/2134 2303/2303/2206 2306/2306/2209
f 2222/2222/2125 2307/2307/2210 2228/2228/2131
f 2236/2236/2139 2305/2305/2208 2298/2298/2201
f 2218/2218/2121 2306/2306/2209 2284/2284/2187
f 2205/2205/2108 2308/2308/2211 2222/2222/2125
f 2233/2233/2136 2276/2276/2179 2282/2282/2185
f 2295/2295/2198 2298/2298/2201 2309/2309/2212
f 2296/2296/2199 2293/2293/2196 2309/2309/2212
f 2300/2300/2203 2297/2297/2200 2309/2309/2212
f 2301/2301/2204 2304/2304/2207 2309/2309/2212
f 2299/2299/2202 2296/2296/2199 2309/2309/2212
f 2303/2303/2206 2300/2300/2203 2309/2309/2212
f 2304/2304/2207 2307/2307/2210 2309/2309/2212
f 2302/2302/2205 2299/2299/2202 2309/2309/2212
f 2306/2306/2209 2303/2303/2206 2309/2309/2212
f 2307/2307/2210 2308/2308/2211 2309/2309/2212
f 2305/2305/2208 2302/2302/2205 2309/2309/2212
f 2284/2284/2187 2306/2306/2209 2309/2309/2212
f 2308/2308/2211 2273/2273/2176 2309/2309/2212
f 2298/2298/2201 2305/2305/2208 2309/2309/2212
f 2273/2273/2176 2274/2274/2177 2309/2309/2212
f 2282/2282/2185 2276/2276/2179 2309/2309/2212
f 2274/2274/2177 2277/2277/2180 2309/2309/2212
f 2276/2276/2179 2275/2275/2178 2309/2309/2212
f 2277/2277/2180 2280/2280/2183 2309/2309/2212
f 2275/2275/2178 2278/2278/2181 2309/2309/2212
f 2280/2280/2183 2285/2285/2188 2309/2309/2212
f 2278/2278/2181 2281/2281/2184 2309/2309/2212
f 2279/2279/2182 2301/2301/2204 2309/2309/2212
f 2285/2285/2188 2284/2284/2187 2309/2309/2212
f 2281/2281/2184 2288/2288/2191 2309/2309/2212
f 2283/2283/2186 2282/2282/2185 2309/2309/2212
f 2287/2287/2190 2283/2283/2186 2309/2309/2212
f 2288/2288/2191 2292/2292/2195 2309/2309/2212
f 2286/2286/2189 2279/2279/2182 2309/2309/2212
f 2290/2290/2193 2287/2287/2190 2309/2309/2212
f 2292/2292/2195 2291/2291/2194 2309/2309/2212
f 2289/2289/2192 2286/2286/2189 2309/2309/2212
f 2294/2294/2197 2290/2290/2193 2309/2309/2212
f 2291/2291/2194 2295/2295/2198 2309/2309/2212
f 2293/2293/2196 2289/2289/2192 2309/2309/2212
f 2297/2297/2200 2294/2294/2197 2309/2309/2212
f 2310/2310/2213 2311/2311/2214 2312/2312/2215
f 2313/2313/2216 2314/2314/2217 2315/2315/2218
f 2316/2316/2219 2317/2317/2220 2314/2314/2217
f 2313/2313/2216 2318/2318/2221 2319/2319/2222
f 2320/2320/2223 2321/2321/2224 2322/2322/2225
f 2319/2319/2222 2323/2323/2226 2324/2324/2227
f 2325/2325/2228 2326/2326/2229 2327/2327/2230
f 2328/2328/2231 2321/2321/2224 2329/2329/2232
f 2330/2330/2233 2322/2322/2225 2326/2326/2229
f 2324/2324/2227 2331/2331/2234 2332/2332/2235
f 2333/2333/2236 2327/2327/2230 2317/2317/2220
f 2332/2332/2235 2334/2334/2237 2335/2335/2238
f 2336/2336/2239 2337/2337/2240 2328/2328/2231
f 2335/2335/2238 2338/2338/2241 2339/2339/2242
f 2340/2340/2243 2341/2341/2244 2342/2342/2245
f 2343/2343/2246 2338/2338/2241 2341/2341/2244
f 2344/2344/2247 2342/2342/2245 2345/2345/2248
f 2346/2346/2249 2347/2347/2250 2336/2336/2239
f 2348/2348/2251 2345/2345/2248 2311/2311/2214
f 2310/2310/2213 2349/2349/2252 2346/2346/2249
f 2350/2350/2253 2351/2351/2254 2352/2352/2255
f 2350/2350/2253 2353/2353/2256 2354/2354/2257
f 2355/2355/2258 2356/2356/2259 2353/2353/2256
f 2357/2357/2260 2358/2358/2261 2356/2356/2259
f 2359/2359/2262 2360/2360/2263 2361/2361/2264
f 2362/2362/2265 2363/2363/2266 2364/2364/2267
f 2365/2365/2268 2360/2360/2263 2358/2358/2261
f 2366/2366/2269 2367/2367/2270 2359/2359/2262
f 2364/2364/2267 2368/2368/2271 2369/2369/2272
f 2370/2370/2273 2371/2371/2274 2362/2362/2265
f 2372/2372/2275 2373/2373/2276 2366/2366/2269
f 2374/2374/2277 2375/2375/2278 2376/2376/2279
f 2376/2376/2279 2377/2377/2280 2372/2372/2275
f 2378/2378/2281 2368/2368/2271 2379/2379/2282
f 2380/2380/2283 2381/2381/2284 2374/2374/2277
f 2382/2382/2285 2383/2383/2286 2384/2384/2287
f 2352/2352/2255 2385/2385/2288 2370/2370/2273
f 2380/2380/2283 2384/2384/2287 2386/2386/2289
f 2387/2387/2290 2388/2388/2291 2383/2383/2286
f 2389/2389/2292 2379/2379/2282 2388/2388/2291
f 2371/2371/2274 2390/2390/2293 2363/2363/2266
f 2381/2381/2284 2391/2391/2294 2392/2392/2295
f 2356/2356/2259 2393/2393/2296 2394/2394/2297
f 2385/2385/2288 2395/2395/2298 2371/2371/2274
f 2386/2386/2289 2396/2396/2299 2391/2391/2294
f 2358/2358/2261 2397/2397/2300 2393/2393/2296
f 2351/2351/2254 2398/2398/2301 2385/2385/2288
f 2384/2384/2287 2399/2399/2302 2396/2396/2299
f 2360/2360/2263 2400/2400/2303 2397/2397/2300
f 2383/2383/2286 2401/2401/2304 2399/2399/2302
f 2367/2367/2270 2402/2402/2305 2400/2400/2303
f 2388/2388/2291 2403/2403/2306 2401/2401/2304
f 2373/2373/2276 2404/2404/2307 2402/2402/2305
f 2351/2351/2254 2405/2405/2308 2406/2406/2309
f 2368/2368/2271 2403/2403/2306 2379/2379/2282
f 2377/2377/2280 2407/2407/2310 2404/2404/2307
f 2354/2354/2257 2408/2408/2311 2405/2405/2308
f 2363/2363/2266 2409/2409/2312 2368/2368/2271
f 2375/2375/2278 2392/2392/2295 2407/2407/2310
f 2353/2353/2256 2394/2394/2297 2408/2408/2311
f 2331/2331/2234 2410/2410/2313 2334/2334/2237
f 2326/2326/2229 2411/2411/2314 2327/2327/2230
f 2311/2311/2214 2412/2412/2315 2312/2312/2215
f 2338/2338/2241 2410/2410/2313 2413/2413/2316
f 2327/2327/2230 2414/2414/2317 2317/2317/2220
f 2312/2312/2215 2415/2415/2318 2349/2349/2252
f 2317/2317/2220 2416/2416/2319 2314/2314/2217
f 2349/2349/2252 2417/2417/2320 2347/2347/2250
f 2341/2341/2244 2413/2413/2316 2418/2418/2321
f 2314/2314/2217 2419/2419/2322 2315/2315/2218
f 2347/2347/2250 2420/2420/2323 2337/2337/2240
f 2342/2342/2245 2418/2418/2321 2421/2421/2324
f 2315/2315/2218 2422/2422/2325 2318/2318/2221
f 2337/2337/2240 2423/2423/2326 2321/2321/2224
f 2345/2345/2248 2421/2421/2324 2424/2424/2327
f 2318/2318/2221 2425/2425/2328 2323/2323/2226
f 2321/2321/2224 2426/2426/2329 2322/2322/2225
f 2311/2311/2214 2424/2424/2327 2427/2427/2330
f 2323/2323/2226 2428/2428/2331 2331/2331/2234
f 2322/2322/2225 2429/2429/2332 2326/2326/2229
f 2405/2405/2308 2408/2408/2311 2430/2430/2333
f 2409/2409/2312 2390/2390/2293 2430/2430/2333
f 2407/2407/2310 2392/2392/2295 2430/2430/2333
f 2408/2408/2311 2394/2394/2297 2430/2430/2333
f 2390/2390/2293 2395/2395/2298 2430/2430/2333
f 2392/2392/2295 2391/2391/2294 2430/2430/2333
f 2394/2394/2297 2393/2393/2296 2430/2430/2333
f 2395/2395/2298 2398/2398/2301 2430/2430/2333
f 2391/2391/2294 2396/2396/2299 2430/2430/2333
f 2393/2393/2296 2397/2397/2300 2430/2430/2333
f 2398/2398/2301 2406/2406/2309 2430/2430/2333
f 2396/2396/2299 2399/2399/2302 2430/2430/2333
f 2397/2397/2300 2400/2400/2303 2430/2430/2333
f 2399/2399/2302 2401/2401/2304 2430/2430/2333
f 2400/2400/2303 2402/2402/2305 2430/2430/2333
f 2401/2401/2304 2403/2403/2306 2430/2430/2333
f 2402/2402/2305 2404/2404/2307 2430/2430/2333
f 2406/2406/2309 2405/2405/2308 2430/2430/2333
f 2403/2403/2306 2409/2409/2312 2430/2430/2333
f 2404/2404/2307 2407/2407/2310 2430/2430/2333
f 2428/2428/2331 2425/2425/2328 2431/2431/2334
f 2429/2429/2332 2426/2426/2329 2431/2431/2334
f 2410/2410/2313 2428/2428/2331 2431/2431/2334
f 2411/2411/2314 2429/2429/2332 2431/2431/2334
f 2412/2412/2315 2427/2427/2330 2431/2431/2334
f 2413/2413/2316 2410/2410/2313 2431/2431/2334
f 2414/2414/2317 2411/2411/2314 2431/2431/2334
f 2415/2415/2318 2412/2412/2315 2431/2431/2334
f 2418/2418/2321 2413/2413/2316 2431/2431/2334
f 2416/2416/2319 2414/2414/2317 2431/2431/2334
f 2417/2417/2320 2415/2415/2318 2431/2431/2334
f 2421/2421/2324 2418/2418/2321 2431/2431/2334
f 2419/2419/2322 2416/2416/2319 2431/2431/2334
f 2420/2420/2323 2417/2417/2320 2431/2431/2334
f 2424/2424/2327 2421/2421/2324 2431/2431/2334
f 2422/2422/2325 2419/2419/2322 2431/2431/2334
f 2423/2423/2326 2420/2420/2323 2431/2431/2334
f 2427/2427/2330 2424/2424/2327 2431/2431/2334
f 2425/2425/2328 2422/2422/2325 2431/2431/2334
f 2426/2426/2329 2423/2423/2326 2431/2431/2334
f 2432/2432/2335 1612/1612/995 2433/2433/2336
f 1609/1609/1535 2432/2432/2335 2434/2434/2337
f 2435/2435/2338 1609/1609/1535 2434/2434/2337
f 1605/1605/1532 2435/2435/2338 2436/2436/2171
f 1603/1603/1531 2436/2436/2171 2437/2437/2339
f 1601/1601/1530 2437/2437/2339 2438/2438/2340
f 1599/1599/1529 2438/2438/2340 2439/2439/2341
f 1598/1598/1528 2439/2439/2341 2440/2440/2342
f 2441/2441/2343 1598/1598/1528 2440/2440/2342
f 2442/2442/2344 2443/2443/984 1595/1595/1526
f 2444/2444/2345 1595/1595/1526 1593/1593/1524
f 2445/2445/2346 1593/1593/1524 1591/1591/1523
f 2446/2446/2347 1591/1591/1523 1589/1589/1521
f 2447/2447/2348 1589/1589/1521 1585/1585/1519
f 2448/2448/2349 1585/1585/1519 1583/1583/1517
f 2448/2448/2349 1581/1581/1516 2449/2449/2164
f 2449/2449/2164 1578/1578/1514 2450/2450/2350
f 2450/2450/2350 1580/1580/1515 2441/2441/2343
f 2451/2451/2336 1023/1023/996 2452/2452/2351
f 2453/2453/2352 1023/1023/996 1020/1020/994
f 2454/2454/2353 1020/1020/994 1016/1016/992
f 2454/2454/2353 1014/1014/991 2455/2455/2354
f 2455/2455/2354 1012/1012/990 2456/2456/2355
f 2456/2456/2355 1010/1010/989 2457/2457/2356
f 2457/2457/2356 1008/1008/987 2458/2458/2357
f 2458/2458/2357 1006/1006/985 2459/2459/2358
f 2459/2459/2358 989/989/973 2460/2460/2359
f 1003/1003/982 2461/2461/2360 2462/2462/2361
f 1001/1001/981 2462/2462/2361 2463/2463/2362
f 1000/1000/980 2463/2463/2362 2464/2464/2127
f 2465/2465/2363 1000/1000/980 2464/2464/2127
f 2466/2466/2364 998/998/979 2465/2465/2363
f 994/994/976 2466/2466/2364 2467/2467/2365
f 993/993/975 2467/2467/2365 2468/2468/2366
f 2469/2469/2367 993/993/975 2468/2468/2366
f 2460/2460/2359 991/991/974 2469/2469/2367
f 2060/2060/1974 2470/2470/2251 2471/2471/2213
f 2044/2044/1958 2471/2471/2213 2472/2472/2368
f 2028/2028/1942 2472/2472/2368 2473/2473/2239
f 2012/2012/1926 2473/2473/2239 2474/2474/2369
f 1996/1996/1910 2474/2474/2369 2475/2475/2370
f 1980/1980/1894 2475/2475/2370 2476/2476/2371
f 1964/1964/1878 2476/2476/2371 2477/2477/2372
f 1948/1948/1862 2477/2477/2372 2478/2478/2373
f 1933/1933/1847 2478/2478/2373 2479/2479/2374
f 1918/1918/1832 2479/2479/2374 2480/2480/2375
f 2481/2481/2376 1918/1918/1832 2480/2480/2375
f 2482/2482/2222 1902/1902/1816 2481/2481/2376
f 2483/2483/2377 1886/1886/1800 2482/2482/2222
f 2484/2484/2378 1870/1870/1784 2483/2483/2377
f 2485/2485/2379 1854/1854/1768 2484/2484/2378
f 2486/2486/2380 1838/1838/1752 2485/2485/2379
f 2487/2487/2381 1822/1822/1736 2486/2486/2380
f 2488/2488/2382 1806/1806/1720 2487/2487/2381
f 2489/2489/2383 1790/1790/1704 2488/2488/2382
f 2490/2490/2251 1760/1760/1674 2489/2489/2383
f 2491/2491/2255 1473/1473/1438 2492/2492/2253
f 2492/2492/2253 1456/1456/1421 2493/2493/2384
f 2493/2493/2384 1441/1441/1406 2494/2494/2385
f 2494/2494/2385 1425/1425/1390 2495/2495/2268
f 2495/2495/2268 1409/1409/1374 2496/2496/2386
f 2496/2496/2386 1393/1393/1358 2497/2497/2262
f 2497/2497/2262 1377/1377/1342 2498/2498/2269
f 2498/2498/2269 1361/1361/1326 2499/2499/2387
f 2499/2499/2387 1343/1343/1308 2500/2500/2388
f 2500/2500/2388 1344/1344/1309 2501/2501/2389
f 2502/2502/2390 1344/1344/1309 1328/1328/1293
f 2503/2503/2285 1328/1328/1293 1313/1313/1278
f 2504/2504/2391 1313/1313/1278 1297/1297/1262
f 2505/2505/2392 1297/1297/1262 1281/1281/1246
f 2506/2506/2393 1281/1281/1246 1265/1265/1230
f 2507/2507/2272 1265/1265/1230 1249/1249/1214
f 2508/2508/2267 1249/1249/1214 1233/1233/1198
f 2509/2509/2394 1233/1233/1198 1217/1217/1182
f 2510/2510/2395 1217/1217/1182 1201/1201/1166
f 2511/2511/2255 1201/1201/1166 1170/1170/1135
f 2512/2512/2396 2513/2513/2397 2514/2514/2398
f 2514/2514/2398 2515/2515/2399 2516/2516/2400
f 2516/2516/2400 2517/2517/2401 2518/2518/2402
f 2518/2518/2402 2519/2519/2403 2520/2520/2404
f 2519/2519/2403 2521/2521/2405 2520/2520/2404
f 2522/2522/2406 2523/2523/2407 2521/2521/2405
f 2524/2524/2408 2525/2525/2409 2523/2523/2407
f 2526/2526/2410 2527/2527/2411 2525/2525/2409
f 2528/2528/2412 2529/2529/2413 2527/2527/2411
f 2530/2530/2414 2531/2531/2415 2529/2529/2413
f 2532/2532/2416 2533/2533/2417 2512/2512/2396
f 2534/2534/2418 2535/2535/2419 2532/2532/2416
f 2536/2536/2420 2537/2537/2421 2534/2534/2418
f 2538/2538/2422 2539/2539/2423 2536/2536/2420
f 2540/2540/2424 2541/2541/2425 2538/2538/2422
f 2542/2542/2426 2543/2543/2427 2540/2540/2424
f 2542/2542/2426 2544/2544/2428 2545/2545/2429
f 2546/2546/2430 2544/2544/2428 2547/2547/2431
f 2548/2548/2432 2549/2549/2433 2546/2546/2430
f 2548/2548/2432 2550/2550/2434 2551/2551/2435
f 2552/2552/2436 2553/2553/2437 2554/2554/2438
f 2555/2555/2439 2556/2556/2440 2553/2553/2437
f 2557/2557/2441 2558/2558/2442 2556/2556/2440
f 2559/2559/2443 2558/2558/2442 2560/2560/2444
f 2561/2561/2445 2562/2562/2446 2559/2559/2443
f 2563/2563/2447 2564/2564/2448 2561/2561/2445
f 2565/2565/2449 2566/2566/2450 2563/2563/2447
f 2567/2567/2451 2568/2568/2452 2565/2565/2449
f 2569/2569/2453 2570/2570/2454 2567/2567/2451
f 2571/2571/2455 2572/2572/2456 2569/2569/2453
f 2554/2554/2438 2573/2573/2457 2552/2552/2436
f 2574/2574/2458 2575/2575/2459 2573/2573/2457
f 2575/2575/2459 2576/2576/2460 2577/2577/2461
f 2576/2576/2460 2578/2578/2462 2577/2577/2461
f 2579/2579/2463 2580/2580/2464 2578/2578/2462
f 2580/2580/2464 2581/2581/2465 2582/2582/2466
f 2582/2582/2466 2583/2583/2467 2584/2584/2468
f 2583/2583/2467 2585/2585/2469 2584/2584/2468
f 2586/2586/2470 2587/2587/2471 2585/2585/2469
f 2588/2588/2472 2589/2589/2473 2587/2587/2471
f 2590/2590/2474 2591/2513/2475 2592/2533/2476
f 2593/2591/2477 2594/2515/2478 2591/2513/2475
f 2595/2592/2479 2596/2517/2480 2594/2515/2478
f 2597/2593/2481 2598/2519/2482 2596/2517/2480
f 2599/2594/2483 2598/2519/2482 2600/2595/2484
f 2601/2596/2485 2602/2522/2486 2599/2594/2483
f 2603/2597/2487 2604/2524/2488 2601/2596/2485
f 2605/2598/2489 2606/2526/2490 2603/2597/2487
f 2607/2599/2491 2608/2528/2492 2605/2598/2489
f 2609/2600/2493 2610/2530/2494 2607/2599/2491
f 2592/2533/2476 2611/2601/2495 2590/2590/2474
f 2612/2535/2496 2613/2602/2497 2611/2601/2495
f 2614/2537/2498 2615/2603/2499 2613/2602/2497
f 2616/2539/2500 2617/2604/2501 2615/2603/2499
f 2618/2541/2502 2619/2605/2503 2617/2604/2501
f 2620/2543/2504 2621/2606/2505 2619/2605/2503
f 2621/2606/2505 2622/2544/2506 2623/2607/2507
f 2623/2607/2507 2624/2549/2508 2625/2608/2509
f 2624/2549/2508 2626/2609/2510 2625/2608/2509
f 2626/2609/2510 2627/2550/2511 2628/2610/2512
f 2629/2611/2513 2630/2553/2514 2631/2612/2515
f 2631/2612/2515 2632/2556/2516 2633/2613/2517
f 2633/2613/2517 2634/2558/2518 2635/2614/2519
f 2634/2558/2518 2636/2615/2520 2635/2614/2519
f 2637/2562/2521 2638/2616/2522 2636/2615/2520
f 2639/2564/2523 2640/2617/2524 2638/2616/2522
f 2641/2566/2525 2642/2618/2526 2640/2617/2524
f 2643/2568/2527 2644/2619/2528 2642/2618/2526
f 2645/2570/2529 2646/2620/2530 2644/2619/2528
f 2647/2572/2531 2648/2621/2532 2646/2620/2530
f 2649/2622/2533 2650/2554/2534 2629/2611/2513
f 2651/2623/2535 2652/2574/2536 2649/2622/2533
f 2651/2623/2535 2653/2576/2537 2654/2624/2538
f 2655/2625/2539 2653/2576/2537 2656/2626/2540
f 2657/2627/2541 2658/2579/2542 2655/2625/2539
f 2657/2627/2541 2659/2581/2543 2660/2628/2544
f 2661/2629/2545 2662/2583/2546 2659/2581/2543
f 2663/2630/2547 2662/2583/2546 2664/2631/2548
f 2665/2632/2549 2666/2586/2550 2663/2630/2547
f 2667/2633/2551 2668/2588/2552 2665/2632/2549
f 2669/2517/2553 2598/2519/2482 2670/2519/2554
f 2671/2562/2555 2639/2564/2523 2637/2562/2521
f 2672/2554/2556 2652/2574/2536 2673/2574/2557
f 2674/2588/2558 2666/2586/2550 2668/2588/2552
f 2675/2515/2559 2596/2517/2480 2669/2517/2553
f 2676/2543/2560 2677/2545/2561 2620/2543/2504
f 2678/2553/2562 2650/2554/2534 2672/2554/2556
f 2679/2564/2563 2641/2566/2525 2639/2564/2523
f 2680/2579/2564 2660/2628/2544 2681/2628/2565
f 2674/2588/2558 2682/2634/2566 2683/2634/2567
f 2684/2550/2568 2685/2551/2569 2686/2551/2570
f 2687/2541/2571 2616/2539/2500 2688/2539/2572
f 2689/2522/2573 2604/2524/2488 2690/2524/2574
f 2691/2556/2575 2634/2558/2518 2632/2556/2516
f 2692/2583/2576 2659/2581/2543 2662/2583/2546
f 2693/2533/2577 2591/2513/2475 2694/2513/2578
f 2695/2537/2579 2616/2539/2500 2614/2537/2498
f 2696/2570/2580 2643/2568/2527 2697/2568/2581
f 2698/2572/2582 2645/2570/2529 2696/2570/2580
f 2699/2576/2583 2654/2624/2538 2653/2576/2537
f 2700/2549/2584 2622/2544/2506 2701/2544/2585
f 2700/2549/2584 2685/2551/2569 2624/2549/2508
f 2702/2530/2586 2608/2528/2492 2610/2530/2494
f 2690/2524/2574 2606/2526/2490 2703/2526/2587
f 2691/2556/2575 2630/2553/2514 2678/2553/2562
f 2704/2558/2588 2637/2562/2521 2634/2558/2518
f 2681/2628/2565 2659/2581/2543 2705/2581/2589
f 2692/2583/2576 2666/2586/2550 2706/2586/2590
f 2675/2515/2559 2591/2513/2475 2594/2515/2478
f 2670/2519/2554 2602/2522/2486 2689/2522/2573
f 2707/2528/2591 2606/2526/2490 2608/2528/2492
f 2702/2530/2586 2708/2635/2511 2709/2635/2568
f 2710/2535/2592 2592/2533/2476 2693/2533/2577
f 2695/2537/2579 2612/2535/2496 2710/2535/2592
f 2687/2541/2571 2620/2543/2504 2618/2541/2502
f 2701/2544/2585 2677/2545/2561 2711/2545/2593
f 2712/2566/2594 2643/2568/2527 2641/2566/2525
f 2698/2572/2582 2713/2636/2566 2647/2572/2531
f 2714/2624/2595 2652/2574/2536 2654/2624/2538
f 2699/2576/2583 2658/2579/2542 2680/2579/2564
f 2715/2632/2596 2667/2633/2551 2665/2632/2549
f 2715/2632/2596 2663/2630/2547 2716/2630/2597
f 2716/2630/2597 2664/2631/2548 2717/2631/2598
f 2717/2631/2598 2661/2629/2545 2718/2629/2599
f 2719/2627/2600 2661/2629/2545 2657/2627/2541
f 2719/2627/2600 2655/2625/2539 2720/2625/2601
f 2720/2625/2601 2656/2626/2540 2721/2626/2602
f 2722/2623/2603 2656/2626/2540 2651/2623/2535
f 2723/2622/2604 2651/2623/2535 2649/2622/2533
f 2723/2622/2604 2629/2611/2513 2724/2611/2605
f 2725/2620/2606 2648/2621/2532 2726/2621/2607
f 2725/2620/2606 2644/2619/2528 2646/2620/2530
f 2727/2619/2608 2642/2618/2526 2644/2619/2528
f 2728/2618/2609 2640/2617/2524 2642/2618/2526
f 2729/2616/2610 2640/2617/2524 2730/2617/2611
f 2729/2616/2610 2636/2615/2520 2638/2616/2522
f 2731/2615/2612 2635/2614/2519 2636/2615/2520
f 2732/2614/2613 2633/2613/2517 2635/2614/2519
f 2733/2613/2614 2631/2612/2515 2633/2613/2517
f 2724/2611/2605 2631/2612/2515 2734/2612/2615
f 2735/2610/2616 2626/2609/2510 2628/2610/2512
f 2736/2608/2617 2626/2609/2510 2737/2609/2618
f 2738/2607/2619 2625/2608/2509 2736/2608/2617
f 2738/2607/2619 2621/2606/2505 2623/2607/2507
f 2739/2605/2620 2621/2606/2505 2740/2606/2621
f 2739/2605/2620 2617/2604/2501 2619/2605/2503
f 2741/2603/2622 2617/2604/2501 2742/2604/2623
f 2741/2603/2622 2613/2602/2497 2615/2603/2499
f 2743/2601/2624 2613/2602/2497 2744/2602/2625
f 2743/2601/2624 2590/2590/2474 2611/2601/2495
f 2745/2599/2626 2609/2600/2493 2607/2599/2491
f 2746/2598/2627 2607/2599/2491 2605/2598/2489
f 2746/2598/2627 2603/2597/2487 2747/2597/2628
f 2747/2597/2628 2601/2596/2485 2748/2596/2629
f 2749/2594/2630 2601/2596/2485 2599/2594/2483
f 2749/2594/2630 2600/2595/2484 2750/2595/2631
f 2750/2595/2631 2597/2593/2481 2751/2593/2632
f 2751/2593/2632 2595/2592/2479 2752/2592/2633
f 2753/2591/2634 2595/2592/2479 2593/2591/2477
f 2753/2591/2634 2590/2590/2474 2754/2590/2635
f 2587/2587/2471 2755/2633/2636 2756/2632/2637
f 2585/2585/2469 2756/2632/2637 2757/2630/2638
f 2584/2584/2468 2757/2630/2638 2758/2631/2639
f 2759/2629/2640 2584/2584/2468 2758/2631/2639
f 2760/2627/2641 2582/2582/2466 2759/2629/2640
f 2578/2578/2462 2760/2627/2641 2761/2625/2642
f 2577/2577/2461 2761/2625/2642 2762/2626/2643
f 2763/2623/2644 2577/2577/2461 2762/2626/2643
f 2573/2573/2457 2763/2623/2644 2764/2622/2645
f 2552/2552/2436 2764/2622/2645 2765/2611/2646
f 2766/2621/2647 2569/2569/2453 2767/2620/2648
f 2767/2620/2648 2567/2567/2451 2768/2619/2649
f 2768/2619/2649 2565/2565/2449 2769/2618/2650
f 2769/2618/2650 2563/2563/2447 2770/2617/2611
f 2770/2617/2611 2561/2561/2445 2771/2616/2651
f 2772/2615/2612 2561/2561/2445 2559/2559/2443
f 2772/2615/2612 2560/2560/2444 2773/2614/2652
f 2773/2614/2652 2557/2557/2441 2774/2613/2653
f 2775/2612/2654 2557/2557/2441 2555/2555/2439
f 2765/2611/2646 2555/2555/2439 2552/2552/2436
f 2776/2609/2655 2777/2637/2415 2548/2548/2432
f 2776/2609/2655 2546/2546/2430 2778/2608/2656
f 2779/2607/2657 2546/2546/2430 2547/2547/2431
f 2780/2606/2658 2547/2547/2431 2542/2542/2426
f 2780/2606/2658 2540/2540/2424 2781/2605/2659
f 2781/2605/2659 2538/2538/2422 2782/2604/2623
f 2783/2603/2660 2538/2538/2422 2536/2536/2420
f 2783/2603/2660 2534/2534/2418 2784/2602/2661
f 2784/2602/2661 2532/2532/2416 2785/2601/2624
f 2785/2601/2624 2512/2512/2396 2786/2590/2662
f 2529/2529/2413 2787/2600/2663 2788/2599/2664
f 2527/2527/2411 2788/2599/2664 2789/2598/2665
f 2525/2525/2409 2789/2598/2665 2790/2597/2628
f 2523/2523/2407 2790/2597/2628 2791/2596/2629
f 2521/2521/2405 2791/2596/2629 2792/2594/2666
f 2520/2520/2404 2792/2594/2666 2793/2595/2667
f 2794/2593/2632 2520/2520/2404 2793/2595/2667
f 2795/2592/2668 2518/2518/2402 2794/2593/2632
f 2796/2591/2669 2516/2516/2400 2795/2592/2668
f 2786/2590/2662 2514/2514/2398 2796/2591/2669
f 494/494/494 228/228/228 230/230/230
f 1/1/1 20/20/20 2/2/2
f 3/3/3 2/2/2 4/4/4
f 5/5/5 4/4/4 6/6/6
f 7/7/7 6/6/6 8/8/8
f 9/9/9 8/8/8 10/10/10
f 11/11/11 10/10/10 12/12/12
f 13/13/13 12/12/12 14/14/14
f 15/15/15 14/14/14 16/16/16
f 17/17/17 16/16/16 18/18/18
f 20/20/20 29/29/29 21/21/21
f 2/2/2 21/21/21 22/22/22
f 4/4/4 22/22/22 23/23/23
f 6/6/6 23/23/23 24/24/24
f 8/8/8 24/24/24 25/25/25
f 10/10/10 25/25/25 26/26/26
f 26/26/26 36/36/36 14/14/14
f 14/14/14 36/36/36 27/27/27
f 16/16/16 27/27/27 28/28/28
f 29/29/29 39/39/39 30/30/30
f 21/21/21 30/30/30 31/31/31
f 22/22/22 31/31/31 32/32/32
f 23/23/23 32/32/32 33/33/33
f 24/24/24 33/33/33 34/34/34
f 25/25/25 34/34/34 35/35/35
f 35/35/35 37/37/37 36/36/36
f 37/37/37 47/47/47 27/27/27
f 27/27/27 47/47/47 38/38/38
f 39/39/39 49/49/49 40/40/40
f 30/30/30 40/40/40 41/41/41
f 31/31/31 41/41/41 42/42/42
f 32/32/32 42/42/42 43/43/43
f 33/33/33 43/43/43 44/44/44
f 34/34/34 44/44/44 45/45/45
f 45/45/45 46/46/46 37/37/37
f 46/46/46 58/58/58 47/47/47
f 47/47/47 58/58/58 48/48/48
f 49/49/49 60/60/60 50/50/50
f 40/40/40 50/50/50 51/51/51
f 41/41/41 51/51/51 52/52/52
f 42/42/42 52/52/52 53/53/53
f 43/43/43 53/53/53 54/54/54
f 44/44/44 54/54/54 55/55/55
f 45/45/45 55/55/55 56/56/56
f 46/46/46 56/56/56 57/57/57
f 58/58/58 57/57/57 59/59/59
f 60/60/60 70/70/70 61/61/61
f 50/50/50 61/61/61 62/62/62
f 51/51/51 62/62/62 63/63/63
f 52/52/52 63/63/63 64/64/64
f 53/53/53 64/64/64 65/65/65
f 54/54/54 65/65/65 66/66/66
f 55/55/55 66/66/66 67/67/67
f 56/56/56 67/67/67 68/68/68
f 57/57/57 68/68/68 69/69/69
f 70/70/70 80/80/80 71/71/71
f 61/61/61 71/71/71 72/72/72
f 62/62/62 72/72/72 73/73/73
f 63/63/63 73/73/73 74/74/74
f 64/64/64 74/74/74 75/75/75
f 65/65/65 75/75/75 76/76/76
f 66/66/66 76/76/76 77/77/77
f 67/67/67 77/77/77 78/78/78
f 68/68/68 78/78/78 79/79/79
f 80/80/80 90/90/90 81/81/81
f 71/71/71 81/81/81 82/82/82
f 72/72/72 82/82/82 83/83/83
f 73/73/73 83/83/83 84/84/84
f 74/74/74 84/84/84 85/85/85
f 75/75/75 85/85/85 86/86/86
f 76/76/76 86/86/86 87/87/87
f 77/77/77 87/87/87 88/88/88
f 78/78/78 88/88/88 89/89/89
f 90/90/90 99/99/99 91/91/91
f 81/81/81 91/91/91 92/92/92
f 82/82/82 92/92/92 93/93/93
f 83/83/83 93/93/93 94/94/94
f 84/84/84 94/94/94 95/95/95
f 95/95/95 96/96/96 86/86/86
f 96/96/96 97/97/97 87/87/87
f 97/97/97 107/107/107 88/88/88
f 88/88/88 107/107/107 98/98/98
f 99/99/99 109/109/109 100/100/100
f 91/91/91 100/100/100 101/101/101
f 92/92/92 101/101/101 102/102/102
f 93/93/93 102/102/102 103/103/103
f 94/94/94 103/103/103 104/104/104
f 95/95/95 104/104/104 105/105/105
f 105/105/105 106/106/106 97/97/97
f 106/106/106 108/108/108 107/107/107
f 108/108/108 118/118/118 98/98/98
f 109/109/109 225/225/225 110/110/110
f 100/100/100 110/110/110 111/111/111
f 101/101/101 111/111/111 112/112/112
f 102/102/102 112/112/112 113/113/113
f 103/103/103 113/113/113 114/114/114
f 104/104/104 114/114/114 115/115/115
f 105/105/105 115/115/115 116/116/116
f 106/106/106 116/116/116 117/117/117
f 117/117/117 422/422/422 118/118/118
f 119/119/119 122/122/122 120/120/120
f 122/122/122 142/142/142 123/123/123
f 123/123/123 142/142/142 124/124/124
f 125/125/125 124/124/124 126/126/126
f 127/127/127 126/126/126 128/128/128
f 129/129/129 128/128/128 130/130/130
f 131/131/131 130/130/130 132/132/132
f 132/132/132 135/135/135 134/134/134
f 135/135/135 137/137/137 136/136/136
f 137/137/137 139/139/139 138/138/138
f 139/139/139 151/151/151 140/140/140
f 119/119/119 152/152/152 141/141/141
f 141/141/141 155/155/155 142/142/142
f 142/142/142 155/155/155 143/143/143
f 124/124/124 143/143/143 144/144/144
f 126/126/126 144/144/144 145/145/145
f 128/128/128 145/145/145 146/146/146
f 130/130/130 146/146/146 147/147/147
f 147/147/147 148/148/148 135/135/135
f 148/148/148 149/149/149 137/137/137
f 149/149/149 163/163/163 139/139/139
f 139/139/139 163/163/163 150/150/150
f 152/152/152 165/165/165 153/153/153
f 141/141/141 153/153/153 154/154/154
f 154/154/154 169/169/169 143/143/143
f 143/143/143 169/169/169 156/156/156
f 144/144/144 156/156/156 157/157/157
f 145/145/145 157/157/157 158/158/158
f 146/146/146 158/158/158 159/159/159
f 147/147/147 159/159/159 160/160/160
f 148/148/148 160/160/160 161/161/161
f 149/149/149 161/161/161 162/162/162
f 163/163/163 162/162/162 164/164/164
f 165/165/165 178/178/178 166/166/166
f 153/153/153 166/166/166 167/167/167
f 154/154/154 167/167/167 168/168/168
f 169/169/169 168/168/168 170/170/170
f 156/156/156 170/170/170 171/171/171
f 157/157/157 171/171/171 172/172/172
f 158/158/158 172/172/172 173/173/173
f 159/159/159 173/173/173 174/174/174
f 160/160/160 174/174/174 175/175/175
f 161/161/161 175/175/175 176/176/176
f 162/162/162 176/176/176 177/177/177
f 178/178/178 190/190/190 179/179/179
f 166/166/166 179/179/179 180/180/180
f 167/167/167 180/180/180 181/181/181
f 168/168/168 181/181/181 182/182/182
f 170/170/170 182/182/182 183/183/183
f 171/171/171 183/183/183 184/184/184
f 172/172/172 184/184/184 185/185/185
f 173/173/173 185/185/185 186/186/186
f 174/174/174 186/186/186 187/187/187
f 175/175/175 187/187/187 188/188/188
f 176/176/176 188/188/188 189/189/189
f 190/190/190 203/203/203 191/191/191
f 179/179/179 191/191/191 192/192/192
f 180/180/180 192/192/192 193/193/193
f 181/181/181 193/193/193 194/194/194
f 182/182/182 194/194/194 195/195/195
f 183/183/183 195/195/195 196/196/196
f 184/184/184 196/196/196 197/197/197
f 185/185/185 197/197/197 198/198/198
f 186/186/186 198/198/198 199/199/199
f 187/187/187 199/199/199 200/200/200
f 188/188/188 200/200/200 201/201/201
f 202/202/202 204/204/204 191/191/191
f 204/204/204 215/215/215 192/192/192
f 192/192/192 215/215/215 205/205/205
f 193/193/193 205/205/205 206/206/206
f 194/194/194 206/206/206 207/207/207
f 195/195/195 207/207/207 208/208/208
f 196/196/196 208/208/208 209/209/209
f 197/197/197 209/209/209 210/210/210
f 198/198/198 210/210/210 211/211/211
f 199/199/199 211/211/211 212/212/212
f 212/212/212 224/224/224 201/201/201
f 213/213/213 214/214/214 204/204/204
f 214/214/214 226/226/226 215/215/215
f 215/215/215 226/226/226 216/216/216
f 205/205/205 216/216/216 217/217/217
f 206/206/206 217/217/217 218/218/218
f 207/207/207 218/218/218 219/219/219
f 208/208/208 219/219/219 220/220/220
f 209/209/209 220/220/220 221/221/221
f 210/210/210 221/221/221 222/222/222
f 222/222/222 223/223/223 212/212/212
f 223/223/223 227/227/227 224/224/224
f 225/225/225 109/109/109 214/214/214
f 109/109/109 99/99/99 226/226/226
f 99/99/99 90/90/90 216/216/216
f 90/90/90 80/80/80 217/217/217
f 80/80/80 70/70/70 218/218/218
f 70/70/70 60/60/60 219/219/219
f 60/60/60 49/49/49 220/220/220
f 49/49/49 39/39/39 221/221/221
f 39/39/39 29/29/29 222/222/222
f 29/29/29 20/20/20 223/223/223
f 20/20/20 1/1/1 227/227/227
f 228/228/228 231/231/231 229/229/229
f 231/231/231 233/233/233 232/232/232
f 233/233/233 235/235/235 234/234/234
f 235/235/235 241/241/241 236/236/236
f 237/237/237 238/238/238 231/231/231
f 238/238/238 239/239/239 233/233/233
f 239/239/239 240/240/240 235/235/235
f 240/240/240 246/246/246 241/241/241
f 242/242/242 243/243/243 238/238/238
f 243/243/243 244/244/244 239/239/239
f 244/244/244 245/245/245 240/240/240
f 245/245/245 251/251/251 246/246/246
f 247/247/247 248/248/248 243/243/243
f 248/248/248 249/249/249 244/244/244
f 249/249/249 250/250/250 245/245/245
f 250/250/250 256/256/256 251/251/251
f 252/252/252 253/253/253 248/248/248
f 253/253/253 254/254/254 249/249/249
f 254/254/254 255/255/255 250/250/250
f 255/255/255 261/261/261 256/256/256
f 257/257/257 258/258/258 253/253/253
f 258/258/258 259/259/259 254/254/254
f 259/259/259 260/260/260 255/255/255
f 260/260/260 266/266/266 261/261/261
f 262/262/262 263/263/263 258/258/258
f 263/263/263 264/264/264 259/259/259
f 264/264/264 265/265/265 260/260/260
f 265/265/265 270/270/270 266/266/266
f 262/262/262 271/271/271 267/267/267
f 263/263/263 267/267/267 268/268/268
f 264/264/264 268/268/268 269/269/269
f 269/269/269 276/276/276 270/270/270
f 271/271/271 321/321/321 272/272/272
f 267/267/267 272/272/272 273/273/273
f 268/268/268 273/273/273 274/274/274
f 269/269/269 274/274/274 275/275/275
f 275/275/275 274/274/274 277/277/277
f 277/277/277 280/280/280 279/279/279
f 280/280/280 282/282/282 281/281/281
f 282/282/282 284/284/284 283/283/283
f 284/284/284 286/286/286 285/285/285
f 286/286/286 288/288/288 287/287/287
f 288/288/288 290/290/290 289/289/289
f 290/290/290 292/292/292 291/291/291
f 292/292/292 302/302/302 293/293/293
f 274/274/274 273/273/273 294/294/294
f 277/277/277 294/294/294 295/295/295
f 295/295/295 296/296/296 282/282/282
f 296/296/296 297/297/297 284/284/284
f 297/297/297 298/298/298 286/286/286
f 298/298/298 299/299/299 288/288/288
f 299/299/299 300/300/300 290/290/290
f 300/300/300 301/301/301 292/292/292
f 301/301/301 311/311/311 302/302/302
f 273/273/273 272/272/272 303/303/303
f 294/294/294 303/303/303 304/304/304
f 304/304/304 305/305/305 296/296/296
f 305/305/305 306/306/306 297/297/297
f 306/306/306 307/307/307 298/298/298
f 307/307/307 308/308/308 299/299/299
f 308/308/308 309/309/309 300/300/300
f 309/309/309 310/310/310 301/301/301
f 310/310/310 320/320/320 311/311/311
f 272/272/272 321/321/321 312/312/312
f 303/303/303 312/312/312 313/313/313
f 313/313/313 314/314/314 305/305/305
f 314/314/314 315/315/315 306/306/306
f 315/315/315 316/316/316 307/307/307
f 316/316/316 317/317/317 308/308/308
f 317/317/317 318/318/318 309/309/309
f 318/318/318 319/319/319 310/310/310
f 319/319/319 331/331/331 320/320/320
f 321/321/321 332/332/332 322/322/322
f 312/312/312 322/322/322 323/323/323
f 313/313/313 323/323/323 324/324/324
f 314/314/314 324/324/324 325/325/325
f 315/315/315 325/325/325 326/326/326
f 316/316/316 326/326/326 327/327/327
f 317/317/317 327/327/327 328/328/328
f 318/318/318 328/328/328 329/329/329
f 319/319/319 329/329/329 330/330/330
f 332/332/332 342/342/342 333/333/333
f 322/322/322 333/333/333 334/334/334
f 323/323/323 334/334/334 335/335/335
f 324/324/324 335/335/335 336/336/336
f 325/325/325 336/336/336 337/337/337
f 326/326/326 337/337/337 338/338/338
f 327/327/327 338/338/338 339/339/339
f 328/328/328 339/339/339 340/340/340
f 329/329/329 340/340/340 341/341/341
f 342/342/342 352/352/352 343/343/343
f 333/333/333 343/343/343 344/344/344
f 334/334/334 344/344/344 345/345/345
f 335/335/335 345/345/345 346/346/346
f 336/336/336 346/346/346 347/347/347
f 337/337/337 347/347/347 348/348/348
f 338/338/338 348/348/348 349/349/349
f 339/339/339 349/349/349 350/350/350
f 340/340/340 350/350/350 351/351/351
f 352/352/352 362/362/362 353/353/353
f 343/343/343 353/353/353 354/354/354
f 344/344/344 354/354/354 355/355/355
f 345/345/345 355/355/355 356/356/356
f 346/346/346 356/356/356 357/357/357
f 347/347/347 357/357/357 358/358/358
f 348/348/348 358/358/358 359/359/359
f 349/349/349 359/359/359 360/360/360
f 350/350/350 360/360/360 361/361/361
f 362/362/362 372/372/372 363/363/363
f 353/353/353 363/363/363 364/364/364
f 354/354/354 364/364/364 365/365/365
f 355/355/355 365/365/365 366/366/366
f 356/356/356 366/366/366 367/367/367
f 357/357/357 367/367/367 368/368/368
f 358/358/358 368/368/368 369/369/369
f 359/359/359 369/369/369 370/370/370
f 360/360/360 370/370/370 371/371/371
f 372/372/372 382/382/382 373/373/373
f 363/363/363 373/373/373 374/374/374
f 364/364/364 374/374/374 375/375/375
f 365/365/365 375/375/375 376/376/376
f 366/366/366 376/376/376 377/377/377
f 367/367/367 377/377/377 378/378/378
f 368/368/368 378/378/378 379/379/379
f 369/369/369 379/379/379 380/380/380
f 370/370/370 380/380/380 381/381/381
f 382/382/382 392/392/392 383/383/383
f 383/383/383 384/384/384 374/374/374
f 384/384/384 385/385/385 375/375/375
f 385/385/385 386/386/386 376/376/376
f 386/386/386 387/387/387 377/377/377
f 387/387/387 388/388/388 378/378/378
f 388/388/388 389/389/389 379/379/379
f 389/389/389 390/390/390 380/380/380
f 390/390/390 401/401/401 381/381/381
f 391/391/391 393/393/393 383/383/383
f 393/393/393 394/394/394 384/384/384
f 394/394/394 395/395/395 385/385/385
f 395/395/395 396/396/396 386/386/386
f 396/396/396 397/397/397 387/387/387
f 397/397/397 398/398/398 388/388/388
f 398/398/398 399/399/399 389/389/389
f 399/399/399 400/400/400 390/390/390
f 400/400/400 411/411/411 401/401/401
f 402/402/402 403/403/403 393/393/393
f 403/403/403 404/404/404 394/394/394
f 404/404/404 405/405/405 395/395/395
f 405/405/405 406/406/406 396/396/396
f 406/406/406 407/407/407 397/397/397
f 407/407/407 408/408/408 398/398/398
f 408/408/408 409/409/409 399/399/399
f 409/409/409 410/410/410 400/400/400
f 410/410/410 412/412/412 411/411/411
f 225/225/225 213/213/213 403/403/403
f 213/213/213 202/202/202 404/404/404
f 202/202/202 203/203/203 405/405/405
f 203/203/203 190/190/190 406/406/406
f 190/190/190 178/178/178 407/407/407
f 178/178/178 165/165/165 408/408/408
f 165/165/165 152/152/152 409/409/409
f 152/152/152 119/119/119 410/410/410
f 119/119/119 121/121/121 412/412/412
f 225/225/225 402/402/402 413/413/413
f 110/110/110 413/413/413 414/414/414
f 111/111/111 414/414/414 415/415/415
f 112/112/112 415/415/415 416/416/416
f 113/113/113 416/416/416 417/417/417
f 114/114/114 417/417/417 418/418/418
f 115/115/115 418/418/418 419/419/419
f 116/116/116 419/419/419 420/420/420
f 117/117/117 420/420/420 421/421/421
f 402/402/402 391/391/391 423/423/423
f 413/413/413 423/423/423 424/424/424
f 414/414/414 424/424/424 425/425/425
f 415/415/415 425/425/425 426/426/426
f 416/416/416 426/426/426 427/427/427
f 417/417/417 427/427/427 428/428/428
f 418/418/418 428/428/428 429/429/429
f 419/419/419 429/429/429 430/430/430
f 420/420/420 430/430/430 431/431/431
f 391/391/391 392/392/392 432/432/432
f 423/423/423 432/432/432 433/433/433
f 424/424/424 433/433/433 434/434/434
f 425/425/425 434/434/434 435/435/435
f 426/426/426 435/435/435 436/436/436
f 427/427/427 436/436/436 437/437/437
f 428/428/428 437/437/437 438/438/438
f 429/429/429 438/438/438 439/439/439
f 430/430/430 439/439/439 440/440/440
f 382/382/382 449/449/449 432/432/432
f 432/432/432 449/449/449 441/441/441
f 433/433/433 441/441/441 442/442/442
f 434/434/434 442/442/442 443/443/443
f 435/435/435 443/443/443 444/444/444
f 436/436/436 444/444/444 445/445/445
f 437/437/437 445/445/445 446/446/446
f 438/438/438 446/446/446 447/447/447
f 439/439/439 447/447/447 448/448/448
f 372/372/372 450/450/450 449/449/449
f 450/450/450 451/451/451 441/441/441
f 451/451/451 452/452/452 442/442/442
f 452/452/452 453/453/453 443/443/443
f 453/453/453 454/454/454 444/444/444
f 454/454/454 455/455/455 445/445/445
f 455/455/455 456/456/456 446/446/446
f 456/456/456 457/457/457 447/447/447
f 457/457/457 466/466/466 448/448/448
f 362/362/362 458/458/458 450/450/450
f 458/458/458 459/459/459 451/451/451
f 459/459/459 460/460/460 452/452/452
f 460/460/460 461/461/461 453/453/453
f 461/461/461 462/462/462 454/454/454
f 462/462/462 463/463/463 455/455/455
f 463/463/463 464/464/464 456/456/456
f 464/464/464 465/465/465 457/457/457
f 465/465/465 475/475/475 466/466/466
f 352/352/352 467/467/467 458/458/458
f 467/467/467 468/468/468 459/459/459
f 468/468/468 469/469/469 460/460/460
f 469/469/469 470/470/470 461/461/461
f 470/470/470 471/471/471 462/462/462
f 471/471/471 472/472/472 463/463/463
f 472/472/472 473/473/473 464/464/464
f 473/473/473 474/474/474 465/465/465
f 474/474/474 484/484/484 475/475/475
f 342/342/342 476/476/476 467/467/467
f 476/476/476 477/477/477 468/468/468
f 477/477/477 478/478/478 469/469/469
f 478/478/478 479/479/479 470/470/470
f 479/479/479 480/480/480 471/471/471
f 480/480/480 481/481/481 472/472/472
f 481/481/481 482/482/482 473/473/473
f 482/482/482 483/483/483 474/474/474
f 483/483/483 493/493/493 484/484/484
f 332/332/332 485/485/485 476/476/476
f 485/485/485 486/486/486 477/477/477
f 486/486/486 487/487/487 478/478/478
f 487/487/487 488/488/488 479/479/479
f 488/488/488 489/489/489 480/480/480
f 489/489/489 490/490/490 481/481/481
f 490/490/490 491/491/491 482/482/482
f 491/491/491 492/492/492 483/483/483
f 492/492/492 494/494/494 493/493/493
f 321/321/321 271/271/271 485/485/485
f 271/271/271 262/262/262 486/486/486
f 262/262/262 257/257/257 487/487/487
f 257/257/257 252/252/252 488/488/488
f 252/252/252 247/247/247 489/489/489
f 247/247/247 242/242/242 490/490/490
f 242/242/242 237/237/237 491/491/491
f 237/237/237 228/228/228 492/492/492
f 495/495/495 514/514/514 496/496/496
f 497/497/497 496/496/496 498/498/498
f 499/499/499 498/498/498 500/500/500
f 501/501/501 500/500/500 502/502/502
f 503/503/503 502/502/502 504/504/504
f 505/505/505 504/504/504 506/506/506
f 507/507/507 506/506/506 508/508/508
f 509/509/509 508/508/508 510/510/510
f 511/511/511 510/510/510 512/512/512
f 514/514/514 523/523/523 515/515/515
f 496/496/496 515/515/515 516/516/516
f 516/516/516 526/526/526 500/500/500
f 500/500/500 526/526/526 517/517/517
f 502/502/502 517/517/517 518/518/518
f 504/504/504 518/518/518 519/519/519
f 506/506/506 519/519/519 520/520/520
f 508/508/508 520/520/520 521/521/521
f 510/510/510 521/521/521 522/522/522
f 523/523/523 532/532/531 524/524/524
f 524/524/524 525/525/525 516/516/516
f 525/525/525 535/535/534 526/526/526
f 526/526/526 535/535/534 527/527/527
f 517/517/517 527/527/527 528/528/528
f 518/518/518 528/528/528 529/529/529
f 529/529/529 530/530/530 520/520/520
f 530/530/530 540/540/539 521/521/521
f 521/521/521 540/540/539 531/531/134
f 532/532/531 542/542/540 533/533/532
f 533/533/532 545/545/543 525/525/525
f 525/525/525 545/545/543 534/534/533
f 535/535/534 534/534/533 536/536/535
f 527/527/527 536/536/535 537/537/536
f 528/528/528 537/537/536 538/538/537
f 538/538/537 539/539/538 530/530/530
f 539/539/538 550/550/548 540/540/539
f 540/540/539 550/550/548 541/541/133
f 542/542/540 552/552/550 543/543/541
f 533/533/532 543/543/541 544/544/542
f 544/544/542 556/556/554 534/534/533
f 534/534/533 556/556/554 546/546/544
f 536/536/535 546/546/544 547/547/545
f 547/547/545 548/548/546 538/538/537
f 548/548/546 549/549/547 539/539/538
f 549/549/547 551/551/549 550/550/548
f 551/551/549 562/562/560 541/541/133
f 552/552/550 563/563/561 553/553/551
f 543/543/541 553/553/551 554/554/552
f 544/544/542 554/554/552 555/555/553
f 556/556/554 555/555/553 557/557/555
f 546/546/544 557/557/555 558/558/556
f 547/547/545 558/558/556 559/559/557
f 548/548/546 559/559/557 560/560/558
f 560/560/558 571/571/569 551/551/549
f 551/551/549 571/571/569 561/561/559
f 563/563/561 573/573/570 564/564/562
f 553/553/551 564/564/562 565/565/563
f 554/554/552 565/565/563 566/566/564
f 555/555/553 566/566/564 567/567/565
f 557/557/555 567/567/565 568/568/566
f 558/558/556 568/568/566 569/569/567
f 559/559/557 569/569/567 570/570/568
f 570/570/568 580/580/577 571/571/569
f 571/571/569 580/580/577 572/572/127
f 573/573/570 582/582/579 574/574/571
f 564/564/562 574/574/571 575/575/572
f 565/565/563 575/575/572 576/576/573
f 566/566/564 576/576/573 577/577/574
f 567/567/565 577/577/574 578/578/575
f 578/578/575 589/589/586 569/569/567
f 569/569/567 589/589/586 579/579/576
f 579/579/576 581/581/578 580/580/577
f 581/581/578 592/592/125 572/572/127
f 582/582/579 593/593/588 583/583/580
f 574/574/571 583/583/580 584/584/581
f 575/575/572 584/584/581 585/585/582
f 576/576/573 585/585/582 586/586/583
f 577/577/574 586/586/583 587/587/584
f 578/578/575 587/587/584 588/588/585
f 588/588/585 601/601/596 579/579/576
f 579/579/576 601/601/596 590/590/587
f 581/581/578 590/590/587 591/591/123
f 593/593/588 604/604/598 594/594/589
f 583/583/580 594/594/589 595/595/590
f 584/584/581 595/595/590 596/596/591
f 585/585/582 596/596/591 597/597/592
f 586/586/583 597/597/592 598/598/593
f 587/587/584 598/598/593 599/599/594
f 588/588/585 599/599/594 600/600/595
f 601/601/596 600/600/595 602/602/597
f 590/590/587 602/602/597 603/603/120
f 604/604/598 720/720/708 605/605/599
f 594/594/589 605/605/599 606/606/600
f 595/595/590 606/606/600 607/607/601
f 596/596/591 607/607/601 608/608/602
f 597/597/592 608/608/602 609/609/603
f 598/598/593 609/609/603 610/610/604
f 599/599/594 610/610/604 611/611/605
f 600/600/595 611/611/605 612/612/606
f 602/602/597 612/612/606 613/613/121
f 614/614/422 636/636/624 615/615/607
f 616/616/118 615/615/607 617/617/608
f 618/618/609 617/617/608 619/619/610
f 620/620/611 619/619/610 621/621/612
f 622/622/79 621/621/612 623/623/613
f 624/624/614 623/623/613 625/625/615
f 626/626/616 625/625/615 627/627/617
f 628/628/618 627/627/617 629/629/619
f 629/629/619 632/632/622 631/631/621
f 632/632/622 646/646/634 633/633/18
f 633/633/18 646/646/634 634/634/623
f 636/636/624 648/648/636 637/637/625
f 615/615/607 637/637/625 638/638/626
f 617/617/608 638/638/626 639/639/627
f 619/619/610 639/639/627 640/640/628
f 640/640/628 653/653/641 623/623/613
f 623/623/613 653/653/641 641/641/629
f 625/625/615 641/641/629 642/642/630
f 627/627/617 642/642/630 643/643/631
f 629/629/619 643/643/631 644/644/632
f 632/632/622 644/644/632 645/645/633
f 646/646/634 645/645/633 647/647/635
f 648/648/636 659/659/647 649/649/637
f 637/637/625 649/649/637 650/650/638
f 650/650/638 651/651/639 639/639/627
f 651/651/639 663/663/651 640/640/628
f 640/640/628 663/663/651 652/652/640
f 652/652/640 666/666/654 641/641/629
f 641/641/629 666/666/654 654/654/642
f 642/642/630 654/654/642 655/655/643
f 643/643/631 655/655/643 656/656/644
f 644/644/632 656/656/644 657/657/645
f 645/645/633 657/657/645 658/658/646
f 659/659/647 671/671/659 660/660/648
f 649/649/637 660/660/648 661/661/649
f 650/650/638 661/661/649 662/662/650
f 662/662/650 664/664/652 663/663/651
f 664/664/652 677/677/665 652/652/640
f 652/652/640 677/677/665 665/665/653
f 666/666/654 665/665/653 667/667/655
f 654/654/642 667/667/655 668/668/656
f 668/668/656 681/681/669 656/656/644
f 656/656/644 681/681/669 669/669/657
f 657/657/645 669/669/657 670/670/658
f 671/671/659 684/684/672 672/672/660
f 660/660/648 672/672/660 673/673/661
f 661/661/649 673/673/661 674/674/662
f 662/662/650 674/674/662 675/675/663
f 664/664/652 675/675/663 676/676/664
f 676/676/664 678/678/666 665/665/653
f 678/678/666 691/691/679 667/667/655
f 667/667/655 691/691/679 679/679/667
f 668/668/656 679/679/667 680/680/668
f 681/681/669 680/680/668 682/682/670
f 669/669/657 682/682/670 683/683/671
f 684/684/672 697/697/685 685/685/673
f 685/685/673 699/699/687 673/673/661
f 673/673/661 699/699/687 686/686/674
f 674/674/662 686/686/674 687/687/675
f 675/675/663 687/687/675 688/688/676
f 676/676/664 688/688/676 689/689/677
f 678/678/666 689/689/677 690/690/678
f 691/691/679 690/690/678 692/692/680
f 679/679/667 692/692/680 693/693/681
f 680/680/668 693/693/681 694/694/682
f 682/682/670 694/694/682 695/695/683
f 696/696/684 708/708/696 685/685/673
f 685/685/673 708/708/696 698/698/686
f 698/698/686 711/711/699 686/686/674
f 686/686/674 711/711/699 700/700/688
f 687/687/675 700/700/688 701/701/689
f 688/688/676 701/701/689 702/702/690
f 689/689/677 702/702/690 703/703/691
f 690/690/678 703/703/691 704/704/692
f 692/692/680 704/704/692 705/705/693
f 693/693/681 705/705/693 706/706/694
f 706/706/694 719/719/707 695/695/683
f 707/707/695 721/721/709 708/708/696
f 708/708/696 721/721/709 709/709/697
f 698/698/686 709/709/697 710/710/698
f 711/711/699 710/710/698 712/712/700
f 700/700/688 712/712/700 713/713/701
f 701/701/689 713/713/701 714/714/702
f 702/702/690 714/714/702 715/715/703
f 703/703/691 715/715/703 716/716/704
f 704/704/692 716/716/704 717/717/705
f 717/717/705 718/718/706 706/706/694
f 718/718/706 722/722/710 719/719/707
f 720/720/708 604/604/598 721/721/709
f 604/604/598 593/593/588 709/709/697
f 593/593/588 582/582/579 710/710/698
f 582/582/579 573/573/570 712/712/700
f 573/573/570 563/563/561 713/713/701
f 563/563/561 552/552/550 714/714/702
f 552/552/550 542/542/540 715/715/703
f 542/542/540 532/532/531 716/716/704
f 716/716/704 532/532/531 523/523/523
f 523/523/523 514/514/514 718/718/706
f 514/514/514 495/495/495 722/722/710
f 723/723/711 726/726/714 724/724/712
f 726/726/714 728/728/715 727/727/311
f 728/728/715 730/730/717 729/729/716
f 730/730/717 736/736/722 731/731/293
f 732/732/718 733/733/719 726/726/714
f 733/733/719 734/734/720 728/728/715
f 734/734/720 735/735/721 730/730/717
f 735/735/721 741/741/727 736/736/722
f 737/737/723 738/738/724 733/733/719
f 738/738/724 739/739/725 734/734/720
f 739/739/725 740/740/726 735/735/721
f 740/740/726 746/746/732 741/741/727
f 742/742/728 743/743/729 738/738/724
f 743/743/729 744/744/730 739/739/725
f 744/744/730 745/745/731 740/740/726
f 745/745/731 751/751/737 746/746/732
f 747/747/733 748/748/734 743/743/729
f 748/748/734 749/749/735 744/744/730
f 749/749/735 750/750/736 745/745/731
f 750/750/736 756/756/742 751/751/737
f 752/752/738 753/753/739 748/748/734
f 753/753/739 754/754/740 749/749/735
f 754/754/740 755/755/741 750/750/736
f 755/755/741 761/761/747 756/756/742
f 757/757/743 758/758/744 753/753/739
f 758/758/744 759/759/745 754/754/740
f 759/759/745 760/760/746 755/755/741
f 760/760/746 766/766/752 761/761/747
f 762/762/748 763/763/749 758/758/744
f 763/763/749 764/764/750 759/759/745
f 764/764/750 765/765/751 760/760/746
f 765/765/751 770/770/756 766/766/752
f 762/762/748 816/816/800 767/767/753
f 763/763/749 767/767/753 768/768/754
f 768/768/754 769/769/755 765/765/751
f 769/769/755 772/772/758 770/770/756
f 769/769/755 773/773/759 771/771/757
f 773/773/759 775/775/761 774/774/760
f 775/775/761 777/777/763 776/776/762
f 777/777/763 779/779/765 778/778/764
f 779/779/765 781/781/767 780/780/766
f 781/781/767 783/783/769 782/782/768
f 783/783/769 785/785/771 784/784/770
f 785/785/771 787/787/773 786/786/772
f 787/787/773 797/797/234 788/788/774
f 768/768/754 789/789/775 773/773/759
f 789/789/775 790/790/776 775/775/761
f 790/790/776 791/791/777 777/777/763
f 791/791/777 792/792/778 779/779/765
f 792/792/778 793/793/779 781/781/767
f 793/793/779 794/794/780 783/783/769
f 794/794/780 795/795/781 785/785/771
f 795/795/781 796/796/782 787/787/773
f 796/796/782 806/806/232 797/797/234
f 767/767/753 798/798/783 789/789/775
f 798/798/783 799/799/784 790/790/776
f 799/799/784 800/800/785 791/791/777
f 800/800/785 801/801/786 792/792/778
f 801/801/786 802/802/787 793/793/779
f 802/802/787 803/803/788 794/794/780
f 803/803/788 804/804/789 795/795/781
f 804/804/789 805/805/790 796/796/782
f 805/805/790 815/815/799 806/806/232
f 767/767/753 816/816/800 807/807/791
f 807/807/791 808/808/792 799/799/784
f 808/808/792 809/809/793 800/800/785
f 809/809/793 810/810/794 801/801/786
f 810/810/794 811/811/795 802/802/787
f 811/811/795 812/812/796 803/803/788
f 812/812/796 813/813/797 804/804/789
f 813/813/797 814/814/798 805/805/790
f 814/814/798 826/826/810 815/815/799
f 816/816/800 827/827/811 817/817/801
f 807/807/791 817/817/801 818/818/802
f 808/808/792 818/818/802 819/819/803
f 809/809/793 819/819/803 820/820/804
f 810/810/794 820/820/804 821/821/805
f 811/811/795 821/821/805 822/822/806
f 812/812/796 822/822/806 823/823/807
f 813/813/797 823/823/807 824/824/808
f 814/814/798 824/824/808 825/825/809
f 827/827/811 837/837/821 828/828/812
f 817/817/801 828/828/812 829/829/813
f 818/818/802 829/829/813 830/830/814
f 819/819/803 830/830/814 831/831/815
f 820/820/804 831/831/815 832/832/816
f 821/821/805 832/832/816 833/833/817
f 822/822/806 833/833/817 834/834/818
f 823/823/807 834/834/818 835/835/819
f 824/824/808 835/835/819 836/836/820
f 837/837/821 847/847/831 838/838/822
f 828/828/812 838/838/822 839/839/823
f 829/829/813 839/839/823 840/840/824
f 830/830/814 840/840/824 841/841/825
f 831/831/815 841/841/825 842/842/826
f 832/832/816 842/842/826 843/843/827
f 833/833/817 843/843/827 844/844/828
f 834/834/818 844/844/828 845/845/829
f 835/835/819 845/845/829 846/846/830
f 847/847/831 857/857/841 848/848/832
f 838/838/822 848/848/832 849/849/833
f 839/839/823 849/849/833 850/850/834
f 840/840/824 850/850/834 851/851/835
f 841/841/825 851/851/835 852/852/836
f 842/842/826 852/852/836 853/853/837
f 843/843/827 853/853/837 854/854/838
f 844/844/828 854/854/838 855/855/839
f 845/845/829 855/855/839 856/856/840
f 857/857/841 868/868/852 858/858/842
f 848/848/832 858/858/842 859/859/843
f 849/849/833 859/859/843 860/860/844
f 850/850/834 860/860/844 861/861/845
f 851/851/835 861/861/845 862/862/846
f 852/852/836 862/862/846 863/863/847
f 853/853/837 863/863/847 864/864/848
f 854/854/838 864/864/848 865/865/849
f 855/855/839 865/865/849 866/866/850
f 867/867/851 869/869/853 858/858/842
f 869/869/853 870/870/854 859/859/843
f 870/870/854 871/871/855 860/860/844
f 871/871/855 872/872/856 861/861/845
f 872/872/856 873/873/857 862/862/846
f 873/873/857 874/874/858 863/863/847
f 874/874/858 875/875/859 864/864/848
f 875/875/859 876/876/860 865/865/849
f 876/876/860 886/886/870 866/866/850
f 877/877/861 878/878/862 869/869/853
f 878/878/862 879/879/863 870/870/854
f 879/879/863 880/880/864 871/871/855
f 880/880/864 881/881/865 872/872/856
f 881/881/865 882/882/866 873/873/857
f 882/882/866 883/883/867 874/874/858
f 883/883/867 884/884/868 875/875/859
f 884/884/868 885/885/869 876/876/860
f 885/885/869 896/896/880 886/886/870
f 887/887/871 888/888/872 878/878/862
f 888/888/872 889/889/873 879/879/863
f 889/889/873 890/890/874 880/880/864
f 890/890/874 891/891/875 881/881/865
f 891/891/875 892/892/876 882/882/866
f 892/892/876 893/893/877 883/883/867
f 893/893/877 894/894/878 884/884/868
f 894/894/878 895/895/879 885/885/869
f 895/895/879 906/906/890 896/896/880
f 897/897/881 898/898/882 888/888/872
f 898/898/882 899/899/883 889/889/873
f 899/899/883 900/900/884 890/890/874
f 900/900/884 901/901/885 891/891/875
f 901/901/885 902/902/886 892/892/876
f 902/902/886 903/903/887 893/893/877
f 903/903/887 904/904/888 894/894/878
f 904/904/888 905/905/889 895/895/879
f 905/905/889 907/907/891 906/906/890
f 720/720/708 707/707/695 898/898/882
f 707/707/695 696/696/684 899/899/883
f 696/696/684 697/697/685 900/900/884
f 697/697/685 684/684/672 901/901/885
f 684/684/672 671/671/659 902/902/886
f 671/671/659 659/659/647 903/903/887
f 659/659/647 648/648/636 904/904/888
f 648/648/636 636/636/624 905/905/889
f 636/636/624 614/614/422 907/907/891
f 720/720/708 897/897/881 908/908/892
f 605/605/599 908/908/892 909/909/893
f 606/606/600 909/909/893 910/910/894
f 607/607/601 910/910/894 911/911/895
f 608/608/602 911/911/895 912/912/896
f 609/609/603 912/912/896 913/913/897
f 610/610/604 913/913/897 914/914/898
f 611/611/605 914/914/898 915/915/899
f 612/612/606 915/915/899 916/916/900
f 897/897/881 887/887/871 917/917/901
f 908/908/892 917/917/901 918/918/902
f 909/909/893 918/918/902 919/919/903
f 910/910/894 919/919/903 920/920/904
f 911/911/895 920/920/904 921/921/905
f 912/912/896 921/921/905 922/922/906
f 913/913/897 922/922/906 923/923/907
f 914/914/898 923/923/907 924/924/908
f 915/915/899 924/924/908 925/925/909
f 887/887/871 877/877/861 926/926/910
f 917/917/901 926/926/910 927/927/911
f 918/918/902 927/927/911 928/928/912
f 919/919/903 928/928/912 929/929/913
f 920/920/904 929/929/913 930/930/914
f 921/921/905 930/930/914 931/931/915
f 922/922/906 931/931/915 932/932/916
f 923/923/907 932/932/916 933/933/917
f 924/924/908 933/933/917 934/934/918
f 877/877/861 867/867/851 935/935/919
f 926/926/910 935/935/919 936/936/920
f 927/927/911 936/936/920 937/937/921
f 928/928/912 937/937/921 938/938/922
f 929/929/913 938/938/922 939/939/923
f 930/930/914 939/939/923 940/940/924
f 931/931/915 940/940/924 941/941/925
f 932/932/916 941/941/925 942/942/926
f 933/933/917 942/942/926 943/943/927
f 867/867/851 868/868/852 944/944/928
f 935/935/919 944/944/928 945/945/929
f 936/936/920 945/945/929 946/946/930
f 937/937/921 946/946/930 947/947/931
f 938/938/922 947/947/931 948/948/932
f 939/939/923 948/948/932 949/949/933
f 940/940/924 949/949/933 950/950/934
f 941/941/925 950/950/934 951/951/935
f 942/942/926 951/951/935 952/952/936
f 857/857/841 953/953/937 944/944/928
f 953/953/937 954/954/938 945/945/929
f 954/954/938 955/955/939 946/946/930
f 955/955/939 956/956/940 947/947/931
f 956/956/940 957/957/941 948/948/932
f 957/957/941 958/958/942 949/949/933
f 958/958/942 959/959/943 950/950/934
f 959/959/943 960/960/944 951/951/935
f 960/960/944 969/969/953 952/952/936
f 847/847/831 961/961/945 953/953/937
f 961/961/945 962/962/946 954/954/938
f 962/962/946 963/963/947 955/955/939
f 963/963/947 964/964/948 956/956/940
f 964/964/948 965/965/949 957/957/941
f 965/965/949 966/966/950 958/958/942
f 966/966/950 967/967/951 959/959/943
f 967/967/951 968/968/952 960/960/944
f 968/968/952 978/978/962 969/969/953
f 837/837/821 970/970/954 961/961/945
f 970/970/954 971/971/955 962/962/946
f 971/971/955 972/972/956 963/963/947
f 972/972/956 973/973/957 964/964/948
f 973/973/957 974/974/958 965/965/949
f 974/974/958 975/975/959 966/966/950
f 975/975/959 976/976/960 967/967/951
f 976/976/960 977/977/961 968/968/952
f 977/977/961 987/987/971 978/978/962
f 827/827/811 979/979/963 970/970/954
f 979/979/963 980/980/964 971/971/955
f 980/980/964 981/981/965 972/972/956
f 981/981/965 982/982/966 973/973/957
f 982/982/966 983/983/967 974/974/958
f 983/983/967 984/984/968 975/975/959
f 984/984/968 985/985/969 976/976/960
f 985/985/969 986/986/970 977/977/961
f 986/986/970 988/988/972 987/987/971
f 816/816/800 762/762/748 979/979/963
f 762/762/748 757/757/743 980/980/964
f 757/757/743 752/752/738 981/981/965
f 752/752/738 747/747/733 982/982/966
f 747/747/733 742/742/728 983/983/967
f 742/742/728 737/737/723 984/984/968
f 737/737/723 732/732/718 985/985/969
f 732/732/718 723/723/711 986/986/970
f 723/723/711 725/725/713 988/988/972
f 989/989/973 1007/1007/986 990/990/3
f 991/991/974 990/990/3 992/992/5
f 992/992/5 995/995/7 994/994/976
f 995/995/7 2797/2638/9 996/996/977
f 996/996/977 2797/2638/9 997/997/978
f 998/998/979 997/997/978 999/999/13
f 999/999/13 1002/1002/15 1001/1001/981
f 1002/1002/15 1004/1004/983 1003/1003/982
f 1004/1004/983 2798/2639/19 1005/1005/984
f 1006/1006/985 1009/1009/988 1007/1007/986
f 1008/1008/987 1011/1011/224 1009/1009/988
f 1010/1010/989 1013/1013/201 1011/1011/224
f 1012/1012/990 1015/1015/189 1013/1013/201
f 1014/1014/991 1017/1017/177 1015/1015/189
f 1016/1016/992 1019/1019/164 1017/1017/177
f 1016/1016/992 1020/1020/994 1018/1018/993
f 1020/1020/994 1023/1023/996 1021/1021/151
f 1022/1022/995 2799/2640/1537 1021/1021/151
f 1024/1024/997 1045/1045/1018 1025/1025/998
f 1026/1026/999 1025/1025/998 1027/1027/1000
f 1028/1028/1001 1027/1027/1000 1029/1029/1002
f 1030/1030/1003 1029/1029/1002 1031/1031/1004
f 1032/1032/1005 1031/1031/1004 1033/1033/1006
f 1034/1034/1007 1033/1033/1006 1035/1035/1008
f 1036/1036/1009 1035/1035/1008 1037/1037/1010
f 1038/1038/1011 1037/1037/1010 1039/1039/1012
f 1040/1040/1013 1039/1039/1012 1041/1041/1014
f 1042/1042/1015 1041/1041/1014 1043/1043/1016
f 1045/1045/1018 1056/1056/1029 1046/1046/1019
f 1025/1025/998 1046/1046/1019 1047/1047/1020
f 1027/1027/1000 1047/1047/1020 1048/1048/1021
f 1029/1029/1002 1048/1048/1021 1049/1049/1022
f 1031/1031/1004 1049/1049/1022 1050/1050/1023
f 1033/1033/1006 1050/1050/1023 1051/1051/1024
f 1035/1035/1008 1051/1051/1024 1052/1052/1025
f 1037/1037/1010 1052/1052/1025 1053/1053/1026
f 1039/1039/1012 1053/1053/1026 1054/1054/1027
f 1041/1041/1014 1054/1054/1027 1055/1055/1028
f 1056/1056/1029 1066/1066/1039 1057/1057/1030
f 1046/1046/1019 1057/1057/1030 1058/1058/1031
f 1047/1047/1020 1058/1058/1031 1059/1059/1032
f 1048/1048/1021 1059/1059/1032 1060/1060/1033
f 1049/1049/1022 1060/1060/1033 1061/1061/1034
f 1050/1050/1023 1061/1061/1034 1062/1062/1035
f 1051/1051/1024 1062/1062/1035 1063/1063/1036
f 1052/1052/1025 1063/1063/1036 1064/1064/1037
f 1053/1053/1026 1064/1064/1037 1065/1065/1038
f 1065/1065/1038 1077/1077/1050 1055/1055/1028
f 1066/1066/1039 1078/1078/1051 1067/1067/1040
f 1057/1057/1030 1067/1067/1040 1068/1068/1041
f 1058/1058/1031 1068/1068/1041 1069/1069/1042
f 1059/1059/1032 1069/1069/1042 1070/1070/1043
f 1060/1060/1033 1070/1070/1043 1071/1071/1044
f 1061/1061/1034 1071/1071/1044 1072/1072/1045
f 1062/1062/1035 1072/1072/1045 1073/1073/1046
f 1063/1063/1036 1073/1073/1046 1074/1074/1047
f 1064/1064/1037 1074/1074/1047 1075/1075/1048
f 1065/1065/1038 1075/1075/1048 1076/1076/1049
f 1078/1078/1051 1089/1089/1062 1079/1079/1052
f 1067/1067/1040 1079/1079/1052 1080/1080/1053
f 1068/1068/1041 1080/1080/1053 1081/1081/1054
f 1069/1069/1042 1081/1081/1054 1082/1082/1055
f 1070/1070/1043 1082/1082/1055 1083/1083/1056
f 1071/1071/1044 1083/1083/1056 1084/1084/1057
f 1072/1072/1045 1084/1084/1057 1085/1085/1058
f 1073/1073/1046 1085/1085/1058 1086/1086/1059
f 1074/1074/1047 1086/1086/1059 1087/1087/1060
f 1075/1075/1048 1087/1087/1060 1088/1088/1061
f 1089/1089/1062 1160/1160/230 1090/1090/1063
f 1079/1079/1052 1090/1090/1063 1091/1091/1064
f 1080/1080/1053 1091/1091/1064 1092/1092/1065
f 1081/1081/1054 1092/1092/1065 1093/1093/840
f 1082/1082/1055 1093/1093/840 1094/1094/850
f 1083/1083/1056 1094/1094/850 1095/1095/870
f 1084/1084/1057 1095/1095/870 1096/1096/1066
f 1085/1085/1058 1096/1096/1066 1097/1097/890
f 1086/1086/1059 1097/1097/890 1098/1098/1067
f 1087/1087/1060 1098/1098/1067 1099/1099/1068
f 1100/1100/1069 1102/1102/1071 1045/1045/1018
f 1101/1101/1070 1104/1104/1073 1102/1102/1071
f 1103/1103/1072 1106/1106/1075 1104/1104/1073
f 1105/1105/1074 1108/1108/1077 1106/1106/1075
f 1105/1105/1074 1109/1109/1078 1107/1107/1076
f 1109/1109/1078 1111/1111/1080 1110/1110/1079
f 1111/1111/1080 1113/1113/1082 1112/1112/1081
f 1113/1113/1082 1115/1115/1084 1114/1114/1083
f 1115/1115/1084 1117/1117/1086 1116/1116/1085
f 1117/1117/1086 2800/2641/2670 1118/1118/1087
f 1102/1102/1071 1120/1120/1089 1056/1056/1029
f 1102/1102/1071 1104/1104/1073 1119/1119/1088
f 1104/1104/1073 1106/1106/1075 1121/1121/1090
f 1106/1106/1075 1108/1108/1077 1122/1122/1091
f 1108/1108/1077 1107/1107/1076 1123/1123/1092
f 1107/1107/1076 1110/1110/1079 1124/1124/1093
f 1110/1110/1079 1112/1112/1081 1125/1125/1094
f 1112/1112/1081 1114/1114/1083 1126/1126/1095
f 1114/1114/1083 1116/1116/1085 1127/1127/1096
f 1116/1116/1085 1118/1118/1087 1128/1128/1028
f 1120/1120/1089 1130/1130/1098 1066/1066/1039
f 1120/1120/1089 1119/1119/1088 1129/1129/1097
f 1119/1119/1088 1121/1121/1090 1131/1131/1099
f 1121/1121/1090 1122/1122/1091 1132/1132/1100
f 1122/1122/1091 1123/1123/1092 1133/1133/1101
f 1123/1123/1092 1124/1124/1093 1134/1134/1102
f 1124/1124/1093 1125/1125/1094 1135/1135/1103
f 1125/1125/1094 1126/1126/1095 1136/1136/1104
f 1126/1126/1095 1127/1127/1096 1137/1137/1105
f 1127/1127/1096 1128/1128/1028 1138/1138/1106
f 1130/1130/1098 1140/1140/1108 1078/1078/1051
f 1130/1130/1098 1129/1129/1097 1139/1139/1107
f 1129/1129/1097 1131/1131/1099 1141/1141/1109
f 1131/1131/1099 1132/1132/1100 1142/1142/1110
f 1132/1132/1100 1133/1133/1101 1143/1143/1111
f 1133/1133/1101 1134/1134/1102 1144/1144/1112
f 1134/1134/1102 1135/1135/1103 1145/1145/1113
f 1135/1135/1103 1136/1136/1104 1146/1146/1114
f 1136/1136/1104 1137/1137/1105 1147/1147/1115
f 1137/1137/1105 1138/1138/1106 1148/1148/1116
f 1078/1078/1051 1140/1140/1108 1149/1149/1117
f 1140/1140/1108 1139/1139/1107 1150/1150/1118
f 1139/1139/1107 1141/1141/1109 1151/1151/1119
f 1141/1141/1109 1142/1142/1110 1152/1152/1120
f 1142/1142/1110 1143/1143/1111 1153/1153/1121
f 1143/1143/1111 1144/1144/1112 1154/1154/1122
f 1144/1144/1112 1145/1145/1113 1155/1155/1123
f 1145/1145/1113 1146/1146/1114 1156/1156/1124
f 1146/1146/1114 1147/1147/1115 1157/1157/1125
f 1147/1147/1115 1148/1148/1116 1158/1158/1126
f 1089/1089/1062 1149/1149/1117 1159/1159/1127
f 1149/1149/1117 1150/1150/1118 1161/1161/493
f 1150/1150/1118 1151/1151/1119 1162/1162/1128
f 1151/1151/1119 1152/1152/1120 1163/1163/1129
f 1152/1152/1120 1153/1153/1121 1164/1164/1130
f 1153/1153/1121 1154/1154/1122 1165/1165/1131
f 1154/1154/1122 1155/1155/1123 1166/1166/1132
f 1155/1155/1123 1156/1156/1124 1167/1167/1133
f 1156/1156/1124 1157/1157/1125 1168/1168/1134
f 1157/1157/1125 1158/1158/1126 1169/1169/1068
f 1170/1170/1135 1201/1201/1166 1171/1171/1136
f 1172/1172/1137 1171/1171/1136 1173/1173/1138
f 1174/1174/1139 1173/1173/1138 1175/1175/1140
f 1176/1176/1141 1175/1175/1140 1177/1177/1142
f 1178/1178/1143 1177/1177/1142 1179/1179/1144
f 1180/1180/1145 1179/1179/1144 1181/1181/1146
f 1182/1182/1147 1181/1181/1146 1183/1183/1148
f 1184/1184/1149 1183/1183/1148 1185/1185/1150
f 1186/1186/1151 1185/1185/1150 1187/1187/1152
f 1188/1188/1153 1187/1187/1152 1189/1189/1154
f 1190/1190/1155 1189/1189/1154 1191/1191/1156
f 1192/1192/1157 1191/1191/1156 1193/1193/1158
f 1194/1194/1159 1193/1193/1158 1195/1195/1160
f 1196/1196/1161 1195/1195/1160 1197/1197/1162
f 1198/1198/1163 1197/1197/1162 1199/1199/1164
f 1201/1201/1166 1217/1217/1182 1202/1202/1167
f 1171/1171/1136 1202/1202/1167 1203/1203/1168
f 1173/1173/1138 1203/1203/1168 1204/1204/1169
f 1175/1175/1140 1204/1204/1169 1205/1205/1170
f 1177/1177/1142 1205/1205/1170 1206/1206/1171
f 1179/1179/1144 1206/1206/1171 1207/1207/1172
f 1181/1181/1146 1207/1207/1172 1208/1208/1173
f 1183/1183/1148 1208/1208/1173 1209/1209/1174
f 1185/1185/1150 1209/1209/1174 1210/1210/1175
f 1187/1187/1152 1210/1210/1175 1211/1211/1176
f 1189/1189/1154 1211/1211/1176 1212/1212/1177
f 1191/1191/1156 1212/1212/1177 1213/1213/1178
f 1193/1193/1158 1213/1213/1178 1214/1214/1179
f 1195/1195/1160 1214/1214/1179 1215/1215/1180
f 1197/1197/1162 1215/1215/1180 1216/1216/1181
f 1217/1217/1182 1233/1233/1198 1218/1218/1183
f 1202/1202/1167 1218/1218/1183 1219/1219/1184
f 1203/1203/1168 1219/1219/1184 1220/1220/1185
f 1204/1204/1169 1220/1220/1185 1221/1221/1186
f 1205/1205/1170 1221/1221/1186 1222/1222/1187
f 1206/1206/1171 1222/1222/1187 1223/1223/1188
f 1207/1207/1172 1223/1223/1188 1224/1224/1189
f 1208/1208/1173 1224/1224/1189 1225/1225/1190
f 1209/1209/1174 1225/1225/1190 1226/1226/1191
f 1210/1210/1175 1226/1226/1191 1227/1227/1192
f 1211/1211/1176 1227/1227/1192 1228/1228/1193
f 1212/1212/1177 1228/1228/1193 1229/1229/1194
f 1213/1213/1178 1229/1229/1194 1230/1230/1195
f 1214/1214/1179 1230/1230/1195 1231/1231/1196
f 1215/1215/1180 1231/1231/1196 1232/1232/1197
f 1233/1233/1198 1249/1249/1214 1234/1234/1199
f 1218/1218/1183 1234/1234/1199 1235/1235/1200
f 1219/1219/1184 1235/1235/1200 1236/1236/1201
f 1220/1220/1185 1236/1236/1201 1237/1237/1202
f 1221/1221/1186 1237/1237/1202 1238/1238/1203
f 1222/1222/1187 1238/1238/1203 1239/1239/1204
f 1223/1223/1188 1239/1239/1204 1240/1240/1205
f 1224/1224/1189 1240/1240/1205 1241/1241/1206
f 1225/1225/1190 1241/1241/1206 1242/1242/1207
f 1226/1226/1191 1242/1242/1207 1243/1243/1208
f 1227/1227/1192 1243/1243/1208 1244/1244/1209
f 1228/1228/1193 1244/1244/1209 1245/1245/1210
f 1229/1229/1194 1245/1245/1210 1246/1246/1211
f 1230/1230/1195 1246/1246/1211 1247/1247/1212
f 1231/1231/1196 1247/1247/1212 1248/1248/1213
f 1249/1249/1214 1265/1265/1230 1250/1250/1215
f 1234/1234/1199 1250/1250/1215 1251/1251/1216
f 1235/1235/1200 1251/1251/1216 1252/1252/1217
f 1236/1236/1201 1252/1252/1217 1253/1253/1218
f 1237/1237/1202 1253/1253/1218 1254/1254/1219
f 1238/1238/1203 1254/1254/1219 1255/1255/1220
f 1239/1239/1204 1255/1255/1220 1256/1256/1221
f 1240/1240/1205 1256/1256/1221 1257/1257/1222
f 1241/1241/1206 1257/1257/1222 1258/1258/1223
f 1242/1242/1207 1258/1258/1223 1259/1259/1224
f 1243/1243/1208 1259/1259/1224 1260/1260/1225
f 1244/1244/1209 1260/1260/1225 1261/1261/1226
f 1245/1245/1210 1261/1261/1226 1262/1262/1227
f 1246/1246/1211 1262/1262/1227 1263/1263/1228
f 1247/1247/1212 1263/1263/1228 1264/1264/1229
f 1265/1265/1230 1281/1281/1246 1266/1266/1231
f 1250/1250/1215 1266/1266/1231 1267/1267/1232
f 1251/1251/1216 1267/1267/1232 1268/1268/1233
f 1252/1252/1217 1268/1268/1233 1269/1269/1234
f 1253/1253/1218 1269/1269/1234 1270/1270/1235
f 1254/1254/1219 1270/1270/1235 1271/1271/1236
f 1255/1255/1220 1271/1271/1236 1272/1272/1237
f 1256/1256/1221 1272/1272/1237 1273/1273/1238
f 1257/1257/1222 1273/1273/1238 1274/1274/1239
f 1258/1258/1223 1274/1274/1239 1275/1275/1240
f 1259/1259/1224 1275/1275/1240 1276/1276/1241
f 1260/1260/1225 1276/1276/1241 1277/1277/1242
f 1261/1261/1226 1277/1277/1242 1278/1278/1243
f 1262/1262/1227 1278/1278/1243 1279/1279/1244
f 1263/1263/1228 1279/1279/1244 1280/1280/1245
f 1281/1281/1246 1297/1297/1262 1282/1282/1247
f 1266/1266/1231 1282/1282/1247 1283/1283/1248
f 1267/1267/1232 1283/1283/1248 1284/1284/1249
f 1268/1268/1233 1284/1284/1249 1285/1285/1250
f 1269/1269/1234 1285/1285/1250 1286/1286/1251
f 1270/1270/1235 1286/1286/1251 1287/1287/1252
f 1271/1271/1236 1287/1287/1252 1288/1288/1253
f 1272/1272/1237 1288/1288/1253 1289/1289/1254
f 1273/1273/1238 1289/1289/1254 1290/1290/1255
f 1274/1274/1239 1290/1290/1255 1291/1291/1256
f 1275/1275/1240 1291/1291/1256 1292/1292/1257
f 1276/1276/1241 1292/1292/1257 1293/1293/1258
f 1277/1277/1242 1293/1293/1258 1294/1294/1259
f 1278/1278/1243 1294/1294/1259 1295/1295/1260
f 1279/1279/1244 1295/1295/1260 1296/1296/1261
f 1297/1297/1262 1313/1313/1278 1298/1298/1263
f 1282/1282/1247 1298/1298/1263 1299/1299/1264
f 1283/1283/1248 1299/1299/1264 1300/1300/1265
f 1284/1284/1249 1300/1300/1265 1301/1301/1266
f 1285/1285/1250 1301/1301/1266 1302/1302/1267
f 1286/1286/1251 1302/1302/1267 1303/1303/1268
f 1287/1287/1252 1303/1303/1268 1304/1304/1269
f 1288/1288/1253 1304/1304/1269 1305/1305/1270
f 1289/1289/1254 1305/1305/1270 1306/1306/1271
f 1290/1290/1255 1306/1306/1271 1307/1307/1272
f 1291/1291/1256 1307/1307/1272 1308/1308/1273
f 1292/1292/1257 1308/1308/1273 1309/1309/1274
f 1293/1293/1258 1309/1309/1274 1310/1310/1275
f 1294/1294/1259 1310/1310/1275 1311/1311/1276
f 1295/1295/1260 1311/1311/1276 1312/1312/1277
f 1313/1313/1278 1328/1328/1293 1314/1314/1279
f 1298/1298/1263 1314/1314/1279 1315/1315/1280
f 1299/1299/1264 1315/1315/1280 1316/1316/1281
f 1300/1300/1265 1316/1316/1281 1317/1317/1282
f 1301/1301/1266 1317/1317/1282 1318/1318/1283
f 1302/1302/1267 1318/1318/1283 1319/1319/1284
f 1303/1303/1268 1319/1319/1284 1320/1320/1285
f 1304/1304/1269 1320/1320/1285 1321/1321/1286
f 1305/1305/1270 1321/1321/1286 1322/1322/1287
f 1306/1306/1271 1322/1322/1287 1323/1323/1288
f 1307/1307/1272 1323/1323/1288 1324/1324/1289
f 1308/1308/1273 1324/1324/1289 1325/1325/1290
f 1309/1309/1274 1325/1325/1290 1326/1326/1291
f 1326/1326/1291 1341/1341/1306 1311/1311/1276
f 1311/1311/1276 1341/1341/1306 1327/1327/1292
f 1328/1328/1293 1344/1344/1309 1329/1329/1294
f 1314/1314/1279 1329/1329/1294 1330/1330/1295
f 1315/1315/1280 1330/1330/1295 1331/1331/1296
f 1316/1316/1281 1331/1331/1296 1332/1332/1297
f 1317/1317/1282 1332/1332/1297 1333/1333/1298
f 1318/1318/1283 1333/1333/1298 1334/1334/1299
f 1319/1319/1284 1334/1334/1299 1335/1335/1300
f 1335/1335/1300 1336/1336/1301 1321/1321/1286
f 1336/1336/1301 1353/1353/1318 1322/1322/1287
f 1322/1322/1287 1353/1353/1318 1337/1337/1302
f 1323/1323/1288 1337/1337/1302 1338/1338/1303
f 1324/1324/1289 1338/1338/1303 1339/1339/1304
f 1339/1339/1304 1340/1340/1305 1326/1326/1291
f 1340/1340/1305 1359/1359/1324 1341/1341/1306
f 1341/1341/1306 1359/1359/1324 1342/1342/1307
f 1343/1343/1308 1345/1345/1310 1329/1329/1294
f 1345/1345/1310 1346/1346/1311 1330/1330/1295
f 1346/1346/1311 1347/1347/1312 1331/1331/1296
f 1347/1347/1312 1348/1348/1313 1332/1332/1297
f 1348/1348/1313 1349/1349/1314 1333/1333/1298
f 1349/1349/1314 1350/1350/1315 1334/1334/1299
f 1350/1350/1315 1351/1351/1316 1335/1335/1300
f 1351/1351/1316 1352/1352/1317 1336/1336/1301
f 1352/1352/1317 1354/1354/1319 1353/1353/1318
f 1354/1354/1319 1355/1355/1320 1337/1337/1302
f 1355/1355/1320 1356/1356/1321 1338/1338/1303
f 1356/1356/1321 1357/1357/1322 1339/1339/1304
f 1357/1357/1322 1358/1358/1323 1340/1340/1305
f 1358/1358/1323 1375/1375/1340 1359/1359/1324
f 1359/1359/1324 1375/1375/1340 1360/1360/1325
f 1361/1361/1326 1362/1362/1327 1345/1345/1310
f 1362/1362/1327 1363/1363/1328 1346/1346/1311
f 1363/1363/1328 1364/1364/1329 1347/1347/1312
f 1364/1364/1329 1365/1365/1330 1348/1348/1313
f 1365/1365/1330 1366/1366/1331 1349/1349/1314
f 1366/1366/1331 1367/1367/1332 1350/1350/1315
f 1367/1367/1332 1368/1368/1333 1351/1351/1316
f 1368/1368/1333 1369/1369/1334 1352/1352/1317
f 1369/1369/1334 1370/1370/1335 1354/1354/1319
f 1370/1370/1335 1371/1371/1336 1355/1355/1320
f 1371/1371/1336 1372/1372/1337 1356/1356/1321
f 1372/1372/1337 1373/1373/1338 1357/1357/1322
f 1373/1373/1338 1374/1374/1339 1358/1358/1323
f 1374/1374/1339 1376/1376/1341 1375/1375/1340
f 1376/1376/1341 1392/1392/1357 1360/1360/1325
f 1377/1377/1342 1378/1378/1343 1362/1362/1327
f 1378/1378/1343 1379/1379/1344 1363/1363/1328
f 1379/1379/1344 1380/1380/1345 1364/1364/1329
f 1380/1380/1345 1381/1381/1346 1365/1365/1330
f 1381/1381/1346 1382/1382/1347 1366/1366/1331
f 1382/1382/1347 1383/1383/1348 1367/1367/1332
f 1383/1383/1348 1384/1384/1349 1368/1368/1333
f 1384/1384/1349 1385/1385/1350 1369/1369/1334
f 1385/1385/1350 1386/1386/1351 1370/1370/1335
f 1386/1386/1351 1387/1387/1352 1371/1371/1336
f 1387/1387/1352 1388/1388/1353 1372/1372/1337
f 1388/1388/1353 1389/1389/1354 1373/1373/1338
f 1389/1389/1354 1390/1390/1355 1374/1374/1339
f 1390/1390/1355 1391/1391/1356 1376/1376/1341
f 1391/1391/1356 1408/1408/1373 1392/1392/1357
f 1393/1393/1358 1394/1394/1359 1378/1378/1343
f 1394/1394/1359 1395/1395/1360 1379/1379/1344
f 1395/1395/1360 1396/1396/1361 1380/1380/1345
f 1396/1396/1361 1397/1397/1362 1381/1381/1346
f 1397/1397/1362 1398/1398/1363 1382/1382/1347
f 1398/1398/1363 1399/1399/1364 1383/1383/1348
f 1399/1399/1364 1400/1400/1365 1384/1384/1349
f 1400/1400/1365 1401/1401/1366 1385/1385/1350
f 1401/1401/1366 1402/1402/1367 1386/1386/1351
f 1402/1402/1367 1403/1403/1368 1387/1387/1352
f 1403/1403/1368 1404/1404/1369 1388/1388/1353
f 1404/1404/1369 1405/1405/1370 1389/1389/1354
f 1405/1405/1370 1406/1406/1371 1390/1390/1355
f 1406/1406/1371 1407/1407/1372 1391/1391/1356
f 1407/1407/1372 1424/1424/1389 1408/1408/1373
f 1409/1409/1374 1410/1410/1375 1394/1394/1359
f 1410/1410/1375 1411/1411/1376 1395/1395/1360
f 1411/1411/1376 1412/1412/1377 1396/1396/1361
f 1412/1412/1377 1413/1413/1378 1397/1397/1362
f 1413/1413/1378 1414/1414/1379 1398/1398/1363
f 1414/1414/1379 1415/1415/1380 1399/1399/1364
f 1415/1415/1380 1416/1416/1381 1400/1400/1365
f 1416/1416/1381 1417/1417/1382 1401/1401/1366
f 1417/1417/1382 1418/1418/1383 1402/1402/1367
f 1418/1418/1383 1419/1419/1384 1403/1403/1368
f 1419/1419/1384 1420/1420/1385 1404/1404/1369
f 1420/1420/1385 1421/1421/1386 1405/1405/1370
f 1421/1421/1386 1422/1422/1387 1406/1406/1371
f 1422/1422/1387 1423/1423/1388 1407/1407/1372
f 1423/1423/1388 1440/1440/1405 1424/1424/1389
f 1425/1425/1390 1426/1426/1391 1410/1410/1375
f 1426/1426/1391 1427/1427/1392 1411/1411/1376
f 1427/1427/1392 1428/1428/1393 1412/1412/1377
f 1428/1428/1393 1429/1429/1394 1413/1413/1378
f 1429/1429/1394 1430/1430/1395 1414/1414/1379
f 1430/1430/1395 1431/1431/1396 1415/1415/1380
f 1431/1431/1396 1432/1432/1397 1416/1416/1381
f 1432/1432/1397 1433/1433/1398 1417/1417/1382
f 1433/1433/1398 1434/1434/1399 1418/1418/1383
f 1434/1434/1399 1435/1435/1400 1419/1419/1384
f 1435/1435/1400 1436/1436/1401 1420/1420/1385
f 1436/1436/1401 1437/1437/1402 1421/1421/1386
f 1437/1437/1402 1438/1438/1403 1422/1422/1387
f 1438/1438/1403 1439/1439/1404 1423/1423/1388
f 1439/1439/1404 1455/1455/1420 1440/1440/1405
f 1441/1441/1406 1442/1442/1407 1426/1426/1391
f 1442/1442/1407 1443/1443/1408 1427/1427/1392
f 1443/1443/1408 1444/1444/1409 1428/1428/1393
f 1444/1444/1409 1445/1445/1410 1429/1429/1394
f 1445/1445/1410 1446/1446/1411 1430/1430/1395
f 1446/1446/1411 1447/1447/1412 1431/1431/1396
f 1447/1447/1412 1448/1448/1413 1432/1432/1397
f 1448/1448/1413 1449/1449/1414 1433/1433/1398
f 1449/1449/1414 1450/1450/1415 1434/1434/1399
f 1450/1450/1415 1451/1451/1416 1435/1435/1400
f 1451/1451/1416 1452/1452/1417 1436/1436/1401
f 1452/1452/1417 1453/1453/1418 1437/1437/1402
f 1453/1453/1418 1469/1469/1434 1438/1438/1403
f 1438/1438/1403 1469/1469/1434 1454/1454/1419
f 1454/1454/1419 1472/1472/1437 1455/1455/1420
f 1456/1456/1421 1457/1457/1422 1442/1442/1407
f 1457/1457/1422 1458/1458/1423 1443/1443/1408
f 1458/1458/1423 1459/1459/1424 1444/1444/1409
f 1459/1459/1424 1460/1460/1425 1445/1445/1410
f 1460/1460/1425 1461/1461/1426 1446/1446/1411
f 1461/1461/1426 1462/1462/1427 1447/1447/1412
f 1462/1462/1427 1463/1463/1428 1448/1448/1413
f 1463/1463/1428 1464/1464/1429 1449/1449/1414
f 1464/1464/1429 1465/1465/1430 1450/1450/1415
f 1465/1465/1430 1466/1466/1431 1451/1451/1416
f 1466/1466/1431 1467/1467/1432 1452/1452/1417
f 1467/1467/1432 1468/1468/1433 1453/1453/1418
f 1468/1468/1433 1470/1470/1435 1469/1469/1434
f 1470/1470/1435 1487/1487/1452 1454/1454/1419
f 1454/1454/1419 1487/1487/1452 1471/1471/1436
f 1473/1473/1438 1474/1474/1439 1457/1457/1422
f 1474/1474/1439 1475/1475/1440 1458/1458/1423
f 1475/1475/1440 1476/1476/1441 1459/1459/1424
f 1476/1476/1441 1477/1477/1442 1460/1460/1425
f 1477/1477/1442 1478/1478/1443 1461/1461/1426
f 1478/1478/1443 1479/1479/1444 1462/1462/1427
f 1479/1479/1444 1480/1480/1445 1463/1463/1428
f 1480/1480/1445 1481/1481/1446 1464/1464/1429
f 1481/1481/1446 1482/1482/1447 1465/1465/1430
f 1482/1482/1447 1483/1483/1448 1466/1466/1431
f 1483/1483/1448 1484/1484/1449 1467/1467/1432
f 1484/1484/1449 1485/1485/1450 1468/1468/1433
f 1485/1485/1450 1501/1501/1462 1470/1470/1435
f 1470/1470/1435 1501/1501/1462 1486/1486/1451
f 1486/1486/1451 1504/1504/1464 1471/1471/1436
f 1488/1488/1453 1489/1489/1137 1474/1474/1439
f 1489/1489/1137 1490/1490/1454 1475/1475/1440
f 1490/1490/1454 1491/1491/1455 1476/1476/1441
f 1491/1491/1455 1492/1492/1456 1477/1477/1442
f 1492/1492/1456 1493/1493/1457 1478/1478/1443
f 1493/1493/1457 1494/1494/1147 1479/1479/1444
f 1494/1494/1147 1495/1495/1458 1480/1480/1445
f 1495/1495/1458 1496/1496/1459 1481/1481/1446
f 1496/1496/1459 1497/1497/1460 1482/1482/1447
f 1497/1497/1460 1498/1498/1155 1483/1483/1448
f 1498/1498/1155 1499/1499/1157 1484/1484/1449
f 1499/1499/1157 1500/1500/1461 1485/1485/1450
f 1500/1500/1461 1502/1502/1161 1501/1501/1462
f 1502/1502/1161 1503/1503/1463 1486/1486/1451
f 1503/1503/1463 2801/2642/1165 1504/1504/1464
f 1505/1505/1465 1524/1524/1480 1506/1506/1466
f 1506/1506/1466 1509/1509/1468 1508/1508/270
f 1509/1509/1468 1511/1511/1470 1510/1510/1469
f 1511/1511/1470 1513/1513/1472 1512/1512/1471
f 1513/1513/1472 1515/1515/1474 1514/1514/1473
f 1515/1515/1474 1517/1517/1476 1516/1516/1475
f 1517/1517/1476 1519/1519/1477 1518/1518/246
f 1519/1519/1477 1521/1521/1478 1520/1520/241
f 1521/1521/1478 2802/2643/1513 1522/1522/236
f 1523/1523/1479 1526/1526/1481 1524/1524/1480
f 1525/1525/279 1528/1528/1482 1526/1526/1481
f 1527/1527/281 1530/1530/1483 1528/1528/1482
f 1529/1529/283 1532/1532/1484 1530/1530/1483
f 1531/1531/285 1534/1534/1485 1532/1532/1484
f 1533/1533/287 1536/1536/1487 1534/1534/1485
f 1535/1535/1486 1538/1538/1488 1536/1536/1487
f 1537/1537/291 1540/1540/1489 1538/1538/1488
f 1539/1539/293 2803/2644/1501 1540/1540/1489
f 1541/1541/758 1561/1561/1503 1542/1542/1490
f 1543/1543/756 1542/1542/1490 1544/1544/1491
f 1545/1545/1492 1544/1544/1491 1546/1546/1493
f 1547/1547/1494 1546/1546/1493 1548/1548/1495
f 1549/1549/742 1548/1548/1495 1550/1550/1496
f 1551/1551/737 1550/1550/1496 1552/1552/1497
f 1553/1553/732 1552/1552/1497 1554/1554/1498
f 1555/1555/1499 1554/1554/1498 1556/1556/1500
f 1557/1557/722 1556/1556/1500 1558/1558/1501
f 1541/1541/758 1562/1562/757 1560/1560/1502
f 1562/1562/757 1564/1564/760 1563/1563/1504
f 1564/1564/760 1566/1566/762 1565/1565/1505
f 1566/1566/762 1568/1568/764 1567/1567/1506
f 1568/1568/764 1570/1570/1508 1569/1569/1507
f 1570/1570/1508 1572/1572/768 1571/1571/1509
f 1572/1572/768 1574/1574/1511 1573/1573/1510
f 1574/1574/1511 1576/1576/772 1575/1575/1512
f 1576/1576/772 2804/2645/2671 1577/1577/1513
f 1578/1578/1514 1582/1582/710 1579/1579/495
f 1581/1581/1516 1584/1584/1518 1582/1582/710
f 1583/1583/1517 1586/1586/683 1584/1584/1518
f 1585/1585/1519 1588/1588/671 1586/1586/683
f 1585/1585/1519 1589/1589/1521 1587/1587/1520
f 1589/1589/1521 1591/1591/1523 1590/1590/1522
f 1591/1591/1523 1593/1593/1524 1592/1592/635
f 1593/1593/1524 1595/1595/1526 1594/1594/1525
f 1595/1595/1526 2443/2443/984 1596/1596/19
f 1580/1580/1515 1579/1579/495 1597/1597/1527
f 1597/1597/1527 1600/1600/499 1599/1599/1529
f 1600/1600/499 1602/1602/501 1601/1601/1530
f 1602/1602/501 1604/1604/503 1603/1603/1531
f 1604/1604/503 1606/1606/505 1605/1605/1532
f 1606/1606/505 2805/2646/2672 1607/1607/1533
f 1607/1607/1533 2805/2646/2672 1608/1608/1534
f 1608/1608/1534 2806/2647/511 1610/1610/1536
f 1610/1610/1536 2806/2647/511 1611/1611/1537
f 1613/1613/1538 1616/1616/1541 1614/1614/1539
f 1616/1616/1541 1619/1619/1544 1617/1617/1542
f 1618/1618/1543 1621/1621/1546 1617/1617/1542
f 1618/1618/1543 1622/1622/1547 1620/1620/1545
f 1622/1622/1547 1624/1624/1549 1623/1623/1548
f 1624/1624/1549 1626/1626/1551 1625/1625/1550
f 1626/1626/1551 1628/1628/1553 1627/1627/1552
f 1628/1628/1553 1630/1630/1555 1629/1629/1554
f 1630/1630/1555 1632/1632/1557 1631/1631/1556
f 1632/1632/1557 2807/2648/2673 1633/1633/1558
f 1615/1615/1540 1614/1614/1539 1634/1634/1559
f 1614/1614/1539 1617/1617/1542 1636/1636/1561
f 1617/1617/1542 1621/1621/1546 1637/1637/1562
f 1621/1621/1546 1620/1620/1545 1638/1638/1563
f 1620/1620/1545 1623/1623/1548 1639/1639/1564
f 1623/1623/1548 1625/1625/1550 1640/1640/1565
f 1625/1625/1550 1627/1627/1552 1641/1641/1566
f 1627/1627/1552 1629/1629/1554 1642/1642/1567
f 1629/1629/1554 1631/1631/1556 1643/1643/1568
f 1631/1631/1556 1633/1633/1558 1644/1644/1569
f 1635/1635/1560 1634/1634/1559 1645/1645/1570
f 1634/1634/1559 1636/1636/1561 1647/1647/1572
f 1636/1636/1561 1637/1637/1562 1648/1648/1573
f 1637/1637/1562 1638/1638/1563 1649/1649/1574
f 1638/1638/1563 1639/1639/1564 1650/1650/1575
f 1639/1639/1564 1640/1640/1565 1651/1651/1576
f 1640/1640/1565 1641/1641/1566 1652/1652/1577
f 1641/1641/1566 1642/1642/1567 1653/1653/1578
f 1642/1642/1567 1643/1643/1568 1654/1654/1579
f 1644/1644/1569 1665/1665/1590 1654/1654/1579
f 1646/1646/1571 1645/1645/1570 1655/1655/1580
f 1645/1645/1570 1647/1647/1572 1657/1657/1582
f 1647/1647/1572 1648/1648/1573 1658/1658/1583
f 1648/1648/1573 1649/1649/1574 1659/1659/1584
f 1649/1649/1574 1650/1650/1575 1660/1660/1585
f 1650/1650/1575 1651/1651/1576 1661/1661/1586
f 1651/1651/1576 1652/1652/1577 1662/1662/1587
f 1652/1652/1577 1653/1653/1578 1663/1663/1588
f 1653/1653/1578 1654/1654/1579 1664/1664/1589
f 1665/1665/1590 1676/1676/1601 1664/1664/1589
f 1656/1656/1581 1655/1655/1580 1666/1666/1591
f 1655/1655/1580 1657/1657/1582 1668/1668/1593
f 1657/1657/1582 1658/1658/1583 1669/1669/1594
f 1658/1658/1583 1659/1659/1584 1670/1670/1595
f 1659/1659/1584 1660/1660/1585 1671/1671/1596
f 1660/1660/1585 1661/1661/1586 1672/1672/1597
f 1661/1661/1586 1662/1662/1587 1673/1673/1598
f 1662/1662/1587 1663/1663/1588 1674/1674/1599
f 1663/1663/1588 1664/1664/1589 1675/1675/1600
f 1676/1676/1601 2808/2649/2674 1675/1675/1600
f 1667/1667/1592 1666/1666/1591 1677/1677/1602
f 1666/1666/1591 1668/1668/1593 1679/1679/971
f 1668/1668/1593 1669/1669/1594 1680/1680/1604
f 1669/1669/1594 1670/1670/1595 1681/1681/1605
f 1670/1670/1595 1671/1671/1596 1682/1682/936
f 1671/1671/1596 1672/1672/1597 1683/1683/927
f 1672/1672/1597 1673/1673/1598 1684/1684/1606
f 1673/1673/1598 1674/1674/1599 1685/1685/1607
f 1674/1674/1599 1675/1675/1600 1686/1686/1608
f 1675/1675/1600 2808/2649/2674 1687/1687/1609
f 1615/1615/1540 1689/1689/1611 1688/1688/1610
f 1689/1689/1611 1691/1691/1613 1690/1690/1612
f 1691/1691/1613 1693/1693/1615 1692/1692/1614
f 1693/1693/1615 1710/1710/1632 1694/1694/1616
f 1694/1694/1616 1710/1710/1632 1695/1695/1617
f 1696/1696/1618 1695/1695/1617 1697/1697/1619
f 1698/1698/1620 1697/1697/1619 1699/1699/1621
f 1700/1700/1622 1699/1699/1621 1701/1701/1623
f 1702/1702/1624 1701/1701/1623 1703/1703/1625
f 1704/1704/1626 1703/1703/1625 1705/1705/1627
f 1635/1635/1560 1717/1717/1638 1689/1689/1611
f 1689/1689/1611 1717/1717/1638 1707/1707/1629
f 1691/1691/1613 1707/1707/1629 1708/1708/1630
f 1693/1693/1615 1708/1708/1630 1709/1709/1631
f 1710/1710/1632 1709/1709/1631 1711/1711/1633
f 1695/1695/1617 1711/1711/1633 1712/1712/1634
f 1697/1697/1619 1712/1712/1634 1713/1713/1635
f 1699/1699/1621 1713/1713/1635 1714/1714/1636
f 1701/1701/1623 1714/1714/1636 1715/1715/1637
f 1703/1703/1625 1715/1715/1637 1716/1716/1569
f 1646/1646/1571 1727/1727/1647 1717/1717/1638
f 1717/1717/1638 1727/1727/1647 1718/1718/1639
f 1707/1707/1629 1718/1718/1639 1719/1719/1640
f 1708/1708/1630 1719/1719/1640 1720/1720/1641
f 1709/1709/1631 1720/1720/1641 1721/1721/1642
f 1711/1711/1633 1721/1721/1642 1722/1722/1643
f 1712/1712/1634 1722/1722/1643 1723/1723/1644
f 1713/1713/1635 1723/1723/1644 1724/1724/1645
f 1714/1714/1636 1724/1724/1645 1725/1725/1646
f 1715/1715/1637 1725/1725/1646 1726/1726/1590
f 1656/1656/1581 1737/1737/1656 1727/1727/1647
f 1727/1727/1647 1737/1737/1656 1728/1728/1648
f 1718/1718/1639 1728/1728/1648 1729/1729/1649
f 1719/1719/1640 1729/1729/1649 1730/1730/1650
f 1720/1720/1641 1730/1730/1650 1731/1731/1651
f 1721/1721/1642 1731/1731/1651 1732/1732/1652
f 1722/1722/1643 1732/1732/1652 1733/1733/1653
f 1723/1723/1644 1733/1733/1653 1734/1734/1654
f 1724/1724/1645 1734/1734/1654 1735/1735/1655
f 1725/1725/1646 1735/1735/1655 1736/1736/1601
f 1667/1667/1592 1748/1748/1667 1737/1737/1656
f 1737/1737/1656 1748/1748/1667 1738/1738/1657
f 1728/1728/1648 1738/1738/1657 1739/1739/1658
f 1729/1729/1649 1739/1739/1658 1740/1740/1659
f 1730/1730/1650 1740/1740/1659 1741/1741/1660
f 1731/1731/1651 1741/1741/1660 1742/1742/1661
f 1732/1732/1652 1742/1742/1661 1743/1743/1662
f 1733/1733/1653 1743/1743/1662 1744/1744/1663
f 1734/1734/1654 1744/1744/1663 1745/1745/1664
f 1735/1735/1655 1745/1745/1664 1746/1746/1665
f 1667/1667/1592 1678/1678/1603 1747/1747/1666
f 1748/1748/1667 1747/1747/1666 1749/1749/341
f 1738/1738/1657 1749/1749/341 1750/1750/351
f 1739/1739/1658 1750/1750/351 1751/1751/361
f 1740/1740/1659 1751/1751/361 1752/1752/371
f 1741/1741/1660 1752/1752/371 1753/1753/1668
f 1742/1742/1661 1753/1753/1668 1754/1754/1669
f 1743/1743/1662 1754/1754/1669 1755/1755/1670
f 1744/1744/1663 1755/1755/1670 1756/1756/1671
f 1745/1745/1664 1756/1756/1671 1757/1757/121
f 1758/1758/1672 1761/1761/1675 1759/1759/1673
f 1761/1761/1675 1763/1763/1677 1762/1762/1676
f 1763/1763/1677 1765/1765/1679 1764/1764/1678
f 1765/1765/1679 1767/1767/1681 1766/1766/1680
f 1767/1767/1681 1769/1769/1683 1768/1768/1682
f 1769/1769/1683 1771/1771/1685 1770/1770/1684
f 1771/1771/1685 1773/1773/1687 1772/1772/1686
f 1773/1773/1687 1775/1775/1689 1774/1774/1688
f 1775/1775/1689 1777/1777/1691 1776/1776/1690
f 1777/1777/1691 1779/1779/1693 1778/1778/1692
f 1779/1779/1693 1781/1781/1695 1780/1780/1694
f 1781/1781/1695 1783/1783/1697 1782/1782/1696
f 1783/1783/1697 1785/1785/1699 1784/1784/1698
f 1785/1785/1699 1787/1787/1701 1786/1786/1700
f 1787/1787/1701 2809/2650/2675 1788/1788/1702
f 1760/1760/1674 1759/1759/1673 1789/1789/1703
f 1759/1759/1673 1762/1762/1676 1791/1791/1705
f 1762/1762/1676 1764/1764/1678 1792/1792/1706
f 1764/1764/1678 1766/1766/1680 1793/1793/1707
f 1766/1766/1680 1768/1768/1682 1794/1794/1708
f 1768/1768/1682 1770/1770/1684 1795/1795/1709
f 1770/1770/1684 1772/1772/1686 1796/1796/1710
f 1772/1772/1686 1774/1774/1688 1797/1797/1711
f 1774/1774/1688 1776/1776/1690 1798/1798/1712
f 1776/1776/1690 1778/1778/1692 1799/1799/1713
f 1778/1778/1692 1780/1780/1694 1800/1800/1714
f 1780/1780/1694 1782/1782/1696 1801/1801/1715
f 1782/1782/1696 1784/1784/1698 1802/1802/1716
f 1784/1784/1698 1786/1786/1700 1803/1803/1717
f 1786/1786/1700 1788/1788/1702 1804/1804/1718
f 1790/1790/1704 1789/1789/1703 1805/1805/1719
f 1789/1789/1703 1791/1791/1705 1807/1807/1721
f 1791/1791/1705 1792/1792/1706 1808/1808/1722
f 1792/1792/1706 1793/1793/1707 1809/1809/1723
f 1793/1793/1707 1794/1794/1708 1810/1810/1724
f 1794/1794/1708 1795/1795/1709 1811/1811/1725
f 1795/1795/1709 1796/1796/1710 1812/1812/1726
f 1796/1796/1710 1797/1797/1711 1813/1813/1727
f 1797/1797/1711 1798/1798/1712 1814/1814/1728
f 1798/1798/1712 1799/1799/1713 1815/1815/1729
f 1799/1799/1713 1800/1800/1714 1816/1816/1730
f 1800/1800/1714 1801/1801/1715 1817/1817/1731
f 1801/1801/1715 1802/1802/1716 1818/1818/1732
f 1802/1802/1716 1803/1803/1717 1819/1819/1733
f 1803/1803/1717 1804/1804/1718 1820/1820/1734
f 1806/1806/1720 1805/1805/1719 1821/1821/1735
f 1805/1805/1719 1807/1807/1721 1823/1823/1737
f 1807/1807/1721 1808/1808/1722 1824/1824/1738
f 1808/1808/1722 1809/1809/1723 1825/1825/1739
f 1809/1809/1723 1810/1810/1724 1826/1826/1740
f 1810/1810/1724 1811/1811/1725 1827/1827/1741
f 1811/1811/1725 1812/1812/1726 1828/1828/1742
f 1812/1812/1726 1813/1813/1727 1829/1829/1743
f 1813/1813/1727 1814/1814/1728 1830/1830/1744
f 1814/1814/1728 1815/1815/1729 1831/1831/1745
f 1815/1815/1729 1816/1816/1730 1832/1832/1746
f 1816/1816/1730 1817/1817/1731 1833/1833/1747
f 1817/1817/1731 1818/1818/1732 1834/1834/1748
f 1818/1818/1732 1819/1819/1733 1835/1835/1749
f 1819/1819/1733 1820/1820/1734 1836/1836/1750
f 1822/1822/1736 1821/1821/1735 1837/1837/1751
f 1821/1821/1735 1823/1823/1737 1839/1839/1753
f 1823/1823/1737 1824/1824/1738 1840/1840/1754
f 1824/1824/1738 1825/1825/1739 1841/1841/1755
f 1825/1825/1739 1826/1826/1740 1842/1842/1756
f 1826/1826/1740 1827/1827/1741 1843/1843/1757
f 1827/1827/1741 1828/1828/1742 1844/1844/1758
f 1828/1828/1742 1829/1829/1743 1845/1845/1759
f 1829/1829/1743 1830/1830/1744 1846/1846/1760
f 1830/1830/1744 1831/1831/1745 1847/1847/1761
f 1831/1831/1745 1832/1832/1746 1848/1848/1762
f 1832/1832/1746 1833/1833/1747 1849/1849/1763
f 1833/1833/1747 1834/1834/1748 1850/1850/1764
f 1834/1834/1748 1835/1835/1749 1851/1851/1765
f 1835/1835/1749 1836/1836/1750 1852/1852/1766
f 1838/1838/1752 1837/1837/1751 1853/1853/1767
f 1837/1837/1751 1839/1839/1753 1855/1855/1769
f 1839/1839/1753 1840/1840/1754 1856/1856/1770
f 1840/1840/1754 1841/1841/1755 1857/1857/1771
f 1841/1841/1755 1842/1842/1756 1858/1858/1772
f 1842/1842/1756 1843/1843/1757 1859/1859/1773
f 1843/1843/1757 1844/1844/1758 1860/1860/1774
f 1844/1844/1758 1845/1845/1759 1861/1861/1775
f 1845/1845/1759 1846/1846/1760 1862/1862/1776
f 1846/1846/1760 1847/1847/1761 1863/1863/1777
f 1847/1847/1761 1848/1848/1762 1864/1864/1778
f 1848/1848/1762 1849/1849/1763 1865/1865/1779
f 1849/1849/1763 1850/1850/1764 1866/1866/1780
f 1850/1850/1764 1851/1851/1765 1867/1867/1781
f 1851/1851/1765 1852/1852/1766 1868/1868/1782
f 1854/1854/1768 1853/1853/1767 1869/1869/1783
f 1853/1853/1767 1855/1855/1769 1871/1871/1785
f 1855/1855/1769 1856/1856/1770 1872/1872/1786
f 1856/1856/1770 1857/1857/1771 1873/1873/1787
f 1857/1857/1771 1858/1858/1772 1874/1874/1788
f 1858/1858/1772 1859/1859/1773 1875/1875/1789
f 1859/1859/1773 1860/1860/1774 1876/1876/1790
f 1860/1860/1774 1861/1861/1775 1877/1877/1791
f 1861/1861/1775 1862/1862/1776 1878/1878/1792
f 1862/1862/1776 1863/1863/1777 1879/1879/1793
f 1863/1863/1777 1864/1864/1778 1880/1880/1794
f 1864/1864/1778 1865/1865/1779 1881/1881/1795
f 1865/1865/1779 1866/1866/1780 1882/1882/1796
f 1866/1866/1780 1867/1867/1781 1883/1883/1797
f 1867/1867/1781 1868/1868/1782 1884/1884/1798
f 1870/1870/1784 1869/1869/1783 1885/1885/1799
f 1869/1869/1783 1871/1871/1785 1887/1887/1801
f 1871/1871/1785 1872/1872/1786 1888/1888/1802
f 1872/1872/1786 1873/1873/1787 1889/1889/1803
f 1873/1873/1787 1874/1874/1788 1890/1890/1804
f 1874/1874/1788 1875/1875/1789 1891/1891/1805
f 1875/1875/1789 1876/1876/1790 1892/1892/1806
f 1876/1876/1790 1877/1877/1791 1893/1893/1807
f 1877/1877/1791 1878/1878/1792 1894/1894/1808
f 1878/1878/1792 1879/1879/1793 1895/1895/1809
f 1879/1879/1793 1880/1880/1794 1896/1896/1810
f 1880/1880/1794 1881/1881/1795 1897/1897/1811
f 1881/1881/1795 1882/1882/1796 1898/1898/1812
f 1882/1882/1796 1883/1883/1797 1899/1899/1813
f 1883/1883/1797 1884/1884/1798 1900/1900/1814
f 1886/1886/1800 1885/1885/1799 1901/1901/1815
f 1885/1885/1799 1887/1887/1801 1903/1903/1817
f 1887/1887/1801 1888/1888/1802 1904/1904/1818
f 1888/1888/1802 1889/1889/1803 1905/1905/1819
f 1889/1889/1803 1890/1890/1804 1906/1906/1820
f 1890/1890/1804 1891/1891/1805 1907/1907/1821
f 1891/1891/1805 1892/1892/1806 1908/1908/1822
f 1892/1892/1806 1893/1893/1807 1909/1909/1823
f 1893/1893/1807 1894/1894/1808 1910/1910/1824
f 1894/1894/1808 1895/1895/1809 1911/1911/1825
f 1895/1895/1809 1896/1896/1810 1912/1912/1826
f 1897/1897/1811 1913/1913/1827 1912/1912/1826
f 1898/1898/1812 1915/1915/1829 1913/1913/1827
f 1898/1898/1812 1899/1899/1813 1914/1914/1828
f 1899/1899/1813 1900/1900/1814 1916/1916/1830
f 1902/1902/1816 1901/1901/1815 1917/1917/1831
f 1901/1901/1815 1903/1903/1817 1919/1919/1833
f 1903/1903/1817 1904/1904/1818 1920/1920/1834
f 1904/1904/1818 1905/1905/1819 1921/1921/1835
f 1905/1905/1819 1906/1906/1820 1922/1922/1836
f 1906/1906/1820 1907/1907/1821 1923/1923/1837
f 1907/1907/1821 1908/1908/1822 1924/1924/1838
f 1909/1909/1823 1926/1926/1840 1924/1924/1838
f 1909/1909/1823 1910/1910/1824 1925/1925/1839
f 1910/1910/1824 1911/1911/1825 1927/1927/1841
f 1911/1911/1825 1912/1912/1826 1928/1928/1842
f 1912/1912/1826 1913/1913/1827 1929/1929/1843
f 1915/1915/1829 1931/1931/1845 1929/1929/1843
f 1915/1915/1829 1914/1914/1828 1930/1930/1844
f 1914/1914/1828 1916/1916/1830 1932/1932/1846
f 1917/1917/1831 1934/1934/1848 1933/1933/1847
f 1919/1919/1833 1935/1935/1849 1934/1934/1848
f 1920/1920/1834 1936/1936/1850 1935/1935/1849
f 1921/1921/1835 1937/1937/1851 1936/1936/1850
f 1922/1922/1836 1938/1938/1852 1937/1937/1851
f 1923/1923/1837 1939/1939/1853 1938/1938/1852
f 1924/1924/1838 1940/1940/1854 1939/1939/1853
f 1926/1926/1840 1941/1941/1855 1940/1940/1854
f 1925/1925/1839 1942/1942/1856 1941/1941/1855
f 1927/1927/1841 1943/1943/1857 1942/1942/1856
f 1928/1928/1842 1944/1944/1858 1943/1943/1857
f 1929/1929/1843 1945/1945/1859 1944/1944/1858
f 1931/1931/1845 1946/1946/1860 1945/1945/1859
f 1930/1930/1844 1947/1947/1861 1946/1946/1860
f 1932/1932/1846 1962/1962/1876 1947/1947/1861
f 1934/1934/1848 1949/1949/1863 1948/1948/1862
f 1935/1935/1849 1950/1950/1864 1949/1949/1863
f 1936/1936/1850 1951/1951/1865 1950/1950/1864
f 1937/1937/1851 1952/1952/1866 1951/1951/1865
f 1938/1938/1852 1953/1953/1867 1952/1952/1866
f 1939/1939/1853 1954/1954/1868 1953/1953/1867
f 1940/1940/1854 1955/1955/1869 1954/1954/1868
f 1941/1941/1855 1956/1956/1870 1955/1955/1869
f 1942/1942/1856 1957/1957/1871 1956/1956/1870
f 1943/1943/1857 1958/1958/1872 1957/1957/1871
f 1944/1944/1858 1959/1959/1873 1958/1958/1872
f 1945/1945/1859 1960/1960/1874 1959/1959/1873
f 1946/1946/1860 1961/1961/1875 1960/1960/1874
f 1947/1947/1861 1963/1963/1877 1961/1961/1875
f 1962/1962/1876 1978/1978/1892 1963/1963/1877
f 1949/1949/1863 1965/1965/1879 1964/1964/1878
f 1950/1950/1864 1966/1966/1880 1965/1965/1879
f 1951/1951/1865 1967/1967/1881 1966/1966/1880
f 1952/1952/1866 1968/1968/1882 1967/1967/1881
f 1953/1953/1867 1969/1969/1883 1968/1968/1882
f 1954/1954/1868 1970/1970/1884 1969/1969/1883
f 1955/1955/1869 1971/1971/1885 1970/1970/1884
f 1956/1956/1870 1972/1972/1886 1971/1971/1885
f 1957/1957/1871 1973/1973/1887 1972/1972/1886
f 1958/1958/1872 1974/1974/1888 1973/1973/1887
f 1959/1959/1873 1975/1975/1889 1974/1974/1888
f 1960/1960/1874 1976/1976/1890 1975/1975/1889
f 1961/1961/1875 1977/1977/1891 1976/1976/1890
f 1963/1963/1877 1979/1979/1893 1977/1977/1891
f 1978/1978/1892 1994/1994/1908 1979/1979/1893
f 1965/1965/1879 1981/1981/1895 1980/1980/1894
f 1966/1966/1880 1982/1982/1896 1981/1981/1895
f 1967/1967/1881 1983/1983/1897 1982/1982/1896
f 1968/1968/1882 1984/1984/1898 1983/1983/1897
f 1969/1969/1883 1985/1985/1899 1984/1984/1898
f 1970/1970/1884 1986/1986/1900 1985/1985/1899
f 1971/1971/1885 1987/1987/1901 1986/1986/1900
f 1972/1972/1886 1988/1988/1902 1987/1987/1901
f 1973/1973/1887 1989/1989/1903 1988/1988/1902
f 1974/1974/1888 1990/1990/1904 1989/1989/1903
f 1975/1975/1889 1991/1991/1905 1990/1990/1904
f 1976/1976/1890 1992/1992/1906 1991/1991/1905
f 1977/1977/1891 1993/1993/1907 1992/1992/1906
f 1979/1979/1893 1995/1995/1909 1993/1993/1907
f 1994/1994/1908 2010/2010/1924 1995/1995/1909
f 1981/1981/1895 1997/1997/1911 1996/1996/1910
f 1982/1982/1896 1998/1998/1912 1997/1997/1911
f 1983/1983/1897 1999/1999/1913 1998/1998/1912
f 1984/1984/1898 2000/2000/1914 1999/1999/1913
f 1985/1985/1899 2001/2001/1915 2000/2000/1914
f 1986/1986/1900 2002/2002/1916 2001/2001/1915
f 1987/1987/1901 2003/2003/1917 2002/2002/1916
f 1988/1988/1902 2004/2004/1918 2003/2003/1917
f 1989/1989/1903 2005/2005/1919 2004/2004/1918
f 1990/1990/1904 2006/2006/1920 2005/2005/1919
f 1991/1991/1905 2007/2007/1921 2006/2006/1920
f 1992/1992/1906 2008/2008/1922 2007/2007/1921
f 1993/1993/1907 2009/2009/1923 2008/2008/1922
f 1995/1995/1909 2011/2011/1925 2009/2009/1923
f 2010/2010/1924 2026/2026/1940 2011/2011/1925
f 1997/1997/1911 2013/2013/1927 2012/2012/1926
f 1998/1998/1912 2014/2014/1928 2013/2013/1927
f 1999/1999/1913 2015/2015/1929 2014/2014/1928
f 2000/2000/1914 2016/2016/1930 2015/2015/1929
f 2001/2001/1915 2017/2017/1931 2016/2016/1930
f 2002/2002/1916 2018/2018/1932 2017/2017/1931
f 2003/2003/1917 2019/2019/1933 2018/2018/1932
f 2004/2004/1918 2020/2020/1934 2019/2019/1933
f 2005/2005/1919 2021/2021/1935 2020/2020/1934
f 2006/2006/1920 2022/2022/1936 2021/2021/1935
f 2007/2007/1921 2023/2023/1937 2022/2022/1936
f 2008/2008/1922 2024/2024/1938 2023/2023/1937
f 2009/2009/1923 2025/2025/1939 2024/2024/1938
f 2011/2011/1925 2027/2027/1941 2025/2025/1939
f 2026/2026/1940 2042/2042/1956 2027/2027/1941
f 2013/2013/1927 2029/2029/1943 2028/2028/1942
f 2014/2014/1928 2030/2030/1944 2029/2029/1943
f 2015/2015/1929 2031/2031/1945 2030/2030/1944
f 2016/2016/1930 2032/2032/1946 2031/2031/1945
f 2017/2017/1931 2033/2033/1947 2032/2032/1946
f 2018/2018/1932 2034/2034/1948 2033/2033/1947
f 2019/2019/1933 2035/2035/1949 2034/2034/1948
f 2020/2020/1934 2036/2036/1950 2035/2035/1949
f 2021/2021/1935 2037/2037/1951 2036/2036/1950
f 2022/2022/1936 2038/2038/1952 2037/2037/1951
f 2023/2023/1937 2039/2039/1953 2038/2038/1952
f 2024/2024/1938 2040/2040/1954 2039/2039/1953
f 2025/2025/1939 2041/2041/1955 2040/2040/1954
f 2027/2027/1941 2043/2043/1957 2041/2041/1955
f 2042/2042/1956 2058/2058/1972 2043/2043/1957
f 2029/2029/1943 2045/2045/1959 2044/2044/1958
f 2030/2030/1944 2046/2046/1960 2045/2045/1959
f 2031/2031/1945 2047/2047/1961 2046/2046/1960
f 2032/2032/1946 2048/2048/1962 2047/2047/1961
f 2033/2033/1947 2049/2049/1963 2048/2048/1962
f 2034/2034/1948 2050/2050/1964 2049/2049/1963
f 2035/2035/1949 2051/2051/1965 2050/2050/1964
f 2036/2036/1950 2052/2052/1966 2051/2051/1965
f 2037/2037/1951 2053/2053/1967 2052/2052/1966
f 2038/2038/1952 2054/2054/1968 2053/2053/1967
f 2039/2039/1953 2055/2055/1969 2054/2054/1968
f 2040/2040/1954 2056/2056/1970 2055/2055/1969
f 2041/2041/1955 2057/2057/1971 2056/2056/1970
f 2043/2043/1957 2059/2059/1973 2057/2057/1971
f 2058/2058/1972 2074/2074/1988 2059/2059/1973
f 2045/2045/1959 2061/2061/1975 2060/2060/1974
f 2046/2046/1960 2062/2062/1976 2061/2061/1975
f 2047/2047/1961 2063/2063/1977 2062/2062/1976
f 2048/2048/1962 2064/2064/1978 2063/2063/1977
f 2049/2049/1963 2065/2065/1979 2064/2064/1978
f 2050/2050/1964 2066/2066/1980 2065/2065/1979
f 2051/2051/1965 2067/2067/1981 2066/2066/1980
f 2052/2052/1966 2068/2068/1982 2067/2067/1981
f 2053/2053/1967 2069/2069/1983 2068/2068/1982
f 2054/2054/1968 2070/2070/1984 2069/2069/1983
f 2055/2055/1969 2071/2071/1985 2070/2070/1984
f 2056/2056/1970 2072/2072/1986 2071/2071/1985
f 2057/2057/1971 2073/2073/1987 2072/2072/1986
f 2059/2059/1973 2075/2075/1989 2073/2073/1987
f 2074/2074/1988 2090/2090/2002 2075/2075/1989
f 2061/2061/1975 2077/2077/1990 2076/2076/1672
f 2062/2062/1976 2078/2078/1991 2077/2077/1990
f 2063/2063/1977 2079/2079/1992 2078/2078/1991
f 2064/2064/1978 2080/2080/1993 2079/2079/1992
f 2065/2065/1979 2081/2081/1994 2080/2080/1993
f 2066/2066/1980 2082/2082/1995 2081/2081/1994
f 2067/2067/1981 2083/2083/1687 2082/2082/1995
f 2068/2068/1982 2084/2084/1996 2083/2083/1687
f 2069/2069/1983 2085/2085/1997 2084/2084/1996
f 2070/2070/1984 2086/2086/1998 2085/2085/1997
f 2071/2071/1985 2087/2087/1999 2086/2086/1998
f 2072/2072/1986 2089/2089/2001 2087/2087/1999
f 2072/2072/1986 2073/2073/1987 2088/2088/2000
f 2075/2075/1989 2091/2091/2003 2088/2088/2000
f 2090/2090/2002 2810/2651/2676 2091/2091/2003
f 2092/2092/2004 2159/2159/2062 2093/2093/2005
f 2095/2095/2007 2117/2117/2026 2096/2096/2008
f 2098/2098/2010 2111/2111/1509 2099/2099/2011
f 2101/2101/2013 2114/2114/2023 2102/2102/2014
f 2104/2104/2015 2163/2163/2066 2105/2105/2016
f 2107/2107/2017 2092/2092/2004 2094/2094/2006
f 2095/2095/2007 2097/2097/2009 2109/2109/2019
f 2111/2111/1509 2123/2123/1510 2112/2112/2021
f 2113/2113/2022 2126/2126/2034 2114/2114/2023
f 2106/2106/1500 2105/2105/2016 2115/2115/2024
f 2117/2117/2026 2127/2127/2035 2118/2118/2027
f 2119/2119/2028 2107/2107/2017 2108/2108/2018
f 2110/2110/2020 2109/2109/2019 2121/2121/2030
f 2123/2123/1510 2133/2133/1512 2124/2124/2032
f 2125/2125/2033 2136/2136/2043 2126/2126/2034
f 2127/2127/2035 2140/2140/2046 2128/2128/2036
f 2129/2129/2037 2119/2119/2028 2120/2120/2029
f 2122/2122/2031 2121/2121/2030 2131/2131/2039
f 2133/2133/1512 2150/2150/2055 2134/2134/2041
f 2135/2135/2042 2147/2147/2052 2136/2136/2043
f 2137/2137/1480 2154/2154/2058 2138/2138/2044
f 2140/2140/2046 2151/2151/1505 2141/2141/2047
f 2142/2142/2048 2129/2129/2037 2130/2130/2038
f 2132/2132/2040 2131/2131/2039 2144/2144/2050
f 2146/2146/2051 2158/2158/2061 2147/2147/2052
f 2148/2148/2053 2139/2139/2045 2138/2138/2044
f 2142/2142/2048 2143/2143/2049 2134/2134/2041
f 2151/2151/1505 2161/2161/2064 2152/2152/2056
f 2153/2153/2057 2162/2162/2065 2154/2154/2058
f 2145/2145/1496 2144/2144/2050 2155/2155/2059
f 2157/2157/1489 2160/2160/2063 2158/2158/2061
f 2159/2159/2062 2148/2148/2053 2149/2149/2054
f 2157/2157/1489 2116/2116/2025 2115/2115/2024
f 2161/2161/2064 2098/2098/2010 2100/2100/2012
f 2103/2103/1482 2102/2102/2014 2162/2162/2065
f 2156/2156/2060 2155/2155/2059 2163/2163/2066
f 2149/2149/2054 2198/2198/2101 2164/2164/2067
f 2100/2100/2012 2169/2169/2072 2165/2165/2068
f 2097/2097/2009 2096/2096/2008 2166/2166/2069
f 2093/2093/2005 2164/2164/2067 2168/2168/2071
f 2099/2099/2011 2172/2172/2075 2169/2169/2072
f 2109/2109/2019 2097/2097/2009 2167/2167/2070
f 2094/2094/2006 2168/2168/2071 2171/2171/2074
f 2112/2112/2021 2176/2176/2079 2172/2172/2075
f 2121/2121/2030 2109/2109/2019 2170/2170/2073
f 2108/2108/2018 2171/2171/2074 2174/2174/2077
f 2112/2112/2021 2124/2124/2032 2175/2175/2078
f 2131/2131/2039 2121/2121/2030 2173/2173/2076
f 2120/2120/2029 2174/2174/2077 2178/2178/2081
f 2134/2134/2041 2181/2181/2084 2175/2175/2078
f 2144/2144/2050 2131/2131/2039 2177/2177/2080
f 2130/2130/2038 2178/2178/2081 2180/2180/2083
f 2143/2143/2049 2180/2180/2083 2181/2181/2084
f 2155/2155/2059 2144/2144/2050 2179/2179/2082
f 2154/2154/2058 2162/2162/2065 2183/2183/2086
f 2160/2160/2063 2115/2115/2024 2185/2185/2088
f 2163/2163/2066 2155/2155/2059 2182/2182/2085
f 2162/2162/2065 2102/2102/2014 2188/2188/2091
f 2163/2163/2066 2187/2187/2090 2189/2189/2092
f 2102/2102/2014 2114/2114/2023 2190/2190/2093
f 2115/2115/2024 2105/2105/2016 2189/2189/2092
f 2114/2114/2023 2126/2126/2034 2191/2191/2094
f 2096/2096/2008 2118/2118/2027 2192/2192/2095
f 2126/2126/2034 2136/2136/2043 2193/2193/2096
f 2128/2128/2036 2196/2196/2099 2192/2192/2095
f 2136/2136/2043 2147/2147/2052 2194/2194/2097
f 2154/2154/2058 2184/2184/2087 2195/2195/2098
f 2141/2141/2047 2199/2199/2102 2196/2196/2099
f 2147/2147/2052 2158/2158/2061 2197/2197/2100
f 2138/2138/2044 2195/2195/2098 2198/2198/2101
f 2152/2152/2056 2165/2165/2068 2199/2199/2102
f 2158/2158/2061 2160/2160/2063 2186/2186/2089
f 2201/2201/2104 2270/2270/2173 2202/2202/2105
f 2204/2204/2107 2267/2267/2170 2205/2205/2108
f 2207/2207/2110 2215/2215/2118 2208/2208/2111
f 2203/2203/2106 2202/2202/2105 2210/2210/2113
f 2212/2212/2115 2272/2272/2175 2213/2213/2116
f 2215/2215/2118 2224/2224/2127 2216/2216/2119
f 2217/2217/2120 2231/2231/2134 2218/2218/2121
f 2211/2211/2114 2210/2210/2113 2220/2220/2123
f 2206/2206/2109 2205/2205/2108 2222/2222/2125
f 2224/2224/2127 2239/2239/2142 2225/2225/2128
f 2226/2226/2129 2221/2221/2124 2220/2220/2123
f 2223/2223/2126 2222/2222/2125 2228/2228/2131
f 2217/2217/2120 2248/2248/2151 2230/2230/2133
f 2232/2232/2135 2226/2226/2129 2227/2227/2130
f 2234/2234/2137 2241/2241/2144 2235/2235/2138
f 2229/2229/2132 2228/2228/2131 2237/2237/2140
f 2239/2239/2142 2243/2243/2146 2240/2240/2143
f 2241/2241/2144 2246/2246/2149 2242/2242/2145
f 2243/2243/2146 2232/2232/2135 2233/2233/2136
f 2219/2219/2122 2218/2218/2121 2244/2244/2147
f 2246/2246/2149 2250/2250/2153 2247/2247/2150
f 2248/2248/2151 2264/2264/2167 2249/2249/2152
f 2250/2250/2153 2258/2258/2161 2251/2251/2154
f 2238/2238/2141 2237/2237/2140 2252/2252/2155
f 2234/2234/2137 2236/2236/2139 2254/2254/2157
f 2245/2245/2148 2244/2244/2147 2256/2256/2159
f 2258/2258/2161 2268/2268/2171 2259/2259/2162
f 2255/2255/2158 2254/2254/2157 2260/2260/2163
f 2257/2257/2160 2256/2256/2159 2262/2262/2165
f 2264/2264/2167 2207/2207/2110 2209/2209/2112
f 2261/2261/2164 2260/2260/2163 2265/2265/2168
f 2263/2263/2166 2262/2262/2165 2267/2267/2170
f 2268/2268/2171 2271/2271/2174 2269/2269/2172
f 2266/2266/2169 2265/2265/2168 2270/2270/2173
f 2271/2271/2174 2212/2212/2115 2214/2214/2117
f 2253/2253/2156 2252/2252/2155 2213/2213/2116
f 2267/2267/2170 2274/2274/2177 2273/2273/2176
f 2262/2262/2165 2277/2277/2180 2274/2274/2177
f 2227/2227/2130 2220/2220/2123 2275/2275/2178
f 2256/2256/2159 2280/2280/2183 2277/2277/2180
f 2220/2220/2123 2210/2210/2113 2278/2278/2181
f 2252/2252/2155 2301/2301/2204 2279/2279/2182
f 2244/2244/2147 2285/2285/2188 2280/2280/2183
f 2210/2210/2113 2202/2202/2105 2281/2281/2184
f 2240/2240/2143 2233/2233/2136 2282/2282/2185
f 2244/2244/2147 2218/2218/2121 2284/2284/2187
f 2270/2270/2173 2288/2288/2191 2281/2281/2184
f 2213/2213/2116 2279/2279/2182 2286/2286/2189
f 2225/2225/2128 2240/2240/2143 2283/2283/2186
f 2265/2265/2168 2292/2292/2195 2288/2288/2191
f 2214/2214/2117 2286/2286/2189 2289/2289/2192
f 2216/2216/2119 2225/2225/2128 2287/2287/2190
f 2265/2265/2168 2260/2260/2163 2291/2291/2194
f 2269/2269/2172 2289/2289/2192 2293/2293/2196
f 2208/2208/2111 2216/2216/2119 2290/2290/2193
f 2260/2260/2163 2254/2254/2157 2295/2295/2198
f 2259/2259/2162 2293/2293/2196 2296/2296/2199
f 2209/2209/2112 2208/2208/2111 2294/2294/2197
f 2254/2254/2157 2236/2236/2139 2298/2298/2201
f 2251/2251/2154 2296/2296/2199 2299/2299/2202
f 2249/2249/2152 2209/2209/2112 2297/2297/2200
f 2237/2237/2140 2304/2304/2207 2301/2301/2204
f 2247/2247/2150 2299/2299/2202 2302/2302/2205
f 2230/2230/2133 2249/2249/2152 2300/2300/2203
f 2228/2228/2131 2307/2307/2210 2304/2304/2207
f 2242/2242/2145 2302/2302/2205 2305/2305/2208
f 2231/2231/2134 2230/2230/2133 2303/2303/2206
f 2222/2222/2125 2308/2308/2211 2307/2307/2210
f 2236/2236/2139 2235/2235/2138 2305/2305/2208
f 2218/2218/2121 2231/2231/2134 2306/2306/2209
f 2205/2205/2108 2273/2273/2176 2308/2308/2211
f 2233/2233/2136 2227/2227/2130 2276/2276/2179
f 2310/2310/2213 2348/2348/2251 2311/2311/2214
f 2313/2313/2216 2316/2316/2219 2314/2314/2217
f 2316/2316/2219 2333/2333/2236 2317/2317/2220
f 2313/2313/2216 2315/2315/2218 2318/2318/2221
f 2320/2320/2223 2329/2329/2232 2321/2321/2224
f 2319/2319/2222 2318/2318/2221 2323/2323/2226
f 2325/2325/2228 2330/2330/2233 2326/2326/2229
f 2328/2328/2231 2337/2337/2240 2321/2321/2224
f 2330/2330/2233 2320/2320/2223 2322/2322/2225
f 2324/2324/2227 2323/2323/2226 2331/2331/2234
f 2333/2333/2236 2325/2325/2228 2327/2327/2230
f 2332/2332/2235 2331/2331/2234 2334/2334/2237
f 2336/2336/2239 2347/2347/2250 2337/2337/2240
f 2335/2335/2238 2334/2334/2237 2338/2338/2241
f 2340/2340/2243 2343/2343/2246 2341/2341/2244
f 2343/2343/2246 2339/2339/2242 2338/2338/2241
f 2344/2344/2247 2340/2340/2243 2342/2342/2245
f 2346/2346/2249 2349/2349/2252 2347/2347/2250
f 2348/2348/2251 2344/2344/2247 2345/2345/2248
f 2310/2310/2213 2312/2312/2215 2349/2349/2252
f 2350/2350/2253 2354/2354/2257 2351/2351/2254
f 2350/2350/2253 2355/2355/2258 2353/2353/2256
f 2355/2355/2258 2357/2357/2260 2356/2356/2259
f 2357/2357/2260 2365/2365/2268 2358/2358/2261
f 2359/2359/2262 2367/2367/2270 2360/2360/2263
f 2362/2362/2265 2371/2371/2274 2363/2363/2266
f 2365/2365/2268 2361/2361/2264 2360/2360/2263
f 2366/2366/2269 2373/2373/2276 2367/2367/2270
f 2364/2364/2267 2363/2363/2266 2368/2368/2271
f 2370/2370/2273 2385/2385/2288 2371/2371/2274
f 2372/2372/2275 2377/2377/2280 2373/2373/2276
f 2374/2374/2277 2381/2381/2284 2375/2375/2278
f 2376/2376/2279 2375/2375/2278 2377/2377/2280
f 2378/2378/2281 2369/2369/2272 2368/2368/2271
f 2380/2380/2283 2386/2386/2289 2381/2381/2284
f 2382/2382/2285 2387/2387/2290 2383/2383/2286
f 2352/2352/2255 2351/2351/2254 2385/2385/2288
f 2380/2380/2283 2382/2382/2285 2384/2384/2287
f 2387/2387/2290 2389/2389/2292 2388/2388/2291
f 2389/2389/2292 2378/2378/2281 2379/2379/2282
f 2371/2371/2274 2395/2395/2298 2390/2390/2293
f 2381/2381/2284 2386/2386/2289 2391/2391/2294
f 2356/2356/2259 2358/2358/2261 2393/2393/2296
f 2385/2385/2288 2398/2398/2301 2395/2395/2298
f 2386/2386/2289 2384/2384/2287 2396/2396/2299
f 2358/2358/2261 2360/2360/2263 2397/2397/2300
f 2351/2351/2254 2406/2406/2309 2398/2398/2301
f 2384/2384/2287 2383/2383/2286 2399/2399/2302
f 2360/2360/2263 2367/2367/2270 2400/2400/2303
f 2383/2383/2286 2388/2388/2291 2401/2401/2304
f 2367/2367/2270 2373/2373/2276 2402/2402/2305
f 2388/2388/2291 2379/2379/2282 2403/2403/2306
f 2373/2373/2276 2377/2377/2280 2404/2404/2307
f 2351/2351/2254 2354/2354/2257 2405/2405/2308
f 2368/2368/2271 2409/2409/2312 2403/2403/2306
f 2377/2377/2280 2375/2375/2278 2407/2407/2310
f 2354/2354/2257 2353/2353/2256 2408/2408/2311
f 2363/2363/2266 2390/2390/2293 2409/2409/2312
f 2375/2375/2278 2381/2381/2284 2392/2392/2295
f 2353/2353/2256 2356/2356/2259 2394/2394/2297
f 2331/2331/2234 2428/2428/2331 2410/2410/2313
f 2326/2326/2229 2429/2429/2332 2411/2411/2314
f 2311/2311/2214 2427/2427/2330 2412/2412/2315
f 2338/2338/2241 2334/2334/2237 2410/2410/2313
f 2327/2327/2230 2411/2411/2314 2414/2414/2317
f 2312/2312/2215 2412/2412/2315 2415/2415/2318
f 2317/2317/2220 2414/2414/2317 2416/2416/2319
f 2349/2349/2252 2415/2415/2318 2417/2417/2320
f 2341/2341/2244 2338/2338/2241 2413/2413/2316
f 2314/2314/2217 2416/2416/2319 2419/2419/2322
f 2347/2347/2250 2417/2417/2320 2420/2420/2323
f 2342/2342/2245 2341/2341/2244 2418/2418/2321
f 2315/2315/2218 2419/2419/2322 2422/2422/2325
f 2337/2337/2240 2420/2420/2323 2423/2423/2326
f 2345/2345/2248 2342/2342/2245 2421/2421/2324
f 2318/2318/2221 2422/2422/2325 2425/2425/2328
f 2321/2321/2224 2423/2423/2326 2426/2426/2329
f 2311/2311/2214 2345/2345/2248 2424/2424/2327
f 2323/2323/2226 2425/2425/2328 2428/2428/2331
f 2322/2322/2225 2426/2426/2329 2429/2429/2332
f 2432/2432/2335 1610/1610/1536 1612/1612/995
f 1609/1609/1535 1610/1610/1536 2432/2432/2335
f 2435/2435/2338 1607/1607/1533 1609/1609/1535
f 1605/1605/1532 1607/1607/1533 2435/2435/2338
f 1603/1603/1531 1605/1605/1532 2436/2436/2171
f 1601/1601/1530 1603/1603/1531 2437/2437/2339
f 1599/1599/1529 1601/1601/1530 2438/2438/2340
f 1598/1598/1528 1599/1599/1529 2439/2439/2341
f 2441/2441/2343 1580/1580/1515 1598/1598/1528
f 2442/2442/2344 2811/2652/2360 2443/2443/984
f 2444/2444/2345 2442/2442/2344 1595/1595/1526
f 2445/2445/2346 2444/2444/2345 1593/1593/1524
f 2446/2446/2347 2445/2445/2346 1591/1591/1523
f 2447/2447/2348 2446/2446/2347 1589/1589/1521
f 2448/2448/2349 2447/2447/2348 1585/1585/1519
f 2448/2448/2349 1583/1583/1517 1581/1581/1516
f 2449/2449/2164 1581/1581/1516 1578/1578/1514
f 2450/2450/2350 1578/1578/1514 1580/1580/1515
f 2451/2451/2336 1022/1022/995 1023/1023/996
f 2453/2453/2352 2452/2452/2351 1023/1023/996
f 2454/2454/2353 2453/2453/2352 1020/1020/994
f 2454/2454/2353 1016/1016/992 1014/1014/991
f 2455/2455/2354 1014/1014/991 1012/1012/990
f 2456/2456/2355 1012/1012/990 1010/1010/989
f 2457/2457/2356 1010/1010/989 1008/1008/987
f 2458/2458/2357 1008/1008/987 1006/1006/985
f 2459/2459/2358 1006/1006/985 989/989/973
f 1003/1003/982 1005/1005/984 2461/2461/2360
f 1001/1001/981 1003/1003/982 2462/2462/2361
f 1000/1000/980 1001/1001/981 2463/2463/2362
f 2465/2465/2363 998/998/979 1000/1000/980
f 2466/2466/2364 996/996/977 998/998/979
f 994/994/976 996/996/977 2466/2466/2364
f 993/993/975 994/994/976 2467/2467/2365
f 2469/2469/2367 991/991/974 993/993/975
f 2460/2460/2359 989/989/973 991/991/974
f 2060/2060/1974 2076/2076/1672 2470/2470/2251
f 2044/2044/1958 2060/2060/1974 2471/2471/2213
f 2028/2028/1942 2044/2044/1958 2472/2472/2368
f 2012/2012/1926 2028/2028/1942 2473/2473/2239
f 1996/1996/1910 2012/2012/1926 2474/2474/2369
f 1980/1980/1894 1996/1996/1910 2475/2475/2370
f 1964/1964/1878 1980/1980/1894 2476/2476/2371
f 1948/1948/1862 1964/1964/1878 2477/2477/2372
f 1933/1933/1847 1948/1948/1862 2478/2478/2373
f 1918/1918/1832 1933/1933/1847 2479/2479/2374
f 2481/2481/2376 1902/1902/1816 1918/1918/1832
f 2482/2482/2222 1886/1886/1800 1902/1902/1816
f 2483/2483/2377 1870/1870/1784 1886/1886/1800
f 2484/2484/2378 1854/1854/1768 1870/1870/1784
f 2485/2485/2379 1838/1838/1752 1854/1854/1768
f 2486/2486/2380 1822/1822/1736 1838/1838/1752
f 2487/2487/2381 1806/1806/1720 1822/1822/1736
f 2488/2488/2382 1790/1790/1704 1806/1806/1720
f 2489/2489/2383 1760/1760/1674 1790/1790/1704
f 2812/2490/2677 2813/1758/1672 2814/1760/1674
f 2491/2491/2255 1488/1488/1453 1473/1473/1438
f 2492/2492/2253 1473/1473/1438 1456/1456/1421
f 2493/2493/2384 1456/1456/1421 1441/1441/1406
f 2494/2494/2385 1441/1441/1406 1425/1425/1390
f 2495/2495/2268 1425/1425/1390 1409/1409/1374
f 2496/2496/2386 1409/1409/1374 1393/1393/1358
f 2497/2497/2262 1393/1393/1358 1377/1377/1342
f 2498/2498/2269 1377/1377/1342 1361/1361/1326
f 2499/2499/2387 1361/1361/1326 1343/1343/1308
f 2500/2500/2388 1343/1343/1308 1344/1344/1309
f 2502/2502/2390 2501/2501/2389 1344/1344/1309
f 2503/2503/2285 2502/2502/2390 1328/1328/1293
f 2504/2504/2391 2503/2503/2285 1313/1313/1278
f 2505/2505/2392 2504/2504/2391 1297/1297/1262
f 2506/2506/2393 2505/2505/2392 1281/1281/1246
f 2507/2507/2272 2506/2506/2393 1265/1265/1230
f 2508/2508/2267 2507/2507/2272 1249/1249/1214
f 2509/2509/2394 2508/2508/2267 1233/1233/1198
f 2510/2510/2395 2509/2509/2394 1217/1217/1182
f 2511/2511/2255 2510/2510/2395 1201/1201/1166
f 2512/2512/2396 2533/2533/2417 2513/2513/2397
f 2514/2514/2398 2513/2513/2397 2515/2515/2399
f 2516/2516/2400 2515/2515/2399 2517/2517/2401
f 2518/2518/2402 2517/2517/2401 2519/2519/2403
f 2519/2519/2403 2522/2522/2406 2521/2521/2405
f 2522/2522/2406 2524/2524/2408 2523/2523/2407
f 2524/2524/2408 2526/2526/2410 2525/2525/2409
f 2526/2526/2410 2528/2528/2412 2527/2527/2411
f 2528/2528/2412 2530/2530/2414 2529/2529/2413
f 2530/2530/2414 2815/2635/2678 2531/2531/2415
f 2532/2532/2416 2535/2535/2419 2533/2533/2417
f 2534/2534/2418 2537/2537/2421 2535/2535/2419
f 2536/2536/2420 2539/2539/2423 2537/2537/2421
f 2538/2538/2422 2541/2541/2425 2539/2539/2423
f 2540/2540/2424 2543/2543/2427 2541/2541/2425
f 2542/2542/2426 2545/2545/2429 2543/2543/2427
f 2542/2542/2426 2547/2547/2431 2544/2544/2428
f 2546/2546/2430 2549/2549/2433 2544/2544/2428
f 2548/2548/2432 2551/2551/2435 2549/2549/2433
f 2548/2548/2432 2777/2637/2415 2550/2550/2434
f 2552/2552/2436 2555/2555/2439 2553/2553/2437
f 2555/2555/2439 2557/2557/2441 2556/2556/2440
f 2557/2557/2441 2560/2560/2444 2558/2558/2442
f 2559/2559/2443 2562/2562/2446 2558/2558/2442
f 2561/2561/2445 2564/2564/2448 2562/2562/2446
f 2563/2563/2447 2566/2566/2450 2564/2564/2448
f 2565/2565/2449 2568/2568/2452 2566/2566/2450
f 2567/2567/2451 2570/2570/2454 2568/2568/2452
f 2569/2569/2453 2572/2572/2456 2570/2570/2454
f 2571/2571/2455 2816/2636/2679 2572/2572/2456
f 2554/2554/2438 2574/2574/2458 2573/2573/2457
f 2574/2574/2458 2817/2624/2680 2575/2575/2459
f 2575/2575/2459 2817/2624/2680 2576/2576/2460
f 2576/2576/2460 2579/2579/2463 2578/2578/2462
f 2579/2579/2463 2818/2628/2681 2580/2580/2464
f 2580/2580/2464 2818/2628/2681 2581/2581/2465
f 2582/2582/2466 2581/2581/2465 2583/2583/2467
f 2583/2583/2467 2586/2586/2470 2585/2585/2469
f 2586/2586/2470 2588/2588/2472 2587/2587/2471
f 2588/2588/2472 2819/2634/2679 2589/2589/2473
f 2590/2590/2474 2593/2591/2477 2591/2513/2475
f 2593/2591/2477 2595/2592/2479 2594/2515/2478
f 2595/2592/2479 2597/2593/2481 2596/2517/2480
f 2597/2593/2481 2600/2595/2484 2598/2519/2482
f 2599/2594/2483 2602/2522/2486 2598/2519/2482
f 2601/2596/2485 2604/2524/2488 2602/2522/2486
f 2603/2597/2487 2606/2526/2490 2604/2524/2488
f 2605/2598/2489 2608/2528/2492 2606/2526/2490
f 2607/2599/2491 2610/2530/2494 2608/2528/2492
f 2609/2600/2493 2708/2635/2511 2610/2530/2494
f 2592/2533/2476 2612/2535/2496 2611/2601/2495
f 2612/2535/2496 2614/2537/2498 2613/2602/2497
f 2614/2537/2498 2616/2539/2500 2615/2603/2499
f 2616/2539/2500 2618/2541/2502 2617/2604/2501
f 2618/2541/2502 2620/2543/2504 2619/2605/2503
f 2620/2543/2504 2677/2545/2561 2621/2606/2505
f 2621/2606/2505 2677/2545/2561 2622/2544/2506
f 2623/2607/2507 2622/2544/2506 2624/2549/2508
f 2624/2549/2508 2685/2551/2569 2626/2609/2510
f 2626/2609/2510 2685/2551/2569 2627/2550/2511
f 2629/2611/2513 2650/2554/2534 2630/2553/2514
f 2631/2612/2515 2630/2553/2514 2632/2556/2516
f 2633/2613/2517 2632/2556/2516 2634/2558/2518
f 2634/2558/2518 2637/2562/2521 2636/2615/2520
f 2637/2562/2521 2639/2564/2523 2638/2616/2522
f 2639/2564/2523 2641/2566/2525 2640/2617/2524
f 2641/2566/2525 2643/2568/2527 2642/2618/2526
f 2643/2568/2527 2645/2570/2529 2644/2619/2528
f 2645/2570/2529 2647/2572/2531 2646/2620/2530
f 2647/2572/2531 2713/2636/2566 2648/2621/2532
f 2649/2622/2533 2652/2574/2536 2650/2554/2534
f 2651/2623/2535 2654/2624/2538 2652/2574/2536
f 2651/2623/2535 2656/2626/2540 2653/2576/2537
f 2655/2625/2539 2658/2579/2542 2653/2576/2537
f 2657/2627/2541 2660/2628/2544 2658/2579/2542
f 2657/2627/2541 2661/2629/2545 2659/2581/2543
f 2661/2629/2545 2664/2631/2548 2662/2583/2546
f 2663/2630/2547 2666/2586/2550 2662/2583/2546
f 2665/2632/2549 2668/2588/2552 2666/2586/2550
f 2667/2633/2551 2682/2634/2566 2668/2588/2552
f 2669/2517/2553 2596/2517/2480 2598/2519/2482
f 2671/2562/2555 2679/2564/2563 2639/2564/2523
f 2672/2554/2556 2650/2554/2534 2652/2574/2536
f 2674/2588/2558 2706/2586/2590 2666/2586/2550
f 2675/2515/2559 2594/2515/2478 2596/2517/2480
f 2676/2543/2560 2711/2545/2593 2677/2545/2561
f 2678/2553/2562 2630/2553/2514 2650/2554/2534
f 2679/2564/2563 2712/2566/2594 2641/2566/2525
f 2680/2579/2564 2658/2579/2542 2660/2628/2544
f 2674/2588/2558 2668/2588/2552 2682/2634/2566
f 2684/2550/2568 2627/2550/2511 2685/2551/2569
f 2687/2541/2571 2618/2541/2502 2616/2539/2500
f 2689/2522/2573 2602/2522/2486 2604/2524/2488
f 2691/2556/2575 2704/2558/2588 2634/2558/2518
f 2692/2583/2576 2705/2581/2589 2659/2581/2543
f 2693/2533/2577 2592/2533/2476 2591/2513/2475
f 2695/2537/2579 2688/2539/2572 2616/2539/2500
f 2696/2570/2580 2645/2570/2529 2643/2568/2527
f 2698/2572/2582 2647/2572/2531 2645/2570/2529
f 2699/2576/2583 2714/2624/2595 2654/2624/2538
f 2700/2549/2584 2624/2549/2508 2622/2544/2506
f 2700/2549/2584 2686/2551/2570 2685/2551/2569
f 2702/2530/2586 2707/2528/2591 2608/2528/2492
f 2690/2524/2574 2604/2524/2488 2606/2526/2490
f 2691/2556/2575 2632/2556/2516 2630/2553/2514
f 2704/2558/2588 2671/2562/2555 2637/2562/2521
f 2681/2628/2565 2660/2628/2544 2659/2581/2543
f 2692/2583/2576 2662/2583/2546 2666/2586/2550
f 2675/2515/2559 2694/2513/2578 2591/2513/2475
f 2670/2519/2554 2598/2519/2482 2602/2522/2486
f 2707/2528/2591 2703/2526/2587 2606/2526/2490
f 2702/2530/2586 2610/2530/2494 2708/2635/2511
f 2710/2535/2592 2612/2535/2496 2592/2533/2476
f 2695/2537/2579 2614/2537/2498 2612/2535/2496
f 2687/2541/2571 2676/2543/2560 2620/2543/2504
f 2701/2544/2585 2622/2544/2506 2677/2545/2561
f 2712/2566/2594 2697/2568/2581 2643/2568/2527
f 2698/2572/2582 2820/2636/2682 2713/2636/2566
f 2714/2624/2595 2673/2574/2557 2652/2574/2536
f 2699/2576/2583 2653/2576/2537 2658/2579/2542
f 2715/2632/2596 2821/2633/2636 2667/2633/2551
f 2715/2632/2596 2665/2632/2549 2663/2630/2547
f 2716/2630/2597 2663/2630/2547 2664/2631/2548
f 2717/2631/2598 2664/2631/2548 2661/2629/2545
f 2719/2627/2600 2718/2629/2599 2661/2629/2545
f 2719/2627/2600 2657/2627/2541 2655/2625/2539
f 2720/2625/2601 2655/2625/2539 2656/2626/2540
f 2722/2623/2603 2721/2626/2602 2656/2626/2540
f 2723/2622/2604 2722/2623/2603 2651/2623/2535
f 2723/2622/2604 2649/2622/2533 2629/2611/2513
f 2725/2620/2606 2646/2620/2530 2648/2621/2532
f 2725/2620/2606 2727/2619/2608 2644/2619/2528
f 2727/2619/2608 2728/2618/2609 2642/2618/2526
f 2728/2618/2609 2730/2617/2611 2640/2617/2524
f 2729/2616/2610 2638/2616/2522 2640/2617/2524
f 2729/2616/2610 2731/2615/2612 2636/2615/2520
f 2731/2615/2612 2732/2614/2613 2635/2614/2519
f 2732/2614/2613 2733/2613/2614 2633/2613/2517
f 2733/2613/2614 2734/2612/2615 2631/2612/2515
f 2724/2611/2605 2629/2611/2513 2631/2612/2515
f 2735/2610/2616 2737/2609/2618 2626/2609/2510
f 2736/2608/2617 2625/2608/2509 2626/2609/2510
f 2738/2607/2619 2623/2607/2507 2625/2608/2509
f 2738/2607/2619 2740/2606/2621 2621/2606/2505
f 2739/2605/2620 2619/2605/2503 2621/2606/2505
f 2739/2605/2620 2742/2604/2623 2617/2604/2501
f 2741/2603/2622 2615/2603/2499 2617/2604/2501
f 2741/2603/2622 2744/2602/2625 2613/2602/2497
f 2743/2601/2624 2611/2601/2495 2613/2602/2497
f 2743/2601/2624 2754/2590/2635 2590/2590/2474
f 2745/2599/2626 2822/2600/2683 2609/2600/2493
f 2746/2598/2627 2745/2599/2626 2607/2599/2491
f 2746/2598/2627 2605/2598/2489 2603/2597/2487
f 2747/2597/2628 2603/2597/2487 2601/2596/2485
f 2749/2594/2630 2748/2596/2629 2601/2596/2485
f 2749/2594/2630 2599/2594/2483 2600/2595/2484
f 2750/2595/2631 2600/2595/2484 2597/2593/2481
f 2751/2593/2632 2597/2593/2481 2595/2592/2479
f 2753/2591/2634 2752/2592/2633 2595/2592/2479
f 2753/2591/2634 2593/2591/2477 2590/2590/2474
f 2587/2587/2471 2589/2589/2473 2755/2633/2636
f 2585/2585/2469 2587/2587/2471 2756/2632/2637
f 2584/2584/2468 2585/2585/2469 2757/2630/2638
f 2759/2629/2640 2582/2582/2466 2584/2584/2468
f 2760/2627/2641 2580/2580/2464 2582/2582/2466
f 2578/2578/2462 2580/2580/2464 2760/2627/2641
f 2577/2577/2461 2578/2578/2462 2761/2625/2642
f 2763/2623/2644 2575/2575/2459 2577/2577/2461
f 2573/2573/2457 2575/2575/2459 2763/2623/2644
f 2552/2552/2436 2573/2573/2457 2764/2622/2645
f 2766/2621/2647 2571/2571/2455 2569/2569/2453
f 2767/2620/2648 2569/2569/2453 2567/2567/2451
f 2768/2619/2649 2567/2567/2451 2565/2565/2449
f 2769/2618/2650 2565/2565/2449 2563/2563/2447
f 2770/2617/2611 2563/2563/2447 2561/2561/2445
f 2772/2615/2612 2771/2616/2651 2561/2561/2445
f 2772/2615/2612 2559/2559/2443 2560/2560/2444
f 2773/2614/2652 2560/2560/2444 2557/2557/2441
f 2775/2612/2654 2774/2613/2653 2557/2557/2441
f 2765/2611/2646 2775/2612/2654 2555/2555/2439
f 2776/2609/2655 2823/2610/2684 2777/2637/2415
f 2776/2609/2655 2548/2548/2432 2546/2546/2430
f 2779/2607/2657 2778/2608/2656 2546/2546/2430
f 2780/2606/2658 2779/2607/2657 2547/2547/2431
f 2780/2606/2658 2542/2542/2426 2540/2540/2424
f 2781/2605/2659 2540/2540/2424 2538/2538/2422
f 2783/2603/2660 2782/2604/2623 2538/2538/2422
f 2783/2603/2660 2536/2536/2420 2534/2534/2418
f 2784/2602/2661 2534/2534/2418 2532/2532/2416
f 2785/2601/2624 2532/2532/2416 2512/2512/2396
f 2529/2529/2413 2531/2531/2415 2787/2600/2663
f 2527/2527/2411 2529/2529/2413 2788/2599/2664
f 2525/2525/2409 2527/2527/2411 2789/2598/2665
f 2523/2523/2407 2525/2525/2409 2790/2597/2628
f 2521/2521/2405 2523/2523/2407 2791/2596/2629
f 2520/2520/2404 2521/2521/2405 2792/2594/2666
f 2794/2593/2632 2518/2518/2402 2520/2520/2404
f 2795/2592/2668 2516/2516/2400 2518/2518/2402
f 2796/2591/2669 2514/2514/2398 2516/2516/2400
f 2786/2590/2662 2512/2512/2396 2514/2514/2398
