# Blender 4.4.3
# www.blender.org
mtllib Untitled.mtl
o hash_43021D9A.model
v -0.079862 -0.972382 -0.009143
v -0.099791 -0.986208 0.039228
v -0.105663 -0.998122 -0.001899
v -0.072067 -0.962091 0.030440
v -0.096660 -0.965153 0.079357
v -0.099533 -0.920843 0.082634
v -0.098594 -0.937623 0.115616
v -0.136462 -0.898484 0.093768
v -0.135363 -0.911202 0.128798
v -0.178778 -0.888126 0.101826
v -0.185811 -0.910789 0.127534
v -0.215167 -0.898240 0.080668
v -0.222677 -0.931914 0.104209
v -0.240726 -0.926691 0.054815
v -0.231311 -0.963984 0.068745
v -0.241655 -0.957585 0.018979
v -0.224329 -0.990504 0.029828
v -0.080137 -0.932914 -0.011661
v -0.056763 -0.928678 0.020834
v -0.067130 -0.946142 0.069672
v -0.056144 -0.913388 0.057523
v -0.126691 -0.879021 0.080006
v -0.165573 -0.871775 0.077084
v -0.196562 -0.874271 0.053167
v -0.227384 -0.891412 0.030301
v -0.251739 -0.920410 0.006561
v -0.075129 -0.893840 -0.015586
v -0.053899 -0.885846 0.035744
v -0.092338 -0.884045 0.038644
v -0.087250 -0.893688 0.073731
v -0.130375 -0.874754 0.048208
v -0.171180 -0.863585 0.049952
v -0.232348 -0.867580 0.025631
v -0.251646 -0.886895 -0.004903
v -0.069750 -0.854762 -0.019499
v -0.046847 -0.892411 0.011452
v -0.053383 -0.852593 0.026861
v -0.086283 -0.852449 0.045497
v -0.157616 -0.842584 0.052543
v -0.190751 -0.842520 0.032329
v -0.209859 -0.855523 0.055020
v -0.220857 -0.848827 0.009921
v -0.249962 -0.851923 -0.013049
v -0.065015 -0.815518 -0.023215
v -0.039409 -0.854211 0.003688
v -0.038863 -0.814479 0.002280
v -0.052132 -0.814884 0.033687
v -0.112504 -0.818307 0.054627
v -0.121071 -0.849336 0.060229
v -0.142220 -0.819712 0.032222
v -0.172367 -0.820921 0.010526
v -0.203367 -0.820676 -0.009920
v -0.237252 -0.817014 -0.024762
v -0.061326 -0.775996 -0.026049
v -0.040818 -0.774823 0.002371
v -0.081992 -0.777881 0.058002
v -0.081165 -0.817138 0.056830
v -0.146689 -0.781665 0.039886
v -0.173679 -0.782340 0.015823
v -0.197110 -0.782722 -0.011546
v -0.223615 -0.782055 -0.035316
v -0.059206 -0.736187 -0.027476
v -0.044012 -0.735225 0.003073
v -0.055195 -0.775697 0.034038
v -0.084437 -0.738705 0.056951
v -0.118633 -0.741279 0.061536
v -0.116989 -0.780299 0.060146
v -0.149145 -0.742886 0.044871
v -0.174482 -0.743460 0.020546
v -0.196766 -0.743819 -0.006541
v -0.215200 -0.743986 -0.036389
v -0.058836 -0.696207 -0.027676
v -0.047991 -0.695672 0.004032
v -0.057774 -0.736407 0.034711
v -0.086963 -0.699558 0.056245
v -0.119914 -0.702200 0.062606
v -0.150344 -0.703845 0.048398
v -0.174179 -0.704400 0.024041
v -0.195892 -0.704797 -0.002198
v -0.213106 -0.705166 -0.031580
v -0.060488 -0.656159 -0.026489
v -0.052005 -0.656097 0.005135
v -0.060690 -0.697070 0.035098
v -0.089571 -0.660429 0.055779
v -0.121036 -0.663120 0.063933
v -0.150715 -0.664712 0.050975
v -0.173323 -0.665269 0.026873
v -0.194078 -0.665664 0.001101
v -0.209073 -0.666310 -0.028293
v -0.061265 -0.615974 -0.024243
v -0.067653 -0.618382 0.035634
v -0.063975 -0.657722 0.035366
v -0.091963 -0.621298 0.056165
v -0.121961 -0.624042 0.065594
v -0.150984 -0.625596 0.053743
v -0.172485 -0.626129 0.030016
v -0.191020 -0.626507 0.003826
v -0.204660 -0.627377 -0.025137
v -0.061050 -0.575462 -0.021249
v -0.055103 -0.616370 0.006796
v -0.071493 -0.579057 0.036252
v -0.094197 -0.582157 0.057116
v -0.122686 -0.584971 0.067727
v -0.150881 -0.586471 0.056612
v -0.171699 -0.586979 0.033701
v -0.188319 -0.587278 0.007482
v -0.200595 -0.588247 -0.020971
v -0.060558 -0.534251 -0.017788
v -0.057449 -0.576415 0.009087
v -0.075107 -0.539762 0.037789
v -0.096275 -0.543034 0.058849
v -0.123425 -0.545895 0.070263
v -0.151082 -0.547392 0.060111
v -0.171489 -0.547851 0.038073
v -0.186813 -0.548028 0.012037
v -0.197583 -0.548314 -0.016426
v -0.061819 -0.496431 0.015222
v -0.060866 -0.536485 0.011685
v -0.076362 -0.500291 0.041142
v -0.097632 -0.503751 0.062016
v -0.124952 -0.506601 0.073031
v -0.152912 -0.508119 0.063858
v -0.173716 -0.508541 0.042367
v -0.188941 -0.508602 0.016473
v -0.199490 -0.508272 -0.011591
v -0.057525 -0.490980 -0.014049
v -0.055094 -0.457035 0.018299
v -0.070181 -0.461411 0.044612
v -0.093911 -0.464664 0.064147
v -0.122274 -0.467456 0.075769
v -0.152023 -0.469072 0.069604
v -0.174367 -0.469368 0.048428
v -0.190389 -0.469212 0.021902
v -0.201301 -0.468586 -0.007085
v -0.049094 -0.449195 -0.011021
v -0.049443 -0.416896 0.021262
v -0.064433 -0.422306 0.048598
v -0.089930 -0.425596 0.067469
v -0.119553 -0.428293 0.078981
v -0.150782 -0.429925 0.075321
v -0.174685 -0.430084 0.054418
v -0.191357 -0.429732 0.027142
v -0.202773 -0.428965 -0.002719
v -0.040722 -0.408317 -0.008344
v -0.043651 -0.376537 0.024132
v -0.060529 -0.382634 0.051573
v -0.086199 -0.386474 0.071603
v -0.116822 -0.389157 0.083307
v -0.149240 -0.390665 0.080819
v -0.174674 -0.390689 0.060268
v -0.191992 -0.390185 0.032237
v -0.203439 -0.389314 0.001369
v -0.033216 -0.367421 -0.005786
v -0.037580 -0.336146 0.027372
v -0.056499 -0.342836 0.054706
v -0.082477 -0.347256 0.075939
v -0.113984 -0.349962 0.088037
v -0.147437 -0.351280 0.086019
v -0.174292 -0.351160 0.065888
v -0.192279 -0.350561 0.037137
v -0.202339 -0.349641 0.004855
v -0.026909 -0.326423 -0.003342
v -0.031291 -0.295697 0.030842
v -0.051985 -0.303111 0.058517
v -0.078634 -0.308106 0.080939
v -0.111104 -0.310851 0.093865
v -0.145789 -0.311871 0.091819
v -0.173867 -0.311507 0.071449
v -0.192073 -0.310842 0.041663
v -0.199187 -0.310072 0.007665
v -0.020235 -0.285719 -0.001200
v -0.020861 -0.257017 0.037936
v -0.044935 -0.264832 0.066520
v -0.074737 -0.269719 0.088536
v -0.109329 -0.272006 0.100933
v -0.145397 -0.272523 0.098387
v -0.174563 -0.271825 0.077211
v -0.191896 -0.271029 0.045522
v -0.195427 -0.270592 0.009702
v 0.001182 -0.231174 0.051612
v -0.000367 -0.251243 0.001154
v -0.027294 -0.230487 0.071268
v -0.055259 -0.234526 0.092045
v -0.087659 -0.235827 0.105454
v -0.122372 -0.235712 0.110109
v -0.155960 -0.234561 0.100851
v -0.181175 -0.232973 0.076803
v -0.195175 -0.231682 0.044805
v 0.001871 -0.199471 0.085748
v -0.029998 -0.196993 0.095855
v -0.061663 -0.197938 0.107869
v -0.095024 -0.197517 0.115602
v -0.129314 -0.195990 0.113685
v -0.161290 -0.194261 0.101105
v -0.183795 -0.192692 0.075127
v -0.196457 -0.191679 0.043020
v -0.197000 -0.231005 0.010040
v 0.002893 -0.163958 0.111786
v -0.030289 -0.161113 0.115703
v -0.063874 -0.159142 0.117136
v -0.097673 -0.157525 0.116890
v -0.131325 -0.155602 0.112731
v -0.162079 -0.153631 0.098637
v -0.183795 -0.152269 0.072463
v -0.195796 -0.151596 0.040310
v -0.199616 -0.191362 0.008601
v 0.004496 -0.125518 0.130286
v -0.029231 -0.122634 0.128990
v -0.062656 -0.119796 0.123601
v -0.096002 -0.117653 0.117531
v -0.129044 -0.115456 0.110024
v -0.159500 -0.113233 0.095627
v -0.180626 -0.112048 0.069176
v -0.192667 -0.111655 0.037273
v -0.199324 -0.151545 0.006108
v 0.006370 -0.083374 0.132936
v -0.027000 -0.081685 0.131474
v -0.092608 -0.077848 0.117780
v -0.124649 -0.075552 0.107878
v -0.153962 -0.073313 0.092125
v -0.174795 -0.072224 0.066020
v -0.186260 -0.072203 0.034373
v -0.195708 -0.111909 0.003135
v -0.023434 -0.040531 0.130964
v -0.056212 -0.039734 0.125575
v -0.060072 -0.079841 0.125994
v -0.088263 -0.038054 0.117270
v -0.119144 -0.035734 0.105946
v -0.147053 -0.033597 0.089165
v -0.167285 -0.032630 0.063705
v -0.178753 -0.032942 0.033301
v -0.182126 -0.033866 0.000850
v -0.189504 -0.072666 0.000663
v 0.077863 -0.971988 -0.008804
v 0.103593 -0.997969 -0.046759
v 0.105306 -0.996853 -0.001525
v 0.090847 -0.969566 -0.092297
v 0.110397 -0.998107 -0.090386
v 0.129815 -0.998065 -0.123314
v 0.174246 -0.963512 -0.127875
v 0.179168 -0.998025 -0.125980
v 0.213068 -0.964009 -0.103863
v 0.211495 -0.998031 -0.103821
v 0.221928 -0.996787 -0.061500
v 0.231796 -0.959824 -0.019702
v 0.221464 -0.993661 -0.013587
v 0.245788 -0.955652 0.020032
v 0.227669 -0.988487 0.030316
v 0.070624 -0.934154 -0.012909
v 0.081657 -0.971399 -0.051398
v 0.082452 -0.932205 -0.051308
v 0.092675 -0.930332 -0.090284
v 0.122225 -0.966457 -0.119962
v 0.161854 -0.925932 -0.115527
v 0.202386 -0.925184 -0.101060
v 0.213777 -0.924605 -0.062688
v 0.228358 -0.962900 -0.064484
v 0.227901 -0.921991 -0.024056
v 0.253057 -0.920780 0.008414
v 0.066851 -0.894863 -0.015893
v 0.083086 -0.892740 -0.051261
v 0.093853 -0.890922 -0.088881
v 0.119837 -0.927866 -0.119748
v 0.157673 -0.887280 -0.116657
v 0.191988 -0.886352 -0.100315
v 0.204685 -0.886702 -0.063077
v 0.229880 -0.886504 -0.032760
v 0.252010 -0.885227 -0.001038
v 0.062235 -0.855601 -0.019312
v 0.080972 -0.853252 -0.052174
v 0.092024 -0.851430 -0.088665
v 0.119153 -0.888686 -0.117512
v 0.155178 -0.848234 -0.119391
v 0.186350 -0.847542 -0.100277
v 0.203878 -0.848139 -0.066340
v 0.231848 -0.850359 -0.041864
v 0.251247 -0.849690 -0.010440
v 0.058199 -0.816193 -0.022633
v 0.078902 -0.813704 -0.052969
v 0.090731 -0.811870 -0.088127
v 0.117513 -0.849443 -0.115626
v 0.152194 -0.809038 -0.120732
v 0.181022 -0.808710 -0.099789
v 0.203233 -0.809325 -0.070418
v 0.235588 -0.812625 -0.052417
v 0.241710 -0.814036 -0.021404
v 0.055361 -0.776520 -0.025247
v 0.077058 -0.774074 -0.053667
v 0.089663 -0.772241 -0.087461
v 0.115996 -0.810095 -0.114152
v 0.149237 -0.769741 -0.120838
v 0.177716 -0.769669 -0.100548
v 0.205988 -0.770981 -0.078758
v 0.237133 -0.773968 -0.061203
v 0.226441 -0.780341 -0.033938
v 0.054184 -0.736599 -0.026589
v 0.075310 -0.734349 -0.054311
v 0.088719 -0.732538 -0.086685
v 0.114486 -0.770641 -0.112779
v 0.146652 -0.730390 -0.119781
v 0.177190 -0.730601 -0.104104
v 0.208085 -0.732538 -0.087683
v 0.233383 -0.734730 -0.065054
v 0.213990 -0.744003 -0.039807
v 0.054800 -0.696550 -0.026660
v 0.073812 -0.694500 -0.054791
v 0.112163 -0.691462 -0.108982
v 0.113168 -0.731090 -0.111075
v 0.144702 -0.690988 -0.117841
v 0.177380 -0.691547 -0.109192
v 0.207236 -0.693289 -0.092891
v 0.224462 -0.696291 -0.065087
v 0.211319 -0.705226 -0.035330
v 0.057016 -0.656485 -0.025401
v 0.072897 -0.654566 -0.054452
v 0.087893 -0.692759 -0.085769
v 0.110706 -0.651770 -0.107828
v 0.142878 -0.651550 -0.116945
v 0.175764 -0.652176 -0.111501
v 0.202999 -0.653862 -0.093009
v 0.213876 -0.658493 -0.062592
v 0.209770 -0.666255 -0.030839
v 0.058417 -0.616310 -0.022940
v 0.087338 -0.613444 -0.080287
v 0.086974 -0.652931 -0.084678
v 0.110077 -0.612451 -0.102805
v 0.140712 -0.612460 -0.112684
v 0.172349 -0.613157 -0.107702
v 0.197841 -0.615071 -0.088660
v 0.207725 -0.620008 -0.058757
v 0.205253 -0.627340 -0.027596
v 0.072110 -0.574758 -0.047814
v 0.072600 -0.614688 -0.051683
v 0.085083 -0.574003 -0.076052
v 0.109679 -0.573722 -0.094547
v 0.139086 -0.574098 -0.104487
v 0.168571 -0.574299 -0.103360
v 0.190509 -0.577181 -0.081845
v 0.201726 -0.581748 -0.053555
v 0.200440 -0.588390 -0.023395
v 0.058731 -0.575813 -0.019851
v 0.068923 -0.534914 -0.044761
v 0.085420 -0.535030 -0.069300
v 0.111896 -0.536029 -0.083586
v 0.134561 -0.535739 -0.103123
v 0.162180 -0.536222 -0.095998
v 0.183589 -0.539371 -0.075193
v 0.195361 -0.543740 -0.048049
v 0.197545 -0.548642 -0.018472
v 0.058921 -0.534606 -0.016353
v 0.066283 -0.494951 -0.040977
v 0.085294 -0.496208 -0.064379
v 0.103190 -0.498073 -0.088579
v 0.130121 -0.497069 -0.097955
v 0.157787 -0.498263 -0.086635
v 0.181336 -0.500856 -0.068258
v 0.196695 -0.504758 -0.043014
v 0.199591 -0.508774 -0.013660
v 0.056390 -0.491413 -0.012640
v 0.057646 -0.455458 -0.038478
v 0.073064 -0.458292 -0.065326
v 0.091288 -0.460366 -0.089837
v 0.119496 -0.462499 -0.083886
v 0.146340 -0.466519 -0.069325
v 0.174968 -0.464507 -0.058084
v 0.201368 -0.469239 -0.009227
v 0.048128 -0.449609 -0.009648
v 0.048830 -0.415549 -0.036925
v 0.060522 -0.420285 -0.066416
v 0.083097 -0.422361 -0.084306
v 0.111926 -0.426589 -0.071451
v 0.143620 -0.428029 -0.067957
v 0.166552 -0.428844 -0.047778
v 0.194368 -0.427337 -0.033084
v 0.197984 -0.465677 -0.039431
v 0.039985 -0.408693 -0.006916
v 0.040279 -0.375437 -0.035675
v 0.049732 -0.381516 -0.066727
v 0.077544 -0.384540 -0.075502
v 0.109893 -0.387814 -0.075830
v 0.142276 -0.389694 -0.073272
v 0.163763 -0.389875 -0.048996
v 0.187603 -0.389376 -0.026716
v 0.203371 -0.429802 -0.004817
v 0.032661 -0.367739 -0.004395
v 0.031862 -0.335127 -0.034604
v 0.043279 -0.341789 -0.065670
v 0.074533 -0.345700 -0.075667
v 0.107391 -0.349430 -0.083164
v 0.140265 -0.350812 -0.075845
v 0.164103 -0.350923 -0.052449
v 0.183086 -0.350579 -0.024445
v 0.202201 -0.350803 0.002533
v 0.204237 -0.390293 -0.000719
v 0.026383 -0.326676 -0.002011
v 0.024356 -0.294436 -0.033805
v 0.040890 -0.301744 -0.063435
v 0.071267 -0.306859 -0.080039
v 0.105128 -0.310510 -0.087000
v 0.138941 -0.311970 -0.079055
v 0.165074 -0.311962 -0.056239
v 0.181933 -0.311443 -0.025610
v 0.198473 -0.311461 0.005037
v 0.019446 -0.285875 0.000105
v 0.016213 -0.254481 -0.037065
v 0.036790 -0.262703 -0.067410
v 0.067910 -0.268350 -0.085839
v 0.103436 -0.271797 -0.091618
v 0.138326 -0.273217 -0.083397
v 0.164714 -0.272907 -0.059186
v 0.182431 -0.272247 -0.027685
v 0.194261 -0.272209 0.006465
v -0.003036 -0.226819 -0.048010
v -0.000367 -0.251243 0.001154
v 0.023125 -0.226207 -0.069202
v 0.049498 -0.231999 -0.090015
v 0.082492 -0.234931 -0.099061
v 0.116759 -0.236716 -0.099379
v 0.147261 -0.236262 -0.084298
v 0.169755 -0.234877 -0.058144
v 0.186323 -0.233620 -0.027741
v -0.003739 -0.194190 -0.083783
v 0.027195 -0.193097 -0.094659
v 0.057861 -0.196196 -0.106814
v 0.090563 -0.198454 -0.112119
v 0.123216 -0.198505 -0.105173
v 0.151000 -0.197402 -0.086744
v 0.172012 -0.195857 -0.060255
v 0.197717 -0.193358 0.002542
v 0.195973 -0.232804 0.005683
v -0.004241 -0.161485 -0.114763
v 0.028691 -0.159769 -0.119126
v 0.061773 -0.160036 -0.123880
v 0.095129 -0.161312 -0.125444
v 0.152086 -0.158543 -0.092494
v 0.172046 -0.156898 -0.065262
v 0.187086 -0.155314 -0.034914
v 0.188021 -0.194450 -0.030225
v 0.196958 -0.153893 -0.002433
v -0.004387 -0.126002 -0.139451
v 0.029603 -0.125094 -0.141100
v 0.063639 -0.124620 -0.143181
v 0.127437 -0.121573 -0.123407
v 0.126337 -0.160214 -0.113924
v 0.151027 -0.119628 -0.099243
v 0.169207 -0.118007 -0.070665
v 0.184308 -0.116291 -0.040445
v 0.193391 -0.114567 -0.007984
v -0.003622 -0.085960 -0.151980
v 0.030488 -0.085981 -0.152531
v 0.064453 -0.085230 -0.152360
v 0.097224 -0.123589 -0.138628
v 0.126327 -0.081624 -0.128476
v 0.149131 -0.080208 -0.104231
v 0.165926 -0.079010 -0.075416
v 0.179253 -0.077359 -0.044960
v 0.187684 -0.075371 -0.012908
v -0.000528 -0.044843 -0.151553
v 0.032965 -0.045224 -0.152169
v 0.065300 -0.044484 -0.150846
v 0.097375 -0.083718 -0.145214
v 0.096380 -0.043005 -0.144637
v 0.145567 -0.040447 -0.106067
v 0.162161 -0.039743 -0.078858
v 0.173961 -0.038353 -0.049366
v 0.180804 -0.036353 -0.018893
v 0.101032 -0.982561 0.040360
v 0.077863 -0.971988 -0.008804
v 0.105306 -0.996853 -0.001525
v 0.097467 -0.959950 0.080460
v 0.071902 -0.960402 0.031789
v 0.104416 -0.913432 0.083105
v 0.070685 -0.941262 0.068432
v 0.134917 -0.907731 0.130430
v 0.099372 -0.930578 0.115880
v 0.178962 -0.886724 0.106770
v 0.140531 -0.894551 0.095311
v 0.182763 -0.913377 0.130110
v 0.208912 -0.902768 0.080480
v 0.218728 -0.937680 0.105467
v 0.239666 -0.925998 0.054899
v 0.232029 -0.966504 0.069732
v 0.245788 -0.955652 0.020032
v 0.070624 -0.934154 -0.012909
v 0.053989 -0.928743 0.023373
v 0.059429 -0.912528 0.058856
v 0.128080 -0.870994 0.085246
v 0.090498 -0.889121 0.077804
v 0.171010 -0.868459 0.084028
v 0.207660 -0.877484 0.066704
v 0.234407 -0.896208 0.037755
v 0.253057 -0.920780 0.008414
v 0.066851 -0.894863 -0.015893
v 0.053314 -0.884927 0.042287
v 0.043844 -0.892252 0.015673
v 0.091905 -0.886251 0.044200
v 0.131014 -0.877663 0.053663
v 0.170746 -0.874684 0.055026
v 0.208532 -0.873498 0.043670
v 0.252010 -0.885227 -0.001038
v 0.241850 -0.871070 0.033660
v 0.062235 -0.855601 -0.019312
v 0.058330 -0.854247 0.025817
v 0.036093 -0.854069 0.008409
v 0.091039 -0.854955 0.042130
v 0.163069 -0.845320 0.052043
v 0.125062 -0.850962 0.057720
v 0.195132 -0.848468 0.029098
v 0.225170 -0.849112 0.008119
v 0.058199 -0.816193 -0.022633
v 0.061809 -0.815204 0.024387
v 0.034627 -0.814474 0.005376
v 0.089011 -0.818149 0.048148
v 0.120173 -0.819126 0.060132
v 0.147491 -0.820386 0.034732
v 0.176829 -0.820622 0.011906
v 0.207168 -0.819813 -0.009237
v 0.241710 -0.814036 -0.021404
v 0.055361 -0.776520 -0.025247
v 0.037211 -0.774860 0.004361
v 0.087191 -0.779174 0.053122
v 0.063644 -0.776095 0.026054
v 0.121163 -0.780955 0.060210
v 0.151392 -0.782241 0.041240
v 0.175943 -0.782563 0.014700
v 0.198046 -0.782872 -0.013755
v 0.226441 -0.780341 -0.033938
v 0.054184 -0.736599 -0.026589
v 0.040916 -0.735298 0.004306
v 0.087666 -0.739877 0.055288
v 0.062667 -0.737152 0.031045
v 0.121651 -0.741910 0.060376
v 0.152658 -0.743270 0.044631
v 0.177248 -0.743756 0.019575
v 0.198058 -0.743981 -0.008675
v 0.213990 -0.744003 -0.039807
v 0.054800 -0.696550 -0.026660
v 0.045784 -0.695892 0.005055
v 0.089415 -0.700574 0.055593
v 0.063743 -0.697907 0.033614
v 0.122251 -0.702842 0.061439
v 0.152683 -0.704183 0.046867
v 0.176672 -0.704700 0.022669
v 0.197483 -0.704966 -0.004315
v 0.211319 -0.705226 -0.035330
v 0.057016 -0.656485 -0.025401
v 0.050367 -0.656451 0.006247
v 0.091221 -0.661324 0.056146
v 0.066284 -0.658547 0.034748
v 0.122956 -0.663770 0.062880
v 0.152347 -0.665094 0.048902
v 0.175220 -0.665600 0.025031
v 0.195670 -0.665844 -0.000995
v 0.209770 -0.666255 -0.030839
v 0.058417 -0.616310 -0.022940
v 0.053878 -0.616795 0.008048
v 0.093321 -0.622111 0.056521
v 0.069260 -0.619162 0.035670
v 0.123645 -0.624696 0.064590
v 0.152351 -0.626059 0.051719
v 0.173960 -0.626516 0.028086
v 0.192205 -0.626767 0.001674
v 0.205253 -0.627340 -0.027596
v 0.058731 -0.575813 -0.019851
v 0.072624 -0.579786 0.036651
v 0.056896 -0.576918 0.010345
v 0.095254 -0.582918 0.057598
v 0.124204 -0.585623 0.066571
v 0.152364 -0.587035 0.055138
v 0.172973 -0.587445 0.031996
v 0.189068 -0.587642 0.005440
v 0.200440 -0.588390 -0.023395
v 0.058921 -0.534606 -0.016353
v 0.075731 -0.540440 0.038532
v 0.060491 -0.536990 0.012935
v 0.097261 -0.543755 0.059166
v 0.124891 -0.546568 0.069263
v 0.152482 -0.548010 0.058870
v 0.172363 -0.548379 0.036365
v 0.187304 -0.548497 0.010123
v 0.197545 -0.548642 -0.018472
v 0.061720 -0.496957 0.016364
v 0.056390 -0.491413 -0.012640
v 0.076885 -0.500936 0.041919
v 0.098656 -0.504455 0.062242
v 0.126360 -0.507285 0.072159
v 0.154189 -0.508760 0.062572
v 0.174399 -0.509109 0.040499
v 0.189567 -0.509178 0.014564
v 0.199591 -0.508774 -0.013660
v 0.055254 -0.457474 0.019413
v 0.048128 -0.449609 -0.009648
v 0.070954 -0.461990 0.045399
v 0.094951 -0.465363 0.064525
v 0.123705 -0.468169 0.075170
v 0.153271 -0.469740 0.068301
v 0.175123 -0.470009 0.046514
v 0.191108 -0.469892 0.019949
v 0.201368 -0.469239 -0.009227
v 0.049739 -0.417323 0.022333
v 0.039985 -0.408693 -0.006916
v 0.065334 -0.422823 0.049344
v 0.091128 -0.426264 0.067777
v 0.121030 -0.429021 0.078633
v 0.151980 -0.430614 0.073864
v 0.175499 -0.430795 0.052443
v 0.192071 -0.430511 0.025089
v 0.203371 -0.429802 -0.004817
v 0.044224 -0.376941 0.025098
v 0.032661 -0.367739 -0.004395
v 0.061598 -0.383149 0.052241
v 0.087569 -0.387123 0.071844
v 0.118398 -0.389877 0.082955
v 0.150543 -0.391387 0.079355
v 0.175520 -0.391460 0.058217
v 0.192746 -0.391068 0.030094
v 0.204237 -0.390293 -0.000719
v 0.038586 -0.336513 0.028204
v 0.026383 -0.326676 -0.002011
v 0.057777 -0.343382 0.055360
v 0.083927 -0.347932 0.076347
v 0.115705 -0.350679 0.087722
v 0.149022 -0.352056 0.084914
v 0.175199 -0.351993 0.063779
v 0.193120 -0.351557 0.034941
v 0.202201 -0.350803 0.002533
v 0.032482 -0.296105 0.031609
v 0.019446 -0.285875 0.000105
v 0.053264 -0.303770 0.059367
v 0.080138 -0.308884 0.081750
v 0.112979 -0.311665 0.094108
v 0.147730 -0.312684 0.091012
v 0.174848 -0.312398 0.069266
v 0.192520 -0.311935 0.039110
v 0.198473 -0.311461 0.005037
v 0.021784 -0.257437 0.038261
v -0.000367 -0.251243 0.001154
v 0.046356 -0.265527 0.067062
v 0.076700 -0.270410 0.088829
v 0.111607 -0.272806 0.100843
v 0.147715 -0.273291 0.096997
v 0.175966 -0.272742 0.074633
v 0.192088 -0.272213 0.042261
v 0.194261 -0.272209 0.006465
v 0.001182 -0.231174 0.051612
v 0.029298 -0.231428 0.072015
v 0.057394 -0.235663 0.092969
v 0.090423 -0.236756 0.105556
v 0.125511 -0.236477 0.108679
v 0.158920 -0.235407 0.098376
v 0.183073 -0.234030 0.073063
v 0.195673 -0.233052 0.040432
v 0.001871 -0.199471 0.085748
v 0.033966 -0.197540 0.095355
v 0.065663 -0.198776 0.107404
v 0.099204 -0.198255 0.113953
v 0.133213 -0.196787 0.110215
v 0.164130 -0.195192 0.095641
v 0.186024 -0.193909 0.069166
v 0.195973 -0.232804 0.005683
v 0.197682 -0.193230 0.036871
v 0.002893 -0.163958 0.111786
v 0.036240 -0.161621 0.114421
v 0.069776 -0.159729 0.114409
v 0.103390 -0.158331 0.113771
v 0.136443 -0.156545 0.107721
v 0.165272 -0.154903 0.090570
v 0.185787 -0.153794 0.063720
v 0.197717 -0.193358 0.002542
v 0.196547 -0.153405 0.031525
v 0.004496 -0.125518 0.130286
v 0.037988 -0.122901 0.126032
v 0.071116 -0.120312 0.119640
v 0.104066 -0.118397 0.112686
v 0.136436 -0.116433 0.103874
v 0.164206 -0.114752 0.085641
v 0.182792 -0.113938 0.057810
v 0.196958 -0.153893 -0.002433
v 0.192575 -0.113825 0.025660
v 0.006370 -0.083374 0.132936
v 0.039603 -0.082346 0.128753
v 0.072217 -0.080385 0.121351
v 0.104264 -0.078469 0.111998
v 0.135387 -0.076448 0.100338
v 0.161845 -0.074786 0.080674
v 0.178709 -0.074237 0.052180
v 0.193391 -0.114567 -0.007984
v 0.187231 -0.074377 0.020188
v 0.008706 -0.041906 0.131771
v 0.041063 -0.041742 0.128570
v 0.072872 -0.040312 0.120515
v 0.104058 -0.038572 0.110325
v 0.134138 -0.036505 0.097203
v 0.158336 -0.035019 0.075306
v 0.174230 -0.034641 0.046585
v 0.187684 -0.075371 -0.012908
v 0.180614 -0.035241 0.014215
v -0.101645 -0.998219 -0.045983
v -0.079862 -0.972382 -0.009143
v -0.105663 -0.998122 -0.001899
v -0.105546 -0.998202 -0.090259
v -0.081151 -0.970951 -0.050507
v -0.124972 -0.998164 -0.125042
v -0.086403 -0.969325 -0.092034
v -0.171653 -0.962956 -0.130453
v -0.119772 -0.965544 -0.126271
v -0.176689 -0.998137 -0.126503
v -0.211803 -0.964575 -0.104408
v -0.208313 -0.998154 -0.103698
v -0.225364 -0.965478 -0.065681
v -0.218381 -0.998163 -0.062014
v -0.228545 -0.964854 -0.021083
v -0.224329 -0.990504 0.029828
v -0.217193 -0.997377 -0.014421
v -0.080137 -0.932914 -0.011661
v -0.084987 -0.931632 -0.051310
v -0.091746 -0.930038 -0.090700
v -0.160481 -0.926014 -0.122783
v -0.118342 -0.927764 -0.123394
v -0.202341 -0.925704 -0.104203
v -0.211965 -0.926947 -0.063256
v -0.227732 -0.927030 -0.026510
v -0.241655 -0.957585 0.018979
v -0.075129 -0.893840 -0.015586
v -0.087725 -0.892108 -0.051922
v -0.094610 -0.890632 -0.090303
v -0.120190 -0.888576 -0.118867
v -0.191975 -0.886863 -0.100551
v -0.158942 -0.887425 -0.120725
v -0.205047 -0.887984 -0.063045
v -0.232664 -0.889987 -0.036086
v -0.251646 -0.886895 -0.004903
v -0.069750 -0.854762 -0.019499
v -0.086447 -0.852562 -0.052911
v -0.092711 -0.851128 -0.090412
v -0.156505 -0.848305 -0.120247
v -0.118802 -0.849315 -0.116739
v -0.186469 -0.848031 -0.099440
v -0.205398 -0.848955 -0.066400
v -0.237166 -0.852163 -0.046295
v -0.249962 -0.851923 -0.013049
v -0.065015 -0.815518 -0.023215
v -0.084445 -0.813003 -0.053833
v -0.091426 -0.811538 -0.090211
v -0.153692 -0.809068 -0.121021
v -0.117386 -0.809944 -0.115540
v -0.181795 -0.809123 -0.098783
v -0.206749 -0.810181 -0.071905
v -0.239734 -0.813682 -0.055347
v -0.237252 -0.817014 -0.024762
v -0.061326 -0.775996 -0.026049
v -0.082076 -0.773410 -0.054703
v -0.090512 -0.771880 -0.089730
v -0.151006 -0.769772 -0.120616
v -0.116042 -0.770469 -0.114211
v -0.179327 -0.770005 -0.099648
v -0.209225 -0.771749 -0.080181
v -0.239080 -0.774449 -0.061320
v -0.223615 -0.782055 -0.035316
v -0.059206 -0.736187 -0.027476
v -0.079584 -0.733743 -0.055520
v -0.089747 -0.732165 -0.089013
v -0.148720 -0.730400 -0.119951
v -0.114915 -0.730903 -0.112513
v -0.178986 -0.730865 -0.102916
v -0.210585 -0.732984 -0.087879
v -0.233381 -0.735293 -0.063057
v -0.215200 -0.743986 -0.036389
v -0.058836 -0.696207 -0.027676
v -0.076845 -0.694002 -0.056327
v -0.114109 -0.691279 -0.110369
v -0.089048 -0.692386 -0.088052
v -0.146979 -0.691011 -0.117897
v -0.179465 -0.691802 -0.108286
v -0.209001 -0.693600 -0.091588
v -0.223782 -0.696963 -0.062161
v -0.213106 -0.705166 -0.031580
v -0.060488 -0.656159 -0.026489
v -0.074979 -0.654121 -0.056275
v -0.113009 -0.651608 -0.108863
v -0.088406 -0.652569 -0.086760
v -0.145394 -0.651553 -0.117197
v -0.178124 -0.652381 -0.110600
v -0.204603 -0.654214 -0.091071
v -0.214035 -0.658875 -0.059949
v -0.209073 -0.666310 -0.028293
v -0.061265 -0.615974 -0.024243
v -0.088787 -0.613063 -0.082268
v -0.074111 -0.614240 -0.053627
v -0.112326 -0.612266 -0.103992
v -0.143290 -0.612438 -0.112856
v -0.174813 -0.613257 -0.106823
v -0.199418 -0.615399 -0.086655
v -0.207983 -0.620318 -0.056243
v -0.204660 -0.627377 -0.025137
v -0.073257 -0.574326 -0.049744
v -0.061050 -0.575462 -0.021249
v -0.086677 -0.573635 -0.077704
v -0.112127 -0.573666 -0.095080
v -0.141355 -0.573969 -0.105458
v -0.170494 -0.574518 -0.101050
v -0.192966 -0.577238 -0.080131
v -0.202056 -0.581964 -0.051124
v -0.200595 -0.588247 -0.020971
v -0.070138 -0.534476 -0.046376
v -0.060558 -0.534251 -0.017788
v -0.088062 -0.534952 -0.069557
v -0.113907 -0.535693 -0.085025
v -0.137182 -0.535233 -0.103497
v -0.164687 -0.536373 -0.093416
v -0.187076 -0.539134 -0.073722
v -0.197718 -0.543453 -0.046223
v -0.197583 -0.548314 -0.016426
v -0.068095 -0.494565 -0.042093
v -0.057525 -0.490980 -0.014049
v -0.087145 -0.495904 -0.065540
v -0.105638 -0.497547 -0.089298
v -0.133065 -0.496801 -0.096300
v -0.160192 -0.498544 -0.083407
v -0.185063 -0.500536 -0.066813
v -0.199331 -0.504380 -0.041095
v -0.199490 -0.508272 -0.011591
v -0.059576 -0.455009 -0.039500
v -0.049094 -0.449195 -0.011021
v -0.075442 -0.457800 -0.066098
v -0.094635 -0.459590 -0.090019
v -0.122943 -0.461458 -0.083020
v -0.149494 -0.464872 -0.067491
v -0.178791 -0.463359 -0.057424
v -0.200606 -0.465151 -0.037441
v -0.201301 -0.468586 -0.007085
v -0.050925 -0.415065 -0.037862
v -0.040722 -0.408317 -0.008344
v -0.063945 -0.419467 -0.066837
v -0.086818 -0.421302 -0.085213
v -0.115972 -0.424641 -0.073048
v -0.147194 -0.426297 -0.068527
v -0.171093 -0.426613 -0.047538
v -0.199309 -0.426030 -0.033203
v -0.042756 -0.374891 -0.036547
v -0.033216 -0.367421 -0.005786
v -0.053957 -0.380557 -0.067111
v -0.081219 -0.383122 -0.078160
v -0.113748 -0.385817 -0.076600
v -0.145774 -0.387439 -0.071909
v -0.168255 -0.387622 -0.048144
v -0.194396 -0.387334 -0.028343
v -0.202773 -0.428965 -0.002719
v -0.034626 -0.334631 -0.035572
v -0.026909 -0.326423 -0.003342
v -0.047274 -0.340913 -0.066350
v -0.077875 -0.344276 -0.078169
v -0.111292 -0.347318 -0.083324
v -0.143822 -0.348506 -0.074717
v -0.167557 -0.348566 -0.050870
v -0.190048 -0.348415 -0.025496
v -0.203439 -0.389314 0.001369
v -0.027130 -0.294129 -0.034964
v -0.020235 -0.285719 -0.001200
v -0.044364 -0.300987 -0.064511
v -0.074501 -0.305375 -0.081604
v -0.108782 -0.308376 -0.086825
v -0.142223 -0.309585 -0.077628
v -0.167257 -0.309482 -0.053632
v -0.186736 -0.309292 -0.024561
v -0.199187 -0.310072 0.007665
v -0.017686 -0.254878 -0.038714
v -0.000367 -0.251243 0.001154
v -0.038874 -0.262359 -0.069611
v -0.071170 -0.267059 -0.087694
v -0.107343 -0.269886 -0.092439
v -0.142085 -0.270936 -0.082529
v -0.167374 -0.270406 -0.056706
v -0.184773 -0.270030 -0.024856
v -0.195427 -0.270592 0.009702
v -0.003036 -0.226819 -0.048010
v -0.025994 -0.227141 -0.072586
v -0.053730 -0.231424 -0.092683
v -0.087227 -0.233598 -0.101294
v -0.121581 -0.234606 -0.099187
v -0.151343 -0.233720 -0.081972
v -0.173078 -0.232315 -0.054872
v -0.188736 -0.231321 -0.023821
v -0.003739 -0.194190 -0.083783
v -0.033994 -0.192843 -0.096740
v -0.064319 -0.195702 -0.110186
v -0.097510 -0.196904 -0.113874
v -0.129864 -0.196248 -0.104336
v -0.156082 -0.194664 -0.082873
v -0.176939 -0.193181 -0.055790
v -0.199616 -0.191362 0.008601
v -0.192149 -0.192006 -0.024999
v -0.004241 -0.161485 -0.114763
v -0.036974 -0.159040 -0.121065
v -0.069898 -0.159206 -0.127416
v -0.103142 -0.158604 -0.124530
v -0.133571 -0.157184 -0.110215
v -0.177101 -0.153817 -0.058271
v -0.157565 -0.155415 -0.086270
v -0.191799 -0.152465 -0.027340
v -0.199324 -0.151545 0.006108
v -0.004387 -0.126002 -0.139451
v -0.038318 -0.123569 -0.142449
v -0.072468 -0.121890 -0.144153
v -0.134499 -0.117936 -0.117222
v -0.105541 -0.119777 -0.135610
v -0.157008 -0.116241 -0.091330
v -0.174657 -0.114550 -0.061807
v -0.188414 -0.113037 -0.030331
v -0.195708 -0.111909 0.003135
v -0.003622 -0.085960 -0.151980
v -0.037798 -0.083688 -0.153103
v -0.104678 -0.079234 -0.141221
v -0.072053 -0.081204 -0.151671
v -0.132836 -0.078038 -0.121435
v -0.154714 -0.076920 -0.094890
v -0.171118 -0.075268 -0.064735
v -0.183054 -0.073794 -0.032707
v -0.189504 -0.072666 0.000663
v -0.034098 -0.042417 -0.151575
v -0.000528 -0.044843 -0.151553
v -0.067755 -0.039699 -0.149748
v -0.100726 -0.038101 -0.141052
v -0.129721 -0.037846 -0.122435
v -0.150823 -0.037753 -0.095186
v -0.167423 -0.035820 -0.065924
v -0.177600 -0.034535 -0.033543
v -0.182126 -0.033866 0.000850
v 0.178026 -0.019301 -0.018583
v 0.180614 -0.035241 0.014215
v 0.180804 -0.036353 -0.018893
v 0.178185 -0.018133 0.013662
v 0.174230 -0.034641 0.046585
v 0.156132 -0.017705 0.074083
v 0.158336 -0.035019 0.075306
v 0.132137 -0.019155 0.095857
v 0.134138 -0.036505 0.097203
v 0.102992 -0.021277 0.110106
v 0.104058 -0.038572 0.110325
v 0.071995 -0.023081 0.120345
v 0.072872 -0.040312 0.120515
v 0.040443 -0.024182 0.128156
v 0.041063 -0.041742 0.128570
v 0.008706 -0.041906 0.131771
v 0.009241 -0.023542 0.130941
v -0.023434 -0.040531 0.130964
v -0.023107 -0.023245 0.130242
v -0.056212 -0.039734 0.125575
v -0.055455 -0.022460 0.124744
v -0.088263 -0.038054 0.117270
v -0.086963 -0.020657 0.116726
v -0.119144 -0.035734 0.105946
v -0.144579 -0.016255 0.087789
v -0.147053 -0.033597 0.089165
v -0.164311 -0.015366 0.062235
v -0.167285 -0.032630 0.063705
v -0.178753 -0.032942 0.033301
v -0.175265 -0.015708 0.031847
v -0.182126 -0.033866 0.000850
v -0.172240 0.001563 0.030652
v -0.178452 -0.016809 -0.000754
v -0.169514 0.018877 0.029396
v -0.173421 0.018056 -0.000861
v -0.173426 0.018020 -0.000862
v -0.158260 0.019236 0.059127
v -0.158266 0.019201 0.059130
v -0.138943 0.018418 0.084037
v -0.138949 0.018383 0.084041
v -0.141788 0.001086 0.085964
v -0.161327 0.001916 0.060740
v -0.112884 0.016423 0.101869
v -0.112889 0.016388 0.101873
v -0.117401 -0.018356 0.105225
v -0.083882 0.014283 0.114646
v -0.115319 -0.000955 0.103919
v -0.053799 0.012627 0.122736
v -0.083879 0.014319 0.114643
v -0.023214 0.011914 0.126975
v -0.023215 0.011877 0.126978
v -0.023358 -0.005770 0.128833
v -0.054679 -0.005077 0.123726
v 0.008218 0.011334 0.127691
v 0.008218 0.011298 0.127695
v 0.008325 -0.006208 0.129677
v 0.039356 0.010886 0.125228
v 0.039356 0.010849 0.125232
v 0.070751 0.011747 0.118994
v 0.099444 0.013340 0.108408
v 0.070751 0.011783 0.118993
v 0.071031 -0.005757 0.119785
v 0.127723 0.015482 0.093035
v 0.127728 0.015447 0.093039
v 0.130189 -0.001772 0.094768
v 0.151043 0.016876 0.071272
v 0.151048 0.016841 0.071275
v 0.153600 -0.000376 0.072687
v 0.165735 0.017105 0.042773
v 0.172817 0.016323 0.010797
v 0.165729 0.017140 0.042770
v 0.168914 -0.000027 0.044182
v 0.171384 -0.017388 0.045354
v 0.173208 0.015100 -0.020321
v 0.172811 0.016358 0.010794
v 0.175620 -0.000736 0.012629
v -0.178452 -0.016809 -0.000754
v -0.177600 -0.034535 -0.033543
v -0.182126 -0.033866 0.000850
v -0.175209 -0.017612 -0.033852
v -0.167423 -0.035820 -0.065924
v -0.165779 -0.018798 -0.066129
v -0.150823 -0.037753 -0.095186
v -0.149969 -0.020162 -0.095742
v -0.129721 -0.037846 -0.122435
v -0.128690 -0.020744 -0.121712
v -0.100726 -0.038101 -0.141052
v -0.099096 -0.021106 -0.138740
v -0.067755 -0.039699 -0.149748
v -0.065828 -0.022674 -0.146311
v -0.034098 -0.042417 -0.151575
v -0.032308 -0.025190 -0.148485
v -0.000528 -0.044843 -0.151553
v 0.000661 -0.027751 -0.149175
v 0.032965 -0.045224 -0.152169
v 0.033414 -0.028014 -0.149233
v 0.065300 -0.044484 -0.150846
v 0.064750 -0.026813 -0.147616
v 0.096380 -0.043005 -0.144637
v 0.095040 -0.025120 -0.142211
v 0.122675 -0.041019 -0.127881
v 0.122399 -0.023706 -0.127854
v 0.145567 -0.040447 -0.106067
v 0.145134 -0.022884 -0.105973
v 0.162161 -0.039743 -0.078858
v 0.172023 -0.020771 -0.049695
v 0.173961 -0.038353 -0.049366
v 0.180804 -0.036353 -0.018893
v 0.175412 -0.002233 -0.019117
v 0.178026 -0.019301 -0.018583
v 0.167783 0.014593 -0.049980
v 0.173203 0.015136 -0.020323
v 0.173208 0.015100 -0.020321
v 0.157965 0.013692 -0.078924
v 0.167778 0.014630 -0.049980
v 0.142054 0.012363 -0.104917
v 0.142059 0.012327 -0.104919
v 0.144424 -0.005256 -0.105794
v 0.161246 -0.022049 -0.079103
v 0.170173 -0.003183 -0.049952
v 0.118850 0.010956 -0.123530
v 0.118854 0.010921 -0.123535
v 0.121008 -0.006239 -0.126064
v 0.091154 0.010225 -0.133536
v 0.093311 -0.007419 -0.138386
v 0.062287 0.008588 -0.139183
v 0.062290 0.008551 -0.139192
v 0.033421 0.006920 -0.141273
v 0.033421 0.006884 -0.141282
v 0.033548 -0.011029 -0.145639
v 0.063690 -0.009210 -0.143418
v 0.001990 0.006667 -0.141679
v 0.033421 0.006884 -0.141282
v 0.001989 0.006631 -0.141686
v 0.001429 -0.010880 -0.145322
v -0.025466 0.007802 -0.141085
v 0.001989 0.006631 -0.141686
v -0.025474 0.007770 -0.141092
v -0.029545 -0.008119 -0.144554
v -0.061534 0.010257 -0.138324
v -0.061538 0.010223 -0.138332
v -0.094870 0.012039 -0.131710
v -0.094874 0.012006 -0.131718
v -0.097091 -0.004375 -0.135572
v -0.063572 -0.005967 -0.142354
v -0.124795 0.013617 -0.117944
v -0.124800 0.013582 -0.117950
v -0.127505 -0.003245 -0.121003
v -0.148410 0.014848 -0.095661
v -0.162549 0.015463 -0.066159
v -0.162553 0.015428 -0.066159
v -0.170474 0.016583 -0.034233
v -0.173035 -0.000491 -0.034070
v -0.164357 -0.001670 -0.066274
v -0.173426 0.018020 -0.000862
v -0.170469 0.016618 -0.034234
v -0.175659 0.000571 -0.001421
v -0.025466 0.007802 -0.141085
v 0.002555 0.013535 -0.010073
v 0.091150 0.010261 -0.133526
v 0.062287 0.008588 -0.139183
v 0.002555 0.013535 -0.010073
v 0.157962 0.013729 -0.078924
v 0.002555 0.013535 -0.010073
v 0.001990 0.006667 -0.141679
v 0.002555 0.013535 -0.010073
v -0.148408 0.014883 -0.095660
v 0.002555 0.013535 -0.010073
v 0.002555 0.013535 -0.010073
v 0.002555 0.013535 -0.010073
v 0.002555 0.013535 -0.010073
v 0.002555 0.013535 -0.010073
v 0.002555 0.013535 -0.010073
v -0.169508 0.018913 0.029393
v 0.002555 0.013535 -0.010073
v 0.002555 0.013535 -0.010073
v 0.173203 0.015136 -0.020323
v 0.002555 0.013535 -0.010073
v 0.002555 0.013535 -0.010073
v 0.002555 0.013535 -0.010073
v 0.002555 0.013535 -0.010073
v 0.002555 0.013535 -0.010073
v 0.002555 0.013535 -0.010073
v -0.053797 0.012664 0.122734
v 0.002555 0.013535 -0.010073
v 0.099440 0.013375 0.108405
v 0.002555 0.013535 -0.010073
v 0.002555 0.013535 -0.010073
v 0.002555 0.013535 -0.010073
v 0.002555 0.013535 -0.010073
v 0.002555 0.013535 -0.010073
v 0.002555 0.013535 -0.010073
v 0.002555 0.013535 -0.010073
v 0.002555 0.013535 -0.010073
v 0.118850 0.010956 -0.123530
v 0.002555 0.013535 -0.010073
v 0.002555 0.013535 -0.010073
v 0.002555 0.013535 -0.010073
v -0.173421 0.018056 -0.000861
v 0.002555 0.013535 -0.010073
v 0.002555 0.013535 -0.010073
v -0.149578 -0.002431 -0.095958
v 0.159858 -0.004215 -0.079096
v 0.175412 -0.002233 -0.019117
v 0.101561 -0.003885 0.109597
v 0.039540 -0.006877 0.127212
v -0.085607 -0.003161 0.115955
v -0.175659 0.000571 -0.001421
v 0.211419 -0.998500 -0.103783
v 0.178939 -0.997368 -0.119567
v 0.179231 -0.998500 -0.126052
v 0.105702 -0.997197 -0.001417
v 0.105655 -0.982037 0.038476
v 0.101438 -0.982881 0.040478
v 0.218850 -0.938119 0.105811
v 0.181991 -0.915631 0.122412
v 0.215857 -0.938872 0.099439
v 0.110720 -0.998500 -0.090350
v 0.130944 -0.997368 -0.116602
v 0.113533 -0.997368 -0.084324
v 0.099310 -0.930861 0.116332
v 0.136873 -0.910360 0.122862
v 0.134851 -0.907970 0.130914
v 0.221292 -0.994138 -0.013494
v 0.223460 -0.987655 0.029126
v 0.217773 -0.992765 -0.011929
v 0.107756 -0.997040 -0.043055
v 0.109402 -0.995725 -0.000687
v 0.221787 -0.997259 -0.061434
v 0.208248 -0.997347 -0.097026
v 0.102359 -0.960513 0.075938
v 0.097843 -0.960232 0.080626
v 0.231904 -0.967009 0.069937
v 0.227880 -0.966577 0.065964
v 0.129896 -0.998500 -0.123436
v 0.182815 -0.913794 0.130431
v 0.227399 -0.988960 0.030458
v 0.103949 -0.998334 -0.046689
v 0.103557 -0.932299 0.109255
v 0.217900 -0.995796 -0.056809
v 0.127797 -0.967214 -0.058426
v 0.124931 -0.965948 -0.027767
v 0.122325 -0.951435 0.030753
v 0.119729 -0.935131 0.057855
v 0.136101 -0.967870 -0.088525
v 0.120212 -0.914312 0.081958
v 0.173880 -0.967748 -0.092059
v 0.144747 -0.899184 0.091802
v 0.177892 -0.901938 0.091476
v 0.193106 -0.966380 -0.066622
v 0.203022 -0.913842 0.074856
v 0.201546 -0.964036 -0.036768
v 0.212366 -0.938266 0.050639
v 0.204064 -0.961164 -0.005250
v 0.125636 -0.962947 0.002616
v 0.209376 -0.955135 0.023989
v -0.231199 -0.964347 0.068889
v -0.219388 -0.933731 0.098824
v -0.222739 -0.932231 0.104452
v -0.105943 -0.998388 -0.001822
v -0.105247 -0.997496 -0.042756
v -0.101900 -0.998500 -0.045937
v -0.218278 -0.998500 -0.061958
v -0.205382 -0.997496 -0.097594
v -0.214497 -0.997496 -0.057840
v -0.185878 -0.911045 0.127799
v -0.137099 -0.913560 0.122067
v -0.135353 -0.911372 0.129159
v -0.176738 -0.998500 -0.126569
v -0.126030 -0.997496 -0.119232
v -0.176562 -0.997496 -0.120688
v -0.096977 -0.965354 0.079457
v -0.102308 -0.938974 0.109646
v -0.100764 -0.965616 0.075310
v -0.224140 -0.990852 0.029940
v -0.227122 -0.964646 0.065368
v -0.108471 -0.997496 -0.084782
v -0.105800 -0.998500 -0.090230
v -0.217060 -0.997716 -0.014344
v -0.213786 -0.996591 -0.012979
v -0.103582 -0.985834 0.037549
v -0.108901 -0.997330 -0.001171
v -0.184839 -0.913145 0.120788
v -0.208237 -0.998500 -0.103666
v -0.220436 -0.989924 0.028726
v -0.098587 -0.937825 0.115956
v -0.125024 -0.998500 -0.125081
v -0.100085 -0.986459 0.039318
v -0.171869 -0.968305 -0.097697
v -0.143296 -0.901752 0.093363
v -0.189730 -0.968305 -0.069720
v -0.204312 -0.909502 0.076044
v -0.178658 -0.898259 0.092409
v -0.197607 -0.968228 -0.039554
v -0.210726 -0.934610 0.051115
v -0.200079 -0.966153 -0.006810
v -0.206122 -0.958949 0.023813
v -0.121913 -0.966919 0.001606
v -0.120568 -0.968305 -0.029044
v -0.117785 -0.956508 0.030387
v -0.122592 -0.968305 -0.060642
v -0.117074 -0.919820 0.084108
v -0.115867 -0.940445 0.058523
v -0.131749 -0.968305 -0.094231
v 0.165167 -0.946859 0.010546
v -0.159781 -0.951805 0.009450
v -0.217060 -0.997716 -0.014344
v -0.218278 -0.998500 -0.061958
v -0.208237 -0.998500 -0.103666
v -0.176738 -0.998500 -0.126569
v -0.125024 -0.998500 -0.125081
v -0.105800 -0.998500 -0.090230
v -0.101900 -0.998500 -0.045937
v -0.105943 -0.998388 -0.001822
v -0.231199 -0.964347 0.068889
v -0.224140 -0.990852 0.029940
v -0.222739 -0.932231 0.104452
v -0.185878 -0.911045 0.127799
v -0.135353 -0.911372 0.129159
v -0.098587 -0.937825 0.115956
v -0.096977 -0.965354 0.079457
v -0.100085 -0.986459 0.039318
v -0.105943 -0.998388 -0.001822
v 0.231904 -0.967009 0.069937
v 0.227669 -0.988487 0.030316
v 0.218850 -0.938119 0.105811
v 0.182815 -0.913794 0.130431
v 0.134851 -0.907970 0.130914
v 0.099310 -0.930861 0.116332
v 0.097843 -0.960232 0.080626
v 0.101438 -0.982881 0.040478
v 0.105702 -0.997197 -0.001417
v 0.221292 -0.994138 -0.013494
v 0.227399 -0.988960 0.030458
v 0.221787 -0.997259 -0.061434
v 0.211419 -0.998500 -0.103783
v 0.179231 -0.998500 -0.126052
v 0.129896 -0.998500 -0.123436
v 0.110720 -0.998500 -0.090350
v 0.103949 -0.998334 -0.046689
v 0.105702 -0.997197 -0.001417
v -0.168148 0.037815 -0.007544
v -0.163543 0.054710 -0.037879
v -0.164863 0.037104 -0.037953
v -0.155904 0.053899 -0.066909
v -0.156776 0.036556 -0.067446
v -0.141945 0.052489 -0.092308
v -0.142205 0.036079 -0.094244
v -0.118729 0.051902 -0.110194
v -0.118569 0.035840 -0.113379
v -0.088144 0.051802 -0.118850
v -0.089645 0.034577 -0.123255
v -0.058891 0.050880 -0.123036
v -0.059940 0.033155 -0.128501
v -0.029673 0.050100 -0.125028
v -0.030103 0.032090 -0.130719
v -0.000585 0.049831 -0.125502
v -0.000380 0.031713 -0.131131
v 0.028613 0.050187 -0.125276
v 0.029311 0.032029 -0.130933
v 0.057671 0.051252 -0.123932
v 0.059087 0.033223 -0.129278
v 0.088542 0.035009 -0.123937
v 0.086624 0.052734 -0.119114
v 0.116971 0.037000 -0.113585
v 0.117026 0.053326 -0.111026
v 0.140919 0.038337 -0.095290
v 0.141150 0.054608 -0.094232
v 0.156181 0.038890 -0.069060
v 0.155068 0.056443 -0.068469
v 0.164459 0.039341 -0.039802
v 0.163048 0.057039 -0.039506
v 0.168053 0.039865 -0.009413
v 0.161279 0.075069 -0.039296
v 0.166319 0.057478 -0.009571
v 0.161375 0.093808 -0.010004
v 0.164151 0.075496 -0.009768
v 0.151475 0.092684 -0.067288
v 0.153790 0.074223 -0.068016
v 0.139618 0.090113 -0.092961
v 0.141393 0.071683 -0.093826
v 0.117036 0.070455 -0.109148
v 0.085560 0.070717 -0.115540
v 0.115746 0.089230 -0.107969
v 0.056441 0.069650 -0.119049
v 0.084106 0.089377 -0.113025
v 0.027853 0.068621 -0.120193
v 0.055330 0.088449 -0.115302
v -0.000719 0.068216 -0.120430
v 0.027284 0.087352 -0.115965
v -0.029390 0.068479 -0.120039
v -0.000802 0.086863 -0.116049
v -0.058121 0.069158 -0.118547
v -0.029053 0.087158 -0.116005
v -0.086916 0.088257 -0.112569
v -0.087586 0.069645 -0.115025
v -0.118316 0.087564 -0.106585
v -0.119252 0.069068 -0.107850
v -0.142653 0.069762 -0.091755
v -0.154818 0.071712 -0.066565
v -0.141494 0.088378 -0.091275
v -0.161865 0.072743 -0.037959
v -0.152499 0.090229 -0.066011
v -0.161701 0.091808 -0.008953
v -0.164509 0.073466 -0.008416
v -0.166645 0.055401 -0.007870
v -0.135040 -0.021731 -0.007192
v -0.169280 -0.002059 -0.038547
v -0.131210 -0.022624 -0.031615
v -0.173506 -0.001050 -0.006994
v -0.166842 0.017420 -0.038283
v -0.170274 0.018264 -0.007318
v -0.164863 0.037104 -0.037953
v -0.156776 0.036556 -0.067446
v -0.158796 0.016915 -0.068548
v -0.142205 0.036079 -0.094244
v -0.144554 0.017161 -0.096599
v -0.160322 -0.002759 -0.069308
v -0.146016 -0.002632 -0.098140
v -0.123607 -0.023403 -0.055304
v -0.112090 -0.023814 -0.077353
v -0.095523 -0.024381 -0.095572
v -0.094941 -0.004925 -0.133238
v -0.073917 -0.025281 -0.107380
v -0.124132 -0.003054 -0.120597
v -0.092454 0.014919 -0.128589
v -0.121178 0.016842 -0.116711
v -0.118569 0.035840 -0.113379
v -0.089645 0.034577 -0.123255
v -0.061961 0.012778 -0.134675
v -0.059940 0.033155 -0.128501
v -0.031133 0.011164 -0.137046
v -0.030103 0.032090 -0.130719
v -0.063773 -0.007583 -0.139834
v -0.032116 -0.009789 -0.142234
v -0.049888 -0.027443 -0.112915
v -0.025095 -0.029616 -0.114294
v 0.169153 -0.000553 -0.040380
v 0.134760 -0.020815 -0.008691
v 0.131040 -0.021835 -0.033110
v 0.166372 0.019357 -0.040007
v 0.173195 0.000523 -0.008903
v 0.164459 0.039341 -0.039802
v 0.170101 0.020177 -0.009188
v 0.156181 0.038890 -0.069060
v 0.158143 0.018842 -0.070070
v 0.140919 0.038337 -0.095290
v 0.143004 0.018624 -0.097210
v 0.159988 -0.001223 -0.070888
v 0.145730 -0.001682 -0.099397
v 0.123377 -0.022725 -0.056585
v 0.112010 -0.023428 -0.078587
v 0.094270 -0.005473 -0.134199
v 0.095476 -0.023887 -0.096835
v 0.073830 -0.025464 -0.108446
v 0.123703 -0.002675 -0.121714
v 0.091549 0.014593 -0.128982
v 0.120448 0.017320 -0.117983
v 0.088542 0.035009 -0.123937
v 0.116971 0.037000 -0.113585
v 0.061272 0.012201 -0.135276
v 0.030550 0.010816 -0.137246
v 0.059087 0.033223 -0.129278
v 0.063092 -0.008487 -0.140121
v 0.031450 -0.010434 -0.142462
v 0.049455 -0.028168 -0.113028
v 0.024585 -0.030023 -0.114412
v -0.000324 -0.011352 -0.142688
v -0.000288 -0.031221 -0.114661
v -0.000324 -0.011352 -0.142688
v -0.000288 -0.031221 -0.114661
v -0.000284 0.010289 -0.137412
v -0.000284 0.010289 -0.137412
v 0.029311 0.032029 -0.130933
v -0.000380 0.031713 -0.131131
v 0.166319 0.057478 -0.009571
v 0.165921 0.040305 0.021150
v 0.168053 0.039865 -0.009413
v 0.163750 0.057745 0.021128
v 0.156471 0.040476 0.050588
v 0.154873 0.057759 0.051157
v 0.139521 0.039659 0.075507
v 0.137161 0.056914 0.075258
v 0.115795 0.038067 0.094029
v 0.113752 0.055757 0.093525
v 0.088517 0.036034 0.106534
v 0.087102 0.054096 0.106561
v 0.060065 0.034236 0.115640
v 0.059282 0.052298 0.116324
v 0.030613 0.033204 0.120629
v 0.030194 0.051490 0.121264
v 0.000922 0.032930 0.122276
v -0.028616 0.051296 0.121253
v -0.028809 0.033058 0.120599
v -0.057789 0.051828 0.116796
v -0.058336 0.033922 0.115818
v -0.085675 0.053401 0.106790
v -0.086987 0.035507 0.107071
v -0.112652 0.054888 0.094273
v -0.114504 0.037287 0.094944
v -0.136582 0.055958 0.076537
v -0.138529 0.038412 0.076809
v -0.154295 0.056304 0.052557
v -0.155825 0.038752 0.052140
v -0.163899 0.055992 0.022833
v -0.165537 0.038461 0.022959
v -0.166645 0.055401 -0.007870
v -0.168148 0.037815 -0.007544
v -0.161369 0.073876 0.022083
v -0.158161 0.092200 0.020994
v -0.164509 0.073466 -0.008416
v -0.148379 0.092065 0.049899
v -0.151732 0.074166 0.051748
v -0.131671 0.091931 0.073488
v -0.134253 0.073730 0.075567
v -0.110657 0.072888 0.093080
v -0.083508 0.090012 0.106256
v -0.084481 0.071627 0.106592
v -0.056533 0.089002 0.116811
v -0.057198 0.070188 0.117253
v -0.028405 0.069796 0.121901
v 0.000560 0.088431 0.123603
v 0.000684 0.069754 0.123215
v 0.000843 0.051201 0.122609
v 0.029335 0.088822 0.121960
v 0.029787 0.070025 0.121838
v 0.057509 0.089516 0.116488
v 0.058437 0.070797 0.116918
v 0.085760 0.072434 0.106380
v 0.109886 0.092410 0.091494
v 0.111775 0.073944 0.092643
v 0.132123 0.093477 0.072758
v 0.134828 0.075058 0.074469
v 0.148546 0.093855 0.049130
v 0.152123 0.075505 0.050727
v 0.161311 0.075642 0.020919
v 0.164151 0.075496 -0.009768
v 0.158032 0.093962 0.020162
v 0.024864 -0.028263 0.094240
v 0.000894 -0.009509 0.127227
v 0.000607 -0.029254 0.095937
v 0.048690 -0.027226 0.089743
v 0.032316 -0.008657 0.125417
v 0.000951 0.011612 0.124478
v 0.063214 -0.007263 0.119956
v 0.031648 0.012123 0.122866
v 0.030613 0.033204 0.120629
v 0.000922 0.032930 0.122276
v 0.060065 0.034236 0.115640
v 0.061978 0.013316 0.118051
v 0.088517 0.036034 0.106534
v 0.118133 0.017897 0.094906
v 0.090939 0.015406 0.108570
v 0.139521 0.039659 0.075507
v 0.115795 0.038067 0.094029
v 0.142217 0.020151 0.076381
v 0.156471 0.040476 0.050588
v 0.159241 0.020912 0.051153
v 0.165921 0.040305 0.021150
v 0.168066 0.020768 0.021791
v 0.168053 0.039865 -0.009413
v 0.171214 0.001328 0.022572
v 0.170101 0.020177 -0.009188
v 0.133381 -0.020275 0.015827
v 0.173195 0.000523 -0.008903
v 0.071667 -0.025660 0.082265
v 0.093831 -0.023271 0.073063
v 0.092752 -0.005129 0.110177
v 0.120932 -0.002075 0.097339
v 0.112799 -0.021394 0.058885
v 0.145063 0.000296 0.078271
v 0.125993 -0.020451 0.038937
v 0.161979 0.001162 0.052510
v 0.000951 0.011612 0.124478
v -0.028809 0.033058 0.120599
v -0.029761 0.012113 0.123021
v -0.058336 0.033922 0.115818
v -0.060167 0.013150 0.118595
v -0.086987 0.035507 0.107071
v -0.089275 0.015032 0.109191
v -0.114504 0.037287 0.094944
v -0.117033 0.017296 0.096487
v -0.138529 0.038412 0.076809
v -0.140934 0.018913 0.077607
v -0.155825 0.038752 0.052140
v -0.158676 0.019268 0.052849
v -0.165537 0.038461 0.022959
v -0.167927 0.018873 0.023452
v -0.168148 0.037815 -0.007544
v -0.170274 0.018264 -0.007318
v -0.171387 -0.000203 0.024438
v -0.173506 -0.001050 -0.006994
v -0.133448 -0.021191 0.017298
v -0.135040 -0.021731 -0.007192
v -0.030511 -0.008573 0.125780
v -0.047573 -0.026985 0.090319
v -0.023682 -0.028137 0.094577
v -0.061431 -0.007154 0.120665
v -0.070741 -0.025526 0.083223
v -0.091228 -0.005281 0.111100
v -0.093166 -0.023218 0.074301
v -0.119899 -0.002376 0.098831
v -0.112779 -0.021444 0.060498
v -0.144431 -0.000351 0.080094
v -0.126095 -0.021039 0.040421
v -0.161769 0.000188 0.054312
v 0.000894 -0.009509 0.127227
v 0.000607 -0.029254 0.095937
v -0.131671 0.091931 0.073488
v -0.145529 0.092037 0.048858
v -0.148379 0.092065 0.049899
v 0.000560 0.088431 0.123603
v -0.027757 0.088563 0.119626
v -0.028296 0.088523 0.122046
v 0.109886 0.092410 0.091494
v 0.129576 0.093421 0.071279
v 0.107767 0.092375 0.089656
v 0.029335 0.088822 0.121960
v 0.056397 0.089536 0.114173
v 0.028765 0.088856 0.119542
v 0.161375 0.093808 -0.010004
v 0.155780 0.093460 -0.038460
v 0.158266 0.093746 -0.009919
v -0.055450 0.089033 0.114491
v -0.056533 0.089002 0.116811
v 0.084466 0.090905 0.105820
v 0.082836 0.090899 0.103709
v 0.084106 0.089377 -0.113025
v 0.113532 0.089248 -0.106007
v 0.115746 0.089230 -0.107969
v 0.158841 0.093517 -0.039105
v 0.148632 0.092609 -0.066135
v -0.158161 0.092200 0.020994
v -0.158595 0.091785 -0.008888
v -0.161701 0.091808 -0.008953
v 0.132123 0.093477 0.072758
v 0.145683 0.093792 0.048103
v 0.136935 0.090119 -0.091284
v 0.139618 0.090113 -0.092961
v 0.057509 0.089516 0.116488
v -0.000802 0.086863 -0.116049
v -0.028499 0.087224 -0.113881
v -0.000792 0.086935 -0.113924
v 0.158032 0.093962 0.020162
v 0.154986 0.093897 0.019719
v 0.055330 0.088449 -0.115302
v 0.082343 0.089463 -0.110895
v 0.151475 0.092684 -0.067288
v 0.026754 0.087415 -0.113841
v 0.027284 0.087352 -0.115965
v 0.148546 0.093855 0.049130
v -0.156320 0.091189 -0.037348
v -0.159380 0.091201 -0.037971
v -0.118316 0.087564 -0.106585
v -0.138785 0.088418 -0.089629
v -0.116063 0.087616 -0.104648
v -0.029053 0.087158 -0.116005
v -0.056372 0.087907 -0.113030
v 0.054260 0.088490 -0.113192
v -0.086916 0.088257 -0.112569
v -0.085099 0.088350 -0.110463
v -0.152499 0.090229 -0.066011
v -0.141494 0.088378 -0.091275
v -0.057473 0.087855 -0.115138
v -0.149647 0.090212 -0.064873
v -0.083508 0.090012 0.106256
v -0.107139 0.091326 0.090231
v -0.109235 0.091340 0.092080
v -0.155123 0.092169 0.020536
v -0.129143 0.091905 0.071995
v 0.000544 0.088473 0.121153
v -0.081906 0.090023 0.104137
v -0.055561 0.062955 -0.111476
v -0.028090 0.062282 -0.112314
v -0.027359 0.063602 0.117719
v -0.083563 0.063490 -0.108848
v 0.055578 0.064561 0.112319
v 0.028345 0.063890 0.117635
v -0.136259 0.063624 -0.088247
v -0.113849 0.062840 -0.103043
v 0.081634 0.065904 0.101980
v 0.127698 0.068390 0.069935
v 0.106205 0.067358 0.088094
v -0.147411 0.065250 -0.063991
v 0.155972 0.068710 -0.009856
v -0.154062 0.066190 -0.036888
v 0.153523 0.068428 -0.037985
v 0.143572 0.068755 0.047057
v -0.156305 0.066777 -0.008840
v 0.146397 0.067626 -0.065223
v 0.152741 0.068859 0.019220
v -0.152883 0.067155 0.020002
v 0.111378 0.064504 -0.104328
v -0.143428 0.067025 0.047793
v 0.134367 0.065396 -0.089783
v -0.105593 0.066324 0.088677
v 0.080816 0.064637 -0.109223
v -0.127279 0.066895 0.070633
v 0.053472 0.063529 -0.111635
v -0.080725 0.065040 0.102412
v -0.000784 0.061997 -0.112357
v -0.054652 0.064065 0.112639
v 0.026363 0.062470 -0.112275
v 0.000532 0.063512 0.119229
v -0.000264 0.065598 -0.005579
v 0.068740 -0.031657 0.130431
v 0.068957 -0.037152 0.129866
v 0.069920 -0.036893 0.130497
v 0.071559 -0.031333 0.128915
v 0.072068 -0.036322 0.129978
v 0.072663 -0.036166 0.128972
v 0.070944 -0.031382 0.129919
v 0.071059 -0.036589 0.130526
v 0.067630 -0.028023 0.129588
v 0.067205 -0.031916 0.128762
v 0.067757 -0.031808 0.129798
v 0.071613 -0.031366 0.127737
v 0.072710 -0.036158 0.127794
v 0.069907 -0.031501 0.130464
v 0.069787 -0.028160 0.130280
v 0.068616 -0.028058 0.130232
v 0.071446 -0.028438 0.128757
v 0.070828 -0.028299 0.129750
v 0.068022 -0.023970 0.128076
v 0.067077 -0.028060 0.128547
v 0.071502 -0.028541 0.127584
v 0.069500 -0.024249 0.129793
v 0.068558 -0.024010 0.129126
v 0.071590 -0.025051 0.129374
v 0.070610 -0.024632 0.129872
v 0.070705 -0.019727 0.128373
v 0.072164 -0.025393 0.128404
v 0.072539 -0.020780 0.129195
v 0.071555 -0.020147 0.129072
v 0.073876 -0.021973 0.127803
v 0.073393 -0.021449 0.128741
v 0.073905 -0.016091 0.127425
v 0.070204 -0.019618 0.127312
v 0.073880 -0.022222 0.126651
v 0.072202 -0.025573 0.127239
v 0.075407 -0.017521 0.128346
v 0.074616 -0.016670 0.128165
v 0.076412 -0.019090 0.127052
v 0.076069 -0.018408 0.127948
v 0.077929 -0.013438 0.126354
v 0.073457 -0.015922 0.126348
v 0.076363 -0.019399 0.125915
v 0.078464 -0.014133 0.127141
v 0.079433 -0.016191 0.127053
v 0.079013 -0.015144 0.127386
v 0.082500 -0.011951 0.125234
v 0.077547 -0.013225 0.125259
v 0.079600 -0.016989 0.126203
v 0.082836 -0.012710 0.126069
v 0.083222 -0.015810 0.125315
v 0.083254 -0.014947 0.126116
v 0.087083 -0.011489 0.123008
v 0.082194 -0.011713 0.124120
v 0.083031 -0.016188 0.124215
v 0.079485 -0.017342 0.125084
v 0.083110 -0.013811 0.126382
v 0.087435 -0.012499 0.125023
v 0.087309 -0.011730 0.124140
v 0.087275 -0.014763 0.125202
v 0.087420 -0.013613 0.125401
v 0.092027 -0.012790 0.123147
v 0.087033 -0.015635 0.124449
v 0.091648 -0.014563 0.124512
v 0.090771 -0.016475 0.123662
v 0.096333 -0.015060 0.122324
v 0.091879 -0.012567 0.121999
v 0.086762 -0.016016 0.123366
v 0.096065 -0.015684 0.123286
v 0.091947 -0.013513 0.124074
v 0.094183 -0.018274 0.123010
v 0.091219 -0.015649 0.124372
v 0.094818 -0.017547 0.123684
v 0.099915 -0.018253 0.120554
v 0.096256 -0.014874 0.121162
v 0.090422 -0.016839 0.122596
v 0.095506 -0.016597 0.123774
v 0.099508 -0.018863 0.122714
v 0.099933 -0.018384 0.121725
v 0.097828 -0.020326 0.123183
v 0.098733 -0.019576 0.123237
v 0.102583 -0.022381 0.120215
v 0.093763 -0.018600 0.121957
v 0.097036 -0.020908 0.122535
v 0.102022 -0.022754 0.122395
v 0.102558 -0.022447 0.121392
v 0.100035 -0.023744 0.122904
v 0.101093 -0.023231 0.122938
v 0.103941 -0.026354 0.121329
v 0.096556 -0.021179 0.121493
v 0.099130 -0.024154 0.122270
v 0.102316 -0.026665 0.122881
v 0.103337 -0.026462 0.122334
v 0.100193 -0.027116 0.122218
v 0.101164 -0.026904 0.122850
v 0.104305 -0.030211 0.120323
v 0.103991 -0.026363 0.120150
v 0.099646 -0.027247 0.121182
v 0.098609 -0.024360 0.121233
v 0.103626 -0.030053 0.122496
v 0.104248 -0.030131 0.121498
v 0.101402 -0.029982 0.122991
v 0.102579 -0.029999 0.123032
v 0.098634 -0.070196 0.125289
v 0.098546 -0.067478 0.123970
v 0.098489 -0.067395 0.125145
v 0.100412 -0.030007 0.122352
v 0.103554 -0.031162 0.122506
v 0.102277 -0.031138 0.122004
v 0.103387 -0.031208 0.121760
v 0.103648 -0.031103 0.122454
v 0.104192 -0.031272 0.121583
v 0.104130 -0.032660 0.120517
v 0.104248 -0.031366 0.120409
v 0.101333 -0.030990 0.122991
v 0.100422 -0.030979 0.122399
v 0.101136 -0.031078 0.122105
v 0.103554 -0.031162 0.122506
v 0.102182 -0.032331 0.122101
v 0.102413 -0.032266 0.123133
v 0.103648 -0.031103 0.122454
v 0.104074 -0.032554 0.121690
v 0.100921 -0.031173 0.121144
v 0.102528 -0.030983 0.123105
v 0.103455 -0.032408 0.122683
v 0.103895 -0.033991 0.121821
v 0.101960 -0.035173 0.123438
v 0.102435 -0.035333 0.122233
v 0.103005 -0.035382 0.122910
v 0.103581 -0.035540 0.121990
v 0.102223 -0.035372 0.121116
v 0.103641 -0.035629 0.120814
v 0.103950 -0.034106 0.120649
v 0.101054 -0.033500 0.123215
v 0.100947 -0.033523 0.122524
v 0.100238 -0.033444 0.122678
v 0.101044 -0.035076 0.122598
v 0.100907 -0.035000 0.123387
v 0.100046 -0.034895 0.122814
v 0.103279 -0.033821 0.122812
v 0.103676 -0.035488 0.121965
v 0.101430 -0.033158 0.123193
v 0.101245 -0.033210 0.122367
v 0.101059 -0.033574 0.123295
v 0.102023 -0.035111 0.123479
v 0.102239 -0.033640 0.123338
v 0.102415 -0.032367 0.123214
v 0.094653 -0.067226 0.125995
v 0.095818 -0.065218 0.126470
v 0.094803 -0.065168 0.125770
v 0.096746 -0.065345 0.125407
v 0.098009 -0.065440 0.125922
v 0.098578 -0.065583 0.125010
v 0.098709 -0.065702 0.123821
v 0.099338 -0.061245 0.124498
v 0.098650 -0.065665 0.124941
v 0.095821 -0.065156 0.126396
v 0.094914 -0.065108 0.125803
v 0.098030 -0.065505 0.125991
v 0.098650 -0.065665 0.124941
v 0.094285 -0.065128 0.124778
v 0.095487 -0.060746 0.125331
v 0.094966 -0.060775 0.124350
v 0.096820 -0.067240 0.126677
v 0.096989 -0.065343 0.126519
v 0.096966 -0.070226 0.126833
v 0.097867 -0.067308 0.126142
v 0.098012 -0.070186 0.126291
v 0.094801 -0.070396 0.126162
v 0.095643 -0.067209 0.126635
v 0.095790 -0.070303 0.126797
v 0.098544 -0.073855 0.125540
v 0.098691 -0.070250 0.124112
v 0.094247 -0.070482 0.125125
v 0.094099 -0.067282 0.124956
v 0.096905 -0.073444 0.127050
v 0.097935 -0.073660 0.126528
v 0.094769 -0.073172 0.126345
v 0.095746 -0.073264 0.126994
v 0.097220 -0.077649 0.126077
v 0.098597 -0.073979 0.124369
v 0.094219 -0.073187 0.125302
v 0.095822 -0.076568 0.127490
v 0.096711 -0.077172 0.127024
v 0.093927 -0.075626 0.126689
v 0.094802 -0.075999 0.127379
v 0.094560 -0.080671 0.126865
v 0.097234 -0.077881 0.124921
v 0.093416 -0.075534 0.125631
v 0.093657 -0.079028 0.128132
v 0.094260 -0.079958 0.127751
v 0.092256 -0.077524 0.127184
v 0.092924 -0.078134 0.127935
v 0.090958 -0.082406 0.127784
v 0.094495 -0.080992 0.125733
v 0.091824 -0.077343 0.126102
v 0.090939 -0.081557 0.128597
v 0.090381 -0.079359 0.128584
v 0.086672 -0.082967 0.127614
v 0.090786 -0.082778 0.126678
v 0.089995 -0.078613 0.127761
v 0.087473 -0.080589 0.129619
v 0.090725 -0.080440 0.128879
v 0.087256 -0.081727 0.129435
v 0.087560 -0.079488 0.129225
v 0.083180 -0.081194 0.129454
v 0.086962 -0.082590 0.128693
v 0.089670 -0.078381 0.126652
v 0.087486 -0.078729 0.128331
v 0.083770 -0.080440 0.130137
v 0.085112 -0.077853 0.128809
v 0.084394 -0.079453 0.130239
v 0.079697 -0.078687 0.128910
v 0.082778 -0.081530 0.128398
v 0.085017 -0.077656 0.127651
v 0.087279 -0.078491 0.127195
v 0.081012 -0.077894 0.130595
v 0.080189 -0.078432 0.129951
v 0.082777 -0.076552 0.130114
v 0.084889 -0.078503 0.129763
v 0.081959 -0.077205 0.130643
v 0.077895 -0.074931 0.129078
v 0.083233 -0.076117 0.129121
v 0.079393 -0.074512 0.130745
v 0.078437 -0.074779 0.130114
v 0.081525 -0.073917 0.130229
v 0.080524 -0.074196 0.130776
v 0.077375 -0.071230 0.128961
v 0.083227 -0.076003 0.127948
v 0.082114 -0.073753 0.129223
v 0.078919 -0.071064 0.130634
v 0.077929 -0.071148 0.129999
v 0.081142 -0.070976 0.130129
v 0.080095 -0.071002 0.130670
v 0.077201 -0.068459 0.128825
v 0.082159 -0.073742 0.128045
v 0.081764 -0.070996 0.129128
v 0.078734 -0.068187 0.130494
v 0.077752 -0.068348 0.129861
v 0.080934 -0.067885 0.129980
v 0.079899 -0.068018 0.130526
v 0.076687 -0.063955 0.129823
v 0.081822 -0.071053 0.127951
v 0.081548 -0.067828 0.128976
v 0.078785 -0.063382 0.130483
v 0.077648 -0.063692 0.130454
v 0.080387 -0.062948 0.128929
v 0.079793 -0.063108 0.129935
v 0.074799 -0.057389 0.129833
v 0.076143 -0.064105 0.128787
v 0.080433 -0.062937 0.127750
v 0.081602 -0.067856 0.127798
v 0.076889 -0.056784 0.130492
v 0.075757 -0.057113 0.130463
v 0.078482 -0.056320 0.128938
v 0.077892 -0.056493 0.129944
v 0.072834 -0.050611 0.129846
v 0.074257 -0.057544 0.128797
v 0.078527 -0.056305 0.127759
v 0.074924 -0.050006 0.130506
v 0.073791 -0.050335 0.130476
v 0.076517 -0.049542 0.128951
v 0.075926 -0.049715 0.129958
v 0.070868 -0.043833 0.129859
v 0.072292 -0.050766 0.128810
v 0.076562 -0.049526 0.127773
v 0.072958 -0.043228 0.130519
v 0.071826 -0.043556 0.130489
v 0.074551 -0.042764 0.128965
v 0.073961 -0.042937 0.129971
v 0.070326 -0.043988 0.128823
v 0.070868 -0.043833 0.129859
v 0.074596 -0.042749 0.127786
v 0.071826 -0.043556 0.130489
v 0.072958 -0.043228 0.130519
v 0.073961 -0.042937 0.129971
v 0.074551 -0.042764 0.128965
v 0.074596 -0.042749 0.127786
v 0.100996 -0.033280 0.121260
v 0.103138 -0.031278 0.120653
v 0.101933 -0.032401 0.120994
v 0.099930 -0.031118 0.120207
v 0.099874 -0.031026 0.121370
v 0.102030 -0.031226 0.120898
v 0.103138 -0.031278 0.120653
v 0.103648 -0.031103 0.122454
v 0.102415 -0.032367 0.123214
v 0.103455 -0.032408 0.122683
v 0.101492 -0.033204 0.123270
v 0.101059 -0.033574 0.123295
v 0.101353 -0.030914 0.123060
v 0.100687 -0.033571 0.121348
v 0.100947 -0.033523 0.122524
v 0.101054 -0.033500 0.123215
v 0.102508 -0.031057 0.123036
v 0.098650 -0.065665 0.124941
v 0.098709 -0.065702 0.123821
v 0.100748 -0.033350 0.120153
v 0.100420 -0.033671 0.120176
v 0.099280 -0.061169 0.124504
v 0.097189 -0.060994 0.123865
v 0.097423 -0.060928 0.124906
v 0.103084 -0.035680 0.119775
v 0.099941 -0.034808 0.122812
v 0.100132 -0.033510 0.122686
v 0.068413 -0.037300 0.128830
v 0.095565 -0.060688 0.125307
v 0.095046 -0.060716 0.124329
v 0.095594 -0.060754 0.125375
v 0.097427 -0.060992 0.124979
v 0.094803 -0.065168 0.125770
v 0.094285 -0.065128 0.124778
v 0.098870 -0.061377 0.122412
v 0.098178 -0.065798 0.122837
v 0.099858 -0.030067 0.121313
v 0.099867 -0.031042 0.120205
v 0.099811 -0.030949 0.121379
v 0.100890 -0.033615 0.122472
v 0.099951 -0.034814 0.122760
v 0.100143 -0.033505 0.122633
v 0.100717 -0.035031 0.121433
v 0.100960 -0.034997 0.122542
v 0.068460 -0.037292 0.127652
v 0.067875 -0.031900 0.126580
v 0.069055 -0.037136 0.126646
v 0.071203 -0.036565 0.126127
v 0.071062 -0.031473 0.126700
v 0.072166 -0.036306 0.126758
v 0.070064 -0.036869 0.126098
v 0.070079 -0.031625 0.126068
v 0.067133 -0.028163 0.127374
v 0.067260 -0.031948 0.127584
v 0.071613 -0.031366 0.127737
v 0.072710 -0.036158 0.127794
v 0.068912 -0.031780 0.126035
v 0.068792 -0.028440 0.125851
v 0.067751 -0.028301 0.126381
v 0.070949 -0.028577 0.126543
v 0.069963 -0.028542 0.125899
v 0.068061 -0.024150 0.126912
v 0.071502 -0.028541 0.127584
v 0.068635 -0.024492 0.125942
v 0.069615 -0.024911 0.125444
v 0.070725 -0.025294 0.125523
v 0.071666 -0.025533 0.126190
v 0.070208 -0.019867 0.126159
v 0.072202 -0.025573 0.127239
v 0.071545 -0.021060 0.124767
v 0.070690 -0.020391 0.125221
v 0.073379 -0.022113 0.125589
v 0.072529 -0.021692 0.124891
v 0.073408 -0.016231 0.125211
v 0.073880 -0.022222 0.126651
v 0.074413 -0.017800 0.123917
v 0.073751 -0.016913 0.124314
v 0.075915 -0.019230 0.124837
v 0.075204 -0.018652 0.124098
v 0.077431 -0.013578 0.124140
v 0.076363 -0.019399 0.125915
v 0.077599 -0.014376 0.123290
v 0.078018 -0.015423 0.122957
v 0.079103 -0.017129 0.123989
v 0.078568 -0.016434 0.123202
v 0.082003 -0.012091 0.123019
v 0.079485 -0.017342 0.125084
v 0.081971 -0.012953 0.122218
v 0.082116 -0.014090 0.121953
v 0.082725 -0.015950 0.123101
v 0.082390 -0.015191 0.122266
v 0.086812 -0.011870 0.121926
v 0.083031 -0.016188 0.124215
v 0.086570 -0.012742 0.121172
v 0.086425 -0.013892 0.120973
v 0.086410 -0.015006 0.121351
v 0.086535 -0.015775 0.122234
v 0.091530 -0.012930 0.120933
v 0.086762 -0.016016 0.123366
v 0.091082 -0.013756 0.120223
v 0.090653 -0.014843 0.120083
v 0.090354 -0.015892 0.120521
v 0.090274 -0.016615 0.121448
v 0.095836 -0.015200 0.120110
v 0.090422 -0.016839 0.122596
v 0.094512 -0.016877 0.119345
v 0.095200 -0.015927 0.119435
v 0.093954 -0.017790 0.119833
v 0.093685 -0.018414 0.120795
v 0.099436 -0.018524 0.119511
v 0.093763 -0.018600 0.121957
v 0.098643 -0.019106 0.118863
v 0.097738 -0.019856 0.118809
v 0.096963 -0.020569 0.119333
v 0.096538 -0.021048 0.120321
v 0.102061 -0.022587 0.119178
v 0.096556 -0.021179 0.121493
v 0.101157 -0.022997 0.118544
v 0.100099 -0.023510 0.118510
v 0.099170 -0.023987 0.119053
v 0.098633 -0.024294 0.120056
v 0.103444 -0.026494 0.119114
v 0.098609 -0.024360 0.121233
v 0.101321 -0.026945 0.118452
v 0.102473 -0.026706 0.118483
v 0.099696 -0.027256 0.120004
v 0.100300 -0.027148 0.118999
v 0.103751 -0.030271 0.119284
v 0.099646 -0.027247 0.121182
v 0.102761 -0.030296 0.118645
v 0.101584 -0.030279 0.118604
v 0.100537 -0.030225 0.119140
v 0.099915 -0.030147 0.120138
v 0.098136 -0.070336 0.123075
v 0.097992 -0.067535 0.122930
v 0.102827 -0.031334 0.118799
v 0.102591 -0.032651 0.118832
v 0.101422 -0.032646 0.118794
v 0.100489 -0.031157 0.119210
v 0.103694 -0.031411 0.119369
v 0.103577 -0.032694 0.119476
v 0.101780 -0.031278 0.119790
v 0.100502 -0.031223 0.119290
v 0.101547 -0.031327 0.118757
v 0.102827 -0.031334 0.118799
v 0.102591 -0.032651 0.118832
v 0.101684 -0.032471 0.119887
v 0.102722 -0.031396 0.118800
v 0.101453 -0.032536 0.118855
v 0.099858 -0.030067 0.121313
v 0.100365 -0.030903 0.122419
v 0.100703 -0.031199 0.120179
v 0.103398 -0.034131 0.119607
v 0.102414 -0.034065 0.118961
v 0.101938 -0.035472 0.120020
v 0.102167 -0.035618 0.119176
v 0.103735 -0.035577 0.120790
v 0.100222 -0.033734 0.119508
v 0.099711 -0.033593 0.120331
v 0.100420 -0.033671 0.120176
v 0.100518 -0.035224 0.120254
v 0.100056 -0.035240 0.119596
v 0.100991 -0.035445 0.119123
v 0.100562 -0.033402 0.119327
v 0.100194 -0.033817 0.119444
v 0.101029 -0.035391 0.119052
v 0.099996 -0.035164 0.119573
v 0.101245 -0.033920 0.118910
v 0.102194 -0.035562 0.119105
v 0.094953 -0.065461 0.122619
v 0.094156 -0.067365 0.123781
v 0.094332 -0.065300 0.123673
v 0.096249 -0.065485 0.123192
v 0.097174 -0.065674 0.122203
v 0.096016 -0.065551 0.122154
v 0.096930 -0.061131 0.122765
v 0.098081 -0.065723 0.122796
v 0.094985 -0.065391 0.122677
v 0.094416 -0.065248 0.123589
v 0.097165 -0.065748 0.122140
v 0.097002 -0.067551 0.122291
v 0.101422 -0.032646 0.118794
v 0.095825 -0.067520 0.122249
v 0.094778 -0.067453 0.122784
v 0.095971 -0.070506 0.122404
v 0.097147 -0.070430 0.122440
v 0.094304 -0.070536 0.123948
v 0.094925 -0.070546 0.122946
v 0.098047 -0.073995 0.123326
v 0.094247 -0.070482 0.125125
v 0.094099 -0.067282 0.124956
v 0.095911 -0.073723 0.122621
v 0.097070 -0.073903 0.122677
v 0.094272 -0.073312 0.124131
v 0.094881 -0.073507 0.123143
v 0.096723 -0.077789 0.123863
v 0.094219 -0.073187 0.125302
v 0.094827 -0.076847 0.123062
v 0.095847 -0.077416 0.123173
v 0.093429 -0.075766 0.124475
v 0.093938 -0.076243 0.123528
v 0.094063 -0.080811 0.124651
v 0.093416 -0.075534 0.125631
v 0.092663 -0.079307 0.123703
v 0.093395 -0.080201 0.123900
v 0.091759 -0.077664 0.124970
v 0.092060 -0.078377 0.124084
v 0.090461 -0.082546 0.125569
v 0.091824 -0.077343 0.126102
v 0.089731 -0.080719 0.124451
v 0.090075 -0.081800 0.124746
v 0.089516 -0.079602 0.124733
v 0.089498 -0.078753 0.125546
v 0.086465 -0.082729 0.126478
v 0.089670 -0.078381 0.126652
v 0.086478 -0.080869 0.125191
v 0.086391 -0.081970 0.125584
v 0.086989 -0.078869 0.126117
v 0.086695 -0.079732 0.125375
v 0.082683 -0.081334 0.127240
v 0.087279 -0.078491 0.127195
v 0.082905 -0.080683 0.126286
v 0.083400 -0.079733 0.125810
v 0.084025 -0.078746 0.125912
v 0.084614 -0.077992 0.126595
v 0.079692 -0.078572 0.127737
v 0.085017 -0.077656 0.127651
v 0.080147 -0.078137 0.126744
v 0.080965 -0.077484 0.126215
v 0.081912 -0.076795 0.126263
v 0.082736 -0.076257 0.126907
v 0.077940 -0.074919 0.127900
v 0.083227 -0.076003 0.127948
v 0.078529 -0.074755 0.126894
v 0.079530 -0.074476 0.126347
v 0.080660 -0.074160 0.126378
v 0.081617 -0.073893 0.127009
v 0.077432 -0.071287 0.127784
v 0.082159 -0.073742 0.128045
v 0.078054 -0.071307 0.126783
v 0.079101 -0.071281 0.126242
v 0.080277 -0.071219 0.126278
v 0.081267 -0.071135 0.126913
v 0.077255 -0.068488 0.127647
v 0.081822 -0.071053 0.127951
v 0.077869 -0.068430 0.126643
v 0.078905 -0.068298 0.126097
v 0.080070 -0.068129 0.126130
v 0.081051 -0.067968 0.126762
v 0.076189 -0.064095 0.127609
v 0.081602 -0.067856 0.127798
v 0.077791 -0.063661 0.126055
v 0.076783 -0.063935 0.126603
v 0.079889 -0.063088 0.126715
v 0.078928 -0.063351 0.126084
v 0.074302 -0.057529 0.127618
v 0.080433 -0.062937 0.127750
v 0.075895 -0.057064 0.126064
v 0.074892 -0.057356 0.126612
v 0.077985 -0.056460 0.126724
v 0.077027 -0.056736 0.126093
v 0.072336 -0.050751 0.127632
v 0.078527 -0.056305 0.127759
v 0.073929 -0.050286 0.126077
v 0.072927 -0.050578 0.126625
v 0.076019 -0.049681 0.126737
v 0.075062 -0.049958 0.126107
v 0.070371 -0.043972 0.127645
v 0.076562 -0.049526 0.127773
v 0.071964 -0.043508 0.126090
v 0.070961 -0.043800 0.126639
v 0.074054 -0.042904 0.126750
v 0.073096 -0.043180 0.126120
v 0.070371 -0.043972 0.127645
v 0.074596 -0.042749 0.127786
v 0.070961 -0.043800 0.126639
v 0.071964 -0.043508 0.126090
v 0.073096 -0.043180 0.126120
v 0.074054 -0.042904 0.126750
v 0.102889 -0.031348 0.119545
v 0.102889 -0.031348 0.119545
v 0.102827 -0.031334 0.118799
v 0.100586 -0.033459 0.119236
v 0.100194 -0.033817 0.119444
v 0.102722 -0.031396 0.118800
v 0.103656 -0.035619 0.121978
v 0.103611 -0.036362 0.120867
v 0.103710 -0.035740 0.120806
v 0.100222 -0.033734 0.119508
v 0.101534 -0.031263 0.118677
v 0.098178 -0.065798 0.122837
v 0.100787 -0.035112 0.121423
v 0.095994 -0.065623 0.122091
v 0.103179 -0.035628 0.119751
v 0.103059 -0.035319 0.122955
v 0.099422 -0.034954 0.120500
v 0.099613 -0.033656 0.120377
v 0.095098 -0.060819 0.123226
v 0.096955 -0.061060 0.122825
v 0.095097 -0.060894 0.123161
v 0.098813 -0.061301 0.122423
v 0.094332 -0.065300 0.123673
v 0.094285 -0.065128 0.124778
v 0.094285 -0.065128 0.124778
v 0.095019 -0.060878 0.123245
v 0.094332 -0.065300 0.123673
v 0.099453 -0.034954 0.120544
v 0.100393 -0.033755 0.120258
v 0.099646 -0.033645 0.120419
v 0.100642 -0.033685 0.121365
v 0.101331 -0.030986 0.123001
v 0.102173 -0.031097 0.122240
v 0.101138 -0.031027 0.122322
v 0.100430 -0.030976 0.122415
v 0.100825 -0.031097 0.121160
v 0.099873 -0.031022 0.121370
v 0.100254 -0.032104 0.122520
v 0.101080 -0.033423 0.123280
v 0.101241 -0.032147 0.123164
v 0.101157 -0.033300 0.122382
v 0.101933 -0.032401 0.120994
v 0.102199 -0.032326 0.122180
v 0.099210 -0.035597 0.121807
v 0.099761 -0.035579 0.122850
v 0.099867 -0.034983 0.122763
v 0.101058 -0.033498 0.123221
v 0.101183 -0.033294 0.122508
v 0.101324 -0.033256 0.123205
v 0.100439 -0.035124 0.121501
v 0.101223 -0.035362 0.120240
v 0.100200 -0.035191 0.120436
v 0.099564 -0.033219 0.121578
v 0.100102 -0.033365 0.122584
v 0.102943 -0.036049 0.123028
v 0.103402 -0.037213 0.122135
v 0.103557 -0.036239 0.122039
v 0.103455 -0.037338 0.120964
v 0.100742 -0.035666 0.123498
v 0.101754 -0.036799 0.123647
v 0.101908 -0.035839 0.123552
v 0.102788 -0.037017 0.123124
v 0.099609 -0.036526 0.122944
v 0.100590 -0.036619 0.123592
v 0.101278 -0.050194 0.122265
v 0.100610 -0.049877 0.124425
v 0.101224 -0.050070 0.123436
v 0.099096 -0.062446 0.124682
v 0.097576 -0.060420 0.124896
v 0.099413 -0.060741 0.124503
v 0.099575 -0.049663 0.124948
v 0.099058 -0.036541 0.121901
v 0.097430 -0.049395 0.124246
v 0.096659 -0.060120 0.125959
v 0.097508 -0.062001 0.126192
v 0.097824 -0.060295 0.126013
v 0.098543 -0.062211 0.125668
v 0.098860 -0.060506 0.125489
v 0.096185 -0.061938 0.125304
v 0.095742 -0.060098 0.125288
v 0.096502 -0.060231 0.125125
v 0.098411 -0.049485 0.124894
v 0.100185 -0.033442 0.122623
v 0.100939 -0.033522 0.122555
v 0.101058 -0.033498 0.123221
v 0.100355 -0.031033 0.122429
v 0.101344 -0.031045 0.123071
v 0.101726 -0.031263 0.119718
v 0.103138 -0.031278 0.120653
v 0.102872 -0.031353 0.119466
v 0.102436 -0.032170 0.123197
v 0.102520 -0.031114 0.123115
v 0.101691 -0.035230 0.122327
v 0.100678 -0.035057 0.122566
v 0.103159 -0.035759 0.119763
v 0.103611 -0.036362 0.120867
v 0.103060 -0.036379 0.119825
v 0.100612 -0.031175 0.119977
v 0.101782 -0.031172 0.120950
v 0.101584 -0.031262 0.119618
v 0.099867 -0.034983 0.122763
v 0.100839 -0.035061 0.123438
v 0.098911 -0.063300 0.124827
v 0.099125 -0.062444 0.124722
v 0.102005 -0.035228 0.123491
v 0.102000 -0.035170 0.123419
v 0.102317 -0.035329 0.122260
v 0.101841 -0.035243 0.122425
v 0.100836 -0.035003 0.123366
v 0.100666 -0.035079 0.122671
v 0.099955 -0.034931 0.122767
v 0.099801 -0.031079 0.121389
v 0.099757 -0.032244 0.120305
v 0.099701 -0.032138 0.121479
v 0.102823 -0.035526 0.120991
v 0.103009 -0.035369 0.122909
v 0.103604 -0.035549 0.121951
v 0.103657 -0.035667 0.120813
v 0.100654 -0.035032 0.122546
v 0.100633 -0.033649 0.121365
v 0.100867 -0.033583 0.122407
v 0.100902 -0.033538 0.122431
v 0.100911 -0.033360 0.121284
v 0.100812 -0.033579 0.122488
v 0.099999 -0.034484 0.122727
v 0.100606 -0.034976 0.122622
v 0.099496 -0.033714 0.121624
v 0.099908 -0.034438 0.122682
v 0.100033 -0.033588 0.122600
v 0.103556 -0.031161 0.122512
v 0.102227 -0.032318 0.122305
v 0.103432 -0.031196 0.121963
v 0.103432 -0.031206 0.122651
v 0.099930 -0.031116 0.120189
v 0.099564 -0.033219 0.121578
v 0.100102 -0.033365 0.122584
v 0.095742 -0.060098 0.125288
v 0.096082 -0.060216 0.124064
v 0.100439 -0.035124 0.121501
v 0.100420 -0.035097 0.121504
v 0.103042 -0.035432 0.122967
v 0.101295 -0.033207 0.123265
v 0.102436 -0.032170 0.123197
v 0.097177 -0.064262 0.126409
v 0.098303 -0.063966 0.125733
v 0.098357 -0.063573 0.125719
v 0.098816 -0.063678 0.124874
v 0.096006 -0.064137 0.126359
v 0.097019 -0.064638 0.126442
v 0.095137 -0.059987 0.124262
v 0.095789 -0.059374 0.125244
v 0.095238 -0.059391 0.124202
v 0.095252 -0.060237 0.123098
v 0.096011 -0.060370 0.122936
v 0.097936 -0.059637 0.125946
v 0.098971 -0.059848 0.125423
v 0.096771 -0.059462 0.125892
v 0.098305 -0.064055 0.125599
v 0.096985 -0.064803 0.125413
v 0.098674 -0.063843 0.124971
v 0.097327 -0.060435 0.123799
v 0.099464 -0.060809 0.123342
v 0.095849 -0.064247 0.125525
v 0.095426 -0.061805 0.125466
v 0.102414 -0.032266 0.123138
v 0.095736 -0.060032 0.125328
v 0.099585 -0.060040 0.124434
v 0.099538 -0.060758 0.123323
v 0.099639 -0.060163 0.123262
v 0.095415 -0.061796 0.125516
v 0.096343 -0.061827 0.126138
v 0.098873 -0.063322 0.124788
v 0.097259 -0.062125 0.125074
v 0.096759 -0.064848 0.125465
v 0.095906 -0.064639 0.126292
v 0.095750 -0.064716 0.125679
v 0.096952 -0.064749 0.126334
v 0.097178 -0.064706 0.126280
v 0.096879 -0.049411 0.123203
v 0.095274 -0.064458 0.125725
v 0.095075 -0.064140 0.125741
v 0.095270 -0.064419 0.125666
v 0.095086 -0.064148 0.125690
v 0.095736 -0.060032 0.125328
v 0.099466 -0.060684 0.124538
v 0.096955 -0.064717 0.125306
v 0.096779 -0.064754 0.125348
v 0.096928 -0.064387 0.125292
v 0.097198 -0.064602 0.126399
v 0.095425 -0.064575 0.125741
v 0.102177 -0.035676 0.119116
v 0.102078 -0.036292 0.119177
v 0.099088 -0.060180 0.122220
v 0.099538 -0.060758 0.123323
v 0.098954 -0.060828 0.122254
v 0.100496 -0.031221 0.119281
v 0.099801 -0.031079 0.121389
v 0.100479 -0.031288 0.119220
v 0.101444 -0.032449 0.118777
v 0.100376 -0.032390 0.119313
v 0.102259 -0.031113 0.122090
v 0.101905 -0.031181 0.120923
v 0.100664 -0.033439 0.120187
v 0.101667 -0.032476 0.119808
v 0.099381 -0.035120 0.120597
v 0.099264 -0.035719 0.120636
v 0.099210 -0.035597 0.121807
v 0.100410 -0.033455 0.119326
v 0.100215 -0.033666 0.119429
v 0.103138 -0.031278 0.120653
v 0.103404 -0.031203 0.121839
v 0.100662 -0.033594 0.121355
v 0.102904 -0.037353 0.119921
v 0.101924 -0.037260 0.119273
v 0.103455 -0.037338 0.120964
v 0.099878 -0.035910 0.119647
v 0.100760 -0.037079 0.119218
v 0.099725 -0.036862 0.119741
v 0.100913 -0.036119 0.119123
v 0.099112 -0.036666 0.120729
v 0.099058 -0.036541 0.121901
v 0.101278 -0.050194 0.122265
v 0.100727 -0.050210 0.121222
v 0.099746 -0.050120 0.120574
v 0.098581 -0.049942 0.120520
v 0.098605 -0.062584 0.122494
v 0.097084 -0.060558 0.122707
v 0.096768 -0.062264 0.122886
v 0.097546 -0.049729 0.121043
v 0.096933 -0.049535 0.122032
v 0.096879 -0.049411 0.123203
v 0.095795 -0.060363 0.122108
v 0.096513 -0.062280 0.121763
v 0.095478 -0.062070 0.122287
v 0.096830 -0.060575 0.121584
v 0.097678 -0.062454 0.121817
v 0.095694 -0.062076 0.123115
v 0.094935 -0.061944 0.123277
v 0.100634 -0.033448 0.120063
v 0.100222 -0.033733 0.119501
v 0.100464 -0.033498 0.119373
v 0.099858 -0.031173 0.120215
v 0.101539 -0.031326 0.118749
v 0.101579 -0.035316 0.121258
v 0.099626 -0.033499 0.120463
v 0.099381 -0.035120 0.120597
v 0.098398 -0.063444 0.122545
v 0.097525 -0.063807 0.122014
v 0.101820 -0.035469 0.120046
v 0.102171 -0.035605 0.119174
v 0.101011 -0.035508 0.119063
v 0.102721 -0.031396 0.118793
v 0.100001 -0.035238 0.119646
v 0.101317 -0.035390 0.120090
v 0.101035 -0.035442 0.119122
v 0.099974 -0.035304 0.119587
v 0.099457 -0.035071 0.120549
v 0.100143 -0.035195 0.120315
v 0.103121 -0.035685 0.119801
v 0.100186 -0.035163 0.120462
v 0.100399 -0.033715 0.120322
v 0.100419 -0.033674 0.120280
v 0.100314 -0.033719 0.120273
v 0.099502 -0.034623 0.120513
v 0.099635 -0.033721 0.120426
v 0.099496 -0.033714 0.121624
v 0.099438 -0.034570 0.120587
v 0.099379 -0.034505 0.121700
v 0.102721 -0.031396 0.118793
v 0.101639 -0.032484 0.119683
v 0.101452 -0.032537 0.118850
v 0.101526 -0.031394 0.118687
v 0.102551 -0.031454 0.118727
v 0.103556 -0.031161 0.122512
v 0.102504 -0.031055 0.123047
v 0.099564 -0.033219 0.121578
v 0.099626 -0.033499 0.120463
v 0.095906 -0.059706 0.122042
v 0.095226 -0.060175 0.123057
v 0.095292 -0.059514 0.123030
v 0.099686 -0.033582 0.120403
v 0.100222 -0.033733 0.119501
v 0.100355 -0.033676 0.120191
v 0.096182 -0.064542 0.121980
v 0.097481 -0.064197 0.122071
v 0.096215 -0.064879 0.122021
v 0.098303 -0.063823 0.122589
v 0.095141 -0.064381 0.122509
v 0.096036 -0.064915 0.122063
v 0.095084 -0.064771 0.122546
v 0.098106 -0.060092 0.121572
v 0.098954 -0.060828 0.122254
v 0.097995 -0.060749 0.121638
v 0.099466 -0.060684 0.124538
v 0.096941 -0.059917 0.121518
v 0.098919 -0.060879 0.122316
v 0.096448 -0.064955 0.123020
v 0.097542 -0.064270 0.122201
v 0.098138 -0.063994 0.122582
v 0.095357 -0.064385 0.123337
v 0.094595 -0.064287 0.123502
v 0.095137 -0.059987 0.124262
v 0.095238 -0.059391 0.124202
v 0.098781 -0.063681 0.124831
v 0.094903 -0.061940 0.123236
v 0.094563 -0.064284 0.123460
v 0.098381 -0.063461 0.122599
v 0.096437 -0.064525 0.123103
v 0.096222 -0.064999 0.123075
v 0.095093 -0.064868 0.122672
v 0.096024 -0.065010 0.122201
v 0.099639 -0.060163 0.123262
v 0.094758 -0.064603 0.123428
v 0.094778 -0.064557 0.123478
v 0.095260 -0.064764 0.123382
v 0.095226 -0.060175 0.123057
v 0.098614 -0.062588 0.122446
v 0.096463 -0.064855 0.123118
v 0.096288 -0.064892 0.123160
v 0.095215 -0.064866 0.123297
v 0.094891 -0.064725 0.123363
v 0.098290 -0.063819 0.122642
v 0.099564 -0.033219 0.121578
v 0.099563 -0.033720 0.120505
v 0.102872 -0.031353 0.119466
v 0.100185 -0.033442 0.122623
v 0.100939 -0.033522 0.122555
v 0.102069 -0.035399 0.121153
v 0.099686 -0.033582 0.120403
v 0.100355 -0.033676 0.120191
v 0.099457 -0.035071 0.120549
v 0.100108 -0.035116 0.120408
v 0.100143 -0.035195 0.120315
v 0.099955 -0.034931 0.122767
v 0.097913 -0.062966 0.126563
v 0.097454 -0.062526 0.126702
v 0.097475 -0.063012 0.126694
v 0.097861 -0.062052 0.126517
v 0.097920 -0.062506 0.126562
v 0.097021 -0.063007 0.126766
v 0.096968 -0.062093 0.126720
v 0.096974 -0.062550 0.126777
v 0.098154 -0.063219 0.126405
v 0.097886 -0.063337 0.126510
v 0.098250 -0.062923 0.126403
v 0.098201 -0.062072 0.126360
v 0.098282 -0.062494 0.126387
v 0.098072 -0.061790 0.126333
v 0.097792 -0.061694 0.126428
v 0.097419 -0.062044 0.126645
v 0.096961 -0.061732 0.126617
v 0.096676 -0.061854 0.126651
v 0.096596 -0.062146 0.126725
v 0.096573 -0.062573 0.126776
v 0.096645 -0.062997 0.126768
v 0.096758 -0.063283 0.126722
v 0.097055 -0.063375 0.126699
v 0.097477 -0.063408 0.126625
v 0.096288 -0.062593 0.126703
v 0.096279 -0.063087 0.126565
v 0.096393 -0.063046 0.126699
v 0.096223 -0.062119 0.126517
v 0.096156 -0.062607 0.126563
v 0.096638 -0.063401 0.126655
v 0.096340 -0.062133 0.126653
v 0.096457 -0.061716 0.126439
v 0.096557 -0.063466 0.126527
v 0.098499 -0.062985 0.126060
v 0.098508 -0.062491 0.126198
v 0.098451 -0.062952 0.126230
v 0.098444 -0.062017 0.126012
v 0.098567 -0.062496 0.126014
v 0.098166 -0.061638 0.126050
v 0.098399 -0.062038 0.126184
v 0.098243 -0.063327 0.126290
v 0.098266 -0.063387 0.126138
v 0.096954 -0.063710 0.126453
v 0.097463 -0.063678 0.126508
v 0.097010 -0.063616 0.126596
v 0.097900 -0.063667 0.126238
v 0.097903 -0.063575 0.126393
v 0.096823 -0.061437 0.126339
v 0.097333 -0.061405 0.126394
v 0.097291 -0.061318 0.126226
v 0.097769 -0.061394 0.126124
v 0.096889 -0.061509 0.126490
v 0.096544 -0.061758 0.126572
v 0.097377 -0.061659 0.126538
v 0.097782 -0.061468 0.126287
v 0.098149 -0.061685 0.126207
v 0.098142 -0.061645 0.125942
v 0.097745 -0.061401 0.126016
v 0.097408 -0.063793 0.126243
v 0.097876 -0.063673 0.126130
v 0.096433 -0.061723 0.126331
v 0.096199 -0.062125 0.126409
v 0.096799 -0.061444 0.126231
v 0.096255 -0.063094 0.126457
v 0.096533 -0.063473 0.126419
v 0.098475 -0.062992 0.125952
v 0.096132 -0.062614 0.126455
v 0.098420 -0.062023 0.125904
v 0.096929 -0.063717 0.126345
v 0.098543 -0.062503 0.125906
v 0.098242 -0.063394 0.126030
v 0.097432 -0.063786 0.126350
v 0.097266 -0.061325 0.126119
v 0.096957 -0.063377 0.125839
v 0.096906 -0.063535 0.124089
v 0.097284 -0.063429 0.125769
v 0.097513 -0.061797 0.125614
v 0.097407 -0.062070 0.123884
v 0.097136 -0.061903 0.123934
v 0.098012 -0.062883 0.125571
v 0.097475 -0.063263 0.123944
v 0.097634 -0.062989 0.123891
v 0.097852 -0.063157 0.125624
v 0.097225 -0.063454 0.124012
v 0.096459 -0.062292 0.125882
v 0.096036 -0.062731 0.124234
v 0.096413 -0.062625 0.125913
v 0.098420 -0.062023 0.125904
v 0.097978 -0.061831 0.125991
v 0.098142 -0.061645 0.125942
v 0.097284 -0.063429 0.125769
v 0.097602 -0.063348 0.125692
v 0.098058 -0.062550 0.125539
v 0.097680 -0.062656 0.123860
v 0.096868 -0.061827 0.125761
v 0.096810 -0.061852 0.124004
v 0.096491 -0.061933 0.124081
v 0.096618 -0.062017 0.125829
v 0.096241 -0.062124 0.124149
v 0.096255 -0.063094 0.126457
v 0.096697 -0.063286 0.126370
v 0.096533 -0.063473 0.126419
v 0.096309 -0.063317 0.124209
v 0.096580 -0.063484 0.124159
v 0.097974 -0.062222 0.125537
v 0.097784 -0.061964 0.125564
v 0.097596 -0.062328 0.123858
v 0.097187 -0.061746 0.125684
v 0.096082 -0.062398 0.124202
v 0.096929 -0.063717 0.126345
v 0.097012 -0.063481 0.126312
v 0.097876 -0.063673 0.126130
v 0.098058 -0.063224 0.126061
v 0.098242 -0.063394 0.126030
v 0.098543 -0.062503 0.125906
v 0.098243 -0.062904 0.125999
v 0.098297 -0.062515 0.125962
v 0.097266 -0.061325 0.126119
v 0.096909 -0.061671 0.126221
v 0.096799 -0.061444 0.126231
v 0.098199 -0.062132 0.125960
v 0.097662 -0.061636 0.126049
v 0.097281 -0.061576 0.126131
v 0.097745 -0.061401 0.126016
v 0.096617 -0.061893 0.126300
v 0.096433 -0.061723 0.126331
v 0.098475 -0.062992 0.125952
v 0.096132 -0.062614 0.126455
v 0.096475 -0.062985 0.126401
v 0.096497 -0.062953 0.125915
v 0.096120 -0.063059 0.124236
v 0.097408 -0.063793 0.126243
v 0.097394 -0.063541 0.126230
v 0.096431 -0.062214 0.126362
v 0.096377 -0.062603 0.126399
v 0.097408 -0.063793 0.126243
v 0.097766 -0.063446 0.126140
v 0.096199 -0.062125 0.126409
v 0.096554 -0.062944 0.126339
v 0.096466 -0.062601 0.126337
v 0.096568 -0.062932 0.126235
v 0.096514 -0.062251 0.126304
v 0.096531 -0.062272 0.126201
v 0.096485 -0.062605 0.126233
v 0.096690 -0.061997 0.126148
v 0.096681 -0.061963 0.126249
v 0.096753 -0.063215 0.126312
v 0.096758 -0.063191 0.126208
v 0.098083 -0.062863 0.125890
v 0.098191 -0.062522 0.125945
v 0.098143 -0.062871 0.125978
v 0.098045 -0.062202 0.125857
v 0.098129 -0.062529 0.125859
v 0.098103 -0.062178 0.125943
v 0.097904 -0.061907 0.125971
v 0.097856 -0.061944 0.125883
v 0.097924 -0.063137 0.125943
v 0.097976 -0.063159 0.126033
v 0.097029 -0.063357 0.126158
v 0.097379 -0.063444 0.126185
v 0.097037 -0.063390 0.126259
v 0.097674 -0.063328 0.126011
v 0.097379 -0.063444 0.126185
v 0.097355 -0.063409 0.126088
v 0.097714 -0.063359 0.126105
v 0.097394 -0.063541 0.126230
v 0.096943 -0.061763 0.126177
v 0.097278 -0.061678 0.126097
v 0.096940 -0.061807 0.126080
v 0.097620 -0.061732 0.126023
v 0.097585 -0.061777 0.125933
v 0.097259 -0.061725 0.126003
v 0.096687 -0.063211 0.125889
v 0.096748 -0.063294 0.121373
v 0.096262 -0.062861 0.121391
v 0.096742 -0.062837 0.121316
v 0.096696 -0.062380 0.121327
v 0.095855 -0.063335 0.121576
v 0.096297 -0.063343 0.121448
v 0.095803 -0.062421 0.121530
v 0.096241 -0.062375 0.121400
v 0.097040 -0.063532 0.121443
v 0.097120 -0.063241 0.121368
v 0.097143 -0.062814 0.121317
v 0.097071 -0.062390 0.121326
v 0.096958 -0.062104 0.121371
v 0.096661 -0.062012 0.121394
v 0.095830 -0.062050 0.121583
v 0.096239 -0.061979 0.121468
v 0.095562 -0.062168 0.121688
v 0.095796 -0.062881 0.121532
v 0.095466 -0.062464 0.121691
v 0.095515 -0.063315 0.121733
v 0.095644 -0.063597 0.121760
v 0.095924 -0.063693 0.121665
v 0.096339 -0.063728 0.121556
v 0.096755 -0.063655 0.121476
v 0.095272 -0.063370 0.122082
v 0.095208 -0.062896 0.121895
v 0.095317 -0.063349 0.121909
v 0.095217 -0.062402 0.122033
v 0.095265 -0.062435 0.121863
v 0.095434 -0.062893 0.121706
v 0.095450 -0.062000 0.121955
v 0.095473 -0.062059 0.121804
v 0.095550 -0.063749 0.122043
v 0.095567 -0.063702 0.121886
v 0.097493 -0.063268 0.121577
v 0.097428 -0.062794 0.121390
v 0.097560 -0.062780 0.121531
v 0.097437 -0.062300 0.121528
v 0.097323 -0.062340 0.121395
v 0.097159 -0.061921 0.121567
v 0.097078 -0.061986 0.121439
v 0.097376 -0.063254 0.121441
v 0.097172 -0.063629 0.121521
v 0.097259 -0.063670 0.121654
v 0.096383 -0.063982 0.121700
v 0.095947 -0.063993 0.121970
v 0.095934 -0.063919 0.121806
v 0.096893 -0.063950 0.121754
v 0.096425 -0.064069 0.121867
v 0.096827 -0.063878 0.121603
v 0.095816 -0.061720 0.121855
v 0.096253 -0.061709 0.121585
v 0.095813 -0.061812 0.121700
v 0.096762 -0.061677 0.121640
v 0.096284 -0.061601 0.121743
v 0.096706 -0.061771 0.121497
v 0.096787 -0.061670 0.121748
v 0.096450 -0.064062 0.121975
v 0.095474 -0.061993 0.122063
v 0.095575 -0.063742 0.122151
v 0.097517 -0.063261 0.121684
v 0.095296 -0.063363 0.122190
v 0.095149 -0.062890 0.122079
v 0.095241 -0.062395 0.122141
v 0.096308 -0.061594 0.121851
v 0.097183 -0.061914 0.121674
v 0.095971 -0.063986 0.122077
v 0.097584 -0.062773 0.121638
v 0.096917 -0.063943 0.121862
v 0.097461 -0.062293 0.121636
v 0.096457 -0.063661 0.122090
v 0.096131 -0.063610 0.122160
v 0.096687 -0.062030 0.121935
v 0.096958 -0.062196 0.121885
v 0.097026 -0.063390 0.121945
v 0.097186 -0.063115 0.121892
v 0.096776 -0.063580 0.122013
v 0.095587 -0.062857 0.122235
v 0.095633 -0.062524 0.122203
v 0.097019 -0.062100 0.121723
v 0.097461 -0.062293 0.121636
v 0.097183 -0.061914 0.121674
v 0.096457 -0.063661 0.122090
v 0.097232 -0.062782 0.121861
v 0.096361 -0.061978 0.122005
v 0.096042 -0.062059 0.122082
v 0.095792 -0.062250 0.122150
v 0.095738 -0.063556 0.122102
v 0.095296 -0.063363 0.122190
v 0.095575 -0.063742 0.122151
v 0.095860 -0.063443 0.122210
v 0.097148 -0.062455 0.121859
v 0.095971 -0.063986 0.122077
v 0.097099 -0.063493 0.121793
v 0.096917 -0.063943 0.121862
v 0.097284 -0.063664 0.121762
v 0.097584 -0.062773 0.121638
v 0.097285 -0.063173 0.121731
v 0.097517 -0.063261 0.121684
v 0.095950 -0.061941 0.121953
v 0.096308 -0.061594 0.121851
v 0.095841 -0.061714 0.121963
v 0.097241 -0.062402 0.121692
v 0.096704 -0.061906 0.121781
v 0.096787 -0.061670 0.121748
v 0.095658 -0.062163 0.122032
v 0.095474 -0.061993 0.122063
v 0.095517 -0.063254 0.122133
v 0.095173 -0.062884 0.122187
v 0.095671 -0.063185 0.122237
v 0.096450 -0.064062 0.121975
v 0.096054 -0.063750 0.122044
v 0.095473 -0.062483 0.122094
v 0.095241 -0.062395 0.122141
v 0.096807 -0.063716 0.121872
v 0.096450 -0.064062 0.121975
v 0.095613 -0.063209 0.122150
v 0.095419 -0.062872 0.122131
v 0.095525 -0.062865 0.122148
v 0.095573 -0.062516 0.122115
v 0.095740 -0.062228 0.122060
v 0.095812 -0.063480 0.122123
v 0.097250 -0.062786 0.121756
v 0.097202 -0.063136 0.121789
v 0.097339 -0.062784 0.121694
v 0.097162 -0.062443 0.121754
v 0.096963 -0.062172 0.121782
v 0.097035 -0.063424 0.121845
v 0.096438 -0.063709 0.121997
v 0.096096 -0.063654 0.122070
v 0.096435 -0.063811 0.121962
v 0.096438 -0.063709 0.121997
v 0.096435 -0.063811 0.121962
v 0.096773 -0.063623 0.121916
v 0.096003 -0.062028 0.121988
v 0.096322 -0.061846 0.121863
v 0.096337 -0.061943 0.121908
v 0.096680 -0.061997 0.121834
v 0.097355 -0.063409 0.126088
v 0.100046 -0.034895 0.122814
v 0.099941 -0.034808 0.122812
v 0.099951 -0.034814 0.122760
v 0.100143 -0.033505 0.122633
v 0.100132 -0.033510 0.122686
v 0.100238 -0.033444 0.122678
v 0.099280 -0.061169 0.124504
v 0.099260 -0.061229 0.124582
v 0.099338 -0.061245 0.124498
v 0.095565 -0.060688 0.125307
v 0.095487 -0.060746 0.125331
v 0.099519 -0.035044 0.120464
v 0.099422 -0.034954 0.120500
v 0.099646 -0.033645 0.120419
v 0.099711 -0.033593 0.120331
v 0.099613 -0.033656 0.120377
v 0.098813 -0.061301 0.122423
v 0.098763 -0.061369 0.122368
v 0.095097 -0.060894 0.123161
v 0.095098 -0.060819 0.123226
v 0.098674 -0.063843 0.124971
v 0.098781 -0.063681 0.124831
v 0.098816 -0.063678 0.124874
v 0.095425 -0.064575 0.125741
v 0.095270 -0.064419 0.125666
v 0.098138 -0.063994 0.122582
v 0.098290 -0.063819 0.122642
v 0.094891 -0.064725 0.123363
v 0.094778 -0.064557 0.123478
v 0.094758 -0.064603 0.123428
v 0.103676 -0.035488 0.121965
v 0.103735 -0.035577 0.120790
v 0.103059 -0.035319 0.122955
v 0.103676 -0.035488 0.121965
v 0.102023 -0.035111 0.123479
v 0.103059 -0.035319 0.122955
v 0.102023 -0.035111 0.123479
v 0.100861 -0.034921 0.123424
v 0.101353 -0.030914 0.123060
v 0.102528 -0.030983 0.123105
v 0.103648 -0.031103 0.122454
v 0.100365 -0.030903 0.122419
v 0.099811 -0.030949 0.121379
v 0.100365 -0.030903 0.122419
v 0.101353 -0.030914 0.123060
v 0.100132 -0.033510 0.122686
v 0.099941 -0.034808 0.122812
v 0.101059 -0.033574 0.123295
v 0.102415 -0.032367 0.123214
v 0.102415 -0.032367 0.123214
v 0.101492 -0.033204 0.123270
v 0.100890 -0.033615 0.122472
v 0.100642 -0.033685 0.121365
v 0.100890 -0.033615 0.122472
v 0.100143 -0.033505 0.122633
v 0.100046 -0.034895 0.122814
v 0.100787 -0.035112 0.121423
v 0.098578 -0.065583 0.125010
v 0.096979 -0.065280 0.126445
v 0.098009 -0.065440 0.125922
v 0.096979 -0.065280 0.126445
v 0.094914 -0.065108 0.125803
v 0.095821 -0.065156 0.126396
v 0.097423 -0.060928 0.124906
v 0.099332 -0.061272 0.123401
v 0.099390 -0.061348 0.123393
v 0.095046 -0.060716 0.124329
v 0.095565 -0.060688 0.125307
v 0.094914 -0.065108 0.125803
v 0.094803 -0.065168 0.125770
v 0.098578 -0.065583 0.125010
v 0.101059 -0.033574 0.123295
v 0.103179 -0.035628 0.119751
v 0.102194 -0.035562 0.119105
v 0.103179 -0.035628 0.119751
v 0.101029 -0.035391 0.119052
v 0.102194 -0.035562 0.119105
v 0.101029 -0.035391 0.119052
v 0.099519 -0.035044 0.120464
v 0.099996 -0.035164 0.119573
v 0.100489 -0.031157 0.119210
v 0.101534 -0.031263 0.118677
v 0.102827 -0.031334 0.118799
v 0.099867 -0.031042 0.120205
v 0.099867 -0.031042 0.120205
v 0.100489 -0.031157 0.119210
v 0.099613 -0.033656 0.120377
v 0.099422 -0.034954 0.120500
v 0.100194 -0.033817 0.119444
v 0.101422 -0.032646 0.118794
v 0.101422 -0.032646 0.118794
v 0.100586 -0.033459 0.119236
v 0.100393 -0.033755 0.120258
v 0.099711 -0.033593 0.120331
v 0.100464 -0.035137 0.120331
v 0.098081 -0.065723 0.122796
v 0.098178 -0.065798 0.122837
v 0.096016 -0.065551 0.122154
v 0.097174 -0.065674 0.122203
v 0.096016 -0.065551 0.122154
v 0.094416 -0.065248 0.123589
v 0.094985 -0.065391 0.122677
v 0.095097 -0.060894 0.123161
v 0.096930 -0.061131 0.122765
v 0.099332 -0.061272 0.123401
v 0.095046 -0.060716 0.124329
v 0.094416 -0.065248 0.123589
v 0.098081 -0.065723 0.122796
v 0.098763 -0.061369 0.122368
v 0.100194 -0.033817 0.119444
v 0.103657 -0.035667 0.120813
v 0.103009 -0.035369 0.122909
v 0.103604 -0.035549 0.121951
v 0.102000 -0.035170 0.123419
v 0.103009 -0.035369 0.122909
v 0.102000 -0.035170 0.123419
v 0.102504 -0.031055 0.123047
v 0.101331 -0.030986 0.123001
v 0.102504 -0.031055 0.123047
v 0.103556 -0.031161 0.122512
v 0.099873 -0.031022 0.121370
v 0.100430 -0.030976 0.122415
v 0.101331 -0.030986 0.123001
v 0.103432 -0.031196 0.121963
v 0.103404 -0.031203 0.121839
v 0.099413 -0.060741 0.124503
v 0.095742 -0.060098 0.125288
v 0.102414 -0.032266 0.123138
v 0.102414 -0.032266 0.123138
v 0.101324 -0.033256 0.123205
v 0.100185 -0.033442 0.122623
v 0.100133 -0.033581 0.122640
v 0.100812 -0.033579 0.122488
v 0.100939 -0.033522 0.122555
v 0.100939 -0.033522 0.122555
v 0.100185 -0.033442 0.122623
v 0.100102 -0.033365 0.122584
v 0.099955 -0.034931 0.122767
v 0.100606 -0.034976 0.122622
v 0.100678 -0.035057 0.122566
v 0.099955 -0.034931 0.122767
v 0.100836 -0.035003 0.123366
v 0.100133 -0.033581 0.122640
v 0.100606 -0.034976 0.122622
v 0.099413 -0.060741 0.124503
v 0.099466 -0.060684 0.124538
v 0.095742 -0.060098 0.125288
v 0.095190 -0.060060 0.124255
v 0.098674 -0.063843 0.124971
v 0.095949 -0.064528 0.126397
v 0.095906 -0.064639 0.126292
v 0.098873 -0.063322 0.124788
v 0.095270 -0.064419 0.125666
v 0.095086 -0.064148 0.125690
v 0.099096 -0.062446 0.124682
v 0.095426 -0.061805 0.125466
v 0.097178 -0.064706 0.126280
v 0.096952 -0.064749 0.126334
v 0.096779 -0.064754 0.125348
v 0.096955 -0.064717 0.125306
v 0.097178 -0.064706 0.126280
v 0.095752 -0.064626 0.125571
v 0.096952 -0.064749 0.126334
v 0.096955 -0.064717 0.125306
v 0.095752 -0.064626 0.125571
v 0.095270 -0.064419 0.125666
v 0.103159 -0.035759 0.119763
v 0.103710 -0.035740 0.120806
v 0.103159 -0.035759 0.119763
v 0.102177 -0.035676 0.119116
v 0.099974 -0.035304 0.119587
v 0.101011 -0.035508 0.119063
v 0.100479 -0.031288 0.119220
v 0.102551 -0.031454 0.118727
v 0.099858 -0.031173 0.120215
v 0.099801 -0.031079 0.121389
v 0.100479 -0.031288 0.119220
v 0.102844 -0.031361 0.119342
v 0.098919 -0.060879 0.122316
v 0.098614 -0.062588 0.122446
v 0.098954 -0.060828 0.122254
v 0.094903 -0.061940 0.123236
v 0.095226 -0.060175 0.123057
v 0.102551 -0.031454 0.118727
v 0.101444 -0.032449 0.118777
v 0.100410 -0.033455 0.119326
v 0.099686 -0.033582 0.120403
v 0.099635 -0.033721 0.120426
v 0.100314 -0.033719 0.120273
v 0.100355 -0.033676 0.120191
v 0.099686 -0.033582 0.120403
v 0.099457 -0.035071 0.120549
v 0.100200 -0.035191 0.120436
v 0.100108 -0.035116 0.120408
v 0.099974 -0.035304 0.119587
v 0.099635 -0.033721 0.120426
v 0.100108 -0.035116 0.120408
v 0.099538 -0.060758 0.123323
v 0.098954 -0.060828 0.122254
v 0.095137 -0.059987 0.124262
v 0.095190 -0.060060 0.124255
v 0.094891 -0.064725 0.123363
v 0.095093 -0.064868 0.122672
v 0.098303 -0.063823 0.122589
v 0.098398 -0.063444 0.122545
v 0.094563 -0.064284 0.123460
v 0.098398 -0.063444 0.122545
v 0.098614 -0.062588 0.122446
v 0.094563 -0.064284 0.123460
v 0.094903 -0.061940 0.123236
v 0.096250 -0.064967 0.122149
v 0.096024 -0.065010 0.122201
v 0.096448 -0.064955 0.123020
v 0.096250 -0.064967 0.122149
v 0.096222 -0.064999 0.123075
v 0.095215 -0.064866 0.123297
v 0.096024 -0.065010 0.122201
v 0.098138 -0.063994 0.122582
v 0.096448 -0.064955 0.123020
v 0.094891 -0.064725 0.123363
v 0.101324 -0.033256 0.123205
v 0.101058 -0.033498 0.123221
v 0.100215 -0.033666 0.119429
v -0.186821 -0.029814 0.024000
v -0.181167 -0.033523 0.013499
v -0.180209 -0.033180 0.026151
v -0.188347 -0.030629 0.003466
v -0.182126 -0.033866 0.000850
v -0.187615 -0.031110 0.013710
v -0.191558 -0.021615 0.004601
v -0.191368 -0.021516 0.013612
v -0.191598 -0.010851 0.004560
v -0.191609 -0.010536 0.013193
v -0.189894 -0.000138 0.004053
v -0.189884 0.000435 0.012683
v -0.186169 0.009715 0.003059
v -0.179177 0.018535 0.011136
v -0.186017 0.010797 0.012029
v -0.172384 0.018405 0.010763
v -0.180113 0.017129 0.001086
v -0.178765 0.017527 0.021490
v -0.185039 0.010556 0.020957
v -0.188958 0.000621 0.021238
v -0.190723 -0.010156 0.021773
v -0.190360 -0.020808 0.022522
v -0.046828 -0.037428 0.134453
v -0.055560 -0.039760 0.125715
v -0.043033 -0.040261 0.128413
v -0.066967 -0.036753 0.130200
v -0.068087 -0.039258 0.123018
v -0.056993 -0.037972 0.132210
v -0.066237 -0.028134 0.134659
v -0.057573 -0.028794 0.136929
v -0.065643 -0.017421 0.135981
v -0.057374 -0.017882 0.138395
v -0.064997 -0.006578 0.135506
v -0.056706 -0.006776 0.137963
v -0.064309 0.003604 0.132838
v -0.054042 0.012295 0.129449
v -0.055602 0.003945 0.135345
v -0.052467 0.012611 0.122986
v -0.064044 0.011563 0.127350
v -0.044055 0.010461 0.131789
v -0.046791 0.003013 0.136845
v -0.048252 -0.007271 0.139458
v -0.048897 -0.018192 0.139949
v -0.048719 -0.028768 0.138491
v 0.187114 -0.033510 -0.016551
v 0.180623 -0.035923 -0.006139
v 0.180804 -0.036353 -0.018893
v 0.187092 -0.032879 0.004189
v 0.180443 -0.035494 0.006617
v 0.187063 -0.034091 -0.006052
v 0.190797 -0.024137 0.002534
v 0.191268 -0.024772 -0.006462
v 0.191233 -0.013412 0.001654
v 0.191900 -0.013837 -0.006962
v 0.189845 -0.002673 0.001107
v 0.190504 -0.002838 -0.007530
v 0.186363 0.007262 0.000976
v 0.180244 0.015531 -0.008339
v 0.186907 0.007615 -0.008063
v 0.173483 0.015596 -0.008502
v 0.180445 0.014863 0.001875
v 0.180585 0.013794 -0.018596
v 0.186611 0.006686 -0.016984
v 0.190233 -0.003347 -0.016122
v 0.191663 -0.014160 -0.015604
v 0.190934 -0.024752 -0.015498
v 0.097153 -0.036805 0.119587
v 0.085478 -0.039619 0.116357
v 0.097526 -0.038958 0.112388
v 0.077547 -0.038111 0.126083
v 0.073432 -0.040280 0.120326
v 0.087306 -0.038359 0.122727
v 0.079633 -0.029728 0.130121
v 0.088348 -0.029469 0.127709
v 0.079802 -0.019107 0.131612
v 0.088193 -0.018660 0.129520
v 0.079066 -0.008294 0.131499
v 0.087443 -0.007591 0.129416
v 0.077331 0.001923 0.129421
v 0.083559 0.011625 0.121786
v 0.086006 0.003142 0.127174
v 0.081486 0.012302 0.115364
v 0.074034 0.010014 0.125005
v 0.093488 0.010770 0.118685
v 0.094421 0.003146 0.123962
v 0.095513 -0.007150 0.126402
v 0.096301 -0.018027 0.126571
v 0.096760 -0.028488 0.124609
v -0.158915 -0.034541 -0.096339
v -0.147546 -0.037981 -0.099897
v -0.154691 -0.037483 -0.089628
v -0.146577 -0.036047 -0.112631
v -0.140401 -0.038479 -0.110166
v -0.152787 -0.036168 -0.104378
v -0.150083 -0.027716 -0.114948
v -0.156442 -0.016404 -0.110013
v -0.156000 -0.027143 -0.108085
v -0.155350 -0.005442 -0.110743
v -0.150608 -0.017230 -0.116401
v -0.146607 0.003733 -0.116607
v -0.149527 -0.006499 -0.117070
v -0.147480 0.013623 -0.107091
v -0.152590 0.005189 -0.110026
v -0.142681 0.014545 -0.103242
v -0.141155 0.012009 -0.114942
v -0.154526 0.012874 -0.099117
v -0.158029 0.005467 -0.102755
v -0.160491 -0.004638 -0.103808
v -0.161572 -0.015406 -0.103109
v -0.161201 -0.025891 -0.100894
v 0.126091 -0.037808 -0.134087
v 0.128574 -0.040753 -0.122304
v 0.119353 -0.041168 -0.131021
v 0.140996 -0.037912 -0.119885
v 0.137797 -0.040339 -0.113586
v 0.133524 -0.038730 -0.126951
v 0.143220 -0.029439 -0.123717
v 0.137809 -0.018788 -0.130878
v 0.136798 -0.029588 -0.130118
v 0.143887 -0.008139 -0.124293
v 0.144012 -0.018873 -0.124775
v 0.137471 -0.007829 -0.130178
v 0.142717 0.001956 -0.121904
v 0.132365 0.010902 -0.122587
v 0.135771 0.002717 -0.127712
v 0.128475 0.011461 -0.116821
v 0.140693 0.009994 -0.116866
v 0.124029 0.009396 -0.128619
v 0.128302 0.002201 -0.132756
v 0.130462 -0.007831 -0.135283
v 0.130991 -0.018580 -0.136275
v 0.129890 -0.029062 -0.135921
v -0.016123 -0.041115 -0.158064
v -0.005851 -0.044807 -0.151988
v -0.018661 -0.044376 -0.151817
v 0.004525 -0.041900 -0.158487
v 0.006958 -0.045239 -0.152158
v -0.005747 -0.042417 -0.158280
v 0.003487 -0.032808 -0.161525
v -0.005509 -0.032745 -0.161836
v 0.003455 -0.022013 -0.161258
v -0.005150 -0.021735 -0.161774
v 0.003786 -0.011323 -0.159211
v -0.004815 -0.010783 -0.159729
v 0.004487 -0.001558 -0.155132
v -0.004067 0.007076 -0.148454
v -0.004470 -0.000497 -0.155550
v -0.004140 0.006714 -0.141638
v 0.006007 0.005700 -0.148706
v -0.014405 0.005999 -0.148700
v -0.013432 -0.000807 -0.155133
v -0.013400 -0.010661 -0.159321
v -0.013756 -0.021417 -0.161389
v -0.014465 -0.032088 -0.161324
v -0.180758 -0.032613 0.013438
v -0.186126 -0.029105 0.023883
v -0.179794 -0.032275 0.026055
v -0.187649 -0.029913 0.003433
v -0.186899 -0.030416 0.013635
v -0.190577 -0.021423 0.004576
v -0.190389 -0.021326 0.013541
v -0.190601 -0.010922 0.004558
v -0.190613 -0.010607 0.013141
v -0.188927 -0.000392 0.004069
v -0.188920 0.000175 0.012641
v -0.185308 0.009208 0.003092
v -0.185161 0.010280 0.011994
v -0.178744 0.017634 0.011133
v -0.179683 0.016229 0.001149
v -0.172309 0.017408 0.010781
v -0.178340 0.016625 0.021421
v -0.171270 0.017758 0.022354
v -0.184193 0.010031 0.020857
v -0.187998 0.000358 0.021137
v -0.189731 -0.010226 0.021669
v -0.189386 -0.020612 0.022403
v -0.055459 -0.038814 0.125408
v -0.046709 -0.036647 0.133839
v -0.042965 -0.039316 0.128093
v -0.066770 -0.035973 0.129606
v -0.056831 -0.037209 0.131585
v -0.065977 -0.027845 0.133738
v -0.057356 -0.028502 0.135998
v -0.065366 -0.017392 0.135021
v -0.057147 -0.017847 0.137422
v -0.064719 -0.006737 0.134558
v -0.056487 -0.006933 0.137000
v -0.064055 0.003178 0.131970
v -0.055418 0.003515 0.134461
v -0.053970 0.011434 0.128946
v -0.063904 0.010698 0.126868
v -0.052483 0.011623 0.122832
v -0.044052 0.009605 0.131273
v -0.041279 0.011181 0.124948
v -0.046678 0.002581 0.135950
v -0.048092 -0.007427 0.138483
v -0.048720 -0.018151 0.138966
v -0.048547 -0.028466 0.137554
v 0.180284 -0.034983 -0.006172
v 0.186464 -0.032750 -0.016537
v 0.180459 -0.035414 -0.018890
v 0.186444 -0.032121 0.004119
v 0.186391 -0.033351 -0.006080
v 0.189827 -0.023906 0.002471
v 0.190296 -0.024538 -0.006480
v 0.190236 -0.013454 0.001585
v 0.190901 -0.013874 -0.006980
v 0.188875 -0.002904 0.001037
v 0.189531 -0.003069 -0.007542
v 0.185493 0.006774 0.000918
v 0.186037 0.007122 -0.008054
v 0.179786 0.014643 -0.008304
v 0.179997 0.013970 0.001847
v 0.173380 0.014602 -0.008455
v 0.180132 0.012908 -0.018496
v 0.173092 0.014147 -0.020225
v 0.185745 0.006191 -0.016910
v 0.189261 -0.003576 -0.016076
v 0.190664 -0.014191 -0.015571
v 0.189965 -0.024508 -0.015469
v 0.085345 -0.038654 0.116132
v 0.096886 -0.035997 0.119063
v 0.097356 -0.037998 0.112165
v 0.077362 -0.037295 0.125535
v 0.087073 -0.037562 0.122169
v 0.079369 -0.029400 0.129213
v 0.088039 -0.029144 0.126815
v 0.079552 -0.019046 0.130645
v 0.087892 -0.018599 0.128568
v 0.078837 -0.008423 0.130534
v 0.087157 -0.007725 0.128467
v 0.077140 0.001527 0.128522
v 0.085750 0.002735 0.126297
v 0.083430 0.010783 0.121263
v 0.073970 0.009173 0.124467
v 0.081464 0.011321 0.115169
v 0.093296 0.009925 0.118186
v 0.092433 0.011855 0.111455
v 0.094102 0.002728 0.123112
v 0.095171 -0.007291 0.125473
v 0.095952 -0.017967 0.125636
v 0.096407 -0.028159 0.123733
v -0.147255 -0.037035 -0.099753
v -0.158362 -0.033765 -0.096037
v -0.154368 -0.036545 -0.089503
v -0.146079 -0.035262 -0.112262
v -0.152247 -0.035401 -0.104031
v -0.149350 -0.027408 -0.114343
v -0.155236 -0.026837 -0.107517
v -0.155665 -0.016351 -0.109385
v -0.149863 -0.017176 -0.115735
v -0.154595 -0.005579 -0.110102
v -0.148809 -0.006629 -0.116388
v -0.151907 0.004785 -0.109418
v -0.145960 0.003341 -0.115953
v -0.147083 0.012792 -0.106701
v -0.140809 0.011174 -0.114513
v -0.142536 0.013572 -0.103062
v -0.154094 0.012036 -0.098782
v -0.150148 0.014023 -0.092980
v -0.157311 0.005052 -0.102195
v -0.159703 -0.004782 -0.103210
v -0.160764 -0.015354 -0.102522
v -0.160410 -0.025581 -0.100366
v 0.128327 -0.039815 -0.122062
v 0.125669 -0.037052 -0.133587
v 0.119112 -0.040240 -0.130738
v 0.140531 -0.037136 -0.119461
v 0.133067 -0.037979 -0.126474
v 0.142542 -0.029146 -0.123042
v 0.136152 -0.029308 -0.129408
v 0.137151 -0.018767 -0.130125
v 0.143316 -0.018840 -0.124058
v 0.136846 -0.008004 -0.129417
v 0.142119 0.001531 -0.121224
v 0.135232 0.002271 -0.126997
v 0.132085 0.010042 -0.122159
v 0.140357 0.009139 -0.116473
v 0.128408 0.010476 -0.116663
v 0.123812 0.008532 -0.128165
v 0.119023 0.009974 -0.123273
v 0.127825 0.001738 -0.132009
v 0.129886 -0.008022 -0.134488
v 0.130373 -0.018571 -0.135489
v 0.129278 -0.028788 -0.135178
v -0.005812 -0.043899 -0.151570
v -0.016045 -0.040412 -0.157357
v -0.018586 -0.043473 -0.151394
v 0.004520 -0.041194 -0.157779
v -0.005711 -0.041733 -0.157552
v 0.003458 -0.032639 -0.160540
v -0.005494 -0.032577 -0.160850
v 0.003397 -0.022112 -0.160265
v -0.005155 -0.021832 -0.160779
v 0.003710 -0.011604 -0.158254
v -0.004831 -0.011068 -0.158770
v 0.004398 -0.002089 -0.154289
v -0.004488 -0.001037 -0.154709
v -0.004088 0.006163 -0.148048
v 0.005917 0.004788 -0.148306
v -0.004158 0.005715 -0.141597
v -0.014355 0.005085 -0.148297
v -0.015552 0.005983 -0.141435
v -0.013380 -0.001354 -0.154297
v -0.013356 -0.010948 -0.158365
v -0.013711 -0.021511 -0.160395
v -0.014403 -0.031913 -0.160341
v -0.186126 -0.029105 0.023883
v -0.179794 -0.032275 0.026055
v -0.181723 -0.032951 0.000826
v -0.180758 -0.032613 0.013438
v -0.187649 -0.029913 0.003433
v -0.190577 -0.021423 0.004576
v -0.188927 -0.000392 0.004069
v -0.190601 -0.010922 0.004558
v -0.185308 0.009208 0.003092
v -0.179683 0.016229 0.001149
v -0.173421 0.018056 -0.000861
v -0.173349 0.017061 -0.000787
v -0.171270 0.017758 0.022354
v -0.172309 0.017408 0.010781
v -0.171348 0.018754 0.022389
v -0.178340 0.016625 0.021421
v -0.184193 0.010031 0.020857
v -0.187998 0.000358 0.021137
v -0.189386 -0.020612 0.022403
v -0.189731 -0.010226 0.021669
v -0.046709 -0.036647 0.133839
v -0.042965 -0.039316 0.128093
v -0.067953 -0.038312 0.122724
v -0.055459 -0.038814 0.125408
v -0.066770 -0.035973 0.129606
v -0.065977 -0.027845 0.133738
v -0.064719 -0.006737 0.134558
v -0.065366 -0.017392 0.135021
v -0.064055 0.003178 0.131970
v -0.063904 0.010698 0.126868
v -0.063725 0.013058 0.120851
v -0.063685 0.012068 0.120718
v -0.041279 0.011181 0.124948
v -0.052483 0.011623 0.122832
v -0.041210 0.012163 0.125122
v -0.044052 0.009605 0.131273
v -0.046678 0.002581 0.135950
v -0.048092 -0.007427 0.138483
v -0.048547 -0.028466 0.137554
v -0.048720 -0.018151 0.138966
v 0.186464 -0.032750 -0.016537
v 0.180459 -0.035414 -0.018890
v 0.180111 -0.034553 0.006548
v 0.180284 -0.034983 -0.006172
v 0.186444 -0.032121 0.004119
v 0.189827 -0.023906 0.002471
v 0.188875 -0.002904 0.001037
v 0.190236 -0.013454 0.001585
v 0.185493 0.006774 0.000918
v 0.179997 0.013970 0.001847
v 0.173762 0.016056 0.003320
v 0.173668 0.015060 0.003313
v 0.173092 0.014147 -0.020225
v 0.173380 0.014602 -0.008455
v 0.173203 0.015136 -0.020323
v 0.180132 0.012908 -0.018496
v 0.185745 0.006191 -0.016910
v 0.189261 -0.003576 -0.016076
v 0.189965 -0.024508 -0.015469
v 0.190664 -0.014191 -0.015571
v 0.096886 -0.035997 0.119063
v 0.097356 -0.037998 0.112165
v 0.073337 -0.039311 0.120098
v 0.085345 -0.038654 0.116132
v 0.077362 -0.037295 0.125535
v 0.079369 -0.029400 0.129213
v 0.078837 -0.008423 0.130534
v 0.079552 -0.019046 0.130645
v 0.077140 0.001527 0.128522
v 0.073970 0.009173 0.124467
v 0.070466 0.011769 0.119089
v 0.070498 0.010791 0.118882
v 0.092433 0.011855 0.111455
v 0.081464 0.011321 0.115169
v 0.092508 0.012835 0.111638
v 0.093296 0.009925 0.118186
v 0.094102 0.002728 0.123112
v 0.095171 -0.007291 0.125473
v 0.096407 -0.028159 0.123733
v 0.095952 -0.017967 0.125636
v -0.158362 -0.033765 -0.096037
v -0.154368 -0.036545 -0.089503
v -0.140146 -0.037526 -0.110002
v -0.147255 -0.037035 -0.099753
v -0.146079 -0.035262 -0.112262
v -0.149350 -0.027408 -0.114343
v -0.148809 -0.006629 -0.116388
v -0.149863 -0.017176 -0.115735
v -0.145960 0.003341 -0.115953
v -0.140809 0.011174 -0.114513
v -0.133650 0.014016 -0.111979
v -0.133543 0.013047 -0.111755
v -0.150148 0.014023 -0.092980
v -0.142536 0.013572 -0.103062
v -0.150332 0.014997 -0.093113
v -0.154094 0.012036 -0.098782
v -0.157311 0.005052 -0.102195
v -0.159703 -0.004782 -0.103210
v -0.160410 -0.025581 -0.100366
v -0.160764 -0.015354 -0.102522
v 0.125669 -0.037052 -0.133587
v 0.119112 -0.040240 -0.130738
v 0.137542 -0.039392 -0.113391
v 0.128327 -0.039815 -0.122062
v 0.140531 -0.037136 -0.119461
v 0.142542 -0.029146 -0.123042
v 0.143216 -0.008297 -0.123569
v 0.143316 -0.018840 -0.124058
v 0.142119 0.001531 -0.121224
v 0.140357 0.009139 -0.116473
v 0.137912 0.011964 -0.110188
v 0.137794 0.010980 -0.110051
v 0.119023 0.009974 -0.123273
v 0.128408 0.010476 -0.116663
v 0.119039 0.010958 -0.123451
v 0.123812 0.008532 -0.128165
v 0.127825 0.001738 -0.132009
v 0.130373 -0.018571 -0.135489
v 0.129886 -0.008022 -0.134488
v 0.129278 -0.028788 -0.135178
v -0.016045 -0.040412 -0.157357
v -0.018586 -0.043473 -0.151394
v 0.006961 -0.044328 -0.151745
v -0.005812 -0.043899 -0.151570
v 0.004520 -0.041194 -0.157779
v 0.003458 -0.032639 -0.160540
v 0.003710 -0.011604 -0.158254
v 0.003397 -0.022112 -0.160265
v 0.004398 -0.002089 -0.154289
v 0.005917 0.004788 -0.148306
v 0.007307 0.006447 -0.141794
v 0.007232 0.005450 -0.141759
v -0.015552 0.005983 -0.141435
v -0.004158 0.005715 -0.141597
v -0.015589 0.006981 -0.141482
v -0.014355 0.005085 -0.148297
v -0.013380 -0.001354 -0.154297
v -0.013356 -0.010948 -0.158365
v -0.014403 -0.031913 -0.160341
v -0.013711 -0.021511 -0.160395
v 0.027944 -0.021686 0.128875
v 0.029991 -0.019022 0.131367
v 0.028178 -0.021731 0.130383
v 0.027944 -0.021686 0.128875
v 0.025769 -0.023752 0.131843
v 0.022835 -0.025273 0.129586
v 0.030877 -0.015704 0.128141
v 0.030393 -0.015324 0.131554
v 0.030877 -0.015704 0.128141
v 0.030114 -0.011478 0.131339
v 0.030669 -0.010252 0.127702
v 0.029237 -0.007729 0.131019
v 0.028139 -0.005403 0.127500
v 0.030669 -0.010252 0.127702
v 0.028139 -0.005403 0.127500
v 0.025229 -0.002521 0.129014
v 0.027746 -0.004387 0.130320
v 0.028139 -0.005403 0.127500
v 0.023935 -0.002086 0.127561
v 0.025229 -0.002521 0.129014
v 0.023935 -0.002086 0.127561
v 0.022354 -0.001153 0.130222
v 0.019080 -0.000870 0.127850
v 0.018735 -0.000750 0.130990
v 0.019080 -0.000870 0.127850
v 0.015016 -0.001300 0.131340
v 0.014144 -0.001593 0.128307
v 0.011570 -0.002720 0.131225
v 0.010797 -0.003294 0.128718
v 0.009041 -0.004891 0.130519
v 0.008159 -0.006120 0.129166
v 0.007457 -0.007344 0.132203
v 0.008159 -0.006120 0.129166
v 0.006105 -0.011158 0.129752
v 0.007131 -0.010979 0.133061
v 0.006105 -0.011158 0.129752
v 0.007419 -0.014813 0.133442
v 0.006105 -0.011158 0.129752
v 0.006313 -0.016614 0.130191
v 0.011248 -0.005976 0.132397
v 0.011386 -0.009996 0.132724
v 0.015366 -0.005013 0.131987
v 0.015838 -0.009152 0.132297
v 0.016441 -0.013486 0.132612
v 0.011844 -0.014161 0.133035
v 0.012651 -0.018278 0.133314
v 0.017160 -0.017803 0.132913
v 0.008284 -0.018578 0.133607
v 0.006313 -0.016614 0.130191
v 0.009690 -0.022002 0.133240
v 0.013721 -0.022157 0.133549
v 0.008840 -0.021460 0.130392
v 0.011997 -0.024098 0.131868
v 0.015105 -0.025302 0.132816
v 0.008840 -0.021460 0.130392
v 0.013044 -0.024778 0.130332
v 0.011997 -0.024098 0.131868
v 0.008840 -0.021460 0.130392
v 0.013044 -0.024778 0.130332
v 0.017899 -0.025995 0.130043
v 0.017899 -0.025995 0.130043
v 0.018740 -0.025599 0.133066
v 0.022464 -0.025051 0.132722
v 0.017899 -0.025995 0.130043
v 0.022835 -0.025273 0.129586
v 0.017947 -0.021899 0.133190
v 0.022174 -0.021280 0.132798
v 0.021700 -0.017138 0.132493
v 0.026152 -0.016293 0.132063
v 0.021096 -0.012803 0.132181
v 0.026292 -0.020313 0.132384
v 0.024885 -0.008012 0.131474
v 0.025691 -0.012127 0.131752
v 0.023812 -0.004135 0.131233
v 0.020377 -0.008485 0.131877
v 0.019588 -0.004392 0.131596
v 0.022835 -0.025273 0.129586
v 0.030877 -0.015704 0.128141
v 0.027944 -0.021686 0.128875
v 0.017919 -0.012819 0.128941
v 0.022835 -0.025273 0.129586
v 0.017899 -0.025995 0.130043
v 0.006313 -0.016614 0.130191
v 0.006105 -0.011158 0.129752
v 0.023935 -0.002086 0.127561
v 0.028139 -0.005403 0.127500
v 0.010797 -0.003294 0.128718
v 0.014144 -0.001593 0.128307
v 0.013044 -0.024778 0.130332
v 0.008840 -0.021460 0.130392
v 0.030669 -0.010252 0.127702
v 0.019080 -0.000870 0.127850
v 0.008159 -0.006120 0.129166
v 0.008706 -0.041906 0.131771
v 0.122675 -0.041019 -0.127881
v 0.251247 -0.849690 -0.010440
v 0.180804 -0.036353 -0.018893
v -0.251739 -0.920410 0.006561
v -0.202339 -0.349641 0.004855
v -0.197000 -0.231005 0.010040
v 0.091154 0.010225 -0.133536
v -0.224140 -0.990852 0.029940
v 0.227399 -0.988960 0.030458
v 0.158841 0.093517 -0.039105
v -0.057473 0.087855 -0.115138
v -0.159380 0.091201 -0.037971
v -0.168148 0.037815 -0.007544
v 0.168053 0.039865 -0.009413
v -0.000380 0.031713 -0.131131
v -0.161701 0.091808 -0.008953
v -0.109235 0.091340 0.092080
v -0.028296 0.088523 0.122046
v 0.084466 0.090905 0.105820
v 0.161375 0.093808 -0.010004
v 0.134760 -0.020815 -0.008691
v 0.000922 0.032930 0.122276
v 0.103387 -0.031208 0.121760
v 0.100861 -0.034921 0.123424
v 0.096979 -0.065280 0.126445
v 0.070326 -0.043988 0.128823
v 0.099332 -0.061272 0.123401
v 0.099811 -0.030949 0.121379
v 0.098763 -0.061369 0.122368
v 0.074596 -0.042749 0.127786
v 0.103648 -0.031103 0.122454
v 0.094966 -0.060775 0.124350
v 0.102827 -0.031334 0.118799
v 0.099379 -0.034505 0.121700
v 0.101457 -0.035296 0.121284
v 0.099701 -0.032138 0.121479
v 0.103710 -0.035740 0.120806
v 0.100133 -0.033581 0.122640
v 0.095736 -0.060032 0.125328
v 0.095752 -0.064626 0.125571
v 0.101444 -0.032449 0.118777
v 0.100355 -0.033676 0.120191
v 0.102844 -0.031361 0.119342
v 0.096250 -0.064967 0.122149
v 0.095226 -0.060175 0.123057
v 0.098954 -0.060828 0.122254
v 0.099626 -0.033499 0.120463
v 0.100666 -0.035079 0.122671
v 0.096906 -0.063535 0.124089
v 0.095841 -0.061714 0.121963
v 0.097284 -0.063664 0.121762
v 0.095173 -0.062884 0.122187
v 0.100861 -0.034921 0.123424
v 0.099941 -0.034808 0.122812
v 0.102528 -0.030983 0.123105
v 0.100132 -0.033510 0.122686
v 0.103648 -0.031103 0.122454
v 0.101044 -0.035076 0.122598
v 0.098009 -0.065440 0.125922
v 0.095821 -0.065156 0.126396
v 0.099280 -0.061169 0.124504
v 0.095594 -0.060754 0.125375
v 0.099260 -0.061229 0.124582
v 0.099996 -0.035164 0.119573
v 0.099422 -0.034954 0.120500
v 0.101534 -0.031263 0.118677
v 0.099613 -0.033656 0.120377
v 0.102827 -0.031334 0.118799
v 0.100420 -0.033671 0.120176
v 0.100518 -0.035224 0.120254
v 0.097174 -0.065674 0.122203
v 0.094985 -0.065391 0.122677
v 0.098813 -0.061301 0.122423
v 0.096930 -0.061131 0.122765
v 0.103604 -0.035549 0.121951
v 0.100836 -0.035003 0.123366
v 0.100430 -0.030976 0.122415
v 0.099096 -0.062446 0.124682
v 0.095426 -0.061805 0.125466
v 0.101058 -0.033498 0.123221
v 0.099999 -0.034484 0.122727
v 0.100666 -0.035079 0.122671
v 0.099999 -0.034484 0.122727
v 0.100812 -0.033579 0.122488
v 0.099464 -0.060809 0.123342
v 0.098305 -0.064055 0.125599
v 0.098781 -0.063681 0.124831
v 0.098873 -0.063322 0.124788
v 0.095086 -0.064148 0.125690
v 0.098305 -0.064055 0.125599
v 0.096779 -0.064754 0.125348
v 0.095906 -0.064639 0.126292
v 0.098781 -0.063681 0.124831
v 0.102177 -0.035676 0.119116
v 0.101011 -0.035508 0.119063
v 0.101526 -0.031394 0.118687
v 0.101526 -0.031394 0.118687
v 0.099858 -0.031173 0.120215
v 0.101444 -0.032449 0.118777
v 0.100222 -0.033733 0.119501
v 0.099502 -0.034623 0.120513
v 0.100143 -0.035195 0.120315
v 0.099381 -0.035120 0.120597
v 0.099502 -0.034623 0.120513
v 0.100314 -0.033719 0.120273
v 0.097542 -0.064270 0.122201
v 0.094758 -0.064603 0.123428
v 0.096222 -0.064999 0.123075
v 0.097542 -0.064270 0.122201
v 0.095093 -0.064868 0.122672
v 0.095215 -0.064866 0.123297
v -0.171348 0.018754 0.022389
v -0.041210 0.012163 0.125122
v 0.173203 0.015136 -0.020323
v 0.092508 0.012835 0.111638
v -0.150332 0.014997 -0.093113
v 0.119039 0.010958 -0.123451
v -0.015589 0.006981 -0.141482
v -0.181723 -0.032951 0.000826
v -0.173349 0.017061 -0.000787
v -0.067953 -0.038312 0.122724
v -0.063685 0.012068 0.120718
v 0.180111 -0.034553 0.006548
v 0.173668 0.015060 0.003313
v 0.073337 -0.039311 0.120098
v 0.070498 0.010791 0.118882
v -0.140146 -0.037526 -0.110002
v -0.133543 0.013047 -0.111755
v 0.137542 -0.039392 -0.113391
v 0.143216 -0.008297 -0.123569
v 0.137794 0.010980 -0.110051
v 0.006961 -0.044328 -0.151745
v 0.007232 0.005450 -0.141759
v -0.173421 0.018056 -0.000861
v -0.063725 0.013058 0.120851
v 0.173762 0.016056 0.003320
v 0.070466 0.011769 0.119089
v -0.133650 0.014016 -0.111979
v 0.137912 0.011964 -0.110188
v 0.007307 0.006447 -0.141794
v 0.030877 -0.015704 0.128141
v 0.030669 -0.010252 0.127702
v 0.019080 -0.000870 0.127850
v 0.014144 -0.001593 0.128307
v 0.014144 -0.001593 0.128307
v 0.006313 -0.016614 0.130191
vn 0.9131 -0.4071 -0.0239
vn 0.6801 -0.7051 0.2010
vn 0.7062 -0.7030 0.0839
vn 0.8255 -0.5643 0.0084
vn 0.6763 -0.5617 0.4766
vn 0.6193 0.3060 0.7231
vn 0.8821 0.4260 0.2011
vn 0.3873 0.7042 0.5951
vn 0.3656 0.8469 0.3863
vn -0.1593 0.8295 0.5353
vn -0.3252 0.7194 0.6137
vn -0.6652 0.6361 0.3910
vn -0.8369 0.3827 0.3913
vn -0.9475 0.1624 0.2754
vn -0.9511 -0.2125 0.2240
vn -0.9419 -0.3294 -0.0659
vn -0.8914 -0.4530 0.0162
vn 0.9525 -0.1234 -0.2785
vn 0.9157 -0.3243 -0.2375
vn 0.7341 -0.3346 0.5908
vn 0.8491 0.1788 0.4970
vn 0.2879 0.7767 0.5602
vn -0.0062 0.8982 0.4395
vn -0.4522 0.4711 0.7573
vn -0.8033 0.3094 0.5089
vn -0.9936 -0.0689 -0.0894
vn 0.8608 -0.1595 -0.4832
vn 0.7567 0.1464 0.6372
vn 0.3044 0.4305 0.8497
vn 0.4847 0.5937 0.6423
vn 0.2447 0.5098 0.8247
vn -0.1004 0.6108 0.7854
vn -0.7713 0.2672 0.5777
vn -0.9998 -0.0188 -0.0117
vn 0.7797 -0.1577 -0.6060
vn 0.9502 -0.2204 -0.2203
vn 0.7463 -0.0079 0.6656
vn 0.3159 -0.1868 0.9302
vn -0.2555 0.3827 0.8878
vn -0.2857 0.7897 0.5429
vn -0.4198 0.3614 0.8326
vn -0.5074 0.6987 0.5044
vn -0.9606 0.2512 0.1192
vn 0.7692 -0.1062 -0.6301
vn 0.9724 -0.1394 -0.1868
vn 0.9853 -0.0277 -0.1684
vn 0.7836 -0.0718 0.6171
vn -0.2341 -0.0453 0.9712
vn 0.0218 -0.0687 0.9974
vn -0.5321 0.2476 0.8096
vn -0.5431 0.4120 0.7316
vn -0.4545 0.4777 0.7518
vn -0.8034 0.4003 0.4407
vn 0.7998 -0.0623 -0.5970
vn 0.9952 0.0470 -0.0857
vn 0.3755 -0.0028 0.9268
vn 0.3066 -0.1740 0.9358
vn -0.6109 -0.1716 0.7729
vn -0.6999 -0.1215 0.7038
vn -0.7132 0.0325 0.7002
vn -0.7482 0.2221 0.6251
vn 0.8443 -0.0182 -0.5355
vn 0.9974 0.0714 -0.0095
vn 0.8019 0.0560 0.5948
vn 0.4103 0.0349 0.9113
vn -0.1822 -0.0365 0.9826
vn -0.2503 -0.1186 0.9609
vn -0.5986 -0.0986 0.7950
vn -0.7271 -0.0817 0.6817
vn -0.8120 -0.0566 0.5809
vn -0.8157 0.0480 0.5765
vn 0.8917 0.0263 -0.4519
vn 0.9953 0.0882 0.0398
vn 0.7979 0.0525 0.6004
vn 0.4268 0.0317 0.9038
vn -0.1254 -0.0300 0.9917
vn -0.5836 -0.0644 0.8095
vn -0.7405 -0.0456 0.6705
vn -0.8230 -0.0195 0.5676
vn -0.8861 0.0485 0.4609
vn 0.9287 0.0386 -0.3688
vn 0.9942 0.0813 0.0698
vn 0.7988 0.0598 0.5986
vn 0.4509 0.0231 0.8923
vn -0.0821 -0.0352 0.9960
vn -0.5785 -0.0550 0.8138
vn -0.7571 -0.0284 0.6527
vn -0.8406 0.0130 0.5416
vn -0.9329 0.0871 0.3495
vn 0.9503 0.0292 -0.3099
vn 0.8032 0.0611 0.5926
vn 0.8017 0.0636 0.5943
vn 0.4834 0.0109 0.8753
vn -0.0438 -0.0444 0.9981
vn -0.5740 -0.0572 0.8169
vn -0.7817 -0.0340 0.6227
vn -0.8623 0.0185 0.5060
vn -0.9541 0.0795 0.2887
vn 0.9659 0.0119 -0.2586
vn 0.9906 0.0599 0.1230
vn 0.7986 0.0467 0.6000
vn 0.5226 -0.0002 0.8526
vn -0.0090 -0.0561 0.9984
vn -0.5656 -0.0672 0.8219
vn -0.7964 -0.0477 0.6029
vn -0.8839 -0.0023 0.4676
vn -0.9673 0.0638 0.2454
vn 0.9871 0.0050 -0.1599
vn 0.9797 0.0462 0.1951
vn 0.8003 0.0104 0.5996
vn 0.5537 -0.0213 0.8324
vn 0.0290 -0.0657 0.9974
vn -0.5481 -0.0909 0.8315
vn -0.7989 -0.0851 0.5955
vn -0.8980 -0.0607 0.4357
vn -0.9807 -0.0063 0.1952
vn 0.9490 -0.1075 0.2965
vn 0.9662 0.0343 0.2555
vn 0.7892 -0.0923 0.6072
vn 0.5474 -0.0738 0.8336
vn 0.0416 -0.0866 0.9954
vn -0.5290 -0.1096 0.8415
vn -0.7928 -0.1070 0.6000
vn -0.8989 -0.0943 0.4279
vn -0.9826 -0.0658 0.1739
vn 0.9858 -0.1305 -0.1058
vn 0.9350 -0.1774 0.3072
vn 0.7633 -0.1707 0.6230
vn 0.5261 -0.1193 0.8420
vn 0.1076 -0.0934 0.9898
vn -0.4649 -0.1074 0.8788
vn -0.7776 -0.1004 0.6207
vn -0.8972 -0.0854 0.4333
vn -0.9863 -0.0465 0.1583
vn 0.9798 -0.1875 -0.0692
vn 0.9260 -0.1606 0.3417
vn 0.7589 -0.1497 0.6338
vn 0.4944 -0.1365 0.8585
vn 0.1401 -0.1121 0.9838
vn -0.4056 -0.1095 0.9075
vn -0.7639 -0.0948 0.6384
vn -0.8963 -0.0735 0.4373
vn -0.9942 -0.0162 0.1067
vn 0.9823 -0.1861 -0.0200
vn 0.9070 -0.1620 0.3887
vn 0.7574 -0.1339 0.6390
vn 0.4962 -0.1367 0.8574
vn 0.1527 -0.1270 0.9801
vn -0.3652 -0.1100 0.9244
vn -0.7504 -0.0874 0.6552
vn -0.9005 -0.0577 0.4310
vn -0.9996 0.0128 0.0239
vn 0.9845 -0.1745 0.0192
vn 0.8952 -0.1662 0.4136
vn 0.7485 -0.1457 0.6469
vn 0.5089 -0.1486 0.8479
vn 0.1592 -0.1432 0.9768
vn -0.3407 -0.1154 0.9331
vn -0.7381 -0.0812 0.6698
vn -0.9134 -0.0363 0.4055
vn -0.9983 0.0487 -0.0310
vn 0.9851 -0.1651 0.0476
vn 0.8826 -0.2334 0.4081
vn 0.7344 -0.2030 0.6476
vn 0.5177 -0.1808 0.8363
vn 0.1648 -0.1676 0.9720
vn -0.3307 -0.1382 0.9336
vn -0.7371 -0.0901 0.6697
vn -0.9336 -0.0208 0.3577
vn -0.9948 0.0767 -0.0673
vn 0.9523 -0.3017 0.0454
vn 0.7390 -0.5140 0.4355
vn 0.6804 -0.3517 0.6430
vn 0.4701 -0.2875 0.8345
vn 0.1402 -0.2312 0.9627
vn -0.3365 -0.1866 0.9230
vn -0.7474 -0.1343 0.6506
vn -0.9527 -0.0682 0.2961
vn -0.9958 -0.0046 -0.0918
vn -0.0225 -0.7899 0.6129
vn 0.0040 -0.9993 0.0378
vn 0.5099 -0.5447 0.6658
vn 0.4770 -0.3656 0.7992
vn 0.2571 -0.2619 0.9302
vn -0.0754 -0.1789 0.9810
vn -0.4948 -0.1255 0.8599
vn -0.8197 -0.0811 0.5670
vn -0.9719 -0.0473 0.2307
vn -0.0057 -0.6163 0.7875
vn 0.2913 -0.4880 0.8228
vn 0.2616 -0.2908 0.9203
vn 0.0719 -0.1358 0.9881
vn -0.2150 -0.0498 0.9753
vn -0.5772 -0.0157 0.8165
vn -0.8546 0.0022 0.5193
vn -0.9743 -0.0020 0.2254
vn -0.9950 -0.0489 -0.0867
vn 0.0106 -0.4839 0.8751
vn 0.0661 -0.3832 0.9213
vn 0.0114 -0.1892 0.9819
vn -0.0802 -0.0355 0.9961
vn -0.2791 0.0400 0.9594
vn -0.6066 0.0680 0.7921
vn -0.8628 0.0708 0.5005
vn -0.9720 0.0613 0.2270
vn -0.9975 -0.0329 -0.0627
vn 0.0354 -0.2230 0.9742
vn -0.0898 -0.1672 0.9818
vn -0.1629 -0.0735 0.9839
vn -0.1964 0.0229 0.9803
vn -0.3252 0.0917 0.9412
vn -0.6114 0.1273 0.7810
vn -0.8606 0.1356 0.4909
vn -0.9664 0.1324 0.2204
vn -0.9972 0.0436 -0.0601
vn 0.0430 -0.0228 0.9988
vn -0.1047 -0.0163 0.9944
vn -0.2666 0.0272 0.9634
vn -0.3764 0.0907 0.9220
vn -0.6243 0.1540 0.7658
vn -0.8567 0.1777 0.4842
vn -0.9605 0.1791 0.2131
vn -0.9908 0.1187 -0.0652
vn -0.0928 0.0345 0.9951
vn -0.2051 0.0421 0.9778
vn -0.2056 -0.0069 0.9786
vn -0.2927 0.0478 0.9550
vn -0.4245 0.0876 0.9012
vn -0.6426 0.1556 0.7503
vn -0.8522 0.1889 0.4878
vn -0.9549 0.1992 0.2202
vn -0.9815 0.1902 -0.0235
vn -0.9844 0.1665 -0.0564
vn -0.8634 -0.5046 -0.0016
vn -0.7329 -0.6774 -0.0639
vn -0.6751 -0.7296 0.1093
vn -0.8611 -0.2237 -0.4566
vn -0.7599 -0.5895 -0.2738
vn -0.5064 -0.0083 -0.8623
vn 0.1900 0.1508 -0.9701
vn 0.2691 0.0761 -0.9601
vn 0.7948 0.1029 -0.5980
vn 0.8179 -0.1071 -0.5653
vn 0.9611 -0.2423 -0.1323
vn 0.9619 -0.1629 -0.2197
vn 0.9355 -0.3493 -0.0534
vn 0.9552 -0.2958 0.0039
vn 0.8772 -0.4780 0.0450
vn -0.9481 -0.1770 -0.2643
vn -0.9158 -0.3574 -0.1832
vn -0.9584 0.0056 -0.2855
vn -0.8696 0.0378 -0.4922
vn -0.4229 0.0320 -0.9056
vn 0.1791 0.1474 -0.9727
vn 0.7200 0.2566 -0.6448
vn 0.9021 0.2293 -0.3656
vn 0.9661 0.0428 -0.2546
vn 0.8954 -0.0146 -0.4451
vn 0.9942 -0.0276 -0.1041
vn -0.8783 -0.1405 -0.4571
vn -0.9340 -0.0298 -0.3560
vn -0.8744 -0.0018 -0.4853
vn -0.3695 0.0071 -0.9292
vn 0.2524 -0.0021 -0.9676
vn 0.7115 0.1168 -0.6929
vn 0.8628 0.0707 -0.5006
vn 0.8243 -0.1246 -0.5522
vn 0.9942 0.0514 -0.0943
vn -0.8120 -0.1434 -0.5658
vn -0.9121 -0.0653 -0.4047
vn -0.8641 -0.0289 -0.5025
vn -0.4091 0.0148 -0.9124
vn 0.2482 -0.0062 -0.9687
vn 0.7055 0.0670 -0.7055
vn 0.7788 -0.0543 -0.6249
vn 0.7937 -0.1451 -0.5908
vn 0.9729 0.1640 0.1632
vn -0.7942 -0.0970 -0.5999
vn -0.8913 -0.0553 -0.4500
vn -0.8519 -0.0198 -0.5233
vn -0.4491 0.0080 -0.8935
vn 0.2301 0.0093 -0.9731
vn 0.6679 0.0266 -0.7438
vn 0.6642 -0.1129 -0.7390
vn 0.8575 -0.0628 -0.5106
vn 0.8482 0.3852 0.3635
vn -0.8167 -0.0455 -0.5753
vn -0.8753 -0.0435 -0.4816
vn -0.8414 -0.0153 -0.5401
vn -0.4754 0.0068 -0.8797
vn 0.1814 0.0122 -0.9833
vn 0.5780 -0.0376 -0.8152
vn 0.5879 -0.1509 -0.7947
vn 0.9517 0.0263 -0.3060
vn 0.7548 0.3104 0.5779
vn -0.8544 0.0012 -0.5196
vn -0.8710 -0.0310 -0.4904
vn -0.8281 -0.0068 -0.5605
vn -0.4914 0.0117 -0.8709
vn 0.0858 0.0190 -0.9961
vn 0.4758 -0.0756 -0.8763
vn 0.6111 -0.0916 -0.7862
vn 0.9857 0.0661 -0.1547
vn 0.8173 0.0941 0.5685
vn -0.8961 0.0456 -0.4416
vn -0.8793 -0.0121 -0.4761
vn -0.4955 0.0163 -0.8684
vn -0.4980 0.0256 -0.8668
vn -0.0134 0.0248 -0.9996
vn 0.4030 -0.0394 -0.9143
vn 0.7049 0.0245 -0.7089
vn 0.9787 0.1658 -0.1208
vn 0.8955 0.0210 0.4446
vn -0.9297 0.0554 -0.3640
vn -0.8934 0.0145 -0.4490
vn -0.8152 -0.0055 -0.5791
vn -0.5014 0.0514 -0.8637
vn -0.0543 0.0631 -0.9965
vn 0.3865 0.0602 -0.9203
vn 0.7821 0.1156 -0.6124
vn 0.9768 0.1858 -0.1062
vn 0.9423 0.0765 0.3258
vn -0.9508 0.0426 -0.3068
vn -0.7989 0.0586 -0.5987
vn -0.8149 0.0336 -0.5787
vn -0.5146 0.1366 -0.8464
vn -0.0841 0.1443 -0.9860
vn 0.4039 0.1497 -0.9025
vn 0.7993 0.1989 -0.5671
vn 0.9825 0.1588 -0.0976
vn 0.9594 0.0930 0.2661
vn -0.8975 0.0171 -0.4407
vn -0.8953 0.0229 -0.4449
vn -0.7621 0.0959 -0.6403
vn -0.5109 0.1600 -0.8446
vn -0.1145 0.1428 -0.9831
vn 0.4113 0.2045 -0.8882
vn 0.8155 0.2265 -0.5327
vn 0.9753 0.1705 -0.1405
vn 0.9714 0.0702 0.2269
vn -0.9683 0.0237 -0.2486
vn -0.8835 -0.0000 -0.4684
vn -0.7209 0.0303 -0.6923
vn -0.5484 0.0467 -0.8349
vn -0.1661 0.1341 -0.9770
vn 0.4537 0.2126 -0.8654
vn 0.8116 0.1817 -0.5553
vn 0.9698 0.0962 -0.2240
vn 0.9877 0.0047 0.1564
vn -0.9900 0.0102 -0.1409
vn -0.8800 -0.1089 -0.4623
vn -0.7955 -0.1085 -0.5961
vn -0.4918 -0.0649 -0.8683
vn 0.0116 0.2330 -0.9724
vn 0.4467 0.3557 -0.8210
vn 0.7499 0.2402 -0.6164
vn 0.9430 0.0578 -0.3276
vn 0.9908 -0.0598 0.1213
vn -0.9891 -0.1271 -0.0740
vn -0.9117 -0.1982 -0.3599
vn -0.7988 -0.2185 -0.5605
vn -0.3326 0.0008 -0.9431
vn 0.2502 0.2746 -0.9284
vn 0.4242 0.3471 -0.8364
vn 0.5191 0.3015 -0.7998
vn 0.9950 -0.0344 0.0942
vn -0.9817 -0.1876 -0.0319
vn -0.9393 -0.2011 -0.2780
vn -0.7657 -0.1700 -0.6203
vn -0.2131 0.0323 -0.9765
vn 0.2430 0.1084 -0.9639
vn 0.4642 0.0468 -0.8845
vn 0.5475 0.1770 -0.8179
vn 0.7840 0.2028 -0.5867
vn 0.8767 0.0875 -0.4731
vn -0.9823 -0.1857 0.0240
vn -0.9551 -0.1805 -0.2349
vn -0.7132 -0.1389 -0.6871
vn -0.2302 0.0033 -0.9731
vn 0.0980 -0.0709 -0.9927
vn 0.4370 -0.0779 -0.8961
vn 0.7249 -0.0061 -0.6888
vn 0.7607 0.1146 -0.6389
vn 1.0000 -0.0010 -0.0015
vn -0.9820 -0.1742 0.0725
vn -0.9569 -0.1509 -0.2481
vn -0.7252 -0.0906 -0.6825
vn -0.2684 -0.0741 -0.9605
vn 0.0156 -0.1134 -0.9934
vn 0.4532 -0.0729 -0.8884
vn 0.7790 -0.0511 -0.6249
vn 0.8147 0.0563 -0.5772
vn 0.9856 0.0771 -0.1503
vn 0.9947 0.0229 -0.1003
vn -0.9801 -0.1675 0.1064
vn -0.9417 -0.1786 -0.2853
vn -0.7350 -0.1047 -0.6699
vn -0.3291 -0.1203 -0.9366
vn 0.0022 -0.1110 -0.9938
vn 0.4554 -0.0731 -0.8873
vn 0.7815 -0.0538 -0.6215
vn 0.8824 -0.0032 -0.4705
vn 0.9843 0.0790 -0.1578
vn -0.9497 -0.2989 0.0933
vn -0.8101 -0.4320 -0.3963
vn -0.7066 -0.2501 -0.6620
vn -0.3472 -0.2342 -0.9081
vn 0.0124 -0.2015 -0.9794
vn 0.4688 -0.1486 -0.8707
vn 0.7840 -0.0836 -0.6151
vn 0.9105 -0.0638 -0.4085
vn 0.9902 -0.0142 -0.1390
vn 0.0833 -0.7495 -0.6568
vn -0.5723 -0.4890 -0.6583
vn -0.4541 -0.3371 -0.8247
vn -0.1537 -0.2920 -0.9440
vn 0.2207 -0.2269 -0.9486
vn 0.6161 -0.1356 -0.7759
vn 0.8250 -0.0887 -0.5582
vn 0.9219 -0.0734 -0.3803
vn 0.0426 -0.6514 -0.7576
vn -0.3231 -0.5352 -0.7805
vn -0.2551 -0.3905 -0.8846
vn 0.0041 -0.3227 -0.9465
vn 0.4014 -0.2059 -0.8925
vn 0.6793 -0.1085 -0.7258
vn 0.8388 -0.0688 -0.5401
vn 0.9902 -0.0238 -0.1377
vn 0.9898 -0.0509 -0.1333
vn 0.0205 -0.6020 -0.7983
vn -0.1248 -0.5362 -0.8348
vn -0.0975 -0.4409 -0.8922
vn 0.1670 -0.3329 -0.9281
vn 0.7264 -0.1132 -0.6779
vn 0.8529 -0.0437 -0.5203
vn 0.9297 -0.0047 -0.3684
vn 0.9257 -0.0441 -0.3756
vn 0.9896 0.0385 -0.1385
vn 0.0122 -0.4315 -0.9020
vn -0.0486 -0.4038 -0.9136
vn 0.0293 -0.3406 -0.9398
vn 0.5816 -0.1592 -0.7977
vn 0.5098 -0.2117 -0.8339
vn 0.7792 -0.0723 -0.6226
vn 0.8692 0.0017 -0.4944
vn 0.9317 0.0494 -0.3600
vn 0.9868 0.0947 -0.1312
vn 0.0041 -0.1372 -0.9905
vn -0.0121 -0.1297 -0.9915
vn 0.1057 -0.0923 -0.9901
vn 0.3124 -0.2447 -0.9179
vn 0.6147 -0.0254 -0.7884
vn 0.7981 -0.0016 -0.6026
vn 0.8897 0.0311 -0.4554
vn 0.9388 0.0842 -0.3341
vn 0.9822 0.1374 -0.1280
vn -0.0089 0.0764 -0.9970
vn 0.0095 0.0895 -0.9959
vn 0.1186 0.1044 -0.9874
vn 0.3597 -0.0639 -0.9309
vn 0.3588 0.0944 -0.9286
vn 0.7797 0.0378 -0.6250
vn 0.8951 0.0489 -0.4431
vn 0.9476 0.0920 -0.3058
vn 0.9819 0.1480 -0.1180
vn -0.6450 -0.7213 0.2523
vn -0.8633 -0.5046 -0.0016
vn -0.6751 -0.7296 0.1094
vn -0.7270 -0.4916 0.4793
vn -0.7917 -0.5992 0.1192
vn -0.6342 0.2877 0.7176
vn -0.7164 -0.3009 0.6295
vn -0.3029 0.8638 0.4026
vn -0.8674 0.4744 0.1500
vn 0.2632 0.7362 0.6235
vn -0.3494 0.6750 0.6499
vn 0.4125 0.6120 0.6748
vn 0.7373 0.4428 0.5103
vn 0.8211 0.4298 0.3755
vn 0.9091 0.1844 0.3736
vn 0.9548 -0.1526 0.2551
vn 0.9552 -0.2958 0.0040
vn -0.9379 -0.3391 -0.0735
vn -0.7959 0.1259 0.5923
vn -0.2896 0.8213 0.4916
vn -0.5273 0.5776 0.6231
vn 0.0581 0.9502 0.3061
vn 0.5499 0.7555 0.3561
vn 0.8111 0.2451 0.5311
vn -0.8782 -0.1405 -0.4572
vn -0.6918 0.2539 0.6760
vn -0.9847 -0.1536 -0.0822
vn -0.3002 0.5817 0.7560
vn -0.2555 0.7204 0.6448
vn 0.1657 0.8657 0.4723
vn 0.3590 0.7478 0.5584
vn 0.9942 0.0514 -0.0944
vn 0.6935 0.4008 0.5987
vn -0.8119 -0.1434 -0.5659
vn -0.6135 0.1652 0.7722
vn -0.9915 -0.1075 0.0737
vn -0.3381 -0.0175 0.9409
vn 0.3049 0.4065 0.8613
vn -0.0548 -0.0333 0.9979
vn 0.4380 0.5961 0.6729
vn 0.4897 0.5922 0.6399
vn -0.6391 0.0272 0.7686
vn -0.9909 -0.0049 0.1345
vn -0.4737 -0.0984 0.8752
vn 0.1286 -0.0657 0.9895
vn 0.5794 0.2075 0.7882
vn 0.5816 0.3758 0.7215
vn 0.4032 0.4690 0.7858
vn 0.8482 0.3852 0.3634
vn -0.9818 0.0463 0.1842
vn -0.4896 -0.0626 0.8697
vn -0.7072 -0.0184 0.7068
vn 0.1477 -0.0387 0.9883
vn 0.6470 -0.1197 0.7531
vn 0.7477 -0.0873 0.6582
vn 0.6974 0.1039 0.7092
vn 0.7547 0.3104 0.5779
vn -0.9836 0.0595 0.1706
vn -0.4574 -0.0296 0.8888
vn -0.7430 -0.0414 0.6681
vn 0.1493 -0.0279 0.9884
vn 0.5976 -0.0568 0.7998
vn 0.7595 -0.0722 0.6465
vn 0.8507 -0.0538 0.5229
vn -0.8961 0.0456 -0.4415
vn -0.9827 0.0886 0.1629
vn -0.4382 -0.0019 0.8989
vn -0.7603 0.0104 0.6495
vn 0.1360 -0.0308 0.9902
vn 0.5824 -0.0370 0.8121
vn 0.7517 -0.0270 0.6589
vn 0.8582 -0.0240 0.5127
vn -0.9298 0.0555 -0.3640
vn -0.9833 0.0801 0.1636
vn -0.4479 0.0057 0.8941
vn -0.7724 0.0371 0.6341
vn 0.1163 -0.0407 0.9924
vn 0.5864 -0.0445 0.8088
vn 0.7583 -0.0134 0.6518
vn 0.8526 0.0216 0.5221
vn 0.9423 0.0765 0.3259
vn -0.9508 0.0426 -0.3067
vn -0.9790 0.0637 0.1937
vn -0.4713 0.0038 0.8820
vn -0.7755 0.0435 0.6298
vn 0.0802 -0.0462 0.9957
vn 0.5870 -0.0602 0.8073
vn 0.7843 -0.0282 0.6197
vn 0.8708 0.0310 0.4907
vn 0.9594 0.0930 0.2662
vn -0.9683 0.0237 -0.2485
vn -0.7777 0.0354 0.6276
vn -0.9669 0.0512 0.2498
vn -0.5023 -0.0057 0.8647
vn 0.0403 -0.0583 0.9975
vn 0.5772 -0.0705 0.8135
vn 0.8042 -0.0446 0.5926
vn 0.8946 0.0041 0.4469
vn -0.9900 0.0102 -0.1408
vn -0.7816 0.0022 0.6238
vn -0.9553 0.0352 0.2935
vn -0.5290 -0.0244 0.8483
vn 0.0005 -0.0684 0.9977
vn 0.5618 -0.0902 0.8223
vn 0.8087 -0.0799 0.5827
vn 0.9054 -0.0578 0.4207
vn 0.9877 0.0047 0.1565
vn -0.9398 -0.1016 0.3262
vn -0.9891 -0.1270 -0.0739
vn -0.7740 -0.0915 0.6266
vn -0.5213 -0.0758 0.8500
vn -0.0134 -0.0891 0.9959
vn 0.5464 -0.1078 0.8306
vn 0.8016 -0.1038 0.5887
vn 0.9040 -0.0940 0.4170
vn 0.9908 -0.0598 0.1214
vn -0.9258 -0.1735 0.3359
vn -0.9817 -0.1876 -0.0318
vn -0.7516 -0.1659 0.6385
vn -0.5053 -0.1183 0.8548
vn -0.0769 -0.0958 0.9924
vn 0.4852 -0.1047 0.8681
vn 0.7863 -0.0989 0.6099
vn 0.9013 -0.0869 0.4245
vn 0.9950 -0.0345 0.0942
vn -0.9163 -0.1559 0.3689
vn -0.9823 -0.1857 0.0241
vn -0.7469 -0.1457 0.6487
vn -0.4783 -0.1327 0.8681
vn -0.1100 -0.1119 0.9876
vn 0.4301 -0.1068 0.8965
vn 0.7720 -0.0927 0.6289
vn 0.8975 -0.0737 0.4347
vn -0.8969 -0.1547 0.4143
vn -0.9820 -0.1742 0.0726
vn -0.7471 -0.1301 0.6518
vn -0.4809 -0.1352 0.8663
vn -0.1274 -0.1266 0.9837
vn 0.3930 -0.1114 0.9128
vn 0.7587 -0.0863 0.6457
vn 0.9026 -0.0542 0.4271
vn -0.8842 -0.1614 0.4384
vn -0.9801 -0.1676 0.1065
vn -0.7426 -0.1449 0.6539
vn -0.4955 -0.1534 0.8549
vn -0.1365 -0.1487 0.9794
vn 0.3704 -0.1202 0.9211
vn 0.7512 -0.0790 0.6553
vn 0.9200 -0.0284 0.3908
vn -0.8703 -0.2324 0.4342
vn -0.9497 -0.2989 0.0934
vn -0.7315 -0.1987 0.6522
vn -0.5081 -0.1767 0.8430
vn -0.1401 -0.1674 0.9759
vn 0.3648 -0.1371 0.9209
vn 0.7594 -0.0868 0.6449
vn 0.9420 -0.0079 0.3355
vn 0.9843 0.0790 -0.1577
vn -0.7399 -0.4995 0.4507
vn -0.6770 -0.3493 0.6478
vn -0.4585 -0.2821 0.8427
vn -0.1135 -0.2179 0.9693
vn 0.3700 -0.1749 0.9124
vn 0.7730 -0.1317 0.6206
vn 0.9627 -0.0658 0.2626
vn 0.9902 -0.0142 -0.1389
vn -0.0225 -0.7899 0.6128
vn -0.5273 -0.5215 0.6709
vn -0.4700 -0.3447 0.8126
vn -0.2268 -0.2390 0.9442
vn 0.1131 -0.1501 0.9822
vn 0.5304 -0.0964 0.8423
vn 0.8422 -0.0671 0.5349
vn 0.9800 -0.0523 0.1920
vn -0.0058 -0.6163 0.7875
vn -0.2947 -0.4571 0.8392
vn -0.2445 -0.2444 0.9384
vn -0.0336 -0.0959 0.9948
vn 0.2670 -0.0145 0.9636
vn 0.6166 0.0247 0.7869
vn 0.8689 0.0260 0.4943
vn 0.9850 0.0066 0.1727
vn 0.0105 -0.4839 0.8751
vn -0.0341 -0.3555 0.9341
vn 0.0139 -0.1492 0.9887
vn 0.1152 -0.0040 0.9933
vn 0.3490 0.0621 0.9350
vn 0.6617 0.0913 0.7442
vn 0.8811 0.0962 0.4630
vn 0.9836 0.0810 0.1614
vn 0.1455 -0.1588 0.9765
vn 0.1845 -0.0720 0.9802
vn 0.2325 0.0203 0.9724
vn 0.4113 0.0835 0.9077
vn 0.6965 0.1183 0.7077
vn 0.8961 0.1376 0.4220
vn 0.9896 0.0386 -0.1384
vn 0.9799 0.1310 0.1504
vn 0.1680 -0.0304 0.9853
vn 0.2456 -0.0098 0.9693
vn 0.3068 0.0356 0.9511
vn 0.4719 0.0876 0.8773
vn 0.7367 0.1352 0.6625
vn 0.9105 0.1535 0.3838
vn 0.9868 0.0947 -0.1311
vn 0.9790 0.1603 0.1261
vn 0.0396 0.0303 0.9988
vn 0.1707 0.0167 0.9852
vn 0.2732 0.0242 0.9616
vn 0.3486 0.0434 0.9363
vn 0.5340 0.1105 0.8382
vn 0.7725 0.1502 0.6170
vn 0.9249 0.1684 0.3407
vn 0.9822 0.1374 -0.1279
vn 0.9824 0.1639 0.0902
vn 0.7596 -0.6502 -0.0166
vn 0.9131 -0.4070 -0.0239
vn 0.7630 -0.5974 -0.2467
vn 0.9568 -0.2766 -0.0900
vn 0.4939 -0.1004 -0.8637
vn 0.9007 -0.1800 -0.3954
vn -0.2342 0.0788 -0.9690
vn 0.4300 0.0015 -0.9028
vn -0.2947 0.0666 -0.9533
vn -0.8085 0.0725 -0.5840
vn -0.8086 -0.1735 -0.5621
vn -0.9733 0.0267 -0.2279
vn -0.9542 -0.2762 -0.1154
vn -0.9723 -0.1932 -0.1314
vn -0.8914 -0.4530 0.0161
vn -0.9344 -0.3550 -0.0315
vn 0.9848 0.0580 -0.1638
vn 0.9022 0.0901 -0.4219
vn -0.1858 0.1623 -0.9691
vn 0.4275 0.0810 -0.9004
vn -0.7533 0.2336 -0.6148
vn -0.9125 0.1832 -0.3658
vn -0.9160 -0.1093 -0.3861
vn -0.9419 -0.3294 -0.0660
vn 0.8609 -0.1595 -0.4832
vn 0.9636 -0.0032 -0.2674
vn 0.9009 0.0213 -0.4335
vn 0.4175 0.0579 -0.9068
vn -0.7404 0.1466 -0.6560
vn -0.2559 0.0526 -0.9653
vn -0.8368 0.0328 -0.5465
vn -0.8187 -0.1693 -0.5486
vn 0.7797 -0.1576 -0.6060
vn 0.9439 -0.0615 -0.3245
vn 0.8906 -0.0319 -0.4538
vn -0.2684 0.0290 -0.9629
vn 0.4328 0.0131 -0.9014
vn -0.7102 0.0710 -0.7004
vn -0.7236 -0.0827 -0.6853
vn -0.8138 -0.1226 -0.5681
vn -0.9606 0.2512 0.1193
vn 0.7692 -0.1063 -0.6301
vn 0.9249 -0.0642 -0.3748
vn 0.8781 -0.0241 -0.4779
vn -0.2587 0.0172 -0.9658
vn 0.4478 0.0079 -0.8941
vn -0.6494 0.0176 -0.7602
vn -0.6220 -0.1244 -0.7731
vn -0.9014 -0.0085 -0.4329
vn -0.8034 0.4003 0.4408
vn 0.9078 -0.0587 -0.4154
vn 0.8636 -0.0169 -0.5039
vn -0.2139 0.0146 -0.9767
vn 0.4580 0.0137 -0.8889
vn -0.5587 -0.0371 -0.8286
vn -0.5818 -0.1271 -0.8033
vn -0.9692 0.0421 -0.2427
vn -0.7483 0.2221 0.6251
vn 0.8443 -0.0182 -0.5356
vn 0.8994 -0.0525 -0.4339
vn 0.8433 -0.0086 -0.5373
vn -0.1236 0.0168 -0.9922
vn 0.4666 0.0305 -0.8839
vn -0.4773 -0.0732 -0.8757
vn -0.6307 -0.0554 -0.7740
vn -0.9858 0.1014 -0.1336
vn 0.8917 0.0263 -0.4520
vn 0.9021 -0.0343 -0.4302
vn 0.4639 0.0234 -0.8856
vn 0.8192 -0.0038 -0.5735
vn -0.0219 0.0257 -0.9994
vn -0.4264 -0.0399 -0.9037
vn -0.7326 0.0413 -0.6794
vn -0.9785 0.1836 -0.0940
vn 0.9287 0.0386 -0.3689
vn 0.9089 0.0004 -0.4171
vn 0.4724 0.0578 -0.8795
vn 0.8090 0.0387 -0.5866
vn 0.0226 0.0651 -0.9976
vn -0.4204 0.0595 -0.9054
vn -0.8065 0.1200 -0.5790
vn -0.9820 0.1766 -0.0663
vn -0.9329 0.0871 0.3494
vn 0.9503 0.0292 -0.3100
vn 0.7889 0.0644 -0.6112
vn 0.9048 0.0123 -0.4257
vn 0.4885 0.1406 -0.8612
vn 0.0435 0.1455 -0.9884
vn -0.4323 0.1602 -0.8874
vn -0.8262 0.1893 -0.5306
vn -0.9863 0.1511 -0.0662
vn -0.9541 0.0795 0.2886
vn 0.9007 0.0203 -0.4340
vn 0.7481 0.1104 -0.6543
vn 0.4932 0.1628 -0.8545
vn 0.0608 0.1498 -0.9868
vn -0.4373 0.2115 -0.8741
vn -0.8330 0.2055 -0.5138
vn -0.9845 0.1426 -0.1025
vn -0.9673 0.0639 0.2453
vn 0.8761 0.0028 -0.4821
vn 0.9871 0.0050 -0.1600
vn 0.7115 0.0412 -0.7014
vn 0.5374 0.0623 -0.8410
vn 0.1072 0.1621 -0.9809
vn -0.4765 0.2201 -0.8512
vn -0.8104 0.1693 -0.5609
vn -0.9839 0.0637 -0.1668
vn -0.9808 -0.0063 0.1952
vn 0.8763 -0.0988 -0.4716
vn 0.7826 -0.1020 -0.6141
vn 0.4556 -0.0486 -0.8888
vn -0.0725 0.2442 -0.9670
vn -0.4473 0.3447 -0.8253
vn -0.7223 0.1980 -0.6627
vn -0.9714 0.0043 -0.2376
vn 0.9026 -0.1879 -0.3873
vn 0.9798 -0.1875 -0.0693
vn 0.7892 -0.2005 -0.5806
vn 0.3082 -0.0029 -0.9513
vn -0.2868 0.2427 -0.9267
vn -0.4345 0.2971 -0.8502
vn -0.4892 0.3037 -0.8176
vn -0.9244 0.0765 -0.3737
vn -0.9863 -0.0464 0.1582
vn 0.9267 -0.1898 -0.3243
vn 0.9823 -0.1861 -0.0201
vn 0.7613 -0.1625 -0.6277
vn 0.2131 0.0229 -0.9768
vn -0.2563 0.0956 -0.9618
vn -0.4709 0.0346 -0.8815
vn -0.5342 0.1532 -0.8314
vn -0.8395 0.1503 -0.5221
vn 0.9412 -0.1729 -0.2902
vn 0.9845 -0.1746 0.0191
vn 0.7186 -0.1356 -0.6821
vn 0.2330 -0.0072 -0.9725
vn -0.1476 -0.0628 -0.9871
vn -0.4567 -0.0544 -0.8879
vn -0.6766 0.0124 -0.7362
vn -0.8189 0.1087 -0.5635
vn -0.9942 -0.0161 0.1066
vn 0.9431 -0.1487 -0.2975
vn 0.9851 -0.1651 0.0475
vn 0.7258 -0.0936 -0.6815
vn 0.2657 -0.0673 -0.9617
vn -0.0714 -0.0993 -0.9925
vn -0.4833 -0.0600 -0.8734
vn -0.7416 -0.0178 -0.6706
vn -0.8433 0.0761 -0.5320
vn -0.9996 0.0128 0.0238
vn 0.9274 -0.1964 -0.3183
vn 0.9523 -0.3017 0.0453
vn 0.7275 -0.1268 -0.6743
vn 0.3185 -0.1212 -0.9401
vn -0.0509 -0.1134 -0.9922
vn -0.4934 -0.0733 -0.8667
vn -0.7744 -0.0310 -0.6320
vn -0.8831 0.0557 -0.4659
vn -0.9948 0.0768 -0.0674
vn 0.8260 -0.4009 -0.3963
vn 0.0040 -0.9993 0.0377
vn 0.6883 -0.2734 -0.6719
vn 0.3246 -0.2481 -0.9127
vn -0.0590 -0.2128 -0.9753
vn -0.5125 -0.1514 -0.8452
vn -0.8018 -0.0893 -0.5909
vn -0.9170 -0.0368 -0.3971
vn 0.6076 -0.4408 -0.6607
vn 0.4312 -0.3280 -0.8405
vn 0.1068 -0.2993 -0.9482
vn -0.2849 -0.2283 -0.9310
vn -0.6590 -0.1303 -0.7407
vn -0.8394 -0.0955 -0.5351
vn -0.9352 -0.0795 -0.3451
vn 0.0427 -0.6514 -0.7576
vn 0.3568 -0.4972 -0.7909
vn 0.2463 -0.3842 -0.8898
vn -0.0847 -0.3041 -0.9489
vn -0.4692 -0.1915 -0.8621
vn -0.7296 -0.0980 -0.6768
vn -0.8499 -0.0631 -0.5231
vn -0.9975 -0.0330 -0.0628
vn -0.9430 -0.0513 -0.3287
vn 0.1609 -0.5183 -0.8399
vn 0.0462 -0.4061 -0.9127
vn -0.2797 -0.2729 -0.9205
vn -0.5753 -0.1449 -0.8050
vn -0.8648 -0.0146 -0.5019
vn -0.7732 -0.0680 -0.6305
vn -0.9449 0.0218 -0.3265
vn -0.9972 0.0436 -0.0602
vn 0.0519 -0.3771 -0.9247
vn -0.1139 -0.2806 -0.9530
vn -0.6445 -0.1128 -0.7562
vn -0.4066 -0.1890 -0.8939
vn -0.8082 -0.0388 -0.5877
vn -0.8873 0.0278 -0.4603
vn -0.9467 0.0830 -0.3111
vn -0.9908 0.1187 -0.0653
vn -0.0027 -0.0988 -0.9951
vn -0.4372 -0.0451 -0.8982
vn -0.1751 -0.0625 -0.9826
vn -0.6777 -0.0094 -0.7353
vn -0.8240 0.0314 -0.5657
vn -0.9072 0.0626 -0.4161
vn -0.9543 0.1206 -0.2733
vn -0.9844 0.1665 -0.0565
vn -0.0170 0.1062 -0.9942
vn -0.1384 0.1298 -0.9818
vn -0.3931 0.1009 -0.9139
vn -0.6717 0.0536 -0.7389
vn -0.8305 0.0509 -0.5546
vn -0.9143 0.0839 -0.3963
vn -0.9673 0.1296 -0.2182
vn 0.9832 0.1525 -0.0999
vn 0.9824 0.1638 0.0902
vn 0.9819 0.1480 -0.1179
vn 0.9842 0.1489 0.0953
vn 0.9250 0.1684 0.3407
vn 0.7755 0.1549 0.6120
vn 0.5539 0.1238 0.8233
vn 0.3709 0.0555 0.9270
vn 0.2749 0.0353 0.9608
vn 0.2733 0.0242 0.9616
vn 0.1654 0.0443 0.9852
vn 0.0338 0.0575 0.9978
vn -0.0929 0.0345 0.9951
vn -0.0927 0.0610 0.9938
vn -0.2042 0.0613 0.9770
vn -0.2976 0.0638 0.9525
vn -0.6571 0.1632 0.7359
vn -0.6425 0.1556 0.7503
vn -0.8576 0.1892 0.4783
vn -0.8523 0.1889 0.4878
vn -0.9568 0.1983 0.2124
vn -0.9815 0.1902 -0.0234
vn -0.9594 0.1728 0.2227
vn -0.9835 0.1805 -0.0116
vn -0.9571 0.1678 0.2361
vn -0.6756 0.7372 -0.0093
vn -0.9915 0.1299 0.0114
vn -0.5670 0.7574 0.3238
vn -0.8563 0.1941 0.4787
vn -0.4296 0.7499 0.5031
vn -0.6672 0.1896 0.7203
vn -0.6645 0.1818 0.7249
vn -0.8588 0.1926 0.4747
vn -0.2814 0.7445 0.6054
vn -0.4648 0.1639 0.8701
vn -0.4443 0.1043 0.8898
vn -0.3247 0.1026 0.9402
vn -0.4544 0.1401 0.8797
vn -0.1930 0.0667 0.9789
vn -0.1885 0.7204 0.6675
vn -0.0401 0.7258 0.6867
vn -0.0818 0.1012 0.9915
vn -0.0929 0.0913 0.9915
vn -0.1961 0.0682 0.9782
vn 0.0307 0.7293 0.6835
vn 0.0290 0.1116 0.9933
vn 0.0276 0.0940 0.9952
vn 0.0892 0.7223 0.6858
vn 0.1419 0.1061 0.9842
vn 0.2634 0.0526 0.9632
vn 0.4042 0.1124 0.9077
vn 0.1680 0.6967 0.6974
vn 0.2655 0.0542 0.9626
vn 0.3617 0.7378 0.5699
vn 0.5672 0.1592 0.8080
vn 0.5636 0.1339 0.8151
vn 0.5269 0.7378 0.4219
vn 0.7820 0.1686 0.6000
vn 0.7794 0.1603 0.6057
vn 0.9229 0.1973 0.3305
vn 0.9800 0.1692 0.1044
vn 0.6150 0.7585 0.2154
vn 0.9258 0.1743 0.3353
vn 0.9264 0.1666 0.3378
vn 0.9889 0.1215 -0.0850
vn 0.6580 0.7514 0.0497
vn 0.9818 0.1629 0.0978
vn -0.9730 0.1268 -0.1931
vn -0.9215 0.0779 -0.3806
vn -0.8325 0.0311 -0.5532
vn -0.6716 0.0536 -0.7389
vn -0.6508 0.0802 -0.7550
vn -0.3467 0.1800 -0.9205
vn -0.1211 0.2218 -0.9675
vn -0.0170 0.1063 -0.9942
vn -0.0239 0.2010 -0.9793
vn -0.0065 0.1824 -0.9832
vn 0.0095 0.0896 -0.9959
vn 0.0188 0.1893 -0.9817
vn 0.1089 0.2036 -0.9730
vn 0.3222 0.1795 -0.9295
vn 0.6012 0.0508 -0.7974
vn 0.5712 0.0796 -0.8169
vn 0.7749 0.0388 -0.6309
vn 0.8951 0.0490 -0.4432
vn 0.9554 0.1021 -0.2770
vn 0.9868 0.1333 -0.0918
vn 0.9832 0.1525 -0.1000
vn 0.9588 0.1266 -0.2543
vn 0.6802 0.7287 -0.0803
vn 0.8996 0.0991 -0.4254
vn 0.6472 0.7392 -0.1861
vn 0.5030 0.7136 -0.4876
vn 0.7433 0.1288 -0.6565
vn 0.7607 0.0929 -0.6424
vn 0.9020 0.0548 -0.4282
vn 0.9601 0.1096 -0.2572
vn 0.3119 0.7275 -0.6111
vn 0.4908 0.1912 -0.8501
vn 0.5342 0.1501 -0.8319
vn 0.2446 0.2843 -0.9270
vn 0.2745 0.2357 -0.9323
vn 0.0438 0.7579 -0.6509
vn 0.1106 0.2420 -0.9640
vn 0.0015 0.7588 -0.6514
vn 0.0337 0.2366 -0.9710
vn 0.0250 0.2211 -0.9749
vn 0.1049 0.2361 -0.9661
vn 0.0097 0.7513 -0.6599
vn 0.0337 0.2365 -0.9710
vn -0.0043 0.2061 -0.9785
vn -0.0064 0.2131 -0.9770
vn 0.0118 0.7563 -0.6541
vn -0.0343 0.2201 -0.9749
vn -0.0289 0.2260 -0.9737
vn -0.0416 0.7671 -0.6402
vn -0.1144 0.2516 -0.9610
vn -0.1633 0.7618 -0.6269
vn -0.2866 0.2568 -0.9230
vn -0.3008 0.2350 -0.9243
vn -0.1126 0.2470 -0.9625
vn -0.3424 0.7517 -0.5636
vn -0.5544 0.2229 -0.8018
vn -0.6075 0.1596 -0.7781
vn -0.8049 0.0646 -0.5899
vn -0.6440 0.7223 -0.2521
vn -0.9331 0.1014 -0.3450
vn -0.9755 0.1432 -0.1671
vn -0.9765 0.1271 -0.1740
vn -0.9290 0.0827 -0.3608
vn -0.9915 0.1299 0.0113
vn -0.6526 0.7449 -0.1386
vn -0.9899 0.1420 0.0018
vn 0.0117 0.7563 -0.6541
vn 0.0066 0.9999 -0.0154
vn 0.1391 0.7786 -0.6119
vn 0.0438 0.7580 -0.6508
vn 0.6171 0.7195 -0.3186
vn 0.0066 0.9999 -0.0155
vn -0.5688 0.6953 -0.4393
vn 0.0067 0.9999 -0.0155
vn -0.6428 0.7522 0.1452
vn 0.6801 0.7287 -0.0803
vn 0.0067 0.9999 -0.0154
vn -0.1125 0.7077 0.6976
vn 0.2448 0.7228 0.6463
vn 0.3120 0.7275 -0.6111
vn -0.8204 0.0540 -0.5693
vn 0.9022 0.0905 -0.4216
vn 0.9868 0.1334 -0.0917
vn 0.3916 0.0834 0.9163
vn 0.1540 0.0876 0.9842
vn -0.3116 0.0856 0.9464
vn -0.9899 0.1420 0.0019
vn 0.5495 -0.7492 -0.3699
vn -0.1231 -0.9085 0.3993
vn 0.2312 -0.6302 -0.7412
vn -0.1638 -0.9735 0.1594
vn 0.6393 -0.6802 0.3586
vn -0.1577 -0.9023 0.4013
vn 0.5575 -0.4087 0.7226
vn -0.3410 -0.9400 -0.0100
vn -0.6840 -0.7147 0.1462
vn -0.3591 -0.9241 -0.1306
vn 0.2275 -0.9132 0.3382
vn 0.5416 -0.8240 0.1665
vn -0.5889 -0.2817 0.7576
vn 0.2161 -0.9744 0.0616
vn -0.2124 0.0862 0.9734
vn 0.3989 -0.9156 0.0506
vn -0.6646 -0.6864 0.2953
vn -0.6590 -0.7413 0.1270
vn 0.6118 -0.7897 0.0455
vn 0.6409 -0.7498 0.1647
vn 0.5194 -0.8545 -0.0087
vn -0.3634 -0.8987 0.2456
vn 0.6848 -0.5948 0.4210
vn -0.1109 -0.8111 0.5742
vn 0.4390 -0.7338 0.5185
vn -0.7156 -0.6038 0.3513
vn -0.3579 -0.6040 -0.7121
vn 0.2550 -0.2364 0.9376
vn 0.3044 -0.9105 0.2800
vn -0.2756 -0.9613 0.0040
vn 0.6381 -0.6967 0.3278
vn -0.5662 -0.8152 0.1220
vn 0.6250 -0.7692 0.1332
vn 0.6699 -0.7401 0.0591
vn 0.6447 -0.6490 0.4039
vn 0.6883 -0.5653 0.4546
vn 0.3982 -0.8155 0.4200
vn 0.6311 -0.7282 0.2670
vn -0.1927 -0.8457 0.4977
vn 0.1816 -0.9802 0.0786
vn -0.2475 -0.9688 0.0128
vn -0.4995 -0.8241 0.2670
vn -0.5788 -0.7952 0.1806
vn -0.6233 -0.7678 0.1482
vn -0.7152 -0.5897 0.3752
vn -0.6486 -0.7395 0.1803
vn 0.6608 -0.7228 0.2020
vn -0.6797 -0.6310 0.3739
vn -0.4539 -0.7092 0.5394
vn 0.6356 -0.7262 0.2620
vn -0.6123 -0.3531 0.7074
vn 0.1829 -0.9756 0.1216
vn -0.6285 -0.7778 -0.0019
vn 0.2999 -0.9539 0.0096
vn -0.5336 -0.8449 -0.0380
vn 0.3975 -0.8895 0.2256
vn 0.5461 -0.8345 0.0739
vn -0.2950 -0.1123 0.9489
vn -0.3099 -0.9489 0.0600
vn 0.1743 0.0783 0.9816
vn -0.2508 -0.6180 -0.7451
vn -0.2371 -0.9069 0.3482
vn 0.1441 -0.8937 0.4249
vn 0.0636 -0.8356 0.5457
vn -0.6571 -0.6879 0.3082
vn -0.6975 -0.6034 0.3865
vn -0.3327 -0.8864 0.3220
vn 0.6685 -0.5788 0.4670
vn -0.5596 -0.8169 0.1398
vn 0.3607 -0.9259 -0.1124
vn -0.3887 -0.9206 0.0388
vn 0.6354 -0.7613 0.1292
vn -0.6457 -0.6853 0.3368
vn -0.6580 -0.7411 0.1334
vn 0.2394 -0.9709 0.0098
vn -0.5339 -0.7653 -0.3595
vn 0.6262 -0.6939 0.3556
vn 0.5336 -0.3071 0.7880
vn 0.3588 -0.6498 -0.6700
vn 0.1890 -0.9136 0.3600
vn 0.2270 -0.8354 0.5005
vn -0.2869 -0.9558 0.0649
vn 0.5209 -0.8279 0.2080
vn 0.5481 -0.8062 0.2230
vn 0.1370 -0.9906 -0.0005
vn 0.6331 -0.7678 0.0987
vn 0.6710 -0.5633 0.4822
vn 0.6406 -0.7457 0.1831
vn 0.6671 -0.5901 0.4547
vn -0.6835 -0.7105 0.1674
vn -0.6867 -0.7269 0.0057
vn -0.6695 -0.6397 0.3774
vn -0.6287 -0.7715 0.0970
vn -0.6695 -0.7080 0.2246
vn -0.7066 -0.5728 0.4155
vn -0.3949 -0.8146 0.4247
vn 0.0185 -0.9345 0.3554
vn -0.0448 -0.9347 0.3526
vn -0.3886 -0.9206 0.0388
vn -0.5338 -0.7654 -0.3596
vn -0.2507 -0.6180 -0.7451
vn 0.2999 -0.9539 0.0097
vn -0.4538 -0.7092 0.5395
vn -0.3326 -0.8864 0.3220
vn 0.1744 0.0783 0.9816
vn 0.0636 -0.8356 0.5456
vn 0.1828 -0.9756 0.1217
vn 0.4389 -0.7338 0.5185
vn 0.5576 -0.4087 0.7226
vn 0.2550 -0.2363 0.9376
vn -0.5889 -0.2816 0.7576
vn -0.1109 -0.8111 0.5743
vn -0.1577 -0.9022 0.4014
vn 0.3988 -0.9156 0.0506
vn 0.3043 -0.9105 0.2800
vn 0.5193 -0.8545 -0.0087
vn 0.5495 -0.7492 -0.3698
vn 0.2313 -0.6302 -0.7412
vn -0.3579 -0.6039 -0.7121
vn -0.3591 -0.9241 -0.1305
vn -0.9952 0.0971 -0.0138
vn -0.9808 0.0828 -0.1765
vn -0.9786 0.0869 -0.1863
vn -0.9293 0.0549 -0.3653
vn -0.9237 0.0869 -0.3731
vn -0.7537 0.0472 -0.6555
vn -0.7594 0.1306 -0.6374
vn -0.4411 0.1435 -0.8859
vn -0.4678 0.2040 -0.8600
vn -0.2007 0.2324 -0.9517
vn -0.2245 0.2785 -0.9338
vn -0.0953 0.2685 -0.9585
vn -0.1048 0.2984 -0.9487
vn -0.0355 0.2823 -0.9587
vn -0.0352 0.2958 -0.9546
vn -0.0040 0.2819 -0.9594
vn -0.0021 0.2899 -0.9571
vn 0.0180 0.2816 -0.9594
vn 0.0206 0.2907 -0.9566
vn 0.0924 0.2753 -0.9569
vn 0.0986 0.2871 -0.9528
vn 0.2359 0.2756 -0.9319
vn 0.2019 0.2357 -0.9506
vn 0.4550 0.2057 -0.8664
vn 0.4145 0.1210 -0.9020
vn 0.7395 0.0923 -0.6668
vn 0.7369 0.0313 -0.6753
vn 0.9191 0.0849 -0.3848
vn 0.9274 0.0679 -0.3679
vn 0.9767 0.0879 -0.1958
vn 0.9782 0.0891 -0.1877
vn 0.9947 0.0998 -0.0248
vn 0.9772 0.1177 -0.1766
vn 0.9939 0.1089 -0.0144
vn 0.6678 0.7443 -0.0004
vn 0.9904 0.1384 -0.0023
vn 0.6106 0.7466 -0.2639
vn 0.9319 0.1033 -0.3476
vn 0.5235 0.6761 -0.5185
vn 0.7398 0.0600 -0.6702
vn 0.3814 0.0851 -0.9205
vn 0.1570 0.1586 -0.9748
vn 0.2510 0.6902 -0.6787
vn 0.0712 0.2199 -0.9729
vn 0.0821 0.7418 -0.6656
vn 0.0148 0.2415 -0.9703
vn 0.0094 0.7589 -0.6511
vn -0.0045 0.2464 -0.9692
vn -0.0129 0.7663 -0.6423
vn -0.0285 0.2367 -0.9712
vn -0.0046 0.7695 -0.6386
vn -0.0742 0.2072 -0.9755
vn -0.0008 0.7611 -0.6486
vn -0.1064 0.7387 -0.6656
vn -0.1705 0.1614 -0.9720
vn -0.2798 0.6837 -0.6740
vn -0.4141 0.0881 -0.9060
vn -0.7531 0.0370 -0.6569
vn -0.9366 0.0922 -0.3380
vn -0.5459 0.6643 -0.5106
vn -0.9799 0.1123 -0.1651
vn -0.6264 0.7384 -0.2498
vn -0.6711 0.7414 -0.0025
vn -0.9909 0.1346 0.0041
vn -0.9946 0.1037 -0.0071
vn -0.4722 -0.8815 0.0040
vn -0.8751 -0.4538 -0.1681
vn -0.4616 -0.8835 -0.0796
vn -0.9036 -0.4283 -0.0125
vn -0.9746 0.1175 -0.1905
vn -0.9903 0.1374 -0.0215
vn -0.9786 0.0870 -0.1863
vn -0.9252 0.1084 -0.3636
vn -0.7594 0.1307 -0.6374
vn -0.7768 0.1414 -0.6137
vn -0.8233 -0.4692 -0.3193
vn -0.7259 -0.4350 -0.5327
vn -0.4373 -0.8844 -0.1631
vn -0.3948 -0.8799 -0.2644
vn -0.3165 -0.8656 -0.3880
vn -0.3138 -0.3561 -0.8802
vn -0.2255 -0.8440 -0.4866
vn -0.5416 -0.3650 -0.7573
vn -0.2589 0.2591 -0.9305
vn -0.5169 0.2148 -0.8287
vn -0.1140 0.2727 -0.9553
vn -0.1048 0.2983 -0.9487
vn -0.0324 0.2661 -0.9634
vn -0.1662 -0.3519 -0.9212
vn -0.0656 -0.3536 -0.9331
vn -0.1387 -0.8292 -0.5415
vn -0.0760 -0.8200 -0.5673
vn 0.8810 -0.4412 -0.1706
vn 0.4844 -0.8748 0.0044
vn 0.4747 -0.8765 -0.0800
vn 0.9732 0.1199 -0.1964
vn 0.9051 -0.4250 -0.0154
vn 0.9912 0.1292 -0.0303
vn 0.9166 0.1108 -0.3840
vn 0.7395 0.0924 -0.6668
vn 0.7675 0.1628 -0.6200
vn 0.8298 -0.4499 -0.3303
vn 0.7432 -0.4053 -0.5323
vn 0.4534 -0.8766 -0.1615
vn 0.4057 -0.8756 -0.2622
vn 0.3144 -0.3530 -0.8812
vn 0.3243 -0.8656 -0.3815
vn 0.2290 -0.8468 -0.4801
vn 0.5396 -0.3600 -0.7611
vn 0.2553 0.2663 -0.9295
vn 0.5014 0.2484 -0.8288
vn 0.4551 0.2058 -0.8664
vn 0.1076 0.2593 -0.9598
vn 0.0254 0.2610 -0.9650
vn 0.1550 -0.3654 -0.9179
vn 0.0564 -0.3581 -0.9320
vn 0.1308 -0.8321 -0.5389
vn 0.0612 -0.8225 -0.5654
vn -0.0065 -0.3638 -0.9314
vn -0.0080 -0.8158 -0.5783
vn -0.0009 0.2597 -0.9657
vn -0.0010 0.2597 -0.9657
vn 0.0206 0.2906 -0.9566
vn -0.0021 0.2898 -0.9571
vn 0.9939 0.1089 -0.0143
vn 0.9757 0.1178 0.1848
vn 0.9744 0.1235 0.1880
vn 0.8957 0.1079 0.4314
vn 0.8908 0.1117 0.4404
vn 0.7176 0.1122 0.6874
vn 0.7095 0.1148 0.6953
vn 0.5132 0.0903 0.8535
vn 0.5211 0.0879 0.8489
vn 0.3650 0.0806 0.9275
vn 0.3842 0.0334 0.9226
vn 0.2359 0.0563 0.9701
vn 0.2555 -0.0182 0.9666
vn 0.1097 0.0394 0.9932
vn 0.1091 -0.0286 0.9936
vn -0.0004 0.0398 0.9992
vn -0.1019 -0.0314 0.9943
vn -0.1040 0.0402 0.9938
vn -0.2477 -0.0295 0.9684
vn -0.2285 0.0569 0.9719
vn -0.3810 0.0338 0.9240
vn -0.3470 0.0928 0.9333
vn -0.5019 0.0963 0.8595
vn -0.4993 0.1079 0.8597
vn -0.7023 0.1112 0.7031
vn -0.7136 0.1024 0.6930
vn -0.8851 0.1101 0.4522
vn -0.8886 0.1064 0.4462
vn -0.9730 0.1176 0.1988
vn -0.9743 0.1100 0.1966
vn -0.9952 0.0971 -0.0137
vn -0.9656 0.1632 0.2022
vn -0.6453 0.7513 0.1380
vn -0.9909 0.1346 0.0042
vn -0.5883 0.7513 0.2991
vn -0.8764 0.1747 0.4487
vn -0.4743 0.7420 0.4738
vn -0.6969 0.1536 0.7005
vn -0.5281 0.0979 0.8435
vn -0.2700 0.7030 0.6580
vn -0.4100 0.0374 0.9113
vn -0.1762 0.6879 0.7041
vn -0.2566 0.0105 0.9665
vn -0.1075 -0.0182 0.9940
vn -0.0004 0.6803 0.7329
vn 0.0027 -0.0253 0.9997
vn 0.0004 -0.0253 0.9997
vn 0.0752 0.6832 0.7264
vn 0.1118 -0.0132 0.9936
vn 0.1710 0.6904 0.7029
vn 0.2648 0.0077 0.9643
vn 0.4120 0.0459 0.9100
vn 0.3619 0.7238 0.5875
vn 0.5382 0.1031 0.8365
vn 0.4783 0.7417 0.4702
vn 0.7110 0.1470 0.6876
vn 0.5858 0.7530 0.2998
vn 0.8779 0.1767 0.4450
vn 0.9678 0.1617 0.1931
vn 0.9904 0.1385 -0.0022
vn 0.6431 0.7538 0.1346
vn 0.0956 -0.8504 0.5174
vn 0.0046 -0.4298 0.9029
vn 0.0015 -0.8457 0.5337
vn 0.1656 -0.8569 0.4881
vn 0.1211 -0.4282 0.8956
vn 0.0028 0.1179 0.9930
vn 0.2431 -0.4390 0.8650
vn 0.1054 0.1165 0.9876
vn -0.0004 0.0399 0.9992
vn 0.2273 0.1162 0.9669
vn 0.5162 0.1403 0.8449
vn 0.3637 0.1247 0.9231
vn 0.7180 0.1463 0.6805
vn 0.8923 0.1445 0.4276
vn 0.9757 0.1178 0.1847
vn 0.9748 0.1382 0.1753
vn 0.8952 -0.4132 0.1672
vn 0.4788 -0.8727 0.0959
vn 0.2368 -0.8602 0.4516
vn 0.3087 -0.8626 0.4009
vn 0.3622 -0.4452 0.8189
vn 0.5154 -0.4051 0.7552
vn 0.3923 -0.8661 0.3096
vn 0.6912 -0.3971 0.6038
vn 0.4502 -0.8705 0.1988
vn 0.8258 -0.4134 0.3836
vn 0.0027 0.1179 0.9930
vn -0.1041 0.0403 0.9938
vn -0.0974 0.1267 0.9872
vn -0.2284 0.0569 0.9719
vn -0.2167 0.1282 0.9678
vn -0.3454 0.1299 0.9294
vn -0.5024 0.1518 0.8512
vn -0.7151 0.1638 0.6796
vn -0.8827 0.1588 0.4423
vn -0.9706 0.1523 0.1867
vn -0.8932 -0.4114 0.1815
vn -0.4668 -0.8783 0.1034
vn -0.4722 -0.8815 0.0041
vn -0.1134 -0.4242 0.8984
vn -0.1589 -0.8570 0.4902
vn -0.0934 -0.8501 0.5182
vn -0.2325 -0.4336 0.8706
vn -0.2259 -0.8606 0.4564
vn -0.3479 -0.4406 0.8276
vn -0.2949 -0.8641 0.4078
vn -0.4960 -0.4044 0.7684
vn -0.3766 -0.8691 0.3206
vn -0.6891 -0.3801 0.6169
vn -0.4392 -0.8737 0.2091
vn -0.8232 -0.4018 0.4011
vn 0.0045 -0.4297 0.9029
vn 0.5720 0.7682 -0.2876
vn -0.0004 0.6803 0.7330
vn 0.0857 0.7528 -0.6527
vn -0.0796 0.6827 0.7263
vn -0.4909 0.7648 -0.4172
vn -0.4018 0.7578 -0.5140
vn 0.0752 0.6831 0.7264
vn -0.2104 0.7574 -0.6181
vn -0.0965 0.7532 -0.6507
vn 0.6679 0.7443 -0.0003
vn -0.6520 0.7521 0.0962
vn -0.6572 0.7536 -0.0136
vn 0.1985 0.7593 -0.6197
vn 0.2715 0.7084 0.6515
vn -0.3187 0.7524 -0.5765
vn -0.2287 0.7859 0.5746
vn 0.2511 0.6901 -0.6788
vn 0.6575 0.7424 -0.1285
vn -0.6313 0.7549 0.1776
vn -0.6454 0.7513 0.1380
vn 0.6517 0.7580 -0.0258
vn -0.6712 0.7413 -0.0025
vn 0.4784 0.7417 0.4702
vn -0.5792 0.7653 -0.2808
vn -0.4771 0.8069 0.3483
vn 0.5236 0.6760 -0.5186
vn 0.1711 0.6903 0.7030
vn 0.0232 0.7426 0.6694
vn -0.0031 0.7380 0.6748
vn 0.6432 0.7538 0.1345
vn -0.6410 0.7548 -0.1395
vn 0.0095 0.7589 -0.6512
vn -0.0937 0.7618 0.6410
vn 0.6107 0.7466 -0.2640
vn -0.0290 0.7409 0.6710
vn -0.0128 0.7663 -0.6424
vn 0.5858 0.7529 0.2998
vn 0.6502 0.7553 0.0823
vn -0.6622 0.7383 -0.1276
vn 0.4744 0.8112 0.3419
vn 0.2342 0.7855 0.5728
vn -0.0008 0.7611 -0.6487
vn 0.0571 0.7485 0.6607
vn -0.0651 0.7484 0.6601
vn -0.1065 0.7386 -0.6656
vn 0.0925 0.7610 0.6421
vn -0.6265 0.7383 -0.2497
vn -0.5459 0.6642 -0.5106
vn -0.0247 0.7530 -0.6576
vn 0.6291 0.7582 0.1715
vn -0.2701 0.7029 0.6580
vn 0.3888 0.7608 -0.5197
vn -0.3723 0.7191 0.5867
vn 0.6336 0.7597 -0.1463
vn 0.4786 0.7669 -0.4276
vn -0.0050 0.7501 -0.6613
vn 0.3076 0.7527 -0.5821
vn 0.0567 0.7331 0.6777
vn 0.0242 0.7391 0.6731
vn 0.0884 0.7271 -0.6808
vn 0.0903 0.7222 0.6858
vn -0.2182 0.7220 -0.6566
vn -0.0987 0.7258 -0.6808
vn 0.5570 0.7006 0.4460
vn 0.2645 0.7122 0.6503
vn -0.3282 0.7235 -0.6073
vn -0.5350 0.7042 -0.4668
vn -0.4224 0.7146 -0.5575
vn 0.6676 0.7185 0.1949
vn -0.7031 0.7109 -0.0136
vn 0.6889 0.7191 0.0916
vn -0.6929 0.7133 0.1058
vn -0.6393 0.7024 -0.3129
vn 0.6992 0.7144 -0.0250
vn -0.6731 0.7103 0.2058
vn -0.6886 0.7095 -0.1501
vn 0.6843 0.7119 -0.1579
vn -0.2549 0.7076 0.6590
vn 0.6312 0.7071 -0.3188
vn -0.5513 0.7011 0.4523
vn 0.4109 0.7149 -0.5658
vn -0.0902 0.7250 0.6828
vn 0.5232 0.7078 -0.4746
vn -0.0659 0.7342 0.6757
vn 0.3171 0.7264 -0.6097
vn -0.0030 0.7426 0.6697
vn 0.2073 0.7217 -0.6605
vn -0.0307 0.7408 0.6710
vn -0.0047 0.7292 -0.6843
vn -0.0063 0.9999 -0.0092
vn -0.3080 -0.0070 0.9514
vn -0.7098 -0.1772 0.6818
vn -0.2866 -0.0677 0.9556
vn 0.9446 0.1352 0.2991
vn 0.6583 0.1732 0.7325
vn 0.9258 0.2397 0.2923
vn 0.6630 0.1122 0.7402
vn 0.2144 0.0605 0.9749
vn -0.7392 0.1277 0.6613
vn -0.9675 -0.1160 0.2246
vn -0.7340 -0.0708 0.6754
vn 0.9669 0.1211 -0.2247
vn 0.9435 0.2415 -0.2271
vn 0.2039 0.0599 0.9772
vn 0.1977 0.0641 0.9782
vn -0.3152 0.1107 0.9425
vn 0.9472 -0.0646 0.3141
vn 0.6606 -0.0000 0.7508
vn -0.9163 0.3562 0.1833
vn -0.9711 0.1119 0.2110
vn 0.9711 -0.1114 -0.2110
vn -0.2850 0.2367 0.9288
vn -0.6908 0.3406 0.6378
vn 0.6359 -0.1200 0.7624
vn 0.2013 0.0683 0.9771
vn -0.5952 0.5303 0.6038
vn 0.8999 -0.2775 0.3365
vn 0.2021 0.0733 0.9766
vn -0.2293 0.3493 0.9085
vn 0.8054 -0.4629 0.3702
vn 0.5817 -0.2240 0.7819
vn -0.4492 0.6959 0.5603
vn -0.8060 0.5739 0.1448
vn 0.8062 -0.5737 -0.1447
vn 0.9155 -0.3584 -0.1829
vn 0.2052 0.0775 0.9756
vn -0.1430 0.4477 0.8827
vn 0.6610 -0.6265 0.4131
vn 0.5003 -0.3158 0.8062
vn -0.2638 0.8181 0.5110
vn -0.6384 0.7638 0.0951
vn 0.6384 -0.7638 -0.0951
vn -0.0330 0.5202 0.8534
vn 0.3974 -0.3837 0.8336
vn 0.2097 0.0805 0.9744
vn -0.0531 0.8867 0.4593
vn -0.4256 0.9041 0.0385
vn 0.4777 -0.7473 0.4619
vn 0.0921 0.5609 0.8228
vn 0.2695 -0.8150 0.5129
vn 0.2804 -0.4217 0.8623
vn 0.0704 0.9944 -0.0786
vn -0.1839 0.9827 -0.0208
vn 0.1839 -0.9827 0.0208
vn 0.4256 -0.9041 -0.0384
vn 0.2148 0.0821 0.9732
vn 0.2236 0.5669 0.7928
vn 0.1686 0.8969 0.4089
vn 0.1573 -0.4274 0.8903
vn 0.2201 0.0824 0.9720
vn 0.3860 0.8480 0.3632
vn 0.0505 -0.8251 0.5627
vn 0.2254 0.0812 0.9709
vn -0.1643 -0.7768 0.6079
vn 0.5845 0.7434 0.3252
vn 0.3199 0.9383 -0.1311
vn -0.0704 -0.9944 0.0786
vn 0.4704 0.4759 0.7432
vn 0.3526 0.5379 0.7657
vn -0.3604 -0.6734 0.6454
vn 0.0366 -0.4003 0.9157
vn -0.0736 -0.3422 0.9367
vn 0.7361 0.6448 -0.2060
vn 0.5476 0.8183 -0.1746
vn -0.3199 -0.9383 0.1311
vn 0.2301 0.0787 0.9700
vn 0.5676 0.3859 0.7273
vn 0.7487 0.5921 0.2981
vn -0.1652 -0.2584 0.9518
vn 0.2337 0.0748 0.9694
vn 0.8707 0.4383 -0.2232
vn -0.5476 -0.8183 0.1747
vn -0.5230 -0.5239 0.6723
vn 0.6362 0.2790 0.7193
vn 0.8658 0.4122 0.2838
vn -0.2313 -0.1598 0.9597
vn 0.2351 0.0699 0.9694
vn 0.9380 0.2048 0.2798
vn -0.7362 -0.6446 0.2061
vn -0.6385 -0.3482 0.6864
vn 0.2392 0.0660 0.9687
vn 0.6802 0.1564 0.7161
vn -0.7091 -0.1408 0.6909
vn -0.2690 -0.0427 0.9622
vn 0.9757 0.0021 -0.2192
vn 0.9531 0.2003 -0.2267
vn -0.9532 -0.1999 0.2267
vn -0.8696 -0.4404 0.2231
vn 0.6828 0.0441 0.7293
vn 0.9561 0.0322 0.2913
vn -0.2900 0.0543 0.9555
vn 0.2290 0.0619 0.9715
vn 0.9555 0.0312 0.2933
vn 0.9756 -0.0338 -0.2169
vn 0.9525 0.0034 0.3045
vn -0.7326 0.0326 0.6799
vn 0.2156 -0.0357 0.9758
vn -0.0485 -0.9948 0.0900
vn -0.9152 -0.3303 0.2309
vn 0.7025 -0.0043 0.7116
vn 0.9527 -0.0437 0.3008
vn 0.9699 -0.1230 -0.2100
vn 0.9733 -0.0853 -0.2132
vn -0.2232 -0.8339 0.5048
vn -0.3944 -0.8229 0.4089
vn -0.0633 -0.9919 0.1097
vn 0.2156 -0.0358 0.9758
vn -0.6638 0.7409 0.1023
vn -0.4833 0.7228 0.4939
vn 0.9498 -0.0758 0.3036
vn -0.0710 -0.9944 0.0787
vn 0.1870 -0.3233 0.9276
vn 0.6706 0.0086 0.7418
vn 0.9467 -0.0996 0.3062
vn -0.0764 -0.8319 0.5497
vn -0.1642 -0.9842 0.0659
vn 0.1523 -0.9080 0.3904
vn 0.2394 -0.9447 0.2239
vn -0.1572 -0.9827 0.0974
vn 0.2187 -0.9757 0.0125
vn 0.9666 -0.1502 -0.2076
vn -0.4614 0.7714 0.4384
vn -0.5251 0.8445 -0.1056
vn -0.2673 0.9610 -0.0708
vn -0.2812 -0.9596 -0.0089
vn -0.2467 -0.8067 0.5370
vn -0.4620 -0.8867 0.0168
vn 0.6739 -0.0225 0.7385
vn 0.8158 -0.4973 0.2952
vn -0.5992 0.6830 0.4176
vn -0.6758 0.7290 0.1087
vn -0.3258 0.3323 0.8851
vn 0.1752 -0.2853 0.9423
vn 0.2196 0.0629 0.9736
vn -0.0019 0.3447 0.9387
vn -0.7393 0.0616 0.6706
vn -0.2336 0.4480 0.8630
vn -0.7125 0.1827 0.6774
vn 0.2320 0.7436 0.6270
vn 0.4177 0.8759 0.2414
vn 0.6584 0.2931 0.6933
vn 0.9680 -0.1400 -0.2085
vn 0.9175 0.2372 0.3193
vn 0.9417 -0.0345 0.3347
vn -0.0611 0.9349 0.3497
vn -0.2608 0.4064 0.8757
vn 0.6619 0.3463 0.6648
vn -0.9683 0.1372 0.2088
vn -0.5967 0.4864 0.6383
vn -0.8453 0.5106 0.1576
vn 0.2078 0.0618 0.9762
vn 0.2425 0.4230 0.8731
vn 0.2240 0.0611 0.9727
vn 0.6697 0.0368 0.7418
vn 0.6819 0.0535 0.7295
vn -0.7346 0.0270 0.6780
vn -0.3084 0.0704 0.9486
vn -0.2949 0.0513 0.9541
vn 0.9442 -0.1404 0.2978
vn 0.9757 0.0006 -0.2191
vn -0.9756 -0.0045 0.2194
vn -0.9756 0.0344 0.2170
vn 0.2430 0.0559 0.9684
vn 0.6866 -0.0493 0.7254
vn -0.7149 0.1923 0.6723
vn -0.2698 0.1446 0.9520
vn 0.8405 -0.4248 0.3363
vn 0.9595 -0.1952 -0.2031
vn -0.9611 0.1861 0.2041
vn 0.2446 0.0452 0.9686
vn 0.6276 -0.2210 0.7466
vn -0.6106 0.4763 0.6327
vn -0.2083 0.3011 0.9306
vn 0.6209 -0.6735 0.4010
vn 0.8399 -0.5199 -0.1558
vn -0.8413 0.5175 0.1563
vn 0.2372 0.0361 0.9708
vn 0.4957 -0.3708 0.7853
vn -0.3939 0.7223 0.5684
vn -0.0882 0.4371 0.8951
vn 0.3213 -0.8178 0.4774
vn 0.5887 -0.8042 -0.0814
vn -0.5888 0.8042 0.0815
vn 0.3155 -0.4577 0.8313
vn 0.0750 0.5157 0.8535
vn -0.1339 -0.9867 0.0924
vn 0.2462 -0.9692 0.0059
vn -0.0995 0.8641 0.4934
vn 0.2143 0.0303 0.9763
vn 0.2264 0.0308 0.9736
vn 0.1155 -0.4669 0.8768
vn 0.2561 0.5240 0.8123
vn -0.3256 -0.7170 0.6163
vn -0.0111 -0.8331 0.5530
vn -0.2461 0.9692 -0.0059
vn 0.2270 0.8791 0.4191
vn -0.0737 -0.3970 0.9148
vn 0.5360 0.7650 0.3569
vn 0.2030 0.0345 0.9786
vn -0.7760 -0.5942 0.2118
vn -0.4936 -0.8540 0.1648
vn 0.4937 0.8539 -0.1647
vn 0.1339 0.9867 -0.0923
vn -0.2219 -0.2600 0.9398
vn -0.5724 -0.4897 0.6577
vn 0.5625 0.3365 0.7552
vn 0.4274 0.4608 0.7778
vn 0.1945 0.0429 0.9800
vn -0.9321 -0.2821 0.2271
vn 0.7798 0.5402 0.3165
vn -0.2990 -0.0946 0.9496
vn -0.7069 -0.2163 0.6734
vn 0.6405 0.1865 0.7449
vn 0.1950 0.0536 0.9793
vn -0.9706 -0.0888 0.2236
vn 0.7777 0.5919 -0.2120
vn 0.9153 0.2672 0.3015
vn -0.3020 0.0083 0.9533
vn -0.7340 -0.0465 0.6776
vn 0.6722 0.0958 0.7342
vn 0.2134 0.0606 0.9751
vn -0.9642 -0.1398 0.2253
vn 0.9347 0.2733 -0.2271
vn 0.9498 0.1044 0.2948
vn -0.2807 -0.0147 0.9597
vn -0.7210 -0.0895 0.6872
vn 0.6807 0.1245 0.7219
vn 0.2320 0.0635 0.9706
vn -0.7050 -0.1843 0.6848
vn 0.9710 0.0850 -0.2234
vn 0.9464 0.1522 0.2850
vn 0.2221 0.0623 0.9730
vn -0.2786 -0.0702 0.9578
vn 0.9258 0.2444 0.2883
vn 0.6629 0.1774 0.7274
vn -0.7008 -0.2035 0.6837
vn -0.9415 -0.2488 0.2271
vn 0.9422 0.2464 -0.2271
vn 0.9642 0.1401 -0.2253
vn 0.2189 0.0616 0.9738
vn -0.2782 -0.0819 0.9570
vn 0.9196 0.2650 0.2901
vn 0.6573 0.1885 0.7297
vn -0.7006 -0.2045 0.6837
vn -0.9355 -0.2705 0.2272
vn 0.9356 0.2704 -0.2271
vn 0.2187 0.0615 0.9739
vn -0.2782 -0.0826 0.9570
vn 0.9193 0.2660 0.2902
vn 0.6570 0.1891 0.7298
vn -0.7011 -0.2030 0.6835
vn -0.9352 -0.2716 0.2272
vn 0.9352 0.2716 -0.2271
vn 0.2186 0.0615 0.9739
vn -0.2787 -0.0818 0.9569
vn 0.9196 0.2645 0.2903
vn 0.6571 0.1882 0.7300
vn -0.9357 -0.2699 0.2272
vn -0.7011 -0.2029 0.6835
vn 0.9357 0.2699 -0.2271
vn -0.2788 -0.0817 0.9569
vn 0.2182 0.0614 0.9740
vn 0.6571 0.1881 0.7300
vn 0.9197 0.2644 0.2903
vn -0.6651 0.7396 0.1027
vn -0.9143 -0.3357 0.2265
vn -0.6638 0.7408 0.1023
vn -0.5087 -0.8551 -0.1001
vn -0.5101 -0.8436 0.1678
vn -0.0401 -0.9966 0.0719
vn -0.9143 -0.3357 0.2266
vn 0.7025 -0.0043 0.7117
vn 0.6705 0.0087 0.7418
vn -0.2624 0.3505 0.8991
vn -0.3257 0.3324 0.8851
vn -0.2807 -0.2719 0.9205
vn -0.8050 0.5754 0.1444
vn -0.5251 0.8445 -0.1057
vn -0.4614 0.7713 0.4384
vn 0.0356 -0.8800 0.4736
vn 0.9417 -0.0346 0.3346
vn -0.6770 0.7287 0.1031
vn -0.4526 0.8649 0.2172
vn 0.4877 0.8344 0.2566
vn 0.1095 0.9902 -0.0871
vn 0.1848 0.9383 0.2922
vn 0.1466 -0.9709 -0.1896
vn -0.8916 -0.2626 0.3689
vn -0.8073 0.4833 0.3385
vn -0.9440 -0.2395 0.2271
vn -0.1042 0.9202 0.3774
vn -0.3033 0.9528 0.0079
vn -0.0067 0.4272 0.9042
vn 0.2439 0.4358 0.8664
vn -0.7126 0.1827 0.6774
vn 0.6874 0.1725 -0.7055
vn 0.7100 -0.0998 -0.6971
vn -0.9757 0.0021 0.2189
vn -0.9193 -0.3078 -0.2452
vn -0.9317 -0.2835 0.2271
vn -0.7968 0.3516 -0.4914
vn -0.7256 -0.3746 -0.5772
vn -0.6190 0.4683 -0.6305
vn -0.9042 -0.3626 0.2259
vn -0.7248 -0.5825 -0.3680
vn -0.9275 -0.2384 -0.2878
vn -0.6836 -0.1126 -0.7211
vn -0.6644 -0.1740 -0.7268
vn 0.2787 0.0664 -0.9581
vn 0.7232 0.0730 -0.6868
vn 0.7063 0.1779 -0.6851
vn -0.2230 -0.0625 -0.9728
vn 0.2813 0.0049 -0.9596
vn -0.9536 0.0674 -0.2935
vn -0.9496 -0.1314 -0.2846
vn 0.9668 0.1211 -0.2248
vn 0.9434 0.2415 -0.2272
vn -0.2334 -0.0631 -0.9703
vn -0.2396 -0.0589 -0.9691
vn -0.6895 0.0054 -0.7243
vn 0.7245 -0.1272 -0.6774
vn 0.2776 -0.1077 -0.9546
vn -0.9055 0.2802 -0.3186
vn 0.9711 -0.1114 -0.2111
vn -0.6598 0.1313 -0.7399
vn -0.2360 -0.0547 -0.9702
vn 0.2535 -0.2275 -0.9402
vn 0.6780 -0.3399 -0.6518
vn -0.8097 0.4700 -0.3515
vn 0.9155 -0.3584 -0.1830
vn -0.2352 -0.0496 -0.9707
vn -0.6038 0.2440 -0.7589
vn 0.5832 -0.5254 -0.6196
vn 0.1991 -0.3316 -0.9222
vn -0.6636 0.6356 -0.3945
vn 0.8062 -0.5737 -0.1449
vn -0.2320 -0.0454 -0.9716
vn -0.5173 0.3424 -0.7843
vn 0.4386 -0.6890 -0.5770
vn 0.1176 -0.4234 -0.8983
vn -0.4782 0.7578 -0.4439
vn 0.6384 -0.7638 -0.0952
vn -0.4073 0.4149 -0.8136
vn -0.2276 -0.0425 -0.9728
vn 0.2554 -0.8098 -0.5282
vn 0.0146 -0.4913 -0.8709
vn -0.2675 0.8264 -0.4955
vn 0.4257 -0.9041 -0.0385
vn -0.2823 0.4556 -0.8442
vn -0.2225 -0.0409 -0.9741
vn 0.0472 -0.8776 -0.4771
vn -0.1024 -0.5294 -0.8422
vn -0.0458 0.8366 -0.5460
vn 0.1839 -0.9827 0.0207
vn -0.1508 0.4617 -0.8742
vn -0.2172 -0.0406 -0.9753
vn -0.2254 -0.5350 -0.8142
vn -0.1718 -0.8876 -0.4273
vn 0.1716 0.7877 -0.5917
vn -0.0217 0.4327 -0.9013
vn -0.2119 -0.0418 -0.9764
vn -0.3462 -0.5079 -0.7888
vn -0.3867 -0.8393 -0.3821
vn 0.3701 0.6831 -0.6296
vn -0.2071 -0.0443 -0.9773
vn 0.0960 0.3706 -0.9238
vn -0.4564 -0.4498 -0.7677
vn -0.5828 -0.7360 -0.3446
vn 0.5342 0.5317 -0.6572
vn -0.5476 -0.8183 0.1746
vn 0.1932 0.2806 -0.9402
vn -0.2036 -0.0482 -0.9779
vn -0.5479 -0.3660 -0.7523
vn -0.7452 -0.5864 -0.3174
vn 0.6510 0.3518 -0.6726
vn -0.7362 -0.6446 0.2060
vn 0.2615 0.1736 -0.9495
vn -0.2022 -0.0531 -0.9779
vn -0.6136 -0.2674 -0.7430
vn -0.8604 -0.4106 -0.3019
vn 0.7235 0.1445 -0.6750
vn -0.1981 -0.0570 -0.9785
vn 0.3059 0.0511 -0.9507
vn -0.9318 -0.2034 -0.3007
vn -0.6519 -0.1504 -0.7432
vn 0.7397 -0.0287 -0.6723
vn -0.9532 -0.1999 0.2266
vn 0.3057 -0.0620 -0.9501
vn -0.2083 -0.0611 -0.9761
vn -0.6707 -0.0528 -0.7399
vn -0.9530 -0.0294 -0.3016
vn 0.7384 -0.0299 -0.6737
vn 0.7316 -0.0587 -0.6792
vn 0.3326 -0.1082 -0.9369
vn 0.2902 -0.0983 -0.9519
vn -0.4108 0.2297 -0.8823
vn -0.6386 -0.3726 -0.6733
vn 0.7346 -0.1050 -0.6703
vn 0.7316 -0.1372 -0.6678
vn -0.0553 -0.9967 0.0590
vn -0.3945 -0.8820 -0.2577
vn -0.1457 -0.9310 -0.3346
vn 0.3326 -0.1083 -0.9368
vn 0.2903 -0.0983 -0.9519
vn -0.2153 -0.1608 -0.9632
vn -0.6669 0.6711 -0.3238
vn -0.9757 0.0021 0.2190
vn -0.7187 -0.2513 0.6483
vn -0.0773 -0.9959 0.0474
vn 0.7284 -0.1610 -0.6659
vn 0.2955 -0.1289 -0.9466
vn -0.1501 -0.9803 0.1288
vn -0.0041 -0.9520 -0.3062
vn 0.8217 -0.5500 -0.1498
vn -0.6247 0.7254 -0.2890
vn -0.2374 0.9694 0.0623
vn -0.2246 -0.9437 0.2427
vn -0.4301 -0.8583 -0.2798
vn -0.2809 -0.8893 -0.3608
vn -0.7382 0.6439 -0.2011
vn -0.6806 0.2325 -0.6948
vn -0.2352 -0.4007 -0.8855
vn -0.7030 -0.3097 -0.6402
vn -0.2178 -0.0601 -0.9741
vn 0.2194 -0.4869 -0.8455
vn -0.5908 0.3476 -0.7281
vn -0.9558 0.0007 -0.2939
vn -0.9378 0.1194 -0.3259
vn -0.0772 0.6567 -0.7502
vn 0.2513 0.8292 -0.4993
vn 0.0050 0.8704 -0.4924
vn -0.1601 0.3221 -0.9331
vn 0.2923 0.1900 -0.9373
vn -0.2293 0.8876 -0.3996
vn -0.6197 0.3055 -0.7229
vn 0.3062 0.2463 -0.9196
vn 0.2887 -0.0703 -0.9548
vn -0.4108 0.2296 -0.8823
vn -0.2296 -0.0612 -0.9714
vn -0.6849 -0.0355 -0.7278
vn -0.2133 -0.0619 -0.9750
vn 0.3045 -0.0526 -0.9511
vn -0.9538 -0.0346 -0.2983
vn -0.6745 -0.0554 -0.7362
vn 0.7309 -0.2004 -0.6524
vn -0.9756 -0.0045 0.2193
vn -0.9756 0.0344 0.2168
vn -0.1942 -0.0671 -0.9787
vn 0.3132 -0.1543 -0.9371
vn -0.9380 0.1295 -0.3214
vn -0.6534 0.0368 -0.7561
vn 0.6283 -0.4845 -0.6087
vn -0.9611 0.1861 0.2040
vn -0.1925 -0.0778 -0.9782
vn 0.2555 -0.3256 -0.9103
vn -0.8345 0.4133 -0.3644
vn -0.5929 0.1929 -0.7818
vn 0.4089 -0.7332 -0.5434
vn -0.8413 0.5175 0.1562
vn -0.2000 -0.0869 -0.9759
vn 0.1238 -0.4754 -0.8710
vn -0.6178 0.6593 -0.4285
vn -0.4727 0.3290 -0.8175
vn 0.1092 -0.8775 -0.4670
vn -0.5888 0.8041 0.0814
vn -0.2108 -0.0921 -0.9732
vn -0.0564 -0.5623 -0.8250
vn -0.3095 0.4076 -0.8591
vn -0.3234 0.8011 -0.5036
vn -0.2232 -0.8927 -0.3914
vn -0.2462 0.9692 -0.0060
vn -0.2228 -0.0926 -0.9705
vn -0.2564 -0.5714 -0.7795
vn 0.0031 0.8162 -0.5778
vn -0.1285 0.4159 -0.9003
vn -0.5377 -0.7767 -0.3281
vn 0.1339 0.9867 -0.0924
vn -0.4457 -0.5016 -0.7415
vn -0.2342 -0.0884 -0.9682
vn 0.0428 0.3527 -0.9348
vn 0.3121 0.7021 -0.6400
vn -0.7846 -0.5494 -0.2873
vn 0.4936 0.8539 -0.1648
vn -0.5939 -0.3647 -0.7171
vn -0.2426 -0.0801 -0.9668
vn 0.1780 0.2284 -0.9572
vn 0.5558 0.4772 -0.6807
vn -0.9203 -0.2763 -0.2769
vn 0.7776 0.5919 -0.2120
vn -0.6723 -0.1995 -0.7129
vn -0.2422 -0.0693 -0.9677
vn 0.2570 0.0786 -0.9632
vn 0.6921 0.2044 -0.6922
vn -0.9511 -0.1075 -0.2894
vn 0.9347 0.2733 -0.2272
vn -0.6794 -0.0978 -0.7273
vn -0.2240 -0.0624 -0.9726
vn 0.2926 -0.0110 -0.9562
vn 0.7306 0.0428 -0.6815
vn -0.9423 -0.1517 -0.2984
vn 0.9710 0.0850 -0.2235
vn -0.6622 -0.1220 -0.7393
vn -0.2053 -0.0594 -0.9769
vn 0.3048 0.0188 -0.9522
vn 0.7304 0.0915 -0.6769
vn -0.9243 -0.2460 -0.2918
vn 0.9642 0.1400 -0.2254
vn -0.2153 -0.0607 -0.9747
vn -0.6580 -0.1769 -0.7319
vn 0.7079 0.1832 -0.6821
vn 0.2849 0.0711 -0.9559
vn -0.9195 -0.2650 -0.2903
vn 0.9422 0.2464 -0.2272
vn -0.2185 -0.0614 -0.9739
vn -0.6570 -0.1885 -0.7299
vn 0.7009 0.2035 -0.6836
vn 0.2786 0.0820 -0.9569
vn -0.9193 -0.2660 -0.2902
vn 0.9355 0.2704 -0.2272
vn -0.2187 -0.0615 -0.9739
vn -0.6570 -0.1891 -0.7298
vn 0.7006 0.2045 -0.6837
vn 0.2782 0.0826 -0.9570
vn -0.9197 -0.2645 -0.2901
vn 0.9352 0.2716 -0.2272
vn -0.2187 -0.0615 -0.9738
vn -0.6574 -0.1883 -0.7296
vn 0.7009 0.2030 -0.6838
vn 0.2782 0.0820 -0.9570
vn -0.9198 -0.2644 -0.2901
vn 0.9357 0.2699 -0.2272
vn -0.6575 -0.1881 -0.7296
vn -0.2192 -0.0616 -0.9737
vn 0.2782 0.0815 -0.9570
vn -0.9173 -0.3307 0.2221
vn -0.9172 -0.3307 0.2220
vn -0.6297 0.2471 -0.7365
vn -0.6805 0.2326 -0.6948
vn -0.2152 -0.1607 -0.9632
vn 0.9336 0.2545 0.2524
vn 0.9631 -0.1741 -0.2052
vn 0.9523 0.2043 -0.2267
vn -0.6248 0.7254 -0.2889
vn -0.2173 -0.4370 -0.8728
vn -0.4716 -0.8671 0.1607
vn -0.1640 0.3086 -0.9369
vn 0.6254 -0.5508 -0.5527
vn 0.5716 -0.3878 0.7231
vn -0.9564 -0.2808 0.0804
vn -0.8873 0.4609 -0.0179
vn -0.2797 0.8708 -0.4043
vn 0.0175 0.8913 -0.4532
vn -0.4027 0.3158 -0.8592
vn 0.3093 0.7842 -0.5379
vn -0.9379 0.1194 -0.3258
vn -0.9683 0.1372 0.2087
vn -0.8245 0.4223 -0.3765
vn -0.9379 0.1193 -0.3259
vn -0.4002 -0.2831 0.8716
vn -0.5207 0.4293 0.7379
vn -0.3039 0.5570 0.7729
vn -0.9631 0.1739 0.2053
vn -0.1221 0.9216 0.3685
vn 0.0614 0.9952 -0.0766
vn -0.2611 0.9258 0.2734
vn -0.3455 0.9382 0.0183
vn -0.7304 0.1319 0.6701
vn -0.0287 -0.3552 0.9344
vn -0.2903 0.1154 0.9499
vn 0.6674 -0.7372 -0.1050
vn 0.6647 -0.7400 -0.1025
vn 0.6654 -0.7394 -0.1027
vn -0.9623 0.1787 0.2049
vn -0.7200 0.2031 0.6636
vn -0.6656 0.2540 0.7018
vn 0.1112 -0.8713 0.4781
vn 0.6688 -0.7369 -0.0986
vn 0.6573 -0.6865 0.3110
vn 0.5038 0.8476 -0.1666
vn 0.1458 0.9848 -0.0949
vn 0.4322 0.8778 -0.2066
vn -0.9669 0.1478 0.2079
vn -0.6890 0.1395 0.7112
vn 0.6710 -0.0339 0.7407
vn 0.9429 -0.1242 0.3092
vn 0.9434 -0.1200 0.3091
vn 0.9623 -0.1788 -0.2048
vn -0.2957 0.1447 0.9443
vn 0.2194 0.0614 0.9737
vn 0.6711 -0.0363 0.7405
vn -0.7238 0.1858 0.6645
vn -0.2912 0.1427 0.9460
vn 0.9620 -0.1811 -0.2045
vn 0.6701 -0.0372 0.7413
vn 0.9424 -0.1261 0.3099
vn 0.3534 -0.1814 -0.9177
vn -0.2631 -0.7235 -0.6382
vn 0.4409 -0.7115 -0.5472
vn 0.2183 0.0616 0.9739
vn -0.9623 0.1791 0.2048
vn -0.7239 0.1876 0.6639
vn -0.2968 0.1498 0.9431
vn 0.2206 0.0546 0.9738
vn 0.2199 0.0612 0.9736
vn 0.6654 -0.0597 0.7441
vn 0.6669 -0.0430 0.7439
vn -0.2187 -0.0614 -0.9739
vn -0.8574 -0.4356 -0.2741
vn -0.2632 -0.7236 -0.6381
vn -0.2920 0.1439 0.9455
vn -0.2910 -0.1589 0.9434
vn 0.4009 -0.9150 0.0445
vn 0.1113 -0.8713 0.4780
vn -0.6738 0.4567 0.5809
vn -0.2331 0.4379 0.8683
vn 0.9193 0.3216 -0.2268
vn 0.9193 0.3215 -0.2268
vn 0.4214 -0.2252 0.8785
vn 0.2302 0.4277 0.8741
vn 0.1395 0.9871 -0.0787
vn 0.5039 0.8624 0.0484
vn 0.7299 0.1972 -0.6545
vn 0.9631 -0.1741 -0.2053
vn 0.7248 -0.1815 -0.6646
vn -0.6655 0.2540 0.7018
vn -0.2125 0.4741 0.8544
vn 0.9704 -0.2373 -0.0445
vn 0.9767 -0.2142 -0.0147
vn 0.2581 0.4273 0.8665
vn 0.2243 0.9207 0.3193
vn 0.1401 0.9856 -0.0942
vn -0.0436 0.9435 0.3286
vn 0.3094 0.9403 0.1416
vn -0.1382 0.4588 0.8777
vn -0.8699 0.4645 0.1660
vn -0.9495 0.0703 -0.3056
vn -0.9696 0.1258 0.2097
vn 0.4200 0.8791 0.2252
vn 0.5356 0.8433 0.0455
vn 0.5459 0.8195 -0.1744
vn 0.9302 0.3661 -0.0277
vn 0.9272 -0.3243 -0.1877
vn 0.8935 -0.4267 0.1398
vn 0.6470 -0.7625 -0.0049
vn 0.6655 -0.7393 -0.1027
vn 0.4229 -0.5149 0.7457
vn -0.0916 0.1016 0.9906
vn 0.5650 0.2956 0.7703
vn -0.9656 0.1577 0.2069
vn -0.6686 0.1549 0.7273
vn -0.6561 0.2090 0.7252
vn 0.9400 0.3196 0.1190
vn 0.6649 -0.7399 -0.1020
vn 0.9194 0.3214 -0.2267
vn 0.6699 0.1606 0.7249
vn -0.3774 0.8931 -0.2448
vn -0.9669 0.1478 0.2078
vn -0.6889 0.1395 0.7113
vn -0.8574 -0.4356 -0.2739
vn -0.1519 -0.9837 0.0962
vn 0.5038 0.8476 -0.1667
vn 0.9471 0.2270 -0.2270
vn 0.6772 0.3372 0.6540
vn 0.2780 -0.2285 0.9330
vn 0.2489 0.0486 0.9673
vn 0.7204 -0.3140 0.6184
vn 0.7056 -0.0623 0.7059
vn 0.8965 -0.4351 -0.0834
vn -0.3349 0.1093 0.9359
vn 0.1155 -0.3902 0.9134
vn -0.9554 -0.1896 0.2264
vn -0.7266 0.1698 0.6658
vn -0.9619 0.1811 0.2046
vn -0.6359 -0.3836 0.6697
vn 0.0534 -0.6346 0.7710
vn 0.2191 0.0614 0.9738
vn 0.6696 -0.0353 0.7419
vn -0.2940 0.1419 0.9452
vn 0.6683 -0.7112 0.2182
vn 0.2536 -0.9125 -0.3211
vn 0.6124 -0.7672 -0.1905
vn 0.2738 -0.9618 -0.0012
vn -0.7004 0.0439 -0.7124
vn 0.6749 -0.6683 0.3128
vn -0.7821 0.0727 0.6189
vn 0.9441 -0.1238 0.3056
vn 0.8405 -0.5189 -0.1562
vn 0.9620 -0.1811 -0.2046
vn -0.9170 0.1867 0.3525
vn -0.3016 0.1447 0.9424
vn 0.3255 -0.1936 -0.9255
vn -0.0441 -0.9599 -0.2767
vn -0.4165 -0.7396 0.5287
vn -0.3023 -0.9262 -0.2254
vn 0.0595 -0.8980 0.4359
vn 0.4235 -0.8530 0.3051
vn -0.7415 -0.6515 0.1606
vn -0.9193 -0.1559 0.3614
vn -0.5532 -0.4209 -0.7189
vn -0.7607 -0.2181 -0.6113
vn 0.9352 -0.2598 0.2408
vn -0.0288 -0.4741 -0.8800
vn -0.1601 -0.4847 -0.8599
vn 0.4580 -0.3993 0.7942
vn -0.5507 -0.8335 -0.0457
vn 0.3248 0.2381 -0.9153
vn 0.2922 -0.1404 -0.9460
vn 0.7269 -0.1848 -0.6614
vn 0.8404 -0.5189 -0.1562
vn 0.7510 -0.3159 -0.5798
vn -0.2922 0.8738 -0.3888
vn -0.5925 0.3369 -0.7318
vn 0.0130 -0.3401 -0.9403
vn -0.6703 0.0086 -0.7421
vn 0.6681 -0.7370 -0.1019
vn 0.6654 -0.7394 -0.1028
vn -0.9077 0.1859 -0.3763
vn -0.9392 0.1414 -0.3128
vn -0.9624 0.1787 0.2048
vn -0.1398 -0.3459 -0.9278
vn -0.4143 -0.4636 -0.7832
vn 0.9194 0.3215 -0.2268
vn 0.9194 0.3214 -0.2268
vn 0.7738 -0.6190 -0.1347
vn 0.7243 -0.1856 -0.6640
vn 0.2925 -0.1428 -0.9456
vn -0.6735 0.0385 -0.7382
vn -0.2180 -0.0616 -0.9740
vn -0.6701 0.0361 -0.7414
vn -0.9426 0.1243 -0.3099
vn -0.9623 0.1791 0.2047
vn 0.9619 -0.1811 -0.2046
vn 0.7236 -0.1876 -0.6642
vn 0.2913 -0.1438 -0.9458
vn -0.2191 -0.0614 -0.9738
vn 0.7155 -0.0794 0.6940
vn 0.0534 -0.6345 0.7711
vn -0.6707 0.0374 -0.7408
vn -0.9425 0.1261 -0.3095
vn -0.9620 0.1811 0.2045
vn -0.6741 0.0437 -0.7373
vn -0.2167 -0.0684 -0.9738
vn -0.6781 0.0388 -0.7340
vn -0.2175 -0.0618 -0.9741
vn 0.2864 -0.1662 -0.9436
vn -0.3314 0.1479 0.9318
vn 0.6514 -0.7510 -0.1079
vn -0.0778 -0.9257 -0.3703
vn 0.4804 -0.7362 -0.4766
vn -0.8690 0.4018 -0.2887
vn -0.0404 0.8782 -0.4766
vn -0.9298 0.0718 -0.3611
vn -0.9077 0.1858 -0.3763
vn 0.9029 -0.2563 -0.3450
vn 0.3391 -0.1654 -0.9261
vn 0.2603 0.8342 -0.4861
vn -0.1471 0.3133 -0.9382
vn 0.7908 0.2777 -0.5455
vn -0.2082 0.8921 -0.4011
vn 0.0420 0.8694 -0.4922
vn -0.5689 0.3738 -0.7326
vn -0.5168 0.3548 -0.7791
vn 0.1990 0.9541 -0.2238
vn 0.4423 0.8170 -0.3700
vn 0.8431 0.3416 -0.4152
vn 0.7600 -0.4643 -0.4548
vn 0.5833 -0.7672 -0.2666
vn 0.0921 -0.5733 -0.8142
vn -0.5075 -0.0154 -0.8615
vn -0.5165 0.0258 -0.8559
vn -0.9656 0.1577 0.2068
vn -0.9186 0.0846 -0.3860
vn -0.9654 0.1593 0.2067
vn 0.6647 -0.7400 -0.1032
vn 0.4951 -0.7189 -0.4879
vn -0.1756 0.3135 -0.9332
vn 0.2928 0.0545 -0.9546
vn 0.9400 0.3197 0.1191
vn 0.1428 0.9297 0.3394
vn -0.9670 0.1478 0.2077
vn -0.6723 0.0355 -0.7394
vn -0.9737 0.0157 -0.2274
vn -0.9452 0.1083 -0.3079
vn -0.6618 -0.2626 -0.7022
vn -0.0777 -0.9257 -0.3703
vn 0.2623 -0.9441 -0.1998
vn -0.1882 -0.0743 -0.9793
vn 0.3966 -0.4051 -0.8238
vn 0.0866 -0.5037 -0.8595
vn 0.8580 -0.4460 -0.2549
vn -0.7045 0.0054 -0.7097
vn -0.2741 -0.4998 -0.8216
vn -0.7248 -0.3167 -0.6119
vn 0.2905 -0.1420 -0.9463
vn 0.7510 -0.3159 -0.5799
vn 0.2874 -0.1497 -0.9460
vn 0.9351 -0.2599 0.2408
vn -0.2183 -0.0616 -0.9739
vn 0.6405 -0.6555 0.4000
vn 0.3907 -0.8739 0.2892
vn 0.5305 -0.7499 -0.3952
vn 0.6556 -0.7551 0.0018
vn -0.4217 -0.1228 0.8984
vn -0.9554 -0.1896 0.2263
vn 0.3182 -0.4113 -0.8541
vn -0.9844 0.1680 0.0521
vn -0.9811 -0.1734 0.0861
vn 0.6937 -0.0900 0.7146
vn 0.1039 -0.9183 0.3819
vn -0.5820 -0.7861 -0.2081
vn -0.1077 -0.9451 -0.3087
vn -0.7214 -0.6459 0.2499
vn -0.1826 -0.3168 0.9308
vn 0.1016 -0.3384 0.9355
vn 0.8954 -0.2369 -0.3770
vn 0.3615 -0.3643 0.8582
vn 0.2346 -0.3737 0.8974
vn -0.1525 -0.8840 0.4418
vn -0.4562 -0.8069 0.3753
vn 0.6627 -0.3144 0.6797
vn -0.9669 0.1478 0.2077
vn -0.9078 0.1382 -0.3959
vn -0.2909 -0.1589 0.9435
vn 0.4009 -0.9151 0.0445
vn 0.2417 0.3658 -0.8988
vn -0.1383 0.4588 0.8777
vn 0.3631 -0.0774 0.9285
vn 0.2247 -0.0872 0.9705
vn 0.3465 0.2107 0.9141
vn 0.3608 0.0675 0.9302
vn 0.0816 -0.0903 0.9926
vn 0.0651 0.1978 0.9781
vn 0.0717 0.0542 0.9960
vn 0.5251 -0.2500 0.8135
vn 0.3761 -0.2790 0.8836
vn 0.5466 -0.0853 0.8331
vn 0.5285 0.2299 0.8172
vn 0.5471 0.0733 0.8338
vn 0.4885 0.3883 0.7814
vn 0.3367 0.4070 0.8491
vn 0.2078 0.2088 0.9556
vn 0.0287 0.3929 0.9191
vn -0.1351 0.3597 0.9232
vn -0.1418 0.1992 0.9697
vn -0.1377 0.0418 0.9896
vn -0.1237 -0.1161 0.9855
vn -0.0985 -0.2786 0.9553
vn 0.0681 -0.2932 0.9536
vn 0.2248 -0.2929 0.9293
vn -0.5285 0.0123 0.8488
vn -0.7986 -0.3939 0.4550
vn -0.4871 -0.2598 0.8338
vn -0.8409 0.3437 0.4180
vn -0.8865 -0.0277 0.4618
vn -0.3506 -0.5199 0.7790
vn -0.5184 0.2846 0.8064
vn -0.6586 0.6693 0.3440
vn -0.5798 -0.7023 0.4130
vn 0.9478 -0.3137 0.0578
vn 0.8398 0.0752 0.5376
vn 0.8199 -0.1998 0.5365
vn 0.9054 0.4240 0.0208
vn 0.9977 0.0589 0.0332
vn 0.6814 0.7309 0.0392
vn 0.7887 0.3446 0.5091
vn 0.6963 -0.4717 0.5409
vn 0.7601 -0.6407 0.1082
vn -0.2556 -0.8953 0.3648
vn 0.1959 -0.6566 0.7284
vn -0.0767 -0.6388 0.7656
vn 0.4651 -0.8622 0.2009
vn 0.4551 -0.6143 0.6446
vn -0.3582 0.8922 0.2750
vn 0.1155 0.7441 0.6580
vn 0.0002 0.9800 0.1990
vn 0.3624 0.9254 0.1111
vn -0.1535 0.6992 0.6983
vn -0.4120 0.5517 0.7252
vn 0.1846 0.4080 0.8941
vn 0.3783 0.7236 0.5773
vn 0.6348 0.5998 0.4870
vn 0.3379 0.5086 -0.7920
vn 0.0944 0.6587 -0.7465
vn -0.1028 -0.7853 -0.6105
vn 0.1732 -0.7149 -0.6775
vn -0.6896 0.4613 -0.5582
vn -0.8330 0.2142 -0.5102
vn -0.4645 0.6329 -0.6194
vn -0.8001 -0.3578 -0.4815
vn -0.6292 -0.5905 -0.5054
vn 0.5417 -0.2961 -0.7867
vn -0.8727 -0.0744 -0.4826
vn 0.5089 0.2759 -0.8154
vn -0.3856 -0.7406 -0.5503
vn 0.5817 -0.0075 -0.8133
vn 0.3982 -0.5432 -0.7391
vn 0.1109 -0.9487 0.2960
vn -0.1882 0.7035 -0.6853
vn -0.3217 -0.9377 0.1314
vn 0.0572 -0.9971 0.0501
vn 0.3217 0.9377 -0.1315
vn 0.6483 0.7367 -0.1921
vn 0.3217 0.9377 -0.1314
vn 0.9213 -0.3420 -0.1853
vn 0.7293 -0.6734 -0.1212
vn 0.4273 -0.9033 -0.0389
vn -0.9212 0.3420 0.1853
vn -0.9741 -0.0448 0.2216
vn 0.5090 0.2760 -0.8153
vn -0.1063 0.0636 -0.9923
vn 0.3380 0.5086 -0.7919
vn 0.0573 -0.9971 0.0501
vn 0.9741 0.0448 -0.2216
vn -0.4273 0.9033 0.0389
vn -0.0572 0.9971 -0.0501
vn -0.7293 0.6734 0.1212
vn -0.8002 -0.3578 -0.4814
vn -0.3248 -0.1847 -0.9276
vn -0.6293 -0.5905 -0.5053
vn -0.6483 -0.7367 0.1921
vn -0.3217 -0.9377 0.1315
vn 0.8773 0.4247 -0.2238
vn 0.8772 0.4247 -0.2238
vn -0.9213 0.3420 0.1853
vn -0.2699 -0.2186 -0.9378
vn 0.1732 -0.7149 -0.6774
vn -0.0927 -0.1741 -0.9804
vn 0.3983 -0.5433 -0.7391
vn 0.5818 -0.0075 -0.8133
vn -0.0604 -0.1184 -0.9911
vn -0.0516 -0.0531 -0.9973
vn -0.2877 0.0915 -0.9533
vn -0.4645 0.6330 -0.6193
vn -0.0678 0.0111 -0.9976
vn -0.1612 0.0973 -0.9821
vn -0.2252 0.1073 -0.9684
vn 0.0944 0.6587 -0.7464
vn -0.3384 0.0528 -0.9395
vn -0.6896 0.4614 -0.5582
vn 0.5418 -0.2961 -0.7867
vn -0.8728 -0.0743 -0.4825
vn -0.3633 -0.1323 -0.9222
vn -0.8773 -0.4247 0.2238
vn -0.1027 -0.7854 -0.6104
vn -0.2059 -0.2285 -0.9515
vn -0.3708 -0.0029 -0.9287
vn -0.3795 -0.0682 -0.9227
vn -0.1028 -0.7854 -0.6105
vn -0.1434 -0.2128 -0.9665
vn -0.8330 0.2142 -0.5101
vn -0.7545 -0.3325 -0.5659
vn -0.8200 -0.0756 -0.5674
vn -0.9035 -0.4281 0.0211
vn -0.7843 0.1860 -0.5919
vn -0.9465 0.3222 -0.0167
vn -0.9982 -0.0563 0.0191
vn -0.7585 0.6468 -0.0796
vn -0.6543 0.4101 -0.6354
vn -0.5995 -0.5435 -0.5875
vn -0.6793 -0.7338 -0.0103
vn 0.8576 -0.3472 -0.3795
vn 0.4978 -0.0150 -0.8672
vn 0.4622 -0.2766 -0.8425
vn 0.8145 0.4031 -0.4173
vn 0.9093 0.0313 -0.4149
vn 0.4324 0.2420 -0.8686
vn 0.2774 0.4530 -0.8473
vn 0.5902 0.7088 -0.3864
vn 0.6695 -0.6718 -0.3170
vn 0.3321 -0.5008 -0.7993
vn -0.3592 -0.9307 -0.0695
vn -0.1224 -0.7197 -0.6834
vn -0.3786 -0.6796 -0.6283
vn 0.3737 -0.8970 -0.2362
vn -0.1223 -0.7197 -0.6835
vn 0.0116 -0.9888 -0.1489
vn 0.1280 -0.6564 -0.7435
vn -0.4501 0.5657 -0.6909
vn -0.1998 0.6291 -0.7512
vn -0.4627 0.8719 -0.1601
vn 0.0565 0.5889 -0.8062
vn 0.2703 0.9056 -0.3268
vn -0.1005 0.9638 -0.2471
vn -0.0651 -0.1978 -0.9781
vn -0.0717 -0.0542 -0.9960
vn -0.0816 0.0903 -0.9926
vn -0.3465 -0.2107 -0.9141
vn -0.2078 -0.2088 -0.9556
vn -0.3631 0.0774 -0.9285
vn -0.2248 0.0871 -0.9705
vn 0.1351 -0.3597 -0.9233
vn 0.1418 -0.1991 -0.9697
vn 0.1376 -0.0418 -0.9896
vn 0.1237 0.1161 -0.9855
vn 0.0985 0.2786 -0.9553
vn -0.0681 0.2932 -0.9536
vn -0.3761 0.2790 -0.8836
vn -0.2248 0.2929 -0.9293
vn -0.5251 0.2500 -0.8135
vn -0.3608 -0.0675 -0.9302
vn -0.5466 0.0853 -0.8331
vn -0.5285 -0.2299 -0.8172
vn -0.4885 -0.3883 -0.7814
vn -0.3367 -0.4070 -0.8491
vn -0.1846 -0.4080 -0.8941
vn -0.0287 -0.3929 -0.9191
vn -0.9054 -0.4240 -0.0207
vn -0.8398 -0.0752 -0.5376
vn -0.7887 -0.3446 -0.5091
vn -0.9478 0.3137 -0.0578
vn -0.8199 0.1997 -0.5365
vn -0.5471 -0.0733 -0.8338
vn -0.7601 0.6407 -0.1081
vn -0.6963 0.4717 -0.5409
vn -0.6814 -0.7308 -0.0392
vn -0.6348 -0.5998 -0.4870
vn 0.8409 -0.3437 -0.4180
vn 0.5285 -0.0123 -0.8488
vn 0.8866 0.0277 -0.4618
vn 0.7986 0.3939 -0.4551
vn 0.4871 0.2598 -0.8338
vn 0.5798 0.7023 -0.4130
vn 0.3505 0.5199 -0.7790
vn 0.5184 -0.2846 -0.8064
vn 0.4120 -0.5517 -0.7252
vn 0.6585 -0.6693 -0.3440
vn -0.1155 -0.7441 -0.6580
vn -0.3625 -0.9254 -0.1110
vn -0.3783 -0.7236 -0.5773
vn 0.3582 -0.8922 -0.2750
vn -0.0003 -0.9800 -0.1991
vn 0.1535 -0.6992 -0.6983
vn -0.4651 0.8622 -0.2009
vn -0.1959 0.6565 -0.7284
vn -0.4551 0.6143 -0.6446
vn 0.2556 0.8953 -0.3648
vn -0.1109 0.9487 -0.2960
vn 0.0767 0.6388 -0.7655
vn 0.3856 0.7406 0.5503
vn 0.1882 -0.7035 0.6853
vn -0.3982 0.5432 0.7391
vn -0.3379 -0.5086 0.7919
vn 0.8330 -0.2142 0.5102
vn -0.5089 -0.2759 0.8154
vn -0.9977 -0.0589 -0.0333
vn -0.5417 0.2961 0.7867
vn 0.1028 0.7853 0.6105
vn 0.6292 0.5905 0.5053
vn -0.0944 -0.6586 0.7465
vn 0.8727 0.0743 0.4825
vn 0.4645 -0.6330 0.6194
vn 0.8001 0.3578 0.4814
vn 0.1005 -0.9638 0.2470
vn -0.2703 -0.9056 0.3267
vn 0.3593 0.9306 0.0695
vn 0.6793 0.7338 0.0102
vn 0.7585 -0.6468 0.0796
vn 0.9465 -0.3222 0.0166
vn 0.4627 -0.8720 0.1600
vn -0.9093 -0.0313 0.4149
vn -0.8576 0.3472 0.3795
vn 0.3248 0.1847 0.9276
vn 0.8002 0.3578 0.4813
vn 0.6292 0.5906 0.5053
vn 0.9982 0.0563 -0.0190
vn -0.0116 0.9888 0.1489
vn -0.3737 0.8970 0.2362
vn -0.6695 0.6718 0.3170
vn 0.1063 -0.0635 0.9923
vn -0.5089 -0.2760 0.8154
vn -0.3380 -0.5086 0.7919
vn -0.5902 -0.7087 0.3864
vn 0.9035 0.4281 -0.0210
vn -0.0944 -0.6587 0.7465
vn 0.3384 -0.0528 0.9395
vn 0.4645 -0.6330 0.6193
vn 0.6896 -0.4614 0.5582
vn 0.8728 0.0743 0.4824
vn 0.3708 0.0029 0.9287
vn 0.8330 -0.2142 0.5101
vn 0.1434 0.2128 0.9665
vn 0.1028 0.7854 0.6105
vn -0.1733 0.7149 0.6774
vn 0.3634 0.1323 0.9222
vn 0.2699 0.2186 0.9377
vn 0.3856 0.7406 0.5502
vn 0.0927 0.1741 0.9804
vn -0.3983 0.5432 0.7391
vn 0.0678 -0.0111 0.9976
vn -0.5818 0.0075 0.8133
vn -0.8145 -0.4031 0.4172
vn 0.1882 -0.7036 0.6853
vn 0.1612 -0.0974 0.9821
vn 0.0603 0.1184 0.9911
vn -0.5418 0.2961 0.7866
vn 0.2877 -0.0916 0.9533
vn -0.4324 -0.2419 0.8686
vn 0.0516 0.0531 0.9973
vn -0.4978 0.0150 0.8672
vn -0.4622 0.2765 0.8426
vn -0.3321 0.5007 0.7994
vn -0.2774 -0.4529 0.8473
vn 0.8199 0.0755 0.5674
vn 0.7843 -0.1860 0.5918
vn 0.3796 0.0681 0.9227
vn 0.7545 0.3325 0.5658
vn 0.5996 0.5435 0.5874
vn 0.6543 -0.4101 0.6354
vn 0.1998 -0.6291 0.7512
vn -0.0565 -0.5891 0.8061
vn 0.2252 -0.1073 0.9684
vn 0.4501 -0.5658 0.6909
vn -0.1279 0.6564 0.7435
vn 0.2059 0.2285 0.9515
vn 0.1224 0.7197 0.6834
vn 0.3786 0.6797 0.6283
vn -0.4620 -0.8867 0.0167
vn -0.8916 -0.2625 0.3690
vn -0.8073 0.4833 0.3386
vn -0.2674 0.9610 -0.0708
vn 0.4835 0.3478 0.8032
vn -0.5966 0.4864 0.6383
vn -0.4011 -0.8695 0.2881
vn -0.2375 0.9694 0.0623
vn -0.8873 0.4608 -0.0179
vn 0.3094 0.7842 -0.5379
vn 0.0859 0.2359 -0.9680
vn -0.4027 0.3158 -0.8591
vn -0.2798 0.8708 -0.4043
vn 0.6125 -0.7672 -0.1905
vn 0.3182 -0.4112 -0.8542
vn 0.8965 -0.4352 -0.0834
vn -0.5507 -0.8335 -0.0456
vn -0.5531 -0.4209 -0.7189
vn 0.6627 -0.3145 0.6797
vn -0.4561 -0.8069 0.3754
vn -0.1826 -0.3168 0.9307
vn -0.7215 -0.6458 0.2498
vn 0.8216 -0.5500 -0.1498
vn 0.5716 -0.3879 0.7231
vn 0.8158 -0.4974 0.2952
vn 0.1752 -0.2854 0.9423
vn 0.1751 -0.2854 0.9423
vn -0.3547 -0.2118 0.9107
vn -0.2807 -0.2720 0.9205
vn -0.7187 -0.2514 0.6483
vn -0.7186 -0.2514 0.6484
vn -0.2807 -0.2720 0.9204
vn -0.8073 0.4834 0.3386
vn -0.8916 -0.2626 0.3690
vn -0.3258 0.3324 0.8851
vn -0.0019 0.3448 0.9387
vn -0.2624 0.3505 0.8990
vn -0.7968 0.3515 -0.4915
vn -0.9631 0.1740 0.2053
vn -0.7968 0.3515 -0.4914
vn -0.6190 0.4683 -0.6304
vn -0.4716 -0.8670 0.1606
vn 0.6584 0.2931 0.6932
vn 0.1908 0.9226 0.3351
vn 0.4177 0.8759 0.2415
vn 0.1908 0.9226 0.3352
vn 0.5228 0.8353 -0.1702
vn 0.9494 0.2171 -0.2269
vn -0.3034 0.9528 0.0080
vn -0.1042 0.9202 0.3773
vn 0.6584 0.2930 0.6933
vn 0.6254 -0.5509 -0.5527
vn 0.2194 -0.4869 -0.8454
vn -0.2353 -0.4008 -0.8854
vn -0.4011 -0.8696 0.2881
vn -0.7030 -0.3098 -0.6402
vn -0.6386 -0.3727 -0.6733
vn -0.2173 -0.4371 -0.8728
vn -0.8873 0.4609 -0.0180
vn -0.9564 -0.2809 0.0804
vn -0.6806 0.2326 -0.6948
vn -0.6297 0.2472 -0.7364
vn -0.5207 0.4292 0.7380
vn -0.2374 0.9694 0.0622
vn -0.4830 -0.5145 0.7085
vn 0.7100 -0.0997 -0.6971
vn 0.0050 0.8703 -0.4924
vn 0.2513 0.8292 -0.4994
vn 0.0049 0.8703 -0.4924
vn -0.6198 0.3055 -0.7229
vn -0.2293 0.8875 -0.3996
vn -0.1601 0.3222 -0.9330
vn 0.2923 0.1899 -0.9373
vn 0.5460 0.8195 -0.1743
vn 0.4201 0.8791 0.2252
vn 0.5356 0.8432 0.0455
vn 0.2243 0.9207 0.3194
vn -0.1221 0.9215 0.3686
vn -0.3456 0.9382 0.0184
vn -0.2612 0.9258 0.2734
vn 0.9194 0.3215 -0.2267
vn -0.8574 -0.4357 -0.2740
vn 0.6749 -0.6683 0.3129
vn 0.6572 -0.6865 0.3110
vn -0.1032 0.1421 0.9845
vn 0.4229 -0.5148 0.7457
vn -0.1383 0.4587 0.8778
vn -0.1032 0.1420 0.9845
vn 0.4408 -0.7114 -0.5473
vn -0.5574 -0.8114 0.1761
vn -0.3863 -0.2215 0.8954
vn -0.5531 -0.4209 -0.7190
vn -0.7607 -0.2181 -0.6114
vn 0.4235 -0.8529 0.3052
vn 0.0595 -0.8980 0.4360
vn -0.1600 -0.4847 -0.8599
vn -0.0289 -0.4741 -0.8800
vn -0.2975 -0.4507 -0.8417
vn -0.2975 -0.4507 -0.8416
vn -0.5689 0.3739 -0.7325
vn -0.5924 0.3369 -0.7318
vn 0.2929 0.0545 -0.9546
vn 0.6405 -0.6556 0.3999
vn 0.8954 -0.2368 -0.3771
vn -0.9844 0.1680 0.0520
vn -0.9737 0.0158 -0.2273
vn 0.2928 0.0546 -0.9546
vn 0.0130 -0.3402 -0.9403
vn -0.1398 -0.3460 -0.9278
vn -0.6618 -0.2625 -0.7022
vn -0.5165 0.0259 -0.8559
vn -0.5169 0.3547 -0.7791
vn 0.4322 0.8778 -0.2067
vn -0.5166 0.0258 -0.8559
vn -0.5573 -0.8114 0.1761
vn -0.4562 -0.8068 0.3754
vn -0.5819 -0.7861 -0.2081
vn -0.9811 -0.1733 0.0861
vn 0.2759 -0.8945 -0.3519
vn -0.1077 -0.9450 -0.3087
vn 0.2759 -0.8945 -0.3518
vn 0.1038 -0.9183 0.3819
vn -0.1525 -0.8840 0.4419
vn 0.3907 -0.8739 0.2893
vn -0.4562 -0.8068 0.3753
vn 0.6572 -0.6865 0.3111
vn -0.4144 -0.4636 -0.7832
vn -0.6078 -0.4080 0.6813
vn 0.3635 -0.9316 0.0025
vn 0.2329 -0.6860 0.6893
vn -0.6887 -0.4654 -0.5559
vn 0.1553 -0.7263 -0.6696
vn -0.6920 -0.7177 0.0777
vn -0.7663 -0.1048 -0.6338
vn -0.9783 -0.1942 0.0720
vn -0.7293 0.0355 -0.6833
vn -0.9965 0.0675 0.0489
vn -0.7116 0.1380 -0.6889
vn -0.9648 0.2596 0.0420
vn -0.6809 0.2839 -0.6751
vn -0.3896 0.9210 0.0007
vn -0.8540 0.5194 0.0295
vn 0.6599 0.7474 -0.0770
vn -0.4801 0.5993 -0.6407
vn -0.3724 0.6364 0.6754
vn -0.5886 0.3501 0.7287
vn -0.6312 0.2044 0.7482
vn -0.6540 0.0856 0.7516
vn -0.6731 -0.0579 0.7373
vn 0.4593 -0.5194 0.7206
vn 0.0639 -0.8917 -0.4481
vn 0.6968 -0.7094 -0.1061
vn -0.7461 -0.4786 0.4629
vn -0.6384 -0.6538 -0.4062
vn -0.1560 -0.7844 0.6004
vn -0.8275 -0.1220 0.5480
vn -0.2169 -0.2962 0.9302
vn -0.8582 0.0254 0.5127
vn -0.2314 -0.0381 0.9721
vn -0.8539 0.1296 0.5041
vn -0.2201 0.1570 0.9627
vn -0.8255 0.2766 0.4920
vn -0.0603 0.8857 0.4604
vn -0.1873 0.4317 0.8824
vn 0.1490 0.7942 -0.5892
vn -0.7229 0.6092 0.3261
vn 0.5806 0.5458 0.6041
vn 0.5492 0.2247 0.8049
vn 0.5482 0.0692 0.8335
vn 0.5394 -0.0516 0.8405
vn 0.5134 -0.1913 0.8366
vn 0.6296 -0.4963 -0.5977
vn -0.4364 -0.8995 0.0212
vn -0.2297 -0.7123 -0.6632
vn 0.6218 -0.4596 0.6342
vn -0.2604 -0.6631 0.7018
vn 0.6456 -0.7632 0.0270
vn 0.7157 -0.0777 0.6940
vn 0.9711 -0.2379 0.0180
vn 0.6779 0.0749 0.7314
vn 0.9992 0.0338 0.0224
vn 0.6620 0.1802 0.7276
vn 0.9729 0.2309 0.0120
vn 0.6365 0.3246 0.6996
vn 0.4144 0.9093 -0.0378
vn 0.8684 0.4958 -0.0035
vn -0.6413 0.7670 -0.0200
vn 0.4522 0.6360 0.6254
vn 0.4482 0.5744 -0.6850
vn 0.6548 0.2734 -0.7046
vn 0.6930 0.1225 -0.7105
vn 0.7114 0.0006 -0.7028
vn 0.7232 -0.1454 -0.6752
vn 0.7983 -0.4884 0.3524
vn -0.1133 -0.8573 -0.5023
vn 0.5924 -0.6288 -0.5036
vn -0.3780 -0.5752 0.7254
vn -0.7083 -0.6984 -0.1027
vn 0.2276 -0.8170 0.5299
vn -0.4244 -0.2206 0.8782
vn 0.3088 -0.3287 0.8925
vn -0.4798 -0.0725 0.8744
vn 0.2963 -0.0641 0.9529
vn -0.4875 0.0342 0.8724
vn 0.2857 0.1351 0.9488
vn -0.4789 0.1865 0.8578
vn 0.1161 0.8670 0.4847
vn 0.2508 0.4101 0.8769
vn -0.2155 0.8209 -0.5289
vn -0.4890 0.5285 0.6939
vn 0.7598 0.5948 0.2626
vn 0.8582 0.2863 0.4260
vn 0.8852 0.1352 0.4451
vn 0.8920 0.0118 0.4518
vn 0.8793 -0.1389 0.4555
vn -0.8789 -0.4485 0.1623
vn 0.3446 -0.8914 0.2944
vn -0.2152 -0.6526 0.7265
vn -0.1033 -0.5638 -0.8194
vn 0.6052 -0.7189 -0.3418
vn -0.5246 -0.7862 -0.3267
vn -0.1356 -0.2399 -0.9613
vn -0.7758 -0.0517 -0.6289
vn -0.7636 -0.3125 -0.5649
vn -0.7548 0.1371 -0.6415
vn -0.0829 -0.0975 -0.9918
vn -0.0683 0.1586 -0.9850
vn -0.0718 0.0046 -0.9974
vn -0.3692 0.8531 -0.3688
vn -0.6778 0.4075 -0.6120
vn 0.4074 0.8574 0.3143
vn 0.0065 0.5051 -0.8631
vn -0.7942 0.5906 0.1430
vn -0.9478 0.3060 0.0898
vn -0.9808 0.1660 0.1028
vn -0.9922 0.0507 0.1142
vn -0.9875 -0.1033 0.1194
vn -0.0058 -0.4649 -0.8854
vn -0.2830 -0.9037 0.3213
vn -0.6319 -0.7102 -0.3105
vn 0.8574 -0.5144 0.0145
vn 0.2999 -0.6712 0.6780
vn 0.4332 -0.7711 -0.4667
vn 0.9831 -0.1753 -0.0528
vn 0.6563 -0.0234 -0.7541
vn 0.6412 -0.2837 -0.7130
vn 0.9943 0.0776 -0.0725
vn 0.9985 -0.0341 -0.0424
vn 0.6187 0.1743 -0.7660
vn 0.9645 0.2403 -0.1093
vn 0.2601 0.8801 -0.3973
vn 0.5376 0.4515 -0.7121
vn -0.3621 0.8077 0.4653
vn 0.8146 0.5783 -0.0444
vn -0.3059 0.5781 -0.7565
vn -0.1729 0.2986 -0.9386
vn -0.1224 0.1467 -0.9816
vn -0.0773 0.0273 -0.9966
vn -0.0233 -0.1222 -0.9922
vn -0.6417 -0.4008 -0.6539
vn -0.0296 -0.9335 0.3572
vn -0.7081 -0.6813 0.1856
vn 0.5869 -0.4507 -0.6727
vn 0.6619 -0.7275 0.1809
vn -0.0384 -0.7097 -0.7034
vn 0.6745 -0.0813 -0.7338
vn -0.0154 -0.1720 -0.9850
vn 0.7248 0.0599 -0.6863
vn 0.0101 0.0935 -0.9956
vn 0.7313 0.1615 -0.6626
vn 0.0166 0.2850 -0.9584
vn 0.7184 0.3046 -0.6254
vn 0.0203 0.9322 -0.3614
vn 0.0226 0.5417 -0.8403
vn 0.0226 0.7257 0.6876
vn 0.6758 0.6139 -0.4079
vn -0.6587 0.6437 -0.3895
vn -0.6932 0.3620 -0.6232
vn -0.7097 0.2164 -0.6705
vn -0.7118 0.0983 -0.6954
vn -0.6961 -0.0452 -0.7166
vn 0.9261 0.3673 -0.0863
vn 0.3879 0.6203 0.6817
vn 0.7253 0.3208 0.6091
vn 0.2833 0.5562 -0.7813
vn 0.6887 0.7209 -0.0774
vn 0.6398 0.1651 -0.7506
vn 0.9790 0.1907 -0.0719
vn 0.6894 -0.0668 -0.7213
vn 0.9965 -0.0680 -0.0488
vn 0.6641 -0.2284 -0.7119
vn 0.9650 -0.2590 -0.0420
vn 0.5545 -0.4531 -0.6980
vn 0.8560 -0.5161 -0.0296
vn 0.3849 -0.9230 -0.0000
vn 0.1172 -0.6708 -0.7323
vn 0.7421 -0.6683 -0.0518
vn 0.2331 -0.6355 0.7361
vn 0.6341 -0.4977 0.5917
vn 0.6330 -0.4040 0.6604
vn 0.7353 -0.1770 0.6542
vn 0.7610 -0.0082 0.6487
vn 0.7331 0.2309 0.6397
vn 0.2010 0.4563 -0.8668
vn 0.7912 0.6009 -0.1140
vn 0.8053 0.3433 -0.4833
vn -0.6397 0.6484 -0.4127
vn 0.1555 0.7872 -0.5968
vn -0.5314 0.2937 -0.7945
vn 0.2170 0.2928 -0.9312
vn -0.4998 0.0685 -0.8634
vn 0.2314 0.0377 -0.9721
vn -0.5045 -0.0967 -0.8580
vn 0.2202 -0.1564 -0.9628
vn -0.5321 -0.3379 -0.7763
vn 0.1880 -0.4280 -0.8840
vn 0.0593 -0.8883 -0.4554
vn -0.7042 -0.5892 -0.3962
vn 0.1167 -0.6108 -0.7831
vn 0.7409 -0.6665 -0.0828
vn 0.7130 -0.4933 -0.4983
vn 0.7883 -0.4013 -0.4664
vn 0.8246 -0.1623 -0.5419
vn 0.8358 0.0090 -0.5490
vn 0.8320 0.2444 -0.4981
vn -0.8968 0.4417 -0.0239
vn -0.2907 0.5899 -0.7533
vn -0.6428 0.3332 -0.6898
vn -0.2894 0.6314 0.7195
vn -0.6416 0.7666 -0.0272
vn -0.6816 0.2551 0.6858
vn -0.9721 0.2341 -0.0179
vn -0.7426 0.0171 0.6696
vn -0.9992 -0.0343 -0.0224
vn -0.7227 -0.1491 0.6749
vn -0.9730 -0.2303 -0.0120
vn -0.6186 -0.3806 0.6874
vn -0.8703 -0.4925 0.0031
vn -0.4097 -0.9115 0.0376
vn -0.1876 -0.6136 0.7670
vn -0.7631 -0.6444 0.0502
vn -0.1841 -0.6881 -0.7018
vn -0.5998 -0.5228 -0.6058
vn -0.5907 -0.4428 -0.6745
vn -0.6882 -0.2138 -0.6932
vn -0.7103 -0.0413 -0.7027
vn -0.6732 0.2069 -0.7100
vn -0.2993 0.5169 -0.8021
vn 0.5839 0.6823 -0.4399
vn 0.4229 0.4445 -0.7897
vn -0.8143 0.5803 0.0137
vn -0.2263 0.8199 -0.5259
vn -0.8828 0.2422 -0.4026
vn -0.3089 0.3250 -0.8938
vn -0.8709 0.0136 -0.4913
vn -0.2963 0.0636 -0.9530
vn -0.8585 -0.1532 -0.4894
vn -0.2857 -0.1345 -0.9488
vn -0.8220 -0.3912 -0.4139
vn -0.2513 -0.4066 -0.8784
vn -0.1143 -0.8695 -0.4805
vn -0.7523 -0.6587 -0.0102
vn -0.2406 -0.5745 -0.7824
vn 0.6413 -0.5926 -0.4874
vn 0.4057 -0.4151 -0.8143
vn 0.4741 -0.3128 -0.8230
vn 0.4468 -0.0712 -0.8918
vn 0.4384 0.1037 -0.8928
vn 0.4426 0.3431 -0.8285
vn 0.7479 0.4548 0.4835
vn -0.1991 0.6765 0.7090
vn 0.1495 0.3929 0.9073
vn 0.7103 0.5497 -0.4396
vn 0.5220 0.7887 0.3247
vn 0.9682 0.1999 -0.1503
vn 0.7643 0.3092 0.5659
vn 0.7758 0.0512 0.6289
vn 0.9973 -0.0308 -0.0673
vn 0.7552 -0.1362 0.6412
vn 0.9803 -0.1885 -0.0592
vn 0.6791 -0.4046 0.6125
vn 0.9036 -0.4171 -0.0976
vn 0.3654 -0.8559 0.3661
vn 0.6045 -0.6922 -0.3943
vn 0.6050 -0.5594 0.5666
vn -0.2848 -0.6084 0.7407
vn 0.0783 -0.4092 0.9091
vn 0.0427 -0.2856 0.9574
vn 0.1108 -0.0367 0.9932
vn 0.1290 0.1287 0.9833
vn 0.1043 0.3560 0.9286
vn -0.6162 0.4327 0.6581
vn -0.7312 0.6181 -0.2886
vn -0.9477 0.3190 0.0032
vn 0.3313 0.6064 0.7229
vn -0.4311 0.7737 0.4643
vn 0.0684 0.2467 0.9667
vn -0.6419 0.2803 0.7137
vn -0.6591 0.0192 0.7518
vn 0.0357 0.0195 0.9992
vn -0.6219 -0.1700 0.7644
vn 0.1595 -0.3764 0.9126
vn -0.5386 -0.4482 0.7135
vn -0.2578 -0.8823 0.3938
vn 0.4830 -0.6139 0.6244
vn -0.4485 -0.5931 0.6687
vn -0.7357 -0.6436 -0.2112
vn -0.8482 -0.4983 0.1795
vn -0.9226 -0.3781 0.0766
vn -0.9843 -0.1373 0.1112
vn -0.9954 0.0309 0.0904
vn -0.9626 0.2696 0.0268
vn 0.0283 0.3623 0.9316
vn -0.7017 0.6199 0.3512
vn -0.6532 0.3235 0.6847
vn 0.7641 0.5574 0.3247
vn 0.0383 0.7133 0.6999
vn 0.7137 0.1538 0.6833
vn 0.0152 0.1683 0.9856
vn 0.6798 -0.0820 0.7288
vn -0.0101 -0.0939 0.9955
vn 0.6702 -0.2441 0.7009
vn -0.0166 -0.2844 0.9586
vn 0.6613 -0.4662 0.5876
vn -0.0226 -0.5384 0.8424
vn -0.0206 -0.9340 0.3566
vn 0.7286 -0.6667 0.1570
vn -0.0015 -0.6920 0.7219
vn -0.7482 -0.6400 0.1748
vn -0.6247 -0.5208 0.5819
vn -0.6954 -0.4246 0.5797
vn -0.6964 -0.1993 0.6894
vn -0.6926 -0.0305 0.7207
vn -0.6819 0.2131 0.6997
vn 0.3879 0.6204 0.6816
vn 0.6268 0.2957 -0.7209
vn 0.9260 0.3674 -0.0863
vn 0.2833 0.5563 -0.7812
vn 0.6399 0.1652 -0.7505
vn 0.6642 -0.2283 -0.7118
vn 0.6895 -0.0667 -0.7212
vn 0.5546 -0.4531 -0.6980
vn 0.1173 -0.6708 -0.7323
vn 0.4013 0.5861 -0.7039
vn 0.5184 -0.5442 -0.6596
vn 0.6341 -0.4979 0.5917
vn 0.7420 -0.6684 -0.0518
vn 0.5001 0.6296 0.5945
vn 0.2330 -0.6355 0.7361
vn 0.6330 -0.4041 0.6603
vn 0.7353 -0.1771 0.6542
vn 0.7332 0.2308 0.6397
vn 0.7611 -0.0082 0.6486
vn 0.7911 0.6009 -0.1140
vn -0.5069 0.4046 -0.7611
vn 0.2010 0.4564 -0.8668
vn -0.5313 0.2938 -0.7946
vn -0.5044 -0.0966 -0.8580
vn -0.4998 0.0686 -0.8635
vn -0.5320 -0.3379 -0.7764
vn -0.7041 -0.5892 -0.3963
vn -0.5193 0.6684 -0.5325
vn -0.5033 -0.4553 -0.7344
vn 0.7129 -0.4934 -0.4983
vn 0.1167 -0.6109 -0.7831
vn 0.7398 0.6186 -0.2646
vn 0.7408 -0.6666 -0.0828
vn 0.8245 -0.1624 -0.5420
vn 0.8319 0.2444 -0.4982
vn 0.8358 0.0089 -0.5490
vn -0.2908 0.5899 -0.7533
vn -0.6549 0.3886 0.6481
vn -0.8968 0.4418 -0.0239
vn -0.2894 0.6314 0.7194
vn -0.6817 0.2551 0.6858
vn -0.7227 -0.1491 0.6748
vn -0.7426 0.0171 0.6695
vn -0.6187 -0.3805 0.6873
vn -0.4284 0.6435 0.6344
vn -0.5724 -0.4837 0.6621
vn -0.5998 -0.5229 -0.6057
vn -0.7630 -0.6444 0.0503
vn -0.4329 0.5950 -0.6772
vn -0.1841 -0.6882 -0.7018
vn -0.5908 -0.4429 -0.6744
vn -0.6883 -0.2138 -0.6932
vn -0.6732 0.2069 -0.7099
vn 0.5838 0.6823 -0.4400
vn -0.8437 0.3871 -0.3719
vn -0.2993 0.5169 -0.8020
vn -0.8142 0.5804 0.0136
vn -0.8827 0.2422 -0.4027
vn -0.8584 -0.1531 -0.4895
vn -0.8709 0.0137 -0.4913
vn -0.7523 -0.6587 -0.0103
vn -0.7666 0.6258 -0.1439
vn -0.7785 -0.4801 -0.4043
vn 0.4057 -0.4152 -0.8143
vn -0.2406 -0.5745 -0.7823
vn 0.4660 0.6900 -0.5538
vn 0.4740 -0.3129 -0.8230
vn 0.4467 -0.0712 -0.8919
vn 0.4383 0.1037 -0.8928
vn -0.1990 0.6765 0.7091
vn 0.1496 0.3929 0.9073
vn 0.9212 0.3543 -0.1610
vn 0.7479 0.4549 0.4835
vn 0.7103 0.5498 -0.4395
vn 0.9682 0.2000 -0.1503
vn 0.9803 -0.1885 -0.0591
vn 0.9973 -0.0307 -0.0672
vn 0.9036 -0.4171 -0.0975
vn 0.6045 -0.6922 -0.3942
vn 0.7310 0.6167 -0.2922
vn 0.8849 -0.4636 -0.0455
vn 0.6049 -0.5594 0.5667
vn -0.1325 0.6808 0.7204
vn -0.2848 -0.6085 0.7407
vn 0.0428 -0.2856 0.9574
vn 0.1109 -0.0367 0.9932
vn 0.1044 0.3560 0.9286
vn 0.1292 0.1286 0.9832
vn -0.7312 0.6182 -0.2885
vn -0.9477 0.3191 0.0031
vn 0.0138 0.3960 0.9182
vn -0.6162 0.4327 0.6580
vn 0.3312 0.6064 0.7229
vn 0.0683 0.2468 0.9667
vn 0.0708 -0.1347 0.9884
vn 0.0356 0.0195 0.9992
vn 0.4829 -0.6140 0.6244
vn 0.2986 0.6780 0.6717
vn 0.1757 -0.4289 0.8861
vn -0.4485 -0.5931 0.6686
vn -0.7826 0.6216 -0.0344
vn -0.7356 -0.6437 -0.2112
vn -0.9226 -0.3781 0.0767
vn -0.9954 0.0309 0.0905
vn -0.9842 -0.1374 0.1113
vn -0.9626 0.2696 0.0269
vn -0.6531 0.3234 0.6847
vn 0.6899 0.2869 0.6646
vn 0.0283 0.3624 0.9316
vn 0.7640 0.5575 0.3248
vn 0.7137 0.1539 0.6834
vn 0.6701 -0.2441 0.7010
vn 0.6613 -0.4662 0.5877
vn 0.6626 0.5773 0.4771
vn 0.6149 -0.5581 0.5572
vn -0.6246 -0.5208 0.5819
vn -0.0015 -0.6921 0.7218
vn -0.6252 0.6134 0.4825
vn -0.6954 -0.4247 0.5797
vn -0.6964 -0.1994 0.6894
vn -0.6818 0.2131 0.6998
vn -0.6926 -0.0306 0.7207
vn 0.4751 -0.5160 -0.7127
vn 0.7691 -0.3487 0.5356
vn 0.7332 -0.6338 0.2463
vn 0.5492 -0.6359 0.5421
vn 0.1952 -0.7607 -0.6190
vn 0.7448 -0.1409 -0.6522
vn 0.7029 0.0024 0.7113
vn 0.6751 0.1343 0.7254
vn 0.7553 0.1372 -0.6409
vn 0.6517 0.3467 0.6746
vn 0.5653 0.3786 -0.7329
vn 0.5314 0.8327 0.1554
vn 0.6185 0.6061 0.5001
vn 0.5654 0.3786 -0.7328
vn 0.2461 0.5988 -0.7621
vn 0.5314 0.8327 0.1553
vn 0.3084 0.8259 0.4719
vn -0.0381 0.6914 -0.7215
vn 0.0580 0.7951 0.6037
vn -0.0380 0.6914 -0.7215
vn -0.1702 0.7602 0.6271
vn -0.2791 0.6576 -0.6997
vn -0.4295 0.7067 0.5622
vn -0.4908 0.5382 -0.6852
vn -0.6795 0.6701 0.2986
vn -0.6635 0.3318 -0.6706
vn -0.6612 0.4267 0.6170
vn -0.6635 0.3317 -0.6706
vn -0.8418 0.0303 -0.5389
vn -0.5808 0.1247 0.8044
vn -0.5499 -0.0041 0.8352
vn -0.8418 0.0304 -0.5389
vn -0.8453 -0.2309 -0.4818
vn -0.1259 0.2761 0.9528
vn 0.0441 0.1016 0.9938
vn 0.0419 0.1512 0.9876
vn 0.0796 0.0834 0.9933
vn 0.0796 0.0829 0.9934
vn 0.0740 0.0822 0.9939
vn 0.0513 0.0544 0.9972
vn 0.0797 0.0824 0.9934
vn -0.5320 -0.2227 0.8170
vn -0.5232 -0.5074 0.6847
vn -0.0600 -0.1710 0.9834
vn -0.6693 -0.4868 -0.5613
vn -0.4882 -0.7897 0.3716
vn -0.2162 -0.7347 0.6430
vn -0.3561 -0.7132 -0.6038
vn -0.4882 -0.7897 0.3715
vn -0.0673 -0.8011 -0.5948
vn -0.0674 -0.8010 -0.5948
vn 0.0488 -0.6829 0.7289
vn 0.2771 -0.6490 0.7085
vn -0.0673 -0.8010 -0.5948
vn 0.1952 -0.7607 -0.6191
vn 0.0636 0.0052 0.9980
vn 0.1173 0.0139 0.9930
vn 0.0801 0.0824 0.9934
vn 0.1156 0.0642 0.9912
vn 0.0801 0.0830 0.9933
vn 0.2805 -0.1179 0.9526
vn 0.1080 0.1113 0.9879
vn 0.0856 0.0836 0.9928
vn 0.2122 0.3277 0.9206
vn 0.0799 0.0835 0.9933
vn 0.0954 0.1598 0.9825
vn 0.7449 -0.1409 -0.6522
vn 0.4752 -0.5160 -0.7127
vn -0.0799 -0.0830 -0.9933
vn 0.1952 -0.7608 -0.6190
vn -0.0673 -0.8011 -0.5947
vn -0.8453 -0.2309 -0.4817
vn 0.2461 0.5989 -0.7621
vn -0.4908 0.5383 -0.6851
vn -0.2791 0.6577 -0.6996
vn 0.7553 0.1372 -0.6408
vn -0.0381 0.6915 -0.7214
vn 0.6013 0.0508 -0.7974
vn 0.9729 0.1639 0.1631
vn -0.9936 -0.0690 -0.0894
vn -0.9983 0.0487 -0.0311
vn -0.9950 -0.0489 -0.0868
vn 0.2446 0.2844 -0.9270
vn 0.6574 0.7425 -0.1285
vn -0.0246 0.7531 -0.6575
vn -0.6622 0.7384 -0.1277
vn -0.0020 0.2898 -0.9571
vn -0.3723 0.7192 0.5866
vn -0.0796 0.6828 0.7263
vn 0.2714 0.7085 0.6515
vn 0.6678 0.7443 -0.0003
vn 0.4844 -0.8748 0.0045
vn -0.9152 -0.3302 0.2310
vn 0.1908 0.9227 0.3351
vn -0.9357 -0.2698 0.2272
vn 0.5227 0.8354 -0.1701
vn 0.0858 0.2359 -0.9680
vn -0.8453 0.5106 0.1575
vn 0.3325 -0.1083 -0.9369
vn -0.9653 0.1593 0.2067
vn -0.9696 0.1258 0.2098
vn 0.9523 0.2042 -0.2267
vn -0.1031 0.1420 0.9845
vn -0.2975 -0.4506 -0.8417
vn 0.3095 0.9403 0.1416
vn -0.1732 0.7148 0.6775
vn 0.6896 -0.4613 0.5583
vn -0.8916 -0.2625 0.3689
vn 0.1869 -0.3234 0.9276
vn -0.8073 0.4834 0.3385
vn 0.7025 -0.0042 0.7117
vn -0.2812 -0.9596 -0.0090
vn -0.0610 0.9349 0.3497
vn -0.0067 0.4271 0.9042
vn 0.4836 0.3478 0.8032
vn -0.7029 -0.3098 -0.6402
vn -0.9564 -0.2808 0.0805
vn -0.4525 0.8649 0.2172
vn -0.2246 -0.9437 0.2428
vn -0.0435 0.9435 0.3286
vn 0.3534 -0.1813 -0.9177
vn -0.0917 0.1015 0.9906
vn 0.3094 0.9403 0.1417
vn -0.0917 0.1016 0.9906
vn 0.2739 -0.9618 -0.0012
vn 0.6683 -0.7111 0.2183
vn 0.3182 -0.4113 -0.8542
vn 0.3255 -0.1935 -0.9255
vn -0.7607 -0.2182 -0.6114
vn 0.6683 -0.7112 0.2183
vn -0.1756 0.3136 -0.9332
vn 0.0131 -0.3401 -0.9403
vn -0.5076 -0.0154 -0.8615
vn 0.1990 0.9541 -0.2239
vn -0.7214 -0.6459 0.2498
vn 0.1039 -0.9183 0.3820
vn 0.5001 0.6296 0.5946
vn 0.7398 0.6186 -0.2647
vn -0.4329 0.5949 -0.6772
vn 0.4660 0.6900 -0.5539
vn -0.7826 0.6215 -0.0344
vn -0.6253 0.6134 0.4825
vn 0.5185 -0.5442 -0.6596
vn -0.7784 -0.4802 -0.4044
vn 0.8849 -0.4635 -0.0455
vn 0.0138 0.3959 0.9182
vn 0.0709 -0.1347 0.9883
vn 0.1756 -0.4288 0.8862
vn -0.5193 0.6683 -0.5326
vn -0.4285 0.6434 0.6343
vn -0.7666 0.6258 -0.1440
vn 0.7310 0.6166 -0.2921
vn 0.2986 0.6779 0.6717
vn 0.6626 0.5773 0.4772
vn 0.7553 0.1373 -0.6409
vn -0.2792 0.6576 -0.6997
vt 0.227329 0.033378
vt 0.201653 0.007763
vt 0.229385 0.007764
vt 0.200265 0.033297
vt 0.173922 0.007763
vt 0.146133 0.033206
vt 0.146191 0.007762
vt 0.119066 0.033161
vt 0.118459 0.007762
vt 0.092000 0.033116
vt 0.090728 0.007761
vt 0.064933 0.033070
vt 0.062996 0.007761
vt 0.037867 0.033025
vt 0.035265 0.007761
vt 0.010801 0.032980
vt 0.007534 0.007760
vt 0.225251 0.059256
vt 0.198862 0.059094
vt 0.173199 0.033252
vt 0.172468 0.059004
vt 0.119679 0.058822
vt 0.093284 0.058731
vt 0.066890 0.058641
vt 0.040496 0.058550
vt 0.014101 0.058459
vt 0.223174 0.085133
vt 0.171737 0.084755
vt 0.146015 0.084619
vt 0.146073 0.058913
vt 0.120292 0.084483
vt 0.094569 0.084347
vt 0.043124 0.084075
vt 0.017402 0.083939
vt 0.221095 0.111011
vt 0.197460 0.084891
vt 0.171006 0.110507
vt 0.145955 0.110326
vt 0.095854 0.109963
vt 0.070804 0.109782
vt 0.068847 0.084211
vt 0.045753 0.109600
vt 0.020703 0.109419
vt 0.219018 0.136889
vt 0.196056 0.110688
vt 0.194654 0.136486
vt 0.170275 0.136259
vt 0.121518 0.135805
vt 0.120905 0.110144
vt 0.097139 0.135579
vt 0.072760 0.135352
vt 0.048381 0.135125
vt 0.024003 0.134898
vt 0.216940 0.162767
vt 0.193251 0.162283
vt 0.145837 0.161739
vt 0.145896 0.136032
vt 0.098423 0.161194
vt 0.074717 0.160922
vt 0.051010 0.160650
vt 0.027303 0.160378
vt 0.214863 0.188645
vt 0.191848 0.188080
vt 0.169544 0.162011
vt 0.145778 0.187445
vt 0.122743 0.187128
vt 0.122130 0.161466
vt 0.099709 0.186810
vt 0.076674 0.186493
vt 0.053639 0.186175
vt 0.030604 0.185858
vt 0.212785 0.214522
vt 0.190445 0.213877
vt 0.168813 0.187762
vt 0.145719 0.213151
vt 0.123356 0.212789
vt 0.100993 0.212426
vt 0.078630 0.212063
vt 0.056267 0.211700
vt 0.033905 0.211337
vt 0.210708 0.240400
vt 0.189042 0.239674
vt 0.168082 0.213514
vt 0.145660 0.238858
vt 0.123969 0.238450
vt 0.102278 0.238042
vt 0.080587 0.237633
vt 0.058896 0.237225
vt 0.037205 0.236817
vt 0.208630 0.266278
vt 0.166620 0.265018
vt 0.167351 0.239266
vt 0.145601 0.264564
vt 0.124582 0.264111
vt 0.103563 0.263657
vt 0.082544 0.263204
vt 0.061525 0.262750
vt 0.040505 0.262297
vt 0.206553 0.292156
vt 0.187639 0.265471
vt 0.165890 0.290770
vt 0.145542 0.290271
vt 0.125195 0.289772
vt 0.104848 0.289273
vt 0.084501 0.288774
vt 0.064153 0.288275
vt 0.043806 0.287776
vt 0.204475 0.318034
vt 0.186237 0.291268
vt 0.165086 0.316513
vt 0.145374 0.315973
vt 0.125662 0.315434
vt 0.105950 0.314894
vt 0.086238 0.314354
vt 0.066526 0.313815
vt 0.046814 0.313275
vt 0.184607 0.342947
vt 0.184798 0.317053
vt 0.164922 0.342379
vt 0.145238 0.341810
vt 0.125553 0.341242
vt 0.105868 0.340673
vt 0.086183 0.340105
vt 0.066499 0.339536
vt 0.046814 0.338968
vt 0.204290 0.343794
vt 0.189149 0.368379
vt 0.168816 0.367848
vt 0.148482 0.367316
vt 0.128148 0.366785
vt 0.107815 0.366254
vt 0.087481 0.365723
vt 0.067148 0.365191
vt 0.046814 0.364660
vt 0.209547 0.369218
vt 0.193742 0.393806
vt 0.172752 0.393312
vt 0.151762 0.392819
vt 0.130773 0.392326
vt 0.109783 0.391833
vt 0.088793 0.391339
vt 0.067804 0.390846
vt 0.046814 0.390353
vt 0.214802 0.394641
vt 0.198335 0.419232
vt 0.176689 0.418777
vt 0.155043 0.418322
vt 0.133397 0.417866
vt 0.111751 0.417411
vt 0.090106 0.416956
vt 0.068460 0.416501
vt 0.046814 0.416045
vt 0.220059 0.420064
vt 0.202927 0.444659
vt 0.180626 0.444242
vt 0.158324 0.443825
vt 0.136022 0.443407
vt 0.113720 0.442990
vt 0.091418 0.442572
vt 0.069117 0.442155
vt 0.046815 0.441738
vt 0.225314 0.445488
vt 0.207521 0.470086
vt 0.184563 0.469706
vt 0.161605 0.469327
vt 0.138647 0.468948
vt 0.115689 0.468568
vt 0.092731 0.468189
vt 0.069773 0.467810
vt 0.046815 0.467430
vt 0.230571 0.470911
vt 0.212113 0.495513
vt 0.188499 0.495171
vt 0.164885 0.494830
vt 0.141271 0.494488
vt 0.117657 0.494147
vt 0.094043 0.493806
vt 0.070429 0.493464
vt 0.046815 0.493123
vt 0.223317 0.518312
vt 0.235826 0.496335
vt 0.201228 0.518501
vt 0.179169 0.518546
vt 0.157110 0.518591
vt 0.135051 0.518636
vt 0.112992 0.518681
vt 0.090933 0.518726
vt 0.068874 0.518771
vt 0.217895 0.543679
vt 0.196497 0.543898
vt 0.175114 0.543985
vt 0.153731 0.544072
vt 0.132347 0.544159
vt 0.110964 0.544246
vt 0.089581 0.544334
vt 0.068198 0.544421
vt 0.046815 0.518816
vt 0.214891 0.569461
vt 0.193876 0.569642
vt 0.172868 0.569722
vt 0.151859 0.569802
vt 0.130850 0.569882
vt 0.109841 0.569961
vt 0.088832 0.570041
vt 0.067824 0.570121
vt 0.046815 0.544508
vt 0.213258 0.595369
vt 0.192451 0.595494
vt 0.171646 0.595551
vt 0.150841 0.595608
vt 0.130036 0.595665
vt 0.109230 0.595722
vt 0.088425 0.595779
vt 0.067620 0.595836
vt 0.046815 0.570201
vt 0.212646 0.621321
vt 0.191917 0.621384
vt 0.150459 0.621442
vt 0.129731 0.621470
vt 0.109002 0.621499
vt 0.088273 0.621528
vt 0.067544 0.621557
vt 0.046815 0.595893
vt 0.192224 0.647278
vt 0.171451 0.647278
vt 0.171188 0.621413
vt 0.150678 0.647278
vt 0.129906 0.647278
vt 0.109133 0.647278
vt 0.088360 0.647278
vt 0.067588 0.647278
vt 0.046815 0.647278
vt 0.046815 0.621586
vt 0.710456 0.033378
vt 0.684776 0.007851
vt 0.712506 0.007852
vt 0.656326 0.033252
vt 0.657047 0.007850
vt 0.629318 0.007849
vt 0.602193 0.033161
vt 0.601589 0.007849
vt 0.575127 0.033116
vt 0.573860 0.007848
vt 0.546131 0.007847
vt 0.520995 0.033025
vt 0.518402 0.007847
vt 0.493928 0.032980
vt 0.490673 0.007846
vt 0.708378 0.059256
vt 0.683392 0.033297
vt 0.681990 0.059094
vt 0.655595 0.059004
vt 0.629260 0.033206
vt 0.602806 0.058822
vt 0.576412 0.058732
vt 0.550017 0.058641
vt 0.548061 0.033070
vt 0.523623 0.058550
vt 0.497228 0.058460
vt 0.706300 0.085133
vt 0.680586 0.084892
vt 0.654864 0.084756
vt 0.629201 0.058913
vt 0.603419 0.084483
vt 0.577696 0.084347
vt 0.551974 0.084211
vt 0.526251 0.084075
vt 0.500529 0.083939
vt 0.704223 0.111011
vt 0.679184 0.110689
vt 0.654133 0.110507
vt 0.629141 0.084619
vt 0.604032 0.110145
vt 0.578981 0.109963
vt 0.553931 0.109782
vt 0.528880 0.109600
vt 0.503830 0.109419
vt 0.702146 0.136889
vt 0.677782 0.136486
vt 0.653403 0.136259
vt 0.629083 0.110326
vt 0.604645 0.135806
vt 0.580266 0.135579
vt 0.555888 0.135352
vt 0.531509 0.135126
vt 0.507130 0.134899
vt 0.700068 0.162767
vt 0.676378 0.162283
vt 0.652671 0.162011
vt 0.629024 0.136032
vt 0.605258 0.161467
vt 0.581551 0.161195
vt 0.557844 0.160923
vt 0.534137 0.160650
vt 0.510431 0.160378
vt 0.697991 0.188645
vt 0.674976 0.188080
vt 0.651941 0.187763
vt 0.628965 0.161739
vt 0.605871 0.187128
vt 0.582836 0.186810
vt 0.559801 0.186493
vt 0.536766 0.186176
vt 0.513731 0.185858
vt 0.695913 0.214523
vt 0.673573 0.213877
vt 0.628847 0.213152
vt 0.628906 0.187445
vt 0.606484 0.212789
vt 0.584121 0.212426
vt 0.561758 0.212063
vt 0.539395 0.211700
vt 0.517032 0.211338
vt 0.693836 0.240400
vt 0.672170 0.239675
vt 0.651210 0.213514
vt 0.628788 0.238858
vt 0.607097 0.238450
vt 0.585406 0.238042
vt 0.563715 0.237634
vt 0.542024 0.237226
vt 0.520333 0.236817
vt 0.691758 0.266278
vt 0.649748 0.265018
vt 0.650479 0.239266
vt 0.628729 0.264565
vt 0.607710 0.264111
vt 0.586691 0.263658
vt 0.565671 0.263204
vt 0.544652 0.262751
vt 0.523633 0.262297
vt 0.669364 0.291269
vt 0.670767 0.265472
vt 0.649017 0.290770
vt 0.628670 0.290271
vt 0.608323 0.289772
vt 0.587976 0.289273
vt 0.567628 0.288774
vt 0.547281 0.288275
vt 0.526934 0.287777
vt 0.689680 0.292156
vt 0.667926 0.317053
vt 0.648214 0.316513
vt 0.628502 0.315974
vt 0.608790 0.315434
vt 0.589078 0.314894
vt 0.569366 0.314355
vt 0.549654 0.313815
vt 0.529942 0.313275
vt 0.687602 0.318034
vt 0.667735 0.342948
vt 0.648050 0.342379
vt 0.628366 0.341811
vt 0.608681 0.341242
vt 0.588996 0.340674
vt 0.569311 0.340105
vt 0.549626 0.339536
vt 0.529942 0.338968
vt 0.687418 0.343794
vt 0.672276 0.368380
vt 0.651943 0.367848
vt 0.631609 0.367317
vt 0.611276 0.366786
vt 0.590942 0.366254
vt 0.570609 0.365723
vt 0.529942 0.364660
vt 0.692673 0.369218
vt 0.676870 0.393806
vt 0.655880 0.393313
vt 0.634890 0.392820
vt 0.613901 0.392326
vt 0.592911 0.391833
vt 0.571921 0.391340
vt 0.550931 0.390846
vt 0.550275 0.365192
vt 0.697930 0.394641
vt 0.681462 0.419233
vt 0.659816 0.418778
vt 0.638171 0.418322
vt 0.616525 0.417867
vt 0.594879 0.417412
vt 0.573233 0.416956
vt 0.551587 0.416501
vt 0.529942 0.390353
vt 0.703186 0.420065
vt 0.686055 0.444660
vt 0.663753 0.444242
vt 0.641451 0.443825
vt 0.619149 0.443407
vt 0.596847 0.442990
vt 0.574546 0.442573
vt 0.552244 0.442155
vt 0.529942 0.441738
vt 0.529942 0.416045
vt 0.708442 0.445488
vt 0.690648 0.470086
vt 0.667690 0.469707
vt 0.644732 0.469328
vt 0.621774 0.468948
vt 0.598816 0.468569
vt 0.575858 0.468189
vt 0.552900 0.467810
vt 0.529942 0.467431
vt 0.713698 0.470912
vt 0.695241 0.495513
vt 0.671627 0.495172
vt 0.648012 0.494830
vt 0.624398 0.494489
vt 0.600784 0.494147
vt 0.577170 0.493806
vt 0.553556 0.493464
vt 0.529942 0.493123
vt 0.706444 0.518312
vt 0.718954 0.496335
vt 0.684354 0.518500
vt 0.662295 0.518545
vt 0.640236 0.518590
vt 0.618178 0.518635
vt 0.596119 0.518681
vt 0.574060 0.518726
vt 0.552001 0.518771
vt 0.701023 0.543679
vt 0.679625 0.543898
vt 0.658241 0.543985
vt 0.636858 0.544072
vt 0.615475 0.544159
vt 0.594092 0.544247
vt 0.572708 0.544334
vt 0.529942 0.544508
vt 0.529942 0.518816
vt 0.698019 0.569461
vt 0.677004 0.569642
vt 0.655995 0.569722
vt 0.634987 0.569802
vt 0.592969 0.569961
vt 0.571960 0.570041
vt 0.550951 0.570121
vt 0.551325 0.544421
vt 0.529943 0.570201
vt 0.696386 0.595369
vt 0.675579 0.595494
vt 0.654774 0.595551
vt 0.613163 0.595665
vt 0.613978 0.569882
vt 0.592358 0.595722
vt 0.571553 0.595779
vt 0.550748 0.595836
vt 0.529943 0.595893
vt 0.695773 0.621321
vt 0.675044 0.621384
vt 0.654316 0.621413
vt 0.633968 0.595608
vt 0.612858 0.621471
vt 0.592129 0.621499
vt 0.571400 0.621528
vt 0.550672 0.621557
vt 0.529943 0.621586
vt 0.696124 0.647278
vt 0.675351 0.647278
vt 0.654579 0.647278
vt 0.633587 0.621442
vt 0.633806 0.647278
vt 0.592261 0.647279
vt 0.571488 0.647279
vt 0.550715 0.647278
vt 0.529943 0.647278
vt 0.283374 0.007851
vt 0.257694 0.033378
vt 0.255645 0.007852
vt 0.311103 0.007850
vt 0.284757 0.033297
vt 0.338890 0.033206
vt 0.311824 0.033252
vt 0.366561 0.007849
vt 0.338832 0.007849
vt 0.393023 0.033116
vt 0.365956 0.033161
vt 0.394290 0.007848
vt 0.420089 0.033070
vt 0.422019 0.007847
vt 0.447155 0.033025
vt 0.449749 0.007847
vt 0.474222 0.032980
vt 0.259772 0.059256
vt 0.286161 0.059094
vt 0.312555 0.059004
vt 0.365344 0.058822
vt 0.338949 0.058913
vt 0.391738 0.058731
vt 0.418132 0.058641
vt 0.444527 0.058550
vt 0.470921 0.058459
vt 0.261849 0.085133
vt 0.313285 0.084755
vt 0.287563 0.084891
vt 0.339008 0.084619
vt 0.364730 0.084483
vt 0.390453 0.084347
vt 0.416175 0.084211
vt 0.467621 0.083939
vt 0.441898 0.084075
vt 0.263926 0.111011
vt 0.314016 0.110507
vt 0.288965 0.110689
vt 0.339067 0.110326
vt 0.389168 0.109963
vt 0.364117 0.110144
vt 0.414219 0.109782
vt 0.439269 0.109600
vt 0.266004 0.136889
vt 0.314747 0.136259
vt 0.290369 0.136486
vt 0.339126 0.136032
vt 0.363505 0.135805
vt 0.387883 0.135579
vt 0.412262 0.135352
vt 0.436641 0.135125
vt 0.461019 0.134898
vt 0.268081 0.162767
vt 0.291771 0.162283
vt 0.339185 0.161739
vt 0.315478 0.162011
vt 0.362891 0.161467
vt 0.386598 0.161194
vt 0.410305 0.160922
vt 0.434012 0.160650
vt 0.457719 0.160378
vt 0.270159 0.188645
vt 0.293174 0.188080
vt 0.339244 0.187445
vt 0.316209 0.187762
vt 0.362279 0.187128
vt 0.385314 0.186810
vt 0.408348 0.186493
vt 0.431383 0.186175
vt 0.454418 0.185858
vt 0.272236 0.214522
vt 0.294577 0.213877
vt 0.339303 0.213152
vt 0.316940 0.213514
vt 0.361666 0.212789
vt 0.384029 0.212426
vt 0.406392 0.212063
vt 0.428755 0.211700
vt 0.451118 0.211338
vt 0.274315 0.240400
vt 0.295980 0.239674
vt 0.339362 0.238858
vt 0.317671 0.239266
vt 0.361053 0.238450
vt 0.382744 0.238042
vt 0.404435 0.237634
vt 0.426126 0.237225
vt 0.447817 0.236817
vt 0.276392 0.266278
vt 0.297382 0.265471
vt 0.339421 0.264564
vt 0.318402 0.265018
vt 0.360440 0.264111
vt 0.381459 0.263657
vt 0.402478 0.263204
vt 0.423497 0.262750
vt 0.444516 0.262297
vt 0.278470 0.292156
vt 0.319133 0.290770
vt 0.298786 0.291269
vt 0.339480 0.290271
vt 0.359827 0.289772
vt 0.380174 0.289273
vt 0.400521 0.288774
vt 0.420869 0.288275
vt 0.441216 0.287777
vt 0.280547 0.318034
vt 0.319936 0.316513
vt 0.300224 0.317053
vt 0.339648 0.315974
vt 0.359360 0.315434
vt 0.379072 0.314894
vt 0.398784 0.314355
vt 0.418496 0.313815
vt 0.438209 0.313275
vt 0.300415 0.342947
vt 0.280732 0.343794
vt 0.320100 0.342379
vt 0.339784 0.341810
vt 0.359469 0.341242
vt 0.379154 0.340673
vt 0.398838 0.340105
vt 0.418523 0.339536
vt 0.438208 0.338968
vt 0.295873 0.368379
vt 0.275476 0.369218
vt 0.316206 0.367848
vt 0.336540 0.367317
vt 0.356874 0.366785
vt 0.377207 0.366254
vt 0.397541 0.365723
vt 0.417874 0.365192
vt 0.438208 0.364660
vt 0.291281 0.393806
vt 0.270220 0.394641
vt 0.312270 0.393313
vt 0.333260 0.392819
vt 0.354249 0.392326
vt 0.375239 0.391833
vt 0.396228 0.391339
vt 0.417218 0.390846
vt 0.438208 0.390353
vt 0.286687 0.419233
vt 0.264964 0.420065
vt 0.308333 0.418777
vt 0.329979 0.418322
vt 0.351625 0.417867
vt 0.373270 0.417411
vt 0.394916 0.416956
vt 0.416562 0.416501
vt 0.438208 0.416045
vt 0.282095 0.444659
vt 0.259708 0.445488
vt 0.304397 0.444242
vt 0.326699 0.443825
vt 0.349000 0.443407
vt 0.371302 0.442990
vt 0.393604 0.442573
vt 0.415906 0.442155
vt 0.438208 0.441738
vt 0.277502 0.470086
vt 0.254451 0.470911
vt 0.300460 0.469707
vt 0.323418 0.469327
vt 0.346376 0.468948
vt 0.369334 0.468569
vt 0.392292 0.468189
vt 0.415250 0.467810
vt 0.438208 0.467431
vt 0.272909 0.495513
vt 0.249196 0.496335
vt 0.296523 0.495171
vt 0.320137 0.494830
vt 0.343751 0.494489
vt 0.367366 0.494147
vt 0.390979 0.493806
vt 0.414594 0.493464
vt 0.438208 0.493123
vt 0.261705 0.518312
vt 0.283795 0.518501
vt 0.305854 0.518546
vt 0.327913 0.518591
vt 0.349972 0.518636
vt 0.372031 0.518681
vt 0.394090 0.518726
vt 0.416149 0.518771
vt 0.267127 0.543679
vt 0.288526 0.543898
vt 0.309909 0.543985
vt 0.331292 0.544072
vt 0.352675 0.544159
vt 0.374058 0.544246
vt 0.395441 0.544334
vt 0.438208 0.518816
vt 0.416824 0.544421
vt 0.270131 0.569461
vt 0.291146 0.569642
vt 0.312155 0.569722
vt 0.333164 0.569802
vt 0.354172 0.569882
vt 0.375181 0.569961
vt 0.396190 0.570041
vt 0.438208 0.544508
vt 0.417199 0.570121
vt 0.271765 0.595369
vt 0.292572 0.595494
vt 0.313377 0.595551
vt 0.334182 0.595608
vt 0.354987 0.595665
vt 0.375792 0.595722
vt 0.396597 0.595779
vt 0.438208 0.570201
vt 0.417402 0.595836
vt 0.272377 0.621321
vt 0.293105 0.621384
vt 0.313834 0.621413
vt 0.334563 0.621442
vt 0.355292 0.621471
vt 0.376021 0.621499
vt 0.396750 0.621528
vt 0.438208 0.595893
vt 0.417479 0.621557
vt 0.272025 0.647278
vt 0.292798 0.647278
vt 0.313571 0.647278
vt 0.334344 0.647278
vt 0.355116 0.647278
vt 0.375889 0.647278
vt 0.396662 0.647278
vt 0.438208 0.621586
vt 0.417435 0.647278
vt 0.766496 0.007763
vt 0.740821 0.033378
vt 0.738765 0.007764
vt 0.794227 0.007763
vt 0.767885 0.033297
vt 0.821959 0.007762
vt 0.794951 0.033252
vt 0.849084 0.033161
vt 0.822018 0.033206
vt 0.849690 0.007762
vt 0.876150 0.033116
vt 0.877422 0.007761
vt 0.903217 0.033070
vt 0.905154 0.007761
vt 0.930283 0.033025
vt 0.960617 0.007760
vt 0.932885 0.007761
vt 0.742898 0.059256
vt 0.769287 0.059094
vt 0.795682 0.059004
vt 0.848471 0.058822
vt 0.822076 0.058913
vt 0.874865 0.058732
vt 0.901260 0.058641
vt 0.927654 0.058550
vt 0.957350 0.032980
vt 0.744977 0.085133
vt 0.770691 0.084891
vt 0.796413 0.084755
vt 0.822136 0.084619
vt 0.873581 0.084347
vt 0.847858 0.084483
vt 0.899303 0.084211
vt 0.925026 0.084075
vt 0.950748 0.083939
vt 0.747054 0.111011
vt 0.772093 0.110689
vt 0.797144 0.110507
vt 0.847245 0.110144
vt 0.822194 0.110326
vt 0.872296 0.109963
vt 0.897346 0.109782
vt 0.922397 0.109600
vt 0.947448 0.109419
vt 0.749132 0.136889
vt 0.773496 0.136486
vt 0.797875 0.136259
vt 0.846632 0.135805
vt 0.822254 0.136032
vt 0.871011 0.135579
vt 0.895390 0.135352
vt 0.919768 0.135125
vt 0.944147 0.134898
vt 0.751209 0.162767
vt 0.774899 0.162283
vt 0.798606 0.162011
vt 0.846019 0.161467
vt 0.822312 0.161739
vt 0.869726 0.161195
vt 0.893433 0.160922
vt 0.917140 0.160650
vt 0.940846 0.160378
vt 0.753287 0.188645
vt 0.776302 0.188080
vt 0.799337 0.187763
vt 0.845407 0.187128
vt 0.822372 0.187445
vt 0.868441 0.186810
vt 0.891476 0.186493
vt 0.914511 0.186175
vt 0.937546 0.185858
vt 0.755364 0.214523
vt 0.777704 0.213877
vt 0.822430 0.213152
vt 0.800067 0.213514
vt 0.844793 0.212789
vt 0.867156 0.212426
vt 0.889519 0.212063
vt 0.911882 0.211700
vt 0.934245 0.211338
vt 0.757442 0.240400
vt 0.779108 0.239674
vt 0.822490 0.238858
vt 0.800799 0.239266
vt 0.844181 0.238450
vt 0.865872 0.238042
vt 0.887563 0.237633
vt 0.909253 0.237225
vt 0.930944 0.236817
vt 0.759519 0.266278
vt 0.801529 0.265018
vt 0.780510 0.265472
vt 0.822548 0.264564
vt 0.843568 0.264111
vt 0.864586 0.263657
vt 0.885606 0.263204
vt 0.906625 0.262750
vt 0.927644 0.262297
vt 0.781913 0.291269
vt 0.761597 0.292156
vt 0.802260 0.290770
vt 0.822607 0.290271
vt 0.842954 0.289772
vt 0.863302 0.289273
vt 0.883649 0.288774
vt 0.903996 0.288275
vt 0.924343 0.287777
vt 0.783351 0.317053
vt 0.763675 0.318034
vt 0.803063 0.316513
vt 0.822775 0.315974
vt 0.842487 0.315434
vt 0.862199 0.314894
vt 0.881911 0.314355
vt 0.901623 0.313815
vt 0.921335 0.313275
vt 0.783542 0.342948
vt 0.763859 0.343795
vt 0.803227 0.342379
vt 0.822911 0.341811
vt 0.842596 0.341242
vt 0.862281 0.340673
vt 0.881966 0.340105
vt 0.901651 0.339536
vt 0.921335 0.338968
vt 0.779001 0.368380
vt 0.758604 0.369218
vt 0.799334 0.367848
vt 0.819668 0.367317
vt 0.840001 0.366786
vt 0.860335 0.366254
vt 0.880668 0.365723
vt 0.901002 0.365192
vt 0.921335 0.364660
vt 0.774408 0.393806
vt 0.753347 0.394641
vt 0.795397 0.393313
vt 0.816387 0.392819
vt 0.837377 0.392326
vt 0.858366 0.391833
vt 0.879356 0.391339
vt 0.900346 0.390846
vt 0.769815 0.419233
vt 0.748091 0.420065
vt 0.791461 0.418778
vt 0.813107 0.418322
vt 0.834752 0.417867
vt 0.856398 0.417412
vt 0.878044 0.416956
vt 0.899690 0.416501
vt 0.921335 0.390353
vt 0.765222 0.444660
vt 0.742835 0.445488
vt 0.787524 0.444242
vt 0.809826 0.443825
vt 0.832128 0.443407
vt 0.854430 0.442990
vt 0.876732 0.442573
vt 0.899033 0.442155
vt 0.921335 0.416045
vt 0.760629 0.470086
vt 0.737579 0.470912
vt 0.783587 0.469707
vt 0.806545 0.469328
vt 0.829503 0.468948
vt 0.852461 0.468569
vt 0.875419 0.468189
vt 0.898377 0.467810
vt 0.921335 0.467430
vt 0.756036 0.495513
vt 0.732323 0.496335
vt 0.779650 0.495172
vt 0.803264 0.494830
vt 0.826879 0.494489
vt 0.850493 0.494147
vt 0.874107 0.493806
vt 0.897721 0.493464
vt 0.921335 0.493123
vt 0.744833 0.518312
vt 0.766923 0.518500
vt 0.788982 0.518545
vt 0.811041 0.518590
vt 0.833100 0.518635
vt 0.855159 0.518680
vt 0.877217 0.518726
vt 0.899276 0.518771
vt 0.750254 0.543679
vt 0.771652 0.543898
vt 0.793036 0.543985
vt 0.814419 0.544072
vt 0.835802 0.544159
vt 0.857186 0.544247
vt 0.878569 0.544334
vt 0.921335 0.544508
vt 0.899952 0.544421
vt 0.753259 0.569461
vt 0.774274 0.569642
vt 0.795283 0.569722
vt 0.816291 0.569802
vt 0.837300 0.569881
vt 0.879318 0.570041
vt 0.858309 0.569961
vt 0.900327 0.570121
vt 0.921335 0.570201
vt 0.754892 0.595369
vt 0.775698 0.595494
vt 0.796503 0.595551
vt 0.838114 0.595665
vt 0.817309 0.595608
vt 0.858919 0.595722
vt 0.879724 0.595779
vt 0.900529 0.595836
vt 0.921334 0.595893
vt 0.755504 0.621321
vt 0.776233 0.621384
vt 0.817690 0.621442
vt 0.796962 0.621413
vt 0.838419 0.621470
vt 0.859148 0.621499
vt 0.879877 0.621528
vt 0.900606 0.621557
vt 0.921334 0.621586
vt 0.775926 0.647278
vt 0.755153 0.647278
vt 0.796698 0.647278
vt 0.817471 0.647278
vt 0.838244 0.647278
vt 0.859016 0.647278
vt 0.879789 0.647278
vt 0.900562 0.647278
vt 0.921334 0.647278
vt 0.317254 0.673486
vt 0.300351 0.660384
vt 0.317254 0.660384
vt 0.300351 0.673486
vt 0.283449 0.660384
vt 0.266546 0.673486
vt 0.266546 0.660384
vt 0.249644 0.673486
vt 0.249644 0.660384
vt 0.232741 0.673486
vt 0.232741 0.660384
vt 0.215839 0.673486
vt 0.215839 0.660384
vt 0.198936 0.673486
vt 0.198936 0.660384
vt 0.182034 0.660384
vt 0.182034 0.673486
vt 0.165131 0.660384
vt 0.165131 0.673486
vt 0.148229 0.660384
vt 0.148229 0.673486
vt 0.131326 0.660384
vt 0.131326 0.673486
vt 0.114424 0.660384
vt 0.097521 0.673486
vt 0.097521 0.660384
vt 0.080619 0.673486
vt 0.080619 0.660384
vt 0.063716 0.660384
vt 0.063716 0.673486
vt 0.046814 0.660384
vt 0.063716 0.686589
vt 0.046814 0.673486
vt 0.063678 0.699663
vt 0.046814 0.699691
vt 0.046906 0.699663
vt 0.080619 0.699691
vt 0.080623 0.699666
vt 0.097521 0.699691
vt 0.097522 0.699665
vt 0.097521 0.686589
vt 0.080619 0.686589
vt 0.114424 0.699691
vt 0.114423 0.699666
vt 0.114424 0.673486
vt 0.131336 0.699657
vt 0.114424 0.686589
vt 0.148232 0.699671
vt 0.131326 0.699691
vt 0.165131 0.699691
vt 0.165137 0.699663
vt 0.165131 0.686589
vt 0.148229 0.686589
vt 0.182034 0.699691
vt 0.182029 0.699652
vt 0.182034 0.686589
vt 0.198936 0.699691
vt 0.198944 0.699685
vt 0.215872 0.699659
vt 0.232733 0.699663
vt 0.215839 0.699691
vt 0.215839 0.686589
vt 0.249644 0.699691
vt 0.249649 0.699668
vt 0.249644 0.686589
vt 0.266546 0.699691
vt 0.266546 0.699664
vt 0.266546 0.686589
vt 0.283430 0.699669
vt 0.300379 0.699655
vt 0.283449 0.699691
vt 0.283449 0.686589
vt 0.283449 0.673486
vt 0.317222 0.699675
vt 0.300351 0.699691
vt 0.300351 0.686589
vt 0.600799 0.673486
vt 0.583896 0.660384
vt 0.600799 0.660384
vt 0.583896 0.673486
vt 0.566994 0.660384
vt 0.566994 0.673486
vt 0.550091 0.660384
vt 0.550091 0.673486
vt 0.533189 0.660384
vt 0.533189 0.673486
vt 0.516286 0.660384
vt 0.516286 0.673486
vt 0.499384 0.660384
vt 0.499384 0.673486
vt 0.482481 0.660384
vt 0.482481 0.673486
vt 0.465579 0.660384
vt 0.465579 0.673486
vt 0.448676 0.660384
vt 0.448676 0.673486
vt 0.431774 0.660384
vt 0.431774 0.673486
vt 0.414871 0.660384
vt 0.414871 0.673486
vt 0.397969 0.660384
vt 0.397969 0.673486
vt 0.381066 0.660384
vt 0.381066 0.673486
vt 0.364164 0.660384
vt 0.347261 0.673486
vt 0.347261 0.660384
vt 0.330359 0.660384
vt 0.330359 0.686589
vt 0.330359 0.673486
vt 0.347241 0.699678
vt 0.330359 0.699691
vt 0.330421 0.699631
vt 0.364164 0.699676
vt 0.347261 0.699691
vt 0.381066 0.699691
vt 0.381090 0.699666
vt 0.381066 0.686589
vt 0.364164 0.673486
vt 0.347261 0.686589
vt 0.397969 0.699691
vt 0.397961 0.699616
vt 0.397969 0.686589
vt 0.414864 0.699703
vt 0.414871 0.686589
vt 0.431774 0.699691
vt 0.431791 0.699658
vt 0.448676 0.699691
vt 0.448761 0.699686
vt 0.448676 0.686589
vt 0.431774 0.686589
vt 0.468321 0.699691
vt 0.468184 0.699695
vt 0.466141 0.686589
vt 0.482481 0.699691
vt 0.482452 0.699602
vt 0.482481 0.686589
vt 0.499384 0.699691
vt 0.499433 0.699668
vt 0.516286 0.699691
vt 0.516299 0.699659
vt 0.516286 0.686589
vt 0.499384 0.686589
vt 0.533189 0.699691
vt 0.533194 0.699675
vt 0.533189 0.686589
vt 0.550079 0.699670
vt 0.566994 0.699691
vt 0.566994 0.699658
vt 0.583868 0.699657
vt 0.583896 0.686589
vt 0.566994 0.686589
vt 0.600831 0.699684
vt 0.583896 0.699691
vt 0.600799 0.686589
vt 0.414871 0.699691
vt 0.364164 0.699691
vt 0.550091 0.699691
vt 0.063716 0.699691
vt 0.317254 0.699691
vt 0.148229 0.699691
vt 0.232741 0.699691
vt 0.600799 0.699691
vt 0.550091 0.686589
vt 0.364164 0.686589
vt 0.317254 0.686589
vt 0.232741 0.686589
vt 0.198936 0.686589
vt 0.131326 0.686589
vt 0.046814 0.686589
vt 0.972220 0.905671
vt 0.962331 0.896787
vt 0.962476 0.893419
vt 0.932707 0.935098
vt 0.931688 0.948128
vt 0.930370 0.948730
vt 0.976842 0.975249
vt 0.963886 0.981540
vt 0.975879 0.972815
vt 0.940872 0.908591
vt 0.947460 0.897382
vt 0.941416 0.910857
vt 0.934019 0.977452
vt 0.948355 0.981460
vt 0.947846 0.984646
vt 0.981538 0.932595
vt 0.982730 0.946173
vt 0.980276 0.933209
vt 0.937211 0.922997
vt 0.933855 0.935456
vt 0.978196 0.918511
vt 0.971580 0.908202
vt 0.931666 0.961199
vt 0.930370 0.962777
vt 0.983359 0.961157
vt 0.981999 0.959684
vt 0.947258 0.893870
vt 0.964208 0.984585
vt 0.984145 0.946577
vt 0.936333 0.921688
vt 0.935149 0.974786
vt 0.977159 0.920110
vt 0.948850 0.920950
vt 0.946467 0.929660
vt 0.942360 0.948625
vt 0.942117 0.958189
vt 0.951690 0.912730
vt 0.943946 0.966932
vt 0.960000 0.912662
vt 0.951658 0.970402
vt 0.960551 0.970862
vt 0.964816 0.919730
vt 0.967506 0.965274
vt 0.967868 0.927745
vt 0.971080 0.956636
vt 0.969695 0.936950
vt 0.944119 0.938990
vt 0.971435 0.946878
vt 0.863268 0.961745
vt 0.870139 0.973822
vt 0.869213 0.975983
vt 0.914079 0.936482
vt 0.909871 0.924098
vt 0.910650 0.922933
vt 0.868718 0.919557
vt 0.875259 0.909047
vt 0.869615 0.920955
vt 0.882190 0.985760
vt 0.898651 0.983120
vt 0.899113 0.985994
vt 0.884175 0.894037
vt 0.899324 0.898065
vt 0.884259 0.897171
vt 0.916488 0.964346
vt 0.912225 0.976723
vt 0.915348 0.962936
vt 0.862286 0.947433
vt 0.864468 0.960479
vt 0.905666 0.911653
vt 0.906149 0.909601
vt 0.865140 0.933544
vt 0.866252 0.934083
vt 0.915328 0.949688
vt 0.913074 0.936792
vt 0.882528 0.983008
vt 0.874724 0.906849
vt 0.863542 0.947083
vt 0.913232 0.979088
vt 0.899495 0.895045
vt 0.916488 0.950235
vt 0.886782 0.912199
vt 0.895200 0.972882
vt 0.881966 0.919845
vt 0.878591 0.967175
vt 0.886095 0.972310
vt 0.878675 0.928247
vt 0.874884 0.958232
vt 0.876544 0.937807
vt 0.874497 0.948058
vt 0.902928 0.940146
vt 0.900634 0.930398
vt 0.904809 0.950241
vt 0.898250 0.921342
vt 0.903336 0.969475
vt 0.905034 0.960236
vt 0.895296 0.913087
vt 0.956370 0.942680
vt 0.890373 0.943840
vt 0.932912 0.007500
vt 0.905174 0.007500
vt 0.877435 0.007500
vt 0.849697 0.007500
vt 0.821958 0.007500
vt 0.794220 0.007500
vt 0.766482 0.007500
vt 0.738743 0.007500
vt 0.035238 0.007500
vt 0.007500 0.007500
vt 0.062976 0.007500
vt 0.090715 0.007500
vt 0.118453 0.007500
vt 0.146191 0.007500
vt 0.173929 0.007500
vt 0.201668 0.007500
vt 0.229406 0.007500
vt 0.449784 0.007500
vt 0.477478 0.007846
vt 0.422046 0.007500
vt 0.394308 0.007500
vt 0.366570 0.007500
vt 0.338831 0.007500
vt 0.311093 0.007500
vt 0.283355 0.007500
vt 0.255617 0.007500
vt 0.518366 0.007500
vt 0.490628 0.007500
vt 0.546104 0.007500
vt 0.573842 0.007500
vt 0.601581 0.007500
vt 0.629319 0.007500
vt 0.657057 0.007500
vt 0.684795 0.007500
vt 0.712534 0.007500
vt 0.569632 0.951168
vt 0.553769 0.964946
vt 0.553769 0.951168
vt 0.537907 0.964946
vt 0.537907 0.951168
vt 0.522045 0.964946
vt 0.522045 0.951168
vt 0.506182 0.964946
vt 0.506182 0.951168
vt 0.490320 0.964946
vt 0.490320 0.951168
vt 0.474458 0.964946
vt 0.474458 0.951168
vt 0.458595 0.964946
vt 0.458595 0.951168
vt 0.442733 0.964946
vt 0.442733 0.951168
vt 0.426870 0.964946
vt 0.426870 0.951168
vt 0.411008 0.964946
vt 0.411008 0.951168
vt 0.395146 0.951168
vt 0.395146 0.964946
vt 0.379283 0.951168
vt 0.379283 0.964946
vt 0.363421 0.951168
vt 0.363421 0.964946
vt 0.347558 0.951168
vt 0.347558 0.964946
vt 0.331696 0.951168
vt 0.331696 0.964946
vt 0.315834 0.951168
vt 0.331696 0.978723
vt 0.315834 0.964946
vt 0.315834 0.992500
vt 0.315834 0.978723
vt 0.347558 0.992500
vt 0.347558 0.978723
vt 0.363421 0.992500
vt 0.363421 0.978723
vt 0.379283 0.978723
vt 0.395146 0.978723
vt 0.379283 0.992500
vt 0.411008 0.978723
vt 0.395146 0.992500
vt 0.426870 0.978723
vt 0.411008 0.992500
vt 0.442733 0.978723
vt 0.426870 0.992500
vt 0.458595 0.978723
vt 0.442733 0.992500
vt 0.474458 0.978723
vt 0.458595 0.992500
vt 0.490320 0.992500
vt 0.490320 0.978723
vt 0.506182 0.992500
vt 0.506182 0.978723
vt 0.522045 0.978723
vt 0.537907 0.978723
vt 0.522045 0.992500
vt 0.553769 0.978723
vt 0.537907 0.992500
vt 0.569632 0.992500
vt 0.569632 0.978723
vt 0.569632 0.964946
vt 0.643894 0.890433
vt 0.628205 0.906186
vt 0.628184 0.890247
vt 0.643894 0.906310
vt 0.628203 0.922125
vt 0.643894 0.922187
vt 0.628168 0.938064
vt 0.612442 0.938064
vt 0.612513 0.922064
vt 0.596716 0.938064
vt 0.596822 0.922002
vt 0.612516 0.906062
vt 0.596826 0.905939
vt 0.612474 0.890061
vt 0.596764 0.889876
vt 0.581054 0.889690
vt 0.565448 0.905691
vt 0.565344 0.889505
vt 0.581137 0.905815
vt 0.565441 0.921879
vt 0.581131 0.921940
vt 0.580990 0.938064
vt 0.565264 0.938064
vt 0.549750 0.921817
vt 0.549539 0.938064
vt 0.534059 0.921755
vt 0.533813 0.938064
vt 0.549759 0.905567
vt 0.534069 0.905444
vt 0.549634 0.889319
vt 0.533924 0.889133
vt 0.368654 0.906186
vt 0.352965 0.890433
vt 0.368675 0.890247
vt 0.368655 0.922125
vt 0.352965 0.906310
vt 0.368691 0.938064
vt 0.352965 0.922187
vt 0.384417 0.938064
vt 0.384346 0.922064
vt 0.400142 0.938064
vt 0.400037 0.922002
vt 0.384343 0.906062
vt 0.400032 0.905939
vt 0.384385 0.890061
vt 0.400095 0.889876
vt 0.431411 0.905691
vt 0.415805 0.889690
vt 0.431515 0.889504
vt 0.415722 0.905815
vt 0.431418 0.921878
vt 0.415727 0.921940
vt 0.431594 0.938064
vt 0.415868 0.938064
vt 0.447109 0.921817
vt 0.462799 0.921755
vt 0.447320 0.938064
vt 0.447100 0.905567
vt 0.462789 0.905444
vt 0.447225 0.889319
vt 0.462935 0.889133
vt 0.478479 0.905134
vt 0.478648 0.888669
vt 0.518380 0.905134
vt 0.518211 0.888669
vt 0.478489 0.921601
vt 0.518370 0.921601
vt 0.463046 0.938064
vt 0.518087 0.938064
vt 0.302729 0.964946
vt 0.286867 0.951168
vt 0.302729 0.951168
vt 0.286867 0.964946
vt 0.271005 0.951168
vt 0.271005 0.964946
vt 0.255142 0.951168
vt 0.255142 0.964946
vt 0.239280 0.951168
vt 0.239280 0.964946
vt 0.223417 0.951168
vt 0.223417 0.964946
vt 0.207555 0.951168
vt 0.207555 0.964946
vt 0.191693 0.951168
vt 0.191693 0.964946
vt 0.175830 0.951168
vt 0.159968 0.964946
vt 0.159968 0.951168
vt 0.144106 0.964946
vt 0.144106 0.951168
vt 0.128243 0.964946
vt 0.128243 0.951169
vt 0.112381 0.964946
vt 0.112381 0.951168
vt 0.096518 0.964946
vt 0.096518 0.951168
vt 0.080656 0.964946
vt 0.080656 0.951168
vt 0.064794 0.964946
vt 0.064794 0.951168
vt 0.048931 0.964946
vt 0.048931 0.951168
vt 0.064794 0.978723
vt 0.064794 0.992500
vt 0.048931 0.978723
vt 0.080656 0.992500
vt 0.080656 0.978723
vt 0.096518 0.992500
vt 0.096518 0.978723
vt 0.112381 0.978723
vt 0.128243 0.992500
vt 0.128243 0.978723
vt 0.144106 0.992500
vt 0.144106 0.978723
vt 0.159968 0.978723
vt 0.175830 0.992500
vt 0.175830 0.978723
vt 0.175830 0.964946
vt 0.191693 0.992500
vt 0.191693 0.978723
vt 0.207555 0.992500
vt 0.207555 0.978723
vt 0.223417 0.978723
vt 0.239280 0.992500
vt 0.239280 0.978723
vt 0.255142 0.992500
vt 0.255142 0.978723
vt 0.271005 0.992500
vt 0.271005 0.978723
vt 0.286867 0.978723
vt 0.302729 0.978723
vt 0.286867 0.992500
vt 0.229890 0.889133
vt 0.214347 0.905134
vt 0.214177 0.888669
vt 0.245600 0.889319
vt 0.230036 0.905444
vt 0.214337 0.921601
vt 0.245725 0.905567
vt 0.230026 0.921755
vt 0.229779 0.938064
vt 0.214053 0.938064
vt 0.245505 0.938064
vt 0.245716 0.921817
vt 0.261231 0.938064
vt 0.277097 0.921940
vt 0.261407 0.921879
vt 0.292682 0.938064
vt 0.276956 0.938064
vt 0.292788 0.922002
vt 0.308408 0.938064
vt 0.308478 0.922064
vt 0.324134 0.938064
vt 0.324169 0.922125
vt 0.339859 0.938064
vt 0.324170 0.906186
vt 0.339859 0.922187
vt 0.324150 0.890247
vt 0.339859 0.906310
vt 0.261310 0.889505
vt 0.277020 0.889690
vt 0.261414 0.905691
vt 0.277103 0.905815
vt 0.292730 0.889876
vt 0.292792 0.905939
vt 0.308440 0.890061
vt 0.308481 0.906062
vt 0.174455 0.921601
vt 0.159012 0.938064
vt 0.158766 0.921755
vt 0.143287 0.938064
vt 0.143075 0.921817
vt 0.127561 0.938064
vt 0.127385 0.921878
vt 0.111835 0.938064
vt 0.111694 0.921940
vt 0.096109 0.938064
vt 0.096003 0.922002
vt 0.080383 0.938064
vt 0.080313 0.922064
vt 0.064657 0.938064
vt 0.064622 0.922125
vt 0.048931 0.938064
vt 0.048931 0.922187
vt 0.064620 0.906186
vt 0.048931 0.906310
vt 0.064641 0.890247
vt 0.048931 0.890433
vt 0.158755 0.905444
vt 0.143191 0.889319
vt 0.158901 0.889133
vt 0.143066 0.905567
vt 0.127481 0.889504
vt 0.127377 0.905691
vt 0.111771 0.889690
vt 0.111688 0.905815
vt 0.096061 0.889876
vt 0.095999 0.905939
vt 0.080351 0.890061
vt 0.080310 0.906062
vt 0.174444 0.905134
vt 0.174613 0.888669
vt 0.884649 0.867356
vt 0.897454 0.874046
vt 0.896973 0.875478
vt 0.857211 0.800643
vt 0.859444 0.815127
vt 0.858233 0.815425
vt 0.875295 0.745216
vt 0.886122 0.735673
vt 0.876155 0.746321
vt 0.858375 0.785898
vt 0.862835 0.772089
vt 0.859583 0.786219
vt 0.926160 0.719996
vt 0.940614 0.722682
vt 0.926139 0.721544
vt 0.862487 0.829297
vt 0.861331 0.829873
vt 0.867480 0.757847
vt 0.868506 0.758701
vt 0.982099 0.760156
vt 0.976412 0.747200
vt 0.977308 0.746015
vt 0.940934 0.721133
vt 0.954828 0.726997
vt 0.910731 0.880311
vt 0.925110 0.880860
vt 0.925113 0.882407
vt 0.885453 0.734362
vt 0.898296 0.727912
vt 0.967564 0.735167
vt 0.968370 0.733764
vt 0.861686 0.771491
vt 0.985561 0.801654
vt 0.984229 0.815182
vt 0.984527 0.801646
vt 0.911660 0.721912
vt 0.911900 0.723419
vt 0.984405 0.774088
vt 0.981135 0.761044
vt 0.955453 0.725461
vt 0.984290 0.788185
vt 0.985320 0.787897
vt 0.897833 0.726470
vt 0.939552 0.879882
vt 0.939857 0.881432
vt 0.976422 0.857518
vt 0.966534 0.867999
vt 0.975539 0.856305
vt 0.985257 0.815488
vt 0.983159 0.828839
vt 0.983397 0.774672
vt 0.981601 0.843617
vt 0.980651 0.842699
vt 0.954372 0.877322
vt 0.967329 0.869414
vt 0.984160 0.829445
vt 0.953762 0.875780
vt 0.866975 0.843548
vt 0.875487 0.855282
vt 0.874616 0.856368
vt 0.910989 0.878809
vt 0.885332 0.866059
vt 0.858434 0.800655
vt 0.868010 0.842715
vt 0.971404 0.826669
vt 0.972301 0.814219
vt 0.871444 0.813285
vt 0.969352 0.838729
vt 0.874119 0.776281
vt 0.871547 0.788311
vt 0.958803 0.858611
vt 0.965441 0.849661
vt 0.878770 0.764809
vt 0.893322 0.745151
vt 0.885156 0.754177
vt 0.949095 0.864777
vt 0.926402 0.733225
vt 0.937669 0.868210
vt 0.938494 0.734342
vt 0.903209 0.738541
vt 0.925615 0.869200
vt 0.949974 0.737957
vt 0.914407 0.734475
vt 0.913710 0.867811
vt 0.966234 0.753759
vt 0.902578 0.863538
vt 0.959667 0.744468
vt 0.884670 0.847652
vt 0.969843 0.765007
vt 0.892757 0.856771
vt 0.971654 0.776877
vt 0.878402 0.836853
vt 0.972488 0.801655
vt 0.873856 0.825356
vt 0.972369 0.789165
vt 0.870807 0.800777
vt 0.924788 0.801261
vt 0.823325 0.785920
vt 0.819928 0.768539
vt 0.823847 0.768625
vt 0.835113 0.786538
vt 0.831818 0.768930
vt 0.835886 0.769094
vt 0.831010 0.786317
vt 0.827806 0.768764
vt 0.819577 0.796861
vt 0.816142 0.785814
vt 0.819701 0.785822
vt 0.839351 0.786709
vt 0.840022 0.769233
vt 0.827080 0.786095
vt 0.826722 0.796928
vt 0.823052 0.796879
vt 0.834797 0.797081
vt 0.830641 0.796999
vt 0.816292 0.808683
vt 0.816214 0.796872
vt 0.839077 0.797160
vt 0.823167 0.808623
vt 0.819702 0.808656
vt 0.830603 0.808558
vt 0.826774 0.808590
vt 0.819811 0.822601
vt 0.834676 0.808528
vt 0.826978 0.822545
vt 0.823316 0.822568
vt 0.834965 0.822483
vt 0.830858 0.822522
vt 0.819939 0.836943
vt 0.816383 0.822641
vt 0.839255 0.822403
vt 0.838979 0.808504
vt 0.827236 0.836848
vt 0.823479 0.836902
vt 0.835307 0.836753
vt 0.831152 0.836811
vt 0.820097 0.851457
vt 0.816477 0.836986
vt 0.839652 0.836652
vt 0.823704 0.851414
vt 0.831410 0.851308
vt 0.827410 0.851352
vt 0.820244 0.866182
vt 0.816571 0.851501
vt 0.835642 0.851238
vt 0.823901 0.866133
vt 0.836074 0.865947
vt 0.831777 0.866030
vt 0.816766 0.881211
vt 0.816668 0.866228
vt 0.840565 0.865813
vt 0.840058 0.851122
vt 0.827722 0.866086
vt 0.824128 0.881115
vt 0.820404 0.881164
vt 0.832149 0.881016
vt 0.828020 0.881070
vt 0.820550 0.896395
vt 0.836527 0.880934
vt 0.828314 0.896311
vt 0.836959 0.896200
vt 0.820696 0.911846
vt 0.816865 0.896441
vt 0.841105 0.880800
vt 0.824496 0.911814
vt 0.824366 0.896351
vt 0.837334 0.911672
vt 0.832508 0.896266
vt 0.832814 0.911727
vt 0.817068 0.927411
vt 0.816966 0.911873
vt 0.841615 0.896087
vt 0.828532 0.911775
vt 0.824632 0.927364
vt 0.820809 0.927399
vt 0.832855 0.927223
vt 0.828626 0.927303
vt 0.817168 0.942786
vt 0.842001 0.911615
vt 0.837328 0.927144
vt 0.824798 0.942694
vt 0.820955 0.942750
vt 0.833005 0.942499
vt 0.828787 0.942611
vt 0.821100 0.956045
vt 0.841990 0.927097
vt 0.837469 0.942357
vt 0.829218 0.955657
vt 0.825063 0.955900
vt 0.838209 0.954909
vt 0.833609 0.955318
vt 0.817341 0.969222
vt 0.817255 0.956099
vt 0.842870 0.954475
vt 0.842158 0.942194
vt 0.825997 0.968789
vt 0.821620 0.969117
vt 0.834998 0.967352
vt 0.830451 0.968161
vt 0.760992 0.776124
vt 0.757359 0.767032
vt 0.761406 0.767066
vt 0.839633 0.966503
vt 0.689087 0.896350
vt 0.691698 0.892418
vt 0.691723 0.896334
vt 0.825938 0.972883
vt 0.821850 0.973393
vt 0.817402 0.978468
vt 0.817369 0.973493
vt 0.689046 0.888506
vt 0.691694 0.885867
vt 0.692184 0.888499
vt 0.688925 0.868526
vt 0.691598 0.874294
vt 0.687953 0.874317
vt 0.825964 0.972873
vt 0.822011 0.978392
vt 0.695584 0.888491
vt 0.831157 0.971989
vt 0.826688 0.978251
vt 0.822158 0.984153
vt 0.707063 0.855079
vt 0.703332 0.852583
vt 0.706011 0.851122
vt 0.703307 0.848487
vt 0.699420 0.852496
vt 0.699387 0.847431
vt 0.817439 0.984224
vt 0.700828 0.842880
vt 0.702422 0.841078
vt 0.704195 0.842856
vt 0.703596 0.857600
vt 0.706161 0.858639
vt 0.703629 0.861167
vt 0.826899 0.984015
vt 0.822331 0.990313
vt 0.688710 0.878826
vt 0.691627 0.878807
vt 0.836517 0.984018
vt 0.831977 0.989949
vt 0.831684 0.983855
vt 0.831434 0.978576
vt 0.777185 0.767840
vt 0.773368 0.760845
vt 0.777565 0.760862
vt 0.711372 0.892692
vt 0.708868 0.888708
vt 0.711627 0.886195
vt 0.757319 0.760875
vt 0.761004 0.745719
vt 0.761162 0.761087
vt 0.708562 0.896468
vt 0.711116 0.899190
vt 0.765376 0.761008
vt 0.761192 0.761089
vt 0.781424 0.760743
vt 0.777866 0.745478
vt 0.781668 0.745585
vt 0.769377 0.767352
vt 0.769371 0.760912
vt 0.768241 0.777046
vt 0.765420 0.767177
vt 0.764589 0.776485
vt 0.775852 0.778371
vt 0.773287 0.767576
vt 0.771989 0.777712
vt 0.760545 0.786382
vt 0.757417 0.776016
vt 0.779846 0.778939
vt 0.781132 0.768135
vt 0.767017 0.786887
vt 0.763690 0.786558
vt 0.774523 0.787818
vt 0.770621 0.787333
vt 0.760391 0.796461
vt 0.757483 0.786360
vt 0.778627 0.788240
vt 0.766517 0.796626
vt 0.763340 0.796504
vt 0.773975 0.796997
vt 0.770049 0.796807
vt 0.760410 0.806186
vt 0.757548 0.796484
vt 0.778171 0.797112
vt 0.766487 0.806195
vt 0.763325 0.806172
vt 0.774028 0.806236
vt 0.770038 0.806232
vt 0.760507 0.815897
vt 0.757611 0.806227
vt 0.778340 0.806132
vt 0.763461 0.815858
vt 0.770304 0.815806
vt 0.757737 0.825852
vt 0.757673 0.815946
vt 0.774402 0.815718
vt 0.766981 0.825692
vt 0.766677 0.815835
vt 0.763675 0.825743
vt 0.770715 0.825624
vt 0.760787 0.836015
vt 0.760643 0.825799
vt 0.778861 0.815501
vt 0.774940 0.825491
vt 0.763934 0.835953
vt 0.775589 0.835504
vt 0.767381 0.835852
vt 0.757871 0.846617
vt 0.757803 0.836043
vt 0.780227 0.835271
vt 0.779539 0.825232
vt 0.764216 0.846485
vt 0.760985 0.846594
vt 0.771591 0.845961
vt 0.771254 0.835703
vt 0.767705 0.846271
vt 0.757942 0.857776
vt 0.775920 0.845601
vt 0.764817 0.857448
vt 0.761335 0.857703
vt 0.772492 0.856418
vt 0.768500 0.857008
vt 0.758017 0.869295
vt 0.780559 0.845284
vt 0.776820 0.855765
vt 0.766017 0.868640
vt 0.762008 0.869116
vt 0.774248 0.867095
vt 0.770081 0.867930
vt 0.758082 0.879416
vt 0.781381 0.855168
vt 0.778547 0.866263
vt 0.767150 0.879050
vt 0.762642 0.879293
vt 0.775943 0.878350
vt 0.771579 0.878722
vt 0.762737 0.896751
vt 0.782997 0.865528
vt 0.780287 0.877964
vt 0.771759 0.896765
vt 0.767261 0.896755
vt 0.780704 0.896743
vt 0.776235 0.896766
vt 0.762844 0.922893
vt 0.758195 0.896763
vt 0.785182 0.896693
vt 0.784680 0.877585
vt 0.771798 0.922862
vt 0.767322 0.922875
vt 0.780747 0.922841
vt 0.776273 0.922852
vt 0.763007 0.949674
vt 0.758364 0.922919
vt 0.785221 0.922829
vt 0.771942 0.949621
vt 0.767474 0.949647
vt 0.780876 0.949573
vt 0.776409 0.949597
vt 0.763177 0.976405
vt 0.758538 0.949703
vt 0.785342 0.949549
vt 0.772108 0.976347
vt 0.767642 0.976376
vt 0.781037 0.976290
vt 0.776572 0.976318
vt 0.815875 0.744982
vt 0.819986 0.744986
vt 0.785502 0.976263
vt 0.824090 0.745028
vt 0.828186 0.745098
vt 0.832277 0.745181
vt 0.836367 0.745267
vt 0.840475 0.745349
vt 0.695539 0.878782
vt 0.695471 0.868480
vt 0.695509 0.874268
vt 0.699441 0.885817
vt 0.695561 0.884772
vt 0.695610 0.892399
vt 0.695635 0.896309
vt 0.826033 0.972829
vt 0.831447 0.978574
vt 0.834892 0.982344
vt 0.836519 0.984018
vt 0.835734 0.971001
vt 0.695548 0.880272
vt 0.691402 0.880369
vt 0.689002 0.880550
vt 0.688049 0.892435
vt 0.761166 0.761088
vt 0.699450 0.878756
vt 0.699696 0.880315
vt 0.725964 0.903623
vt 0.719398 0.907342
vt 0.719374 0.903666
vt 0.695480 0.848538
vt 0.841327 0.989242
vt 0.841063 0.983850
vt 0.816029 0.768525
vt 0.712784 0.903709
vt 0.711793 0.907392
vt 0.726350 0.899091
vt 0.726605 0.892593
vt 0.777594 0.760866
vt 0.753440 0.745767
vt 0.753480 0.761136
vt 0.790322 0.966066
vt 0.794385 0.970350
vt 0.789733 0.969555
vt 0.673370 0.837261
vt 0.669873 0.841289
vt 0.670752 0.836800
vt 0.677312 0.841879
vt 0.673406 0.842028
vt 0.812131 0.768590
vt 0.808961 0.786013
vt 0.808213 0.768727
vt 0.800247 0.769136
vt 0.797183 0.786786
vt 0.796182 0.769354
vt 0.804256 0.768918
vt 0.801283 0.786511
vt 0.812852 0.796905
vt 0.812584 0.785869
vt 0.792947 0.787012
vt 0.792048 0.769546
vt 0.805209 0.786238
vt 0.805709 0.797065
vt 0.809378 0.796969
vt 0.797636 0.797324
vt 0.801791 0.797187
vt 0.812882 0.808700
vt 0.793358 0.797459
vt 0.809416 0.808713
vt 0.805809 0.808727
vt 0.801980 0.808745
vt 0.797908 0.808768
vt 0.812955 0.822646
vt 0.793605 0.808800
vt 0.805788 0.822683
vt 0.809450 0.822659
vt 0.797800 0.822726
vt 0.801908 0.822711
vt 0.813015 0.836988
vt 0.793510 0.822702
vt 0.805717 0.836989
vt 0.809474 0.836993
vt 0.797645 0.836999
vt 0.801800 0.837003
vt 0.813046 0.851503
vt 0.793299 0.836955
vt 0.809439 0.851507
vt 0.805733 0.851494
vt 0.797500 0.851487
vt 0.801733 0.851502
vt 0.813092 0.866229
vt 0.793083 0.851429
vt 0.809434 0.866228
vt 0.805613 0.866230
vt 0.797260 0.866201
vt 0.801558 0.866228
vt 0.813127 0.881212
vt 0.792767 0.866126
vt 0.809403 0.881212
vt 0.805511 0.881217
vt 0.801381 0.881217
vt 0.797003 0.881192
vt 0.813180 0.896443
vt 0.792424 0.881118
vt 0.809364 0.896449
vt 0.805416 0.896461
vt 0.801222 0.896471
vt 0.796771 0.896463
vt 0.813237 0.911895
vt 0.792114 0.896411
vt 0.805400 0.911926
vt 0.809437 0.911912
vt 0.801118 0.911934
vt 0.796598 0.911939
vt 0.813326 0.927448
vt 0.791930 0.911942
vt 0.809504 0.927463
vt 0.805510 0.927454
vt 0.801280 0.927429
vt 0.796806 0.927408
vt 0.813382 0.942799
vt 0.792144 0.927423
vt 0.809538 0.942793
vt 0.805548 0.942763
vt 0.801330 0.942706
vt 0.796864 0.942623
vt 0.813410 0.956095
vt 0.792174 0.942521
vt 0.805288 0.955813
vt 0.809446 0.956002
vt 0.796288 0.955183
vt 0.800892 0.955532
vt 0.813061 0.969173
vt 0.791622 0.954810
vt 0.808681 0.968902
vt 0.804218 0.968332
vt 0.799661 0.967583
vt 0.795015 0.966795
vt 0.753843 0.776170
vt 0.753312 0.767118
vt 0.808699 0.972943
vt 0.808114 0.978372
vt 0.803359 0.978757
vt 0.798974 0.971241
vt 0.812887 0.973452
vt 0.812791 0.978452
vt 0.699522 0.892367
vt 0.702123 0.888421
vt 0.703171 0.892337
vt 0.808768 0.972986
vt 0.699421 0.874242
vt 0.702018 0.868439
vt 0.703065 0.874219
vt 0.844317 0.965713
vt 0.840311 0.970050
vt 0.698985 0.888455
vt 0.812720 0.984215
vt 0.807978 0.984139
vt 0.695509 0.852634
vt 0.692812 0.851208
vt 0.817479 0.990282
vt 0.696437 0.842909
vt 0.693070 0.842929
vt 0.694820 0.841128
vt 0.695310 0.857654
vt 0.692759 0.858726
vt 0.691811 0.855178
vt 0.702367 0.878737
vt 0.798360 0.984267
vt 0.802978 0.990138
vt 0.798156 0.989866
vt 0.803191 0.984041
vt 0.807798 0.990321
vt 0.741272 0.761052
vt 0.737545 0.768095
vt 0.737075 0.761122
vt 0.711257 0.875140
vt 0.708806 0.879157
vt 0.707594 0.875332
vt 0.726490 0.875040
vt 0.711597 0.881633
vt 0.708399 0.871401
vt 0.710916 0.868647
vt 0.749265 0.761111
vt 0.749300 0.767281
vt 0.803372 0.978759
vt 0.745346 0.767507
vt 0.741439 0.767781
vt 0.746606 0.777185
vt 0.750251 0.776578
vt 0.739013 0.778608
vt 0.742868 0.777899
vt 0.754422 0.786422
vt 0.735027 0.779227
vt 0.733602 0.768440
vt 0.747957 0.787010
vt 0.751279 0.786638
vt 0.740463 0.788037
vt 0.744359 0.787502
vt 0.754705 0.796497
vt 0.736365 0.788512
vt 0.748582 0.796741
vt 0.751757 0.796578
vt 0.741129 0.797208
vt 0.745052 0.796968
vt 0.754811 0.806223
vt 0.736935 0.797377
vt 0.748735 0.806309
vt 0.751897 0.806246
vt 0.741196 0.806447
vt 0.745185 0.806392
vt 0.754839 0.815934
vt 0.736882 0.806399
vt 0.748669 0.815951
vt 0.751885 0.815932
vt 0.745043 0.815969
vt 0.740943 0.815933
vt 0.754830 0.825836
vt 0.736482 0.815774
vt 0.748492 0.825811
vt 0.751798 0.825820
vt 0.740531 0.825712
vt 0.744757 0.825791
vt 0.754818 0.836053
vt 0.735928 0.825513
vt 0.751670 0.836032
vt 0.748223 0.835975
vt 0.744348 0.835877
vt 0.740010 0.835733
vt 0.754757 0.846634
vt 0.735369 0.835559
vt 0.751524 0.846567
vt 0.748033 0.846398
vt 0.744144 0.846138
vt 0.739810 0.845833
vt 0.754550 0.857746
vt 0.735167 0.845576
vt 0.751064 0.857537
vt 0.747377 0.857144
vt 0.743377 0.856606
vt 0.739041 0.856009
vt 0.754024 0.869168
vt 0.734472 0.855470
vt 0.750010 0.868744
vt 0.745937 0.868086
vt 0.741759 0.867305
vt 0.737450 0.866528
vt 0.753521 0.879352
vt 0.732990 0.865851
vt 0.749011 0.879167
vt 0.744577 0.878896
vt 0.740209 0.878581
vt 0.735860 0.878251
vt 0.753653 0.896810
vt 0.731462 0.877928
vt 0.744631 0.896940
vt 0.749129 0.896872
vt 0.735686 0.897035
vt 0.740155 0.896999
vt 0.753884 0.922952
vt 0.731208 0.897043
vt 0.744930 0.923037
vt 0.749406 0.922991
vt 0.735981 0.923132
vt 0.740455 0.923084
vt 0.754070 0.949732
vt 0.731508 0.923177
vt 0.745134 0.949796
vt 0.749602 0.949763
vt 0.736199 0.949864
vt 0.740666 0.949829
vt 0.754247 0.976464
vt 0.731733 0.949898
vt 0.745317 0.976522
vt 0.749783 0.976492
vt 0.736387 0.976582
vt 0.740852 0.976552
vt 0.811766 0.745039
vt 0.731922 0.976613
vt 0.807662 0.745135
vt 0.803567 0.745259
vt 0.799478 0.745396
vt 0.795389 0.745535
vt 0.699383 0.868455
vt 0.699547 0.896284
vt 0.808794 0.972995
vt 0.799963 0.982572
vt 0.798358 0.984267
vt 0.702183 0.896266
vt 0.712012 0.778239
vt 0.709830 0.774188
vt 0.712009 0.774179
vt 0.702098 0.880465
vt 0.803563 0.972170
vt 0.753476 0.761137
vt 0.699453 0.857627
vt 0.745269 0.761066
vt 0.812627 0.990377
vt 0.827159 0.990194
vt 0.793619 0.989554
vt 0.793813 0.984159
vt 0.712832 0.911061
vt 0.719422 0.911018
vt 0.726150 0.868546
vt 0.726012 0.910975
vt 0.737046 0.761126
vt 0.733215 0.761053
vt 0.736577 0.745743
vt 0.737047 0.761129
vt 0.684742 0.841191
vt 0.681192 0.837210
vt 0.683804 0.836715
vt 0.677281 0.837236
vt 0.702260 0.904203
vt 0.700342 0.907624
vt 0.699830 0.904083
vt 0.699604 0.901627
vt 0.695687 0.903934
vt 0.695665 0.900568
vt 0.721926 0.794435
vt 0.717529 0.790406
vt 0.721976 0.790369
vt 0.715212 0.853585
vt 0.719121 0.858510
vt 0.714930 0.858536
vt 0.709804 0.798522
vt 0.709776 0.794471
vt 0.711878 0.794514
vt 0.712511 0.852318
vt 0.714770 0.853582
vt 0.712321 0.853542
vt 0.696823 0.834181
vt 0.700487 0.830528
vt 0.700586 0.834157
vt 0.718110 0.798479
vt 0.717549 0.794561
vt 0.709832 0.782305
vt 0.706431 0.778259
vt 0.709839 0.778247
vt 0.706412 0.774202
vt 0.709793 0.790422
vt 0.706450 0.786370
vt 0.709813 0.786364
vt 0.706444 0.782314
vt 0.706469 0.794489
vt 0.706456 0.790428
vt 0.661323 0.774626
vt 0.661349 0.782744
vt 0.661345 0.778685
vt 0.717350 0.804625
vt 0.711049 0.810694
vt 0.711372 0.804146
vt 0.661342 0.786802
vt 0.706499 0.798547
vt 0.661338 0.794913
vt 0.624082 0.791107
vt 0.618105 0.787198
vt 0.624099 0.787048
vt 0.618130 0.783146
vt 0.624115 0.782994
vt 0.716846 0.815002
vt 0.710727 0.817234
vt 0.710861 0.814522
vt 0.661335 0.790858
vt 0.678012 0.803245
vt 0.677691 0.805844
vt 0.675365 0.805753
vt 0.725641 0.794494
vt 0.725805 0.790442
vt 0.691523 0.908086
vt 0.695741 0.912105
vt 0.691549 0.912132
vt 0.722356 0.786263
vt 0.726013 0.786387
vt 0.693113 0.830576
vt 0.693061 0.834206
vt 0.622359 0.750321
vt 0.624488 0.746242
vt 0.624532 0.750300
vt 0.691547 0.904137
vt 0.695709 0.907313
vt 0.691080 0.907685
vt 0.711878 0.794500
vt 0.711912 0.790420
vt 0.614884 0.779480
vt 0.617936 0.779249
vt 0.711953 0.786360
vt 0.689207 0.830384
vt 0.692874 0.828397
vt 0.692672 0.830144
vt 0.690253 0.834298
vt 0.692724 0.834312
vt 0.692922 0.836821
vt 0.609092 0.770806
vt 0.612657 0.766645
vt 0.612761 0.770705
vt 0.696768 0.825679
vt 0.690175 0.826554
vt 0.692956 0.823780
vt 0.696749 0.822707
vt 0.715364 0.847138
vt 0.719079 0.852171
vt 0.715398 0.852198
vt 0.715282 0.852376
vt 0.719089 0.853588
vt 0.678144 0.805498
vt 0.681672 0.803107
vt 0.683024 0.805457
vt 0.716385 0.798478
vt 0.713775 0.794652
vt 0.716743 0.794637
vt 0.712589 0.864340
vt 0.714489 0.858539
vt 0.714526 0.864328
vt 0.726187 0.782852
vt 0.691740 0.901678
vt 0.717550 0.794561
vt 0.710729 0.817234
vt 0.706963 0.814982
vt 0.719046 0.847000
vt 0.719047 0.847114
vt 0.711991 0.782300
vt 0.718354 0.789757
vt 0.722356 0.786264
vt 0.610210 0.787093
vt 0.612039 0.782844
vt 0.613406 0.782912
vt 0.613533 0.779581
vt 0.609962 0.791171
vt 0.608845 0.787399
vt 0.624306 0.799198
vt 0.626394 0.795134
vt 0.626399 0.799189
vt 0.702996 0.816848
vt 0.703130 0.814141
vt 0.626405 0.787023
vt 0.626418 0.782968
vt 0.626391 0.791081
vt 0.716325 0.916942
vt 0.721263 0.918759
vt 0.714407 0.918712
vt 0.707182 0.810543
vt 0.707557 0.802924
vt 0.724904 0.815330
vt 0.716714 0.817708
vt 0.711546 0.858558
vt 0.624115 0.794969
vt 0.626413 0.778911
vt 0.624306 0.774870
vt 0.626394 0.774853
vt 0.617915 0.795082
vt 0.618084 0.791257
vt 0.720448 0.805085
vt 0.717032 0.811174
vt 0.722075 0.918758
vt 0.725561 0.916504
vt 0.725653 0.918696
vt 0.722034 0.915676
vt 0.721221 0.915684
vt 0.661359 0.798973
vt 0.608572 0.794428
vt 0.609727 0.795042
vt 0.725738 0.817293
vt 0.724890 0.818035
vt 0.624115 0.794969
vt 0.624136 0.779065
vt 0.726044 0.811286
vt 0.726247 0.811885
vt 0.724925 0.811499
vt 0.609081 0.786801
vt 0.726890 0.918652
vt 0.622433 0.754381
vt 0.624592 0.754358
vt 0.707960 0.749874
vt 0.710013 0.745806
vt 0.710238 0.749998
vt 0.689118 0.904289
vt 0.725546 0.798549
vt 0.608727 0.762703
vt 0.612121 0.758479
vt 0.612554 0.762580
vt 0.699905 0.908031
vt 0.695712 0.907749
vt 0.722965 0.853535
vt 0.723311 0.858482
vt 0.622706 0.766593
vt 0.624807 0.766523
vt 0.624832 0.770573
vt 0.616167 0.761921
vt 0.617002 0.762559
vt 0.719158 0.864298
vt 0.714966 0.864325
vt 0.719081 0.852387
vt 0.627939 0.750268
vt 0.627980 0.754322
vt 0.627906 0.746211
vt 0.624737 0.762474
vt 0.628026 0.758378
vt 0.628073 0.762437
vt 0.624664 0.758416
vt 0.628114 0.766497
vt 0.628137 0.770555
vt 0.672996 0.746045
vt 0.673028 0.750105
vt 0.673077 0.754163
vt 0.673137 0.758221
vt 0.697644 0.803655
vt 0.703318 0.810314
vt 0.697318 0.810203
vt 0.673197 0.762276
vt 0.673246 0.766331
vt 0.673279 0.770391
vt 0.710449 0.762038
vt 0.716375 0.758051
vt 0.716448 0.762109
vt 0.710380 0.757980
vt 0.716296 0.754000
vt 0.697127 0.814031
vt 0.696992 0.816737
vt 0.723406 0.853526
vt 0.725649 0.852233
vt 0.725855 0.853455
vt 0.608943 0.766752
vt 0.688123 0.908210
vt 0.696797 0.830117
vt 0.617035 0.766693
vt 0.622706 0.766579
vt 0.719495 0.750292
vt 0.721017 0.753704
vt 0.700697 0.828346
vt 0.703371 0.826468
vt 0.622524 0.758440
vt 0.689172 0.912148
vt 0.703395 0.834212
vt 0.700921 0.830090
vt 0.704389 0.830285
vt 0.622618 0.762499
vt 0.700759 0.836770
vt 0.701035 0.834256
vt 0.700554 0.823731
vt 0.722730 0.847091
vt 0.722761 0.852151
vt 0.722879 0.852327
vt 0.684627 0.863710
vt 0.681068 0.861365
vt 0.684222 0.861350
vt 0.618251 0.770616
vt 0.620811 0.766756
vt 0.621014 0.770594
vt 0.725727 0.864255
vt 0.723752 0.858479
vt 0.726695 0.858460
vt 0.608466 0.758651
vt 0.608245 0.755119
vt 0.702309 0.912062
vt 0.703307 0.908110
vt 0.616526 0.770639
vt 0.617036 0.766714
vt 0.708140 0.762042
vt 0.710467 0.765901
vt 0.708190 0.766096
vt 0.684729 0.861455
vt 0.687409 0.863929
vt 0.684987 0.863879
vt 0.724267 0.757843
vt 0.722383 0.753619
vt 0.725393 0.757536
vt 0.720847 0.750376
vt 0.724569 0.761917
vt 0.725637 0.758132
vt 0.725945 0.761836
vt 0.708007 0.753931
vt 0.710238 0.749999
vt 0.710310 0.753927
vt 0.624136 0.779065
vt 0.708074 0.757986
vt 0.703642 0.803772
vt 0.696056 0.919621
vt 0.700969 0.917740
vt 0.702910 0.919484
vt 0.689075 0.813566
vt 0.688823 0.816260
vt 0.710331 0.770132
vt 0.708239 0.770150
vt 0.721716 0.805272
vt 0.716668 0.765932
vt 0.724855 0.765785
vt 0.694515 0.803808
vt 0.689430 0.809751
vt 0.695244 0.919630
vt 0.691728 0.917422
vt 0.695245 0.916547
vt 0.707925 0.745816
vt 0.726001 0.765157
vt 0.688052 0.815438
vt 0.687721 0.813634
vt 0.710467 0.765901
vt 0.716440 0.750101
vt 0.688337 0.809429
vt 0.688077 0.810006
vt 0.691665 0.919614
vt 0.690428 0.919587
vt 0.693236 0.803870
vt 0.617843 0.766780
vt 0.723349 0.864271
vt 0.677835 0.805844
vt 0.696786 0.828371
vt 0.684877 0.863881
vt 0.679516 0.861446
vt 0.679747 0.863733
vt 0.679485 0.863960
vt 0.683225 0.803168
vt 0.678253 0.828686
vt 0.680004 0.827516
vt 0.679697 0.829061
vt 0.678834 0.825766
vt 0.678459 0.827209
vt 0.681174 0.829266
vt 0.681754 0.826346
vt 0.681549 0.827823
vt 0.677215 0.829379
vt 0.678094 0.829907
vt 0.677065 0.828365
vt 0.677613 0.825607
vt 0.677168 0.826952
vt 0.678140 0.824727
vt 0.679155 0.824577
vt 0.680311 0.825971
vt 0.681913 0.825125
vt 0.682792 0.825653
vt 0.682942 0.826667
vt 0.682840 0.828080
vt 0.682395 0.829425
vt 0.681867 0.830304
vt 0.680853 0.830455
vt 0.679440 0.830352
vt 0.683818 0.828275
vt 0.683792 0.830093
vt 0.683231 0.829750
vt 0.684489 0.826585
vt 0.684502 0.828410
vt 0.682206 0.830812
vt 0.683840 0.826688
vt 0.683809 0.824974
vt 0.682546 0.831321
vt 0.675518 0.828447
vt 0.676189 0.826757
vt 0.676168 0.828344
vt 0.676216 0.824939
vt 0.675506 0.826622
vt 0.677462 0.823711
vt 0.676776 0.825282
vt 0.676707 0.829718
vt 0.676199 0.830058
vt 0.680935 0.832001
vt 0.679245 0.831330
vt 0.680832 0.831352
vt 0.677427 0.831304
vt 0.677770 0.830743
vt 0.682581 0.823728
vt 0.680762 0.823701
vt 0.680898 0.823018
vt 0.679073 0.823030
vt 0.682237 0.824289
vt 0.683300 0.825314
vt 0.680568 0.824680
vt 0.679175 0.823680
vt 0.677801 0.824220
vt 0.677213 0.823343
vt 0.678981 0.822597
vt 0.679025 0.832448
vt 0.677179 0.831672
vt 0.684177 0.824726
vt 0.684922 0.826493
vt 0.682828 0.823360
vt 0.684159 0.830340
vt 0.682794 0.831689
vt 0.675085 0.828539
vt 0.684935 0.828494
vt 0.675848 0.824692
vt 0.681027 0.832435
vt 0.675072 0.826537
vt 0.675831 0.830306
vt 0.679110 0.832014
vt 0.680982 0.822584
vt 0.723020 0.824389
vt 0.717612 0.823879
vt 0.722752 0.823381
vt 0.723985 0.833874
vt 0.717730 0.835008
vt 0.717719 0.833877
vt 0.723708 0.838736
vt 0.717779 0.839516
vt 0.717765 0.838444
vt 0.723537 0.839846
vt 0.717795 0.840562
vt 0.723785 0.828937
vt 0.717647 0.828112
vt 0.723659 0.827706
vt 0.726691 0.836488
vt 0.725972 0.835153
vt 0.726770 0.835177
vt 0.723104 0.841918
vt 0.723332 0.840895
vt 0.723842 0.837525
vt 0.717753 0.837297
vt 0.723940 0.831337
vt 0.717705 0.832689
vt 0.717691 0.831502
vt 0.723872 0.830132
vt 0.717677 0.830377
vt 0.726149 0.825999
vt 0.725084 0.824931
vt 0.725835 0.824696
vt 0.717623 0.825933
vt 0.717615 0.824913
vt 0.723921 0.836286
vt 0.723962 0.835084
vt 0.717741 0.836131
vt 0.723982 0.832604
vt 0.717662 0.829263
vt 0.725349 0.823455
vt 0.724682 0.823788
vt 0.725716 0.841742
vt 0.725390 0.840268
vt 0.726154 0.840473
vt 0.726564 0.837813
vt 0.725645 0.839040
vt 0.725827 0.837734
vt 0.726734 0.832562
vt 0.725952 0.831264
vt 0.726718 0.831254
vt 0.725923 0.836418
vt 0.726001 0.833889
vt 0.726003 0.832576
vt 0.726767 0.833870
vt 0.725875 0.830003
vt 0.726671 0.829948
vt 0.726410 0.839151
vt 0.726360 0.827326
vt 0.725392 0.826143
vt 0.723480 0.826512
vt 0.717633 0.826983
vt 0.724624 0.822299
vt 0.724108 0.822769
vt 0.725777 0.828743
vt 0.725629 0.827436
vt 0.725032 0.842934
vt 0.725031 0.841433
vt 0.726541 0.828643
vt 0.725033 0.826216
vt 0.725272 0.827489
vt 0.724657 0.826293
vt 0.725408 0.828784
vt 0.725020 0.828825
vt 0.724885 0.827546
vt 0.725105 0.830056
vt 0.725495 0.830029
vt 0.724731 0.825036
vt 0.724373 0.825139
vt 0.724901 0.838922
vt 0.725467 0.837696
vt 0.725282 0.838982
vt 0.725160 0.836366
vt 0.725077 0.837655
vt 0.725552 0.836391
vt 0.725590 0.835141
vt 0.725198 0.835128
vt 0.724669 0.840090
vt 0.725032 0.840178
vt 0.724045 0.824060
vt 0.723873 0.822957
vt 0.724371 0.823927
vt 0.724380 0.841185
vt 0.724250 0.842301
vt 0.723982 0.842160
vt 0.724713 0.841306
vt 0.724494 0.842482
vt 0.725581 0.831276
vt 0.725641 0.832583
vt 0.725189 0.831291
vt 0.725629 0.833890
vt 0.725237 0.833889
vt 0.725247 0.832590
vt 0.723270 0.825423
vt 0.681492 0.853929
vt 0.682639 0.852164
vt 0.682966 0.853704
vt 0.684404 0.853310
vt 0.680873 0.851017
vt 0.681098 0.852491
vt 0.683786 0.850398
vt 0.684180 0.851836
vt 0.680812 0.854976
vt 0.681828 0.855113
vt 0.683240 0.854992
vt 0.684579 0.854529
vt 0.685451 0.853990
vt 0.685589 0.852974
vt 0.685005 0.850223
vt 0.685467 0.851562
vt 0.684465 0.849351
vt 0.682312 0.850623
vt 0.683450 0.849214
vt 0.680698 0.849798
vt 0.679826 0.850337
vt 0.679689 0.851353
vt 0.679811 0.852764
vt 0.680273 0.854104
vt 0.680013 0.848410
vt 0.681831 0.848359
vt 0.680363 0.848966
vt 0.683511 0.847666
vt 0.683417 0.848317
vt 0.682038 0.849336
vt 0.685131 0.848326
vt 0.684798 0.848839
vt 0.678801 0.849671
vt 0.679315 0.850005
vt 0.681767 0.856661
vt 0.683447 0.855968
vt 0.683592 0.856649
vt 0.685265 0.855917
vt 0.684915 0.855361
vt 0.686477 0.854656
vt 0.685963 0.854322
vt 0.681860 0.856010
vt 0.680480 0.855488
vt 0.680147 0.856001
vt 0.678835 0.852972
vt 0.678142 0.851291
vt 0.678792 0.851385
vt 0.678885 0.854790
vt 0.678153 0.853117
vt 0.679441 0.854439
vt 0.686393 0.849537
vt 0.686443 0.851355
vt 0.685837 0.849888
vt 0.687136 0.853036
vt 0.687125 0.851210
vt 0.686486 0.852942
vt 0.687570 0.853122
vt 0.677721 0.853207
vt 0.685374 0.847954
vt 0.678429 0.849428
vt 0.681681 0.857095
vt 0.679760 0.848045
vt 0.681686 0.847678
vt 0.683597 0.847232
vt 0.687557 0.851121
vt 0.686848 0.854899
vt 0.677707 0.851205
vt 0.683682 0.857082
vt 0.678521 0.855042
vt 0.685518 0.856282
vt 0.711285 0.823265
vt 0.710901 0.824307
vt 0.710171 0.834050
vt 0.710232 0.835272
vt 0.710708 0.840158
vt 0.710497 0.838998
vt 0.710971 0.841260
vt 0.710282 0.827815
vt 0.710226 0.829072
vt 0.709470 0.835303
vt 0.708771 0.836609
vt 0.708690 0.835334
vt 0.711358 0.842288
vt 0.710336 0.837757
vt 0.710126 0.832780
vt 0.710156 0.831509
vt 0.710203 0.830288
vt 0.709915 0.825256
vt 0.708947 0.826391
vt 0.709145 0.825083
vt 0.710640 0.825414
vt 0.710268 0.836495
vt 0.709519 0.823788
vt 0.709985 0.840320
vt 0.709602 0.841784
vt 0.709219 0.840498
vt 0.708884 0.837893
vt 0.709762 0.839102
vt 0.709010 0.839194
vt 0.709408 0.831503
vt 0.708677 0.832788
vt 0.708660 0.831515
vt 0.709520 0.836542
vt 0.709422 0.834066
vt 0.708674 0.834061
vt 0.709442 0.830266
vt 0.708664 0.830244
vt 0.709700 0.826476
vt 0.708834 0.827691
vt 0.710435 0.826576
vt 0.710159 0.822526
vt 0.710228 0.824071
vt 0.709481 0.829032
vt 0.708733 0.828972
vt 0.710305 0.841497
vt 0.710248 0.843030
vt 0.710059 0.826524
vt 0.709551 0.827753
vt 0.709902 0.827783
vt 0.709843 0.829053
vt 0.709817 0.830277
vt 0.710275 0.825336
vt 0.709954 0.837792
vt 0.710121 0.839052
vt 0.709603 0.837825
vt 0.709884 0.836517
vt 0.709844 0.835288
vt 0.710344 0.840238
vt 0.710997 0.823134
vt 0.710557 0.824191
vt 0.710736 0.822962
vt 0.711074 0.842420
vt 0.710815 0.842593
vt 0.710631 0.841377
vt 0.709771 0.831504
vt 0.709390 0.832784
vt 0.709742 0.832782
vt 0.709785 0.834059
vt 0.723613 0.823107
vt 0.703558 0.861566
vt 0.703397 0.861497
vt 0.670675 0.836827
vt 0.671043 0.836615
vt 0.727100 0.886006
vt 0.726861 0.886094
vt 0.726874 0.885828
vt 0.726582 0.899177
vt 0.726336 0.899357
vt 0.684473 0.841490
vt 0.684812 0.841179
vt 0.683511 0.836533
vt 0.683882 0.836740
vt 0.753383 0.745545
vt 0.753207 0.745784
vt 0.736811 0.745721
vt 0.736626 0.745506
vt 0.713720 0.919050
vt 0.713765 0.919008
vt 0.608254 0.793978
vt 0.608681 0.794586
vt 0.721415 0.750852
vt 0.720866 0.750301
vt 0.687606 0.814863
vt 0.687901 0.815435
vt 0.703299 0.848181
vt 0.699385 0.847129
vt 0.706213 0.851009
vt 0.703305 0.848183
vt 0.707262 0.854931
vt 0.706215 0.851012
vt 0.707261 0.854935
vt 0.706264 0.858869
vt 0.688780 0.888506
vt 0.687785 0.892437
vt 0.688832 0.896353
vt 0.691653 0.885641
vt 0.695559 0.884535
vt 0.691652 0.885641
vt 0.688781 0.888505
vt 0.670513 0.836795
vt 0.669641 0.841245
vt 0.700651 0.843060
vt 0.687702 0.874319
vt 0.687748 0.874596
vt 0.688458 0.878828
vt 0.691639 0.880533
vt 0.695550 0.880508
vt 0.702695 0.841018
vt 0.704542 0.842870
vt 0.670146 0.841583
vt 0.677313 0.842117
vt 0.761550 0.760850
vt 0.769310 0.760683
vt 0.765375 0.760775
vt 0.769431 0.760680
vt 0.777201 0.760628
vt 0.773506 0.760616
vt 0.726841 0.892591
vt 0.757285 0.745467
vt 0.757222 0.745701
vt 0.781607 0.745349
vt 0.777813 0.745242
vt 0.777388 0.760616
vt 0.777593 0.760868
vt 0.761364 0.760854
vt 0.688747 0.880552
vt 0.695485 0.848232
vt 0.692608 0.851097
vt 0.695478 0.848234
vt 0.691610 0.855033
vt 0.692606 0.851101
vt 0.691612 0.855038
vt 0.695324 0.861221
vt 0.692660 0.858958
vt 0.702389 0.888418
vt 0.703435 0.892335
vt 0.702439 0.896265
vt 0.699479 0.885590
vt 0.699479 0.885590
vt 0.702388 0.888417
vt 0.684043 0.836707
vt 0.684973 0.841145
vt 0.696617 0.843086
vt 0.703316 0.874217
vt 0.703273 0.874494
vt 0.702619 0.878735
vt 0.699461 0.880482
vt 0.683511 0.836533
vt 0.681219 0.841977
vt 0.753089 0.760904
vt 0.753450 0.761139
vt 0.745327 0.760837
vt 0.749263 0.760879
vt 0.745206 0.760836
vt 0.737436 0.760884
vt 0.741131 0.760824
vt 0.712909 0.911296
vt 0.719413 0.911253
vt 0.757156 0.745468
vt 0.732834 0.745663
vt 0.737249 0.760874
vt 0.753275 0.760906
vt 0.725916 0.911211
vt 0.702353 0.880463
vt 0.712226 0.774239
vt 0.712209 0.782225
vt 0.712229 0.778295
vt 0.712171 0.786301
vt 0.712208 0.782348
vt 0.712170 0.786418
vt 0.726226 0.786474
vt 0.726022 0.790446
vt 0.726232 0.786358
vt 0.726430 0.782343
vt 0.725764 0.798491
vt 0.725866 0.794317
vt 0.726015 0.790620
vt 0.700372 0.912075
vt 0.699931 0.912077
vt 0.623918 0.778878
vt 0.623908 0.795172
vt 0.722069 0.786226
vt 0.722011 0.786276
vt 0.718212 0.789594
vt 0.717309 0.794388
vt 0.716851 0.794414
vt 0.715169 0.852200
vt 0.715056 0.852376
vt 0.714836 0.852419
vt 0.717307 0.794220
vt 0.717550 0.794540
vt 0.712098 0.794422
vt 0.715135 0.847140
vt 0.715283 0.847025
vt 0.712099 0.794256
vt 0.712129 0.790582
vt 0.716763 0.794419
vt 0.715135 0.847279
vt 0.623925 0.778878
vt 0.624136 0.779065
vt 0.624086 0.799136
vt 0.612972 0.780065
vt 0.608585 0.791107
vt 0.608244 0.791448
vt 0.614776 0.779270
vt 0.608591 0.794661
vt 0.609577 0.795195
vt 0.617904 0.779034
vt 0.617903 0.795304
vt 0.608778 0.786724
vt 0.608487 0.787479
vt 0.721859 0.919116
vt 0.721268 0.919120
vt 0.608837 0.786645
vt 0.725615 0.919038
vt 0.608480 0.787580
vt 0.721125 0.919118
vt 0.725716 0.919035
vt 0.727324 0.918972
vt 0.700666 0.823535
vt 0.696747 0.822481
vt 0.700666 0.823537
vt 0.703576 0.826366
vt 0.703626 0.834217
vt 0.704620 0.830286
vt 0.688887 0.904304
vt 0.688804 0.911647
vt 0.691761 0.901441
vt 0.695664 0.900337
vt 0.688890 0.904300
vt 0.691109 0.912135
vt 0.703640 0.803772
vt 0.697660 0.803438
vt 0.703652 0.803547
vt 0.696995 0.816969
vt 0.702985 0.817079
vt 0.726047 0.863741
vt 0.726890 0.858684
vt 0.726087 0.853448
vt 0.617274 0.766538
vt 0.617732 0.766558
vt 0.722990 0.852150
vt 0.723105 0.852324
vt 0.617273 0.766370
vt 0.622485 0.766503
vt 0.722809 0.846976
vt 0.722959 0.847089
vt 0.703625 0.834218
vt 0.617820 0.766562
vt 0.722960 0.847228
vt 0.707568 0.802699
vt 0.706796 0.818388
vt 0.706807 0.818162
vt 0.726313 0.764703
vt 0.726290 0.762172
vt 0.693246 0.803652
vt 0.694596 0.803587
vt 0.688736 0.816424
vt 0.694710 0.803581
vt 0.697650 0.803438
vt 0.688817 0.816494
vt 0.696980 0.816969
vt 0.725694 0.757456
vt 0.725995 0.758207
vt 0.688013 0.809334
vt 0.725634 0.757378
vt 0.687691 0.810082
vt 0.687358 0.813645
vt 0.726003 0.758307
vt 0.692553 0.804186
vt 0.688018 0.809328
vt 0.687584 0.814867
vt 0.718188 0.789615
vt 0.717276 0.790408
vt 0.725913 0.852414
vt 0.620435 0.665976
vt 0.613893 0.660357
vt 0.620435 0.660357
vt 0.607351 0.665976
vt 0.607351 0.660357
vt 0.613893 0.665976
vt 0.607351 0.671595
vt 0.613893 0.671595
vt 0.607351 0.677215
vt 0.613893 0.677215
vt 0.607351 0.682834
vt 0.613893 0.682834
vt 0.607351 0.688453
vt 0.613893 0.694072
vt 0.613893 0.688453
vt 0.613893 0.699691
vt 0.607351 0.694072
vt 0.620435 0.694072
vt 0.620435 0.688453
vt 0.620435 0.682834
vt 0.620435 0.677214
vt 0.620435 0.671595
vt 0.640072 0.665976
vt 0.633530 0.660357
vt 0.640072 0.660357
vt 0.626987 0.665976
vt 0.626987 0.660357
vt 0.633530 0.665976
vt 0.626987 0.671595
vt 0.633530 0.671595
vt 0.626987 0.677215
vt 0.633530 0.677215
vt 0.626987 0.682834
vt 0.633530 0.682834
vt 0.626987 0.688453
vt 0.633530 0.694072
vt 0.633530 0.688453
vt 0.633530 0.699691
vt 0.626987 0.694072
vt 0.640072 0.694072
vt 0.640072 0.688453
vt 0.640072 0.682834
vt 0.640072 0.677214
vt 0.640072 0.671595
vt 0.659708 0.665976
vt 0.653166 0.660357
vt 0.659708 0.660357
vt 0.646625 0.665976
vt 0.646625 0.660357
vt 0.653166 0.665976
vt 0.646625 0.671595
vt 0.653166 0.671595
vt 0.646625 0.677215
vt 0.653166 0.677215
vt 0.646625 0.682834
vt 0.653166 0.682834
vt 0.646625 0.688453
vt 0.653166 0.694072
vt 0.653166 0.688453
vt 0.653166 0.699691
vt 0.646625 0.694072
vt 0.659708 0.694072
vt 0.659708 0.688453
vt 0.659708 0.682834
vt 0.659708 0.677214
vt 0.659708 0.671595
vt 0.679344 0.665976
vt 0.672803 0.660357
vt 0.679344 0.660357
vt 0.666261 0.665976
vt 0.666261 0.660357
vt 0.672803 0.665976
vt 0.666261 0.671595
vt 0.672803 0.671595
vt 0.666261 0.677215
vt 0.672803 0.677215
vt 0.666261 0.682834
vt 0.672803 0.682834
vt 0.666261 0.688453
vt 0.672803 0.694072
vt 0.672803 0.688453
vt 0.672803 0.699691
vt 0.666261 0.694072
vt 0.679344 0.694072
vt 0.679344 0.688453
vt 0.679344 0.682834
vt 0.679344 0.677214
vt 0.679344 0.671595
vt 0.698981 0.665976
vt 0.692439 0.660357
vt 0.698981 0.660357
vt 0.685897 0.665976
vt 0.685897 0.660357
vt 0.692439 0.665976
vt 0.685897 0.671595
vt 0.692439 0.677215
vt 0.692439 0.671595
vt 0.692439 0.682834
vt 0.685897 0.677215
vt 0.685897 0.688453
vt 0.685897 0.682834
vt 0.692439 0.694072
vt 0.692439 0.688453
vt 0.692439 0.699691
vt 0.685897 0.694072
vt 0.698982 0.694072
vt 0.698981 0.688453
vt 0.698981 0.682834
vt 0.698981 0.677214
vt 0.698981 0.671595
vt 0.718618 0.665976
vt 0.712076 0.660357
vt 0.718618 0.660357
vt 0.705534 0.665976
vt 0.705534 0.660357
vt 0.712076 0.665976
vt 0.705534 0.671595
vt 0.712076 0.677214
vt 0.712076 0.671595
vt 0.705534 0.682834
vt 0.705534 0.677214
vt 0.712076 0.682834
vt 0.705534 0.688453
vt 0.712076 0.694072
vt 0.712076 0.688453
vt 0.712076 0.699691
vt 0.705534 0.694072
vt 0.718618 0.694072
vt 0.718618 0.688453
vt 0.718618 0.682834
vt 0.718618 0.677215
vt 0.718618 0.671595
vt 0.738254 0.665976
vt 0.731712 0.660357
vt 0.738254 0.660357
vt 0.725170 0.665976
vt 0.725170 0.660357
vt 0.731712 0.665976
vt 0.725170 0.671595
vt 0.731712 0.671595
vt 0.725170 0.677215
vt 0.731712 0.677215
vt 0.725170 0.682834
vt 0.731712 0.682834
vt 0.725170 0.688453
vt 0.731712 0.694072
vt 0.731712 0.688453
vt 0.731712 0.699691
vt 0.725170 0.694072
vt 0.738254 0.694072
vt 0.738254 0.688453
vt 0.738254 0.682834
vt 0.738254 0.677214
vt 0.738254 0.671595
vt 0.620435 0.699691
vt 0.640072 0.699691
vt 0.659708 0.699691
vt 0.679344 0.699691
vt 0.698981 0.699691
vt 0.718618 0.699691
vt 0.738254 0.699691
vt 0.607351 0.699691
vt 0.626987 0.699691
vt 0.646625 0.699691
vt 0.666261 0.699691
vt 0.685897 0.699691
vt 0.705534 0.699691
vt 0.725170 0.699691
vt 0.786252 0.690280
vt 0.783834 0.692866
vt 0.782151 0.688762
vt 0.779977 0.685234
vt 0.777715 0.687715
vt 0.776357 0.683874
vt 0.789290 0.695816
vt 0.784959 0.697386
vt 0.790040 0.697795
vt 0.785476 0.702141
vt 0.790498 0.704090
vt 0.785268 0.706920
vt 0.789068 0.710243
vt 0.790312 0.706200
vt 0.788033 0.712088
vt 0.783003 0.715702
vt 0.784433 0.711503
vt 0.786999 0.713933
vt 0.782626 0.718236
vt 0.781048 0.719357
vt 0.778646 0.717031
vt 0.775644 0.721386
vt 0.774053 0.717803
vt 0.773762 0.721822
vt 0.769366 0.717953
vt 0.767995 0.721634
vt 0.764733 0.717476
vt 0.762469 0.719962
vt 0.760297 0.716430
vt 0.757689 0.716417
vt 0.758617 0.712323
vt 0.756199 0.714913
vt 0.753914 0.711353
vt 0.757487 0.707803
vt 0.753162 0.709376
vt 0.756968 0.703047
vt 0.752410 0.707398
vt 0.751763 0.703213
vt 0.763663 0.712996
vt 0.762914 0.708060
vt 0.768913 0.713276
vt 0.768549 0.708114
vt 0.768300 0.702688
vt 0.762526 0.702872
vt 0.762576 0.697669
vt 0.768197 0.697257
vt 0.757176 0.698267
vt 0.751949 0.701104
vt 0.758011 0.693684
vt 0.763005 0.692696
vt 0.753380 0.694951
vt 0.759436 0.689483
vt 0.763798 0.688159
vt 0.754412 0.693106
vt 0.759817 0.686955
vt 0.755444 0.691260
vt 0.761392 0.685830
vt 0.764918 0.684243
vt 0.766801 0.683807
vt 0.768393 0.687386
vt 0.773080 0.687235
vt 0.768683 0.683372
vt 0.772545 0.683245
vt 0.768228 0.692082
vt 0.773537 0.691912
vt 0.773898 0.697074
vt 0.779534 0.697130
vt 0.774146 0.702501
vt 0.778788 0.692194
vt 0.779871 0.707521
vt 0.779920 0.702319
vt 0.779442 0.712494
vt 0.774250 0.707932
vt 0.774221 0.713107
vt 0.774451 0.683559
vt 0.826222 0.712185
vt 0.818519 0.717851
vt 0.811648 0.700038
vt 0.809639 0.719054
vt 0.802879 0.716737
vt 0.794362 0.697249
vt 0.797718 0.690194
vt 0.826426 0.690367
vt 0.829574 0.697326
vt 0.808907 0.683292
vt 0.814296 0.683328
vt 0.797509 0.712013
vt 0.794362 0.705051
vt 0.829575 0.705133
vt 0.821056 0.685644
vt 0.803676 0.685149
vt 0.212996 0.647278
vt 0.613033 0.647278
vt 0.464320 0.109419
vt 0.438208 0.647278
vt 0.954049 0.058459
vt 0.921335 0.441738
vt 0.921335 0.518816
vt 0.960650 0.007500
vt 0.477523 0.007500
vt 0.331696 0.992500
vt 0.474458 0.992500
vt 0.553769 0.992500
vt 0.643894 0.938064
vt 0.352965 0.938064
vt 0.478772 0.938064
vt 0.048931 0.992500
vt 0.112381 0.992500
vt 0.159968 0.992500
vt 0.223417 0.992500
vt 0.302729 0.992500
vt 0.339859 0.890433
vt 0.174738 0.938064
vt 0.691560 0.868506
vt 0.836795 0.989613
vt 0.707706 0.892548
vt 0.758712 0.976435
vt 0.727003 0.907292
vt 0.844951 0.969194
vt 0.726831 0.881535
vt 0.791282 0.745670
vt 0.826024 0.972931
vt 0.732776 0.745899
vt 0.808710 0.973044
vt 0.713622 0.798492
vt 0.696800 0.830552
vt 0.721875 0.798496
vt 0.622309 0.746261
vt 0.678518 0.803133
vt 0.624115 0.794994
vt 0.726245 0.815530
vt 0.612121 0.758480
vt 0.723228 0.852226
vt 0.723790 0.864268
vt 0.696058 0.916545
vt 0.710467 0.765926
vt 0.710238 0.749998
vt 0.617035 0.766714
vt 0.683414 0.805677
vt 0.717817 0.841638
vt 0.686757 0.849285
vt 0.679903 0.856373
vt 0.681596 0.847245
vt 0.706269 0.858864
vt 0.703560 0.861568
vt 0.687786 0.892434
vt 0.704473 0.843035
vt 0.688668 0.868525
vt 0.673407 0.842266
vt 0.765240 0.760778
vt 0.773370 0.760616
vt 0.761058 0.745485
vt 0.777632 0.745459
vt 0.761237 0.745732
vt 0.692654 0.858953
vt 0.695398 0.861621
vt 0.703434 0.892333
vt 0.692795 0.843112
vt 0.702274 0.868436
vt 0.681191 0.836973
vt 0.681220 0.842215
vt 0.749399 0.760880
vt 0.741266 0.760822
vt 0.753383 0.745534
vt 0.719424 0.911253
vt 0.712229 0.778182
vt 0.712130 0.790419
vt 0.725859 0.794497
vt 0.617926 0.779032
vt 0.617913 0.795304
vt 0.717278 0.790573
vt 0.713638 0.794433
vt 0.715053 0.847027
vt 0.713784 0.794434
vt 0.715169 0.852159
vt 0.624086 0.774931
vt 0.611881 0.782440
vt 0.613496 0.779365
vt 0.614981 0.779255
vt 0.609721 0.795268
vt 0.611703 0.782828
vt 0.722079 0.919114
vt 0.608243 0.791091
vt 0.713715 0.919061
vt 0.703575 0.826363
vt 0.704621 0.830284
vt 0.687893 0.908230
vt 0.687892 0.908233
vt 0.691759 0.901441
vt 0.726928 0.858458
vt 0.617255 0.762722
vt 0.620945 0.766535
vt 0.723038 0.846975
vt 0.700754 0.837003
vt 0.620799 0.766538
vt 0.722989 0.852109
vt 0.722537 0.753213
vt 0.687850 0.815482
vt 0.687692 0.810077
vt 0.722719 0.753598
vt 0.726287 0.761816
vt 0.687357 0.813652
vt 0.788540 0.693838
vt 0.790684 0.701981
vt 0.777526 0.720950
vt 0.769901 0.721947
vt 0.766089 0.721321
vt 0.752135 0.698995
s 1
usemtl base1
f 1/1/1 2/2/2 3/3/3
f 4/4/4 5/5/5 2/2/2
f 5/5/5 6/6/6 7/7/7
f 7/7/7 8/8/8 9/9/9
f 9/9/9 10/10/10 11/11/11
f 11/11/11 12/12/12 13/13/13
f 13/13/13 14/14/14 15/15/15
f 15/15/15 16/16/16 17/17/17
f 18/18/18 4/4/4 1/1/1
f 19/19/19 20/20/20 4/4/4
f 21/21/21 6/6/6 20/20/20
f 6/6/6 22/22/22 8/8/8
f 8/8/8 23/23/23 10/10/10
f 10/10/10 24/24/24 12/12/12
f 12/12/12 25/25/25 14/14/14
f 14/14/14 26/26/26 16/16/16
f 27/27/27 19/19/19 18/18/18
f 19/19/19 28/28/28 21/21/21
f 21/21/21 29/29/29 30/30/30
f 30/30/30 31/31/31 22/22/22
f 31/31/31 23/23/23 22/22/22
f 32/32/32 24/24/24 23/23/23
f 24/24/24 33/33/33 25/25/25
f 25/25/25 34/34/34 26/26/26
f 35/35/35 36/36/36 27/27/27
f 36/36/36 37/37/37 28/28/28
f 28/28/28 38/38/38 29/29/29
f 38/38/38 31/31/31 29/29/29
f 31/31/31 39/39/39 32/32/32
f 32/32/32 40/40/40 41/41/41
f 41/41/41 42/42/42 33/33/33
f 33/33/33 43/43/43 34/34/34
f 44/44/44 45/45/45 35/35/35
f 46/46/46 37/37/37 45/45/45
f 47/47/47 38/38/38 37/37/37
f 38/38/38 48/48/48 49/49/49
f 49/49/49 50/50/50 39/39/39
f 39/39/39 51/51/51 40/40/40
f 40/40/40 52/52/52 42/42/42
f 42/42/42 53/53/53 43/43/43
f 54/54/54 46/46/46 44/44/44
f 55/55/55 47/47/47 46/46/46
f 47/47/47 56/56/56 57/57/57
f 56/56/56 48/48/48 57/57/57
f 48/48/48 58/58/58 50/50/50
f 50/50/50 59/59/59 51/51/51
f 51/51/51 60/60/60 52/52/52
f 52/52/52 61/61/61 53/53/53
f 62/62/62 55/55/55 54/54/54
f 63/63/63 64/64/64 55/55/55
f 64/64/64 65/65/65 56/56/56
f 56/56/56 66/66/66 67/67/67
f 67/67/67 68/68/68 58/58/58
f 58/58/58 69/69/69 59/59/59
f 59/59/59 70/70/70 60/60/60
f 60/60/60 71/71/71 61/61/61
f 72/72/72 63/63/63 62/62/62
f 73/73/73 74/74/74 63/63/63
f 74/74/74 75/75/75 65/65/65
f 65/65/65 76/76/76 66/66/66
f 66/66/66 77/77/77 68/68/68
f 68/68/68 78/78/78 69/69/69
f 69/69/69 79/79/79 70/70/70
f 70/70/70 80/80/80 71/71/71
f 81/81/81 73/73/73 72/72/72
f 82/82/82 83/83/83 73/73/73
f 83/83/83 84/84/84 75/75/75
f 75/75/75 85/85/85 76/76/76
f 76/76/76 86/86/86 77/77/77
f 77/77/77 87/87/87 78/78/78
f 78/78/78 88/88/88 79/79/79
f 79/79/79 89/89/89 80/80/80
f 90/90/90 82/82/82 81/81/81
f 82/82/82 91/91/91 92/92/92
f 92/92/92 93/93/93 84/84/84
f 84/84/84 94/94/94 85/85/85
f 85/85/85 95/95/95 86/86/86
f 86/86/86 96/96/96 87/87/87
f 87/87/87 97/97/97 88/88/88
f 88/88/88 98/98/98 89/89/89
f 99/99/99 100/100/100 90/90/90
f 100/100/100 101/101/101 91/91/91
f 91/91/91 102/102/102 93/93/93
f 93/93/93 103/103/103 94/94/94
f 94/94/94 104/104/104 95/95/95
f 95/95/95 105/105/105 96/96/96
f 96/96/96 106/106/106 97/97/97
f 97/97/97 107/107/107 98/98/98
f 108/108/108 109/109/109 99/99/99
f 109/109/109 110/110/110 101/101/101
f 101/101/101 111/111/111 102/102/102
f 102/102/102 112/112/112 103/103/103
f 103/103/103 113/113/113 104/104/104
f 104/104/104 114/114/114 105/105/105
f 105/105/105 115/115/115 106/106/106
f 106/106/106 116/116/116 107/107/107
f 108/108/108 117/117/117 118/118/118
f 118/118/118 119/119/119 110/110/110
f 110/110/110 120/120/120 111/111/111
f 111/111/111 121/121/121 112/112/112
f 112/112/112 122/122/122 113/113/113
f 113/113/113 123/123/123 114/114/114
f 114/114/114 124/124/124 115/115/115
f 115/115/115 125/125/125 116/116/116
f 126/126/126 127/127/127 117/117/117
f 117/117/117 128/128/128 119/119/119
f 119/119/119 129/129/129 120/120/120
f 120/120/120 130/130/130 121/121/121
f 121/121/121 131/131/131 122/122/122
f 122/122/122 132/132/132 123/123/123
f 123/123/123 133/133/133 124/124/124
f 124/124/124 134/134/134 125/125/125
f 135/135/135 136/136/136 127/127/127
f 127/127/127 137/137/137 128/128/128
f 128/128/128 138/138/138 129/129/129
f 129/129/129 139/139/139 130/130/130
f 130/130/130 140/140/140 131/131/131
f 131/131/131 141/141/141 132/132/132
f 132/132/132 142/142/142 133/133/133
f 133/133/133 143/143/143 134/134/134
f 144/144/144 145/145/145 136/136/136
f 136/136/136 146/146/146 137/137/137
f 137/137/137 147/147/147 138/138/138
f 138/138/138 148/148/148 139/139/139
f 139/139/139 149/149/149 140/140/140
f 140/140/140 150/150/150 141/141/141
f 141/141/141 151/151/151 142/142/142
f 142/142/142 152/152/152 143/143/143
f 153/153/153 154/154/154 145/145/145
f 145/145/145 155/155/155 146/146/146
f 146/146/146 156/156/156 147/147/147
f 147/147/147 157/157/157 148/148/148
f 148/148/148 158/158/158 149/149/149
f 149/149/149 159/159/159 150/150/150
f 150/150/150 160/160/160 151/151/151
f 151/151/151 161/161/161 152/152/152
f 162/162/162 163/163/163 154/154/154
f 154/154/154 164/164/164 155/155/155
f 155/155/155 165/165/165 156/156/156
f 156/156/156 166/166/166 157/157/157
f 157/157/157 167/167/167 158/158/158
f 158/158/158 168/168/168 159/159/159
f 159/159/159 169/169/169 160/160/160
f 160/160/160 170/170/170 161/161/161
f 171/171/171 172/172/172 163/163/163
f 163/163/163 173/173/173 164/164/164
f 164/164/164 174/174/174 165/165/165
f 165/165/165 175/175/175 166/166/166
f 166/166/166 176/176/176 167/167/167
f 167/167/167 177/177/177 168/168/168
f 168/168/168 178/178/178 169/169/169
f 169/169/169 179/179/179 170/170/170
f 180/180/180 172/172/172 181/181/181
f 182/182/182 173/173/173 172/172/172
f 183/183/183 174/174/174 173/173/173
f 184/184/184 175/175/175 174/174/174
f 185/185/185 176/176/176 175/175/175
f 186/186/186 177/177/177 176/176/176
f 187/187/187 178/178/178 177/177/177
f 188/188/188 179/179/179 178/178/178
f 189/189/189 182/182/182 180/180/180
f 190/190/190 183/183/183 182/182/182
f 191/191/191 184/184/184 183/183/183
f 192/192/192 185/185/185 184/184/184
f 193/193/193 186/186/186 185/185/185
f 194/194/194 187/187/187 186/186/186
f 195/195/195 188/188/188 187/187/187
f 196/196/196 197/197/197 188/188/188
f 198/198/198 190/190/190 189/189/189
f 199/199/199 191/191/191 190/190/190
f 200/200/200 192/192/192 191/191/191
f 201/201/201 193/193/193 192/192/192
f 202/202/202 194/194/194 193/193/193
f 203/203/203 195/195/195 194/194/194
f 204/204/204 196/196/196 195/195/195
f 205/205/205 206/206/206 196/196/196
f 207/207/207 199/199/199 198/198/198
f 208/208/208 200/200/200 199/199/199
f 209/209/209 201/201/201 200/200/200
f 210/210/210 202/202/202 201/201/201
f 211/211/211 203/203/203 202/202/202
f 212/212/212 204/204/204 203/203/203
f 213/213/213 205/205/205 204/204/204
f 214/214/214 215/215/215 205/205/205
f 216/216/216 208/208/208 207/207/207
f 217/217/217 209/209/209 208/208/208
f 209/209/209 218/218/218 210/210/210
f 210/210/210 219/219/219 211/211/211
f 211/211/211 220/220/220 212/212/212
f 220/220/220 213/213/213 212/212/212
f 221/221/221 214/214/214 213/213/213
f 222/222/222 223/223/223 214/214/214
f 216/216/216 224/224/224 217/217/217
f 217/217/217 225/225/225 226/226/226
f 226/226/226 227/227/227 218/218/218
f 218/218/218 228/228/228 219/219/219
f 219/219/219 229/229/229 220/220/220
f 220/220/220 230/230/230 221/221/221
f 221/221/221 231/231/231 222/222/222
f 222/222/222 232/232/232 233/233/233
f 234/234/234 235/235/235 236/236/236
f 235/235/235 237/237/237 238/238/238
f 238/238/238 237/237/237 239/239/239
f 239/239/239 240/240/240 241/241/241
f 241/241/241 242/242/242 243/243/243
f 242/242/242 244/244/244 243/243/243
f 244/244/244 245/245/245 246/246/246
f 246/246/246 247/247/247 248/248/248
f 249/249/249 250/250/250 234/234/234
f 251/251/251 237/237/237 250/250/250
f 252/252/252 253/253/253 237/237/237
f 253/253/253 254/254/254 240/240/240
f 240/240/240 255/255/255 242/242/242
f 242/242/242 256/256/256 257/257/257
f 257/257/257 258/258/258 245/245/245
f 245/245/245 259/259/259 247/247/247
f 260/260/260 251/251/251 249/249/249
f 261/261/261 252/252/252 251/251/251
f 262/262/262 263/263/263 252/252/252
f 263/263/263 264/264/264 254/254/254
f 254/254/254 265/265/265 255/255/255
f 255/255/255 266/266/266 256/256/256
f 256/256/256 267/267/267 258/258/258
f 258/258/258 268/268/268 259/259/259
f 269/269/269 261/261/261 260/260/260
f 270/270/270 262/262/262 261/261/261
f 271/271/271 272/272/272 262/262/262
f 272/272/272 273/273/273 264/264/264
f 264/264/264 274/274/274 265/265/265
f 265/265/265 275/275/275 266/266/266
f 266/266/266 276/276/276 267/267/267
f 267/267/267 277/277/277 268/268/268
f 278/278/278 270/270/270 269/269/269
f 279/279/279 271/271/271 270/270/270
f 280/280/280 281/281/281 271/271/271
f 281/281/281 282/282/282 273/273/273
f 273/273/273 283/283/283 274/274/274
f 274/274/274 284/284/284 275/275/275
f 275/275/275 285/285/285 276/276/276
f 276/276/276 286/286/286 277/277/277
f 287/287/287 279/279/279 278/278/278
f 288/288/288 280/280/280 279/279/279
f 289/289/289 290/290/290 280/280/280
f 290/290/290 291/291/291 282/282/282
f 282/282/282 292/292/292 283/283/283
f 283/283/283 293/293/293 284/284/284
f 284/284/284 294/294/294 285/285/285
f 285/285/285 295/295/295 286/286/286
f 296/296/296 288/288/288 287/287/287
f 297/297/297 289/289/289 288/288/288
f 298/298/298 299/299/299 289/289/289
f 299/299/299 300/300/300 291/291/291
f 291/291/291 301/301/301 292/292/292
f 292/292/292 302/302/302 293/293/293
f 293/293/293 303/303/303 294/294/294
f 294/294/294 304/304/304 295/295/295
f 305/305/305 297/297/297 296/296/296
f 306/306/306 298/298/298 297/297/297
f 298/298/298 307/307/307 308/308/308
f 308/308/308 309/309/309 300/300/300
f 300/300/300 310/310/310 301/301/301
f 301/301/301 311/311/311 302/302/302
f 302/302/302 312/312/312 303/303/303
f 303/303/303 313/313/313 304/304/304
f 314/314/314 306/306/306 305/305/305
f 315/315/315 316/316/316 306/306/306
f 316/316/316 317/317/317 307/307/307
f 307/307/307 318/318/318 309/309/309
f 309/309/309 319/319/319 310/310/310
f 310/310/310 320/320/320 311/311/311
f 311/311/311 321/321/321 312/312/312
f 312/312/312 322/322/322 313/313/313
f 323/323/323 315/315/315 314/314/314
f 315/315/315 324/324/324 325/325/325
f 325/325/325 326/326/326 317/317/317
f 317/317/317 327/327/327 318/318/318
f 318/318/318 328/328/328 319/319/319
f 319/319/319 329/329/329 320/320/320
f 320/320/320 330/330/330 321/321/321
f 321/321/321 331/331/331 322/322/322
f 323/323/323 332/332/332 333/333/333
f 333/333/333 334/334/334 324/324/324
f 324/324/324 335/335/335 326/326/326
f 326/326/326 336/336/336 327/327/327
f 327/327/327 337/337/337 328/328/328
f 328/328/328 338/338/338 329/329/329
f 329/329/329 339/339/339 330/330/330
f 330/330/330 340/340/340 331/331/331
f 341/341/341 342/342/342 332/332/332
f 332/332/332 343/343/343 334/334/334
f 334/334/334 344/344/344 335/335/335
f 335/335/335 345/345/345 336/336/336
f 336/336/336 346/346/346 337/337/337
f 337/337/337 347/347/347 338/338/338
f 338/338/338 348/348/348 339/339/339
f 339/339/339 349/349/349 340/340/340
f 350/350/350 351/351/351 342/342/342
f 342/342/342 352/352/352 343/343/343
f 343/343/343 353/353/353 344/344/344
f 344/344/344 354/354/354 345/345/345
f 345/345/345 355/355/355 346/346/346
f 346/346/346 356/356/356 347/347/347
f 347/347/347 357/357/357 348/348/348
f 348/348/348 358/358/358 349/349/349
f 359/359/359 360/360/360 351/351/351
f 351/351/351 361/361/361 352/352/352
f 352/352/352 362/362/362 353/353/353
f 353/353/353 363/363/363 354/354/354
f 354/354/354 364/364/364 355/355/355
f 355/355/355 365/365/365 356/356/356
f 365/365/365 357/357/357 356/356/356
f 357/357/357 366/366/366 358/358/358
f 367/367/367 368/368/368 360/360/360
f 360/360/360 369/369/369 361/361/361
f 361/361/361 370/370/370 362/362/362
f 362/362/362 371/371/371 363/363/363
f 363/363/363 372/372/372 364/364/364
f 364/364/364 373/373/373 365/365/365
f 365/365/365 374/374/374 375/375/375
f 374/374/374 366/366/366 375/375/375
f 376/376/376 377/377/377 368/368/368
f 368/368/368 378/378/378 369/369/369
f 369/369/369 379/379/379 370/370/370
f 370/370/370 380/380/380 371/371/371
f 371/371/371 381/381/381 372/372/372
f 372/372/372 382/382/382 373/373/373
f 373/373/373 383/383/383 374/374/374
f 383/383/383 384/384/384 374/374/374
f 385/385/385 386/386/386 377/377/377
f 377/377/377 387/387/387 378/378/378
f 378/378/378 388/388/388 379/379/379
f 379/379/379 389/389/389 380/380/380
f 380/380/380 390/390/390 381/381/381
f 381/381/381 391/391/391 382/382/382
f 382/382/382 392/392/392 383/383/383
f 383/383/383 393/393/393 394/394/394
f 395/395/395 396/396/396 386/386/386
f 386/386/386 397/397/397 387/387/387
f 387/387/387 398/398/398 388/388/388
f 388/388/388 399/399/399 389/389/389
f 389/389/389 400/400/400 390/390/390
f 390/390/390 401/401/401 391/391/391
f 391/391/391 402/402/402 392/392/392
f 392/392/392 403/403/403 393/393/393
f 404/404/404 405/405/405 396/396/396
f 396/396/396 406/406/406 397/397/397
f 397/397/397 407/407/407 398/398/398
f 398/398/398 408/408/408 399/399/399
f 399/399/399 409/409/409 400/400/400
f 400/400/400 410/410/410 401/401/401
f 401/401/401 411/411/411 402/402/402
f 402/402/402 412/412/412 403/403/403
f 413/413/413 405/405/405 414/414/181
f 415/415/414 406/406/406 405/405/405
f 416/416/415 407/407/407 406/406/406
f 417/417/416 408/408/408 407/407/407
f 418/418/417 409/409/409 408/408/408
f 419/419/418 410/410/410 409/409/409
f 420/420/419 411/411/411 410/410/410
f 421/421/420 412/412/412 411/411/411
f 422/422/421 415/415/414 413/413/413
f 423/423/422 416/416/415 415/415/414
f 424/424/423 417/417/416 416/416/415
f 425/425/424 418/418/417 417/417/416
f 426/426/425 419/419/418 418/418/417
f 427/427/426 420/420/419 419/419/418
f 428/428/427 421/421/420 420/420/419
f 421/421/420 429/429/428 430/430/429
f 431/431/430 423/423/422 422/422/421
f 432/432/431 424/424/423 423/423/422
f 433/433/432 425/425/424 424/424/423
f 434/434/433 426/426/425 425/425/424
f 426/426/425 435/435/434 427/427/426
f 427/427/426 436/436/435 428/428/427
f 428/428/427 437/437/436 438/438/437
f 438/438/437 439/439/438 429/429/428
f 440/440/439 432/432/431 431/431/430
f 441/441/440 433/433/432 432/432/431
f 442/442/441 434/434/433 433/433/432
f 434/434/433 443/443/442 444/444/443
f 444/444/443 445/445/444 435/435/434
f 435/435/434 446/446/445 436/436/435
f 436/436/435 447/447/446 437/437/436
f 437/437/436 448/448/447 439/439/438
f 449/449/448 441/441/440 440/440/439
f 450/450/449 442/442/441 441/441/440
f 451/451/450 452/452/451 442/442/441
f 452/452/451 453/453/452 443/443/442
f 443/443/442 454/454/453 445/445/444
f 445/445/444 455/455/454 446/446/445
f 446/446/445 456/456/455 447/447/446
f 447/447/446 457/457/456 448/448/447
f 458/458/457 450/450/449 449/449/448
f 459/459/458 451/451/450 450/450/449
f 460/460/459 461/461/460 451/451/450
f 462/462/461 453/453/452 461/461/460
f 453/453/452 463/463/462 454/454/453
f 454/454/453 464/464/463 455/455/454
f 455/455/454 465/465/464 456/456/455
f 456/456/455 466/466/465 457/457/456
f 467/467/466 468/468/467 469/469/468
f 470/470/469 471/471/470 467/467/466
f 470/470/469 472/472/471 473/473/472
f 474/474/473 472/472/471 475/475/474
f 474/474/473 476/476/475 477/477/476
f 478/478/477 479/479/478 476/476/475
f 480/480/479 481/481/480 479/479/478
f 482/482/481 483/483/482 481/481/480
f 471/471/470 484/484/249 468/468/467
f 473/473/472 485/485/483 471/471/470
f 472/472/471 486/486/484 473/473/472
f 472/472/471 487/487/485 488/488/486
f 477/477/476 489/489/487 487/487/485
f 476/476/475 490/490/488 489/489/487
f 479/479/478 491/491/489 490/490/488
f 481/481/480 492/492/259 491/491/489
f 485/485/483 493/493/490 484/484/249
f 485/485/483 494/494/491 495/495/492
f 486/486/484 496/496/493 494/494/491
f 488/488/486 497/497/494 496/496/493
f 489/489/487 497/497/494 487/487/485
f 490/490/488 498/498/495 489/489/487
f 491/491/489 499/499/496 490/490/488
f 491/491/489 500/500/497 501/501/498
f 495/495/492 502/502/499 493/493/490
f 495/495/492 503/503/500 504/504/501
f 494/494/491 505/505/502 503/503/500
f 497/497/494 505/505/502 496/496/493
f 497/497/494 506/506/503 507/507/504
f 498/498/495 508/508/505 506/506/503
f 499/499/496 509/509/506 508/508/505
f 500/500/497 509/509/506 501/501/498
f 504/504/501 510/510/278 502/502/499
f 504/504/501 511/511/507 512/512/508
f 503/503/500 513/513/509 511/511/507
f 505/505/502 514/514/510 513/513/509
f 507/507/504 515/515/511 514/514/510
f 506/506/503 516/516/512 515/515/511
f 508/508/505 517/517/513 516/516/512
f 509/509/506 518/518/514 517/517/513
f 512/512/508 519/519/287 510/510/278
f 511/511/507 520/520/515 512/512/508
f 511/511/507 521/521/516 522/522/517
f 513/513/509 523/523/518 521/521/516
f 514/514/510 524/524/519 523/523/518
f 515/515/511 525/525/520 524/524/519
f 516/516/512 526/526/521 525/525/520
f 517/517/513 527/527/522 526/526/521
f 520/520/515 528/528/296 519/519/287
f 522/522/517 529/529/523 520/520/515
f 522/522/517 530/530/524 531/531/525
f 521/521/516 532/532/526 530/530/524
f 523/523/518 533/533/527 532/532/526
f 524/524/519 534/534/528 533/533/527
f 525/525/520 535/535/529 534/534/528
f 526/526/521 536/536/304 535/535/529
f 529/529/523 537/537/530 528/528/296
f 531/531/525 538/538/531 529/529/523
f 531/531/525 539/539/532 540/540/533
f 530/530/524 541/541/534 539/539/532
f 532/532/526 542/542/535 541/541/534
f 533/533/527 543/543/536 542/542/535
f 534/534/528 544/544/537 543/543/536
f 535/535/529 545/545/313 544/544/537
f 538/538/531 546/546/538 537/537/530
f 540/540/533 547/547/539 538/538/531
f 540/540/533 548/548/540 549/549/541
f 539/539/532 550/550/542 548/548/540
f 541/541/534 551/551/543 550/550/542
f 542/542/535 552/552/544 551/551/543
f 543/543/536 553/553/545 552/552/544
f 544/544/537 554/554/546 553/553/545
f 547/547/539 555/555/547 546/546/538
f 549/549/541 556/556/548 547/547/539
f 549/549/541 557/557/549 558/558/550
f 548/548/540 559/559/551 557/557/549
f 550/550/542 560/560/552 559/559/551
f 551/551/543 561/561/553 560/560/552
f 552/552/544 562/562/554 561/561/553
f 553/553/545 563/563/555 562/562/554
f 556/556/548 564/564/556 555/555/547
f 556/556/548 565/565/557 566/566/558
f 558/558/550 567/567/559 565/565/557
f 557/557/549 568/568/560 567/567/559
f 559/559/551 569/569/561 568/568/560
f 560/560/552 570/570/562 569/569/561
f 561/561/553 571/571/563 570/570/562
f 562/562/554 572/572/340 571/571/563
f 566/566/558 573/573/564 564/564/556
f 566/566/558 574/574/565 575/575/566
f 565/565/557 576/576/567 574/574/565
f 567/567/559 577/577/568 576/576/567
f 568/568/560 578/578/569 577/577/568
f 569/569/561 579/579/570 578/578/569
f 570/570/562 580/580/571 579/579/570
f 571/571/563 581/581/572 580/580/571
f 573/573/564 582/582/573 583/583/574
f 575/575/566 584/584/575 582/582/573
f 574/574/565 585/585/576 584/584/575
f 576/576/567 586/586/577 585/585/576
f 577/577/568 587/587/578 586/586/577
f 578/578/569 588/588/579 587/587/578
f 579/579/570 589/589/580 588/588/579
f 580/580/571 590/590/581 589/589/580
f 583/583/574 591/591/582 592/592/583
f 582/582/573 593/593/584 591/591/582
f 584/584/575 594/594/585 593/593/584
f 585/585/576 595/595/586 594/594/585
f 586/586/577 596/596/587 595/595/586
f 587/587/578 597/597/588 596/596/587
f 588/588/579 598/598/589 597/597/588
f 589/589/580 599/599/590 598/598/589
f 592/592/583 600/600/591 601/601/592
f 591/591/582 602/602/593 600/600/591
f 593/593/584 603/603/594 602/602/593
f 594/594/585 604/604/595 603/603/594
f 595/595/586 605/605/596 604/604/595
f 596/596/587 606/606/597 605/605/596
f 597/597/588 607/607/598 606/606/597
f 598/598/589 608/608/384 607/607/598
f 601/601/592 609/609/599 610/610/600
f 600/600/591 611/611/601 609/609/599
f 602/602/593 612/612/602 611/611/601
f 603/603/594 613/613/603 612/612/602
f 604/604/595 614/614/604 613/613/603
f 605/605/596 615/615/605 614/614/604
f 606/606/597 616/616/606 615/615/605
f 607/607/598 617/617/394 616/616/606
f 610/610/600 618/618/607 619/619/608
f 609/609/599 620/620/609 618/618/607
f 611/611/601 621/621/610 620/620/609
f 612/612/602 622/622/611 621/621/610
f 613/613/603 623/623/612 622/622/611
f 614/614/604 624/624/613 623/623/612
f 615/615/605 625/625/614 624/624/613
f 616/616/606 626/626/393 625/625/614
f 619/619/608 627/627/615 628/628/616
f 618/618/607 629/629/617 627/627/615
f 620/620/609 630/630/618 629/629/617
f 621/621/610 631/631/619 630/630/618
f 622/622/611 632/632/620 631/631/619
f 623/623/612 633/633/621 632/632/620
f 624/624/613 634/634/622 633/633/621
f 625/625/614 635/635/623 634/634/622
f 628/628/616 636/636/624 637/637/181
f 627/627/615 638/638/625 636/636/624
f 629/629/617 639/639/626 638/638/625
f 630/630/618 640/640/627 639/639/626
f 631/631/619 641/641/628 640/640/627
f 632/632/620 642/642/629 641/641/628
f 633/633/621 643/643/630 642/642/629
f 634/634/622 644/644/631 643/643/630
f 636/636/624 645/645/632 637/637/181
f 638/638/625 646/646/633 636/636/624
f 639/639/626 647/647/634 638/638/625
f 640/640/627 648/648/635 639/639/626
f 641/641/628 649/649/636 640/640/627
f 642/642/629 650/650/637 641/641/628
f 643/643/630 651/651/638 642/642/629
f 644/644/631 652/652/639 643/643/630
f 646/646/633 653/653/640 645/645/632
f 647/647/634 654/654/641 646/646/633
f 648/648/635 655/655/642 647/647/634
f 649/649/636 656/656/643 648/648/635
f 650/650/637 657/657/644 649/649/636
f 651/651/638 658/658/645 650/650/637
f 652/652/639 659/659/646 651/651/638
f 660/660/429 661/661/647 652/652/639
f 654/654/641 662/662/648 653/653/640
f 655/655/642 663/663/649 654/654/641
f 656/656/643 664/664/650 655/655/642
f 657/657/644 665/665/651 656/656/643
f 658/658/645 666/666/652 657/657/644
f 659/659/646 667/667/653 658/658/645
f 661/661/647 668/668/654 659/659/646
f 669/669/428 670/670/655 661/661/647
f 663/663/649 671/671/207 662/662/648
f 664/664/650 672/672/656 663/663/649
f 665/665/651 673/673/657 664/664/650
f 666/666/652 674/674/658 665/665/651
f 667/667/653 675/675/659 666/666/652
f 668/668/654 676/676/660 667/667/653
f 670/670/655 677/677/661 668/668/654
f 678/678/662 679/679/663 670/670/655
f 672/672/656 680/680/216 671/671/207
f 673/673/657 681/681/664 672/672/656
f 674/674/658 682/682/665 673/673/657
f 675/675/659 683/683/666 674/674/658
f 676/676/660 684/684/667 675/675/659
f 677/677/661 685/685/668 676/676/660
f 679/679/663 686/686/669 677/677/661
f 687/687/670 688/688/671 679/679/663
f 681/681/664 689/689/672 680/680/216
f 682/682/665 690/690/673 681/681/664
f 683/683/666 691/691/674 682/682/665
f 684/684/667 692/692/675 683/683/666
f 685/685/668 693/693/676 684/684/667
f 686/686/669 694/694/677 685/685/668
f 688/688/671 695/695/678 686/686/669
f 696/696/679 697/697/680 688/688/671
f 698/698/681 699/699/682 700/700/3
f 701/701/683 702/702/684 698/698/681
f 701/701/683 703/703/685 704/704/686
f 703/703/685 705/705/687 706/706/688
f 707/707/689 708/708/690 705/705/687
f 709/709/691 710/710/692 708/708/690
f 711/711/693 712/712/694 710/710/692
f 713/713/695 712/712/694 714/714/696
f 702/702/684 715/715/18 699/699/682
f 704/704/686 716/716/697 702/702/684
f 706/706/688 717/717/698 704/704/686
f 706/706/688 718/718/699 719/719/700
f 705/705/687 720/720/701 718/718/699
f 708/708/690 721/721/702 720/720/701
f 710/710/692 722/722/703 721/721/702
f 723/723/704 722/722/703 712/712/694
f 716/716/697 724/724/705 715/715/18
f 717/717/698 725/725/706 716/716/697
f 719/719/700 726/726/707 717/717/698
f 718/718/699 727/727/708 719/719/700
f 718/718/699 728/728/709 729/729/710
f 720/720/701 730/730/711 728/728/709
f 721/721/702 731/731/712 730/730/711
f 722/722/703 732/732/34 731/731/712
f 725/725/706 733/733/713 724/724/705
f 726/726/707 734/734/714 725/725/706
f 727/727/708 735/735/715 726/726/707
f 727/727/708 736/736/716 737/737/717
f 729/729/710 738/738/718 736/736/716
f 728/728/709 739/739/719 738/738/718
f 730/730/711 740/740/720 739/739/719
f 731/731/712 741/741/721 740/740/720
f 734/734/714 742/742/722 733/733/713
f 735/735/715 743/743/723 734/734/714
f 737/737/717 744/744/724 735/735/715
f 737/737/717 745/745/725 746/746/726
f 736/736/716 747/747/727 745/745/725
f 738/738/718 748/748/728 747/747/727
f 739/739/719 749/749/729 748/748/728
f 740/740/720 750/750/730 749/749/729
f 743/743/723 751/751/54 742/742/722
f 744/744/724 752/752/731 743/743/723
f 746/746/726 753/753/732 744/744/724
f 746/746/726 754/754/733 755/755/734
f 745/745/725 756/756/735 754/754/733
f 747/747/727 757/757/736 756/756/735
f 748/748/728 758/758/737 757/757/736
f 749/749/729 759/759/738 758/758/737
f 752/752/731 760/760/739 751/751/54
f 753/753/732 761/761/740 752/752/731
f 755/755/734 762/762/741 753/753/732
f 755/755/734 763/763/742 764/764/743
f 754/754/733 765/765/744 763/763/742
f 756/756/735 766/766/745 765/765/744
f 757/757/736 767/767/746 766/766/745
f 758/758/737 768/768/71 767/767/746
f 761/761/740 769/769/747 760/760/739
f 762/762/741 770/770/748 761/761/740
f 762/762/741 771/771/749 772/772/750
f 764/764/743 773/773/751 771/771/749
f 763/763/742 774/774/752 773/773/751
f 765/765/744 775/775/753 774/774/752
f 766/766/745 776/776/754 775/775/753
f 767/767/746 777/777/80 776/776/754
f 770/770/748 778/778/755 769/769/747
f 772/772/750 779/779/756 770/770/748
f 772/772/750 780/780/757 781/781/758
f 771/771/749 782/782/759 780/780/757
f 773/773/751 783/783/760 782/782/759
f 774/774/752 784/784/761 783/783/760
f 775/775/753 785/785/762 784/784/761
f 776/776/754 786/786/763 785/785/762
f 779/779/756 787/787/764 778/778/755
f 779/779/756 788/788/765 789/789/766
f 781/781/758 790/790/767 788/788/765
f 780/780/757 791/791/768 790/790/767
f 782/782/759 792/792/769 791/791/768
f 783/783/760 793/793/770 792/792/769
f 784/784/761 794/794/771 793/793/770
f 785/785/762 795/795/772 794/794/771
f 787/787/764 796/796/773 797/797/99
f 789/789/766 798/798/774 796/796/773
f 788/788/765 799/799/775 798/798/774
f 790/790/767 800/800/776 799/799/775
f 791/791/768 801/801/777 800/800/776
f 792/792/769 802/802/778 801/801/777
f 793/793/770 803/803/779 802/802/778
f 794/794/771 804/804/780 803/803/779
f 797/797/99 805/805/781 806/806/782
f 796/796/773 807/807/783 805/805/781
f 798/798/774 808/808/784 807/807/783
f 799/799/775 809/809/785 808/808/784
f 800/800/776 810/810/786 809/809/785
f 801/801/777 811/811/787 810/810/786
f 802/802/778 812/812/788 811/811/787
f 803/803/779 813/813/789 812/812/788
f 806/806/782 814/814/790 815/815/126
f 805/805/781 816/816/791 814/814/790
f 807/807/783 817/817/792 816/816/791
f 808/808/784 818/818/793 817/817/792
f 809/809/785 819/819/794 818/818/793
f 810/810/786 820/820/795 819/819/794
f 811/811/787 821/821/796 820/820/795
f 812/812/788 822/822/125 821/821/796
f 815/815/126 823/823/797 824/824/798
f 814/814/790 825/825/799 823/823/797
f 816/816/791 826/826/800 825/825/799
f 817/817/792 827/827/801 826/826/800
f 818/818/793 828/828/802 827/827/801
f 819/819/794 829/829/803 828/828/802
f 820/820/795 830/830/804 829/829/803
f 821/821/796 831/831/805 830/830/804
f 824/824/798 832/832/806 833/833/807
f 823/823/797 834/834/808 832/832/806
f 825/825/799 835/835/809 834/834/808
f 826/826/800 836/836/810 835/835/809
f 827/827/801 837/837/811 836/836/810
f 828/828/802 838/838/812 837/837/811
f 829/829/803 839/839/813 838/838/812
f 831/831/805 839/839/813 830/830/804
f 833/833/807 840/840/814 841/841/815
f 832/832/806 842/842/816 840/840/814
f 834/834/808 843/843/817 842/842/816
f 835/835/809 844/844/818 843/843/817
f 836/836/810 845/845/819 844/844/818
f 837/837/811 846/846/820 845/845/819
f 838/838/812 847/847/821 846/846/820
f 848/848/822 847/847/821 839/839/813
f 841/841/815 849/849/823 850/850/824
f 840/840/814 851/851/825 849/849/823
f 842/842/816 852/852/826 851/851/825
f 843/843/817 853/853/827 852/852/826
f 844/844/818 854/854/828 853/853/827
f 845/845/819 855/855/829 854/854/828
f 846/846/820 856/856/830 855/855/829
f 857/857/831 856/856/830 847/847/821
f 850/850/824 858/858/832 859/859/833
f 849/849/823 860/860/834 858/858/832
f 851/851/825 861/861/835 860/860/834
f 852/852/826 862/862/836 861/861/835
f 853/853/827 863/863/837 862/862/836
f 854/854/828 864/864/838 863/863/837
f 855/855/829 865/865/839 864/864/838
f 856/856/830 866/866/840 865/865/839
f 859/859/833 867/867/841 868/868/842
f 858/858/832 869/869/843 867/867/841
f 860/860/834 870/870/844 869/869/843
f 861/861/835 871/871/845 870/870/844
f 862/862/836 872/872/846 871/871/845
f 863/863/837 873/873/847 872/872/846
f 864/864/838 874/874/848 873/873/847
f 865/865/839 875/875/179 874/874/848
f 867/867/841 876/876/413 868/868/842
f 869/869/843 877/877/849 867/867/841
f 870/870/844 878/878/850 869/869/843
f 871/871/845 879/879/851 870/870/844
f 872/872/846 880/880/852 871/871/845
f 873/873/847 881/881/853 872/872/846
f 874/874/848 882/882/854 873/873/847
f 875/875/179 883/883/855 874/874/848
f 877/877/849 884/884/856 876/876/413
f 878/878/850 885/885/857 877/877/849
f 879/879/851 886/886/858 878/878/850
f 880/880/852 887/887/859 879/879/851
f 881/881/853 888/888/860 880/880/852
f 882/882/854 889/889/861 881/881/853
f 883/883/855 890/890/862 882/882/854
f 883/883/855 891/891/863 892/892/864
f 885/885/857 893/893/430 884/884/856
f 886/886/858 894/894/865 885/885/857
f 887/887/859 895/895/866 886/886/858
f 888/888/860 896/896/867 887/887/859
f 889/889/861 897/897/868 888/888/860
f 889/889/861 898/898/869 899/899/870
f 890/890/862 900/900/871 898/898/869
f 892/892/864 901/901/872 900/900/871
f 894/894/865 902/902/439 893/893/430
f 895/895/866 903/903/873 894/894/865
f 896/896/867 904/904/874 895/895/866
f 896/896/867 905/905/875 906/906/876
f 897/897/868 907/907/877 905/905/875
f 899/899/870 908/908/878 907/907/877
f 898/898/869 909/909/879 908/908/878
f 900/900/871 910/910/880 909/909/879
f 903/903/873 911/911/448 902/902/439
f 904/904/874 912/912/881 903/903/873
f 904/904/874 913/913/882 914/914/883
f 906/906/876 915/915/884 913/913/882
f 905/905/875 916/916/885 915/915/884
f 907/907/877 917/917/886 916/916/885
f 908/908/878 918/918/887 917/917/886
f 909/909/879 919/919/888 918/918/887
f 911/911/448 920/920/889 921/921/457
f 912/912/881 922/922/890 920/920/889
f 914/914/883 923/923/891 922/922/890
f 913/913/882 924/924/892 923/923/891
f 915/915/884 925/925/893 924/924/892
f 916/916/885 926/926/894 925/925/893
f 917/917/886 927/927/895 926/926/894
f 918/918/887 928/928/232 927/927/895
f 929/929/896 930/930/897 931/931/898
f 932/932/899 933/933/900 930/930/897
f 933/933/900 934/934/901 935/935/677
f 935/935/677 936/936/902 937/937/676
f 937/937/676 938/938/903 939/939/675
f 939/939/675 940/940/904 941/941/905
f 941/941/905 942/942/906 943/943/673
f 942/942/906 944/944/672 943/943/673
f 945/945/907 946/946/908 944/944/672
f 947/947/909 948/948/225 946/946/908
f 949/949/910 950/950/227 948/948/225
f 951/951/911 952/952/228 950/950/227
f 952/952/228 953/953/912 954/954/913
f 954/954/913 955/955/914 956/956/915
f 955/955/914 957/957/231 956/956/915
f 958/958/916 959/959/917 957/957/231
f 960/960/918 961/961/919 958/958/916
f 962/962/920 963/963/921 964/964/922
f 965/965/923 962/962/920 966/966/924
f 967/967/925 966/966/924 968/968/926
f 969/969/927 955/955/914 953/953/912
f 970/970/928 958/958/916 955/955/914
f 971/971/929 968/968/926 972/972/930
f 973/973/931 969/969/927 953/953/912
f 974/974/932 971/971/929 972/972/930
f 951/951/911 975/975/933 973/973/931
f 976/976/934 977/977/935 974/974/932
f 978/978/936 976/976/934 979/979/937
f 980/980/938 949/949/910 947/947/909
f 981/981/939 951/951/911 949/949/910
f 982/982/940 979/979/937 983/983/941
f 984/984/942 947/947/909 945/945/907
f 985/985/943 983/983/941 986/986/944
f 987/987/945 985/985/943 986/986/944
f 988/988/946 989/989/947 987/987/945
f 938/938/903 990/990/948 940/940/904
f 990/990/948 942/942/906 940/940/904
f 991/991/949 988/988/946 992/992/950
f 993/993/951 938/938/903 936/936/902
f 994/994/952 992/992/950 995/995/953
f 996/996/954 936/936/902 934/934/901
f 997/997/955 994/994/952 995/995/953
f 998/998/956 999/999/957 997/997/955
f 932/932/899 1000/1000/958 1001/1001/959
f 1001/1001/959 996/996/954 934/934/901
f 1002/1002/960 1003/1003/961 998/998/956
f 929/929/896 1004/1004/962 932/932/899
f 1005/1005/919 1006/1006/895 1007/1007/232
f 1008/1008/963 1009/1009/894 1006/1006/895
f 1010/1010/964 1011/1011/893 1009/1009/894
f 1012/1012/965 1013/1013/966 1011/1011/893
f 1014/1014/967 1015/1015/891 1013/1013/966
f 1016/1016/968 1017/1017/890 1015/1015/891
f 1018/1018/969 1019/1019/970 1017/1017/890
f 1020/1020/971 1021/1021/457 1019/1019/970
f 1022/1022/972 1023/1023/973 1021/1021/457
f 1024/1024/974 1025/1025/459 1023/1023/973
f 1026/1026/975 1027/1027/461 1025/1025/459
f 1028/1028/976 1029/1029/977 1027/1027/461
f 1030/1030/978 1031/1031/462 1029/1029/977
f 1032/1032/979 1033/1033/980 1031/1031/462
f 1033/1033/980 1034/1034/981 1035/1035/464
f 1034/1034/981 1036/1036/898 1035/1035/464
f 1034/1034/981 1037/1037/982 1038/1038/983
f 1039/1039/984 1040/1040/985 1041/1041/960
f 1042/1042/986 1043/1043/987 1039/1039/984
f 1044/1044/988 1042/1042/986 1045/1045/989
f 1046/1046/990 1047/1047/991 1032/1032/979
f 1047/1047/991 1048/1048/992 1034/1034/981
f 1049/1049/993 1045/1045/989 1050/1050/994
f 1051/1051/995 1032/1032/979 1030/1030/978
f 1052/1052/996 1049/1049/993 1050/1050/994
f 1053/1053/997 1030/1030/978 1028/1028/976
f 1054/1054/998 1052/1052/996 1055/1055/999
f 1056/1056/1000 1055/1055/999 1057/1057/1001
f 1058/1058/1002 1026/1026/975 1024/1024/974
f 1059/1059/1003 1028/1028/976 1026/1026/975
f 1060/1060/1004 1061/1057/1005 1062/1061/1006
f 1063/1062/1007 1024/1024/974 1022/1022/972
f 1064/1063/1008 1065/1061/1006 1066/1064/1009
f 1067/1065/1010 1022/1022/972 1020/1020/971
f 1068/1066/1011 1066/1064/1009 1069/1067/1012
f 1070/1068/1013 1069/1067/1012 1071/1069/1014
f 1072/1070/1015 1018/1018/969 1016/1016/968
f 1073/1071/1016 1020/1020/971 1018/1018/969
f 1074/1072/1017 1071/1069/1014 1075/1073/1018
f 1076/1074/1019 1016/1016/968 1014/1014/967
f 1077/1075/1020 1074/1072/1017 1075/1073/1018
f 1012/1012/965 1076/1074/1019 1014/1014/967
f 1078/1076/1021 1077/1075/1020 1079/1077/1022
f 1080/1078/1023 1078/1076/1021 1079/1077/1022
f 1081/1079/1024 1010/1010/964 1008/1008/963
f 1082/1080/1025 1012/1012/965 1010/1010/964
f 1083/1081/1026 1084/1082/1027 1080/1078/1023
f 1085/1083/1028 1008/1008/963 1005/1005/919
f 1060/1060/1004 1086/1063/1029 1087/1060/1030
f 1088/1084/1031 1089/1054/1032 1090/1084/1030
f 1091/1085/1033 1044/1044/988 1092/1085/1034
f 1056/1056/1000 1093/1060/1004 1094/1056/1030
f 1074/1072/1017 1095/1086/1035 1096/1072/1030
f 1064/1063/1008 1068/1066/1011 1097/1063/1030
f 1054/1054/998 1056/1056/1000 1098/1054/1034
f 1070/1068/1013 1074/1072/1017 1099/1068/1036
f 1095/1086/1035 1078/1076/1021 1100/1086/1030
f 1068/1066/1011 1070/1068/1013 1101/1066/1036
f 963/963/921 1102/1087/1037 1103/963/1036
f 1078/1076/1021 1084/1082/1027 1104/1076/1030
f 1003/1003/961 1105/1088/1038 1106/1003/1030
f 971/971/929 977/977/935 1107/971/1039
f 1102/1087/1037 965/965/923 1108/1087/1039
f 967/967/925 971/971/929 1109/967/1039
f 991/991/949 994/994/952 1110/991/1030
f 982/982/940 985/985/943 1111/982/1030
f 977/977/935 1112/1089/1040 1113/977/1030
f 1114/1090/1041 991/991/949 1115/1090/1030
f 965/965/923 967/967/925 1116/965/1030
f 978/978/936 982/982/940 1117/978/1030
f 994/994/952 999/999/957 1118/994/1030
f 985/985/943 989/989/947 1119/985/1030
f 1112/1089/1040 978/978/936 1120/1089/1030
f 1040/1040/985 1043/1043/987 1121/1040/1030
f 999/999/957 1003/1003/961 1122/999/1030
f 1123/1049/1042 1088/1084/1031 1124/1049/1030
f 989/989/947 1114/1090/1041 1125/989/1030
f 1043/1043/987 1091/1085/1033 1126/1043/1030
f 1084/1082/1027 1127/1091/921 1128/1082/1034
f 1044/1044/988 1049/1049/993 1129/1044/1034
f 1085/1083/1028 1080/1078/1023 1081/1079/1024
f 1081/1079/1024 1079/1077/1022 1082/1080/1025
f 1079/1077/1022 1130/1092/1043 1082/1080/1025
f 1130/1092/1043 1075/1073/1018 1076/1074/1019
f 1075/1073/1018 1072/1070/1015 1076/1074/1019
f 1071/1069/1014 1073/1071/1016 1072/1070/1015
f 1069/1067/1012 1067/1065/1010 1073/1071/1016
f 1066/1064/1009 1063/1062/1007 1067/1065/1010
f 1065/1061/1006 1058/1058/1002 1063/1062/1007
f 1057/1057/1001 1059/1059/1003 1058/1058/1002
f 1055/1055/999 1053/1053/997 1059/1059/1003
f 1053/1053/997 1050/1050/994 1051/1051/995
f 1050/1050/994 1046/1046/990 1051/1051/995
f 1045/1045/989 1131/1093/1044 1046/1046/990
f 1131/1093/1044 1039/1039/984 1048/1048/992
f 1048/1048/992 1041/1041/960 1037/1037/982
f 1132/1094/1045 998/998/956 1004/1004/962
f 1004/1004/962 997/997/955 1000/1000/958
f 1000/1000/958 995/995/953 996/996/954
f 995/995/953 993/993/951 996/996/954
f 992/992/950 1133/1095/1046 993/993/951
f 1133/1095/1046 987/987/945 990/990/948
f 990/990/948 986/986/944 1134/1096/1047
f 986/986/944 984/984/942 1134/1096/1047
f 983/983/941 980/980/938 984/984/942
f 979/979/937 981/981/939 980/980/938
f 976/976/934 1135/1097/1048 981/981/939
f 1135/1097/1048 972/972/930 975/975/933
f 972/972/930 969/969/927 975/975/933
f 968/968/926 970/970/928 969/969/927
f 966/966/924 960/960/918 970/970/928
f 960/960/918 964/964/922 1136/1098/1049
f 1137/1099/1050 1138/1100/1051 1139/1101/1052
f 1140/1102/1053 1141/1103/1054 1142/1104/1055
f 1143/1105/1056 1144/1106/1057 1145/1107/1058
f 1146/1108/1059 1147/1109/1060 1148/1110/1061
f 1149/1111/1062 1150/1112/1063 1151/1113/1064
f 1152/1114/1065 1153/1115/1066 1154/1116/1067
f 1140/1102/1053 1155/1117/1068 1156/1118/1069
f 1157/1119/1070 1158/1120/1071 1137/1099/1050
f 1142/1104/1055 1159/1121/1072 1160/1122/1073
f 1161/1123/1074 1145/1107/1058 1162/1124/1075
f 1163/1125/1076 1138/1100/1051 1147/1109/1060
f 1164/1126/1077 1150/1112/1063 1144/1106/1057
f 1165/1127/1078 1162/1124/1075 1153/1115/1066
f 1166/1128/1079 1148/1110/1061 1155/1117/1068
f 1160/1122/1073 1167/1129/1080 1149/1111/1062
f 1152/1114/1065 1168/1130/1081 1157/1119/1070
f 1155/1117/1068 1169/1131/1082 1170/1132/1083
f 1159/1121/1072 1171/1133/1084 1172/1134/1085
f 1148/1110/1061 1173/1135/1086 1169/1131/1082
f 1159/1121/1072 1174/1136/1087 1167/1129/1080
f 1147/1109/1060 1175/1137/1088 1173/1135/1086
f 1150/1112/1063 1174/1136/1087 1176/1138/1089
f 1158/1120/1071 1175/1137/1088 1138/1100/1051
f 1144/1106/1057 1176/1138/1089 1177/1139/1090
f 1168/1130/1081 1178/1140/1091 1158/1120/1071
f 1144/1106/1057 1179/1141/1092 1145/1107/1058
f 1154/1116/1067 1180/1142/1093 1168/1130/1081
f 1145/1107/1058 1181/1143/1094 1162/1124/1075
f 1153/1115/1066 1182/1144/1095 1154/1116/1067
f 1156/1118/1069 1170/1132/1083 1183/1145/1096
f 1162/1124/1075 1184/1146/1097 1153/1115/1066
f 1141/1103/1054 1183/1145/1096 1171/1133/1084
f 1185/1147/1098 1186/1148/1099 1187/1149/1100
f 1188/1150/1101 1189/1151/1102 1190/1152/1103
f 1191/1153/1104 1192/1154/1105 1193/1155/1106
f 1194/1156/1107 1195/1157/1108 1196/1158/1109
f 1197/1159/1110 1198/1160/1111 1199/1161/1112
f 1200/1162/1113 1201/1163/1114 1202/1164/1115
f 1203/1165/1116 1204/1166/1117 1185/1147/1098
f 1190/1152/1103 1205/1167/1118 1206/1168/1119
f 1207/1169/1120 1193/1155/1106 1208/1170/1121
f 1188/1150/1101 1209/1171/1122 1210/1172/1123
f 1187/1149/1100 1211/1173/1124 1194/1156/1107
f 1212/1174/1125 1199/1161/1112 1192/1154/1105
f 1207/1169/1120 1213/1175/1126 1203/1165/1116
f 1214/1176/1127 1195/1157/1108 1201/1163/1114
f 1206/1168/1119 1198/1160/1111 1215/1177/1128
f 1216/1178/1129 1202/1164/1115 1209/1171/1122
f 1198/1160/1111 1217/1179/1130 1199/1161/1112
f 1211/1173/1124 1218/1180/1131 1195/1157/1108
f 1192/1154/1105 1217/1179/1130 1219/1181/1132
f 1211/1173/1124 1220/1182/1133 1221/1183/1134
f 1193/1155/1106 1219/1181/1132 1222/1184/1135
f 1186/1148/1099 1223/1185/1136 1220/1182/1133
f 1208/1170/1121 1222/1184/1135 1224/1186/1137
f 1204/1166/1117 1225/1187/1138 1223/1185/1136
f 1209/1171/1122 1226/1188/1139 1210/1172/1123
f 1213/1175/1126 1224/1186/1137 1225/1187/1138
f 1210/1172/1123 1227/1189/1140 1189/1151/1102
f 1202/1164/1115 1228/1190/1141 1209/1171/1122
f 1189/1151/1102 1229/1191/1142 1205/1167/1118
f 1202/1164/1115 1230/1192/1143 1231/1193/1144
f 1205/1167/1118 1232/1194/1145 1198/1160/1111
f 1195/1157/1108 1230/1192/1143 1201/1163/1114
f 1180/1142/1093 1182/1144/1095 1233/1195/1146
f 1181/1143/1094 1179/1141/1092 1233/1195/1146
f 1182/1144/1095 1184/1146/1097 1233/1195/1146
f 1183/1145/1096 1170/1132/1083 1233/1195/1146
f 1184/1146/1097 1181/1143/1094 1233/1195/1146
f 1171/1133/1084 1183/1145/1096 1233/1195/1146
f 1170/1132/1083 1169/1131/1082 1233/1195/1146
f 1172/1134/1085 1171/1133/1084 1233/1195/1146
f 1169/1131/1082 1173/1135/1086 1233/1195/1146
f 1174/1136/1087 1172/1134/1085 1233/1195/1146
f 1173/1135/1086 1175/1137/1088 1233/1195/1146
f 1176/1138/1089 1174/1136/1087 1233/1195/1146
f 1175/1137/1088 1178/1140/1091 1233/1195/1146
f 1177/1139/1090 1176/1138/1089 1233/1195/1146
f 1178/1140/1091 1180/1142/1093 1233/1195/1146
f 1179/1141/1092 1177/1139/1090 1233/1195/1146
f 1229/1191/1142 1227/1189/1140 1234/1196/1147
f 1231/1193/1144 1230/1192/1143 1234/1196/1147
f 1232/1194/1145 1229/1191/1142 1234/1196/1147
f 1230/1192/1143 1218/1180/1131 1234/1196/1147
f 1217/1179/1130 1232/1194/1145 1234/1196/1147
f 1218/1180/1131 1221/1183/1134 1234/1196/1147
f 1219/1181/1132 1217/1179/1130 1234/1196/1147
f 1221/1183/1134 1220/1182/1133 1234/1196/1147
f 1222/1184/1135 1219/1181/1132 1234/1196/1147
f 1220/1182/1133 1223/1185/1136 1234/1196/1147
f 1224/1186/1137 1222/1184/1135 1234/1196/1147
f 1223/1185/1136 1225/1187/1138 1234/1196/1147
f 1226/1188/1139 1228/1190/1141 1234/1196/1147
f 1225/1187/1138 1224/1186/1137 1234/1196/1147
f 1227/1189/1140 1226/1188/1139 1234/1196/1147
f 1228/1190/1141 1231/1193/1144 1234/1196/1147
f 1235/1197/1148 713/713/695 714/714/696
f 1236/1198/1104 714/714/696 711/711/693
f 1237/1199/1149 711/711/693 709/709/691
f 1237/1199/1149 707/707/689 1238/1200/1150
f 1239/1201/1128 707/707/689 703/703/685
f 1240/1202/1119 703/703/685 701/701/683
f 1240/1202/1119 698/698/681 1241/1203/1151
f 1241/1203/1151 700/700/3 1242/1204/1101
f 1243/1205/1152 17/17/17 1244/1206/1153
f 1245/1207/1100 15/15/15 1243/1205/1152
f 1246/1208/1107 13/13/13 1245/1207/1100
f 1247/1209/1154 11/11/11 1246/1208/1107
f 7/7/7 1247/1209/1154 1248/1210/1127
f 1249/1211/1155 7/7/7 1248/1210/1127
f 2/2/2 1249/1211/1155 1250/1212/1129
f 3/3/3 1250/1212/1129 1251/1213/1156
f 1252/1214/1157 1253/1215/248 482/482/481
f 1254/1216/1158 482/482/481 480/480/479
f 1255/1217/1159 480/480/479 478/478/477
f 1256/1218/1064 478/478/477 474/474/473
f 1256/1218/1064 475/475/474 1257/1219/1160
f 1258/1220/1161 475/475/474 470/470/469
f 1258/1220/1161 467/467/466 1259/1221/1162
f 1259/1221/1162 469/469/468 1260/1222/1053
f 1261/1223/1163 248/248/248 1262/1224/1164
f 1263/1225/1165 246/246/246 1261/1223/1163
f 1264/1226/1166 244/244/244 1263/1225/1165
f 241/241/241 1264/1226/1166 1265/1227/1167
f 1266/1228/1168 241/241/241 1265/1227/1167
f 1267/1229/1169 239/239/239 1266/1228/1168
f 1268/1230/1079 238/238/238 1267/1229/1169
f 236/236/236 1268/1230/1079 1269/1231/1053
f 1270/1232/1170 1271/1233/1171 1272/1234/1172
f 1272/1234/1172 1273/1235/1173 1274/1236/1174
f 1274/1236/1174 1275/1237/1175 1276/1238/1176
f 1276/1238/1176 1277/1239/1177 1278/1240/1178
f 1278/1240/1178 1279/1241/1179 1280/1242/1180
f 1280/1242/1180 1281/1243/1181 1282/1244/1182
f 1282/1244/1182 1283/1245/1183 1284/1246/1184
f 1284/1246/1184 1285/1247/1185 1286/1248/1186
f 1286/1248/1186 1287/1249/1187 1288/1250/1188
f 1288/1250/1188 1289/1251/1189 1290/1252/1190
f 1289/1251/1189 1291/1253/1191 1290/1252/1190
f 1292/1254/1192 1293/1255/1193 1291/1253/1191
f 1294/1256/1194 1295/1257/1195 1293/1255/1193
f 1296/1258/1196 1297/1259/1197 1295/1257/1195
f 1298/1260/1198 1299/1261/1199 1297/1259/1197
f 1300/1262/1200 1301/1263/1201 1299/1261/1199
f 1302/1264/1202 1303/1265/1203 1300/1262/1200
f 1302/1264/1202 1304/1266/1204 1305/1267/1205
f 1306/1268/1206 1302/1264/1202 1307/1269/1207
f 1308/1270/1208 1307/1269/1207 1309/1271/1209
f 1309/1271/1209 1298/1260/1198 1296/1258/1196
f 1307/1269/1207 1300/1262/1200 1298/1260/1198
f 1310/1272/1210 1308/1270/1208 1309/1271/1209
f 1310/1272/1210 1296/1258/1196 1294/1256/1194
f 1311/1273/1211 1312/1274/1212 1310/1272/1210
f 1311/1273/1211 1294/1256/1194 1292/1254/1192
f 1313/1275/1213 1314/1276/1214 1311/1273/1211
f 1315/1277/1215 1316/1278/1216 1313/1275/1213
f 1287/1249/1187 1313/1275/1213 1289/1251/1189
f 1313/1275/1213 1292/1254/1192 1289/1251/1189
f 1317/1279/1217 1318/1280/1218 1315/1277/1215
f 1285/1247/1185 1315/1277/1215 1287/1249/1187
f 1319/1281/1219 1320/1282/1220 1317/1279/1217
f 1283/1245/1183 1317/1279/1217 1285/1247/1185
f 1321/1283/1221 1322/1284/1222 1319/1281/1219
f 1323/1285/1223 1321/1283/1221 1324/1286/1224
f 1279/1241/1179 1321/1283/1221 1281/1243/1181
f 1281/1243/1181 1319/1281/1219 1283/1245/1183
f 1325/1287/1225 1324/1286/1224 1326/1288/1226
f 1277/1239/1177 1324/1286/1224 1279/1241/1179
f 1327/1289/1227 1325/1287/1225 1326/1288/1226
f 1275/1237/1175 1326/1288/1226 1277/1239/1177
f 1328/1290/1228 1329/1291/1229 1327/1289/1227
f 1330/1292/1230 1331/1293/1231 1328/1290/1228
f 1271/1233/1171 1328/1290/1228 1273/1235/1173
f 1273/1235/1173 1327/1289/1227 1275/1237/1175
f 1332/1294/1232 1330/1292/1230 1333/1295/1233
f 1333/1295/1233 1271/1233/1171 1334/1296/1234
f 1335/1297/1235 1336/1298/1236 1337/1299/1237
f 1338/1300/1238 1339/1301/1239 1336/1298/1236
f 1340/1302/1240 1341/1303/1241 1339/1301/1239
f 1339/1301/1239 1342/1304/1174 1343/1305/1242
f 1343/1305/1242 1344/1306/1243 1345/1307/1244
f 1346/1308/1245 1345/1307/1244 1347/1309/1246
f 1336/1298/1236 1343/1305/1242 1346/1308/1245
f 1348/1310/1247 1347/1309/1246 1349/1311/1248
f 1337/1299/1237 1346/1308/1245 1348/1310/1247
f 1350/1312/1249 1351/1313/1250 1352/1314/1251
f 1349/1311/1248 1353/1315/1252 1350/1312/1249
f 1353/1315/1252 1354/1316/1253 1351/1313/1250
f 1347/1309/1246 1355/1317/1254 1353/1315/1252
f 1354/1316/1253 1356/1318/1178 1357/1319/1180
f 1345/1307/1244 1356/1318/1178 1355/1317/1254
f 1358/1320/1255 1357/1319/1180 1359/1321/1256
f 1360/1322/1257 1359/1321/1256 1361/1323/1184
f 1362/1324/1258 1360/1322/1257 1363/1325/1259
f 1351/1313/1250 1358/1320/1255 1362/1324/1258
f 1364/1326/1260 1363/1325/1259 1365/1327/1261
f 1352/1314/1251 1362/1324/1258 1364/1326/1260
f 1366/1328/1262 1367/1329/1263 1368/1330/1264
f 1369/1331/1265 1370/1332/1266 1366/1328/1262
f 1371/1333/1199 1372/1334/1267 1369/1331/1265
f 1373/1335/1197 1369/1331/1265 1374/1336/1268
f 1375/1337/1269 1374/1336/1268 1376/1338/1270
f 1376/1338/1270 1377/1339/1271 1378/1340/1272
f 1374/1336/1268 1366/1328/1262 1377/1339/1271
f 1378/1340/1272 1379/1341/1273 1380/1342/1274
f 1377/1339/1271 1368/1330/1264 1379/1341/1273
f 1381/1343/1275 1382/1344/1276 1383/1345/1277
f 1384/1346/1278 1380/1342/1274 1382/1344/1276
f 1385/1347/1279 1384/1346/1278 1381/1343/1275
f 1386/1348/1280 1378/1340/1272 1384/1346/1278
f 1387/1349/1191 1386/1348/1280 1385/1347/1279
f 1388/1350/1281 1376/1338/1270 1386/1348/1280
f 1389/1351/1282 1387/1349/1191 1385/1347/1279
f 1390/1352/1283 1391/1353/1190 1389/1351/1282
f 1390/1352/1283 1392/1354/1284 1393/1355/1285
f 1389/1351/1282 1381/1343/1275 1392/1354/1284
f 1393/1355/1285 1394/1356/1286 1395/1357/1287
f 1392/1354/1284 1383/1345/1277 1394/1356/1286
f 1396/1358/1288 1395/1357/1287 1397/1359/1289
f 1365/1327/1261 1398/1360/1288 1399/1361/1289
f 1400/1362/1290 1393/1355/1285 1396/1358/1288
f 1363/1325/1259 1401/1363/1291 1398/1360/1288
f 1400/1362/1290 1402/1364/1292 1390/1352/1283
f 1360/1322/1257 1403/1365/1293 1401/1363/1291
f 1404/1366/1294 1405/1367/1295 1406/1368/1201
f 1407/1369/1296 1408/1370/1297 1405/1367/1295
f 1409/1371/1298 1410/1372/1299 1408/1370/1297
f 1411/1373/1300 1412/1374/1301 1410/1372/1299
f 1413/1375/1302 1414/1376/1303 1412/1374/1301
f 1415/1377/1304 1416/1378/1305 1414/1376/1303
f 1417/1379/1306 1418/1380/1307 1416/1378/1305
f 1419/1381/1308 1420/1382/1309 1418/1380/1307
f 1420/1382/1309 1421/1383/1310 1422/1384/1311
f 1422/1384/1311 1423/1385/1312 1424/1386/1313
f 1424/1386/1313 1425/1387/1314 1426/1388/1315
f 1426/1388/1315 1427/1389/1316 1428/1390/1317
f 1428/1390/1317 1429/1391/1318 1430/1392/1319
f 1430/1392/1319 1431/1393/1320 1432/1394/1321
f 1432/1394/1321 1433/1395/1322 1434/1396/1323
f 1434/1396/1323 1435/1397/1234 1436/1398/1324
f 1437/1399/1325 1435/1397/1234 1433/1395/1322
f 1438/1400/1326 1439/1401/1327 1437/1399/1325
f 1440/1402/1328 1437/1399/1325 1441/1403/1329
f 1442/1404/1330 1441/1403/1329 1443/1405/1331
f 1429/1391/1318 1441/1403/1329 1431/1393/1320
f 1431/1393/1320 1437/1399/1325 1433/1395/1322
f 1444/1406/1332 1442/1404/1330 1443/1405/1331
f 1427/1389/1316 1443/1405/1331 1429/1391/1318
f 1445/1407/1333 1444/1406/1332 1446/1408/1334
f 1425/1387/1314 1444/1406/1332 1427/1389/1316
f 1447/1409/1335 1446/1408/1334 1448/1410/1336
f 1449/1411/1337 1447/1409/1335 1448/1410/1336
f 1421/1383/1310 1448/1410/1336 1423/1385/1312
f 1448/1410/1336 1425/1387/1314 1423/1385/1312
f 1450/1412/1338 1449/1411/1337 1451/1413/1339
f 1452/1414/1340 1449/1411/1337 1421/1383/1310
f 1453/1415/1341 1451/1413/1339 1454/1416/1342
f 1454/1416/1342 1452/1414/1340 1419/1381/1308
f 1455/1417/1343 1454/1416/1342 1456/1418/1344
f 1457/1419/1345 1455/1417/1343 1456/1418/1344
f 1457/1419/1345 1417/1379/1306 1415/1377/1304
f 1456/1418/1344 1419/1381/1308 1417/1379/1306
f 1458/1420/1346 1457/1419/1345 1459/1421/1347
f 1459/1421/1347 1415/1377/1304 1413/1375/1302
f 1460/1422/1348 1459/1421/1347 1461/1423/1349
f 1461/1423/1349 1413/1375/1302 1411/1373/1300
f 1462/1424/1350 1461/1423/1349 1463/1425/1351
f 1464/1426/1352 1462/1424/1350 1463/1425/1351
f 1464/1426/1352 1409/1371/1298 1407/1369/1296
f 1463/1425/1351 1411/1373/1300 1409/1371/1298
f 1465/1427/1353 1466/1428/1354 1464/1426/1352
f 1465/1427/1353 1407/1369/1296 1404/1366/1294
f 1467/1429/1355 1468/1430/1356 1469/1431/1357
f 1470/1432/1358 1471/1433/1359 1467/1429/1355
f 1471/1433/1359 1472/1434/1360 1468/1430/1356
f 1473/1435/1361 1474/1436/1362 1471/1433/1359
f 1472/1434/1360 1475/1437/1307 1476/1438/1363
f 1474/1436/1362 1477/1439/1305 1475/1437/1307
f 1478/1440/1364 1479/1441/1303 1477/1439/1305
f 1480/1442/1365 1479/1441/1303 1481/1443/1366
f 1480/1442/1365 1482/1444/1299 1483/1445/1301
f 1484/1446/1367 1485/1447/1297 1482/1444/1299
f 1486/1448/1368 1487/1449/1369 1485/1447/1297
f 1488/1450/1370 1489/1451/1201 1487/1449/1369
f 1490/1452/1371 1491/1453/1267 1488/1450/1370
f 1492/1454/1372 1493/1455/1266 1490/1452/1371
f 1494/1456/1373 1473/1435/1361 1470/1432/1358
f 1495/1457/1374 1496/1458/1375 1494/1456/1373
f 1496/1458/1375 1478/1440/1364 1473/1435/1361
f 1497/1459/1376 1481/1443/1366 1496/1458/1375
f 1498/1460/1377 1497/1459/1376 1495/1457/1374
f 1499/1461/1378 1480/1442/1365 1497/1459/1376
f 1500/1462/1379 1499/1461/1378 1498/1460/1377
f 1501/1463/1380 1484/1446/1367 1499/1461/1378
f 1492/1454/1372 1501/1463/1380 1500/1462/1379
f 1490/1452/1371 1486/1448/1368 1501/1463/1380
f 1502/1464/1381 1503/1465/1382 1504/1466/1383
f 1504/1466/1383 1505/1467/1384 1506/1468/1385
f 1506/1468/1385 1507/1469/1315 1508/1470/1386
f 1508/1470/1386 1509/1471/1317 1510/1472/1387
f 1510/1472/1387 1511/1473/1319 1512/1474/1388
f 1512/1474/1388 1513/1475/1321 1514/1476/1389
f 1514/1476/1389 1515/1477/1323 1516/1478/1390
f 1516/1478/1390 1517/1479/1324 1518/1480/1240
f 1519/1481/1391 1518/1480/1240 1520/1482/1238
f 1521/1483/1392 1520/1482/1238 1522/1484/1393
f 1523/1485/1394 1524/1486/1395 1525/1487/1396
f 1526/1488/1397 1527/1489/1398 1524/1486/1395
f 1504/1466/1383 1526/1488/1397 1523/1485/1394
f 1506/1468/1385 1528/1490/1399 1526/1488/1397
f 1528/1490/1399 1529/1491/1400 1527/1489/1398
f 1508/1470/1386 1530/1492/1401 1528/1490/1399
f 1530/1492/1401 1531/1493/1402 1529/1491/1400
f 1510/1472/1387 1532/1494/1403 1530/1492/1401
f 1532/1494/1403 1533/1495/1404 1531/1493/1402
f 1512/1474/1388 1534/1496/1405 1532/1494/1403
f 1534/1496/1405 1521/1483/1392 1533/1495/1404
f 1534/1496/1405 1516/1478/1390 1519/1481/1391
f 1502/1464/1381 1523/1485/1394 1535/1497/1406
f 1535/1497/1406 1525/1487/1396 1536/1498/1357
f 1537/1499/1330 1538/1500/1407 1539/1501/1328
f 1540/1502/1408 1541/1503/1409 1542/1504/1410
f 1543/1505/1346 1544/1506/1411 1545/1507/1412
f 1546/1508/1413 1547/1509/1414 1548/1510/1415
f 1549/1511/1416 1550/1512/1417 1551/1513/1418
f 1542/1504/1410 1552/1514/1419 1553/1515/1335
f 1554/1516/1420 1545/1507/1412 1555/1517/1421
f 1556/1518/1214 1557/1519/1422 1558/1520/1423
f 1559/1521/1424 1560/1522/1425 1550/1512/1417
f 1561/1523/1426 1562/1524/1427 1563/1525/1428
f 1564/1526/1429 1565/1527/1430 1544/1506/1411
f 1558/1520/1423 1566/1528/1431 1567/1529/1432
f 1568/1530/1433 1555/1517/1421 1547/1509/1414
f 1569/1531/1220 1570/1532/1434 1571/1533/1435
f 1572/1534/1436 1551/1513/1418 1573/1535/1437
f 1574/1536/1438 1575/1537/1439 1556/1518/1214
f 1576/1538/1440 1566/1528/1431 1560/1522/1425
f 1569/1531/1220 1577/1539/1441 1578/1540/1442
f 1579/1541/1443 1573/1535/1437 1565/1527/1430
f 1563/1525/1428 1580/1542/1444 1581/1543/1445
f 1582/1544/1225 1583/1545/1446 1584/1546/1447
f 1585/1547/1448 1586/1548/1449 1570/1532/1434
f 1578/1540/1442 1587/1549/1450 1574/1536/1438
f 1588/1550/1451 1584/1546/1447 1589/1551/1452
f 1590/1552/1453 1583/1545/1446 1591/1553/1454
f 1592/1554/1455 1589/1551/1452 1586/1548/1449
f 1581/1543/1445 1593/1555/1456 1590/1552/1453
f 1594/1556/1457 1595/1557/1458 1596/1558/1459
f 1539/1501/1328 1597/1559/1460 1561/1523/1426
f 1596/1558/1459 1598/1560/1461 1537/1499/1330
f 1540/1502/1408 1548/1510/1415 1599/1561/1462
f 1553/1515/1335 1600/1562/1463 1594/1556/1457
f 1570/1532/1434 1601/1563/1464 1602/1564/1465
f 1599/1561/1462 1603/1565/1466 1541/1503/1409
f 1586/1548/1449 1604/1566/1467 1601/1563/1464
f 1548/1510/1415 1605/1567/1468 1606/1568/1469
f 1584/1546/1447 1607/1569/1470 1608/1570/1471
f 1547/1509/1414 1609/1571/1472 1605/1567/1468
f 1589/1551/1452 1608/1570/1471 1604/1566/1467
f 1545/1507/1412 1610/1572/1473 1611/1573/1474
f 1583/1545/1446 1612/1574/1475 1607/1569/1470
f 1550/1512/1417 1613/1575/1476 1551/1513/1418
f 1555/1517/1421 1611/1573/1474 1609/1571/1472
f 1593/1555/1456 1614/1576/1477 1612/1574/1475
f 1560/1522/1425 1615/1577/1478 1550/1512/1417
f 1544/1506/1411 1616/1578/1479 1610/1572/1473
f 1580/1542/1444 1617/1579/1480 1614/1576/1477
f 1566/1528/1431 1618/1580/1481 1560/1522/1425
f 1565/1527/1430 1619/1581/1482 1616/1578/1479
f 1538/1500/1407 1620/1582/1483 1597/1559/1460
f 1575/1537/1439 1621/1583/1484 1557/1519/1422
f 1562/1524/1427 1620/1582/1483 1617/1579/1480
f 1598/1560/1461 1622/1584/1485 1538/1500/1407
f 1557/1519/1422 1623/1585/1486 1566/1528/1431
f 1551/1513/1418 1619/1581/1482 1573/1535/1437
f 1600/1562/1463 1624/1586/1487 1595/1557/1458
f 1587/1549/1450 1625/1587/1488 1575/1537/1439
f 1595/1557/1458 1626/1588/1489 1598/1560/1461
f 1577/1539/1441 1627/1589/1490 1587/1549/1450
f 1552/1514/1419 1628/1590/1491 1600/1562/1463
f 1571/1533/1435 1602/1564/1465 1629/1591/1492
f 1541/1503/1409 1630/1592/1493 1552/1514/1419
f 1571/1533/1435 1631/1593/1494 1577/1539/1441
f 1599/1561/1462 1606/1568/1469 1632/1594/1495
f 1604/1566/1467 1608/1570/1471 1633/1595/1496
f 1611/1573/1474 1610/1572/1473 1633/1595/1496
f 1607/1569/1470 1612/1574/1475 1633/1595/1496
f 1613/1575/1476 1615/1577/1478 1633/1595/1496
f 1609/1571/1472 1611/1573/1474 1633/1595/1496
f 1612/1574/1475 1614/1576/1477 1633/1595/1496
f 1615/1577/1478 1618/1580/1481 1633/1595/1496
f 1610/1572/1473 1616/1578/1479 1633/1595/1496
f 1614/1576/1477 1617/1579/1480 1633/1595/1496
f 1618/1580/1481 1623/1585/1486 1633/1595/1496
f 1616/1578/1479 1619/1581/1482 1633/1595/1496
f 1620/1582/1483 1622/1584/1485 1633/1595/1496
f 1621/1583/1484 1625/1587/1488 1633/1595/1496
f 1617/1579/1480 1620/1582/1483 1633/1595/1496
f 1622/1584/1485 1626/1588/1489 1633/1595/1496
f 1623/1585/1486 1621/1583/1484 1633/1595/1496
f 1619/1581/1482 1613/1575/1476 1633/1595/1496
f 1624/1586/1487 1628/1590/1491 1633/1595/1496
f 1625/1587/1488 1627/1589/1490 1633/1595/1496
f 1626/1588/1489 1624/1586/1487 1633/1595/1496
f 1627/1589/1490 1631/1593/1494 1633/1595/1496
f 1628/1590/1491 1630/1592/1493 1633/1595/1496
f 1629/1591/1492 1602/1564/1465 1633/1595/1496
f 1630/1592/1493 1603/1565/1466 1633/1595/1496
f 1631/1593/1494 1629/1591/1492 1633/1595/1496
f 1632/1594/1495 1606/1568/1469 1633/1595/1496
f 1602/1564/1465 1601/1563/1464 1633/1595/1496
f 1603/1565/1466 1632/1594/1495 1633/1595/1496
f 1601/1563/1464 1604/1566/1467 1633/1595/1496
f 1606/1568/1469 1605/1567/1468 1633/1595/1496
f 1608/1570/1471 1607/1569/1470 1633/1595/1496
f 1605/1567/1468 1609/1571/1472 1633/1595/1496
f 1634/1596/1497 1635/1597/1498 1636/1598/1499
f 1637/1599/1500 1638/1600/1501 1639/1601/1502
f 1640/1602/1503 1641/1603/1504 1638/1600/1501
f 1642/1604/1505 1643/1605/1506 1644/1606/1507
f 1645/1607/1508 1639/1601/1502 1646/1608/1509
f 1647/1609/1510 1636/1598/1499 1641/1603/1504
f 1648/1610/1511 1634/1596/1497 1647/1609/1510
f 1649/1611/1512 1644/1606/1507 1634/1596/1497
f 1650/1612/1513 1640/1602/1503 1637/1599/1500
f 1651/1613/1514 1647/1609/1510 1640/1602/1503
f 1642/1604/1505 1652/1614/1515 1653/1615/1516
f 1654/1616/1517 1637/1599/1500 1645/1607/1508
f 1648/1610/1511 1655/1617/1518 1649/1611/1512
f 1649/1611/1512 1656/1618/1519 1642/1604/1505
f 1650/1612/1513 1657/1619/1520 1651/1613/1514
f 1651/1613/1514 1658/1620/1521 1648/1610/1511
f 1659/1621/1522 1652/1614/1515 1656/1618/1519
f 1654/1616/1517 1660/1622/1523 1650/1612/1513
f 1661/1623/1524 1655/1617/1518 1658/1620/1521
f 1662/1624/1525 1656/1618/1519 1655/1617/1518
f 1663/1625/1526 1657/1619/1520 1660/1622/1523
f 1664/1626/1527 1658/1620/1521 1657/1619/1520
f 1665/1627/1528 1666/1628/1529 1659/1621/1522
f 1667/1629/1530 1660/1622/1523 1668/1630/1531
f 1669/1631/1532 1662/1624/1525 1661/1623/1524
f 1670/1632/1533 1659/1621/1522 1662/1624/1525
f 1671/1633/1534 1664/1626/1527 1663/1625/1526
f 1672/1634/1535 1661/1623/1524 1664/1626/1527
f 1673/1635/1536 1674/1636/1537 1665/1627/1528
f 1675/1637/1538 1663/1625/1526 1667/1629/1530
f 1669/1631/1532 1676/1638/1539 1670/1632/1533
f 1676/1638/1539 1665/1627/1528 1670/1632/1533
f 1671/1633/1534 1677/1639/1540 1672/1634/1535
f 1672/1634/1535 1678/1640/1541 1669/1631/1532
f 1679/1641/1542 1680/1642/1543 1673/1635/1536
f 1675/1637/1538 1681/1643/1544 1671/1633/1534
f 1678/1640/1541 1682/1644/1545 1676/1638/1539
f 1682/1644/1545 1673/1635/1536 1676/1638/1539
f 1683/1645/1546 1677/1639/1540 1681/1643/1544
f 1684/1646/1547 1678/1640/1541 1677/1639/1540
f 1679/1641/1542 1685/1647/1548 1686/1648/1549
f 1687/1649/1550 1681/1643/1544 1688/1650/1551
f 1689/1651/1552 1690/1652/1553 1682/1644/1545
f 1682/1644/1545 1691/1653/1554 1679/1641/1542
f 1683/1645/1546 1692/1654/1555 1684/1646/1547
f 1684/1646/1547 1693/1655/1556 1689/1651/1552
f 1694/1656/1557 1685/1647/1548 1691/1653/1554
f 1687/1649/1550 1695/1657/1558 1683/1645/1546
f 1696/1658/1559 1690/1652/1553 1693/1655/1556
f 1690/1652/1553 1694/1656/1557 1691/1653/1554
f 1697/1659/1560 1692/1654/1555 1695/1657/1558
f 1692/1654/1555 1696/1658/1559 1693/1655/1556
f 1698/1660/1561 1699/1661/1562 1694/1656/1557
f 1700/1662/1563 1697/1659/1560 1695/1657/1558
f 1696/1658/1559 1701/1663/1564 1702/1664/1565
f 1702/1664/1565 1698/1660/1561 1694/1656/1557
f 1703/1665/1566 1704/1666/1567 1697/1659/1560
f 1705/1667/1568 1696/1658/1559 1704/1666/1567
f 1698/1660/1561 1706/1668/1569 1707/1669/1570
f 1708/1670/1571 1703/1665/1566 1697/1659/1560
f 1709/1671/1572 1710/1672/1573 1701/1663/1564
f 1701/1663/1564 1711/1673/1574 1698/1660/1561
f 1703/1665/1566 1712/1674/1575 1705/1667/1568
f 1705/1667/1568 1713/1675/1576 1709/1671/1572
f 1711/1673/1574 1714/1676/1577 1706/1668/1569
f 1715/1677/1578 1716/1678/1579 1703/1665/1566
f 1713/1675/1576 1717/1679/1580 1710/1672/1573
f 1710/1672/1573 1718/1680/1581 1711/1673/1574
f 1716/1678/1579 1719/1681/1582 1712/1674/1575
f 1712/1674/1575 1720/1682/1583 1713/1675/1576
f 1721/1683/1584 1714/1676/1577 1718/1680/1581
f 1722/1684/1585 1723/1685/1586 1716/1678/1579
f 1724/1686/1587 1717/1679/1580 1720/1682/1583
f 1725/1687/1588 1718/1680/1581 1717/1679/1580
f 1726/1688/1589 1719/1681/1582 1723/1685/1586
f 1727/1689/1590 1720/1682/1583 1719/1681/1582
f 1721/1683/1584 1728/1690/1591 1729/1691/1592
f 1730/1692/1593 1723/1685/1586 1731/1693/1594
f 1724/1686/1587 1732/1694/1595 1725/1687/1588
f 1725/1687/1588 1733/1695/1596 1721/1683/1584
f 1726/1688/1589 1734/1696/1597 1727/1689/1590
f 1727/1689/1590 1735/1697/1598 1724/1686/1587
f 1736/1698/1599 1737/1699/1600 1738/1700/1601
f 1730/1692/1593 1739/1701/1602 1726/1688/1589
f 1740/1702/1603 1741/1703/1604 1742/1704/1605
f 1743/1705/1606 1733/1695/1596 1732/1694/1595
f 1744/1706/1607 1745/1707/1608 1746/1708/1609
f 1733/1695/1596 1746/1708/1609 1728/1690/1591
f 1747/1709/1610 1748/1710/1611 1749/1711/1612
f 1750/1712/1613 1751/1713/1614 1752/1714/1615
f 1753/1715/1606 1754/1716/1616 1744/1706/1607
f 1748/1710/1611 1755/1717/1617 1749/1711/1612
f 1734/1696/1597 1756/1718/1618 1735/1697/1598
f 1757/1719/1619 1758/1720/1620 1754/1716/1616
f 1759/1721/1621 1760/1722/1622 1761/1723/1623
f 1762/1724/1624 1763/1725/1625 1764/1726/1626
f 1754/1716/1616 1765/1727/1627 1745/1707/1608
f 1766/1728/1628 1767/1729/1629 1768/1730/1630
f 1769/1731/1631 1770/1732/1632 1771/1733/1633
f 1772/1734/1634 1773/1735/1635 1758/1720/1620
f 1774/1736/1636 1751/1713/1614 1775/1737/1637
f 1776/1738/1638 1777/1739/1639 1778/1740/1640
f 1779/1741/1641 1772/1734/1634 1757/1719/1619
f 1780/1742/1642 1781/1743/1643 1782/1744/1644
f 1783/1745/1645 1784/1746/1646 1785/1747/1647
f 1786/1748/1648 1787/1749/1649 1788/1750/1650
f 1789/1751/1651 1783/1745/1645 1790/1752/1652
f 1791/1753/1653 1738/1700/1601 1792/1754/1650
f 1793/1755/1654 1794/1756/1655 1795/1757/1656
f 1781/1743/1643 1796/1758/1657 1797/1759/1658
f 1798/1760/1659 1799/1761/1660 1796/1758/1657
f 1800/1762/1661 1738/1700/1601 1799/1761/1660
f 1801/1763/1662 1802/1764/1663 1780/1742/1642
f 1803/1765/1664 1796/1758/1657 1802/1764/1663
f 1804/1766/1665 1805/1767/1666 1736/1698/1599
f 1806/1768/1667 1780/1742/1642 1807/1769/1668
f 1808/1770/1669 1800/1762/1661 1798/1760/1659
f 1809/1771/1670 1736/1698/1599 1800/1762/1661
f 1810/1772/1671 1803/1765/1664 1801/1763/1662
f 1811/1773/1672 1798/1760/1659 1803/1765/1664
f 1812/1774/1673 1813/1775/1674 1804/1766/1665
f 1814/1776/1675 1801/1763/1662 1806/1768/1667
f 1815/1777/1676 1809/1771/1670 1808/1770/1669
f 1816/1778/1677 1804/1766/1665 1809/1771/1670
f 1817/1779/1678 1811/1773/1672 1810/1772/1671
f 1818/1780/1679 1808/1770/1669 1811/1773/1672
f 1819/1781/1680 1820/1782/1681 1812/1774/1673
f 1821/1783/1682 1810/1772/1671 1814/1776/1675
f 1822/1784/1683 1816/1778/1677 1815/1777/1676
f 1823/1785/1684 1812/1774/1673 1816/1778/1677
f 1824/1786/1685 1818/1780/1679 1817/1779/1678
f 1825/1787/1686 1815/1777/1676 1818/1780/1679
f 1826/1788/1687 1827/1789/1688 1819/1781/1680
f 1828/1790/1689 1817/1779/1678 1821/1783/1682
f 1822/1784/1683 1829/1791/1690 1823/1785/1684
f 1829/1791/1690 1819/1781/1680 1823/1785/1684
f 1824/1786/1685 1830/1792/1691 1825/1787/1686
f 1830/1792/1691 1822/1784/1683 1825/1787/1686
f 1826/1788/1687 1831/1793/1692 1832/1794/1693
f 1828/1790/1689 1833/1795/1694 1824/1786/1685
f 1834/1796/1695 1829/1791/1690 1835/1797/1696
f 1836/1798/1697 1826/1788/1687 1829/1791/1690
f 1833/1795/1694 1837/1799/1698 1830/1792/1691
f 1837/1799/1698 1835/1797/1696 1830/1792/1691
f 1838/1800/1699 1831/1793/1692 1839/1801/1700
f 1840/1802/1701 1841/1803/1702 1833/1795/1694
f 1834/1796/1695 1842/1804/1703 1836/1798/1697
f 1836/1798/1697 1838/1800/1699 1839/1801/1700
f 1843/1805/1704 1837/1799/1698 1841/1803/1702
f 1837/1799/1698 1844/1806/1705 1834/1796/1695
f 1838/1800/1699 1845/1807/1706 1846/1808/1707
f 1847/1809/1708 1841/1803/1702 1848/1810/1709
f 1844/1806/1705 1849/1811/1710 1842/1804/1703
f 1842/1804/1703 1850/1812/1711 1838/1800/1699
f 1843/1805/1704 1851/1813/1712 1852/1814/1713
f 1852/1814/1713 1853/1815/1714 1844/1806/1705
f 1850/1812/1711 1854/1816/1715 1845/1807/1706
f 1847/1809/1708 1855/1817/1716 1843/1805/1704
f 1853/1815/1714 1856/1818/1717 1849/1811/1710
f 1849/1811/1710 1857/1819/1718 1850/1812/1711
f 1855/1817/1716 1858/1820/1719 1851/1813/1712
f 1851/1813/1712 1859/1821/1720 1853/1815/1714
f 1857/1819/1718 1860/1822/1721 1854/1816/1715
f 1861/1823/1722 1862/1824/1723 1855/1817/1716
f 1859/1821/1720 1863/1825/1724 1856/1818/1717
f 1856/1818/1717 1864/1826/1725 1857/1819/1718
f 1862/1824/1723 1865/1827/1726 1858/1820/1719
f 1858/1820/1719 1866/1828/1727 1859/1821/1720
f 1864/1826/1725 1867/1829/1728 1860/1822/1721
f 1868/1830/1729 1869/1831/1730 1862/1824/1723
f 1866/1828/1727 1870/1832/1731 1863/1825/1724
f 1863/1825/1724 1871/1833/1732 1864/1826/1725
f 1869/1831/1730 1872/1834/1733 1865/1827/1726
f 1865/1827/1726 1873/1835/1734 1866/1828/1727
f 1874/1836/1735 1867/1829/1728 1871/1833/1732
f 1875/1837/1736 1876/1838/1737 1869/1831/1730
f 1877/1839/1738 1870/1832/1731 1873/1835/1734
f 1878/1840/1739 1871/1833/1732 1870/1832/1731
f 1879/1841/1740 1872/1834/1733 1876/1838/1737
f 1880/1842/1741 1873/1835/1734 1872/1834/1733
f 1881/1843/1742 1882/1844/1743 1874/1836/1735
f 1883/1845/1744 1876/1838/1737 1884/1846/1745
f 1885/1847/1746 1878/1840/1739 1877/1839/1738
f 1886/1848/1747 1874/1836/1735 1878/1840/1739
f 1887/1849/1748 1880/1842/1741 1879/1841/1740
f 1888/1850/1749 1877/1839/1738 1880/1842/1741
f 1889/1851/1750 1890/1852/1751 1881/1843/1742
f 1891/1853/1752 1879/1841/1740 1883/1845/1744
f 1892/1854/1753 1886/1848/1747 1885/1847/1746
f 1893/1855/1754 1881/1843/1742 1886/1848/1747
f 1894/1856/1755 1888/1850/1749 1887/1849/1748
f 1895/1857/1756 1885/1847/1746 1888/1850/1749
f 1896/1858/1757 1897/1859/1758 1889/1851/1750
f 1898/1860/1759 1887/1849/1748 1891/1853/1752
f 1899/1861/1760 1893/1855/1754 1892/1854/1753
f 1900/1862/1761 1889/1851/1750 1893/1855/1754
f 1901/1863/1762 1895/1857/1756 1894/1856/1755
f 1902/1864/1763 1892/1854/1753 1895/1857/1756
f 1635/1597/1498 1903/1865/1764 1904/1866/1765
f 1905/1867/1766 1894/1856/1755 1898/1860/1759
f 1641/1603/1504 1906/1868/1767 1907/1869/1768
f 1636/1598/1499 1904/1866/1765 1906/1868/1767
f 1639/1601/1502 1908/1870/1769 1909/1871/1770
f 1638/1600/1501 1907/1869/1768 1908/1870/1769
f 1646/1608/1509 1909/1871/1770 1910/1872/1766
f 1751/1713/1614 1911/1873/1771 1775/1737/1637
f 1751/1713/1614 1912/1874/1772 1913/1875/1773
f 1914/1876/1774 1755/1717/1617 1915/1877/1775
f 1749/1711/1612 1916/1878/1776 1741/1703/1604
f 1742/1704/1605 1916/1878/1776 1917/1879/1777
f 1918/1880/1778 1919/1881/1641 1920/1719/1779
f 1778/1740/1640 1921/1882/1780 1922/1883/1781
f 1739/1701/1602 1923/1884/1782 1734/1696/1597
f 1775/1737/1637 1924/1885/1783 1925/1886/1784
f 1774/1736/1636 1925/1886/1784 1926/1887/1785
f 1747/1709/1610 1741/1703/1604 1927/1888/1786
f 1928/1889/1787 1737/1699/1600 1929/1748/1648
f 1924/1885/1783 1930/1890/1788 1931/1891/1789
f 1797/1759/1658 1799/1761/1660 1791/1753/1653
f 1932/1892/1790 1933/1893/1791 1934/1894/1792
f 1762/1724/1624 1761/1723/1623 1760/1722/1622
f 1763/1725/1625 1935/1895/1793 1764/1726/1626
f 1936/1896/1794 1776/1738/1638 1937/1897/1795
f 1644/1606/1507 1938/1898/1796 1635/1597/1498
f 1939/1899/1797 1933/1893/1791 1940/1900/1798
f 1783/1745/1645 1941/1901/1799 1790/1752/1652
f 1785/1747/1647 1942/1902/1800 1783/1745/1645
f 1807/1769/1668 1943/1903/1801 1944/1755/1654
f 1945/1904/1802 1786/1748/1648 1946/1905/1803
f 1947/1906/1804 1948/1907/1805 1949/1908/1806
f 1950/1909/1807 1951/1910/1808 1952/1911/1809
f 1950/1909/1807 1953/1912/1810 1954/1913/1811
f 1955/1914/1812 1956/1915/1813 1957/1916/1814
f 1958/1917/1815 1959/1918/1816 1960/1919/1817
f 1961/1920/1818 1962/1921/1819 1958/1917/1815
f 1643/1605/1506 1963/1922/1820 1964/1923/1821
f 1960/1919/1817 1965/1924/1822 1966/1925/1823
f 1957/1916/1814 1967/1926/1824 1961/1920/1818
f 1956/1915/1813 1968/1927/1825 1967/1926/1824
f 1964/1923/1821 1969/1928/1826 1956/1915/1813
f 1962/1921/1819 1970/1929/1827 1959/1918/1816
f 1967/1926/1824 1971/1930/1828 1962/1921/1819
f 1963/1922/1820 1652/1614/1515 1972/1931/1829
f 1959/1918/1816 1973/1932/1830 1965/1924/1822
f 1968/1927/1825 1974/1933/1831 1975/1934/1832
f 1969/1928/1826 1972/1931/1829 1974/1933/1831
f 1970/1929/1827 1976/1935/1833 1977/1936/1834
f 1971/1930/1828 1975/1934/1832 1976/1935/1833
f 1652/1614/1515 1978/1937/1835 1972/1931/1829
f 1973/1932/1830 1977/1936/1834 1979/1938/1836
f 1974/1933/1831 1980/1939/1837 1975/1934/1832
f 1972/1931/1829 1981/1940/1838 1974/1933/1831
f 1976/1935/1833 1982/1941/1839 1977/1936/1834
f 1975/1934/1832 1983/1942/1840 1976/1935/1833
f 1666/1628/1529 1984/1943/1841 1978/1937/1835
f 1977/1936/1834 1985/1944/1842 1979/1938/1836
f 1981/1940/1838 1986/1945/1843 1980/1939/1837
f 1978/1937/1835 1987/1946/1844 1981/1940/1838
f 1983/1942/1840 1988/1947/1845 1982/1941/1839
f 1980/1939/1837 1989/1948/1846 1983/1942/1840
f 1984/1943/1841 1680/1642/1543 1990/1949/1847
f 1982/1941/1839 1991/1950/1848 1985/1944/1842
f 1986/1945/1843 1992/1951/1849 1993/1952/1850
f 1987/1946/1844 1990/1949/1847 1992/1951/1849
f 1989/1948/1846 1994/1953/1851 1988/1947/1845
f 1989/1948/1846 1993/1952/1850 1995/1954/1852
f 1680/1642/1543 1996/1955/1853 1990/1949/1847
f 1988/1947/1845 1997/1956/1854 1991/1950/1848
f 1993/1952/1850 1998/1957/1855 1999/1958/1856
f 1992/1951/1849 1996/1955/1853 1998/1957/1855
f 1995/1954/1852 2000/1959/1857 1994/1953/1851
f 1993/1952/1850 2001/1960/1858 1995/1954/1852
f 1996/1955/1853 1685/1647/1548 2002/1961/1859
f 1994/1953/1851 2003/1962/1860 1997/1956/1854
f 1999/1958/1856 2004/1963/1861 2005/1964/1862
f 1996/1955/1853 2004/1963/1861 1998/1957/1855
f 2000/1959/1857 2006/1965/1863 2007/1966/1864
f 2001/1960/1858 2005/1964/1862 2006/1965/1863
f 2002/1961/1859 1699/1661/1562 2008/1967/1865
f 2003/1962/1860 2007/1966/1864 2009/1968/1563
f 2005/1964/1862 2010/1969/1866 2011/1970/1867
f 2004/1963/1861 2008/1967/1865 2010/1969/1866
f 2007/1966/1864 2012/1971/1868 2013/1972/1869
f 2006/1965/1863 2011/1970/1867 2012/1971/1868
f 1699/1661/1562 2014/1973/1870 2008/1967/1865
f 2009/1968/1563 2013/1972/1869 2015/1974/1571
f 2010/1969/1866 2016/1975/1871 2011/1970/1867
f 2010/1969/1866 2014/1973/1870 2017/1976/1872
f 2013/1972/1869 2018/1977/1873 2019/1978/1874
f 2011/1970/1867 2018/1977/1873 2012/1971/1868
f 2014/1973/1870 1706/1668/1569 2020/1979/1875
f 2015/1974/1571 2019/1978/1874 2021/1980/1876
f 2016/1975/1871 2022/1981/1877 2023/1982/1878
f 2017/1976/1872 2020/1979/1875 2022/1981/1877
f 2019/1978/1874 2024/1983/1879 2025/1984/1880
f 2018/1977/1873 2023/1982/1878 2024/1983/1879
f 2020/1979/1875 1714/1676/1577 2026/1985/1881
f 2021/1980/1876 2025/1984/1880 2027/1986/1882
f 2023/1982/1878 2028/1987/1883 2029/1988/1884
f 2022/1981/1877 2026/1985/1881 2028/1987/1883
f 2025/1984/1880 2030/1989/1885 2031/1990/1886
f 2024/1983/1879 2029/1988/1884 2030/1989/1885
f 1714/1676/1577 2032/1991/1887 2026/1985/1881
f 2027/1986/1882 2031/1990/1886 2033/1992/1594
f 2028/1987/1883 2034/1993/1888 2029/1988/1884
f 2026/1985/1881 2035/1994/1889 2028/1987/1883
f 2030/1989/1885 2036/1995/1890 2031/1990/1886
f 2029/1988/1884 2037/1996/1891 2030/1989/1885
f 2032/1991/1887 1728/1690/1591 2038/1997/1892
f 2031/1990/1886 2039/1998/1893 2033/1992/1594
f 2034/1993/1888 2040/1999/1894 2041/2000/1895
f 2035/1994/1889 2038/1997/1892 2040/1999/1894
f 2036/1995/1890 2042/2001/1896 2043/2002/1897
f 2037/1996/1891 2041/2000/1895 2042/2001/1896
f 1737/1699/1600 2044/2003/1898 2045/2004/1899
f 2039/1998/1893 2043/2002/1897 1947/1906/1804
f 2046/2005/1900 2047/2006/1901 2048/2007/1902
f 2043/2002/1897 2049/2008/1903 1948/1907/1805
f 2050/2009/1904 1745/1707/1608 2051/2010/1905
f 2038/1997/1892 1746/1708/1609 2050/2009/1904
f 2052/2011/1906 2053/2012/1907 2054/2013/1908
f 2055/2014/1909 2051/2010/1905 2056/2006/1910
f 2057/2015/1773 2058/2016/1911 2059/2017/1912
f 2060/2018/1913 2061/2019/1914 1739/1701/1602
f 2053/2012/1907 2062/2020/1915 1914/1876/1774
f 2056/2006/1910 2063/2021/1916 2064/2022/1917
f 1935/1895/1793 2065/2023/1918 2066/2024/1919
f 1758/1720/1620 2067/2025/1920 1765/1727/1627
f 2051/2010/1905 1765/1727/1627 2063/2021/1916
f 2068/2026/1921 2069/2027/1922 2070/2028/1789
f 2071/2029/1923 2072/2030/1924 2073/2031/1925
f 2065/2023/1918 2073/2031/1925 2066/2024/1919
f 2074/2032/1926 2057/2015/1773 2059/2017/1912
f 2075/2033/1927 2076/2034/1928 2077/2035/1929
f 2078/2036/1930 2079/2037/1931 2076/2034/1928
f 2080/2038/1932 2081/2039/1933 2082/2040/1934
f 2083/2041/1935 2084/2042/1936 2085/2043/1937
f 2086/2044/1938 2087/2045/1939 2083/2041/1935
f 2083/2041/1935 2088/2046/1940 2089/2047/1941
f 2090/2048/1942 2045/2004/1899 2091/2049/1943
f 2092/2050/1944 2064/2022/1917 2078/2036/1930
f 2080/2038/1932 2093/2051/1945 2094/2052/1946
f 2091/2049/1943 2095/2053/1947 2093/2051/1945
f 2045/2004/1899 2096/2054/1948 2091/2049/1943
f 2094/2052/1946 2097/2055/1949 2081/2039/1933
f 2093/2051/1945 2098/2056/1950 2094/2052/1946
f 1805/1767/1666 2099/2057/1951 2044/2003/1898
f 2081/2039/1933 2100/2058/1952 2101/2059/1953
f 2096/2054/1948 2102/2060/1954 2095/2053/1947
f 2044/2003/1898 2103/2061/1955 2096/2054/1948
f 2098/2056/1950 2104/2062/1956 2097/2055/1949
f 2095/2053/1947 2105/2063/1957 2098/2056/1950
f 1813/1775/1674 2106/2064/1958 2099/2057/1951
f 2097/2055/1949 2107/2065/1959 2100/2058/1952
f 2103/2061/1955 2108/2066/1960 2102/2060/1954
f 2099/2057/1951 2109/2067/1961 2103/2061/1955
f 2105/2063/1957 2110/2068/1962 2104/2062/1956
f 2102/2060/1954 2111/2069/1963 2105/2063/1957
f 1820/1782/1681 2112/2070/1964 2106/2064/1958
f 2104/2062/1956 2113/2071/1965 2107/2065/1959
f 2109/2067/1961 2114/2072/1966 2108/2066/1960
f 2106/2064/1958 2115/2073/1967 2109/2067/1961
f 2111/2069/1963 2116/2074/1968 2110/2068/1962
f 2108/2066/1960 2117/2075/1969 2111/2069/1963
f 1827/1789/1688 2118/2076/1970 2112/2070/1964
f 2110/2068/1962 2119/2077/1971 2113/2071/1965
f 2115/2073/1967 2120/2078/1972 2114/2072/1966
f 2115/2073/1967 2118/2076/1970 2121/2079/1973
f 2116/2074/1968 2122/2080/1974 2123/2081/1975
f 2114/2072/1966 2122/2080/1974 2117/2075/1969
f 2118/2076/1970 1831/1793/1692 2124/2082/1976
f 2119/2077/1971 2123/2081/1975 2125/2083/1977
f 2121/2079/1973 2126/2084/1978 2120/2078/1972
f 2121/2079/1973 2124/2082/1976 2127/2085/1979
f 2122/2080/1974 2128/2086/1980 2123/2081/1975
f 2120/2078/1972 2129/2087/1981 2122/2080/1974
f 1831/1793/1692 2130/2088/1982 2124/2082/1976
f 2123/2081/1975 2131/2089/1983 2125/2083/1977
f 2126/2084/1978 2132/2090/1984 2133/2091/1985
f 2127/2085/1979 2130/2088/1982 2132/2090/1984
f 2128/2086/1980 2134/2092/1986 2135/2093/1987
f 2126/2084/1978 2134/2092/1986 2129/2087/1981
f 2130/2088/1982 1845/1807/1706 2136/2094/1988
f 2128/2086/1980 2137/2095/1989 2131/2089/1983
f 2133/2091/1985 2138/2096/1990 2139/2097/1991
f 2132/2090/1984 2136/2094/1988 2138/2096/1990
f 2135/2093/1987 2140/2098/1992 2141/2099/1993
f 2134/2092/1986 2139/2097/1991 2140/2098/1992
f 2136/2094/1988 1854/1816/1715 2142/2100/1994
f 2137/2095/1989 2141/2099/1993 2143/2101/1995
f 2139/2097/1991 2144/2102/1996 2145/2103/1997
f 2138/2096/1990 2142/2100/1994 2144/2102/1996
f 2141/2099/1993 2146/2104/1998 2147/2105/1999
f 2140/2098/1992 2145/2103/1997 2146/2104/1998
f 2142/2100/1994 1860/1822/1721 2148/2106/2000
f 2143/2101/1995 2147/2105/1999 2149/2107/2001
f 2145/2103/1997 2150/2108/2002 2151/2109/2003
f 2144/2102/1996 2148/2106/2000 2150/2108/2002
f 2147/2105/1999 2152/2110/2004 2153/2111/2005
f 2146/2104/1998 2151/2109/2003 2152/2110/2004
f 2148/2106/2000 1867/1829/1728 2154/2112/2006
f 2149/2107/2001 2153/2111/2005 2155/2113/2007
f 2151/2109/2003 2156/2114/2008 2157/2115/2009
f 2150/2108/2002 2154/2112/2006 2156/2114/2008
f 2153/2111/2005 2158/2116/2010 2159/2117/2011
f 2152/2110/2004 2157/2115/2009 2158/2116/2010
f 1867/1829/1728 2160/2118/2012 2154/2112/2006
f 2155/2113/2007 2159/2117/2011 2161/2119/2013
f 2156/2114/2008 2162/2120/2014 2157/2115/2009
f 2154/2112/2006 2163/2121/2015 2156/2114/2008
f 2158/2116/2010 2164/2122/2016 2159/2117/2011
f 2157/2115/2009 2165/2123/2017 2158/2116/2010
f 1882/1844/1743 2166/2124/2018 2160/2118/2012
f 2159/2117/2011 2167/2125/2019 2161/2119/2013
f 2163/2121/2015 2168/2126/2020 2162/2120/2014
f 2160/2118/2012 2169/2127/2021 2163/2121/2015
f 2165/2123/2017 2170/2128/2022 2164/2122/2016
f 2162/2120/2014 2171/2129/2023 2165/2123/2017
f 1890/1852/1751 2172/2130/2024 2166/2124/2018
f 2164/2122/2016 2173/2131/2025 2167/2125/2019
f 2169/2127/2021 2174/2132/2026 2168/2126/2020
f 2166/2124/2018 2175/2133/2027 2169/2127/2021
f 2171/2129/2023 2176/2134/2028 2170/2128/2022
f 2168/2126/2020 2177/2135/2029 2171/2129/2023
f 1897/1859/1758 2178/2136/2030 2172/2130/2024
f 2170/2128/2022 2179/2137/2031 2173/2131/2025
f 2175/2133/2027 2180/2138/2032 2174/2132/2026
f 2172/2130/2024 2181/2139/2033 2175/2133/2027
f 2177/2135/2029 2182/2140/2034 2176/2134/2028
f 2174/2132/2026 2183/2141/2035 2177/2135/2029
f 1903/1865/1764 1955/1914/1812 2184/2142/2036
f 2176/2134/2028 2185/2143/2037 2179/2137/2031
f 2186/2144/2038 1961/1920/1818 2187/2145/2039
f 1957/1916/1814 2184/2142/2036 1955/1914/1812
f 2188/2146/2040 1960/1919/1817 2189/2147/2034
f 1958/1917/1815 2187/2145/2039 1961/1920/1818
f 1966/1925/1823 2189/2147/2034 1960/1919/1817
f 1930/1890/1788 1913/1875/1773 2057/2015/1773
f 2057/2015/1773 1912/1874/1772 2190/2148/2041
f 1756/1718/1618 1732/1694/1595 1735/1697/1598
f 1916/1878/1776 2062/2020/1915 2052/2011/1906
f 2191/2149/2042 1916/1878/1776 2052/2011/1906
f 2038/1997/1892 2192/2150/1909 2040/1999/1894
f 2193/2151/2043 2078/2036/1930 2194/2152/2044
f 2195/2153/2045 2052/2011/1906 2054/2013/1908
f 2196/2154/2046 2197/2155/2047 2198/2156/2048
f 1931/1891/1789 2074/2032/1926 2199/2157/2049
f 2042/2001/1896 2200/2158/2050 2049/2008/1903
f 2201/2159/1803 1737/1699/1600 2045/2004/1899
f 2202/2160/2051 2065/2023/1918 1763/1725/1625
f 2203/2161/2052 2091/2049/1943 2093/2051/1945
f 1760/1722/1622 2202/2160/2051 1763/1725/1625
f 2064/2022/1917 2204/2162/2053 2079/2037/1931
f 1778/1740/1640 2205/2163/2054 1772/1734/1634
f 2075/2033/1927 2206/2164/2055 2207/2165/2056
f 1938/1898/1796 1964/1923/1821 1955/1914/1812
f 2208/2166/2057 1933/1893/1791 2209/2167/2058
f 2210/2168/2059 2083/2041/1935 2089/2047/1941
f 1933/1893/1791 2211/2169/2060 2209/2167/2058
f 2212/2170/2061 2101/2059/1953 2213/2171/2062
f 2214/2171/2062 2215/2172/2063 2216/2173/2064
f 2040/1999/1894 2200/2158/2050 2041/2000/1895
f 2217/2174/2065 2218/2175/2066 2219/2176/2067
f 2218/2175/2066 1953/1912/1810 2220/2177/2068
f 2221/2178/2069 2222/2179/2070 2223/2180/2070
f 2224/2181/2071 2225/2182/2070 2226/2183/2072
f 2224/2181/2071 2221/2178/2069 2223/2180/2070
f 2227/2184/2073 2228/2185/2074 2229/2186/2075
f 2230/2187/2076 2231/2188/2077 2232/2189/2078
f 2233/2190/2079 2234/2191/2080 2235/2192/2081
f 2236/2193/2082 2237/2194/2083 2238/2195/2084
f 2239/2196/2085 2240/2197/2086 2241/2198/2087
f 2227/2184/2073 2242/2199/2088 2243/2200/2089
f 2244/2201/2090 2245/2202/2091 2246/2203/2092
f 2246/2203/2092 2247/2204/2093 2197/2155/2047
f 2248/2205/2094 2249/2206/2095 2250/2207/1753
f 2250/2207/1753 2251/2208/2096 2244/2201/2090
f 2233/2190/2079 2252/2209/2097 2234/2191/2080
f 2234/2191/2080 2253/2210/2098 2248/2205/2094
f 2245/2202/2091 2254/2211/2099 2247/2204/2093
f 2249/2206/2095 2255/2212/2100 2251/2208/2096
f 2251/2208/2096 2256/2213/2101 2245/2202/2091
f 2257/2214/2102 2258/2215/2103 2259/2216/2104
f 2253/2210/2098 2260/2217/2105 2249/2206/2095
f 2261/2218/2106 2262/2219/2107 2252/2209/2097
f 2263/2220/2108 2264/2221/2109 2265/2222/2110
f 2265/2222/2110 2266/2223/2111 2267/2224/2112
f 2268/2225/2113 2269/2226/2114 2270/2227/2115
f 2252/2209/2097 2271/2228/2116 2253/2210/2098
f 2272/2229/2117 2273/2230/2118 2274/2231/2119
f 2275/2232/2120 2229/2186/2075 2276/2233/2121
f 2277/2234/2070 2278/2235/2122 2279/2236/2123
f 2276/2233/2121 2280/2237/2124 2281/2238/2125
f 2282/2239/2126 2239/2196/2085 2283/2240/2127
f 2284/2241/2128 2285/2242/2129 2286/2243/2130
f 2287/2244/2070 2288/2245/2070 2289/2246/2070
f 2290/2247/2131 2248/2205/2094 2291/2248/2132
f 2266/2223/2111 2292/2249/2133 2293/2250/2134
f 2291/2248/2132 2250/2207/1753 2294/2251/2135
f 2295/2252/2136 2296/2253/2086 2297/2254/2137
f 2298/2255/2138 2299/2256/2139 2300/2257/2140
f 2301/2258/2141 2302/2259/2142 2303/2260/2143
f 2304/2261/2086 2296/2253/2086 2305/2262/2144
f 2298/2255/2138 2297/2254/2137 2299/2256/2139
f 2304/2261/2086 2306/2263/2145 2307/2264/2146
f 2308/2265/2147 2309/2266/2148 2310/2267/2149
f 2311/2268/2150 2312/2269/2151 2230/2187/2076
f 2313/2270/2152 2314/2271/2153 2315/2272/2154
f 2316/2273/2155 2317/2274/2156 2318/2275/2157
f 2319/2276/2158 2320/2277/2159 2321/2278/2160
f 2281/2238/2125 2280/2237/2124 2322/2279/2161
f 2225/2182/2070 2323/2280/2162 2226/2183/2072
f 2324/2199/2163 2318/2275/2157 2325/2281/2164
f 2326/2282/2165 2327/2283/2166 2270/2227/2115
f 2308/2265/2147 2328/2284/2167 2329/2285/2168
f 2294/2251/2135 2244/2201/2090 2330/2286/2169
f 2229/2186/2075 2331/2287/2170 2332/2288/2124
f 2333/2289/2171 2334/2290/2172 2335/2291/2173
f 2335/2291/2173 2336/2292/2174 2292/2249/2133
f 2337/2293/2175 2338/2294/2176 2333/2289/2171
f 2339/2295/2177 2340/2296/2178 2341/2297/2179
f 2327/2283/2166 2342/2298/2180 2343/2299/2181
f 2344/2300/2182 2267/2224/2112 2345/2301/2183
f 2346/2302/2184 2265/2222/2110 2344/2300/2182
f 2347/2303/2185 2348/2304/2186 2349/2305/2187
f 2259/2216/2104 2350/2306/2166 2351/2307/2188
f 2352/2308/2026 2353/2309/2189 2268/2225/2113
f 2238/2195/2084 2320/2277/2159 2354/2310/2190
f 2355/2311/2191 2346/2302/2184 2340/2296/2178
f 2356/2312/2192 2357/2313/2193 2358/2314/2194
f 2359/2315/2195 2337/2293/2175 2360/2316/2196
f 2361/2317/2197 2362/2318/2026 2257/2214/2102
f 2363/2319/2198 2364/2320/2199 2365/2321/2200
f 2366/2322/2201 2348/2304/2186 2367/2323/2202
f 2255/2212/2100 2356/2312/2192 2256/2213/2101
f 2256/2213/2101 2358/2314/2194 2254/2211/2099
f 2271/2228/2116 2344/2300/2182 2260/2217/2105
f 2260/2217/2105 2345/2301/2183 2255/2212/2100
f 2368/2324/2179 2340/2296/2178 2262/2219/2107
f 2262/2219/2107 2346/2302/2184 2271/2228/2116
f 2369/2325/2203 2337/2293/2175 2370/2326/2204
f 2264/2221/2109 2335/2291/2173 2266/2223/2111
f 2352/2308/2026 2371/2327/2205 2372/2328/2206
f 2373/2329/2191 2360/2316/2196 2263/2220/2108
f 2360/2316/2196 2333/2289/2171 2264/2221/2109
f 2267/2224/2112 2293/2250/2134 2374/2330/2207
f 2375/2331/2208 2376/2332/2209 2377/2333/2026
f 2376/2332/2209 2352/2308/2026 2377/2333/2026
f 2338/2294/2176 2378/2334/2210 2333/2289/2171
f 2365/2321/2200 2364/2320/2199 2379/2335/2211
f 2380/2336/2212 2286/2243/2130 2381/2337/2213
f 2270/2227/2115 2350/2306/2166 2258/2215/2103
f 2377/2333/2026 2268/2225/2113 2362/2318/2026
f 2362/2318/2026 2270/2227/2115 2258/2215/2103
f 2382/2338/2214 2383/2339/2215 2384/2340/2216
f 2323/2280/2162 2287/2244/2070 2385/2341/2217
f 2386/2342/2141 2227/2184/2073 2275/2232/2120
f 2387/2343/2218 2388/2344/2219 2389/2345/2220
f 2390/2346/2070 2278/2235/2122 2391/2347/2070
f 2231/2188/2077 2392/2348/2221 2393/2349/2222
f 2394/2350/2223 2395/2351/2224 2396/2352/2225
f 2389/2345/2220 2397/2353/2226 2398/2354/2227
f 2232/2189/2078 2399/2355/2228 2400/2356/2229
f 2310/2267/2149 2401/2357/2230 2311/2268/2150
f 2381/2337/2213 2402/2358/2231 2403/2359/2232
f 2286/2243/2130 2404/2360/2093 2402/2358/2231
f 2405/2361/2233 2406/2362/2234 2407/2363/2235
f 2408/2364/2026 2403/2359/2232 2406/2362/2234
f 2396/2352/2225 2409/2365/2236 2410/2366/2237
f 2395/2351/2224 2407/2363/2235 2409/2365/2236
f 2402/2358/2231 2411/2367/2238 2412/2368/2239
f 2406/2362/2234 2413/2369/2240 2414/2370/2241
f 2403/2359/2232 2412/2368/2239 2413/2369/2240
f 2415/2371/2242 2416/2372/2243 2417/2373/1753
f 2407/2363/2235 2414/2370/2241 2418/2374/2244
f 2410/2366/2237 2419/2375/2245 2420/2376/2246
f 2421/2377/2247 2422/2378/2248 2423/2379/2249
f 2424/2380/2250 2425/2381/2251 2422/2378/2248
f 2426/2382/1753 2342/2298/2180 2427/2383/2252
f 2409/2365/2236 2418/2374/2244 2419/2375/2245
f 2428/2384/2253 2429/2385/2254 2430/2386/2255
f 2431/2387/2256 2389/2345/2220 2302/2259/2142
f 2223/2180/2070 2288/2245/2070 2225/2182/2070
f 2385/2341/2217 2289/2246/2070 2432/2388/2257
f 2296/2253/2086 2433/2389/2086 2297/2254/2137
f 2330/2286/2169 2246/2203/2092 2196/2154/2046
f 2302/2259/2142 2398/2354/2227 2434/2390/2258
f 2435/2391/2259 2405/2361/2233 2395/2351/2224
f 2425/2381/2251 2436/2392/2260 2437/2393/2261
f 2438/2394/2086 2304/2261/2086 2439/2395/2262
f 2440/2396/2263 2381/2337/2213 2408/2364/2026
f 2289/2246/2070 2441/2397/2264 2432/2388/2257
f 2442/2398/2265 2443/2399/2086 2444/2400/2266
f 2445/2401/2267 2408/2364/2026 2405/2361/2233
f 2442/2398/2265 2446/2402/2268 2447/2403/2269
f 2448/2404/2270 2304/2261/2086 2307/2264/2146
f 2309/2266/2148 2449/2405/2271 2450/2406/2272
f 2312/2269/2151 2451/2407/2273 2392/2348/2221
f 2452/2408/2274 2453/2409/2275 2454/2410/2276
f 2455/2411/2277 2456/2412/2278 2457/2413/2279
f 2458/2414/2264 2459/2415/2280 2460/2416/2281
f 2461/2417/2282 2462/2418/2283 2388/2344/2219
f 2463/2419/2284 2222/2179/2070 2464/2420/2285
f 2465/2421/2286 2302/2259/2142 2466/2422/2258
f 2467/2423/2287 2468/2424/2288 2469/2425/2289
f 2328/2284/2167 2449/2405/2271 2329/2285/2168
f 2444/2400/2266 2438/2394/2086 2439/2395/2262
f 2470/2426/2290 2471/2427/2291 2472/2428/2292
f 2473/2429/2293 2474/2430/2294 2475/2431/2295
f 2437/2393/2261 2476/2432/2296 2474/2430/2294
f 2477/2433/2297 2478/2434/2298 2479/2435/2299
f 2480/2436/2300 2481/2437/2301 2482/2438/2302
f 2345/2301/2183 2483/2439/2303 2356/2312/2192
f 2484/2440/2304 2482/2438/2302 2424/2380/2250
f 2467/2423/2287 2424/2380/2250 2421/2377/2247
f 2485/2441/2305 2350/2306/2166 2416/2372/2243
f 2486/2442/2306 2487/2443/2307 2488/2444/2308
f 2489/2445/1753 2427/2383/2252 2490/2446/2309
f 2459/2415/2280 2430/2386/2255 2460/2416/2281
f 2469/2425/2289 2491/2447/2310 2492/2448/2246
f 2493/2449/2311 2377/2333/2026 2361/2317/2197
f 2494/2450/2312 2477/2433/2297 2495/2451/2313
f 2496/2452/2314 2417/2373/1753 2497/2453/1753
f 2498/2454/2315 2499/2455/2316 2500/2456/2317
f 2500/2456/2317 2486/2442/2306 2498/2454/2315
f 2413/2369/2240 2382/2338/2214 2480/2436/2300
f 2412/2368/2239 2501/2457/2238 2382/2338/2214
f 2418/2374/2244 2484/2440/2304 2467/2423/2287
f 2414/2370/2241 2480/2436/2300 2484/2440/2304
f 2420/2376/2246 2469/2425/2289 2492/2448/2246
f 2419/2375/2245 2467/2423/2287 2469/2425/2289
f 2477/2433/2297 2502/2458/2318 2495/2451/2313
f 2422/2378/2248 2437/2393/2261 2473/2429/2293
f 2489/2445/1753 2503/2459/2319 2504/2460/2320
f 2505/2461/2288 2423/2379/2249 2494/2450/2312
f 2423/2379/2249 2473/2429/2293 2477/2433/2297
f 2482/2438/2302 2506/2462/2321 2425/2381/2251
f 2507/2463/2322 2497/2453/1753 2508/2464/2323
f 2489/2445/1753 2508/2464/2323 2497/2453/1753
f 2478/2434/2298 2473/2429/2293 2475/2431/2295
f 2509/2465/2324 2510/2466/2325 2499/2455/2316
f 2350/2306/2166 2343/2299/2181 2416/2372/2243
f 2497/2453/1753 2426/2382/1753 2489/2445/1753
f 2417/2373/1753 2343/2299/2181 2426/2382/1753
f 2511/2467/2326 2497/2453/1753 2507/2463/2322
f 2512/2421/2327 2513/2468/2328 2455/2411/2277
f 2399/2355/2228 2393/2349/2222 2514/2469/2229
f 2515/2229/2329 2313/2270/2152 2516/2470/2330
f 2438/2394/2086 2433/2389/2086 2517/2471/2086
f 2452/2408/2274 2518/2426/2290 2519/2472/2292
f 2450/2406/2272 2401/2357/2230 2309/2266/2148
f 2520/2473/2268 2521/2474/2331 2522/2475/2269
f 2523/2476/2332 2315/2272/2154 2314/2271/2153
f 2524/2477/2333 2525/2478/1753 2526/2479/2334
f 2527/2480/2335 2525/2478/1753 2528/2481/2336
f 2525/2478/1753 2529/2482/2337 2526/2479/2334
f 2525/2478/1753 2530/2483/2338 2531/2484/2339
f 2532/2485/2340 2524/2477/2333 2533/2486/2341
f 2534/2487/2342 2528/2481/2336 2524/2477/2333
f 2535/2488/2343 2528/2481/2336 2536/2489/2344
f 2537/2490/2345 2527/2480/2335 2535/2488/2343
f 2538/2491/2346 2539/2492/2347 2527/2480/2335
f 2539/2492/2347 2540/2493/2348 2530/2483/2338
f 2530/2483/2338 2541/2494/2349 2542/2495/2350
f 2531/2484/2339 2542/2495/2350 2543/2496/2351
f 2531/2484/2339 2544/2497/2352 2529/2482/2337
f 2529/2482/2337 2545/2498/2353 2546/2499/2354
f 2526/2479/2334 2546/2499/2354 2547/2500/2355
f 2533/2486/2341 2526/2479/2334 2547/2500/2355
f 2548/2501/2356 2549/2502/2357 2550/2503/2358
f 2548/2501/2356 2551/2504/2359 2552/2505/2360
f 2545/2498/2353 2550/2503/2358 2553/2506/2361
f 2543/2496/2351 2550/2503/2358 2544/2497/2352
f 2543/2496/2351 2554/2507/2362 2548/2501/2356
f 2541/2494/2349 2554/2507/2362 2542/2495/2350
f 2554/2507/2362 2555/2508/2363 2551/2504/2359
f 2550/2503/2358 2556/2509/2364 2553/2506/2361
f 2557/2510/2365 2558/2511/2366 2559/2512/2367
f 2560/2513/2368 2558/2511/2366 2561/2514/2369
f 2562/2515/2370 2563/2516/2371 2560/2513/2368
f 2563/2516/2371 2537/2490/2345 2535/2488/2343
f 2563/2516/2371 2536/2489/2344 2558/2511/2366
f 2559/2512/2367 2536/2489/2344 2534/2487/2342
f 2559/2512/2367 2532/2485/2340 2564/2517/2372
f 2565/2518/2373 2559/2512/2367 2564/2517/2372
f 2566/2519/2374 2567/2520/2375 2568/2521/2376
f 2567/2520/2375 2569/2522/2377 2570/2523/2378
f 2545/2498/2353 2568/2521/2376 2546/2499/2354
f 2556/2509/2364 2568/2521/2376 2553/2506/2361
f 2570/2523/2378 2565/2518/2373 2564/2517/2372
f 2570/2523/2378 2532/2485/2340 2533/2486/2341
f 2547/2500/2355 2570/2523/2378 2533/2486/2341
f 2568/2521/2376 2547/2500/2355 2546/2499/2354
f 2571/2524/2379 2572/2525/2380 2573/2526/2381
f 2572/2525/2380 2574/2527/2382 2573/2526/2381
f 2555/2508/2363 2575/2528/2383 2571/2524/2379
f 2541/2494/2349 2575/2528/2383 2576/2529/2384
f 2575/2528/2383 2577/2530/2385 2572/2525/2380
f 2577/2530/2385 2578/2531/2386 2572/2525/2380
f 2578/2531/2386 2537/2490/2345 2579/2532/2387
f 2578/2531/2386 2562/2515/2370 2574/2527/2382
f 2574/2527/2382 2580/2533/2388 2581/2534/2389
f 2569/2522/2377 2582/2535/2390 2583/2536/2391
f 2551/2504/2359 2584/2537/2392 2585/2538/2393
f 2555/2508/2363 2586/2539/2394 2584/2537/2392
f 2556/2509/2364 2587/2540/2395 2588/2541/2396
f 2565/2518/2373 2589/2542/2397 2557/2510/2365
f 2552/2505/2360 2587/2540/2395 2549/2502/2357
f 2552/2505/2360 2585/2538/2393 2590/2543/2398
f 2573/2526/2381 2586/2539/2394 2571/2524/2379
f 2562/2515/2370 2591/2544/2399 2580/2533/2388
f 2556/2509/2364 2592/2545/2400 2566/2519/2374
f 2557/2510/2365 2593/2546/2401 2561/2514/2369
f 2565/2518/2373 2583/2536/2391 2594/2547/2402
f 2561/2514/2369 2591/2544/2399 2560/2513/2368
f 2595/2548/2403 2592/2545/2400 2582/2535/2390
f 2574/2527/2382 2596/2549/2404 2573/2526/2381
f 2597/2550/2405 2598/2551/2406 2599/2552/2406
f 2600/2553/2407 2601/2554/2408 2602/2555/2409
f 2603/2556/2410 2604/2557/2411 2605/2558/2410
f 2606/2559/2411 2607/2560/2412 2604/2557/2411
f 2608/2561/2413 2609/2562/2414 2610/2563/2414
f 2611/2564/2415 2612/2565/2416 2613/2566/2417
f 2614/2567/2418 2607/2560/2412 2615/2568/2412
f 2616/2569/2419 2605/2558/2410 2617/2570/2419
f 2618/2571/2420 2619/2572/2421 2620/2573/2420
f 2621/2574/2422 2620/2573/2420 2622/2575/2422
f 2623/2576/2423 2624/2577/2424 2625/2578/2425
f 2597/2550/2405 2626/2579/2426 2627/2580/2427
f 2628/2581/2428 2601/2554/2408 2629/2582/2408
f 2616/2569/2419 2630/2583/2429 2628/2581/2428
f 2600/2553/2407 2619/2572/2421 2631/2584/2421
f 2621/2574/2422 2632/2585/2430 2608/2561/2413
f 2633/2586/2400 2624/2577/2424 2634/2587/2431
f 2635/2588/2432 2636/2589/2433 2637/2590/2434
f 2638/2591/2435 2639/2592/2436 2640/2593/2437
f 2641/2594/2404 2642/2595/2438 2643/2596/2439
f 2638/2591/2435 2644/2597/2440 2611/2564/2415
f 2641/2594/2404 2645/2598/2441 2646/2599/2442
f 2647/2600/2443 2612/2565/2416 2645/2598/2441
f 2643/2596/2439 2648/2601/2444 2649/2602/2445
f 2650/2603/2446 2636/2589/2433 2639/2592/2436
f 2651/2604/2447 2652/2605/2448 2623/2576/2423
f 2653/2606/2449 2609/2562/2414 2654/2607/2449
f 2655/2608/2450 2634/2587/2431 2656/2609/2451
f 2651/2604/2447 2657/2610/2452 2658/2611/2453
f 2659/2612/2454 2660/2613/2455 2635/2588/2432
f 2661/2614/2456 2648/2601/2444 2657/2610/2452
f 2658/2611/2453 2662/2615/2457 2652/2605/2448
f 2663/2616/2458 2664/2617/2459 2662/2615/2457
f 2658/2611/2453 2665/2618/2460 2663/2616/2458
f 2663/2616/2458 2666/2619/2461 2667/2620/2462
f 2668/2621/2463 2665/2618/2460 2669/2622/2464
f 2669/2622/2464 2657/2610/2452 2648/2601/2444
f 2652/2605/2448 2670/2623/2465 2624/2577/2424
f 2662/2615/2457 2671/2624/2466 2670/2623/2465
f 2672/2625/2467 2673/2626/2468 2674/2627/2469
f 2674/2627/2469 2640/2593/2437 2639/2592/2436
f 2675/2628/2470 2673/2626/2468 2676/2629/2471
f 2677/2630/2472 2640/2593/2437 2673/2626/2468
f 2644/2597/2440 2678/2631/2473 2612/2565/2416
f 2677/2630/2472 2679/2632/2474 2678/2631/2473
f 2680/2633/2475 2674/2627/2469 2681/2634/2476
f 2681/2634/2476 2639/2592/2436 2636/2589/2433
f 2682/2635/2477 2683/2636/2478 2684/2637/2479
f 2684/2637/2479 2656/2609/2451 2634/2587/2431
f 2685/2638/2480 2686/2639/2481 2687/2640/2482
f 2688/2641/2483 2689/2642/2451 2686/2639/2481
f 2671/2624/2466 2684/2637/2479 2670/2623/2465
f 2670/2623/2465 2634/2587/2431 2624/2577/2424
f 2660/2613/2455 2681/2634/2476 2636/2589/2433
f 2688/2641/2483 2680/2633/2475 2681/2634/2476
f 2646/2599/2442 2690/2643/2484 2642/2595/2438
f 2691/2644/2485 2692/2645/2486 2690/2643/2484
f 2646/2599/2442 2693/2646/2487 2691/2644/2485
f 2691/2644/2485 2694/2647/2488 2695/2648/2489
f 2642/2595/2438 2669/2622/2464 2648/2601/2444
f 2690/2643/2484 2668/2621/2463 2669/2622/2464
f 2679/2632/2474 2693/2646/2487 2678/2631/2473
f 2678/2631/2473 2645/2598/2441 2612/2565/2416
f 2696/2649/2426 2654/2607/2449 2626/2579/2426
f 2697/2650/2490 2698/2651/2026 2699/2652/2491
f 2698/2651/2026 2700/2653/2492 2699/2652/2491
f 2701/2654/2493 2698/2651/2026 2702/2655/2494
f 2698/2651/2026 2703/2656/2495 2704/2657/2496
f 2705/2658/2497 2697/2650/2490 2706/2659/2498
f 2706/2659/2498 2699/2652/2491 2707/2660/2499
f 2699/2652/2491 2708/2661/2500 2707/2660/2499
f 2700/2653/2492 2709/2662/2501 2708/2661/2500
f 2704/2657/2496 2710/2663/2502 2700/2653/2492
f 2704/2657/2496 2711/2664/2503 2712/2665/2504
f 2703/2656/2495 2713/2666/2505 2711/2664/2503
f 2714/2667/2506 2715/2668/2507 2703/2656/2495
f 2716/2669/2508 2714/2667/2506 2701/2654/2493
f 2717/2670/2509 2701/2654/2493 2718/2671/2510
f 2718/2671/2510 2702/2655/2494 2719/2672/2511
f 2720/2673/2512 2702/2655/2494 2697/2650/2490
f 2721/2674/2513 2722/2675/2514 2723/2676/2515
f 2722/2675/2514 2724/2677/2516 2725/2678/2517
f 2717/2670/2509 2723/2676/2515 2716/2669/2508
f 2723/2676/2515 2726/2679/2518 2716/2669/2508
f 2726/2679/2518 2725/2678/2517 2715/2668/2507
f 2725/2678/2517 2713/2666/2505 2715/2668/2507
f 2725/2678/2517 2727/2680/2519 2728/2681/2520
f 2729/2682/2521 2723/2676/2515 2730/2683/2522
f 2731/2684/2523 2732/2685/2524 2733/2686/2525
f 2732/2685/2524 2734/2687/2526 2733/2686/2525
f 2735/2688/2527 2736/2689/2528 2734/2687/2526
f 2735/2688/2527 2709/2662/2501 2737/2690/2529
f 2707/2660/2499 2735/2688/2527 2732/2685/2524
f 2738/2691/2530 2707/2660/2499 2732/2685/2524
f 2705/2658/2497 2738/2691/2530 2739/2692/2531
f 2740/2693/2532 2738/2691/2530 2731/2684/2523
f 2741/2694/2533 2742/2695/2534 2743/2696/2535
f 2741/2694/2533 2744/2697/2536 2745/2698/2537
f 2717/2670/2509 2743/2696/2535 2730/2683/2522
f 2743/2696/2535 2729/2682/2521 2730/2683/2522
f 2746/2699/2538 2740/2693/2532 2744/2697/2536
f 2705/2658/2497 2746/2699/2538 2720/2673/2512
f 2719/2672/2511 2746/2699/2538 2741/2694/2533
f 2719/2672/2511 2743/2696/2535 2718/2671/2510
f 2747/2700/2539 2748/2701/2540 2749/2702/2541
f 2750/2703/2542 2748/2701/2540 2751/2704/2543
f 2727/2680/2519 2749/2702/2541 2728/2681/2520
f 2749/2702/2541 2713/2666/2505 2728/2681/2520
f 2749/2702/2541 2712/2665/2504 2711/2664/2503
f 2752/2705/2544 2712/2665/2504 2748/2701/2540
f 2752/2705/2544 2709/2662/2501 2710/2663/2502
f 2736/2689/2528 2752/2705/2544 2750/2703/2542
f 2753/2706/2545 2736/2689/2528 2750/2703/2542
f 2744/2697/2536 2754/2707/2546 2745/2698/2537
f 2724/2677/2516 2755/2708/2547 2727/2680/2519
f 2755/2708/2547 2747/2700/2539 2727/2680/2519
f 2756/2709/2548 2721/2674/2513 2729/2682/2521
f 2757/2710/2549 2740/2693/2532 2731/2684/2523
f 2758/2711/2550 2759/2712/2551 2721/2674/2513
f 2759/2712/2551 2760/2713/2552 2724/2677/2516
f 2747/2700/2539 2761/2714/2553 2751/2704/2543
f 2762/2715/2554 2734/2687/2526 2736/2689/2528
f 2763/2716/2555 2729/2682/2521 2742/2695/2534
f 2764/2717/2556 2731/2684/2523 2733/2686/2525
f 2740/2693/2532 2765/2718/2557 2744/2697/2536
f 2766/2719/2558 2733/2686/2525 2734/2687/2526
f 2745/2698/2537 2763/2716/2555 2742/2695/2534
f 2761/2714/2553 2750/2703/2542 2751/2704/2543
f 2767/2720/2559 2627/2580/2427 2768/2721/2560
f 2769/2722/2561 2601/2554/2408 2770/2723/2562
f 2605/2558/2410 2771/2724/2563 2772/2725/2564
f 2771/2724/2563 2607/2560/2412 2773/2726/2565
f 2774/2727/2566 2632/2585/2430 2775/2728/2567
f 2776/2729/2568 2777/2730/2569 2778/2731/2570
f 2607/2560/2412 2779/2732/2559 2773/2726/2565
f 2617/2570/2419 2772/2725/2564 2780/2733/2571
f 2620/2573/2420 2781/2734/2572 2782/2735/2573
f 2783/2736/2574 2620/2573/2420 2782/2735/2573
f 2784/2737/2575 2785/2738/2576 2786/2739/2577
f 2627/2580/2427 2787/2740/2578 2768/2721/2560
f 2770/2723/2562 2630/2583/2429 2788/2741/2579
f 2630/2583/2429 2780/2733/2571 2788/2741/2579
f 2781/2734/2572 2602/2555/2409 2769/2722/2561
f 2775/2728/2567 2622/2575/2422 2783/2736/2574
f 2789/2742/2580 2784/2737/2575 2786/2739/2577
f 2790/2743/2581 2791/2744/2582 2792/2745/2583
f 2793/2746/2584 2794/2747/2585 2795/2748/2586
f 2796/2749/2587 2797/2750/2588 2798/2751/2589
f 2799/2752/2590 2793/2746/2584 2777/2730/2569
f 2797/2750/2588 2800/2753/2591 2801/2754/2592
f 2801/2754/2592 2776/2729/2568 2778/2731/2570
f 2802/2755/2593 2798/2751/2589 2803/2756/2594
f 2795/2748/2586 2790/2743/2581 2792/2745/2583
f 2804/2757/2595 2805/2758/2596 2785/2738/2576
f 2654/2607/2449 2774/2727/2566 2806/2759/2597
f 2807/2760/2598 2808/2761/2599 2789/2742/2580
f 2805/2758/2596 2809/2762/2600 2810/2763/2601
f 2811/2764/2602 2812/2765/2598 2791/2744/2582
f 2810/2763/2601 2802/2755/2593 2803/2756/2594
f 2813/2766/2603 2814/2767/2604 2804/2757/2595
f 2806/2759/2597 2815/2768/2605 2813/2766/2603
f 2814/2767/2604 2816/2769/2606 2809/2762/2600
f 2815/2768/2605 2775/2728/2567 2816/2769/2606
f 2783/2736/2574 2816/2769/2606 2775/2728/2567
f 2817/2770/2607 2809/2762/2600 2816/2769/2606
f 2818/2771/2608 2804/2757/2595 2784/2737/2575
f 2787/2740/2578 2813/2766/2603 2818/2771/2608
f 2772/2725/2564 2819/2772/2609 2780/2733/2571
f 2820/2773/2610 2821/2774/2611 2819/2772/2609
f 2819/2772/2609 2788/2741/2579 2780/2733/2571
f 2821/2774/2611 2822/2775/2612 2819/2772/2609
f 2823/2776/2613 2799/2752/2590 2776/2729/2568
f 2770/2723/2562 2822/2775/2612 2823/2776/2613
f 2771/2724/2563 2820/2773/2610 2772/2725/2564
f 2824/2777/2614 2794/2747/2585 2820/2773/2610
f 2768/2721/2560 2825/2778/2615 2767/2720/2559
f 2826/2779/2616 2827/2780/2617 2825/2778/2615
f 2828/2781/2615 2773/2726/2565 2779/2732/2559
f 2829/2782/2617 2830/2783/2618 2828/2781/2615
f 2787/2740/2578 2826/2779/2616 2768/2721/2560
f 2818/2771/2608 2808/2761/2599 2826/2779/2616
f 2824/2777/2614 2811/2764/2602 2790/2743/2581
f 2771/2724/2563 2830/2783/2618 2824/2777/2614
f 2831/2784/2619 2832/2785/2620 2796/2749/2587
f 2782/2735/2573 2833/2786/2621 2831/2784/2619
f 2832/2785/2620 2834/2787/2622 2800/2753/2591
f 2833/2786/2621 2769/2722/2561 2834/2787/2622
f 2817/2770/2607 2796/2749/2587 2802/2755/2593
f 2783/2736/2574 2831/2784/2619 2817/2770/2607
f 2770/2723/2562 2834/2787/2622 2769/2722/2561
f 2823/2776/2613 2800/2753/2591 2834/2787/2622
f 2626/2579/2426 2806/2759/2597 2787/2740/2578
f 2671/2624/2466 2653/2606/2449 2696/2649/2426
f 2667/2620/2462 2653/2606/2449 2664/2617/2459
f 2666/2619/2461 2621/2574/2422 2608/2561/2413
f 2694/2647/2488 2631/2584/2421 2695/2648/2489
f 2676/2629/2471 2628/2581/2428 2675/2628/2470
f 2675/2628/2470 2629/2582/2408 2679/2632/2474
f 2671/2624/2466 2597/2550/2405 2682/2635/2477
f 2668/2621/2463 2618/2571/2420 2621/2574/2422
f 2692/2645/2486 2631/2584/2421 2618/2571/2420
f 2676/2629/2471 2603/2556/2410 2616/2569/2419
f 2687/2640/2482 2615/2568/2412 2685/2638/2480
f 2667/2620/2462 2608/2561/2413 2610/2563/2414
f 2680/2633/2475 2615/2568/2412 2606/2559/2411
f 2672/2625/2467 2606/2559/2411 2603/2556/2410
f 2679/2632/2474 2600/2553/2407 2694/2647/2488
f 2835/2788/2482 2597/2550/2405 2599/2552/2406
f 2836/1733/2623 2837/2789/2624 2838/2790/1808
f 2839/1911/1809 2840/2791/2625 2841/2792/2626
f 2842/2793/1790 2843/2794/2627 2844/2795/1649
f 1941/1901/1799 2845/2796/1797 2846/2797/2628
f 2847/2798/2629 2217/2174/2065 2848/2799/2055
f 2849/2176/2067 2850/2800/2630 2851/2801/2631
f 2852/2802/2632 1945/1904/1802 2853/2803/2633
f 2854/2804/2634 2215/2172/2063 2855/2805/2635
f 2856/2305/2636 2857/2806/2637 2858/2807/2638
f 2859/2808/2639 2369/2325/2203 2860/2809/2640
f 2861/2810/2308 2476/2432/2296 2862/2811/2641
f 2863/2812/2642 2864/2459/2643 2865/2813/2644
f 2866/2814/1635 1764/1726/1626 2867/2815/2645
f 2868/2816/2646 1762/1724/1624 2869/2817/2647
f 2870/2818/2648 1761/1723/1623 2871/2819/2054
f 2872/2820/2649 1770/1732/1632 1759/1721/1621
f 2873/2821/2650 1771/1733/1633 1770/1732/1632
f 1927/1888/1786 2874/2822/2651 1747/1709/1610
f 2875/2823/1618 1740/1702/1603 2876/2824/1778
f 1915/1877/1775 2877/2825/2652 2878/2826/1806
f 2879/2827/2653 1747/1709/1610 2880/2828/2654
f 2881/2829/2655 1951/1910/1808 2882/2830/2656
f 1768/1730/1630 2883/2831/2657 1766/1728/1628
f 2884/2832/2658 1750/1712/1613 1752/1714/1615
f 2885/2833/1641 1774/1736/1636 2886/2834/2659
f 2887/2835/2660 1924/1885/1783 2888/2836/2661
f 1768/1730/1630 2889/2837/2662 2890/2838/2663
f 1954/1913/1811 2891/2839/1633 1951/1910/1808
f 2892/2840/2664 1954/1913/1811 1953/1912/1810
f 2893/2841/2665 1791/1753/1653 1792/1754/1650
f 2894/2842/2666 1791/1753/1653 2895/2843/2667
f 2896/2844/2668 1781/1743/1643 1797/1759/1658
f 2897/2845/1652 1781/1743/1643 2898/2846/1651
f 2899/2847/1792 1941/1901/1799 1942/1902/1800
f 2900/2848/2669 1787/1749/1649 2901/2849/2670
f 2902/2850/2671 1794/1756/1655 2903/2851/2672
f 2904/2852/1652 1794/1756/1655 2905/2853/1801
f 1787/1749/1649 2906/2854/2673 1788/1750/1650
f 2899/2847/1792 2843/2794/2627 2842/2793/1790
f 2886/2834/2659 1926/1887/1785 2907/2855/2657
f 1764/1726/1626 2908/2856/2674 2867/2815/2645
f 1935/1895/1793 2909/2857/2675 2910/2858/2674
f 2066/2024/1919 2911/2859/2676 2912/2860/1931
f 2072/2030/1924 2913/2861/2676 2073/2031/1925
f 2914/2862/2677 2915/2863/2678 2072/2030/1924
f 2916/2864/2679 2054/2013/1908 2053/2012/1907
f 2195/2153/2045 2917/2865/2680 2918/2866/1909
f 2919/2867/1805 1915/1877/1775 2878/2826/1806
f 2053/2012/1907 2920/2868/1805 2921/2869/1903
f 2217/2174/2065 2922/2870/2681 2923/2871/2682
f 2924/2872/2683 2069/2027/1922 2068/2026/1921
f 2058/2016/1911 2925/2873/1902 2059/2017/1912
f 2074/2032/1926 2926/2874/1902 2927/2875/2684
f 1924/1885/1783 2928/2876/2685 2888/2836/2661
f 2218/2175/2066 2929/2877/2686 2219/2176/2067
f 2847/2798/2629 2930/2878/2687 2217/2174/2065
f 2930/2878/2687 2892/2840/2664 1953/1912/1810
f 2090/2048/1942 2931/2879/1939 2932/2880/2688
f 2090/2048/1942 2933/2881/2689 2934/2882/2690
f 2080/2038/1932 2935/2883/2691 2203/2161/2052
f 2080/2038/1932 2936/2884/2692 2937/2885/2693
f 2938/2886/2634 2209/2167/2058 2939/2887/2694
f 1945/1904/1802 2940/2888/2669 2901/2849/2670
f 2215/2172/2063 2941/2889/2671 2855/2805/2635
f 2215/2172/2063 2942/2890/2692 2216/2173/2064
f 2943/2891/2695 1945/1904/1802 1946/1905/1803
f 2944/2892/2633 2209/2167/2058 2211/2169/2060
f 2199/2157/2049 2927/2875/2684 2945/2893/2683
f 2946/2894/2696 2196/2154/2046 2198/2156/2048
f 2947/2895/2697 2196/2154/2046 2948/2896/2698
f 2949/2897/2699 2330/2286/2169 2950/2898/2697
f 2951/2899/2699 2291/2248/2132 2294/2251/2135
f 2276/2233/2121 2952/2900/2285 2953/2901/2700
f 2954/2902/2285 2322/2279/2161 2955/2903/2284
f 2275/2232/2120 2956/2904/2701 2386/2342/2141
f 2957/2905/2702 2276/2233/2121 2958/2906/2700
f 2400/2356/2229 2320/2277/2159 2232/2189/2078
f 2390/2346/2070 2959/2907/2703 2960/2908/2703
f 2293/2250/2134 2961/2909/2104 2374/2330/2207
f 2962/2910/2704 2359/2315/2195 2373/2329/2191
f 2963/2911/2705 2322/2279/2161 2280/2237/2124
f 2964/2912/2705 2331/2287/2170 2965/2913/2706
f 2390/2346/2070 2288/2245/2070 2222/2179/2070
f 2433/2389/2086 2282/2239/2126 2297/2254/2137
f 2966/2914/2329 2318/2275/2157 2967/2915/2707
f 2968/2916/2708 2311/2268/2150 2969/2917/2118
f 2970/2918/2118 2230/2187/2076 2237/2194/2083
f 2971/2919/2329 2228/2185/2074 2972/2920/2164
f 2973/2921/2709 2317/2274/2156 2235/2192/2081
f 2974/2922/2154 2975/2923/2127 2308/2265/2147
f 2976/2924/2332 2291/2248/2132 2977/2925/2138
f 2317/2274/2156 2978/2926/2710 2318/2275/2157
f 2310/2267/2149 2979/2927/2154 2308/2265/2147
f 2299/2256/2139 2282/2239/2126 2283/2240/2127
f 2980/2928/2711 2357/2313/2193 2981/2929/2303
f 2982/2910/2114 2339/2295/2177 2983/2930/2712
f 2334/2290/2172 2984/2931/2636 2336/2292/2174
f 2985/2932/2713 2859/2808/2639 2986/2933/2199
f 2336/2292/2174 2987/2934/2197 2292/2249/2133
f 2988/2935/2714 2370/2326/2204 2989/2936/2715
f 2292/2249/2133 2990/2937/2102 2293/2250/2134
f 2991/2938/2189 2370/2326/2204 2359/2315/2195
f 2992/2939/2716 2338/2294/2176 2993/2940/2717
f 2348/2304/2186 2994/2941/2718 2995/2942/2719
f 2996/2943/2716 2334/2290/2172 2378/2334/2210
f 2997/2944/2720 2363/2319/2198 2365/2321/2200
f 2985/2932/2713 2998/2945/2717 2338/2294/2176
f 2999/2946/2208 2349/2305/2187 2348/2304/2186
f 3000/2947/2721 2379/2335/2211 3001/2948/2640
f 3002/2949/2128 2307/2264/2146 3003/2950/2048
f 3004/2951/2128 2439/2395/2262 2448/2404/2270
f 3005/2952/2212 2444/2400/2266 2439/2395/2262
f 3006/2953/2722 2444/2400/2266 3007/2954/2263
f 2432/2388/2257 3008/2955/2723 2385/2341/2217
f 3009/2956/2724 2432/2388/2257 2441/2397/2264
f 2226/2183/2072 3010/2957/2256 3011/2958/2141
f 3012/2959/2218 2323/2280/2162 2385/2341/2217
f 2459/2415/2280 2514/2469/2229 2393/2349/2222
f 3013/2960/2123 2277/2234/2070 2279/2236/2123
f 3014/2961/2725 3015/2962/2726 3016/2963/2216
f 3017/2964/2727 2342/2298/2180 3018/2965/2728
f 3019/2966/2729 2460/2416/2281 3020/2967/2730
f 3021/2968/2731 2460/2416/2281 2430/2386/2255
f 2288/2245/2070 2277/2234/2070 2289/2246/2070
f 2240/2197/2086 2433/2389/2086 2443/2399/2086
f 2513/2468/2328 3022/2969/2732 3023/2970/2733
f 2451/2407/2273 3024/2971/2274 3025/2972/2292
f 2451/2407/2273 2428/2384/2253 2392/2348/2221
f 2398/2354/2227 3026/2973/2290 2434/2390/2258
f 2456/2412/2278 3027/2974/2734 2394/2350/2223
f 3028/2975/2735 3029/2976/2331 2449/2405/2271
f 3030/2977/2722 2446/2402/2268 2442/2398/2265
f 3031/2978/2736 2456/2412/2278 2513/2468/2328
f 3032/2979/2331 2450/2406/2272 2449/2405/2271
f 2240/2197/2086 2447/2403/2269 2241/2198/2087
f 3033/2980/2215 2485/2441/2305 3034/2963/2216
f 3035/2981/2177 2342/2298/2180 3036/2982/2737
f 2861/2810/2308 2474/2430/2294 2476/2432/2296
f 3037/2983/2738 2479/2435/2299 3038/2984/2739
f 2496/2452/2314 3039/2985/2296 3040/2986/2260
f 3041/2987/2740 2503/2459/2319 2490/2446/2309
f 2415/2371/2242 3042/2988/2260 3043/2989/2726
f 3044/2990/2740 2427/2383/2252 3045/2991/2312
f 2478/2434/2298 3046/2992/2741 3047/2993/2742
f 2508/2464/2323 3048/2994/2306 2507/2463/2322
f 2474/2430/2294 3049/2995/2743 2475/2431/2295
f 3050/2996/2744 2504/2460/2320 3051/2997/2745
f 3052/2998/2742 2479/2435/2299 2478/2434/2298
f 3053/2999/2308 2507/2463/2322 3054/3000/2746
f 3055/3001/2747 2504/2460/2320 2503/2459/2319
f 3056/3002/2748 2228/2185/2074 3057/3003/2119
f 2237/2194/2083 2232/2189/2078 2320/2277/2159
f 3058/3004/2749 2430/2386/2255 2429/2385/2254
f 2393/2349/2222 2428/2384/2253 2459/2415/2280
f 2063/2021/1916 2067/2025/1920 2204/2162/2053
f 3059/3005/2750 3060/3006/2751 3061/3007/2752
f 3060/3006/2751 3062/3008/2753 3063/3009/2754
f 3064/3010/2755 3065/3011/2756 3062/3008/2753
f 3066/3012/2757 3067/3013/2758 3065/3011/2756
f 3068/3014/2759 3069/3015/2760 3067/3013/2758
f 3070/3016/2761 3071/3017/2762 3069/3015/2760
f 3072/3018/2763 3071/3017/2762 3073/3019/2764
f 3074/3020/2765 3075/3021/2766 3072/3018/2763
f 3076/3022/2767 3074/3020/2765 3072/3018/2763
f 3076/3022/2767 3073/3019/2764 3077/3023/2768
f 3077/3023/2768 3070/3016/2761 3078/3024/2769
f 3079/3025/2770 3070/3016/2761 3068/3014/2759
f 3080/3026/2771 3068/3014/2759 3066/3012/2757
f 3080/3026/2771 3064/3010/2755 3059/3005/2750
f 3081/3027/2772 3082/3028/2773 3083/3029/2774
f 3082/3028/2773 3084/3030/2775 3085/3031/2776
f 3086/3032/2777 3087/3033/2778 3084/3030/2775
f 3088/3034/2779 3089/3035/2780 3087/3033/2778
f 3090/3036/2781 3091/3037/2782 3089/3035/2780
f 3092/3038/2783 3093/3039/2784 3091/3037/2782
f 3094/3040/2785 3093/3039/2784 3095/3041/2786
f 3096/3042/2787 3097/3043/2788 3094/3040/2785
f 3098/3044/2789 3096/3042/2787 3094/3040/2785
f 3098/3044/2789 3095/3041/2786 3099/3045/2790
f 3099/3045/2790 3092/3038/2783 3100/3046/2791
f 3101/3047/2792 3092/3038/2783 3090/3036/2781
f 3102/3048/2793 3090/3036/2781 3088/3034/2779
f 3102/3048/2793 3086/3032/2777 3081/3027/2772
f 3103/3049/2794 3104/3050/2795 3105/3051/2796
f 3104/3050/2795 3106/3052/2797 3107/3053/2798
f 3108/3054/2799 3109/3055/2800 3106/3052/2797
f 3110/3056/2801 3111/3057/2802 3109/3055/2800
f 3112/3058/2803 3113/3059/2804 3111/3057/2802
f 3114/3060/2805 3115/3061/2806 3113/3059/2804
f 3116/3062/2807 3115/3061/2806 3117/3063/2808
f 3118/3064/2809 3119/3065/2810 3116/3062/2807
f 3120/3066/2811 3118/3064/2809 3116/3062/2807
f 3120/3066/2811 3117/3063/2808 3121/3067/2812
f 3121/3067/2812 3114/3060/2805 3122/3068/2813
f 3123/3069/2814 3114/3060/2805 3112/3058/2803
f 3124/3070/2815 3112/3058/2803 3110/3056/2801
f 3124/3070/2815 3108/3054/2799 3103/3049/2794
f 3125/3071/2816 3126/3072/2817 3127/3073/2818
f 3126/3072/2817 3128/3074/2819 3129/3075/2820
f 3130/3076/2821 3131/3077/2822 3128/3074/2819
f 3132/3078/2823 3133/3079/2824 3131/3077/2822
f 3134/3080/2825 3135/3081/2826 3133/3079/2824
f 3136/3082/2827 3137/3083/2828 3135/3081/2826
f 3138/3084/2829 3137/3083/2828 3139/3085/2830
f 3140/3086/2831 3141/3087/2832 3138/3084/2829
f 3142/3088/2833 3140/3086/2831 3138/3084/2829
f 3142/3088/2833 3139/3085/2830 3143/3089/2834
f 3143/3089/2834 3136/3082/2827 3144/3090/2835
f 3145/3091/2836 3136/3082/2827 3134/3080/2825
f 3146/3092/2837 3134/3080/2825 3132/3078/2823
f 3146/3092/2837 3130/3076/2821 3125/3071/2816
f 3147/3093/2838 3148/3094/2839 3149/3095/2840
f 3148/3094/2839 3150/3096/2841 3151/3097/2842
f 3152/3098/2843 3153/3099/2844 3150/3096/2841
f 3154/3100/2845 3153/3099/2844 3155/3101/2846
f 3156/3102/2847 3157/3103/2848 3154/3100/2845
f 3156/3102/2847 3158/3104/2849 3159/3105/2850
f 3160/3106/2851 3158/3104/2849 3161/3107/2852
f 3162/3108/2853 3163/3109/2854 3160/3106/2851
f 3164/3110/2855 3162/3108/2853 3160/3106/2851
f 3164/3110/2855 3161/3107/2852 3165/3111/2856
f 3165/3111/2856 3156/3102/2847 3166/3112/2857
f 3166/3112/2857 3154/3100/2845 3167/3113/2858
f 3167/3113/2858 3155/3101/2846 3168/3114/2859
f 3168/3114/2859 3152/3098/2843 3147/3093/2838
f 3169/3115/2860 3170/3116/2861 3171/3117/2862
f 3170/3116/2861 3172/3118/2863 3173/3119/2864
f 3174/3120/2865 3175/3121/2866 3172/3118/2863
f 3176/3122/2867 3175/3121/2866 3177/3123/2868
f 3176/3122/2867 3178/3124/2869 3179/3125/2870
f 3180/3126/2871 3181/3127/2872 3178/3124/2869
f 3182/3128/2873 3181/3127/2872 3183/3129/2874
f 3184/3130/2875 3185/3131/2876 3182/3128/2873
f 3186/3132/2877 3184/3130/2875 3182/3128/2873
f 3186/3132/2877 3183/3129/2874 3187/3133/2878
f 3187/3133/2878 3180/3126/2871 3188/3134/2879
f 3188/3134/2879 3176/3122/2867 3189/3135/2880
f 3189/3135/2880 3177/3123/2868 3190/3136/2881
f 3190/3136/2881 3174/3120/2865 3169/3115/2860
f 3191/3137/2882 3192/3138/2883 3193/3139/2884
f 3192/3138/2883 3194/3140/2885 3195/3141/2886
f 3196/3142/2887 3197/3143/2888 3194/3140/2885
f 3198/3144/2889 3199/3145/2890 3197/3143/2888
f 3200/3146/2891 3201/3147/2892 3199/3145/2890
f 3202/3148/2893 3203/3149/2894 3201/3147/2892
f 3204/3150/2895 3203/3149/2894 3205/3151/2896
f 3206/3152/2897 3207/3153/2898 3204/3150/2895
f 3208/3154/2899 3206/3152/2897 3204/3150/2895
f 3208/3154/2899 3205/3151/2896 3209/3155/2900
f 3209/3155/2900 3202/3148/2893 3210/3156/2901
f 3211/3157/2902 3202/3148/2893 3200/3146/2891
f 3212/3158/2903 3200/3146/2891 3198/3144/2889
f 3212/3158/2903 3196/3142/2887 3191/3137/2882
f 3213/3006/2904 3214/3005/2905 3215/3007/2906
f 3213/3006/2904 3216/3008/2907 3217/3010/2908
f 3217/3010/2908 3218/3011/2909 3219/3012/2910
f 3219/3012/2910 3220/3013/2911 3221/3014/2912
f 3221/3014/2912 3222/3015/2913 3223/3016/2914
f 3223/3016/2914 3224/3017/2915 3225/3019/2916
f 3224/3017/2915 3226/3018/2917 3225/3019/2916
f 3227/3021/2918 3228/3020/2919 3226/3018/2917
f 3229/3022/2920 3228/3020/2919 3230/3159/2921
f 3225/3019/2916 3229/3022/2920 3231/3023/2922
f 3223/3016/2914 3231/3023/2922 3232/3024/2923
f 3233/3025/2924 3223/3016/2914 3232/3024/2923
f 3234/3026/2925 3221/3014/2912 3233/3025/2924
f 3217/3010/2908 3234/3026/2925 3214/3005/2905
f 3235/3028/2926 3236/3027/2927 3237/3029/2928
f 3235/3028/2926 3238/3030/2929 3239/3032/2930
f 3239/3032/2930 3240/3033/2931 3241/3034/2932
f 3241/3034/2932 3242/3035/2933 3243/3036/2934
f 3243/3036/2934 3244/3037/2935 3245/3038/2936
f 3245/3038/2936 3246/3039/2937 3247/3041/2938
f 3246/3039/2937 3248/3040/2939 3247/3041/2938
f 3249/3043/2940 3250/3042/2941 3248/3040/2939
f 3251/3044/2942 3250/3042/2941 3252/3160/2943
f 3247/3041/2938 3251/3044/2942 3253/3045/2944
f 3245/3038/2936 3253/3045/2944 3254/3046/2945
f 3255/3047/2946 3245/3038/2936 3254/3046/2945
f 3256/3048/2947 3243/3036/2934 3255/3047/2946
f 3239/3032/2930 3256/3048/2947 3236/3027/2927
f 3257/3050/2948 3258/3049/2949 3259/3051/2950
f 3257/3050/2948 3260/3052/2951 3261/3054/2952
f 3261/3054/2952 3262/3055/2953 3263/3056/2954
f 3263/3056/2954 3264/3057/2955 3265/3058/2956
f 3265/3058/2956 3266/3059/2957 3267/3060/2958
f 3267/3060/2958 3268/3061/2959 3269/3063/2960
f 3268/3061/2959 3270/3062/2961 3269/3063/2960
f 3271/3065/2962 3272/3064/2963 3270/3062/2961
f 3273/3066/2964 3272/3064/2963 3274/3161/2965
f 3269/3063/2960 3273/3066/2964 3275/3067/2966
f 3267/3060/2958 3275/3067/2966 3276/3068/2967
f 3277/3069/2968 3267/3060/2958 3276/3068/2967
f 3278/3070/2969 3265/3058/2956 3277/3069/2968
f 3261/3054/2952 3278/3070/2969 3258/3049/2949
f 3279/3072/2970 3280/3071/2971 3281/3073/2972
f 3279/3072/2970 3282/3074/2973 3283/3076/2974
f 3283/3076/2974 3284/3077/2975 3285/3078/2976
f 3285/3078/2976 3286/3079/2977 3287/3080/2978
f 3287/3080/2978 3288/3081/2979 3289/3082/2980
f 3289/3082/2980 3290/3083/2981 3291/3085/2982
f 3290/3083/2981 3292/3084/2983 3291/3085/2982
f 3293/3087/2984 3294/3086/2985 3292/3084/2983
f 3295/3088/2986 3294/3086/2985 3296/3162/2987
f 3291/3085/2982 3295/3088/2986 3297/3089/2988
f 3289/3082/2980 3297/3089/2988 3298/3090/2989
f 3299/3091/2990 3289/3082/2980 3298/3090/2989
f 3300/3092/2991 3287/3080/2978 3299/3091/2990
f 3283/3076/2974 3300/3092/2991 3280/3071/2971
f 3301/3094/2992 3302/3093/2993 3303/3095/2994
f 3301/3094/2992 3304/3096/2995 3305/3098/2996
f 3305/3098/2996 3306/3099/2997 3307/3101/2998
f 3306/3099/2997 3308/3100/2999 3307/3101/2998
f 3309/3103/3000 3310/3102/3001 3308/3100/2999
f 3311/3105/3002 3312/3107/3003 3310/3102/3001
f 3313/3104/3004 3314/3106/3005 3312/3107/3003
f 3315/3109/3006 3316/3108/3007 3314/3106/3005
f 3317/3110/3008 3316/3108/3007 3318/3163/3009
f 3312/3107/3003 3317/3110/3008 3319/3111/3010
f 3310/3102/3001 3319/3111/3010 3320/3112/3011
f 3308/3100/2999 3320/3112/3011 3321/3113/3012
f 3307/3101/2998 3321/3113/3012 3322/3114/3013
f 3305/3098/2996 3322/3114/3013 3302/3093/2993
f 3323/3116/3014 3324/3115/3015 3325/3117/3016
f 3323/3116/3014 3326/3118/3017 3327/3120/3018
f 3327/3120/3018 3328/3121/3019 3329/3123/3020
f 3328/3121/3019 3330/3122/3021 3329/3123/3020
f 3331/3125/3022 3332/3126/3023 3330/3122/3021
f 3332/3126/3023 3333/3127/3024 3334/3129/3025
f 3333/3127/3024 3335/3128/3026 3334/3129/3025
f 3336/3131/3027 3337/3130/3028 3335/3128/3026
f 3338/3132/3029 3337/3130/3028 3339/3164/3030
f 3334/3129/3025 3338/3132/3029 3340/3133/3031
f 3332/3126/3023 3340/3133/3031 3341/3134/3032
f 3330/3122/3021 3341/3134/3032 3342/3135/3033
f 3329/3123/3020 3342/3135/3033 3343/3136/3034
f 3327/3120/3018 3343/3136/3034 3324/3115/3015
f 3344/3138/3035 3345/3137/3036 3346/3139/3037
f 3344/3138/3035 3347/3140/3038 3348/3142/3039
f 3348/3142/3039 3349/3143/3040 3350/3144/3041
f 3350/3144/3041 3351/3145/3042 3352/3146/3043
f 3352/3146/3043 3353/3147/3044 3354/3148/3045
f 3354/3148/3045 3355/3149/3046 3356/3151/3047
f 3355/3149/3046 3357/3150/3048 3356/3151/3047
f 3358/3153/3049 3359/3152/3050 3357/3150/3048
f 3360/3154/3051 3359/3152/3050 3361/3165/3052
f 3356/3151/3047 3360/3154/3051 3362/3155/3053
f 3354/3148/3045 3362/3155/3053 3363/3156/3054
f 3364/3157/3055 3354/3148/3045 3363/3156/3054
f 3365/3158/3056 3352/3146/3043 3364/3157/3055
f 3348/3142/3039 3365/3158/3056 3345/3137/3036
f 3061/3007/2752 3366/3005/3057 3059/3005/2750
f 3060/3006/2751 3367/3007/2906 3061/3007/2752
f 3060/3006/2751 3368/3009/3058 3369/3006/3059
f 3063/3009/2754 3370/3008/3060 3368/3009/3058
f 3065/3011/2756 3370/3008/3060 3062/3008/2753
f 3067/3013/2758 3371/3011/3061 3065/3011/2756
f 3067/3013/2758 3372/3015/3062 3373/3013/3063
f 3069/3015/2760 3374/3017/3064 3372/3015/3062
f 3071/3017/2762 3375/3021/3065 3374/3017/3064
f 3376/3166/3066 3375/3021/3065 3075/3021/2766
f 3074/3020/2765 3377/3166/3067 3376/3166/3066
f 3074/3020/2765 3378/3159/3068 3379/3020/3069
f 3380/3159/3070 3229/3022/2920 3230/3159/2921
f 3077/3023/2768 3381/3022/3071 3076/3022/2767
f 3078/3024/2769 3382/3023/3072 3077/3023/2768
f 3079/3025/2770 3383/3024/3073 3078/3024/2769
f 3079/3025/2770 3384/3026/3074 3385/3025/3075
f 3080/3026/2771 3366/3005/3057 3384/3026/3074
f 3083/3029/2774 3386/3027/3076 3081/3027/2772
f 3082/3028/2773 3387/3029/2928 3083/3029/2774
f 3082/3028/2773 3388/3031/3077 3389/3028/3078
f 3085/3031/2776 3390/3030/2929 3388/3031/3077
f 3087/3033/2778 3390/3030/2929 3084/3030/2775
f 3089/3035/2780 3391/3033/3079 3087/3033/2778
f 3089/3035/2780 3392/3037/3080 3393/3035/3081
f 3091/3037/2782 3394/3039/3082 3392/3037/3080
f 3093/3039/2784 3395/3043/3083 3394/3039/3082
f 3396/3167/3084 3395/3043/3083 3097/3043/2788
f 3096/3042/2787 3397/3167/3085 3396/3167/3084
f 3096/3042/2787 3398/3160/3086 3399/3042/3087
f 3400/3160/3088 3251/3044/2942 3252/3160/2943
f 3099/3045/2790 3401/3044/3089 3098/3044/2789
f 3100/3046/2791 3402/3045/2944 3099/3045/2790
f 3101/3047/2792 3403/3046/3090 3100/3046/2791
f 3101/3047/2792 3404/3048/3091 3405/3047/3092
f 3102/3048/2793 3386/3027/3076 3404/3048/3091
f 3105/3051/2796 3406/3049/3093 3103/3049/2794
f 3104/3050/2795 3407/3051/2950 3105/3051/2796
f 3104/3050/2795 3408/3053/3094 3409/3050/3095
f 3107/3053/2798 3410/3052/3096 3408/3053/3094
f 3109/3055/2800 3410/3052/3096 3106/3052/2797
f 3111/3057/2802 3411/3055/3097 3109/3055/2800
f 3111/3057/2802 3412/3059/3098 3413/3057/3099
f 3113/3059/2804 3414/3061/3100 3412/3059/3098
f 3115/3061/2806 3415/3065/2962 3414/3061/3100
f 3416/3168/3101 3415/3065/2962 3119/3065/2810
f 3118/3064/2809 3417/3168/3102 3416/3168/3101
f 3118/3064/2809 3418/3161/3103 3419/3064/3104
f 3420/3161/3105 3273/3066/2964 3274/3161/2965
f 3121/3067/2812 3421/3066/3106 3120/3066/2811
f 3122/3068/2813 3422/3067/3107 3121/3067/2812
f 3123/3069/2814 3423/3068/3108 3122/3068/2813
f 3123/3069/2814 3424/3070/3109 3425/3069/2968
f 3124/3070/2815 3406/3049/3093 3424/3070/3109
f 3127/3073/2818 3426/3071/3110 3125/3071/2816
f 3126/3072/2817 3427/3073/2972 3127/3073/2818
f 3126/3072/2817 3428/3075/3111 3429/3072/3112
f 3129/3075/2820 3430/3074/3113 3428/3075/3111
f 3131/3077/2822 3430/3074/3113 3128/3074/2819
f 3133/3079/2824 3431/3077/3114 3131/3077/2822
f 3133/3079/2824 3432/3081/3115 3433/3079/3116
f 3135/3081/2826 3434/3083/2981 3432/3081/3115
f 3137/3083/2828 3435/3087/3117 3434/3083/2981
f 3436/3169/3118 3435/3087/3117 3141/3087/2832
f 3140/3086/2831 3437/3169/3119 3436/3169/3118
f 3140/3086/2831 3438/3162/3120 3439/3086/3121
f 3440/3162/3122 3295/3088/2986 3296/3162/2987
f 3143/3089/2834 3441/3088/2986 3142/3088/2833
f 3144/3090/2835 3442/3089/3123 3143/3089/2834
f 3145/3091/2836 3443/3090/3124 3144/3090/2835
f 3145/3091/2836 3444/3092/2991 3445/3091/3125
f 3146/3092/2837 3426/3071/3110 3444/3092/2991
f 3149/3095/2840 3446/3093/3126 3147/3093/2838
f 3148/3094/2839 3447/3095/3127 3149/3095/2840
f 3148/3094/2839 3448/3097/3128 3449/3094/3129
f 3151/3097/2842 3450/3096/3130 3448/3097/3128
f 3153/3099/2844 3450/3096/3130 3150/3096/2841
f 3157/3103/2848 3451/3099/3131 3153/3099/2844
f 3157/3103/2848 3452/3105/3132 3453/3103/3133
f 3159/3105/2850 3454/3104/3134 3452/3105/3132
f 3158/3104/2849 3455/3109/3135 3454/3104/3134
f 3456/3170/3136 3455/3109/3135 3163/3109/2854
f 3162/3108/2853 3457/3170/3137 3456/3170/3136
f 3162/3108/2853 3458/3163/3009 3459/3108/3138
f 3460/3163/3139 3317/3110/3008 3318/3163/3009
f 3165/3111/2856 3461/3110/3140 3164/3110/2855
f 3166/3112/2857 3462/3111/3141 3165/3111/2856
f 3167/3113/2858 3463/3112/3142 3166/3112/2857
f 3167/3113/2858 3464/3114/3143 3465/3113/3144
f 3168/3114/2859 3446/3093/3126 3464/3114/3143
f 3171/3117/2862 3466/3115/3145 3169/3115/2860
f 3170/3116/2861 3467/3117/3146 3171/3117/2862
f 3170/3116/2861 3468/3119/3147 3469/3116/3148
f 3173/3119/2864 3470/3118/3149 3468/3119/3147
f 3175/3121/2866 3470/3118/3149 3172/3118/2863
f 3179/3125/2870 3471/3121/3150 3175/3121/2866
f 3179/3125/2870 3472/3124/3151 3473/3125/3152
f 3178/3124/2869 3474/3127/3024 3472/3124/3151
f 3181/3127/2872 3475/3131/3153 3474/3127/3024
f 3476/3171/3154 3475/3131/3153 3185/3131/2876
f 3184/3130/2875 3477/3171/3155 3476/3171/3154
f 3184/3130/2875 3478/3164/3030 3479/3130/3156
f 3480/3164/3157 3338/3132/3029 3339/3164/3030
f 3187/3133/2878 3481/3132/3158 3186/3132/2877
f 3188/3134/2879 3482/3133/3159 3187/3133/2878
f 3188/3134/2879 3483/3135/3160 3484/3134/3161
f 3189/3135/2880 3485/3136/3162 3483/3135/3160
f 3190/3136/2881 3466/3115/3145 3485/3136/3162
f 3193/3139/2884 3486/3137/3036 3191/3137/2882
f 3192/3138/2883 3487/3139/3163 3193/3139/2884
f 3192/3138/2883 3488/3141/3164 3489/3138/3165
f 3195/3141/2886 3490/3140/3166 3488/3141/3164
f 3197/3143/2888 3490/3140/3166 3194/3140/2885
f 3199/3145/2890 3491/3143/3167 3197/3143/2888
f 3199/3145/2890 3492/3147/3168 3493/3145/3042
f 3201/3147/2892 3494/3149/3169 3492/3147/3168
f 3203/3149/2894 3495/3153/3049 3494/3149/3169
f 3496/3172/3170 3495/3153/3049 3207/3153/2898
f 3206/3152/2897 3497/3172/3171 3496/3172/3170
f 3206/3152/2897 3498/3165/3172 3499/3152/3173
f 3500/3165/3174 3360/3154/3051 3361/3165/3052
f 3209/3155/2900 3501/3154/3051 3208/3154/2899
f 3210/3156/2901 3502/3155/3175 3209/3155/2900
f 3211/3157/2902 3503/3156/3176 3210/3156/2901
f 3211/3157/2902 3504/3158/3177 3505/3157/3178
f 3212/3158/2903 3486/3137/3036 3504/3158/3177
f 3506/3173/3179 3507/3174/3180 3508/3175/3181
f 3509/3176/3179 3510/3177/3182 3511/3178/3183
f 3512/3179/3184 3513/3180/3185 3507/3174/3180
f 3514/3181/3184 3515/3182/3186 3513/3180/3185
f 3516/3183/3187 3517/3184/3188 3515/3182/3186
f 3518/3185/3189 3517/3184/3188 3519/3186/3187
f 3520/3187/3189 3521/3188/3190 3522/3189/3191
f 3523/3190/3192 3524/3191/3193 3525/3188/3194
f 3526/3192/3193 3527/3193/3195 3521/3188/3190
f 3527/3193/3195 3528/3194/3196 3529/3195/3197
f 3530/3196/3198 3531/3197/3199 3529/3195/3197
f 3531/3197/3199 3532/3198/3200 3533/3199/3201
f 3533/3199/3201 3534/3200/3202 3535/3201/3203
f 3535/3201/3203 3534/3200/3202 3536/3202/3204
f 3537/3203/3205 3538/3204/3206 3539/3205/3207
f 3540/3206/3208 3537/3203/3205 3541/3207/3207
f 3542/3208/3209 3543/3209/3210 3544/3210/3211
f 3545/3211/3212 3535/3201/3203 3537/3203/3205
f 3546/3212/3213 3537/3203/3205 3540/3206/3208
f 3547/3213/3214 3533/3199/3201 3545/3211/3212
f 3548/3214/3215 3545/3211/3212 3546/3212/3213
f 3549/3215/3216 3546/3212/3213 3550/3216/3217
f 3550/3216/3217 3540/3206/3208 3542/3208/3209
f 3549/3215/3216 3551/3217/3218 3552/3218/3219
f 3550/3216/3217 3553/3219/3220 3551/3217/3218
f 3553/3219/3220 3542/3208/3209 3554/3220/3211
f 3551/3217/3218 3555/3221/3221 3556/3222/3222
f 3553/3219/3220 3557/3223/3223 3555/3221/3221
f 3556/3222/3222 3558/3224/3224 3559/3225/3225
f 3558/3224/3224 3555/3221/3221 3560/3226/3223
f 3561/3227/3226 3562/3224/3227 3563/3228/3223
f 3559/3225/3225 3564/3229/3226 3565/3230/3228
f 3566/3231/3229 3567/3232/3230 3559/3225/3225
f 3568/3233/3231 3569/3234/3232 3570/3235/3233
f 3571/3236/3234 3559/3225/3225 3567/3232/3230
f 3572/3237/3235 3567/3232/3230 3568/3233/3231
f 3573/3238/3236 3571/3236/3234 3572/3237/3235
f 3552/3218/3219 3556/3222/3222 3571/3236/3234
f 3573/3238/3236 3549/3215/3216 3552/3218/3219
f 3574/3239/3237 3575/3240/3238 3573/3238/3236
f 3576/3241/3239 3573/3238/3236 3572/3237/3235
f 3577/3242/3240 3575/3240/3238 3578/3243/3241
f 3575/3240/3238 3548/3214/3215 3549/3215/3216
f 3579/3244/3242 3580/3245/3243 3577/3242/3240
f 3580/3245/3243 3547/3213/3214 3548/3214/3215
f 3527/3193/3195 3581/3246/3244 3579/3244/3242
f 3529/3195/3197 3547/3213/3214 3581/3246/3244
f 3521/3188/3190 3579/3244/3242 3522/3189/3191
f 3522/3189/3191 3577/3242/3240 3517/3184/3188
f 3517/3184/3188 3578/3243/3241 3515/3182/3186
f 3513/3180/3185 3578/3243/3241 3574/3239/3237
f 3507/3174/3180 3574/3239/3237 3576/3241/3239
f 3508/3175/3181 3576/3241/3239 3510/3177/3182
f 3510/3177/3182 3572/3237/3235 3568/3233/3231
f 3582/3247/3233 3510/3177/3182 3568/3233/3231
f 3583/3248/3245 3584/3249/3246 3585/3250/3247
f 3586/3251/3248 3587/3252/3249 3585/3250/3247
f 3588/3253/3250 3589/3254/3210 3585/3250/3247
f 3590/3255/3251 3591/3256/3192 3585/3250/3247
f 3592/3257/3252 3593/3258/3253 3585/3250/3247
f 3594/3259/3226 3595/3260/3223 3585/3250/3247
f 3596/3261/3254 3583/3248/3245 3585/3250/3247
f 3597/3262/3255 3590/3255/3251 3585/3250/3247
f 3595/3260/3223 3588/3253/3250 3585/3250/3247
f 3598/3263/3204 3592/3257/3252 3585/3250/3247
f 3587/3252/3249 3594/3259/3226 3585/3250/3247
f 3591/3256/3192 3596/3261/3254 3585/3250/3247
f 3589/3254/3210 3598/3263/3204 3585/3250/3247
f 3584/3249/3246 3586/3251/3248 3585/3250/3247
f 3593/3258/3253 3597/3262/3255 3585/3250/3247
f 945/945/907 1134/1096/1047 984/984/942
f 239/239/239 237/237/237 253/253/253
f 704/704/686 703/703/685 706/706/688
f 1/1/1 4/4/4 2/2/2
f 4/4/4 20/20/20 5/5/5
f 5/5/5 20/20/20 6/6/6
f 7/7/7 6/6/6 8/8/8
f 9/9/9 8/8/8 10/10/10
f 11/11/11 10/10/10 12/12/12
f 13/13/13 12/12/12 14/14/14
f 15/15/15 14/14/14 16/16/16
f 18/18/18 19/19/19 4/4/4
f 19/19/19 21/21/21 20/20/20
f 21/21/21 30/30/30 6/6/6
f 6/6/6 30/30/30 22/22/22
f 8/8/8 22/22/22 23/23/23
f 10/10/10 23/23/23 24/24/24
f 12/12/12 24/24/24 25/25/25
f 14/14/14 25/25/25 26/26/26
f 27/27/27 36/36/36 19/19/19
f 19/19/19 36/36/36 28/28/28
f 21/21/21 28/28/28 29/29/29
f 30/30/30 29/29/29 31/31/31
f 31/31/31 32/32/32 23/23/23
f 32/32/32 41/41/41 24/24/24
f 24/24/24 41/41/41 33/33/33
f 25/25/25 33/33/33 34/34/34
f 35/35/35 45/45/45 36/36/36
f 36/36/36 45/45/45 37/37/37
f 28/28/28 37/37/37 38/38/38
f 38/38/38 49/49/49 31/31/31
f 31/31/31 49/49/49 39/39/39
f 32/32/32 39/39/39 40/40/40
f 41/41/41 40/40/40 42/42/42
f 33/33/33 42/42/42 43/43/43
f 44/44/44 46/46/46 45/45/45
f 46/46/46 47/47/47 37/37/37
f 47/47/47 57/57/57 38/38/38
f 38/38/38 57/57/57 48/48/48
f 49/49/49 48/48/48 50/50/50
f 39/39/39 50/50/50 51/51/51
f 40/40/40 51/51/51 52/52/52
f 42/42/42 52/52/52 53/53/53
f 54/54/54 55/55/55 46/46/46
f 55/55/55 64/64/64 47/47/47
f 47/47/47 64/64/64 56/56/56
f 56/56/56 67/67/67 48/48/48
f 48/48/48 67/67/67 58/58/58
f 50/50/50 58/58/58 59/59/59
f 51/51/51 59/59/59 60/60/60
f 52/52/52 60/60/60 61/61/61
f 62/62/62 63/63/63 55/55/55
f 63/63/63 74/74/74 64/64/64
f 64/64/64 74/74/74 65/65/65
f 56/56/56 65/65/65 66/66/66
f 67/67/67 66/66/66 68/68/68
f 58/58/58 68/68/68 69/69/69
f 59/59/59 69/69/69 70/70/70
f 60/60/60 70/70/70 71/71/71
f 72/72/72 73/73/73 63/63/63
f 73/73/73 83/83/83 74/74/74
f 74/74/74 83/83/83 75/75/75
f 65/65/65 75/75/75 76/76/76
f 66/66/66 76/76/76 77/77/77
f 68/68/68 77/77/77 78/78/78
f 69/69/69 78/78/78 79/79/79
f 70/70/70 79/79/79 80/80/80
f 81/81/81 82/82/82 73/73/73
f 82/82/82 92/92/92 83/83/83
f 83/83/83 92/92/92 84/84/84
f 75/75/75 84/84/84 85/85/85
f 76/76/76 85/85/85 86/86/86
f 77/77/77 86/86/86 87/87/87
f 78/78/78 87/87/87 88/88/88
f 79/79/79 88/88/88 89/89/89
f 90/90/90 100/100/100 82/82/82
f 82/82/82 100/100/100 91/91/91
f 92/92/92 91/91/91 93/93/93
f 84/84/84 93/93/93 94/94/94
f 85/85/85 94/94/94 95/95/95
f 86/86/86 95/95/95 96/96/96
f 87/87/87 96/96/96 97/97/97
f 88/88/88 97/97/97 98/98/98
f 99/99/99 109/109/109 100/100/100
f 100/100/100 109/109/109 101/101/101
f 91/91/91 101/101/101 102/102/102
f 93/93/93 102/102/102 103/103/103
f 94/94/94 103/103/103 104/104/104
f 95/95/95 104/104/104 105/105/105
f 96/96/96 105/105/105 106/106/106
f 97/97/97 106/106/106 107/107/107
f 108/108/108 118/118/118 109/109/109
f 109/109/109 118/118/118 110/110/110
f 101/101/101 110/110/110 111/111/111
f 102/102/102 111/111/111 112/112/112
f 103/103/103 112/112/112 113/113/113
f 104/104/104 113/113/113 114/114/114
f 105/105/105 114/114/114 115/115/115
f 106/106/106 115/115/115 116/116/116
f 108/108/108 126/126/126 117/117/117
f 118/118/118 117/117/117 119/119/119
f 110/110/110 119/119/119 120/120/120
f 111/111/111 120/120/120 121/121/121
f 112/112/112 121/121/121 122/122/122
f 113/113/113 122/122/122 123/123/123
f 114/114/114 123/123/123 124/124/124
f 115/115/115 124/124/124 125/125/125
f 126/126/126 135/135/135 127/127/127
f 117/117/117 127/127/127 128/128/128
f 119/119/119 128/128/128 129/129/129
f 120/120/120 129/129/129 130/130/130
f 121/121/121 130/130/130 131/131/131
f 122/122/122 131/131/131 132/132/132
f 123/123/123 132/132/132 133/133/133
f 124/124/124 133/133/133 134/134/134
f 135/135/135 144/144/144 136/136/136
f 127/127/127 136/136/136 137/137/137
f 128/128/128 137/137/137 138/138/138
f 129/129/129 138/138/138 139/139/139
f 130/130/130 139/139/139 140/140/140
f 131/131/131 140/140/140 141/141/141
f 132/132/132 141/141/141 142/142/142
f 133/133/133 142/142/142 143/143/143
f 144/144/144 153/153/153 145/145/145
f 136/136/136 145/145/145 146/146/146
f 137/137/137 146/146/146 147/147/147
f 138/138/138 147/147/147 148/148/148
f 139/139/139 148/148/148 149/149/149
f 140/140/140 149/149/149 150/150/150
f 141/141/141 150/150/150 151/151/151
f 142/142/142 151/151/151 152/152/152
f 153/153/153 162/162/162 154/154/154
f 145/145/145 154/154/154 155/155/155
f 146/146/146 155/155/155 156/156/156
f 147/147/147 156/156/156 157/157/157
f 148/148/148 157/157/157 158/158/158
f 149/149/149 158/158/158 159/159/159
f 150/150/150 159/159/159 160/160/160
f 151/151/151 160/160/160 161/161/161
f 162/162/162 171/171/171 163/163/163
f 154/154/154 163/163/163 164/164/164
f 155/155/155 164/164/164 165/165/165
f 156/156/156 165/165/165 166/166/166
f 157/157/157 166/166/166 167/167/167
f 158/158/158 167/167/167 168/168/168
f 159/159/159 168/168/168 169/169/169
f 160/160/160 169/169/169 170/170/170
f 171/171/171 181/181/181 172/172/172
f 163/163/163 172/172/172 173/173/173
f 164/164/164 173/173/173 174/174/174
f 165/165/165 174/174/174 175/175/175
f 166/166/166 175/175/175 176/176/176
f 167/167/167 176/176/176 177/177/177
f 168/168/168 177/177/177 178/178/178
f 169/169/169 178/178/178 179/179/179
f 180/180/180 182/182/182 172/172/172
f 182/182/182 183/183/183 173/173/173
f 183/183/183 184/184/184 174/174/174
f 184/184/184 185/185/185 175/175/175
f 185/185/185 186/186/186 176/176/176
f 186/186/186 187/187/187 177/177/177
f 187/187/187 188/188/188 178/178/178
f 188/188/188 197/197/197 179/179/179
f 189/189/189 190/190/190 182/182/182
f 190/190/190 191/191/191 183/183/183
f 191/191/191 192/192/192 184/184/184
f 192/192/192 193/193/193 185/185/185
f 193/193/193 194/194/194 186/186/186
f 194/194/194 195/195/195 187/187/187
f 195/195/195 196/196/196 188/188/188
f 196/196/196 206/206/206 197/197/197
f 198/198/198 199/199/199 190/190/190
f 199/199/199 200/200/200 191/191/191
f 200/200/200 201/201/201 192/192/192
f 201/201/201 202/202/202 193/193/193
f 202/202/202 203/203/203 194/194/194
f 203/203/203 204/204/204 195/195/195
f 204/204/204 205/205/205 196/196/196
f 205/205/205 215/215/215 206/206/206
f 207/207/207 208/208/208 199/199/199
f 208/208/208 209/209/209 200/200/200
f 209/209/209 210/210/210 201/201/201
f 210/210/210 211/211/211 202/202/202
f 211/211/211 212/212/212 203/203/203
f 212/212/212 213/213/213 204/204/204
f 213/213/213 214/214/214 205/205/205
f 214/214/214 223/223/223 215/215/215
f 216/216/216 217/217/217 208/208/208
f 217/217/217 226/226/226 209/209/209
f 209/209/209 226/226/226 218/218/218
f 210/210/210 218/218/218 219/219/219
f 211/211/211 219/219/219 220/220/220
f 220/220/220 221/221/221 213/213/213
f 221/221/221 222/222/222 214/214/214
f 222/222/222 233/233/233 223/223/223
f 216/216/216 3599/3264/672 224/224/224
f 217/217/217 224/224/224 225/225/225
f 226/226/226 225/225/225 227/227/227
f 218/218/218 227/227/227 228/228/228
f 219/219/219 228/228/228 229/229/229
f 220/220/220 229/229/229 230/230/230
f 221/221/221 230/230/230 231/231/231
f 222/222/222 231/231/231 232/232/232
f 234/234/234 250/250/250 235/235/235
f 235/235/235 250/250/250 237/237/237
f 239/239/239 253/253/253 240/240/240
f 241/241/241 240/240/240 242/242/242
f 242/242/242 257/257/257 244/244/244
f 244/244/244 257/257/257 245/245/245
f 246/246/246 245/245/245 247/247/247
f 249/249/249 251/251/251 250/250/250
f 251/251/251 252/252/252 237/237/237
f 252/252/252 263/263/263 253/253/253
f 253/253/253 263/263/263 254/254/254
f 240/240/240 254/254/254 255/255/255
f 242/242/242 255/255/255 256/256/256
f 257/257/257 256/256/256 258/258/258
f 245/245/245 258/258/258 259/259/259
f 260/260/260 261/261/261 251/251/251
f 261/261/261 262/262/262 252/252/252
f 262/262/262 272/272/272 263/263/263
f 263/263/263 272/272/272 264/264/264
f 254/254/254 264/264/264 265/265/265
f 255/255/255 265/265/265 266/266/266
f 256/256/256 266/266/266 267/267/267
f 258/258/258 267/267/267 268/268/268
f 269/269/269 270/270/270 261/261/261
f 270/270/270 271/271/271 262/262/262
f 271/271/271 281/281/281 272/272/272
f 272/272/272 281/281/281 273/273/273
f 264/264/264 273/273/273 274/274/274
f 265/265/265 274/274/274 275/275/275
f 266/266/266 275/275/275 276/276/276
f 267/267/267 276/276/276 277/277/277
f 278/278/278 279/279/279 270/270/270
f 279/279/279 280/280/280 271/271/271
f 280/280/280 290/290/290 281/281/281
f 281/281/281 290/290/290 282/282/282
f 273/273/273 282/282/282 283/283/283
f 274/274/274 283/283/283 284/284/284
f 275/275/275 284/284/284 285/285/285
f 276/276/276 285/285/285 286/286/286
f 287/287/287 288/288/288 279/279/279
f 288/288/288 289/289/289 280/280/280
f 289/289/289 299/299/299 290/290/290
f 290/290/290 299/299/299 291/291/291
f 282/282/282 291/291/291 292/292/292
f 283/283/283 292/292/292 293/293/293
f 284/284/284 293/293/293 294/294/294
f 285/285/285 294/294/294 295/295/295
f 296/296/296 297/297/297 288/288/288
f 297/297/297 298/298/298 289/289/289
f 298/298/298 308/308/308 299/299/299
f 299/299/299 308/308/308 300/300/300
f 291/291/291 300/300/300 301/301/301
f 292/292/292 301/301/301 302/302/302
f 293/293/293 302/302/302 303/303/303
f 294/294/294 303/303/303 304/304/304
f 305/305/305 306/306/306 297/297/297
f 306/306/306 316/316/316 298/298/298
f 298/298/298 316/316/316 307/307/307
f 308/308/308 307/307/307 309/309/309
f 300/300/300 309/309/309 310/310/310
f 301/301/301 310/310/310 311/311/311
f 302/302/302 311/311/311 312/312/312
f 303/303/303 312/312/312 313/313/313
f 314/314/314 315/315/315 306/306/306
f 315/315/315 325/325/325 316/316/316
f 316/316/316 325/325/325 317/317/317
f 307/307/307 317/317/317 318/318/318
f 309/309/309 318/318/318 319/319/319
f 310/310/310 319/319/319 320/320/320
f 311/311/311 320/320/320 321/321/321
f 312/312/312 321/321/321 322/322/322
f 323/323/323 333/333/333 315/315/315
f 315/315/315 333/333/333 324/324/324
f 325/325/325 324/324/324 326/326/326
f 317/317/317 326/326/326 327/327/327
f 318/318/318 327/327/327 328/328/328
f 319/319/319 328/328/328 329/329/329
f 320/320/320 329/329/329 330/330/330
f 321/321/321 330/330/330 331/331/331
f 323/323/323 341/341/341 332/332/332
f 333/333/333 332/332/332 334/334/334
f 324/324/324 334/334/334 335/335/335
f 326/326/326 335/335/335 336/336/336
f 327/327/327 336/336/336 337/337/337
f 328/328/328 337/337/337 338/338/338
f 329/329/329 338/338/338 339/339/339
f 330/330/330 339/339/339 340/340/340
f 341/341/341 350/350/350 342/342/342
f 332/332/332 342/342/342 343/343/343
f 334/334/334 343/343/343 344/344/344
f 335/335/335 344/344/344 345/345/345
f 336/336/336 345/345/345 346/346/346
f 337/337/337 346/346/346 347/347/347
f 338/338/338 347/347/347 348/348/348
f 339/339/339 348/348/348 349/349/349
f 350/350/350 359/359/359 351/351/351
f 342/342/342 351/351/351 352/352/352
f 343/343/343 352/352/352 353/353/353
f 344/344/344 353/353/353 354/354/354
f 345/345/345 354/354/354 355/355/355
f 346/346/346 355/355/355 356/356/356
f 347/347/347 356/356/356 357/357/357
f 348/348/348 357/357/357 358/358/358
f 359/359/359 367/367/367 360/360/360
f 351/351/351 360/360/360 361/361/361
f 352/352/352 361/361/361 362/362/362
f 353/353/353 362/362/362 363/363/363
f 354/354/354 363/363/363 364/364/364
f 355/355/355 364/364/364 365/365/365
f 365/365/365 375/375/375 357/357/357
f 357/357/357 375/375/375 366/366/366
f 367/367/367 376/376/376 368/368/368
f 360/360/360 368/368/368 369/369/369
f 361/361/361 369/369/369 370/370/370
f 362/362/362 370/370/370 371/371/371
f 363/363/363 371/371/371 372/372/372
f 364/364/364 372/372/372 373/373/373
f 365/365/365 373/373/373 374/374/374
f 374/374/374 384/384/384 366/366/366
f 376/376/376 385/385/385 377/377/377
f 368/368/368 377/377/377 378/378/378
f 369/369/369 378/378/378 379/379/379
f 370/370/370 379/379/379 380/380/380
f 371/371/371 380/380/380 381/381/381
f 372/372/372 381/381/381 382/382/382
f 373/373/373 382/382/382 383/383/383
f 383/383/383 394/394/394 384/384/384
f 385/385/385 395/395/395 386/386/386
f 377/377/377 386/386/386 387/387/387
f 378/378/378 387/387/387 388/388/388
f 379/379/379 388/388/388 389/389/389
f 380/380/380 389/389/389 390/390/390
f 381/381/381 390/390/390 391/391/391
f 382/382/382 391/391/391 392/392/392
f 383/383/383 392/392/392 393/393/393
f 395/395/395 404/404/404 396/396/396
f 386/386/386 396/396/396 397/397/397
f 387/387/387 397/397/397 398/398/398
f 388/388/388 398/398/398 399/399/399
f 389/389/389 399/399/399 400/400/400
f 390/390/390 400/400/400 401/401/401
f 391/391/391 401/401/401 402/402/402
f 392/392/392 402/402/402 403/403/403
f 404/404/404 414/414/181 405/405/405
f 396/396/396 405/405/405 406/406/406
f 397/397/397 406/406/406 407/407/407
f 398/398/398 407/407/407 408/408/408
f 399/399/399 408/408/408 409/409/409
f 400/400/400 409/409/409 410/410/410
f 401/401/401 410/410/410 411/411/411
f 402/402/402 411/411/411 412/412/412
f 413/413/413 415/415/414 405/405/405
f 415/415/414 416/416/415 406/406/406
f 416/416/415 417/417/416 407/407/407
f 417/417/416 418/418/417 408/408/408
f 418/418/417 419/419/418 409/409/409
f 419/419/418 420/420/419 410/410/410
f 420/420/419 421/421/420 411/411/411
f 421/421/420 430/430/429 412/412/412
f 422/422/421 423/423/422 415/415/414
f 423/423/422 424/424/423 416/416/415
f 424/424/423 425/425/424 417/417/416
f 425/425/424 426/426/425 418/418/417
f 426/426/425 427/427/426 419/419/418
f 427/427/426 428/428/427 420/420/419
f 428/428/427 438/438/437 421/421/420
f 421/421/420 438/438/437 429/429/428
f 431/431/430 432/432/431 423/423/422
f 432/432/431 433/433/432 424/424/423
f 433/433/432 434/434/433 425/425/424
f 434/434/433 444/444/443 426/426/425
f 426/426/425 444/444/443 435/435/434
f 427/427/426 435/435/434 436/436/435
f 428/428/427 436/436/435 437/437/436
f 438/438/437 437/437/436 439/439/438
f 440/440/439 441/441/440 432/432/431
f 441/441/440 442/442/441 433/433/432
f 442/442/441 452/452/451 434/434/433
f 434/434/433 452/452/451 443/443/442
f 444/444/443 443/443/442 445/445/444
f 435/435/434 445/445/444 446/446/445
f 436/436/435 446/446/445 447/447/446
f 437/437/436 447/447/446 448/448/447
f 449/449/448 450/450/449 441/441/440
f 450/450/449 451/451/450 442/442/441
f 451/451/450 461/461/460 452/452/451
f 452/452/451 461/461/460 453/453/452
f 443/443/442 453/453/452 454/454/453
f 445/445/444 454/454/453 455/455/454
f 446/446/445 455/455/454 456/456/455
f 447/447/446 456/456/455 457/457/456
f 458/458/457 459/459/458 450/450/449
f 459/459/458 460/460/459 451/451/450
f 460/460/459 462/462/461 461/461/460
f 462/462/461 3600/3265/3256 453/453/452
f 453/453/452 3600/3265/3256 463/463/462
f 454/454/453 463/463/462 464/464/463
f 455/455/454 464/464/463 465/465/464
f 456/456/455 465/465/464 466/466/465
f 467/467/466 471/471/470 468/468/467
f 470/470/469 473/473/472 471/471/470
f 470/470/469 475/475/474 472/472/471
f 474/474/473 477/477/476 472/472/471
f 474/474/473 478/478/477 476/476/475
f 478/478/477 480/480/479 479/479/478
f 480/480/479 482/482/481 481/481/480
f 482/482/481 1253/1215/248 483/483/482
f 471/471/470 485/485/483 484/484/249
f 473/473/472 486/486/484 485/485/483
f 472/472/471 488/488/486 486/486/484
f 472/472/471 477/477/476 487/487/485
f 477/477/476 476/476/475 489/489/487
f 476/476/475 479/479/478 490/490/488
f 479/479/478 481/481/480 491/491/489
f 481/481/480 483/483/482 492/492/259
f 485/485/483 495/495/492 493/493/490
f 485/485/483 486/486/484 494/494/491
f 486/486/484 488/488/486 496/496/493
f 488/488/486 487/487/485 497/497/494
f 489/489/487 498/498/495 497/497/494
f 490/490/488 499/499/496 498/498/495
f 491/491/489 501/501/498 499/499/496
f 491/491/489 492/492/259 500/500/497
f 495/495/492 504/504/501 502/502/499
f 495/495/492 494/494/491 503/503/500
f 494/494/491 496/496/493 505/505/502
f 497/497/494 507/507/504 505/505/502
f 497/497/494 498/498/495 506/506/503
f 498/498/495 499/499/496 508/508/505
f 499/499/496 501/501/498 509/509/506
f 500/500/497 3601/3266/3257 509/509/506
f 504/504/501 512/512/508 510/510/278
f 504/504/501 503/503/500 511/511/507
f 503/503/500 505/505/502 513/513/509
f 505/505/502 507/507/504 514/514/510
f 507/507/504 506/506/503 515/515/511
f 506/506/503 508/508/505 516/516/512
f 508/508/505 509/509/506 517/517/513
f 509/509/506 3601/3266/3257 518/518/514
f 512/512/508 520/520/515 519/519/287
f 511/511/507 522/522/517 520/520/515
f 511/511/507 513/513/509 521/521/516
f 513/513/509 514/514/510 523/523/518
f 514/514/510 515/515/511 524/524/519
f 515/515/511 516/516/512 525/525/520
f 516/516/512 517/517/513 526/526/521
f 517/517/513 518/518/514 527/527/522
f 520/520/515 529/529/523 528/528/296
f 522/522/517 531/531/525 529/529/523
f 522/522/517 521/521/516 530/530/524
f 521/521/516 523/523/518 532/532/526
f 523/523/518 524/524/519 533/533/527
f 524/524/519 525/525/520 534/534/528
f 525/525/520 526/526/521 535/535/529
f 526/526/521 527/527/522 536/536/304
f 529/529/523 538/538/531 537/537/530
f 531/531/525 540/540/533 538/538/531
f 531/531/525 530/530/524 539/539/532
f 530/530/524 532/532/526 541/541/534
f 532/532/526 533/533/527 542/542/535
f 533/533/527 534/534/528 543/543/536
f 534/534/528 535/535/529 544/544/537
f 535/535/529 536/536/304 545/545/313
f 538/538/531 547/547/539 546/546/538
f 540/540/533 549/549/541 547/547/539
f 540/540/533 539/539/532 548/548/540
f 539/539/532 541/541/534 550/550/542
f 541/541/534 542/542/535 551/551/543
f 542/542/535 543/543/536 552/552/544
f 543/543/536 544/544/537 553/553/545
f 544/544/537 545/545/313 554/554/546
f 547/547/539 556/556/548 555/555/547
f 549/549/541 558/558/550 556/556/548
f 549/549/541 548/548/540 557/557/549
f 548/548/540 550/550/542 559/559/551
f 550/550/542 551/551/543 560/560/552
f 551/551/543 552/552/544 561/561/553
f 552/552/544 553/553/545 562/562/554
f 553/553/545 554/554/546 563/563/555
f 556/556/548 566/566/558 564/564/556
f 556/556/548 558/558/550 565/565/557
f 558/558/550 557/557/549 567/567/559
f 557/557/549 559/559/551 568/568/560
f 559/559/551 560/560/552 569/569/561
f 560/560/552 561/561/553 570/570/562
f 561/561/553 562/562/554 571/571/563
f 562/562/554 563/563/555 572/572/340
f 566/566/558 575/575/566 573/573/564
f 566/566/558 565/565/557 574/574/565
f 565/565/557 567/567/559 576/576/567
f 567/567/559 568/568/560 577/577/568
f 568/568/560 569/569/561 578/578/569
f 569/569/561 570/570/562 579/579/570
f 570/570/562 571/571/563 580/580/571
f 571/571/563 572/572/340 581/581/572
f 573/573/564 575/575/566 582/582/573
f 575/575/566 574/574/565 584/584/575
f 574/574/565 576/576/567 585/585/576
f 576/576/567 577/577/568 586/586/577
f 577/577/568 578/578/569 587/587/578
f 578/578/569 579/579/570 588/588/579
f 579/579/570 580/580/571 589/589/580
f 580/580/571 581/581/572 590/590/581
f 583/583/574 582/582/573 591/591/582
f 582/582/573 584/584/575 593/593/584
f 584/584/575 585/585/576 594/594/585
f 585/585/576 586/586/577 595/595/586
f 586/586/577 587/587/578 596/596/587
f 587/587/578 588/588/579 597/597/588
f 588/588/579 589/589/580 598/598/589
f 589/589/580 590/590/581 599/599/590
f 592/592/583 591/591/582 600/600/591
f 591/591/582 593/593/584 602/602/593
f 593/593/584 594/594/585 603/603/594
f 594/594/585 595/595/586 604/604/595
f 595/595/586 596/596/587 605/605/596
f 596/596/587 597/597/588 606/606/597
f 597/597/588 598/598/589 607/607/598
f 598/598/589 599/599/590 608/608/384
f 601/601/592 600/600/591 609/609/599
f 600/600/591 602/602/593 611/611/601
f 602/602/593 603/603/594 612/612/602
f 603/603/594 604/604/595 613/613/603
f 604/604/595 605/605/596 614/614/604
f 605/605/596 606/606/597 615/615/605
f 606/606/597 607/607/598 616/616/606
f 607/607/598 608/608/384 617/617/394
f 610/610/600 609/609/599 618/618/607
f 609/609/599 611/611/601 620/620/609
f 611/611/601 612/612/602 621/621/610
f 612/612/602 613/613/603 622/622/611
f 613/613/603 614/614/604 623/623/612
f 614/614/604 615/615/605 624/624/613
f 615/615/605 616/616/606 625/625/614
f 616/616/606 617/617/394 626/626/393
f 619/619/608 618/618/607 627/627/615
f 618/618/607 620/620/609 629/629/617
f 620/620/609 621/621/610 630/630/618
f 621/621/610 622/622/611 631/631/619
f 622/622/611 623/623/612 632/632/620
f 623/623/612 624/624/613 633/633/621
f 624/624/613 625/625/614 634/634/622
f 625/625/614 626/626/393 635/635/623
f 628/628/616 627/627/615 636/636/624
f 627/627/615 629/629/617 638/638/625
f 629/629/617 630/630/618 639/639/626
f 630/630/618 631/631/619 640/640/627
f 631/631/619 632/632/620 641/641/628
f 632/632/620 633/633/621 642/642/629
f 633/633/621 634/634/622 643/643/630
f 634/634/622 635/635/623 644/644/631
f 636/636/624 646/646/633 645/645/632
f 638/638/625 647/647/634 646/646/633
f 639/639/626 648/648/635 647/647/634
f 640/640/627 649/649/636 648/648/635
f 641/641/628 650/650/637 649/649/636
f 642/642/629 651/651/638 650/650/637
f 643/643/630 652/652/639 651/651/638
f 644/644/631 660/660/429 652/652/639
f 646/646/633 654/654/641 653/653/640
f 647/647/634 655/655/642 654/654/641
f 648/648/635 656/656/643 655/655/642
f 649/649/636 657/657/644 656/656/643
f 650/650/637 658/658/645 657/657/644
f 651/651/638 659/659/646 658/658/645
f 652/652/639 661/661/647 659/659/646
f 660/660/429 669/669/428 661/661/647
f 654/654/641 663/663/649 662/662/648
f 655/655/642 664/664/650 663/663/649
f 656/656/643 665/665/651 664/664/650
f 657/657/644 666/666/652 665/665/651
f 658/658/645 667/667/653 666/666/652
f 659/659/646 668/668/654 667/667/653
f 661/661/647 670/670/655 668/668/654
f 669/669/428 678/678/662 670/670/655
f 663/663/649 672/672/656 671/671/207
f 664/664/650 673/673/657 672/672/656
f 665/665/651 674/674/658 673/673/657
f 666/666/652 675/675/659 674/674/658
f 667/667/653 676/676/660 675/675/659
f 668/668/654 677/677/661 676/676/660
f 670/670/655 679/679/663 677/677/661
f 678/678/662 687/687/670 679/679/663
f 672/672/656 681/681/664 680/680/216
f 673/673/657 682/682/665 681/681/664
f 674/674/658 683/683/666 682/682/665
f 675/675/659 684/684/667 683/683/666
f 676/676/660 685/685/668 684/684/667
f 677/677/661 686/686/669 685/685/668
f 679/679/663 688/688/671 686/686/669
f 687/687/670 696/696/679 688/688/671
f 681/681/664 690/690/673 689/689/672
f 682/682/665 691/691/674 690/690/673
f 683/683/666 692/692/675 691/691/674
f 684/684/667 693/693/676 692/692/675
f 685/685/668 694/694/677 693/693/676
f 686/686/669 695/695/678 694/694/677
f 688/688/671 697/697/680 695/695/678
f 696/696/679 3602/3267/898 697/697/680
f 698/698/681 702/702/684 699/699/682
f 701/701/683 704/704/686 702/702/684
f 703/703/685 707/707/689 705/705/687
f 707/707/689 709/709/691 708/708/690
f 709/709/691 711/711/693 710/710/692
f 711/711/693 714/714/696 712/712/694
f 713/713/695 723/723/704 712/712/694
f 702/702/684 716/716/697 715/715/18
f 704/704/686 717/717/698 716/716/697
f 706/706/688 719/719/700 717/717/698
f 706/706/688 705/705/687 718/718/699
f 705/705/687 708/708/690 720/720/701
f 708/708/690 710/710/692 721/721/702
f 710/710/692 712/712/694 722/722/703
f 723/723/704 3603/3268/3258 722/722/703
f 716/716/697 725/725/706 724/724/705
f 717/717/698 726/726/707 725/725/706
f 719/719/700 727/727/708 726/726/707
f 718/718/699 729/729/710 727/727/708
f 718/718/699 720/720/701 728/728/709
f 720/720/701 721/721/702 730/730/711
f 721/721/702 722/722/703 731/731/712
f 722/722/703 3603/3268/3258 732/732/34
f 725/725/706 734/734/714 733/733/713
f 726/726/707 735/735/715 734/734/714
f 727/727/708 737/737/717 735/735/715
f 727/727/708 729/729/710 736/736/716
f 729/729/710 728/728/709 738/738/718
f 728/728/709 730/730/711 739/739/719
f 730/730/711 731/731/712 740/740/720
f 731/731/712 732/732/34 741/741/721
f 734/734/714 743/743/723 742/742/722
f 735/735/715 744/744/724 743/743/723
f 737/737/717 746/746/726 744/744/724
f 737/737/717 736/736/716 745/745/725
f 736/736/716 738/738/718 747/747/727
f 738/738/718 739/739/719 748/748/728
f 739/739/719 740/740/720 749/749/729
f 740/740/720 741/741/721 750/750/730
f 743/743/723 752/752/731 751/751/54
f 744/744/724 753/753/732 752/752/731
f 746/746/726 755/755/734 753/753/732
f 746/746/726 745/745/725 754/754/733
f 745/745/725 747/747/727 756/756/735
f 747/747/727 748/748/728 757/757/736
f 748/748/728 749/749/729 758/758/737
f 749/749/729 750/750/730 759/759/738
f 752/752/731 761/761/740 760/760/739
f 753/753/732 762/762/741 761/761/740
f 755/755/734 764/764/743 762/762/741
f 755/755/734 754/754/733 763/763/742
f 754/754/733 756/756/735 765/765/744
f 756/756/735 757/757/736 766/766/745
f 757/757/736 758/758/737 767/767/746
f 758/758/737 759/759/738 768/768/71
f 761/761/740 770/770/748 769/769/747
f 762/762/741 772/772/750 770/770/748
f 762/762/741 764/764/743 771/771/749
f 764/764/743 763/763/742 773/773/751
f 763/763/742 765/765/744 774/774/752
f 765/765/744 766/766/745 775/775/753
f 766/766/745 767/767/746 776/776/754
f 767/767/746 768/768/71 777/777/80
f 770/770/748 779/779/756 778/778/755
f 772/772/750 781/781/758 779/779/756
f 772/772/750 771/771/749 780/780/757
f 771/771/749 773/773/751 782/782/759
f 773/773/751 774/774/752 783/783/760
f 774/774/752 775/775/753 784/784/761
f 775/775/753 776/776/754 785/785/762
f 776/776/754 777/777/80 786/786/763
f 779/779/756 789/789/766 787/787/764
f 779/779/756 781/781/758 788/788/765
f 781/781/758 780/780/757 790/790/767
f 780/780/757 782/782/759 791/791/768
f 782/782/759 783/783/760 792/792/769
f 783/783/760 784/784/761 793/793/770
f 784/784/761 785/785/762 794/794/771
f 785/785/762 786/786/763 795/795/772
f 787/787/764 789/789/766 796/796/773
f 789/789/766 788/788/765 798/798/774
f 788/788/765 790/790/767 799/799/775
f 790/790/767 791/791/768 800/800/776
f 791/791/768 792/792/769 801/801/777
f 792/792/769 793/793/770 802/802/778
f 793/793/770 794/794/771 803/803/779
f 794/794/771 795/795/772 804/804/780
f 797/797/99 796/796/773 805/805/781
f 796/796/773 798/798/774 807/807/783
f 798/798/774 799/799/775 808/808/784
f 799/799/775 800/800/776 809/809/785
f 800/800/776 801/801/777 810/810/786
f 801/801/777 802/802/778 811/811/787
f 802/802/778 803/803/779 812/812/788
f 803/803/779 804/804/780 813/813/789
f 806/806/782 805/805/781 814/814/790
f 805/805/781 807/807/783 816/816/791
f 807/807/783 808/808/784 817/817/792
f 808/808/784 809/809/785 818/818/793
f 809/809/785 810/810/786 819/819/794
f 810/810/786 811/811/787 820/820/795
f 811/811/787 812/812/788 821/821/796
f 812/812/788 813/813/789 822/822/125
f 815/815/126 814/814/790 823/823/797
f 814/814/790 816/816/791 825/825/799
f 816/816/791 817/817/792 826/826/800
f 817/817/792 818/818/793 827/827/801
f 818/818/793 819/819/794 828/828/802
f 819/819/794 820/820/795 829/829/803
f 820/820/795 821/821/796 830/830/804
f 821/821/796 822/822/125 831/831/805
f 824/824/798 823/823/797 832/832/806
f 823/823/797 825/825/799 834/834/808
f 825/825/799 826/826/800 835/835/809
f 826/826/800 827/827/801 836/836/810
f 827/827/801 828/828/802 837/837/811
f 828/828/802 829/829/803 838/838/812
f 829/829/803 830/830/804 839/839/813
f 831/831/805 848/848/822 839/839/813
f 833/833/807 832/832/806 840/840/814
f 832/832/806 834/834/808 842/842/816
f 834/834/808 835/835/809 843/843/817
f 835/835/809 836/836/810 844/844/818
f 836/836/810 837/837/811 845/845/819
f 837/837/811 838/838/812 846/846/820
f 838/838/812 839/839/813 847/847/821
f 848/848/822 857/857/831 847/847/821
f 841/841/815 840/840/814 849/849/823
f 840/840/814 842/842/816 851/851/825
f 842/842/816 843/843/817 852/852/826
f 843/843/817 844/844/818 853/853/827
f 844/844/818 845/845/819 854/854/828
f 845/845/819 846/846/820 855/855/829
f 846/846/820 847/847/821 856/856/830
f 857/857/831 3604/3269/3259 856/856/830
f 850/850/824 849/849/823 858/858/832
f 849/849/823 851/851/825 860/860/834
f 851/851/825 852/852/826 861/861/835
f 852/852/826 853/853/827 862/862/836
f 853/853/827 854/854/828 863/863/837
f 854/854/828 855/855/829 864/864/838
f 855/855/829 856/856/830 865/865/839
f 856/856/830 3604/3269/3259 866/866/840
f 859/859/833 858/858/832 867/867/841
f 858/858/832 860/860/834 869/869/843
f 860/860/834 861/861/835 870/870/844
f 861/861/835 862/862/836 871/871/845
f 862/862/836 863/863/837 872/872/846
f 863/863/837 864/864/838 873/873/847
f 864/864/838 865/865/839 874/874/848
f 865/865/839 866/866/840 875/875/179
f 867/867/841 877/877/849 876/876/413
f 869/869/843 878/878/850 877/877/849
f 870/870/844 879/879/851 878/878/850
f 871/871/845 880/880/852 879/879/851
f 872/872/846 881/881/853 880/880/852
f 873/873/847 882/882/854 881/881/853
f 874/874/848 883/883/855 882/882/854
f 875/875/179 3605/3270/3260 883/883/855
f 877/877/849 885/885/857 884/884/856
f 878/878/850 886/886/858 885/885/857
f 879/879/851 887/887/859 886/886/858
f 880/880/852 888/888/860 887/887/859
f 881/881/853 889/889/861 888/888/860
f 882/882/854 890/890/862 889/889/861
f 883/883/855 892/892/864 890/890/862
f 883/883/855 3605/3270/3260 891/891/863
f 885/885/857 894/894/865 893/893/430
f 886/886/858 895/895/866 894/894/865
f 887/887/859 896/896/867 895/895/866
f 888/888/860 897/897/868 896/896/867
f 889/889/861 899/899/870 897/897/868
f 889/889/861 890/890/862 898/898/869
f 890/890/862 892/892/864 900/900/871
f 892/892/864 891/891/863 901/901/872
f 894/894/865 903/903/873 902/902/439
f 895/895/866 904/904/874 903/903/873
f 896/896/867 906/906/876 904/904/874
f 896/896/867 897/897/868 905/905/875
f 897/897/868 899/899/870 907/907/877
f 899/899/870 898/898/869 908/908/878
f 898/898/869 900/900/871 909/909/879
f 900/900/871 901/901/872 910/910/880
f 903/903/873 912/912/881 911/911/448
f 904/904/874 914/914/883 912/912/881
f 904/904/874 906/906/876 913/913/882
f 906/906/876 905/905/875 915/915/884
f 905/905/875 907/907/877 916/916/885
f 907/907/877 908/908/878 917/917/886
f 908/908/878 909/909/879 918/918/887
f 909/909/879 910/910/880 919/919/888
f 911/911/448 912/912/881 920/920/889
f 912/912/881 914/914/883 922/922/890
f 914/914/883 913/913/882 923/923/891
f 913/913/882 915/915/884 924/924/892
f 915/915/884 916/916/885 925/925/893
f 916/916/885 917/917/886 926/926/894
f 917/917/886 918/918/887 927/927/895
f 918/918/887 919/919/888 928/928/232
f 929/929/896 932/932/899 930/930/897
f 932/932/899 1001/1001/959 933/933/900
f 933/933/900 1001/1001/959 934/934/901
f 935/935/677 934/934/901 936/936/902
f 937/937/676 936/936/902 938/938/903
f 939/939/675 938/938/903 940/940/904
f 941/941/905 940/940/904 942/942/906
f 942/942/906 945/945/907 944/944/672
f 945/945/907 947/947/909 946/946/908
f 947/947/909 949/949/910 948/948/225
f 949/949/910 951/951/911 950/950/227
f 951/951/911 973/973/931 952/952/228
f 952/952/228 973/973/931 953/953/912
f 954/954/913 953/953/912 955/955/914
f 955/955/914 958/958/916 957/957/231
f 958/958/916 961/961/919 959/959/917
f 960/960/918 1136/1098/1049 961/961/919
f 962/962/920 1102/1087/1037 963/963/921
f 965/965/923 1102/1087/1037 962/962/920
f 967/967/925 965/965/923 966/966/924
f 969/969/927 970/970/928 955/955/914
f 970/970/928 960/960/918 958/958/916
f 971/971/929 967/967/925 968/968/926
f 973/973/931 975/975/933 969/969/927
f 974/974/932 977/977/935 971/971/929
f 951/951/911 1135/1097/1048 975/975/933
f 976/976/934 1112/1089/1040 977/977/935
f 978/978/936 1112/1089/1040 976/976/934
f 980/980/938 981/981/939 949/949/910
f 981/981/939 1135/1097/1048 951/951/911
f 982/982/940 978/978/936 979/979/937
f 984/984/942 980/980/938 947/947/909
f 985/985/943 982/982/940 983/983/941
f 987/987/945 989/989/947 985/985/943
f 988/988/946 1114/1090/1041 989/989/947
f 938/938/903 1133/1095/1046 990/990/948
f 990/990/948 1134/1096/1047 942/942/906
f 991/991/949 1114/1090/1041 988/988/946
f 993/993/951 1133/1095/1046 938/938/903
f 994/994/952 991/991/949 992/992/950
f 996/996/954 993/993/951 936/936/902
f 997/997/955 999/999/957 994/994/952
f 998/998/956 1003/1003/961 999/999/957
f 932/932/899 1004/1004/962 1000/1000/958
f 1001/1001/959 1000/1000/958 996/996/954
f 1002/1002/960 1105/1088/1038 1003/1003/961
f 929/929/896 1132/1094/1045 1004/1004/962
f 1005/1005/919 1008/1008/963 1006/1006/895
f 1008/1008/963 1010/1010/964 1009/1009/894
f 1010/1010/964 1012/1012/965 1011/1011/893
f 1012/1012/965 1014/1014/967 1013/1013/966
f 1014/1014/967 1016/1016/968 1015/1015/891
f 1016/1016/968 1018/1018/969 1017/1017/890
f 1018/1018/969 1020/1020/971 1019/1019/970
f 1020/1020/971 1022/1022/972 1021/1021/457
f 1022/1022/972 1024/1024/974 1023/1023/973
f 1024/1024/974 1026/1026/975 1025/1025/459
f 1026/1026/975 1028/1028/976 1027/1027/461
f 1028/1028/976 1030/1030/978 1029/1029/977
f 1030/1030/978 1032/1032/979 1031/1031/462
f 1032/1032/979 1047/1047/991 1033/1033/980
f 1033/1033/980 1047/1047/991 1034/1034/981
f 1034/1034/981 1038/1038/983 1036/1036/898
f 1034/1034/981 1048/1048/992 1037/1037/982
f 1039/1039/984 1043/1043/987 1040/1040/985
f 1042/1042/986 1091/1085/1033 1043/1043/987
f 1044/1044/988 1091/1085/1033 1042/1042/986
f 1046/1046/990 1131/1093/1044 1047/1047/991
f 1047/1047/991 1131/1093/1044 1048/1048/992
f 1049/1049/993 1044/1044/988 1045/1045/989
f 1051/1051/995 1046/1046/990 1032/1032/979
f 3606/1052/3261 1088/1084/1031 1123/1049/1042
f 1053/1053/997 1051/1051/995 1030/1030/978
f 1089/1054/1032 1088/1084/1031 3606/1052/3261
f 1056/1056/1000 1054/1054/998 1055/1055/999
f 1058/1058/1002 1059/1059/1003 1026/1026/975
f 1059/1059/1003 1053/1053/997 1028/1028/976
f 1093/1060/1004 1056/1056/1000 1057/1057/1001
f 1063/1062/1007 1058/1058/1002 1024/1024/974
f 1086/1063/1029 1060/1060/1004 1062/1061/1006
f 1067/1065/1010 1063/1062/1007 1022/1022/972
f 1068/1066/1011 1064/1063/1008 1066/1064/1009
f 1070/1068/1013 1068/1066/1011 1069/1067/1012
f 1072/1070/1015 1073/1071/1016 1018/1018/969
f 1073/1071/1016 1067/1065/1010 1020/1020/971
f 1074/1072/1017 1070/1068/1013 1071/1069/1014
f 1076/1074/1019 1072/1070/1015 1016/1016/968
f 1077/1075/1020 1095/1086/1035 1074/1072/1017
f 1012/1012/965 1130/1092/1043 1076/1074/1019
f 1078/1076/1021 1095/1086/1035 1077/1075/1020
f 1080/1078/1023 1084/1082/1027 1078/1076/1021
f 1081/1079/1024 1082/1080/1025 1010/1010/964
f 1082/1080/1025 1130/1092/1043 1012/1012/965
f 1083/1081/1026 1127/1091/921 1084/1082/1027
f 1085/1083/1028 1081/1079/1024 1008/1008/963
f 1085/1083/1028 1083/1081/1026 1080/1078/1023
f 1081/1079/1024 1080/1078/1023 1079/1077/1022
f 1079/1077/1022 1077/1075/1020 1130/1092/1043
f 1130/1092/1043 1077/1075/1020 1075/1073/1018
f 1075/1073/1018 1071/1069/1014 1072/1070/1015
f 1071/1069/1014 1069/1067/1012 1073/1071/1016
f 1069/1067/1012 1066/1064/1009 1067/1065/1010
f 1066/1064/1009 1065/1061/1006 1063/1062/1007
f 1065/1061/1006 1057/1057/1001 1058/1058/1002
f 1057/1057/1001 1055/1055/999 1059/1059/1003
f 1055/1055/999 1052/1052/996 1053/1053/997
f 1053/1053/997 1052/1052/996 1050/1050/994
f 1050/1050/994 1045/1045/989 1046/1046/990
f 1045/1045/989 1042/1042/986 1131/1093/1044
f 1131/1093/1044 1042/1042/986 1039/1039/984
f 1048/1048/992 1039/1039/984 1041/1041/960
f 1132/1094/1045 1002/1002/960 998/998/956
f 1004/1004/962 998/998/956 997/997/955
f 1000/1000/958 997/997/955 995/995/953
f 995/995/953 992/992/950 993/993/951
f 992/992/950 988/988/946 1133/1095/1046
f 1133/1095/1046 988/988/946 987/987/945
f 990/990/948 987/987/945 986/986/944
f 986/986/944 983/983/941 984/984/942
f 983/983/941 979/979/937 980/980/938
f 979/979/937 976/976/934 981/981/939
f 976/976/934 974/974/932 1135/1097/1048
f 1135/1097/1048 974/974/932 972/972/930
f 972/972/930 968/968/926 969/969/927
f 968/968/926 966/966/924 970/970/928
f 966/966/924 962/962/920 960/960/918
f 960/960/918 962/962/920 964/964/922
f 1137/1099/1050 1158/1120/1071 1138/1100/1051
f 1140/1102/1053 1156/1118/1069 1141/1103/1054
f 1143/1105/1056 1164/1126/1077 1144/1106/1057
f 1146/1108/1059 1163/1125/1076 1147/1109/1060
f 1149/1111/1062 1167/1129/1080 1150/1112/1063
f 1152/1114/1065 1165/1127/1078 1153/1115/1066
f 1140/1102/1053 1166/1128/1079 1155/1117/1068
f 1157/1119/1070 1168/1130/1081 1158/1120/1071
f 1142/1104/1055 1141/1103/1054 1159/1121/1072
f 1161/1123/1074 1143/1105/1056 1145/1107/1058
f 1163/1125/1076 1139/1101/1052 1138/1100/1051
f 1164/1126/1077 1151/1113/1064 1150/1112/1063
f 1165/1127/1078 1161/1123/1074 1162/1124/1075
f 1166/1128/1079 1146/1108/1059 1148/1110/1061
f 1160/1122/1073 1159/1121/1072 1167/1129/1080
f 1152/1114/1065 1154/1116/1067 1168/1130/1081
f 1155/1117/1068 1148/1110/1061 1169/1131/1082
f 1159/1121/1072 1141/1103/1054 1171/1133/1084
f 1148/1110/1061 1147/1109/1060 1173/1135/1086
f 1159/1121/1072 1172/1134/1085 1174/1136/1087
f 1147/1109/1060 1138/1100/1051 1175/1137/1088
f 1150/1112/1063 1167/1129/1080 1174/1136/1087
f 1158/1120/1071 1178/1140/1091 1175/1137/1088
f 1144/1106/1057 1150/1112/1063 1176/1138/1089
f 1168/1130/1081 1180/1142/1093 1178/1140/1091
f 1144/1106/1057 1177/1139/1090 1179/1141/1092
f 1154/1116/1067 1182/1144/1095 1180/1142/1093
f 1145/1107/1058 1179/1141/1092 1181/1143/1094
f 1153/1115/1066 1184/1146/1097 1182/1144/1095
f 1156/1118/1069 1155/1117/1068 1170/1132/1083
f 1162/1124/1075 1181/1143/1094 1184/1146/1097
f 1141/1103/1054 1156/1118/1069 1183/1145/1096
f 1185/1147/1098 1204/1166/1117 1186/1148/1099
f 1188/1150/1101 1210/1172/1123 1189/1151/1102
f 1191/1153/1104 1212/1174/1125 1192/1154/1105
f 1194/1156/1107 1211/1173/1124 1195/1157/1108
f 1197/1159/1110 1215/1177/1128 1198/1160/1111
f 1200/1162/1113 1214/1176/1127 1201/1163/1114
f 1203/1165/1116 1213/1175/1126 1204/1166/1117
f 1190/1152/1103 1189/1151/1102 1205/1167/1118
f 1207/1169/1120 1191/1153/1104 1193/1155/1106
f 1188/1150/1101 1216/1178/1129 1209/1171/1122
f 1187/1149/1100 1186/1148/1099 1211/1173/1124
f 1212/1174/1125 1197/1159/1110 1199/1161/1112
f 1207/1169/1120 1208/1170/1121 1213/1175/1126
f 1214/1176/1127 1196/1158/1109 1195/1157/1108
f 1206/1168/1119 1205/1167/1118 1198/1160/1111
f 1216/1178/1129 1200/1162/1113 1202/1164/1115
f 1198/1160/1111 1232/1194/1145 1217/1179/1130
f 1211/1173/1124 1221/1183/1134 1218/1180/1131
f 1192/1154/1105 1199/1161/1112 1217/1179/1130
f 1211/1173/1124 1186/1148/1099 1220/1182/1133
f 1193/1155/1106 1192/1154/1105 1219/1181/1132
f 1186/1148/1099 1204/1166/1117 1223/1185/1136
f 1208/1170/1121 1193/1155/1106 1222/1184/1135
f 1204/1166/1117 1213/1175/1126 1225/1187/1138
f 1209/1171/1122 1228/1190/1141 1226/1188/1139
f 1213/1175/1126 1208/1170/1121 1224/1186/1137
f 1210/1172/1123 1226/1188/1139 1227/1189/1140
f 1202/1164/1115 1231/1193/1144 1228/1190/1141
f 1189/1151/1102 1227/1189/1140 1229/1191/1142
f 1202/1164/1115 1201/1163/1114 1230/1192/1143
f 1205/1167/1118 1229/1191/1142 1232/1194/1145
f 1195/1157/1108 1218/1180/1131 1230/1192/1143
f 1235/1197/1148 3607/3271/1153 713/713/695
f 1236/1198/1104 1235/1197/1148 714/714/696
f 1237/1199/1149 1236/1198/1104 711/711/693
f 1237/1199/1149 709/709/691 707/707/689
f 1239/1201/1128 1238/1200/1150 707/707/689
f 1240/1202/1119 1239/1201/1128 703/703/685
f 1240/1202/1119 701/701/683 698/698/681
f 1241/1203/1151 698/698/681 700/700/3
f 1243/1205/1152 15/15/15 17/17/17
f 1245/1207/1100 13/13/13 15/15/15
f 1246/1208/1107 11/11/11 13/13/13
f 1247/1209/1154 9/9/9 11/11/11
f 7/7/7 9/9/9 1247/1209/1154
f 1249/1211/1155 5/5/5 7/7/7
f 2/2/2 5/5/5 1249/1211/1155
f 3/3/3 2/2/2 1250/1212/1129
f 1252/1214/1157 3608/3272/1164 1253/1215/248
f 1254/1216/1158 1252/1214/1157 482/482/481
f 1255/1217/1159 1254/1216/1158 480/480/479
f 1256/1218/1064 1255/1217/1159 478/478/477
f 1256/1218/1064 474/474/473 475/475/474
f 1258/1220/1161 1257/1219/1160 475/475/474
f 1258/1220/1161 470/470/469 467/467/466
f 1259/1221/1162 467/467/466 469/469/468
f 1261/1223/1163 246/246/246 248/248/248
f 1263/1225/1165 244/244/244 246/246/246
f 1264/1226/1166 243/243/243 244/244/244
f 241/241/241 243/243/243 1264/1226/1166
f 1266/1228/1168 239/239/239 241/241/241
f 1267/1229/1169 238/238/238 239/239/239
f 1268/1230/1079 235/235/235 238/238/238
f 236/236/236 235/235/235 1268/1230/1079
f 1270/1232/1170 1334/1296/1234 1271/1233/1171
f 1272/1234/1172 1271/1233/1171 1273/1235/1173
f 1274/1236/1174 1273/1235/1173 1275/1237/1175
f 1276/1238/1176 1275/1237/1175 1277/1239/1177
f 1278/1240/1178 1277/1239/1177 1279/1241/1179
f 1280/1242/1180 1279/1241/1179 1281/1243/1181
f 1282/1244/1182 1281/1243/1181 1283/1245/1183
f 1284/1246/1184 1283/1245/1183 1285/1247/1185
f 1286/1248/1186 1285/1247/1185 1287/1249/1187
f 1288/1250/1188 1287/1249/1187 1289/1251/1189
f 1289/1251/1189 1292/1254/1192 1291/1253/1191
f 1292/1254/1192 1294/1256/1194 1293/1255/1193
f 1294/1256/1194 1296/1258/1196 1295/1257/1195
f 1296/1258/1196 1298/1260/1198 1297/1259/1197
f 1298/1260/1198 1300/1262/1200 1299/1261/1199
f 1300/1262/1200 1303/1265/1203 1301/1263/1201
f 1302/1264/1202 1305/1267/1205 1303/1265/1203
f 1302/1264/1202 3609/3273/3262 1304/1266/1204
f 1306/1268/1206 3609/3273/3262 1302/1264/1202
f 1308/1270/1208 1306/1268/1206 1307/1269/1207
f 1309/1271/1209 1307/1269/1207 1298/1260/1198
f 1307/1269/1207 1302/1264/1202 1300/1262/1200
f 1310/1272/1210 1312/1274/1212 1308/1270/1208
f 1310/1272/1210 1309/1271/1209 1296/1258/1196
f 1311/1273/1211 1314/1276/1214 1312/1274/1212
f 1311/1273/1211 1310/1272/1210 1294/1256/1194
f 1313/1275/1213 1316/1278/1216 1314/1276/1214
f 1315/1277/1215 1318/1280/1218 1316/1278/1216
f 1287/1249/1187 1315/1277/1215 1313/1275/1213
f 1313/1275/1213 1311/1273/1211 1292/1254/1192
f 1317/1279/1217 1320/1282/1220 1318/1280/1218
f 1285/1247/1185 1317/1279/1217 1315/1277/1215
f 1319/1281/1219 1322/1284/1222 1320/1282/1220
f 1283/1245/1183 1319/1281/1219 1317/1279/1217
f 1321/1283/1221 3610/3274/3263 1322/1284/1222
f 1323/1285/1223 3610/3274/3263 1321/1283/1221
f 1279/1241/1179 1324/1286/1224 1321/1283/1221
f 1281/1243/1181 1321/1283/1221 1319/1281/1219
f 1325/1287/1225 1323/1285/1223 1324/1286/1224
f 1277/1239/1177 1326/1288/1226 1324/1286/1224
f 1327/1289/1227 1329/1291/1229 1325/1287/1225
f 1275/1237/1175 1327/1289/1227 1326/1288/1226
f 1328/1290/1228 1331/1293/1231 1329/1291/1229
f 1330/1292/1230 3611/3275/3264 1331/1293/1231
f 1271/1233/1171 1330/1292/1230 1328/1290/1228
f 1273/1235/1173 1328/1290/1228 1327/1289/1227
f 1332/1294/1232 3611/3275/3264 1330/1292/1230
f 1333/1295/1233 1330/1292/1230 1271/1233/1171
f 1335/1297/1235 1338/1300/1238 1336/1298/1236
f 1338/1300/1238 1340/1302/1240 1339/1301/1239
f 1340/1302/1240 3612/3276/1170 1341/1303/1241
f 1339/1301/1239 1341/1303/1241 1342/1304/1174
f 1343/1305/1242 1342/1304/1174 1344/1306/1243
f 1346/1308/1245 1343/1305/1242 1345/1307/1244
f 1336/1298/1236 1339/1301/1239 1343/1305/1242
f 1348/1310/1247 1346/1308/1245 1347/1309/1246
f 1337/1299/1237 1336/1298/1236 1346/1308/1245
f 1350/1312/1249 1353/1315/1252 1351/1313/1250
f 1349/1311/1248 1347/1309/1246 1353/1315/1252
f 1353/1315/1252 1355/1317/1254 1354/1316/1253
f 1347/1309/1246 1345/1307/1244 1355/1317/1254
f 1354/1316/1253 1355/1317/1254 1356/1318/1178
f 1345/1307/1244 1344/1306/1243 1356/1318/1178
f 1358/1320/1255 1354/1316/1253 1357/1319/1180
f 1360/1322/1257 1358/1320/1255 1359/1321/1256
f 1362/1324/1258 1358/1320/1255 1360/1322/1257
f 1351/1313/1250 1354/1316/1253 1358/1320/1255
f 1364/1326/1260 1362/1324/1258 1363/1325/1259
f 1352/1314/1251 1351/1313/1250 1362/1324/1258
f 1366/1328/1262 1370/1332/1266 1367/1329/1263
f 1369/1331/1265 1372/1334/1267 1370/1332/1266
f 1371/1333/1199 3613/3277/1201 1372/1334/1267
f 1373/1335/1197 1371/1333/1199 1369/1331/1265
f 1375/1337/1269 1373/1335/1197 1374/1336/1268
f 1376/1338/1270 1374/1336/1268 1377/1339/1271
f 1374/1336/1268 1369/1331/1265 1366/1328/1262
f 1378/1340/1272 1377/1339/1271 1379/1341/1273
f 1377/1339/1271 1366/1328/1262 1368/1330/1264
f 1381/1343/1275 1384/1346/1278 1382/1344/1276
f 1384/1346/1278 1378/1340/1272 1380/1342/1274
f 1385/1347/1279 1386/1348/1280 1384/1346/1278
f 1386/1348/1280 1376/1338/1270 1378/1340/1272
f 1387/1349/1191 1388/1350/1281 1386/1348/1280
f 1388/1350/1281 1375/1337/1269 1376/1338/1270
f 1389/1351/1282 1391/1353/1190 1387/1349/1191
f 1390/1352/1283 1402/1364/1292 1391/1353/1190
f 1390/1352/1283 1389/1351/1282 1392/1354/1284
f 1389/1351/1282 1385/1347/1279 1381/1343/1275
f 1393/1355/1285 1392/1354/1284 1394/1356/1286
f 1392/1354/1284 1381/1343/1275 1383/1345/1277
f 1396/1358/1288 1393/1355/1285 1395/1357/1287
f 1365/1327/1261 1363/1325/1259 1398/1360/1288
f 1400/1362/1290 1390/1352/1283 1393/1355/1285
f 1363/1325/1259 1360/1322/1257 1401/1363/1291
f 1400/1362/1290 3614/3278/3265 1402/1364/1292
f 1360/1322/1257 1361/1323/1184 1403/1365/1293
f 1404/1366/1294 1407/1369/1296 1405/1367/1295
f 1407/1369/1296 1409/1371/1298 1408/1370/1297
f 1409/1371/1298 1411/1373/1300 1410/1372/1299
f 1411/1373/1300 1413/1375/1302 1412/1374/1301
f 1413/1375/1302 1415/1377/1304 1414/1376/1303
f 1415/1377/1304 1417/1379/1306 1416/1378/1305
f 1417/1379/1306 1419/1381/1308 1418/1380/1307
f 1419/1381/1308 1452/1414/1340 1420/1382/1309
f 1420/1382/1309 1452/1414/1340 1421/1383/1310
f 1422/1384/1311 1421/1383/1310 1423/1385/1312
f 1424/1386/1313 1423/1385/1312 1425/1387/1314
f 1426/1388/1315 1425/1387/1314 1427/1389/1316
f 1428/1390/1317 1427/1389/1316 1429/1391/1318
f 1430/1392/1319 1429/1391/1318 1431/1393/1320
f 1432/1394/1321 1431/1393/1320 1433/1395/1322
f 1434/1396/1323 1433/1395/1322 1435/1397/1234
f 1437/1399/1325 1439/1401/1327 1435/1397/1234
f 1438/1400/1326 3615/3279/1232 1439/1401/1327
f 1440/1402/1328 1438/1400/1326 1437/1399/1325
f 1442/1404/1330 1440/1402/1328 1441/1403/1329
f 1429/1391/1318 1443/1405/1331 1441/1403/1329
f 1431/1393/1320 1441/1403/1329 1437/1399/1325
f 1444/1406/1332 3616/3280/3266 1442/1404/1330
f 1427/1389/1316 1444/1406/1332 1443/1405/1331
f 1445/1407/1333 3616/3280/3266 1444/1406/1332
f 1425/1387/1314 1446/1408/1334 1444/1406/1332
f 1447/1409/1335 1445/1407/1333 1446/1408/1334
f 1449/1411/1337 3617/3281/3267 1447/1409/1335
f 1421/1383/1310 1449/1411/1337 1448/1410/1336
f 1448/1410/1336 1446/1408/1334 1425/1387/1314
f 1450/1412/1338 3617/3281/3267 1449/1411/1337
f 1452/1414/1340 1451/1413/1339 1449/1411/1337
f 1453/1415/1341 1450/1412/1338 1451/1413/1339
f 1454/1416/1342 1451/1413/1339 1452/1414/1340
f 1455/1417/1343 1453/1415/1341 1454/1416/1342
f 1457/1419/1345 3618/3282/3268 1455/1417/1343
f 1457/1419/1345 1456/1418/1344 1417/1379/1306
f 1456/1418/1344 1454/1416/1342 1419/1381/1308
f 1458/1420/1346 3618/3282/3268 1457/1419/1345
f 1459/1421/1347 1457/1419/1345 1415/1377/1304
f 1460/1422/1348 1458/1420/1346 1459/1421/1347
f 1461/1423/1349 1459/1421/1347 1413/1375/1302
f 1462/1424/1350 1460/1422/1348 1461/1423/1349
f 1464/1426/1352 1466/1428/1354 1462/1424/1350
f 1464/1426/1352 1463/1425/1351 1409/1371/1298
f 1463/1425/1351 1461/1423/1349 1411/1373/1300
f 1465/1427/1353 3619/3283/3269 1466/1428/1354
f 1465/1427/1353 1464/1426/1352 1407/1369/1296
f 1467/1429/1355 1471/1433/1359 1468/1430/1356
f 1470/1432/1358 1473/1435/1361 1471/1433/1359
f 1471/1433/1359 1474/1436/1362 1472/1434/1360
f 1473/1435/1361 1478/1440/1364 1474/1436/1362
f 1472/1434/1360 1474/1436/1362 1475/1437/1307
f 1474/1436/1362 1478/1440/1364 1477/1439/1305
f 1478/1440/1364 1481/1443/1366 1479/1441/1303
f 1480/1442/1365 1483/1445/1301 1479/1441/1303
f 1480/1442/1365 1484/1446/1367 1482/1444/1299
f 1484/1446/1367 1486/1448/1368 1485/1447/1297
f 1486/1448/1368 1488/1450/1370 1487/1449/1369
f 1488/1450/1370 1491/1453/1267 1489/1451/1201
f 1490/1452/1371 1493/1455/1266 1491/1453/1267
f 1492/1454/1372 3620/3284/3270 1493/1455/1266
f 1494/1456/1373 1496/1458/1375 1473/1435/1361
f 1495/1457/1374 1497/1459/1376 1496/1458/1375
f 1496/1458/1375 1481/1443/1366 1478/1440/1364
f 1497/1459/1376 1480/1442/1365 1481/1443/1366
f 1498/1460/1377 1499/1461/1378 1497/1459/1376
f 1499/1461/1378 1484/1446/1367 1480/1442/1365
f 1500/1462/1379 1501/1463/1380 1499/1461/1378
f 1501/1463/1380 1486/1448/1368 1484/1446/1367
f 1492/1454/1372 1490/1452/1371 1501/1463/1380
f 1490/1452/1371 1488/1450/1370 1486/1448/1368
f 1502/1464/1381 3621/3285/1363 1503/1465/1382
f 1504/1466/1383 1503/1465/1382 1505/1467/1384
f 1506/1468/1385 1505/1467/1384 1507/1469/1315
f 1508/1470/1386 1507/1469/1315 1509/1471/1317
f 1510/1472/1387 1509/1471/1317 1511/1473/1319
f 1512/1474/1388 1511/1473/1319 1513/1475/1321
f 1514/1476/1389 1513/1475/1321 1515/1477/1323
f 1516/1478/1390 1515/1477/1323 1517/1479/1324
f 1519/1481/1391 1516/1478/1390 1518/1480/1240
f 1521/1483/1392 1519/1481/1391 1520/1482/1238
f 1523/1485/1394 1526/1488/1397 1524/1486/1395
f 1526/1488/1397 1528/1490/1399 1527/1489/1398
f 1504/1466/1383 1506/1468/1385 1526/1488/1397
f 1506/1468/1385 1508/1470/1386 1528/1490/1399
f 1528/1490/1399 1530/1492/1401 1529/1491/1400
f 1508/1470/1386 1510/1472/1387 1530/1492/1401
f 1530/1492/1401 1532/1494/1403 1531/1493/1402
f 1510/1472/1387 1512/1474/1388 1532/1494/1403
f 1532/1494/1403 1534/1496/1405 1533/1495/1404
f 1512/1474/1388 1514/1476/1389 1534/1496/1405
f 1534/1496/1405 1519/1481/1391 1521/1483/1392
f 1534/1496/1405 1514/1476/1389 1516/1478/1390
f 1502/1464/1381 1504/1466/1383 1523/1485/1394
f 1535/1497/1406 1523/1485/1394 1525/1487/1396
f 1537/1499/1330 1598/1560/1461 1538/1500/1407
f 1540/1502/1408 1599/1561/1462 1541/1503/1409
f 1543/1505/1346 1564/1526/1429 1544/1506/1411
f 1546/1508/1413 1568/1530/1433 1547/1509/1414
f 1549/1511/1416 1559/1521/1424 1550/1512/1417
f 1542/1504/1410 1541/1503/1409 1552/1514/1419
f 1554/1516/1420 1543/1505/1346 1545/1507/1412
f 1556/1518/1214 1575/1537/1439 1557/1519/1422
f 1559/1521/1424 1576/1538/1440 1560/1522/1425
f 1561/1523/1426 1597/1559/1460 1562/1524/1427
f 1564/1526/1429 1579/1541/1443 1565/1527/1430
f 1558/1520/1423 1557/1519/1422 1566/1528/1431
f 1568/1530/1433 1554/1516/1420 1555/1517/1421
f 1569/1531/1220 1585/1547/1448 1570/1532/1434
f 1572/1534/1436 1549/1511/1416 1551/1513/1418
f 1574/1536/1438 1587/1549/1450 1575/1537/1439
f 1576/1538/1440 1567/1529/1432 1566/1528/1431
f 1569/1531/1220 1571/1533/1435 1577/1539/1441
f 1579/1541/1443 1572/1534/1436 1573/1535/1437
f 1563/1525/1428 1562/1524/1427 1580/1542/1444
f 1582/1544/1225 1591/1553/1454 1583/1545/1446
f 1585/1547/1448 1592/1554/1455 1586/1548/1449
f 1578/1540/1442 1577/1539/1441 1587/1549/1450
f 1588/1550/1451 1582/1544/1225 1584/1546/1447
f 1590/1552/1453 1593/1555/1456 1583/1545/1446
f 1592/1554/1455 1588/1550/1451 1589/1551/1452
f 1581/1543/1445 1580/1542/1444 1593/1555/1456
f 1594/1556/1457 1600/1562/1463 1595/1557/1458
f 1539/1501/1328 1538/1500/1407 1597/1559/1460
f 1596/1558/1459 1595/1557/1458 1598/1560/1461
f 1540/1502/1408 1546/1508/1413 1548/1510/1415
f 1553/1515/1335 1552/1514/1419 1600/1562/1463
f 1570/1532/1434 1586/1548/1449 1601/1563/1464
f 1599/1561/1462 1632/1594/1495 1603/1565/1466
f 1586/1548/1449 1589/1551/1452 1604/1566/1467
f 1548/1510/1415 1547/1509/1414 1605/1567/1468
f 1584/1546/1447 1583/1545/1446 1607/1569/1470
f 1547/1509/1414 1555/1517/1421 1609/1571/1472
f 1589/1551/1452 1584/1546/1447 1608/1570/1471
f 1545/1507/1412 1544/1506/1411 1610/1572/1473
f 1583/1545/1446 1593/1555/1456 1612/1574/1475
f 1550/1512/1417 1615/1577/1478 1613/1575/1476
f 1555/1517/1421 1545/1507/1412 1611/1573/1474
f 1593/1555/1456 1580/1542/1444 1614/1576/1477
f 1560/1522/1425 1618/1580/1481 1615/1577/1478
f 1544/1506/1411 1565/1527/1430 1616/1578/1479
f 1580/1542/1444 1562/1524/1427 1617/1579/1480
f 1566/1528/1431 1623/1585/1486 1618/1580/1481
f 1565/1527/1430 1573/1535/1437 1619/1581/1482
f 1538/1500/1407 1622/1584/1485 1620/1582/1483
f 1575/1537/1439 1625/1587/1488 1621/1583/1484
f 1562/1524/1427 1597/1559/1460 1620/1582/1483
f 1598/1560/1461 1626/1588/1489 1622/1584/1485
f 1557/1519/1422 1621/1583/1484 1623/1585/1486
f 1551/1513/1418 1613/1575/1476 1619/1581/1482
f 1600/1562/1463 1628/1590/1491 1624/1586/1487
f 1587/1549/1450 1627/1589/1490 1625/1587/1488
f 1595/1557/1458 1624/1586/1487 1626/1588/1489
f 1577/1539/1441 1631/1593/1494 1627/1589/1490
f 1552/1514/1419 1630/1592/1493 1628/1590/1491
f 1571/1533/1435 1570/1532/1434 1602/1564/1465
f 1541/1503/1409 1603/1565/1466 1630/1592/1493
f 1571/1533/1435 1629/1591/1492 1631/1593/1494
f 1599/1561/1462 1548/1510/1415 1606/1568/1469
f 1634/1596/1497 1644/1606/1507 1635/1597/1498
f 1637/1599/1500 1640/1602/1503 1638/1600/1501
f 1640/1602/1503 1647/1609/1510 1641/1603/1504
f 1642/1604/1505 1653/1615/1516 1643/1605/1506
f 1645/1607/1508 1637/1599/1500 1639/1601/1502
f 1647/1609/1510 1634/1596/1497 1636/1598/1499
f 1648/1610/1511 1649/1611/1512 1634/1596/1497
f 1649/1611/1512 1642/1604/1505 1644/1606/1507
f 1650/1612/1513 1651/1613/1514 1640/1602/1503
f 1651/1613/1514 1648/1610/1511 1647/1609/1510
f 1642/1604/1505 1656/1618/1519 1652/1614/1515
f 1654/1616/1517 1650/1612/1513 1637/1599/1500
f 1648/1610/1511 1658/1620/1521 1655/1617/1518
f 1649/1611/1512 1655/1617/1518 1656/1618/1519
f 1650/1612/1513 1660/1622/1523 1657/1619/1520
f 1651/1613/1514 1657/1619/1520 1658/1620/1521
f 1659/1621/1522 1666/1628/1529 1652/1614/1515
f 1654/1616/1517 1668/1630/1531 1660/1622/1523
f 1661/1623/1524 1662/1624/1525 1655/1617/1518
f 1662/1624/1525 1659/1621/1522 1656/1618/1519
f 1663/1625/1526 1664/1626/1527 1657/1619/1520
f 1664/1626/1527 1661/1623/1524 1658/1620/1521
f 1665/1627/1528 1674/1636/1537 1666/1628/1529
f 1667/1629/1530 1663/1625/1526 1660/1622/1523
f 1669/1631/1532 1670/1632/1533 1662/1624/1525
f 1670/1632/1533 1665/1627/1528 1659/1621/1522
f 1671/1633/1534 1672/1634/1535 1664/1626/1527
f 1672/1634/1535 1669/1631/1532 1661/1623/1524
f 1673/1635/1536 1680/1642/1543 1674/1636/1537
f 1675/1637/1538 1671/1633/1534 1663/1625/1526
f 1669/1631/1532 1678/1640/1541 1676/1638/1539
f 1676/1638/1539 1673/1635/1536 1665/1627/1528
f 1671/1633/1534 1681/1643/1544 1677/1639/1540
f 1672/1634/1535 1677/1639/1540 1678/1640/1541
f 1679/1641/1542 1686/1648/1549 1680/1642/1543
f 1675/1637/1538 1688/1650/1551 1681/1643/1544
f 1678/1640/1541 1689/1651/1552 1682/1644/1545
f 1682/1644/1545 1679/1641/1542 1673/1635/1536
f 1683/1645/1546 1684/1646/1547 1677/1639/1540
f 1684/1646/1547 1689/1651/1552 1678/1640/1541
f 1679/1641/1542 1691/1653/1554 1685/1647/1548
f 1687/1649/1550 1683/1645/1546 1681/1643/1544
f 1689/1651/1552 1693/1655/1556 1690/1652/1553
f 1682/1644/1545 1690/1652/1553 1691/1653/1554
f 1683/1645/1546 1695/1657/1558 1692/1654/1555
f 1684/1646/1547 1692/1654/1555 1693/1655/1556
f 1694/1656/1557 1699/1661/1562 1685/1647/1548
f 1687/1649/1550 1700/1662/1563 1695/1657/1558
f 1696/1658/1559 1702/1664/1565 1690/1652/1553
f 1690/1652/1553 1702/1664/1565 1694/1656/1557
f 1697/1659/1560 1704/1666/1567 1692/1654/1555
f 1692/1654/1555 1704/1666/1567 1696/1658/1559
f 1698/1660/1561 1707/1669/1570 1699/1661/1562
f 1700/1662/1563 1708/1670/1571 1697/1659/1560
f 1696/1658/1559 1709/1671/1572 1701/1663/1564
f 1702/1664/1565 1701/1663/1564 1698/1660/1561
f 1703/1665/1566 1705/1667/1568 1704/1666/1567
f 1705/1667/1568 1709/1671/1572 1696/1658/1559
f 1698/1660/1561 1711/1673/1574 1706/1668/1569
f 1708/1670/1571 1715/1677/1578 1703/1665/1566
f 1709/1671/1572 1713/1675/1576 1710/1672/1573
f 1701/1663/1564 1710/1672/1573 1711/1673/1574
f 1703/1665/1566 1716/1678/1579 1712/1674/1575
f 1705/1667/1568 1712/1674/1575 1713/1675/1576
f 1711/1673/1574 1718/1680/1581 1714/1676/1577
f 1715/1677/1578 1722/1684/1585 1716/1678/1579
f 1713/1675/1576 1720/1682/1583 1717/1679/1580
f 1710/1672/1573 1717/1679/1580 1718/1680/1581
f 1716/1678/1579 1723/1685/1586 1719/1681/1582
f 1712/1674/1575 1719/1681/1582 1720/1682/1583
f 1721/1683/1584 1729/1691/1592 1714/1676/1577
f 1722/1684/1585 1731/1693/1594 1723/1685/1586
f 1724/1686/1587 1725/1687/1588 1717/1679/1580
f 1725/1687/1588 1721/1683/1584 1718/1680/1581
f 1726/1688/1589 1727/1689/1590 1719/1681/1582
f 1727/1689/1590 1724/1686/1587 1720/1682/1583
f 1721/1683/1584 1733/1695/1596 1728/1690/1591
f 1730/1692/1593 1726/1688/1589 1723/1685/1586
f 1724/1686/1587 1735/1697/1598 1732/1694/1595
f 1725/1687/1588 1732/1694/1595 1733/1695/1596
f 1726/1688/1589 1739/1701/1602 1734/1696/1597
f 1727/1689/1590 1734/1696/1597 1735/1697/1598
f 1736/1698/1599 1805/1767/1666 1737/1699/1600
f 1730/1692/1593 2060/2018/1913 1739/1701/1602
f 1740/1702/1603 1927/1888/1786 1741/1703/1604
f 1743/1705/1606 1744/1706/1607 1733/1695/1596
f 1744/1706/1607 1754/1716/1616 1745/1707/1608
f 1733/1695/1596 1744/1706/1607 1746/1708/1609
f 1750/1712/1613 3622/3286/3271 1751/1713/1614
f 1753/1715/1606 1757/1719/1619 1754/1716/1616
f 1748/1710/1611 1915/1877/1775 1755/1717/1617
f 1734/1696/1597 1923/1884/1782 1756/1718/1618
f 1757/1719/1619 1772/1734/1634 1758/1720/1620
f 1759/1721/1621 1769/1731/1631 1760/1722/1622
f 1762/1724/1624 1760/1722/1622 1763/1725/1625
f 1754/1716/1616 1758/1720/1620 1765/1727/1627
f 1769/1731/1631 1759/1721/1621 1770/1732/1632
f 1772/1734/1634 2205/2163/2054 1773/1735/1635
f 1774/1736/1636 1752/1714/1615 1751/1713/1614
f 1776/1738/1638 3623/3287/2650 1777/1739/1639
f 1779/1741/1641 1778/1740/1640 1772/1734/1634
f 1780/1742/1642 1802/1764/1663 1781/1743/1643
f 1783/1745/1645 3624/3288/3272 1784/1746/1646
f 1786/1748/1648 2901/2849/2670 1787/1749/1649
f 1789/1751/1651 3624/3288/3272 1783/1745/1645
f 1791/1753/1653 1799/1761/1660 1738/1700/1601
f 1793/1755/1654 2905/2853/1801 1794/1756/1655
f 1781/1743/1643 1802/1764/1663 1796/1758/1657
f 1798/1760/1659 1800/1762/1661 1799/1761/1660
f 1800/1762/1661 1736/1698/1599 1738/1700/1601
f 1801/1763/1662 1803/1765/1664 1802/1764/1663
f 1803/1765/1664 1798/1760/1659 1796/1758/1657
f 1804/1766/1665 1813/1775/1674 1805/1767/1666
f 1806/1768/1667 1801/1763/1662 1780/1742/1642
f 1808/1770/1669 1809/1771/1670 1800/1762/1661
f 1809/1771/1670 1804/1766/1665 1736/1698/1599
f 1810/1772/1671 1811/1773/1672 1803/1765/1664
f 1811/1773/1672 1808/1770/1669 1798/1760/1659
f 1812/1774/1673 1820/1782/1681 1813/1775/1674
f 1814/1776/1675 1810/1772/1671 1801/1763/1662
f 1815/1777/1676 1816/1778/1677 1809/1771/1670
f 1816/1778/1677 1812/1774/1673 1804/1766/1665
f 1817/1779/1678 1818/1780/1679 1811/1773/1672
f 1818/1780/1679 1815/1777/1676 1808/1770/1669
f 1819/1781/1680 1827/1789/1688 1820/1782/1681
f 1821/1783/1682 1817/1779/1678 1810/1772/1671
f 1822/1784/1683 1823/1785/1684 1816/1778/1677
f 1823/1785/1684 1819/1781/1680 1812/1774/1673
f 1824/1786/1685 1825/1787/1686 1818/1780/1679
f 1825/1787/1686 1822/1784/1683 1815/1777/1676
f 1826/1788/1687 1832/1794/1693 1827/1789/1688
f 1828/1790/1689 1824/1786/1685 1817/1779/1678
f 1822/1784/1683 1835/1797/1696 1829/1791/1690
f 1829/1791/1690 1826/1788/1687 1819/1781/1680
f 1824/1786/1685 1833/1795/1694 1830/1792/1691
f 1830/1792/1691 1835/1797/1696 1822/1784/1683
f 1826/1788/1687 1839/1801/1700 1831/1793/1692
f 1828/1790/1689 1840/1802/1701 1833/1795/1694
f 1834/1796/1695 1836/1798/1697 1829/1791/1690
f 1836/1798/1697 1839/1801/1700 1826/1788/1687
f 1833/1795/1694 1841/1803/1702 1837/1799/1698
f 1837/1799/1698 1834/1796/1695 1835/1797/1696
f 1838/1800/1699 1846/1808/1707 1831/1793/1692
f 1840/1802/1701 1848/1810/1709 1841/1803/1702
f 1834/1796/1695 1844/1806/1705 1842/1804/1703
f 1836/1798/1697 1842/1804/1703 1838/1800/1699
f 1843/1805/1704 1852/1814/1713 1837/1799/1698
f 1837/1799/1698 1852/1814/1713 1844/1806/1705
f 1838/1800/1699 1850/1812/1711 1845/1807/1706
f 1847/1809/1708 1843/1805/1704 1841/1803/1702
f 1844/1806/1705 1853/1815/1714 1849/1811/1710
f 1842/1804/1703 1849/1811/1710 1850/1812/1711
f 1843/1805/1704 1855/1817/1716 1851/1813/1712
f 1852/1814/1713 1851/1813/1712 1853/1815/1714
f 1850/1812/1711 1857/1819/1718 1854/1816/1715
f 1847/1809/1708 1861/1823/1722 1855/1817/1716
f 1853/1815/1714 1859/1821/1720 1856/1818/1717
f 1849/1811/1710 1856/1818/1717 1857/1819/1718
f 1855/1817/1716 1862/1824/1723 1858/1820/1719
f 1851/1813/1712 1858/1820/1719 1859/1821/1720
f 1857/1819/1718 1864/1826/1725 1860/1822/1721
f 1861/1823/1722 1868/1830/1729 1862/1824/1723
f 1859/1821/1720 1866/1828/1727 1863/1825/1724
f 1856/1818/1717 1863/1825/1724 1864/1826/1725
f 1862/1824/1723 1869/1831/1730 1865/1827/1726
f 1858/1820/1719 1865/1827/1726 1866/1828/1727
f 1864/1826/1725 1871/1833/1732 1867/1829/1728
f 1868/1830/1729 1875/1837/1736 1869/1831/1730
f 1866/1828/1727 1873/1835/1734 1870/1832/1731
f 1863/1825/1724 1870/1832/1731 1871/1833/1732
f 1869/1831/1730 1876/1838/1737 1872/1834/1733
f 1865/1827/1726 1872/1834/1733 1873/1835/1734
f 1874/1836/1735 1882/1844/1743 1867/1829/1728
f 1875/1837/1736 1884/1846/1745 1876/1838/1737
f 1877/1839/1738 1878/1840/1739 1870/1832/1731
f 1878/1840/1739 1874/1836/1735 1871/1833/1732
f 1879/1841/1740 1880/1842/1741 1872/1834/1733
f 1880/1842/1741 1877/1839/1738 1873/1835/1734
f 1881/1843/1742 1890/1852/1751 1882/1844/1743
f 1883/1845/1744 1879/1841/1740 1876/1838/1737
f 1885/1847/1746 1886/1848/1747 1878/1840/1739
f 1886/1848/1747 1881/1843/1742 1874/1836/1735
f 1887/1849/1748 1888/1850/1749 1880/1842/1741
f 1888/1850/1749 1885/1847/1746 1877/1839/1738
f 1889/1851/1750 1897/1859/1758 1890/1852/1751
f 1891/1853/1752 1887/1849/1748 1879/1841/1740
f 1892/1854/1753 1893/1855/1754 1886/1848/1747
f 1893/1855/1754 1889/1851/1750 1881/1843/1742
f 1894/1856/1755 1895/1857/1756 1888/1850/1749
f 1895/1857/1756 1892/1854/1753 1885/1847/1746
f 1896/1858/1757 3625/3289/3273 1897/1859/1758
f 1898/1860/1759 1894/1856/1755 1887/1849/1748
f 1899/1861/1760 1900/1862/1761 1893/1855/1754
f 1900/1862/1761 1896/1858/1757 1889/1851/1750
f 1901/1863/1762 1902/1864/1763 1895/1857/1756
f 1902/1864/1763 1899/1861/1760 1892/1854/1753
f 1635/1597/1498 1938/1898/1796 1903/1865/1764
f 1905/1867/1766 1901/1863/1762 1894/1856/1755
f 1641/1603/1504 1636/1598/1499 1906/1868/1767
f 1636/1598/1499 1635/1597/1498 1904/1866/1765
f 1639/1601/1502 1638/1600/1501 1908/1870/1769
f 1638/1600/1501 1641/1603/1504 1907/1869/1768
f 1646/1608/1509 1639/1601/1502 1909/1871/1770
f 1751/1713/1614 1913/1875/1773 1911/1873/1771
f 1751/1713/1614 3622/3286/3271 1912/1874/1772
f 1914/1876/1774 2062/2020/1915 1755/1717/1617
f 1749/1711/1612 1755/1717/1617 1916/1878/1776
f 1742/1704/1605 1741/1703/1604 1916/1878/1776
f 1778/1740/1640 1779/1741/1641 1921/1882/1780
f 1739/1701/1602 2061/2019/1914 1923/1884/1782
f 1775/1737/1637 1911/1873/1771 1924/1885/1783
f 1774/1736/1636 1775/1737/1637 1925/1886/1784
f 1747/1709/1610 1749/1711/1612 1741/1703/1604
f 1928/1889/1787 1738/1700/1601 1737/1699/1600
f 1924/1885/1783 1911/1873/1771 1930/1890/1788
f 1797/1759/1658 1796/1758/1657 1799/1761/1660
f 1932/1892/1790 3626/3290/3274 1933/1893/1791
f 1763/1725/1625 2065/2023/1918 1935/1895/1793
f 1936/1896/1794 3623/3287/2650 1776/1738/1638
f 1644/1606/1507 1643/1605/1506 1938/1898/1796
f 1939/1899/1797 1934/1894/1792 1933/1893/1791
f 1783/1745/1645 1942/1902/1800 1941/1901/1799
f 1785/1747/1647 2843/2794/2627 1942/1902/1800
f 1807/1769/1668 1780/1742/1642 1943/1903/1801
f 1945/1904/1802 2901/2849/2670 1786/1748/1648
f 1947/1906/1804 2043/2002/1897 1948/1907/1805
f 1950/1909/1807 1954/1913/1811 1951/1910/1808
f 1950/1909/1807 2220/2177/2068 1953/1912/1810
f 1955/1914/1812 1964/1923/1821 1956/1915/1813
f 1958/1917/1815 1962/1921/1819 1959/1918/1816
f 1961/1920/1818 1967/1926/1824 1962/1921/1819
f 1643/1605/1506 1653/1615/1516 1963/1922/1820
f 1960/1919/1817 1959/1918/1816 1965/1924/1822
f 1957/1916/1814 1956/1915/1813 1967/1926/1824
f 1956/1915/1813 1969/1928/1826 1968/1927/1825
f 1964/1923/1821 1963/1922/1820 1969/1928/1826
f 1962/1921/1819 1971/1930/1828 1970/1929/1827
f 1967/1926/1824 1968/1927/1825 1971/1930/1828
f 1963/1922/1820 1653/1615/1516 1652/1614/1515
f 1959/1918/1816 1970/1929/1827 1973/1932/1830
f 1968/1927/1825 1969/1928/1826 1974/1933/1831
f 1969/1928/1826 1963/1922/1820 1972/1931/1829
f 1970/1929/1827 1971/1930/1828 1976/1935/1833
f 1971/1930/1828 1968/1927/1825 1975/1934/1832
f 1652/1614/1515 1666/1628/1529 1978/1937/1835
f 1973/1932/1830 1970/1929/1827 1977/1936/1834
f 1974/1933/1831 1981/1940/1838 1980/1939/1837
f 1972/1931/1829 1978/1937/1835 1981/1940/1838
f 1976/1935/1833 1983/1942/1840 1982/1941/1839
f 1975/1934/1832 1980/1939/1837 1983/1942/1840
f 1666/1628/1529 1674/1636/1537 1984/1943/1841
f 1977/1936/1834 1982/1941/1839 1985/1944/1842
f 1981/1940/1838 1987/1946/1844 1986/1945/1843
f 1978/1937/1835 1984/1943/1841 1987/1946/1844
f 1983/1942/1840 1989/1948/1846 1988/1947/1845
f 1980/1939/1837 1986/1945/1843 1989/1948/1846
f 1984/1943/1841 1674/1636/1537 1680/1642/1543
f 1982/1941/1839 1988/1947/1845 1991/1950/1848
f 1986/1945/1843 1987/1946/1844 1992/1951/1849
f 1987/1946/1844 1984/1943/1841 1990/1949/1847
f 1989/1948/1846 1995/1954/1852 1994/1953/1851
f 1989/1948/1846 1986/1945/1843 1993/1952/1850
f 1680/1642/1543 1686/1648/1549 1996/1955/1853
f 1988/1947/1845 1994/1953/1851 1997/1956/1854
f 1993/1952/1850 1992/1951/1849 1998/1957/1855
f 1992/1951/1849 1990/1949/1847 1996/1955/1853
f 1995/1954/1852 2001/1960/1858 2000/1959/1857
f 1993/1952/1850 1999/1958/1856 2001/1960/1858
f 1996/1955/1853 1686/1648/1549 1685/1647/1548
f 1994/1953/1851 2000/1959/1857 2003/1962/1860
f 1999/1958/1856 1998/1957/1855 2004/1963/1861
f 1996/1955/1853 2002/1961/1859 2004/1963/1861
f 2000/1959/1857 2001/1960/1858 2006/1965/1863
f 2001/1960/1858 1999/1958/1856 2005/1964/1862
f 2002/1961/1859 1685/1647/1548 1699/1661/1562
f 2003/1962/1860 2000/1959/1857 2007/1966/1864
f 2005/1964/1862 2004/1963/1861 2010/1969/1866
f 2004/1963/1861 2002/1961/1859 2008/1967/1865
f 2007/1966/1864 2006/1965/1863 2012/1971/1868
f 2006/1965/1863 2005/1964/1862 2011/1970/1867
f 1699/1661/1562 1707/1669/1570 2014/1973/1870
f 2009/1968/1563 2007/1966/1864 2013/1972/1869
f 2010/1969/1866 2017/1976/1872 2016/1975/1871
f 2010/1969/1866 2008/1967/1865 2014/1973/1870
f 2013/1972/1869 2012/1971/1868 2018/1977/1873
f 2011/1970/1867 2016/1975/1871 2018/1977/1873
f 2014/1973/1870 1707/1669/1570 1706/1668/1569
f 2015/1974/1571 2013/1972/1869 2019/1978/1874
f 2016/1975/1871 2017/1976/1872 2022/1981/1877
f 2017/1976/1872 2014/1973/1870 2020/1979/1875
f 2019/1978/1874 2018/1977/1873 2024/1983/1879
f 2018/1977/1873 2016/1975/1871 2023/1982/1878
f 2020/1979/1875 1706/1668/1569 1714/1676/1577
f 2021/1980/1876 2019/1978/1874 2025/1984/1880
f 2023/1982/1878 2022/1981/1877 2028/1987/1883
f 2022/1981/1877 2020/1979/1875 2026/1985/1881
f 2025/1984/1880 2024/1983/1879 2030/1989/1885
f 2024/1983/1879 2023/1982/1878 2029/1988/1884
f 1714/1676/1577 1729/1691/1592 2032/1991/1887
f 2027/1986/1882 2025/1984/1880 2031/1990/1886
f 2028/1987/1883 2035/1994/1889 2034/1993/1888
f 2026/1985/1881 2032/1991/1887 2035/1994/1889
f 2030/1989/1885 2037/1996/1891 2036/1995/1890
f 2029/1988/1884 2034/1993/1888 2037/1996/1891
f 2032/1991/1887 1729/1691/1592 1728/1690/1591
f 2031/1990/1886 2036/1995/1890 2039/1998/1893
f 2034/1993/1888 2035/1994/1889 2040/1999/1894
f 2035/1994/1889 2032/1991/1887 2038/1997/1892
f 2036/1995/1890 2037/1996/1891 2042/2001/1896
f 2037/1996/1891 2034/1993/1888 2041/2000/1895
f 1737/1699/1600 1805/1767/1666 2044/2003/1898
f 2039/1998/1893 2036/1995/1890 2043/2002/1897
f 2043/2002/1897 2042/2001/1896 2049/2008/1903
f 2050/2009/1904 1746/1708/1609 1745/1707/1608
f 2038/1997/1892 1728/1690/1591 1746/1708/1609
f 2052/2011/1906 2062/2020/1915 2053/2012/1907
f 2055/2014/1909 2050/2009/1904 2051/2010/1905
f 2057/2015/1773 2190/2148/2041 2058/2016/1911
f 2060/2018/1913 3627/3291/1806 2061/2019/1914
f 2056/2006/1910 2051/2010/1905 2063/2021/1916
f 1758/1720/1620 1773/1735/1635 2067/2025/1920
f 2051/2010/1905 1745/1707/1608 1765/1727/1627
f 2071/2029/1923 2914/2862/2677 2072/2030/1924
f 2065/2023/1918 2071/2029/1923 2073/2031/1925
f 2074/2032/1926 1930/1890/1788 2057/2015/1773
f 2075/2033/1927 2078/2036/1930 2076/2034/1928
f 2078/2036/1930 2064/2022/1917 2079/2037/1931
f 2080/2038/1932 2094/2052/1946 2081/2039/1933
f 2083/2041/1935 2087/2045/1939 2084/2042/1936
f 2086/2044/1938 3628/3292/3275 2087/2045/1939
f 2083/2041/1935 2085/2043/1937 2088/2046/1940
f 2090/2048/1942 2932/2880/2688 2045/2004/1899
f 2092/2050/1944 2056/2006/1910 2064/2022/1917
f 2080/2038/1932 2203/2161/2052 2093/2051/1945
f 2091/2049/1943 2096/2054/1948 2095/2053/1947
f 2045/2004/1899 2044/2003/1898 2096/2054/1948
f 2094/2052/1946 2098/2056/1950 2097/2055/1949
f 2093/2051/1945 2095/2053/1947 2098/2056/1950
f 1805/1767/1666 1813/1775/1674 2099/2057/1951
f 2081/2039/1933 2097/2055/1949 2100/2058/1952
f 2096/2054/1948 2103/2061/1955 2102/2060/1954
f 2044/2003/1898 2099/2057/1951 2103/2061/1955
f 2098/2056/1950 2105/2063/1957 2104/2062/1956
f 2095/2053/1947 2102/2060/1954 2105/2063/1957
f 1813/1775/1674 1820/1782/1681 2106/2064/1958
f 2097/2055/1949 2104/2062/1956 2107/2065/1959
f 2103/2061/1955 2109/2067/1961 2108/2066/1960
f 2099/2057/1951 2106/2064/1958 2109/2067/1961
f 2105/2063/1957 2111/2069/1963 2110/2068/1962
f 2102/2060/1954 2108/2066/1960 2111/2069/1963
f 1820/1782/1681 1827/1789/1688 2112/2070/1964
f 2104/2062/1956 2110/2068/1962 2113/2071/1965
f 2109/2067/1961 2115/2073/1967 2114/2072/1966
f 2106/2064/1958 2112/2070/1964 2115/2073/1967
f 2111/2069/1963 2117/2075/1969 2116/2074/1968
f 2108/2066/1960 2114/2072/1966 2117/2075/1969
f 1827/1789/1688 1832/1794/1693 2118/2076/1970
f 2110/2068/1962 2116/2074/1968 2119/2077/1971
f 2115/2073/1967 2121/2079/1973 2120/2078/1972
f 2115/2073/1967 2112/2070/1964 2118/2076/1970
f 2116/2074/1968 2117/2075/1969 2122/2080/1974
f 2114/2072/1966 2120/2078/1972 2122/2080/1974
f 2118/2076/1970 1832/1794/1693 1831/1793/1692
f 2119/2077/1971 2116/2074/1968 2123/2081/1975
f 2121/2079/1973 2127/2085/1979 2126/2084/1978
f 2121/2079/1973 2118/2076/1970 2124/2082/1976
f 2122/2080/1974 2129/2087/1981 2128/2086/1980
f 2120/2078/1972 2126/2084/1978 2129/2087/1981
f 1831/1793/1692 1846/1808/1707 2130/2088/1982
f 2123/2081/1975 2128/2086/1980 2131/2089/1983
f 2126/2084/1978 2127/2085/1979 2132/2090/1984
f 2127/2085/1979 2124/2082/1976 2130/2088/1982
f 2128/2086/1980 2129/2087/1981 2134/2092/1986
f 2126/2084/1978 2133/2091/1985 2134/2092/1986
f 2130/2088/1982 1846/1808/1707 1845/1807/1706
f 2128/2086/1980 2135/2093/1987 2137/2095/1989
f 2133/2091/1985 2132/2090/1984 2138/2096/1990
f 2132/2090/1984 2130/2088/1982 2136/2094/1988
f 2135/2093/1987 2134/2092/1986 2140/2098/1992
f 2134/2092/1986 2133/2091/1985 2139/2097/1991
f 2136/2094/1988 1845/1807/1706 1854/1816/1715
f 2137/2095/1989 2135/2093/1987 2141/2099/1993
f 2139/2097/1991 2138/2096/1990 2144/2102/1996
f 2138/2096/1990 2136/2094/1988 2142/2100/1994
f 2141/2099/1993 2140/2098/1992 2146/2104/1998
f 2140/2098/1992 2139/2097/1991 2145/2103/1997
f 2142/2100/1994 1854/1816/1715 1860/1822/1721
f 2143/2101/1995 2141/2099/1993 2147/2105/1999
f 2145/2103/1997 2144/2102/1996 2150/2108/2002
f 2144/2102/1996 2142/2100/1994 2148/2106/2000
f 2147/2105/1999 2146/2104/1998 2152/2110/2004
f 2146/2104/1998 2145/2103/1997 2151/2109/2003
f 2148/2106/2000 1860/1822/1721 1867/1829/1728
f 2149/2107/2001 2147/2105/1999 2153/2111/2005
f 2151/2109/2003 2150/2108/2002 2156/2114/2008
f 2150/2108/2002 2148/2106/2000 2154/2112/2006
f 2153/2111/2005 2152/2110/2004 2158/2116/2010
f 2152/2110/2004 2151/2109/2003 2157/2115/2009
f 1867/1829/1728 1882/1844/1743 2160/2118/2012
f 2155/2113/2007 2153/2111/2005 2159/2117/2011
f 2156/2114/2008 2163/2121/2015 2162/2120/2014
f 2154/2112/2006 2160/2118/2012 2163/2121/2015
f 2158/2116/2010 2165/2123/2017 2164/2122/2016
f 2157/2115/2009 2162/2120/2014 2165/2123/2017
f 1882/1844/1743 1890/1852/1751 2166/2124/2018
f 2159/2117/2011 2164/2122/2016 2167/2125/2019
f 2163/2121/2015 2169/2127/2021 2168/2126/2020
f 2160/2118/2012 2166/2124/2018 2169/2127/2021
f 2165/2123/2017 2171/2129/2023 2170/2128/2022
f 2162/2120/2014 2168/2126/2020 2171/2129/2023
f 1890/1852/1751 1897/1859/1758 2172/2130/2024
f 2164/2122/2016 2170/2128/2022 2173/2131/2025
f 2169/2127/2021 2175/2133/2027 2174/2132/2026
f 2166/2124/2018 2172/2130/2024 2175/2133/2027
f 2171/2129/2023 2177/2135/2029 2176/2134/2028
f 2168/2126/2020 2174/2132/2026 2177/2135/2029
f 1897/1859/1758 3625/3289/3273 2178/2136/2030
f 2170/2128/2022 2176/2134/2028 2179/2137/2031
f 2175/2133/2027 2181/2139/2033 2180/2138/2032
f 2172/2130/2024 2178/2136/2030 2181/2139/2033
f 2177/2135/2029 2183/2141/2035 2182/2140/2034
f 2174/2132/2026 2180/2138/2032 2183/2141/2035
f 1903/1865/1764 1938/1898/1796 1955/1914/1812
f 2176/2134/2028 2182/2140/2034 2185/2143/2037
f 2186/2144/2038 1957/1916/1814 1961/1920/1818
f 1957/1916/1814 2186/2144/2038 2184/2142/2036
f 2188/2146/2040 1958/1917/1815 1960/1919/1817
f 1958/1917/1815 2188/2146/2040 2187/2145/2039
f 1966/1925/1823 3629/3293/2037 2189/2147/2034
f 1930/1890/1788 1911/1873/1771 1913/1875/1773
f 2057/2015/1773 1913/1875/1773 1912/1874/1772
f 1756/1718/1618 3630/3294/1778 1732/1694/1595
f 1916/1878/1776 1755/1717/1617 2062/2020/1915
f 2191/2149/2042 1917/1879/1777 1916/1878/1776
f 2038/1997/1892 2050/2009/1904 2192/2150/1909
f 2193/2151/2043 2092/2050/1944 2078/2036/1930
f 2195/2153/2045 2191/2149/2042 2052/2011/1906
f 2196/2154/2046 2246/2203/2092 2197/2155/2047
f 1931/1891/1789 1930/1890/1788 2074/2032/1926
f 2042/2001/1896 2041/2000/1895 2200/2158/2050
f 2201/2159/1803 1929/1748/1648 1737/1699/1600
f 2202/2160/2051 2071/2029/1923 2065/2023/1918
f 2203/2161/2052 2090/2048/1942 2091/2049/1943
f 1760/1722/1622 1769/1731/1631 2202/2160/2051
f 2064/2022/1917 2063/2021/1916 2204/2162/2053
f 1778/1740/1640 1777/1739/1639 2205/2163/2054
f 2075/2033/1927 2077/2035/1929 2206/2164/2055
f 1938/1898/1796 1643/1605/1506 1964/1923/1821
f 2208/2166/2057 1940/1900/1798 1933/1893/1791
f 2210/2168/2059 2086/2044/1938 2083/2041/1935
f 1933/1893/1791 3626/3290/3274 2211/2169/2060
f 2212/2170/2061 2081/2039/1933 2101/2059/1953
f 2214/2171/2062 3631/3295/3276 2215/2172/2063
f 2040/1999/1894 3632/3296/3277 2200/2158/2050
f 2217/2174/2065 2930/2878/2687 2218/2175/2066
f 2218/2175/2066 2930/2878/2687 1953/1912/1810
f 2221/2178/2069 2464/2420/2285 2222/2179/2070
f 2224/2181/2071 2223/2180/2070 2225/2182/2070
f 2227/2184/2073 2972/2920/2164 2228/2185/2074
f 2230/2187/2076 2312/2269/2151 2231/2188/2077
f 2317/2274/2156 3633/3297/3278 2235/2192/2081
f 3633/3297/3278 2233/2190/2079 2235/2192/2081
f 2236/2193/2082 2970/2918/2118 2237/2194/2083
f 2239/2196/2085 3634/3298/2086 2240/2197/2086
f 2227/2184/2073 3635/3299/3279 2242/2199/2088
f 2244/2201/2090 2251/2208/2096 2245/2202/2091
f 2246/2203/2092 2245/2202/2091 2247/2204/2093
f 2248/2205/2094 2253/2210/2098 2249/2206/2095
f 2250/2207/1753 2249/2206/2095 2251/2208/2096
f 2233/2190/2079 2261/2218/2106 2252/2209/2097
f 2234/2191/2080 2252/2209/2097 2253/2210/2098
f 2245/2202/2091 2256/2213/2101 2254/2211/2099
f 2249/2206/2095 2260/2217/2105 2255/2212/2100
f 2251/2208/2096 2255/2212/2100 2256/2213/2101
f 2257/2214/2102 2362/2318/2026 2258/2215/2103
f 2253/2210/2098 2271/2228/2116 2260/2217/2105
f 2261/2218/2106 2368/2324/2179 2262/2219/2107
f 2263/2220/2108 2360/2316/2196 2264/2221/2109
f 2265/2222/2110 2264/2221/2109 2266/2223/2111
f 2268/2225/2113 2353/2309/2189 2269/2226/2114
f 2252/2209/2097 2262/2219/2107 2271/2228/2116
f 2275/2232/2120 2227/2184/2073 2229/2186/2075
f 2277/2234/2070 2391/2347/2070 2278/2235/2122
f 2276/2233/2121 2229/2186/2075 2280/2237/2124
f 2282/2239/2126 3634/3298/2086 2239/2196/2085
f 2284/2241/2128 3636/3300/3280 2285/2242/2129
f 2287/2244/2070 2225/2182/2070 2288/2245/2070
f 2290/2247/2131 2234/2191/2080 2248/2205/2094
f 2266/2223/2111 2335/2291/2173 2292/2249/2133
f 2291/2248/2132 2248/2205/2094 2250/2207/1753
f 2295/2252/2136 2305/2262/2144 2296/2253/2086
f 2301/2258/2141 2431/2387/2256 2302/2259/2142
f 2304/2261/2086 2517/2471/2086 2296/2253/2086
f 2298/2255/2138 2295/2252/2136 2297/2254/2137
f 2304/2261/2086 2305/2262/2144 2306/2263/2145
f 2308/2265/2147 2329/2285/2168 2309/2266/2148
f 2311/2268/2150 2401/2357/2230 2312/2269/2151
f 2313/2270/2152 3637/3301/3281 2314/2271/2153
f 2316/2273/2155 3633/3297/3278 2317/2274/2156
f 2319/2276/2158 2354/2310/2190 2320/2277/2159
f 2225/2182/2070 2287/2244/2070 2323/2280/2162
f 2324/2199/2163 2316/2273/2155 2318/2275/2157
f 2326/2282/2165 3036/2982/2737 2327/2283/2166
f 2308/2265/2147 2975/2923/2127 2328/2284/2167
f 2294/2251/2135 2250/2207/1753 2244/2201/2090
f 2229/2186/2075 2228/2185/2074 2331/2287/2170
f 2333/2289/2171 2378/2334/2210 2334/2290/2172
f 2335/2291/2173 2334/2290/2172 2336/2292/2174
f 2337/2293/2175 2985/2932/2713 2338/2294/2176
f 2339/2295/2177 3638/3302/2191 2340/2296/2178
f 2327/2283/2166 3036/2982/2737 2342/2298/2180
f 2344/2300/2182 2265/2222/2110 2267/2224/2112
f 2346/2302/2184 2263/2220/2108 2265/2222/2110
f 2347/2303/2185 2367/2323/2202 2348/2304/2186
f 2259/2216/2104 2258/2215/2103 2350/2306/2166
f 2352/2308/2026 2372/2328/2206 2353/2309/2189
f 2238/2195/2084 2237/2194/2083 2320/2277/2159
f 2355/2311/2191 2263/2220/2108 2346/2302/2184
f 2356/2312/2192 2981/2929/2303 2357/2313/2193
f 2359/2315/2195 2370/2326/2204 2337/2293/2175
f 2361/2317/2197 2377/2333/2026 2362/2318/2026
f 2363/2319/2198 2366/2322/2201 2364/2320/2199
f 2366/2322/2201 2363/2319/2198 2348/2304/2186
f 2255/2212/2100 2345/2301/2183 2356/2312/2192
f 2256/2213/2101 2356/2312/2192 2358/2314/2194
f 2271/2228/2116 2346/2302/2184 2344/2300/2182
f 2260/2217/2105 2344/2300/2182 2345/2301/2183
f 2368/2324/2179 2341/2297/2179 2340/2296/2178
f 2262/2219/2107 2340/2296/2178 2346/2302/2184
f 2369/2325/2203 2985/2932/2713 2337/2293/2175
f 2264/2221/2109 2333/2289/2171 2335/2291/2173
f 2352/2308/2026 3639/3303/3282 2371/2327/2205
f 2373/2329/2191 2359/2315/2195 2360/2316/2196
f 2360/2316/2196 2337/2293/2175 2333/2289/2171
f 2267/2224/2112 2266/2223/2111 2293/2250/2134
f 2376/2332/2209 3639/3303/3282 2352/2308/2026
f 2380/2336/2212 2284/2241/2128 2286/2243/2130
f 2270/2227/2115 2327/2283/2166 2350/2306/2166
f 2377/2333/2026 2352/2308/2026 2268/2225/2113
f 2362/2318/2026 2268/2225/2113 2270/2227/2115
f 2382/2338/2214 2501/2457/2238 2383/2339/2215
f 2386/2342/2141 3635/3299/3279 2227/2184/2073
f 2387/2343/2218 2461/2417/2282 2388/2344/2219
f 2390/2346/2070 2960/2908/2703 2278/2235/2122
f 2231/2188/2077 2312/2269/2151 2392/2348/2221
f 2396/2352/2225 2457/2413/2279 2394/2350/2223
f 2457/2413/2279 2456/2412/2278 2394/2350/2223
f 2389/2345/2220 3640/3304/2730 2397/2353/2226
f 2232/2189/2078 2231/2188/2077 2399/2355/2228
f 2310/2267/2149 2309/2266/2148 2401/2357/2230
f 2381/2337/2213 2286/2243/2130 2402/2358/2231
f 2286/2243/2130 2285/2242/2129 2404/2360/2093
f 2405/2361/2233 2408/2364/2026 2406/2362/2234
f 2408/2364/2026 2381/2337/2213 2403/2359/2232
f 2396/2352/2225 2395/2351/2224 2409/2365/2236
f 2395/2351/2224 2405/2361/2233 2407/2363/2235
f 2402/2358/2231 2404/2360/2093 2411/2367/2238
f 2406/2362/2234 2403/2359/2232 2413/2369/2240
f 2403/2359/2232 2402/2358/2231 2412/2368/2239
f 2415/2371/2242 3014/2961/2725 2416/2372/2243
f 2407/2363/2235 2406/2362/2234 2414/2370/2241
f 2410/2366/2237 2409/2365/2236 2419/2375/2245
f 2421/2377/2247 2424/2380/2250 2422/2378/2248
f 2424/2380/2250 2482/2438/2302 2425/2381/2251
f 2426/2382/1753 2343/2299/2181 2342/2298/2180
f 2409/2365/2236 2407/2363/2235 2418/2374/2244
f 2428/2384/2253 3641/3305/2292 2429/2385/2254
f 2431/2387/2256 2387/2343/2218 2389/2345/2220
f 2223/2180/2070 2222/2179/2070 2288/2245/2070
f 2385/2341/2217 2287/2244/2070 2289/2246/2070
f 2296/2253/2086 2517/2471/2086 2433/2389/2086
f 2330/2286/2169 2244/2201/2090 2246/2203/2092
f 2302/2259/2142 2389/2345/2220 2398/2354/2227
f 2435/2391/2259 2445/2401/2267 2405/2361/2233
f 2425/2381/2251 2506/2462/2321 2436/2392/2260
f 2438/2394/2086 2517/2471/2086 2304/2261/2086
f 2440/2396/2263 2380/2336/2212 2381/2337/2213
f 2289/2246/2070 3013/2960/2123 2441/2397/2264
f 2442/2398/2265 2447/2403/2269 2443/2399/2086
f 2445/2401/2267 2440/2396/2263 2408/2364/2026
f 2448/2404/2270 2439/2395/2262 2304/2261/2086
f 2309/2266/2148 2329/2285/2168 2449/2405/2271
f 2312/2269/2151 2401/2357/2230 2451/2407/2273
f 2452/2408/2274 2521/2474/2331 2453/2409/2275
f 2455/2411/2277 2513/2468/2328 2456/2412/2278
f 2458/2414/2264 3642/3306/2229 2459/2415/2280
f 2463/2419/2284 2959/2907/2703 2222/2179/2070
f 2465/2421/2286 2303/2260/2143 2302/2259/2142
f 2467/2423/2287 2421/2377/2247 2468/2424/2288
f 2328/2284/2167 3028/2975/2735 2449/2405/2271
f 2444/2400/2266 2443/2399/2086 2438/2394/2086
f 2473/2429/2293 2437/2393/2261 2474/2430/2294
f 2437/2393/2261 2436/2392/2260 2476/2432/2296
f 2477/2433/2297 2473/2429/2293 2478/2434/2298
f 2480/2436/2300 2382/2338/2214 2481/2437/2301
f 2345/2301/2183 2267/2224/2112 2483/2439/2303
f 2484/2440/2304 2480/2436/2300 2482/2438/2302
f 2467/2423/2287 2484/2440/2304 2424/2380/2250
f 2485/2441/2305 2351/2307/2188 2350/2306/2166
f 2486/2442/2306 3643/3307/2743 2487/2443/2307
f 2489/2445/1753 2426/2382/1753 2427/2383/2252
f 2459/2415/2280 2428/2384/2253 2430/2386/2255
f 2469/2425/2289 3644/3308/2728 2491/2447/2310
f 2493/2449/2311 2375/2331/2208 2377/2333/2026
f 2494/2450/2312 2423/2379/2249 2477/2433/2297
f 2496/2452/2314 2415/2371/2242 2417/2373/1753
f 2498/2454/2315 2509/2465/2324 2499/2455/2316
f 2500/2456/2317 3643/3307/2743 2486/2442/2306
f 2413/2369/2240 2412/2368/2239 2382/2338/2214
f 2412/2368/2239 2411/2367/2238 2501/2457/2238
f 2418/2374/2244 2414/2370/2241 2484/2440/2304
f 2414/2370/2241 2413/2369/2240 2480/2436/2300
f 2420/2376/2246 2419/2375/2245 2469/2425/2289
f 2419/2375/2245 2418/2374/2244 2467/2423/2287
f 2477/2433/2297 2479/2435/2299 2502/2458/2318
f 2422/2378/2248 2425/2381/2251 2437/2393/2261
f 2489/2445/1753 2490/2446/2309 2503/2459/2319
f 2505/2461/2288 2421/2377/2247 2423/2379/2249
f 2423/2379/2249 2422/2378/2248 2473/2429/2293
f 2482/2438/2302 3645/3309/2301 2506/2462/2321
f 2489/2445/1753 2504/2460/2320 2508/2464/2323
f 2350/2306/2166 2327/2283/2166 2343/2299/2181
f 2497/2453/1753 2417/2373/1753 2426/2382/1753
f 2417/2373/1753 2416/2372/2243 2343/2299/2181
f 2511/2467/2326 2496/2452/2314 2497/2453/1753
f 2512/2421/2327 3646/3310/2258 2513/2468/2328
f 2399/2355/2228 2231/2188/2077 2393/2349/2222
f 2515/2229/2329 3637/3301/3281 2313/2270/2152
f 2438/2394/2086 2443/2399/2086 2433/2389/2086
f 2452/2408/2274 2454/2410/2276 2518/2426/2290
f 2450/2406/2272 2451/2407/2273 2401/2357/2230
f 2520/2473/2268 2453/2409/2275 2521/2474/2331
f 2523/2476/2332 3647/3311/3283 2315/2272/2154
f 2524/2477/2333 2528/2481/2336 2525/2478/1753
f 2527/2480/2335 2539/2492/2347 2525/2478/1753
f 2525/2478/1753 2531/2484/2339 2529/2482/2337
f 2525/2478/1753 2539/2492/2347 2530/2483/2338
f 2532/2485/2340 2534/2487/2342 2524/2477/2333
f 2534/2487/2342 2536/2489/2344 2528/2481/2336
f 2535/2488/2343 2527/2480/2335 2528/2481/2336
f 2537/2490/2345 2538/2491/2346 2527/2480/2335
f 2538/2491/2346 2577/2530/2385 2539/2492/2347
f 2539/2492/2347 2577/2530/2385 2540/2493/2348
f 2530/2483/2338 2540/2493/2348 2541/2494/2349
f 2531/2484/2339 2530/2483/2338 2542/2495/2350
f 2531/2484/2339 2543/2496/2351 2544/2497/2352
f 2529/2482/2337 2544/2497/2352 2545/2498/2353
f 2526/2479/2334 2529/2482/2337 2546/2499/2354
f 2533/2486/2341 2524/2477/2333 2526/2479/2334
f 2548/2501/2356 2552/2505/2360 2549/2502/2357
f 2548/2501/2356 2554/2507/2362 2551/2504/2359
f 2545/2498/2353 2544/2497/2352 2550/2503/2358
f 2543/2496/2351 2548/2501/2356 2550/2503/2358
f 2543/2496/2351 2542/2495/2350 2554/2507/2362
f 2541/2494/2349 2576/2529/2384 2554/2507/2362
f 2554/2507/2362 2576/2529/2384 2555/2508/2363
f 2550/2503/2358 2549/2502/2357 2556/2509/2364
f 2557/2510/2365 2561/2514/2369 2558/2511/2366
f 2560/2513/2368 2563/2516/2371 2558/2511/2366
f 2562/2515/2370 2579/2532/2387 2563/2516/2371
f 2563/2516/2371 2579/2532/2387 2537/2490/2345
f 2563/2516/2371 2535/2488/2343 2536/2489/2344
f 2559/2512/2367 2558/2511/2366 2536/2489/2344
f 2559/2512/2367 2534/2487/2342 2532/2485/2340
f 2565/2518/2373 2557/2510/2365 2559/2512/2367
f 2566/2519/2374 2595/2548/2403 2567/2520/2375
f 2567/2520/2375 2595/2548/2403 2569/2522/2377
f 2545/2498/2353 2553/2506/2361 2568/2521/2376
f 2556/2509/2364 2566/2519/2374 2568/2521/2376
f 2570/2523/2378 2569/2522/2377 2565/2518/2373
f 2570/2523/2378 2564/2517/2372 2532/2485/2340
f 2547/2500/2355 2567/2520/2375 2570/2523/2378
f 2568/2521/2376 2567/2520/2375 2547/2500/2355
f 2571/2524/2379 2575/2528/2383 2572/2525/2380
f 2572/2525/2380 2578/2531/2386 2574/2527/2382
f 2555/2508/2363 2576/2529/2384 2575/2528/2383
f 2541/2494/2349 2540/2493/2348 2575/2528/2383
f 2575/2528/2383 2540/2493/2348 2577/2530/2385
f 2577/2530/2385 2538/2491/2346 2578/2531/2386
f 2578/2531/2386 2538/2491/2346 2537/2490/2345
f 2578/2531/2386 2579/2532/2387 2562/2515/2370
f 2574/2527/2382 2562/2515/2370 2580/2533/2388
f 2569/2522/2377 2595/2548/2403 2582/2535/2390
f 2551/2504/2359 2555/2508/2363 2584/2537/2392
f 2555/2508/2363 2571/2524/2379 2586/2539/2394
f 2556/2509/2364 2549/2502/2357 2587/2540/2395
f 2565/2518/2373 2594/2547/2402 2589/2542/2397
f 2552/2505/2360 2590/2543/2398 2587/2540/2395
f 2552/2505/2360 2551/2504/2359 2585/2538/2393
f 2573/2526/2381 2596/2549/2404 2586/2539/2394
f 2562/2515/2370 2560/2513/2368 2591/2544/2399
f 2556/2509/2364 2588/2541/2396 2592/2545/2400
f 2557/2510/2365 2589/2542/2397 2593/2546/2401
f 2565/2518/2373 2569/2522/2377 2583/2536/2391
f 2561/2514/2369 2593/2546/2401 2591/2544/2399
f 2595/2548/2403 2566/2519/2374 2592/2545/2400
f 2574/2527/2382 2581/2534/2389 2596/2549/2404
f 2597/2550/2405 2627/2580/2427 2598/2551/2406
f 2600/2553/2407 2629/2582/2408 2601/2554/2408
f 2603/2556/2410 2606/2559/2411 2604/2557/2411
f 2606/2559/2411 2615/2568/2412 2607/2560/2412
f 2608/2561/2413 2632/2585/2430 2609/2562/2414
f 2611/2564/2415 2644/2597/2440 2612/2565/2416
f 2614/2567/2418 3648/3312/2418 2607/2560/2412
f 2616/2569/2419 2603/2556/2410 2605/2558/2410
f 2618/2571/2420 2631/2584/2421 2619/2572/2421
f 2621/2574/2422 2618/2571/2420 2620/2573/2420
f 2623/2576/2423 2652/2605/2448 2624/2577/2424
f 2597/2550/2405 2696/2649/2426 2626/2579/2426
f 2628/2581/2428 2630/2583/2429 2601/2554/2408
f 2616/2569/2419 2617/2570/2419 2630/2583/2429
f 2600/2553/2407 2602/2555/2409 2619/2572/2421
f 2621/2574/2422 2622/2575/2422 2632/2585/2430
f 2633/2586/2400 2625/2578/2425 2624/2577/2424
f 2635/2588/2432 2660/2613/2455 2636/2589/2433
f 2638/2591/2435 2650/2603/2446 2639/2592/2436
f 2641/2594/2404 2646/2599/2442 2642/2595/2438
f 2638/2591/2435 2640/2593/2437 2644/2597/2440
f 2641/2594/2404 2647/2600/2443 2645/2598/2441
f 2647/2600/2443 2613/2566/2417 2612/2565/2416
f 2643/2596/2439 2642/2595/2438 2648/2601/2444
f 2650/2603/2446 2637/2590/2434 2636/2589/2433
f 2651/2604/2447 2658/2611/2453 2652/2605/2448
f 2653/2606/2449 2610/2563/2414 2609/2562/2414
f 2655/2608/2450 2633/2586/2400 2634/2587/2431
f 2651/2604/2447 2661/2614/2456 2657/2610/2452
f 2659/2612/2454 2689/2642/2451 2660/2613/2455
f 2661/2614/2456 2649/2602/2445 2648/2601/2444
f 2658/2611/2453 2663/2616/2458 2662/2615/2457
f 2663/2616/2458 2667/2620/2462 2664/2617/2459
f 2658/2611/2453 2657/2610/2452 2665/2618/2460
f 2663/2616/2458 2665/2618/2460 2666/2619/2461
f 2668/2621/2463 2666/2619/2461 2665/2618/2460
f 2669/2622/2464 2665/2618/2460 2657/2610/2452
f 2652/2605/2448 2662/2615/2457 2670/2623/2465
f 2662/2615/2457 2664/2617/2459 2671/2624/2466
f 2672/2625/2467 2676/2629/2471 2673/2626/2468
f 2674/2627/2469 2673/2626/2468 2640/2593/2437
f 2675/2628/2470 2677/2630/2472 2673/2626/2468
f 2677/2630/2472 2644/2597/2440 2640/2593/2437
f 2644/2597/2440 2677/2630/2472 2678/2631/2473
f 2677/2630/2472 2675/2628/2470 2679/2632/2474
f 2680/2633/2475 2672/2625/2467 2674/2627/2469
f 2681/2634/2476 2674/2627/2469 2639/2592/2436
f 2682/2635/2477 2835/2788/2482 2683/2636/2478
f 2684/2637/2479 2683/2636/2478 2656/2609/2451
f 2685/2638/2480 2688/2641/2483 2686/2639/2481
f 2688/2641/2483 2660/2613/2455 2689/2642/2451
f 2671/2624/2466 2682/2635/2477 2684/2637/2479
f 2670/2623/2465 2684/2637/2479 2634/2587/2431
f 2660/2613/2455 2688/2641/2483 2681/2634/2476
f 2688/2641/2483 2685/2638/2480 2680/2633/2475
f 2646/2599/2442 2691/2644/2485 2690/2643/2484
f 2691/2644/2485 2695/2648/2489 2692/2645/2486
f 2646/2599/2442 2645/2598/2441 2693/2646/2487
f 2691/2644/2485 2693/2646/2487 2694/2647/2488
f 2642/2595/2438 2690/2643/2484 2669/2622/2464
f 2690/2643/2484 2692/2645/2486 2668/2621/2463
f 2679/2632/2474 2694/2647/2488 2693/2646/2487
f 2678/2631/2473 2693/2646/2487 2645/2598/2441
f 2696/2649/2426 2653/2606/2449 2654/2607/2449
f 2697/2650/2490 2702/2655/2494 2698/2651/2026
f 2698/2651/2026 2704/2657/2496 2700/2653/2492
f 2701/2654/2493 2714/2667/2506 2698/2651/2026
f 2698/2651/2026 2714/2667/2506 2703/2656/2495
f 2705/2658/2497 2720/2673/2512 2697/2650/2490
f 2706/2659/2498 2697/2650/2490 2699/2652/2491
f 2699/2652/2491 2700/2653/2492 2708/2661/2500
f 2700/2653/2492 2710/2663/2502 2709/2662/2501
f 2704/2657/2496 2712/2665/2504 2710/2663/2502
f 2704/2657/2496 2703/2656/2495 2711/2664/2503
f 2703/2656/2495 2715/2668/2507 2713/2666/2505
f 2714/2667/2506 2726/2679/2518 2715/2668/2507
f 2716/2669/2508 2726/2679/2518 2714/2667/2506
f 2717/2670/2509 2716/2669/2508 2701/2654/2493
f 2718/2671/2510 2701/2654/2493 2702/2655/2494
f 2720/2673/2512 2719/2672/2511 2702/2655/2494
f 2721/2674/2513 2759/2712/2551 2722/2675/2514
f 2722/2675/2514 2759/2712/2551 2724/2677/2516
f 2717/2670/2509 2730/2683/2522 2723/2676/2515
f 2723/2676/2515 2722/2675/2514 2726/2679/2518
f 2726/2679/2518 2722/2675/2514 2725/2678/2517
f 2725/2678/2517 2728/2681/2520 2713/2666/2505
f 2725/2678/2517 2724/2677/2516 2727/2680/2519
f 2729/2682/2521 2721/2674/2513 2723/2676/2515
f 2731/2684/2523 2738/2691/2530 2732/2685/2524
f 2732/2685/2524 2735/2688/2527 2734/2687/2526
f 2735/2688/2527 2737/2690/2529 2736/2689/2528
f 2735/2688/2527 2708/2661/2500 2709/2662/2501
f 2707/2660/2499 2708/2661/2500 2735/2688/2527
f 2738/2691/2530 2706/2659/2498 2707/2660/2499
f 2705/2658/2497 2706/2659/2498 2738/2691/2530
f 2740/2693/2532 2739/2692/2531 2738/2691/2530
f 2741/2694/2533 2745/2698/2537 2742/2695/2534
f 2741/2694/2533 2746/2699/2538 2744/2697/2536
f 2717/2670/2509 2718/2671/2510 2743/2696/2535
f 2743/2696/2535 2742/2695/2534 2729/2682/2521
f 2746/2699/2538 2739/2692/2531 2740/2693/2532
f 2705/2658/2497 2739/2692/2531 2746/2699/2538
f 2719/2672/2511 2720/2673/2512 2746/2699/2538
f 2719/2672/2511 2741/2694/2533 2743/2696/2535
f 2747/2700/2539 2751/2704/2543 2748/2701/2540
f 2750/2703/2542 2752/2705/2544 2748/2701/2540
f 2727/2680/2519 2747/2700/2539 2749/2702/2541
f 2749/2702/2541 2711/2664/2503 2713/2666/2505
f 2749/2702/2541 2748/2701/2540 2712/2665/2504
f 2752/2705/2544 2710/2663/2502 2712/2665/2504
f 2752/2705/2544 2737/2690/2529 2709/2662/2501
f 2736/2689/2528 2737/2690/2529 2752/2705/2544
f 2753/2706/2545 2762/2715/2554 2736/2689/2528
f 2744/2697/2536 2765/2718/2557 2754/2707/2546
f 2724/2677/2516 2760/2713/2552 2755/2708/2547
f 2755/2708/2547 3649/3313/3284 2747/2700/2539
f 2756/2709/2548 2758/2711/2550 2721/2674/2513
f 2757/2710/2549 3650/3314/3285 2740/2693/2532
f 2758/2711/2550 3651/3315/2596 2759/2712/2551
f 2759/2712/2551 3651/3315/2596 2760/2713/2552
f 2747/2700/2539 3649/3313/3284 2761/2714/2553
f 2762/2715/2554 2766/2719/2558 2734/2687/2526
f 2763/2716/2555 2756/2709/2548 2729/2682/2521
f 2764/2717/2556 2757/2710/2549 2731/2684/2523
f 2740/2693/2532 3650/3314/3285 2765/2718/2557
f 2766/2719/2558 2764/2717/2556 2733/2686/2525
f 2745/2698/2537 2754/2707/2546 2763/2716/2555
f 2761/2714/2553 2753/2706/2545 2750/2703/2542
f 2767/2720/2559 2598/2551/2406 2627/2580/2427
f 2769/2722/2561 2602/2555/2409 2601/2554/2408
f 2605/2558/2410 2604/2557/2411 2771/2724/2563
f 2771/2724/2563 2604/2557/2411 2607/2560/2412
f 2774/2727/2566 2609/2562/2414 2632/2585/2430
f 2776/2729/2568 2799/2752/2590 2777/2730/2569
f 2607/2560/2412 3648/3312/2418 2779/2732/2559
f 2617/2570/2419 2605/2558/2410 2772/2725/2564
f 2620/2573/2420 2619/2572/2421 2781/2734/2572
f 2783/2736/2574 2622/2575/2422 2620/2573/2420
f 2784/2737/2575 2804/2757/2595 2785/2738/2576
f 2627/2580/2427 2626/2579/2426 2787/2740/2578
f 2770/2723/2562 2601/2554/2408 2630/2583/2429
f 2630/2583/2429 2617/2570/2419 2780/2733/2571
f 2781/2734/2572 2619/2572/2421 2602/2555/2409
f 2775/2728/2567 2632/2585/2430 2622/2575/2422
f 2789/2742/2580 2808/2761/2599 2784/2737/2575
f 2790/2743/2581 2811/2764/2602 2791/2744/2582
f 2793/2746/2584 2821/2774/2611 2794/2747/2585
f 2796/2749/2587 2832/2785/2620 2797/2750/2588
f 2799/2752/2590 2821/2774/2611 2793/2746/2584
f 2797/2750/2588 2832/2785/2620 2800/2753/2591
f 2801/2754/2592 2800/2753/2591 2776/2729/2568
f 2802/2755/2593 2796/2749/2587 2798/2751/2589
f 2795/2748/2586 2794/2747/2585 2790/2743/2581
f 2804/2757/2595 2814/2767/2604 2805/2758/2596
f 2654/2607/2449 2609/2562/2414 2774/2727/2566
f 2807/2760/2598 2827/2780/2617 2808/2761/2599
f 2805/2758/2596 2814/2767/2604 2809/2762/2600
f 2811/2764/2602 2829/2782/2617 2812/2765/2598
f 2810/2763/2601 2809/2762/2600 2802/2755/2593
f 2813/2766/2603 2815/2768/2605 2814/2767/2604
f 2806/2759/2597 2774/2727/2566 2815/2768/2605
f 2814/2767/2604 2815/2768/2605 2816/2769/2606
f 2815/2768/2605 2774/2727/2566 2775/2728/2567
f 2783/2736/2574 2817/2770/2607 2816/2769/2606
f 2817/2770/2607 2802/2755/2593 2809/2762/2600
f 2818/2771/2608 2813/2766/2603 2804/2757/2595
f 2787/2740/2578 2806/2759/2597 2813/2766/2603
f 2772/2725/2564 2820/2773/2610 2819/2772/2609
f 2820/2773/2610 2794/2747/2585 2821/2774/2611
f 2819/2772/2609 2822/2775/2612 2788/2741/2579
f 2821/2774/2611 2799/2752/2590 2822/2775/2612
f 2823/2776/2613 2822/2775/2612 2799/2752/2590
f 2770/2723/2562 2788/2741/2579 2822/2775/2612
f 2771/2724/2563 2824/2777/2614 2820/2773/2610
f 2824/2777/2614 2790/2743/2581 2794/2747/2585
f 2768/2721/2560 2826/2779/2616 2825/2778/2615
f 2826/2779/2616 2808/2761/2599 2827/2780/2617
f 2828/2781/2615 2830/2783/2618 2773/2726/2565
f 2829/2782/2617 2811/2764/2602 2830/2783/2618
f 2787/2740/2578 2818/2771/2608 2826/2779/2616
f 2818/2771/2608 2784/2737/2575 2808/2761/2599
f 2824/2777/2614 2830/2783/2618 2811/2764/2602
f 2771/2724/2563 2773/2726/2565 2830/2783/2618
f 2831/2784/2619 2833/2786/2621 2832/2785/2620
f 2782/2735/2573 2781/2734/2572 2833/2786/2621
f 2832/2785/2620 2833/2786/2621 2834/2787/2622
f 2833/2786/2621 2781/2734/2572 2769/2722/2561
f 2817/2770/2607 2831/2784/2619 2796/2749/2587
f 2783/2736/2574 2782/2735/2573 2831/2784/2619
f 2770/2723/2562 2823/2776/2613 2834/2787/2622
f 2823/2776/2613 2776/2729/2568 2800/2753/2591
f 2626/2579/2426 2654/2607/2449 2806/2759/2597
f 2671/2624/2466 2664/2617/2459 2653/2606/2449
f 2667/2620/2462 2610/2563/2414 2653/2606/2449
f 2666/2619/2461 2668/2621/2463 2621/2574/2422
f 2694/2647/2488 2600/2553/2407 2631/2584/2421
f 2676/2629/2471 2616/2569/2419 2628/2581/2428
f 2675/2628/2470 2628/2581/2428 2629/2582/2408
f 2671/2624/2466 2696/2649/2426 2597/2550/2405
f 2668/2621/2463 2692/2645/2486 2618/2571/2420
f 2692/2645/2486 2695/2648/2489 2631/2584/2421
f 2676/2629/2471 2672/2625/2467 2603/2556/2410
f 2687/2640/2482 2614/2567/2418 2615/2568/2412
f 2667/2620/2462 2666/2619/2461 2608/2561/2413
f 2680/2633/2475 2685/2638/2480 2615/2568/2412
f 2672/2625/2467 2680/2633/2475 2606/2559/2411
f 2679/2632/2474 2629/2582/2408 2600/2553/2407
f 2835/2788/2482 2682/2635/2477 2597/2550/2405
f 2866/2814/1635 1762/1724/1624 1764/1726/1626
f 2868/2816/2646 1761/1723/1623 1762/1724/1624
f 2870/2818/2648 1759/1721/1621 1761/1723/1623
f 2872/2820/2649 3652/3316/2650 1770/1732/1632
f 2873/2821/2650 3653/3317/3286 1771/1733/1633
f 1927/1888/1786 3654/3318/3287 2874/2822/2651
f 2875/2823/1618 1927/1888/1786 1740/1702/1603
f 1915/1877/1775 1748/1710/1611 2877/2825/2652
f 2879/2827/2653 1748/1710/1611 1747/1709/1610
f 2881/2829/2655 1952/1911/1809 1951/1910/1808
f 1768/1730/1630 3655/3319/3288 2883/2831/2657
f 2884/2832/2658 3656/3320/3289 1750/1712/1613
f 2885/2833/1641 1752/1714/1615 1774/1736/1636
f 2887/2835/2660 1925/1886/1784 1924/1885/1783
f 1768/1730/1630 1767/1729/1629 2889/2837/2662
f 1954/1913/1811 3657/3321/3290 2891/2839/1633
f 2892/2840/2664 3657/3321/3290 1954/1913/1811
f 2893/2841/2665 3658/3322/2667 1791/1753/1653
f 2894/2842/2666 1797/1759/1658 1791/1753/1653
f 2896/2844/2668 3659/3323/3291 1781/1743/1643
f 2897/2845/1652 1782/1744/1644 1781/1743/1643
f 2899/2847/1792 2845/2796/1797 1941/1901/1799
f 2900/2848/2669 3660/3324/1790 1787/1749/1649
f 2902/2850/2671 1795/1757/1656 1794/1756/1655
f 2904/2852/1652 3661/3325/3292 1794/1756/1655
f 1787/1749/1649 3662/3326/3293 2906/2854/2673
f 2899/2847/1792 1942/1902/1800 2843/2794/2627
f 2886/2834/2659 1774/1736/1636 1926/1887/1785
f 1764/1726/1626 1935/1895/1793 2908/2856/2674
f 1935/1895/1793 2066/2024/1919 2909/2857/2675
f 2066/2024/1919 2073/2031/1925 2911/2859/2676
f 2072/2030/1924 3663/3327/3294 2913/2861/2676
f 2914/2862/2677 3664/3328/3295 2915/2863/2678
f 2916/2864/2679 3665/3329/2050 2054/2013/1908
f 2195/2153/2045 2054/2013/1908 2917/2865/2680
f 2919/2867/1805 1914/1876/1774 1915/1877/1775
f 2053/2012/1907 1914/1876/1774 2920/2868/1805
f 2217/2174/2065 2219/2176/2067 2922/2870/2681
f 2924/2872/2683 3666/3330/2056 2069/2027/1922
f 2058/2016/1911 3667/3331/1909 2925/2873/1902
f 2074/2032/1926 2059/2017/1912 2926/2874/1902
f 1924/1885/1783 1931/1891/1789 2928/2876/2685
f 2218/2175/2066 3668/3332/3296 2929/2877/2686
f 2847/2798/2629 3669/3333/3297 2930/2878/2687
f 2930/2878/2687 3669/3333/3297 2892/2840/2664
f 2090/2048/1942 3670/3334/1936 2931/2879/1939
f 2090/2048/1942 2203/2161/2052 2933/2881/2689
f 2080/2038/1932 3671/3335/1940 2935/2883/2691
f 2080/2038/1932 2082/2040/1934 2936/2884/2692
f 2938/2886/2634 2208/2166/2057 2209/2167/2058
f 1945/1904/1802 3672/3336/2632 2940/2888/2669
f 2215/2172/2063 3631/3295/3276 2941/2889/2671
f 2215/2172/2063 2854/2804/2634 2942/2890/2692
f 2943/2891/2695 2853/2803/2633 1945/1904/1802
f 2944/2892/2633 3673/3337/1938 2209/2167/2058
f 2199/2157/2049 2074/2032/1926 2927/2875/2684
f 2946/2894/2696 3674/3338/2698 2196/2154/2046
f 2947/2895/2697 2330/2286/2169 2196/2154/2046
f 2949/2897/2699 2294/2251/2135 2330/2286/2169
f 2951/2899/2699 3675/3339/3298 2291/2248/2132
f 2276/2233/2121 2281/2238/2125 2952/2900/2285
f 2954/2902/2285 2281/2238/2125 2322/2279/2161
f 2275/2232/2120 3676/3340/2702 2956/2904/2701
f 2957/2905/2702 2275/2232/2120 2276/2233/2121
f 2400/2356/2229 2321/2278/2160 2320/2277/2159
f 2390/2346/2070 2222/2179/2070 2959/2907/2703
f 2293/2250/2134 3677/3341/3299 2961/2909/2104
f 2962/2910/2704 3678/3342/2189 2359/2315/2195
f 2963/2911/2705 2955/2903/2284 2322/2279/2161
f 2964/2912/2705 2332/2288/2124 2331/2287/2170
f 2390/2346/2070 2391/2347/2070 2288/2245/2070
f 2433/2389/2086 3634/3298/2086 2282/2239/2126
f 2966/2914/2329 2325/2281/2164 2318/2275/2157
f 2968/2916/2708 2310/2267/2149 2311/2268/2150
f 2970/2918/2118 2311/2268/2150 2230/2187/2076
f 2971/2919/2329 3679/3343/2119 2228/2185/2074
f 2973/2921/2709 3680/3344/3300 2317/2274/2156
f 2974/2922/2154 3681/3345/3301 2975/2923/2127
f 2976/2924/2332 2290/2247/2131 2291/2248/2132
f 2317/2274/2156 3682/3346/3302 2978/2926/2710
f 2310/2267/2149 3683/3347/2152 2979/2927/2154
f 2299/2256/2139 2297/2254/2137 2282/2239/2126
f 2980/2928/2711 3684/3348/3303 2357/2313/2193
f 2982/2910/2114 3638/3302/2191 2339/2295/2177
f 2334/2290/2172 3685/3349/3304 2984/2931/2636
f 2985/2932/2713 2369/2325/2203 2859/2808/2639
f 2336/2292/2174 3686/3350/3305 2987/2934/2197
f 2988/2935/2714 2369/2325/2203 2370/2326/2204
f 2292/2249/2133 3687/3351/3306 2990/2937/2102
f 2991/2938/2189 3688/3352/3307 2370/2326/2204
f 2992/2939/2716 2378/2334/2210 2338/2294/2176
f 2348/2304/2186 2363/2319/2198 2994/2941/2718
f 2996/2943/2716 3689/3353/3308 2334/2290/2172
f 2997/2944/2720 3690/3354/2209 2363/2319/2198
f 2985/2932/2713 3691/3355/2199 2998/2945/2717
f 2999/2946/2208 3692/3356/3305 2349/2305/2187
f 3000/2947/2721 2365/2321/2200 2379/2335/2211
f 3002/2949/2128 2448/2404/2270 2307/2264/2146
f 3004/2951/2128 3693/3357/2212 2439/2395/2262
f 3005/2952/2212 3694/3358/2263 2444/2400/2266
f 3006/2953/2722 2442/2398/2265 2444/2400/2266
f 2432/2388/2257 3695/3359/2282 3008/2955/2723
f 3009/2956/2724 3696/3360/3309 2432/2388/2257
f 2226/2183/2072 2323/2280/2162 3010/2957/2256
f 3012/2959/2218 3697/3361/2256 2323/2280/2162
f 2459/2415/2280 3642/3306/2229 2514/2469/2229
f 3013/2960/2123 2289/2246/2070 2277/2234/2070
f 3014/2961/2725 2415/2371/2242 3015/2962/2726
f 3017/2964/2727 2427/2383/2252 2342/2298/2180
f 3019/2966/2729 2458/2414/2264 2460/2416/2281
f 3021/2968/2731 3698/3362/3310 2460/2416/2281
f 2288/2245/2070 2391/2347/2070 2277/2234/2070
f 2240/2197/2086 3634/3298/2086 2433/2389/2086
f 2513/2468/2328 3646/3310/2258 3022/2969/2732
f 2451/2407/2273 2450/2406/2272 3024/2971/2274
f 2451/2407/2273 3641/3305/2292 2428/2384/2253
f 2398/2354/2227 3699/3363/2291 3026/2973/2290
f 2456/2412/2278 3700/3364/3311 3027/2974/2734
f 3028/2975/2735 3701/3365/3312 3029/2976/2331
f 3030/2977/2722 3702/3366/2223 2446/2402/2268
f 3031/2978/2736 3703/3367/3311 2456/2412/2278
f 3032/2979/2331 3704/3368/2274 2450/2406/2272
f 2240/2197/2086 2443/2399/2086 2447/2403/2269
f 3033/2980/2215 2351/2307/2188 2485/2441/2305
f 3035/2981/2177 3018/2965/2728 2342/2298/2180
f 2861/2810/2308 3705/3369/2307 2474/2430/2294
f 3037/2983/2738 2502/2458/2318 2479/2435/2299
f 2496/2452/2314 2511/2467/2326 3039/2985/2296
f 3041/2987/2740 3706/3370/3313 2503/2459/2319
f 2415/2371/2242 2496/2452/2314 3042/2988/2260
f 3044/2990/2740 2490/2446/2309 2427/2383/2252
f 2478/2434/2298 2475/2431/2295 3046/2992/2741
f 2508/2464/2323 3707/3371/3314 3048/2994/2306
f 2474/2430/2294 3708/3372/2307 3049/2995/2743
f 3050/2996/2744 2508/2464/2323 2504/2460/2320
f 3052/2998/2742 3709/3373/2316 2479/2435/2299
f 3053/2999/2308 2511/2467/2326 2507/2463/2322
f 3055/3001/2747 3710/3374/2745 2504/2460/2320
f 3056/3002/2748 2331/2287/2170 2228/2185/2074
f 2237/2194/2083 2230/2187/2076 2232/2189/2078
f 3058/3004/2749 3021/2968/2731 2430/2386/2255
f 2393/2349/2222 2392/2348/2221 2428/2384/2253
f 2063/2021/1916 1765/1727/1627 2067/2025/1920
f 3059/3005/2750 3064/3010/2755 3060/3006/2751
f 3060/3006/2751 3064/3010/2755 3062/3008/2753
f 3064/3010/2755 3066/3012/2757 3065/3011/2756
f 3066/3012/2757 3068/3014/2759 3067/3013/2758
f 3068/3014/2759 3070/3016/2761 3069/3015/2760
f 3070/3016/2761 3073/3019/2764 3071/3017/2762
f 3072/3018/2763 3075/3021/2766 3071/3017/2762
f 3074/3020/2765 3376/3166/3066 3075/3021/2766
f 3076/3022/2767 3711/3159/3315 3074/3020/2765
f 3076/3022/2767 3072/3018/2763 3073/3019/2764
f 3077/3023/2768 3073/3019/2764 3070/3016/2761
f 3079/3025/2770 3078/3024/2769 3070/3016/2761
f 3080/3026/2771 3079/3025/2770 3068/3014/2759
f 3080/3026/2771 3066/3012/2757 3064/3010/2755
f 3081/3027/2772 3086/3032/2777 3082/3028/2773
f 3082/3028/2773 3086/3032/2777 3084/3030/2775
f 3086/3032/2777 3088/3034/2779 3087/3033/2778
f 3088/3034/2779 3090/3036/2781 3089/3035/2780
f 3090/3036/2781 3092/3038/2783 3091/3037/2782
f 3092/3038/2783 3095/3041/2786 3093/3039/2784
f 3094/3040/2785 3097/3043/2788 3093/3039/2784
f 3096/3042/2787 3396/3167/3084 3097/3043/2788
f 3098/3044/2789 3712/3160/3316 3096/3042/2787
f 3098/3044/2789 3094/3040/2785 3095/3041/2786
f 3099/3045/2790 3095/3041/2786 3092/3038/2783
f 3101/3047/2792 3100/3046/2791 3092/3038/2783
f 3102/3048/2793 3101/3047/2792 3090/3036/2781
f 3102/3048/2793 3088/3034/2779 3086/3032/2777
f 3103/3049/2794 3108/3054/2799 3104/3050/2795
f 3104/3050/2795 3108/3054/2799 3106/3052/2797
f 3108/3054/2799 3110/3056/2801 3109/3055/2800
f 3110/3056/2801 3112/3058/2803 3111/3057/2802
f 3112/3058/2803 3114/3060/2805 3113/3059/2804
f 3114/3060/2805 3117/3063/2808 3115/3061/2806
f 3116/3062/2807 3119/3065/2810 3115/3061/2806
f 3118/3064/2809 3416/3168/3101 3119/3065/2810
f 3120/3066/2811 3713/3161/3317 3118/3064/2809
f 3120/3066/2811 3116/3062/2807 3117/3063/2808
f 3121/3067/2812 3117/3063/2808 3114/3060/2805
f 3123/3069/2814 3122/3068/2813 3114/3060/2805
f 3124/3070/2815 3123/3069/2814 3112/3058/2803
f 3124/3070/2815 3110/3056/2801 3108/3054/2799
f 3125/3071/2816 3130/3076/2821 3126/3072/2817
f 3126/3072/2817 3130/3076/2821 3128/3074/2819
f 3130/3076/2821 3132/3078/2823 3131/3077/2822
f 3132/3078/2823 3134/3080/2825 3133/3079/2824
f 3134/3080/2825 3136/3082/2827 3135/3081/2826
f 3136/3082/2827 3139/3085/2830 3137/3083/2828
f 3138/3084/2829 3141/3087/2832 3137/3083/2828
f 3140/3086/2831 3436/3169/3118 3141/3087/2832
f 3142/3088/2833 3714/3162/3318 3140/3086/2831
f 3142/3088/2833 3138/3084/2829 3139/3085/2830
f 3143/3089/2834 3139/3085/2830 3136/3082/2827
f 3145/3091/2836 3144/3090/2835 3136/3082/2827
f 3146/3092/2837 3145/3091/2836 3134/3080/2825
f 3146/3092/2837 3132/3078/2823 3130/3076/2821
f 3147/3093/2838 3152/3098/2843 3148/3094/2839
f 3148/3094/2839 3152/3098/2843 3150/3096/2841
f 3152/3098/2843 3155/3101/2846 3153/3099/2844
f 3154/3100/2845 3157/3103/2848 3153/3099/2844
f 3156/3102/2847 3159/3105/2850 3157/3103/2848
f 3156/3102/2847 3161/3107/2852 3158/3104/2849
f 3160/3106/2851 3163/3109/2854 3158/3104/2849
f 3162/3108/2853 3456/3170/3136 3163/3109/2854
f 3164/3110/2855 3715/3163/3139 3162/3108/2853
f 3164/3110/2855 3160/3106/2851 3161/3107/2852
f 3165/3111/2856 3161/3107/2852 3156/3102/2847
f 3166/3112/2857 3156/3102/2847 3154/3100/2845
f 3167/3113/2858 3154/3100/2845 3155/3101/2846
f 3168/3114/2859 3155/3101/2846 3152/3098/2843
f 3169/3115/2860 3174/3120/2865 3170/3116/2861
f 3170/3116/2861 3174/3120/2865 3172/3118/2863
f 3174/3120/2865 3177/3123/2868 3175/3121/2866
f 3176/3122/2867 3179/3125/2870 3175/3121/2866
f 3176/3122/2867 3180/3126/2871 3178/3124/2869
f 3180/3126/2871 3183/3129/2874 3181/3127/2872
f 3182/3128/2873 3185/3131/2876 3181/3127/2872
f 3184/3130/2875 3476/3171/3154 3185/3131/2876
f 3186/3132/2877 3716/3164/3319 3184/3130/2875
f 3186/3132/2877 3182/3128/2873 3183/3129/2874
f 3187/3133/2878 3183/3129/2874 3180/3126/2871
f 3188/3134/2879 3180/3126/2871 3176/3122/2867
f 3189/3135/2880 3176/3122/2867 3177/3123/2868
f 3190/3136/2881 3177/3123/2868 3174/3120/2865
f 3191/3137/2882 3196/3142/2887 3192/3138/2883
f 3192/3138/2883 3196/3142/2887 3194/3140/2885
f 3196/3142/2887 3198/3144/2889 3197/3143/2888
f 3198/3144/2889 3200/3146/2891 3199/3145/2890
f 3200/3146/2891 3202/3148/2893 3201/3147/2892
f 3202/3148/2893 3205/3151/2896 3203/3149/2894
f 3204/3150/2895 3207/3153/2898 3203/3149/2894
f 3206/3152/2897 3496/3172/3170 3207/3153/2898
f 3208/3154/2899 3717/3165/3320 3206/3152/2897
f 3208/3154/2899 3204/3150/2895 3205/3151/2896
f 3209/3155/2900 3205/3151/2896 3202/3148/2893
f 3211/3157/2902 3210/3156/2901 3202/3148/2893
f 3212/3158/2903 3211/3157/2902 3200/3146/2891
f 3212/3158/2903 3198/3144/2889 3196/3142/2887
f 3213/3006/2904 3217/3010/2908 3214/3005/2905
f 3213/3006/2904 3718/3009/3058 3216/3008/2907
f 3217/3010/2908 3216/3008/2907 3218/3011/2909
f 3219/3012/2910 3218/3011/2909 3220/3013/2911
f 3221/3014/2912 3220/3013/2911 3222/3015/2913
f 3223/3016/2914 3222/3015/2913 3224/3017/2915
f 3224/3017/2915 3227/3021/2918 3226/3018/2917
f 3227/3021/2918 3719/3166/3321 3228/3020/2919
f 3229/3022/2920 3226/3018/2917 3228/3020/2919
f 3225/3019/2916 3226/3018/2917 3229/3022/2920
f 3223/3016/2914 3225/3019/2916 3231/3023/2922
f 3233/3025/2924 3221/3014/2912 3223/3016/2914
f 3234/3026/2925 3219/3012/2910 3221/3014/2912
f 3217/3010/2908 3219/3012/2910 3234/3026/2925
f 3235/3028/2926 3239/3032/2930 3236/3027/2927
f 3235/3028/2926 3720/3031/3077 3238/3030/2929
f 3239/3032/2930 3238/3030/2929 3240/3033/2931
f 3241/3034/2932 3240/3033/2931 3242/3035/2933
f 3243/3036/2934 3242/3035/2933 3244/3037/2935
f 3245/3038/2936 3244/3037/2935 3246/3039/2937
f 3246/3039/2937 3249/3043/2940 3248/3040/2939
f 3249/3043/2940 3721/3167/3085 3250/3042/2941
f 3251/3044/2942 3248/3040/2939 3250/3042/2941
f 3247/3041/2938 3248/3040/2939 3251/3044/2942
f 3245/3038/2936 3247/3041/2938 3253/3045/2944
f 3255/3047/2946 3243/3036/2934 3245/3038/2936
f 3256/3048/2947 3241/3034/2932 3243/3036/2934
f 3239/3032/2930 3241/3034/2932 3256/3048/2947
f 3257/3050/2948 3261/3054/2952 3258/3049/2949
f 3257/3050/2948 3722/3053/3094 3260/3052/2951
f 3261/3054/2952 3260/3052/2951 3262/3055/2953
f 3263/3056/2954 3262/3055/2953 3264/3057/2955
f 3265/3058/2956 3264/3057/2955 3266/3059/2957
f 3267/3060/2958 3266/3059/2957 3268/3061/2959
f 3268/3061/2959 3271/3065/2962 3270/3062/2961
f 3271/3065/2962 3723/3168/3102 3272/3064/2963
f 3273/3066/2964 3270/3062/2961 3272/3064/2963
f 3269/3063/2960 3270/3062/2961 3273/3066/2964
f 3267/3060/2958 3269/3063/2960 3275/3067/2966
f 3277/3069/2968 3265/3058/2956 3267/3060/2958
f 3278/3070/2969 3263/3056/2954 3265/3058/2956
f 3261/3054/2952 3263/3056/2954 3278/3070/2969
f 3279/3072/2970 3283/3076/2974 3280/3071/2971
f 3279/3072/2970 3724/3075/3111 3282/3074/2973
f 3283/3076/2974 3282/3074/2973 3284/3077/2975
f 3285/3078/2976 3284/3077/2975 3286/3079/2977
f 3287/3080/2978 3286/3079/2977 3288/3081/2979
f 3289/3082/2980 3288/3081/2979 3290/3083/2981
f 3290/3083/2981 3293/3087/2984 3292/3084/2983
f 3293/3087/2984 3725/3169/3322 3294/3086/2985
f 3295/3088/2986 3292/3084/2983 3294/3086/2985
f 3291/3085/2982 3292/3084/2983 3295/3088/2986
f 3289/3082/2980 3291/3085/2982 3297/3089/2988
f 3299/3091/2990 3287/3080/2978 3289/3082/2980
f 3300/3092/2991 3285/3078/2976 3287/3080/2978
f 3283/3076/2974 3285/3078/2976 3300/3092/2991
f 3301/3094/2992 3305/3098/2996 3302/3093/2993
f 3301/3094/2992 3726/3097/3128 3304/3096/2995
f 3305/3098/2996 3304/3096/2995 3306/3099/2997
f 3306/3099/2997 3309/3103/3000 3308/3100/2999
f 3309/3103/3000 3311/3105/3002 3310/3102/3001
f 3311/3105/3002 3313/3104/3004 3312/3107/3003
f 3313/3104/3004 3315/3109/3006 3314/3106/3005
f 3315/3109/3006 3727/3170/3323 3316/3108/3007
f 3317/3110/3008 3314/3106/3005 3316/3108/3007
f 3312/3107/3003 3314/3106/3005 3317/3110/3008
f 3310/3102/3001 3312/3107/3003 3319/3111/3010
f 3308/3100/2999 3310/3102/3001 3320/3112/3011
f 3307/3101/2998 3308/3100/2999 3321/3113/3012
f 3305/3098/2996 3307/3101/2998 3322/3114/3013
f 3323/3116/3014 3327/3120/3018 3324/3115/3015
f 3323/3116/3014 3728/3119/3324 3326/3118/3017
f 3327/3120/3018 3326/3118/3017 3328/3121/3019
f 3328/3121/3019 3331/3125/3022 3330/3122/3021
f 3331/3125/3022 3729/3124/3325 3332/3126/3023
f 3332/3126/3023 3729/3124/3325 3333/3127/3024
f 3333/3127/3024 3336/3131/3027 3335/3128/3026
f 3336/3131/3027 3730/3171/3326 3337/3130/3028
f 3338/3132/3029 3335/3128/3026 3337/3130/3028
f 3334/3129/3025 3335/3128/3026 3338/3132/3029
f 3332/3126/3023 3334/3129/3025 3340/3133/3031
f 3330/3122/3021 3332/3126/3023 3341/3134/3032
f 3329/3123/3020 3330/3122/3021 3342/3135/3033
f 3327/3120/3018 3329/3123/3020 3343/3136/3034
f 3344/3138/3035 3348/3142/3039 3345/3137/3036
f 3344/3138/3035 3731/3141/3164 3347/3140/3038
f 3348/3142/3039 3347/3140/3038 3349/3143/3040
f 3350/3144/3041 3349/3143/3040 3351/3145/3042
f 3352/3146/3043 3351/3145/3042 3353/3147/3044
f 3354/3148/3045 3353/3147/3044 3355/3149/3046
f 3355/3149/3046 3358/3153/3049 3357/3150/3048
f 3358/3153/3049 3732/3172/3171 3359/3152/3050
f 3360/3154/3051 3357/3150/3048 3359/3152/3050
f 3356/3151/3047 3357/3150/3048 3360/3154/3051
f 3354/3148/3045 3356/3151/3047 3362/3155/3053
f 3364/3157/3055 3352/3146/3043 3354/3148/3045
f 3365/3158/3056 3350/3144/3041 3352/3146/3043
f 3348/3142/3039 3350/3144/3041 3365/3158/3056
f 3061/3007/2752 3367/3007/2906 3366/3005/3057
f 3060/3006/2751 3369/3006/3059 3367/3007/2906
f 3060/3006/2751 3063/3009/2754 3368/3009/3058
f 3063/3009/2754 3062/3008/2753 3370/3008/3060
f 3065/3011/2756 3371/3011/3061 3370/3008/3060
f 3067/3013/2758 3373/3013/3063 3371/3011/3061
f 3067/3013/2758 3069/3015/2760 3372/3015/3062
f 3069/3015/2760 3071/3017/2762 3374/3017/3064
f 3071/3017/2762 3075/3021/2766 3375/3021/3065
f 3733/3166/3066 3719/3166/3321 3227/3021/2918
f 3074/3020/2765 3379/3020/3069 3377/3166/3067
f 3074/3020/2765 3711/3159/3315 3378/3159/3068
f 3711/3159/3315 3076/3022/2767 3381/3022/3071
f 3077/3023/2768 3382/3023/3072 3381/3022/3071
f 3078/3024/2769 3383/3024/3073 3382/3023/3072
f 3079/3025/2770 3385/3025/3075 3383/3024/3073
f 3079/3025/2770 3080/3026/2771 3384/3026/3074
f 3080/3026/2771 3059/3005/2750 3366/3005/3057
f 3083/3029/2774 3387/3029/2928 3386/3027/3076
f 3082/3028/2773 3389/3028/3078 3387/3029/2928
f 3082/3028/2773 3085/3031/2776 3388/3031/3077
f 3085/3031/2776 3084/3030/2775 3390/3030/2929
f 3087/3033/2778 3391/3033/3079 3390/3030/2929
f 3089/3035/2780 3393/3035/3081 3391/3033/3079
f 3089/3035/2780 3091/3037/2782 3392/3037/3080
f 3091/3037/2782 3093/3039/2784 3394/3039/3082
f 3093/3039/2784 3097/3043/2788 3395/3043/3083
f 3734/3167/3327 3721/3167/3085 3249/3043/2940
f 3096/3042/2787 3399/3042/3087 3397/3167/3085
f 3096/3042/2787 3712/3160/3316 3398/3160/3086
f 3712/3160/3316 3098/3044/2789 3401/3044/3089
f 3099/3045/2790 3402/3045/2944 3401/3044/3089
f 3100/3046/2791 3403/3046/3090 3402/3045/2944
f 3101/3047/2792 3405/3047/3092 3403/3046/3090
f 3101/3047/2792 3102/3048/2793 3404/3048/3091
f 3102/3048/2793 3081/3027/2772 3386/3027/3076
f 3105/3051/2796 3407/3051/2950 3406/3049/3093
f 3104/3050/2795 3409/3050/3095 3407/3051/2950
f 3104/3050/2795 3107/3053/2798 3408/3053/3094
f 3107/3053/2798 3106/3052/2797 3410/3052/3096
f 3109/3055/2800 3411/3055/3097 3410/3052/3096
f 3111/3057/2802 3413/3057/3099 3411/3055/3097
f 3111/3057/2802 3113/3059/2804 3412/3059/3098
f 3113/3059/2804 3115/3061/2806 3414/3061/3100
f 3115/3061/2806 3119/3065/2810 3415/3065/2962
f 3735/3168/3328 3723/3168/3102 3271/3065/2962
f 3118/3064/2809 3419/3064/3104 3417/3168/3102
f 3118/3064/2809 3713/3161/3317 3418/3161/3103
f 3713/3161/3317 3120/3066/2811 3421/3066/3106
f 3121/3067/2812 3422/3067/3107 3421/3066/3106
f 3122/3068/2813 3423/3068/3108 3422/3067/3107
f 3123/3069/2814 3425/3069/2968 3423/3068/3108
f 3123/3069/2814 3124/3070/2815 3424/3070/3109
f 3124/3070/2815 3103/3049/2794 3406/3049/3093
f 3127/3073/2818 3427/3073/2972 3426/3071/3110
f 3126/3072/2817 3429/3072/3112 3427/3073/2972
f 3126/3072/2817 3129/3075/2820 3428/3075/3111
f 3129/3075/2820 3128/3074/2819 3430/3074/3113
f 3131/3077/2822 3431/3077/3114 3430/3074/3113
f 3133/3079/2824 3433/3079/3116 3431/3077/3114
f 3133/3079/2824 3135/3081/2826 3432/3081/3115
f 3135/3081/2826 3137/3083/2828 3434/3083/2981
f 3137/3083/2828 3141/3087/2832 3435/3087/3117
f 3736/3169/3329 3725/3169/3322 3293/3087/2984
f 3140/3086/2831 3439/3086/3121 3437/3169/3119
f 3140/3086/2831 3714/3162/3318 3438/3162/3120
f 3714/3162/3318 3142/3088/2833 3441/3088/2986
f 3143/3089/2834 3442/3089/3123 3441/3088/2986
f 3144/3090/2835 3443/3090/3124 3442/3089/3123
f 3145/3091/2836 3445/3091/3125 3443/3090/3124
f 3145/3091/2836 3146/3092/2837 3444/3092/2991
f 3146/3092/2837 3125/3071/2816 3426/3071/3110
f 3149/3095/2840 3447/3095/3127 3446/3093/3126
f 3148/3094/2839 3449/3094/3129 3447/3095/3127
f 3148/3094/2839 3151/3097/2842 3448/3097/3128
f 3151/3097/2842 3150/3096/2841 3450/3096/3130
f 3153/3099/2844 3451/3099/3131 3450/3096/3130
f 3157/3103/2848 3453/3103/3133 3451/3099/3131
f 3157/3103/2848 3159/3105/2850 3452/3105/3132
f 3159/3105/2850 3158/3104/2849 3454/3104/3134
f 3158/3104/2849 3163/3109/2854 3455/3109/3135
f 3737/3170/3330 3727/3170/3323 3315/3109/3006
f 3162/3108/2853 3459/3108/3138 3457/3170/3137
f 3162/3108/2853 3715/3163/3139 3458/3163/3009
f 3715/3163/3139 3164/3110/2855 3461/3110/3140
f 3165/3111/2856 3462/3111/3141 3461/3110/3140
f 3166/3112/2857 3463/3112/3142 3462/3111/3141
f 3167/3113/2858 3465/3113/3144 3463/3112/3142
f 3167/3113/2858 3168/3114/2859 3464/3114/3143
f 3168/3114/2859 3147/3093/2838 3446/3093/3126
f 3171/3117/2862 3467/3117/3146 3466/3115/3145
f 3170/3116/2861 3469/3116/3148 3467/3117/3146
f 3170/3116/2861 3173/3119/2864 3468/3119/3147
f 3173/3119/2864 3172/3118/2863 3470/3118/3149
f 3175/3121/2866 3471/3121/3150 3470/3118/3149
f 3179/3125/2870 3473/3125/3152 3471/3121/3150
f 3179/3125/2870 3178/3124/2869 3472/3124/3151
f 3178/3124/2869 3181/3127/2872 3474/3127/3024
f 3181/3127/2872 3185/3131/2876 3475/3131/3153
f 3738/3171/3331 3730/3171/3326 3336/3131/3027
f 3184/3130/2875 3479/3130/3156 3477/3171/3155
f 3184/3130/2875 3716/3164/3319 3478/3164/3030
f 3716/3164/3319 3186/3132/2877 3481/3132/3158
f 3187/3133/2878 3482/3133/3159 3481/3132/3158
f 3188/3134/2879 3484/3134/3161 3482/3133/3159
f 3188/3134/2879 3189/3135/2880 3483/3135/3160
f 3189/3135/2880 3190/3136/2881 3485/3136/3162
f 3190/3136/2881 3169/3115/2860 3466/3115/3145
f 3193/3139/2884 3487/3139/3163 3486/3137/3036
f 3192/3138/2883 3489/3138/3165 3487/3139/3163
f 3192/3138/2883 3195/3141/2886 3488/3141/3164
f 3195/3141/2886 3194/3140/2885 3490/3140/3166
f 3197/3143/2888 3491/3143/3167 3490/3140/3166
f 3199/3145/2890 3493/3145/3042 3491/3143/3167
f 3199/3145/2890 3201/3147/2892 3492/3147/3168
f 3201/3147/2892 3203/3149/2894 3494/3149/3169
f 3203/3149/2894 3207/3153/2898 3495/3153/3049
f 3739/3172/3332 3732/3172/3171 3358/3153/3049
f 3206/3152/2897 3499/3152/3173 3497/3172/3171
f 3206/3152/2897 3717/3165/3320 3498/3165/3172
f 3717/3165/3320 3208/3154/2899 3501/3154/3051
f 3209/3155/2900 3502/3155/3175 3501/3154/3051
f 3210/3156/2901 3503/3156/3176 3502/3155/3175
f 3211/3157/2902 3505/3157/3178 3503/3156/3176
f 3211/3157/2902 3212/3158/2903 3504/3158/3177
f 3212/3158/2903 3191/3137/2882 3486/3137/3036
f 3506/3173/3179 3740/3375/3245 3507/3174/3180
f 3509/3176/3179 3508/3175/3181 3510/3177/3182
f 3514/3181/3184 3741/3376/3333 3515/3182/3186
f 3518/3185/3189 3522/3189/3191 3517/3184/3188
f 3526/3192/3193 3742/3377/3196 3527/3193/3195
f 3530/3196/3198 3743/3378/3334 3531/3197/3199
f 3533/3199/3201 3744/3379/3200 3534/3200/3202
f 3537/3203/3205 3535/3201/3203 3538/3204/3206
f 3542/3208/3209 3540/3206/3208 3543/3209/3210
f 3545/3211/3212 3533/3199/3201 3535/3201/3203
f 3546/3212/3213 3545/3211/3212 3537/3203/3205
f 3547/3213/3214 3531/3197/3199 3533/3199/3201
f 3548/3214/3215 3547/3213/3214 3545/3211/3212
f 3549/3215/3216 3548/3214/3215 3546/3212/3213
f 3550/3216/3217 3546/3212/3213 3540/3206/3208
f 3549/3215/3216 3550/3216/3217 3551/3217/3218
f 3550/3216/3217 3542/3208/3209 3553/3219/3220
f 3551/3217/3218 3553/3219/3220 3555/3221/3221
f 3553/3219/3220 3745/3380/3211 3557/3223/3223
f 3556/3222/3222 3555/3221/3221 3558/3224/3224
f 3559/3225/3225 3558/3224/3224 3564/3229/3226
f 3568/3233/3231 3567/3232/3230 3569/3234/3232
f 3571/3236/3234 3556/3222/3222 3559/3225/3225
f 3572/3237/3235 3571/3236/3234 3567/3232/3230
f 3573/3238/3236 3552/3218/3219 3571/3236/3234
f 3552/3218/3219 3551/3217/3218 3556/3222/3222
f 3573/3238/3236 3575/3240/3238 3549/3215/3216
f 3574/3239/3237 3578/3243/3241 3575/3240/3238
f 3576/3241/3239 3574/3239/3237 3573/3238/3236
f 3577/3242/3240 3580/3245/3243 3575/3240/3238
f 3575/3240/3238 3580/3245/3243 3548/3214/3215
f 3579/3244/3242 3581/3246/3244 3580/3245/3243
f 3580/3245/3243 3581/3246/3244 3547/3213/3214
f 3527/3193/3195 3529/3195/3197 3581/3246/3244
f 3529/3195/3197 3531/3197/3199 3547/3213/3214
f 3521/3188/3190 3527/3193/3195 3579/3244/3242
f 3522/3189/3191 3579/3244/3242 3577/3242/3240
f 3517/3184/3188 3577/3242/3240 3578/3243/3241
f 3513/3180/3185 3515/3182/3186 3578/3243/3241
f 3507/3174/3180 3513/3180/3185 3574/3239/3237
f 3508/3175/3181 3507/3174/3180 3576/3241/3239
f 3510/3177/3182 3576/3241/3239 3572/3237/3235
f 945/945/907 942/942/906 1134/1096/1047
