# Blender 4.4.3
# www.blender.org
mtllib Untitled.mtl
o hash_D067EE79.model
v -0.001246 0.008841 0.158155
v -0.030946 0.038220 0.150705
v -0.031450 0.008611 0.152036
v -0.001442 -0.021890 0.157205
v -0.031960 -0.022145 0.152162
v 0.029381 0.038100 0.153415
v 0.029402 0.008483 0.154645
v 0.029392 -0.022292 0.154560
v -0.031960 -0.022145 0.152162
v -0.001607 -0.052662 0.157350
v -0.001442 -0.021890 0.157205
v 0.029392 -0.022292 0.154560
v 0.057454 0.007417 0.142661
v 0.058308 -0.023371 0.145306
v 0.029273 -0.053106 0.155436
v 0.058308 -0.023371 0.145306
v -0.001611 -0.053455 0.157399
v 0.029268 -0.053900 0.155493
v 0.058790 -0.054211 0.147971
v 0.058794 -0.055006 0.148048
v 0.088949 -0.055585 0.139072
v 0.087435 -0.024721 0.134246
v 0.088962 -0.056380 0.139165
v 0.119661 -0.056931 0.127801
v 0.117738 -0.025943 0.122584
v 0.119670 -0.057729 0.127882
v 0.148708 -0.058128 0.113851
v 0.146892 -0.026986 0.109369
v 0.172115 -0.060228 0.091744
v 0.148710 -0.058930 0.113910
v 0.172094 -0.059426 0.091672
v 0.187090 -0.062057 0.061329
v 0.187038 -0.061256 0.061248
v 0.169947 -0.028295 0.087331
v 0.195880 -0.064395 0.028988
v 0.195805 -0.063595 0.028907
v 0.184223 -0.030169 0.057324
v 0.198617 -0.066939 -0.002571
v 0.198531 -0.066139 -0.002643
v 0.192390 -0.032564 0.025614
v 0.198617 -0.066939 -0.002571
v 0.192973 -0.069766 -0.034782
v 0.198531 -0.066139 -0.002643
v 0.188703 -0.038700 -0.037144
v 0.194440 -0.035103 -0.005469
v 0.193073 -0.070566 -0.034720
v 0.182311 -0.073221 -0.065095
v 0.180120 -0.041961 -0.067325
v 0.182350 -0.074023 -0.065026
v 0.167060 -0.076019 -0.093380
v 0.166364 -0.044528 -0.095303
v 0.167057 -0.076825 -0.093313
v 0.148851 -0.077911 -0.119706
v 0.145916 -0.046181 -0.119366
v 0.124200 -0.080167 -0.140051
v 0.124142 -0.079354 -0.140045
v 0.121139 -0.047554 -0.139094
v 0.095561 -0.081349 -0.153707
v 0.095506 -0.080539 -0.153686
v 0.092597 -0.048834 -0.151863
v 0.064408 -0.082268 -0.159175
v 0.064381 -0.081468 -0.159192
v 0.062508 -0.050072 -0.158267
v 0.032492 -0.082273 -0.159085
v 0.032503 -0.081491 -0.159221
v 0.032262 -0.050792 -0.162798
v 0.000702 -0.081557 -0.158664
v 0.000722 -0.080778 -0.158809
v 0.001303 -0.050372 -0.163287
v -0.031031 -0.079876 -0.159401
v -0.031059 -0.080664 -0.159314
v -0.062913 -0.079264 -0.159559
v -0.062873 -0.078469 -0.159557
v -0.029966 -0.049172 -0.162157
v -0.094107 -0.077632 -0.154402
v -0.094067 -0.076834 -0.154398
v -0.061236 -0.047590 -0.159266
v -0.122493 -0.076224 -0.140523
v -0.122467 -0.075423 -0.140550
v -0.092385 -0.045855 -0.154082
v -0.147254 -0.073914 -0.120609
v -0.146312 -0.042770 -0.122055
v -0.121308 -0.044321 -0.141435
v -0.147273 -0.074716 -0.120568
v -0.166214 -0.071991 -0.094893
v -0.181477 -0.070377 -0.066614
v -0.166222 -0.072795 -0.094834
v -0.181434 -0.069573 -0.066665
v -0.165643 -0.040794 -0.097040
v -0.192416 -0.067719 -0.036443
v -0.192358 -0.066915 -0.036497
v -0.179532 -0.038368 -0.068561
v -0.199025 -0.064689 -0.004425
v -0.198971 -0.063887 -0.004487
v -0.189852 -0.035710 -0.038544
v -0.199025 -0.064689 -0.004425
v -0.197467 -0.061550 0.027079
v -0.198971 -0.063887 -0.004487
v -0.194942 -0.030434 0.024184
v -0.196553 -0.032729 -0.006908
v -0.190179 -0.059729 0.058702
v -0.190123 -0.058928 0.058621
v -0.187006 -0.027937 0.055060
v -0.177616 -0.057443 0.089133
v -0.177577 -0.056643 0.089054
v -0.174267 -0.025770 0.084779
v -0.156191 -0.055368 0.112812
v -0.153028 -0.024555 0.108323
v -0.156209 -0.056168 0.112878
v -0.126851 -0.054938 0.127623
v -0.123885 -0.024126 0.122497
v -0.094450 -0.055273 0.138976
v -0.094428 -0.054478 0.138881
v -0.091978 -0.023757 0.133608
v -0.062357 -0.054606 0.146578
v -0.062344 -0.053811 0.146498
v -0.061253 -0.022987 0.143365
v -0.032275 -0.053745 0.153382
v -0.032270 -0.052951 0.153320
v -0.032275 -0.053745 0.153382
v -0.060825 -0.054933 0.142605
v -0.031477 -0.054095 0.149110
v -0.001580 -0.053812 0.152917
v -0.001611 -0.053455 0.157399
v -0.030005 -0.018193 0.143870
v -0.001528 -0.018000 0.148112
v -0.057507 -0.018911 0.136033
v -0.000411 -0.031294 -0.004943
v 0.058082 -0.043919 -0.145849
v 0.086446 -0.042827 -0.140701
v 0.029338 -0.044298 -0.146426
v 0.027194 -0.018345 0.145835
v 0.112906 -0.041621 -0.128249
v 0.136146 -0.040274 -0.109555
v 0.153741 -0.038665 -0.085658
v 0.168964 -0.036332 -0.060268
v 0.081547 -0.020466 0.127618
v 0.054363 -0.019284 0.137719
v -0.086084 -0.019570 0.127237
v 0.179130 -0.033274 -0.032628
v -0.115468 -0.020015 0.116264
v 0.183810 -0.029888 -0.002737
v -0.143156 -0.020351 0.103195
v 0.181817 -0.027542 0.026610
v -0.164137 -0.021353 0.082011
v -0.183677 -0.025644 0.024893
v -0.185087 -0.027796 -0.004462
v -0.178962 -0.030629 -0.034236
v -0.168821 -0.033149 -0.062304
v -0.176562 -0.023305 0.054137
v -0.154667 -0.035469 -0.088570
v -0.137068 -0.037346 -0.112534
v -0.114030 -0.038845 -0.131125
v 0.173754 -0.025417 0.056444
v 0.159285 -0.023786 0.084010
v -0.087625 -0.040248 -0.144061
v -0.029062 -0.043129 -0.148007
v 0.000391 -0.043942 -0.146807
v 0.136715 -0.022658 0.103565
v -0.058609 -0.041836 -0.148793
v 0.109508 -0.021627 0.116270
v 0.086667 -0.056662 0.135400
v 0.116597 -0.057977 0.124498
v 0.057287 -0.055323 0.143960
v 0.088962 -0.056380 0.139165
v 0.119670 -0.057729 0.127882
v 0.058794 -0.055006 0.148048
v 0.029268 -0.053900 0.155493
v 0.028506 -0.054246 0.151108
v 0.145023 -0.059147 0.111080
v 0.148710 -0.058930 0.113910
v 0.167915 -0.060411 0.089617
v 0.172115 -0.060228 0.091744
v 0.182396 -0.062193 0.059861
v 0.187090 -0.062057 0.061329
v 0.190800 -0.064469 0.028169
v 0.195880 -0.064395 0.028988
v 0.198617 -0.066939 -0.002571
v 0.193409 -0.066947 -0.002633
v 0.193073 -0.070566 -0.034720
v 0.188010 -0.070479 -0.033941
v 0.182350 -0.074023 -0.065026
v 0.177572 -0.073845 -0.063456
v 0.167057 -0.076825 -0.093313
v 0.162662 -0.076566 -0.090985
v 0.148907 -0.078723 -0.119697
v 0.144978 -0.078410 -0.116673
v 0.124200 -0.080167 -0.140051
v 0.120924 -0.079819 -0.136506
v 0.095561 -0.081349 -0.153707
v 0.093046 -0.080975 -0.149824
v 0.064408 -0.082268 -0.159175
v 0.062718 -0.081875 -0.155166
v 0.032492 -0.082273 -0.159085
v 0.031638 -0.081883 -0.155085
v 0.000673 -0.081185 -0.154677
v 0.000702 -0.081557 -0.158664
v -0.030264 -0.080316 -0.155308
v -0.031059 -0.080664 -0.159314
v -0.061290 -0.078952 -0.155546
v -0.062913 -0.079264 -0.159559
v -0.091674 -0.077361 -0.150520
v -0.094107 -0.077632 -0.154402
v -0.119318 -0.075990 -0.136997
v -0.122493 -0.076224 -0.140523
v -0.143448 -0.074521 -0.117556
v -0.147273 -0.074716 -0.120568
v -0.161895 -0.072649 -0.092488
v -0.166222 -0.072795 -0.094834
v -0.176743 -0.070295 -0.065002
v -0.181477 -0.070377 -0.066614
v -0.187391 -0.067706 -0.035619
v -0.192416 -0.067719 -0.036443
v -0.193828 -0.064756 -0.004439
v -0.199025 -0.064689 -0.004425
v -0.192408 -0.062474 0.026328
v -0.197523 -0.062352 0.027152
v -0.185459 -0.059897 0.057202
v -0.190179 -0.059729 0.058702
v -0.177616 -0.057443 0.089133
v -0.173423 -0.057663 0.087077
v -0.156209 -0.056168 0.112878
v -0.152512 -0.056436 0.110211
v -0.126866 -0.055737 0.127698
v -0.123732 -0.056034 0.124465
v -0.094450 -0.055273 0.138976
v -0.092083 -0.055584 0.135310
v -0.062357 -0.054606 0.146578
v -0.059380 0.007770 0.139670
v -0.061253 -0.022987 0.143365
v -0.088072 0.006918 0.126711
v -0.091978 -0.023757 0.133608
v -0.058034 0.037349 0.135623
v -0.086203 0.036647 0.122254
v -0.030339 0.067382 0.147099
v -0.086062 0.065977 0.120728
v -0.029671 0.096066 0.143265
v -0.057158 0.066538 0.131836
v -0.086264 0.094766 0.120350
v -0.029062 0.124304 0.139494
v -0.056647 0.095293 0.128693
v -0.086577 0.123028 0.120528
v -0.028677 0.152185 0.136088
v -0.056606 0.123608 0.126557
v -0.086936 0.150860 0.121022
v -0.028412 0.179800 0.132843
v -0.056836 0.151517 0.125159
v -0.087131 0.178451 0.120804
v -0.057847 0.206635 0.125335
v -0.057337 0.179127 0.125039
v -0.086899 0.205916 0.118939
v -0.028361 0.207328 0.130035
v -0.058206 0.234304 0.124685
v -0.086547 0.233374 0.116288
v -0.028644 0.234987 0.128043
v -0.058387 0.262222 0.122680
v -0.086423 0.261114 0.113637
v -0.028868 0.262863 0.125516
v -0.058624 0.290556 0.120309
v -0.086449 0.289261 0.110924
v -0.029389 0.319942 0.120493
v -0.029072 0.291216 0.122781
v -0.059297 0.319292 0.118412
v -0.054409 0.332873 0.119112
v -0.081705 0.331340 0.115402
v -0.088421 0.317859 0.111990
v -0.026845 0.333697 0.119972
v -0.051200 0.348780 0.119637
v -0.077149 0.348235 0.116728
v -0.025131 0.348686 0.119276
v -0.048870 0.365247 0.117661
v -0.073714 0.365999 0.115218
v -0.023923 0.363925 0.117638
v -0.047036 0.381758 0.114176
v -0.070811 0.383717 0.110746
v -0.022211 0.393912 0.109883
v -0.022979 0.379043 0.114452
v -0.045500 0.397912 0.108595
v -0.021612 0.408560 0.104309
v -0.044340 0.413876 0.102094
v -0.068465 0.401278 0.104797
v -0.021195 0.423025 0.098054
v -0.043528 0.429576 0.094696
v -0.066603 0.418411 0.097116
v -0.020995 0.437512 0.091623
v -0.043183 0.445389 0.087345
v -0.065367 0.435481 0.088945
v -0.021060 0.452024 0.085161
v -0.043295 0.461191 0.079849
v -0.064803 0.452574 0.080564
v -0.021451 0.466532 0.078675
v -0.043862 0.476892 0.072184
v -0.064915 0.469587 0.071899
v -0.022233 0.480658 0.071522
v -0.044909 0.492013 0.063789
v -0.065743 0.486303 0.062775
v -0.067113 0.501517 0.051781
v -0.040668 0.503305 0.057195
v -0.060571 0.509473 0.045737
v -0.020263 0.495200 0.063471
v 0.001170 0.487929 0.068480
v 0.001730 0.469124 0.077097
v 0.001684 0.456020 0.083170
v 0.025285 0.481287 0.072140
v 0.022560 0.496310 0.064786
v 0.024557 0.466673 0.078416
v 0.024081 0.452135 0.084948
v 0.001613 0.442886 0.089122
v 0.023848 0.437634 0.091546
v 0.001521 0.429750 0.094993
v 0.023844 0.423118 0.097994
v 0.001415 0.416623 0.100732
v 0.024040 0.408628 0.104302
v 0.001304 0.403433 0.106150
v 0.024407 0.393963 0.109892
v 0.001190 0.390097 0.111005
v 0.024959 0.379065 0.114492
v 0.001081 0.376504 0.114914
v 0.025693 0.363892 0.117574
v 0.000974 0.362620 0.117564
v 0.000878 0.348549 0.119152
v 0.000776 0.334349 0.120043
v 0.026721 0.348633 0.119289
v 0.000688 0.320085 0.121035
v 0.028245 0.333610 0.119976
v 0.030099 0.291110 0.122960
v 0.030632 0.319836 0.120553
v 0.000573 0.291521 0.124521
v 0.055635 0.332695 0.119059
v 0.059492 0.290252 0.120046
v 0.060371 0.319060 0.118336
v 0.029682 0.262787 0.126154
v 0.058948 0.261854 0.122139
v 0.029307 0.234950 0.129446
v 0.058435 0.233915 0.124032
v 0.000447 0.263463 0.129710
v 0.000294 0.235725 0.134488
v 0.028920 0.207308 0.132279
v 0.000123 0.208101 0.138684
v 0.028798 0.179770 0.135596
v -0.000013 0.180420 0.142010
v 0.057653 0.206251 0.124581
v 0.056817 0.178734 0.125163
v 0.056143 0.151112 0.126336
v 0.028846 0.152147 0.139141
v 0.055851 0.123216 0.128615
v -0.000242 0.152686 0.145527
v 0.028894 0.124249 0.142620
v -0.000445 0.124689 0.148617
v 0.029109 0.095999 0.146416
v -0.000645 0.096364 0.151916
v 0.029317 0.067293 0.150127
v -0.000862 0.067627 0.155172
v 0.055870 0.094933 0.131591
v 0.056273 0.066218 0.135265
v 0.056821 0.037037 0.139161
v 0.083987 0.035891 0.123974
v 0.083972 0.065211 0.121542
v 0.085002 0.006141 0.128048
v 0.087435 -0.024721 0.134246
v 0.113289 0.034982 0.112774
v 0.114788 0.005115 0.116406
v 0.117738 -0.025943 0.122584
v 0.141596 0.034069 0.099166
v 0.143829 0.004145 0.103552
v 0.146892 -0.026986 0.109369
v 0.166593 0.002883 0.081637
v 0.163533 0.032771 0.077027
v 0.169947 -0.028295 0.087331
v 0.176683 0.030596 0.049677
v 0.181067 0.000972 0.053036
v 0.184223 -0.030169 0.057324
v 0.182407 0.028099 0.019811
v 0.188086 -0.001451 0.022617
v 0.192390 -0.032564 0.025614
v 0.188669 -0.004108 -0.008039
v 0.181098 0.025488 -0.010585
v 0.194440 -0.035103 -0.005469
v 0.181923 -0.007544 -0.039131
v 0.181098 0.025488 -0.010585
v 0.188669 -0.004108 -0.008039
v 0.188703 -0.038700 -0.037144
v 0.194440 -0.035103 -0.005469
v 0.172765 0.051645 -0.042519
v 0.174823 0.022339 -0.040505
v 0.178365 0.057264 0.016981
v 0.177521 0.054554 -0.012849
v 0.172240 0.080396 -0.045293
v 0.177521 0.054554 -0.012849
v 0.174777 0.083359 -0.015055
v 0.172543 0.114970 0.011256
v 0.168908 0.111843 -0.017531
v 0.168908 0.111843 -0.017531
v 0.174777 0.083359 -0.015055
v 0.171297 0.105335 -0.076885
v 0.172169 0.077451 -0.074199
v 0.171072 0.049085 -0.071823
v 0.168576 0.133157 -0.079404
v 0.168636 0.108565 -0.048188
v 0.164997 0.136335 -0.050608
v 0.167001 0.160983 -0.080724
v 0.165784 0.163730 -0.052142
v 0.160496 0.139786 -0.020251
v 0.157885 0.186751 -0.072126
v 0.169751 0.190822 -0.052883
v 0.156316 0.167375 -0.023128
v 0.152968 0.212745 -0.069226
v 0.162845 0.221638 -0.027604
v 0.157484 0.194595 -0.025622
v 0.163047 0.237530 -0.078521
v 0.173948 0.218102 -0.054342
v 0.175870 0.244645 -0.054614
v 0.162845 0.221638 -0.027604
v 0.159208 0.197244 0.002965
v 0.157484 0.194595 -0.025622
v 0.163741 0.251749 -0.002599
v 0.172653 0.248436 -0.029003
v 0.168395 0.279861 -0.005161
v 0.177982 0.276117 -0.032315
v 0.177982 0.276117 -0.032315
v 0.172653 0.248436 -0.029003
v 0.181444 0.270972 -0.060204
v 0.184561 0.301483 -0.036255
v 0.172819 0.308312 -0.007328
v 0.184561 0.301483 -0.036255
v 0.162412 0.310113 0.022276
v 0.157955 0.282042 0.022753
v 0.152159 0.310984 0.051421
v 0.146160 0.283435 0.050155
v 0.157257 0.254106 0.025729
v 0.131312 0.284986 0.075586
v 0.142816 0.255514 0.051358
v 0.137102 0.312653 0.077882
v 0.113956 0.286893 0.099046
v 0.111273 0.258849 0.098281
v 0.129863 0.257168 0.077460
v 0.115811 0.315158 0.098800
v 0.087270 0.288821 0.111065
v 0.087073 0.260615 0.114012
v 0.089318 0.317510 0.111813
v 0.109107 0.231275 0.099510
v 0.086630 0.232798 0.116667
v 0.107854 0.204002 0.101383
v 0.085964 0.205232 0.118527
v 0.085216 0.177756 0.119238
v 0.108907 0.176810 0.104774
v 0.084761 0.150182 0.119576
v 0.110364 0.149354 0.107624
v 0.084473 0.122330 0.119509
v 0.111799 0.121499 0.109600
v 0.084285 0.094029 0.120064
v 0.113037 0.093181 0.110952
v 0.113540 0.064348 0.111814
v 0.137228 0.092300 0.093869
v 0.140297 0.063483 0.096831
v 0.155614 0.090894 0.070192
v 0.159904 0.062073 0.073633
v 0.169466 0.088837 0.043799
v 0.172618 0.059816 0.046686
v 0.176581 0.086355 0.014124
v 0.166660 0.117404 0.041073
v 0.162635 0.145199 0.038221
v 0.150976 0.119121 0.066828
v 0.166670 0.142764 0.008511
v 0.147089 0.146848 0.063701
v 0.133404 0.120536 0.090521
v 0.129611 0.148228 0.086796
v 0.126423 0.175468 0.082713
v 0.144442 0.174180 0.060576
v 0.126271 0.202628 0.080277
v 0.144064 0.201348 0.058106
v 0.159725 0.172583 0.035398
v 0.158269 0.199739 0.032440
v 0.161415 0.170114 0.005754
v 0.156316 0.167375 -0.023128
v 0.160496 0.139786 -0.020251
v 0.157753 0.226836 0.029271
v 0.160179 0.224350 0.000179
v 0.144148 0.228455 0.055316
v 0.129237 0.229814 0.079912
v 0.108568 0.328575 0.105967
v 0.082716 0.331072 0.115156
v 0.078345 0.348010 0.116477
v 0.052582 0.348674 0.119692
v 0.103447 0.346502 0.109519
v 0.126726 0.344216 0.097528
v 0.131309 0.325454 0.090304
v 0.145663 0.341676 0.079254
v 0.147844 0.322966 0.067743
v 0.159969 0.339850 0.056915
v 0.158699 0.321738 0.041693
v 0.169624 0.339450 0.032298
v 0.168387 0.320405 0.014918
v 0.180081 0.338663 0.008811
v 0.177457 0.318380 -0.013001
v 0.177457 0.318380 -0.013001
v 0.201423 0.320482 0.001888
v 0.180081 0.338663 0.008811
v 0.184561 0.301483 -0.036255
v 0.197932 0.323026 -0.021779
v 0.218173 0.312128 -0.022286
v 0.192468 0.318769 -0.040108
v 0.209155 0.295884 -0.026120
v 0.192468 0.318769 -0.040108
v 0.187144 0.309846 -0.065571
v 0.194433 0.313078 -0.064843
v 0.205644 0.307009 -0.046770
v 0.209553 0.300327 -0.070814
v 0.220692 0.281237 -0.050505
v 0.227395 0.278883 -0.072837
v 0.220692 0.281237 -0.050505
v 0.205644 0.307009 -0.046770
v 0.240252 0.259895 -0.057416
v 0.229494 0.283584 -0.041527
v 0.240252 0.259895 -0.057416
v 0.243554 0.255013 -0.077070
v 0.261792 0.243601 -0.062094
v 0.263260 0.234275 -0.079916
v 0.261792 0.243601 -0.062094
v 0.249996 0.265793 -0.045378
v 0.251082 0.265693 -0.025536
v 0.236846 0.291814 -0.026899
v 0.264427 0.241567 -0.042609
v 0.285231 0.222204 -0.039275
v 0.274987 0.247964 -0.026402
v 0.264427 0.241567 -0.042609
v 0.279594 0.221061 -0.059196
v 0.261792 0.243601 -0.062094
v 0.287976 0.219654 -0.038836
v 0.294887 0.227730 -0.022279
v 0.281956 0.218100 -0.058816
v 0.281956 0.218100 -0.058816
v 0.284677 0.215706 -0.079345
v 0.287503 0.213260 -0.079270
v 0.279594 0.221061 -0.059196
v 0.263260 0.234275 -0.079916
v 0.295498 0.219131 -0.095884
v 0.298338 0.216664 -0.095853
v 0.273967 0.237867 -0.096129
v 0.308986 0.227338 -0.107230
v 0.311868 0.224980 -0.107065
v 0.287129 0.245259 -0.108489
v 0.323835 0.238576 -0.112274
v 0.326688 0.236244 -0.111917
v 0.302170 0.256298 -0.114986
v 0.338138 0.251087 -0.109266
v 0.340871 0.248706 -0.108559
v 0.317379 0.269175 -0.114642
v 0.349923 0.262874 -0.100341
v 0.352401 0.260343 -0.099292
v 0.331105 0.282098 -0.108312
v 0.358572 0.273367 -0.086961
v 0.360966 0.270784 -0.085937
v 0.340386 0.292988 -0.094739
v 0.366650 0.284114 -0.073754
v 0.369561 0.281905 -0.073314
v 0.344537 0.300888 -0.077096
v 0.376076 0.296223 -0.062770
v 0.379039 0.294049 -0.062586
v 0.353567 0.312735 -0.064169
v 0.386432 0.309268 -0.053899
v 0.389338 0.307025 -0.053781
v 0.364361 0.326307 -0.054801
v 0.396254 0.321745 -0.043729
v 0.399027 0.319359 -0.043502
v 0.375186 0.339864 -0.045459
v 0.399963 0.328016 -0.026242
v 0.379668 0.346840 -0.027795
v 0.402635 0.325538 -0.026037
v 0.393640 0.317747 -0.011207
v 0.390823 0.320076 -0.011555
v 0.369422 0.337768 -0.014196
v 0.380231 0.303467 -0.009755
v 0.377355 0.305709 -0.010278
v 0.355503 0.322737 -0.014251
v 0.367162 0.288915 -0.011845
v 0.364240 0.291077 -0.012522
v 0.342047 0.307502 -0.017662
v 0.354066 0.274346 -0.013843
v 0.351072 0.276485 -0.014059
v 0.328324 0.292734 -0.015699
v 0.340376 0.260162 -0.011915
v 0.337554 0.262433 -0.011170
v 0.316112 0.279683 -0.005513
v 0.325965 0.246721 -0.009328
v 0.323073 0.248967 -0.008568
v 0.301138 0.266060 -0.002803
v 0.311164 0.234462 -0.011273
v 0.308260 0.236841 -0.011220
v 0.286237 0.254923 -0.010820
v 0.297514 0.225068 -0.021736
v 0.274987 0.247964 -0.026402
v 0.263105 0.277201 -0.012633
v 0.286237 0.254923 -0.010820
v 0.274628 0.289066 0.000444
v 0.237817 0.297506 -0.010028
v 0.248898 0.314116 -0.001261
v 0.287907 0.304283 0.002909
v 0.260105 0.331123 0.007387
v 0.301138 0.266060 -0.002803
v 0.297792 0.319509 -0.007625
v 0.270404 0.348953 0.005478
v 0.316112 0.279683 -0.005513
v 0.306886 0.334168 -0.020025
v 0.276038 0.365282 -0.008684
v 0.328324 0.292734 -0.015699
v 0.319204 0.350963 -0.023080
v 0.282692 0.381324 -0.023145
v 0.342047 0.307502 -0.017662
v 0.332190 0.368039 -0.019811
v 0.294853 0.399390 -0.027264
v 0.355503 0.322737 -0.014251
v 0.344213 0.380816 -0.029771
v 0.307881 0.415162 -0.031875
v 0.369422 0.337768 -0.014196
v 0.300015 0.406045 -0.046438
v 0.379668 0.346840 -0.027795
v 0.337420 0.371977 -0.045486
v 0.375186 0.339864 -0.045459
v 0.325878 0.357513 -0.055839
v 0.290109 0.392714 -0.060507
v 0.264130 0.435414 -0.071534
v 0.264428 0.442377 -0.048961
v 0.272755 0.451160 -0.031837
v 0.232969 0.476225 -0.080191
v 0.233770 0.483189 -0.055515
v 0.235568 0.486118 -0.030386
v 0.230024 0.470962 -0.010758
v 0.259886 0.433288 -0.024889
v 0.225785 0.452511 0.006757
v 0.254917 0.417086 -0.007460
v 0.219112 0.428863 0.014000
v 0.252725 0.400025 0.009277
v 0.214959 0.405116 0.021237
v 0.243135 0.379043 0.005576
v 0.210065 0.381670 0.021526
v 0.233162 0.357789 0.005903
v 0.209916 0.364711 0.015001
v 0.227231 0.335645 0.009647
v 0.204802 0.345044 0.003363
v 0.223166 0.324243 -0.006330
v 0.187985 0.355466 0.029612
v 0.187627 0.382009 0.034652
v 0.187985 0.355466 0.029612
v 0.171803 0.361130 0.045079
v 0.187627 0.382009 0.034652
v 0.174902 0.383302 0.054394
v 0.191273 0.406288 0.043737
v 0.171774 0.408367 0.052924
v 0.191273 0.406288 0.043737
v 0.169575 0.431073 0.046899
v 0.188903 0.432132 0.035608
v 0.188903 0.432132 0.035608
v 0.166896 0.453417 0.035000
v 0.187466 0.456886 0.026374
v 0.187466 0.456886 0.026374
v 0.167032 0.476057 0.023268
v 0.187644 0.479958 0.012780
v 0.187644 0.479958 0.012780
v 0.168236 0.495852 0.007100
v 0.189176 0.499699 -0.005882
v 0.189176 0.499699 -0.005882
v 0.170966 0.512389 -0.012098
v 0.191504 0.513676 -0.028942
v 0.191504 0.513676 -0.028942
v 0.174393 0.521122 -0.035476
v 0.192532 0.514980 -0.056026
v 0.192532 0.514980 -0.056026
v 0.160105 0.525548 -0.055649
v 0.148512 0.529553 -0.035580
v 0.171012 0.519363 -0.068039
v 0.160105 0.525548 -0.055649
v 0.192532 0.514980 -0.056026
v 0.189852 0.506087 -0.081586
v 0.168109 0.508172 -0.091441
v 0.189852 0.506087 -0.081586
v 0.187062 0.488964 -0.102419
v 0.165464 0.488896 -0.109217
v 0.187062 0.488964 -0.102419
v 0.228373 0.460739 -0.100183
v 0.262249 0.424344 -0.092711
v 0.221684 0.439591 -0.114153
v 0.185317 0.468360 -0.120784
v 0.257653 0.408534 -0.109686
v 0.217968 0.417924 -0.128096
v 0.185005 0.443490 -0.133098
v 0.185317 0.468360 -0.120784
v 0.164232 0.465007 -0.121012
v 0.185005 0.443490 -0.133098
v 0.164687 0.440431 -0.131599
v 0.187438 0.416259 -0.140775
v 0.166365 0.414886 -0.139212
v 0.187438 0.416259 -0.140775
v 0.169052 0.388790 -0.143340
v 0.191201 0.387697 -0.142000
v 0.216081 0.393917 -0.135181
v 0.191201 0.387697 -0.142000
v 0.249654 0.388398 -0.120083
v 0.241739 0.367261 -0.126402
v 0.214176 0.369654 -0.127711
v 0.233707 0.345281 -0.127778
v 0.208517 0.346211 -0.120171
v 0.192497 0.359871 -0.135757
v 0.224534 0.323751 -0.129191
v 0.202552 0.328968 -0.108416
v 0.192097 0.344302 -0.112811
v 0.173198 0.363356 -0.141516
v 0.192497 0.359871 -0.135757
v 0.177245 0.339559 -0.130174
v 0.192097 0.344302 -0.112811
v 0.181684 0.318418 -0.114537
v 0.190878 0.325010 -0.091758
v 0.190878 0.325010 -0.091758
v 0.185570 0.302489 -0.093618
v 0.187144 0.309846 -0.065571
v 0.201995 0.316867 -0.086723
v 0.216251 0.308338 -0.113609
v 0.213475 0.298654 -0.093652
v 0.239045 0.287640 -0.113084
v 0.231347 0.279318 -0.095024
v 0.252200 0.257779 -0.096117
v 0.263133 0.266133 -0.111326
v 0.273967 0.237867 -0.096129
v 0.287129 0.245259 -0.108489
v 0.276422 0.279607 -0.118966
v 0.249959 0.302937 -0.123273
v 0.302170 0.256298 -0.114986
v 0.289770 0.294950 -0.120597
v 0.261512 0.321133 -0.126202
v 0.317379 0.269175 -0.114642
v 0.272564 0.339819 -0.123754
v 0.301662 0.310482 -0.115079
v 0.281717 0.357574 -0.114777
v 0.311758 0.325213 -0.104823
v 0.340386 0.292988 -0.094739
v 0.331105 0.282098 -0.108312
v 0.316594 0.336439 -0.088819
v 0.288001 0.372978 -0.100034
v 0.344537 0.300888 -0.077096
v 0.317310 0.344479 -0.069486
v 0.291021 0.384900 -0.081638
v 0.353567 0.312735 -0.064169
v 0.364361 0.326307 -0.054801
v 0.186303 0.297850 -0.068243
v 0.169973 0.297982 -0.116299
v 0.179846 0.289382 -0.097058
v 0.173871 0.262843 -0.087850
v 0.159563 0.284712 -0.119117
v 0.155412 0.258052 -0.110200
v 0.150714 0.231264 -0.103569
v 0.143901 0.205570 -0.095369
v 0.130993 0.255801 -0.126006
v 0.127685 0.228980 -0.119177
v 0.125864 0.201943 -0.115387
v 0.136827 0.180618 -0.085815
v 0.122920 0.175518 -0.109124
v 0.139510 0.154373 -0.085575
v 0.118949 0.149521 -0.100756
v 0.147574 0.130634 -0.097834
v 0.120537 0.123822 -0.100112
v 0.153717 0.104006 -0.102599
v 0.126767 0.102417 -0.114601
v 0.131282 0.075228 -0.117743
v 0.156420 0.075927 -0.100954
v 0.135767 0.046483 -0.117897
v 0.160052 0.047227 -0.099503
v 0.140621 0.016594 -0.118927
v 0.163819 0.017635 -0.098351
v 0.171231 0.019747 -0.069902
v 0.175664 -0.010478 -0.068732
v 0.165951 -0.012862 -0.097306
v 0.180120 -0.041961 -0.067325
v 0.166364 -0.044528 -0.095303
v 0.143621 -0.014196 -0.119612
v 0.145916 -0.046181 -0.119366
v 0.117350 -0.015333 -0.136874
v 0.121139 -0.047554 -0.139094
v 0.113236 0.015679 -0.133394
v 0.084709 0.014316 -0.143912
v 0.109488 0.045687 -0.131037
v 0.088279 -0.016583 -0.147113
v 0.082737 0.044192 -0.143310
v 0.105902 0.074287 -0.129596
v 0.079828 0.072561 -0.139772
v 0.099847 0.098734 -0.119757
v 0.069360 0.120495 -0.118724
v 0.073801 0.096579 -0.128235
v 0.094938 0.121208 -0.107941
v 0.070161 0.146727 -0.120897
v 0.098113 0.146966 -0.115937
v 0.072327 0.173044 -0.128366
v 0.100958 0.173352 -0.123603
v 0.073425 0.199721 -0.135039
v 0.101843 0.200240 -0.128423
v 0.074242 0.226929 -0.140573
v 0.102643 0.227400 -0.132706
v 0.103756 0.254835 -0.138159
v 0.076026 0.283146 -0.148937
v 0.075109 0.254729 -0.145315
v 0.133306 0.283149 -0.133538
v 0.095490 0.298781 -0.148608
v 0.105102 0.282820 -0.143566
v 0.121961 0.297402 -0.142429
v 0.068614 0.300510 -0.150789
v 0.089197 0.319653 -0.152585
v 0.114412 0.317911 -0.149561
v 0.063867 0.321477 -0.152778
v 0.084960 0.342139 -0.155468
v 0.108999 0.340837 -0.153318
v 0.060782 0.343499 -0.154686
v 0.081942 0.365365 -0.156493
v 0.105105 0.364736 -0.154832
v 0.058647 0.365962 -0.155615
v 0.079793 0.388900 -0.155887
v 0.102306 0.389021 -0.153875
v 0.057141 0.388580 -0.154954
v 0.078455 0.412520 -0.153312
v 0.100529 0.413317 -0.150613
v 0.055693 0.433869 -0.149056
v 0.056176 0.411255 -0.152891
v 0.077807 0.435945 -0.148735
v 0.055828 0.456104 -0.143109
v 0.077908 0.459111 -0.142768
v 0.099709 0.437436 -0.145740
v 0.056643 0.478049 -0.136211
v 0.078691 0.481611 -0.134676
v 0.099632 0.460899 -0.138129
v 0.058225 0.499356 -0.127851
v 0.080411 0.503171 -0.124518
v 0.100460 0.483610 -0.128584
v 0.060654 0.519374 -0.117433
v 0.082273 0.521867 -0.110050
v 0.102037 0.504606 -0.115920
v 0.088785 0.533788 -0.096331
v 0.104537 0.522947 -0.099973
v 0.071525 0.534778 -0.106231
v 0.036718 0.514925 -0.120590
v 0.051827 0.532541 -0.111598
v 0.035057 0.495032 -0.129498
v 0.014462 0.526499 -0.120250
v 0.031966 0.530346 -0.116261
v 0.016125 0.513914 -0.132190
v 0.014738 0.493893 -0.139497
v 0.034097 0.474214 -0.136687
v 0.013682 0.473314 -0.145901
v 0.033614 0.453027 -0.142955
v 0.013639 0.452132 -0.149548
v 0.033660 0.431662 -0.148541
v 0.013423 0.430776 -0.151964
v 0.033973 0.410147 -0.152669
v 0.012123 0.409756 -0.155048
v 0.034519 0.388448 -0.154934
v 0.011941 0.388532 -0.155727
v 0.012033 0.367300 -0.154203
v 0.035339 0.366601 -0.155016
v 0.012379 0.346201 -0.151401
v 0.036577 0.344847 -0.153351
v 0.013189 0.325657 -0.146347
v 0.038478 0.323465 -0.150339
v 0.014449 0.305332 -0.142712
v 0.041490 0.302830 -0.147494
v 0.016515 0.286255 -0.139935
v 0.046244 0.284569 -0.145656
v 0.015639 0.257688 -0.136958
v 0.045369 0.256227 -0.140904
v 0.014955 0.229435 -0.135479
v 0.044411 0.228238 -0.136908
v 0.014720 0.201488 -0.135347
v 0.043428 0.200705 -0.132856
v 0.014706 0.173936 -0.135177
v 0.042316 0.173662 -0.127827
v 0.015526 0.146735 -0.136695
v 0.041703 0.146602 -0.125909
v 0.019070 0.120885 -0.144273
v 0.043681 0.120517 -0.130653
v 0.047881 0.095685 -0.139935
v 0.023730 0.095748 -0.154915
v 0.053300 0.070651 -0.151407
v 0.026359 0.068386 -0.159853
v 0.029203 0.040452 -0.156156
v 0.056168 0.042080 -0.155793
v 0.057740 0.012216 -0.156282
v 0.030254 0.010778 -0.161152
v 0.059519 -0.018169 -0.156199
v 0.031157 -0.019728 -0.165387
v 0.032262 -0.050792 -0.162798
v 0.062508 -0.050072 -0.158267
v 0.092597 -0.048834 -0.151863
v 0.001395 -0.019379 -0.163987
v 0.001303 -0.050372 -0.163287
v -0.029966 -0.049172 -0.162157
v -0.028864 -0.018117 -0.160092
v 0.002706 0.010058 -0.152718
v -0.026203 0.010286 -0.147517
v -0.056525 0.011711 -0.144929
v -0.059521 -0.016515 -0.156874
v -0.061236 -0.047590 -0.159266
v -0.087297 0.014564 -0.145158
v -0.090242 -0.014754 -0.151977
v -0.092385 -0.045855 -0.154082
v -0.119867 -0.013111 -0.141453
v -0.117849 0.016937 -0.140286
v -0.121308 -0.044321 -0.141435
v -0.145797 -0.011554 -0.123702
v -0.145103 0.018502 -0.125036
v -0.146312 -0.042770 -0.122055
v -0.166093 -0.009640 -0.099680
v -0.166349 0.020311 -0.102112
v -0.165643 -0.040794 -0.097040
v -0.179270 -0.007129 -0.071102
v -0.178706 0.022839 -0.073442
v -0.179532 -0.038368 -0.068561
v -0.185492 0.025304 -0.043178
v -0.188486 -0.004440 -0.040929
v -0.189852 -0.035710 -0.038544
v -0.190916 0.027873 -0.011641
v -0.194756 -0.001741 -0.009200
v -0.196553 -0.032729 -0.006908
v -0.194942 -0.030434 0.024184
v -0.194756 -0.001741 -0.009200
v -0.196553 -0.032729 -0.006908
v -0.193364 0.000788 0.021476
v -0.190916 0.027873 -0.011641
v -0.190235 0.030492 0.018856
v -0.186254 0.057122 -0.013986
v -0.186254 0.057122 -0.013986
v -0.186301 0.059774 0.016285
v -0.182333 0.086288 -0.016218
v -0.182333 0.086288 -0.016218
v -0.181028 0.054580 -0.045068
v -0.174686 0.081120 -0.077278
v -0.176108 0.083576 -0.046767
v -0.165556 0.078825 -0.105779
v -0.177197 0.052247 -0.075483
v -0.166208 0.049812 -0.104164
v -0.140140 0.076935 -0.121404
v -0.143579 0.048152 -0.125208
v -0.110721 0.070284 -0.116809
v -0.114403 0.045275 -0.132691
v -0.081550 0.069170 -0.123918
v -0.083759 0.041116 -0.130999
v -0.054257 0.068364 -0.133390
v -0.027852 0.067186 -0.144285
v -0.053644 0.039646 -0.133475
v -0.024808 0.039353 -0.139818
v -0.001579 0.066474 -0.154819
v 0.002195 0.039429 -0.148112
v -0.004176 0.093600 -0.159505
v -0.031784 0.093626 -0.150762
v -0.006138 0.121080 -0.158477
v -0.034677 0.120192 -0.156139
v -0.058179 0.094753 -0.140232
v -0.061378 0.121060 -0.146219
v -0.084779 0.095870 -0.130230
v -0.085934 0.122973 -0.133475
v -0.108796 0.098123 -0.115011
v -0.106363 0.125951 -0.114537
v -0.134977 0.102533 -0.108208
v -0.128247 0.128699 -0.098743
v -0.154693 0.134341 -0.100043
v -0.162152 0.107237 -0.106057
v -0.172008 0.109169 -0.079126
v -0.170741 0.136611 -0.080805
v -0.171064 0.111959 -0.048664
v -0.167347 0.139553 -0.050812
v -0.171673 0.142659 -0.020345
v -0.177870 0.114942 -0.018338
v -0.175726 0.145327 0.008833
v -0.177870 0.114942 -0.018338
v -0.180006 0.117476 0.011315
v -0.182993 0.088852 0.013756
v -0.172663 0.172747 0.006379
v -0.171673 0.142659 -0.020345
v -0.167788 0.166706 -0.052842
v -0.167539 0.169983 -0.022535
v -0.170944 0.199976 0.003835
v -0.167539 0.169983 -0.022535
v -0.172775 0.193622 -0.054324
v -0.166844 0.197223 -0.025000
v -0.168484 0.191132 -0.079542
v -0.171015 0.163932 -0.082100
v -0.143442 0.185846 -0.084301
v -0.146895 0.159516 -0.088078
v -0.128930 0.181747 -0.105991
v -0.124658 0.156059 -0.098594
v -0.112191 0.178337 -0.125464
v -0.106543 0.153063 -0.117060
v -0.089107 0.176689 -0.140369
v -0.086105 0.150187 -0.135220
v -0.063231 0.175466 -0.151625
v -0.062915 0.148070 -0.149769
v -0.035766 0.174698 -0.159964
v -0.036020 0.147247 -0.159455
v -0.010260 0.147105 -0.149825
v -0.009113 0.174351 -0.150361
v -0.035295 0.202430 -0.159932
v -0.008780 0.202003 -0.150300
v -0.008760 0.230033 -0.149900
v -0.034829 0.230539 -0.160798
v -0.060756 0.231078 -0.150050
v -0.062791 0.203188 -0.151932
v -0.083498 0.231103 -0.134946
v -0.088243 0.204128 -0.140553
v -0.108790 0.231639 -0.124536
v -0.113562 0.205155 -0.129208
v -0.135340 0.233063 -0.115489
v -0.136719 0.206492 -0.115677
v -0.152489 0.210109 -0.094030
v -0.159570 0.235779 -0.101578
v -0.163975 0.216785 -0.070248
v -0.166590 0.243393 -0.076399
v -0.177795 0.221251 -0.055529
v -0.181587 0.249496 -0.056960
v -0.168344 0.224644 -0.027638
v -0.171467 0.252539 -0.030190
v -0.170511 0.254689 -0.001525
v -0.168344 0.224644 -0.027638
v -0.170492 0.227197 0.001199
v -0.166844 0.197223 -0.025000
v -0.178777 0.280142 -0.032048
v -0.170600 0.282824 -0.004477
v -0.171467 0.252539 -0.030190
v -0.179110 0.305630 -0.036698
v -0.178777 0.280142 -0.032048
v -0.179110 0.305630 -0.036698
v -0.183917 0.276357 -0.059402
v -0.182958 0.294889 -0.094275
v -0.186800 0.303600 -0.066079
v -0.178192 0.268189 -0.085692
v -0.164774 0.289287 -0.116836
v -0.160450 0.263167 -0.106520
v -0.139947 0.287018 -0.131367
v -0.137753 0.259627 -0.124109
v -0.112368 0.286566 -0.138965
v -0.110639 0.258712 -0.132137
v -0.083505 0.287235 -0.140743
v -0.058069 0.259129 -0.147621
v -0.081986 0.259080 -0.134687
v -0.056533 0.287789 -0.146888
v -0.034179 0.259046 -0.162497
v -0.009401 0.287169 -0.149951
v -0.033398 0.288002 -0.163094
v -0.009156 0.258404 -0.149660
v -0.030505 0.307384 -0.164452
v -0.009531 0.307712 -0.149908
v -0.028296 0.328030 -0.162915
v -0.010437 0.328052 -0.148559
v -0.048494 0.326692 -0.151475
v -0.051446 0.305967 -0.149395
v -0.071864 0.324964 -0.148475
v -0.076434 0.304268 -0.144792
v -0.096624 0.323240 -0.148148
v -0.102863 0.302452 -0.143877
v -0.121162 0.321666 -0.145994
v -0.128676 0.301207 -0.139365
v -0.145105 0.320547 -0.140464
v -0.153513 0.300694 -0.130728
v -0.167260 0.320674 -0.129616
v -0.174414 0.302745 -0.114107
v -0.185087 0.323378 -0.112224
v -0.187642 0.308113 -0.091102
v -0.191596 0.330695 -0.089592
v -0.187313 0.315435 -0.064031
v -0.193054 0.313341 -0.066495
v -0.191596 0.330695 -0.089592
v -0.187313 0.315435 -0.064031
v -0.190385 0.317634 -0.039669
v -0.179110 0.305630 -0.036698
v -0.209746 0.307438 -0.073387
v -0.194145 0.320464 -0.092670
v -0.208061 0.315814 -0.050866
v -0.190385 0.317634 -0.039669
v -0.177678 0.321484 -0.011951
v -0.198351 0.331144 -0.024790
v -0.211512 0.304849 -0.029085
v -0.223004 0.289690 -0.054184
v -0.223004 0.289690 -0.054184
v -0.222511 0.278021 -0.034409
v -0.216153 0.302311 -0.008819
v -0.200041 0.325899 0.000231
v -0.232507 0.291962 -0.031530
v -0.252751 0.271280 -0.031328
v -0.234944 0.261946 -0.059163
v -0.244727 0.265506 -0.048203
v -0.264552 0.246008 -0.046305
v -0.270471 0.248057 -0.028122
v -0.257546 0.244317 -0.064113
v -0.257546 0.244317 -0.064113
v -0.244235 0.260948 -0.078556
v -0.234944 0.261946 -0.059163
v -0.225718 0.283554 -0.075913
v -0.277096 0.222962 -0.062213
v -0.262408 0.238974 -0.081612
v -0.257546 0.244317 -0.064113
v -0.277096 0.222962 -0.062213
v -0.264552 0.246008 -0.046305
v -0.282656 0.224047 -0.042031
v -0.279632 0.220232 -0.061971
v -0.285013 0.221242 -0.041484
v -0.279632 0.220232 -0.061971
v -0.283339 0.218913 -0.082193
v -0.291209 0.228256 -0.024742
v -0.293889 0.225723 -0.024309
v -0.270471 0.248057 -0.028122
v -0.303894 0.236405 -0.012849
v -0.306722 0.234068 -0.012787
v -0.281821 0.254672 -0.013333
v -0.318007 0.247466 -0.007791
v -0.320871 0.245298 -0.008383
v -0.295656 0.264428 -0.003162
v -0.332102 0.260333 -0.006683
v -0.334883 0.258143 -0.007144
v -0.310370 0.277448 -0.003088
v -0.344980 0.273905 -0.005646
v -0.347801 0.271812 -0.004949
v -0.322933 0.290265 -0.011091
v -0.357225 0.287762 -0.001915
v -0.359901 0.285624 -0.000796
v -0.336318 0.304472 -0.010661
v -0.369368 0.301655 0.002137
v -0.372084 0.299450 0.002952
v -0.348147 0.318881 -0.004237
v -0.381995 0.315229 0.002982
v -0.384682 0.312917 0.003432
v -0.360997 0.333299 -0.000529
v -0.392061 0.323439 -0.009931
v -0.394534 0.320872 -0.009725
v -0.372739 0.343498 -0.011534
v -0.394415 0.323339 -0.028017
v -0.396994 0.320894 -0.027707
v -0.374263 0.342447 -0.030439
v -0.384980 0.311642 -0.040751
v -0.364131 0.330130 -0.043414
v -0.387649 0.309275 -0.040410
v -0.377253 0.296794 -0.051534
v -0.374534 0.299100 -0.051942
v -0.353291 0.317121 -0.055129
v -0.368085 0.285345 -0.064625
v -0.365446 0.287695 -0.065251
v -0.344830 0.306054 -0.070148
v -0.360489 0.275313 -0.079846
v -0.358254 0.277934 -0.080867
v -0.340789 0.298413 -0.088843
v -0.353516 0.266070 -0.095873
v -0.351153 0.268600 -0.096884
v -0.332694 0.288363 -0.104782
v -0.342495 0.254755 -0.107595
v -0.339861 0.257123 -0.108296
v -0.319278 0.275627 -0.113781
v -0.327835 0.242001 -0.112493
v -0.325071 0.244313 -0.112863
v -0.303470 0.262383 -0.115750
v -0.312236 0.230157 -0.108795
v -0.309409 0.232444 -0.109037
v -0.287357 0.250340 -0.110938
v -0.297659 0.220863 -0.098636
v -0.294864 0.223253 -0.098687
v -0.273061 0.241923 -0.099086
v -0.286026 0.216345 -0.082268
v -0.273061 0.241923 -0.099086
v -0.263135 0.271302 -0.113710
v -0.250802 0.261838 -0.099274
v -0.262408 0.238974 -0.081612
v -0.238570 0.292812 -0.115956
v -0.229554 0.283662 -0.098646
v -0.277403 0.285425 -0.120133
v -0.251095 0.309250 -0.124132
v -0.287357 0.250340 -0.110938
v -0.291324 0.301215 -0.119443
v -0.263362 0.327295 -0.127154
v -0.303470 0.262383 -0.115750
v -0.303944 0.316935 -0.113662
v -0.274335 0.346092 -0.122259
v -0.319278 0.275627 -0.113781
v -0.312954 0.330945 -0.100372
v -0.283056 0.363429 -0.111062
v -0.332694 0.288363 -0.104782
v -0.316230 0.340961 -0.082409
v -0.289270 0.378324 -0.095074
v -0.340789 0.298413 -0.088843
v -0.317557 0.349165 -0.062449
v -0.290189 0.388553 -0.074995
v -0.344830 0.306054 -0.070148
v -0.326688 0.362156 -0.047852
v -0.290119 0.396463 -0.053568
v -0.353291 0.317121 -0.055129
v -0.301650 0.410503 -0.039737
v -0.364131 0.330130 -0.043414
v -0.337880 0.375728 -0.034997
v -0.374263 0.342447 -0.030439
v -0.337743 0.377805 -0.016143
v -0.304115 0.414517 -0.020147
v -0.269595 0.450277 -0.025272
v -0.265020 0.445434 -0.042235
v -0.263496 0.438271 -0.064960
v -0.233744 0.486035 -0.024738
v -0.232818 0.484536 -0.049535
v -0.232965 0.478874 -0.074674
v -0.229751 0.465185 -0.096368
v -0.263100 0.428732 -0.087290
v -0.225907 0.446893 -0.114920
v -0.257964 0.413339 -0.105269
v -0.221797 0.422966 -0.123704
v -0.250403 0.394108 -0.117922
v -0.218456 0.399199 -0.127701
v -0.242117 0.373044 -0.125618
v -0.214722 0.376585 -0.127254
v -0.236405 0.352091 -0.135549
v -0.208153 0.353034 -0.121857
v -0.225684 0.331565 -0.131899
v -0.203392 0.333935 -0.109914
v -0.219160 0.317052 -0.116525
v -0.210719 0.307301 -0.096874
v -0.193635 0.348814 -0.111703
v -0.190168 0.368342 -0.130313
v -0.193635 0.348814 -0.111703
v -0.181525 0.343932 -0.128159
v -0.190168 0.368342 -0.130313
v -0.177926 0.367384 -0.139459
v -0.193777 0.392572 -0.139210
v -0.173704 0.393332 -0.142357
v -0.193777 0.392572 -0.139210
v -0.190009 0.420151 -0.137925
v -0.169660 0.418973 -0.137792
v -0.190009 0.420151 -0.137925
v -0.167735 0.444118 -0.129513
v -0.187214 0.447286 -0.131473
v -0.187214 0.447286 -0.131473
v -0.166974 0.468517 -0.118796
v -0.186766 0.471232 -0.117788
v -0.186766 0.471232 -0.117788
v -0.167754 0.492900 -0.108033
v -0.187768 0.491743 -0.099570
v -0.187768 0.491743 -0.099570
v -0.169321 0.510183 -0.088140
v -0.189933 0.507956 -0.078109
v -0.189933 0.507956 -0.078109
v -0.171444 0.520232 -0.064521
v -0.191857 0.515779 -0.052363
v -0.191857 0.515779 -0.052363
v -0.190097 0.513253 -0.025701
v -0.173258 0.521681 -0.032236
v -0.191857 0.515779 -0.052363
v -0.159452 0.525668 -0.051023
v -0.190097 0.513253 -0.025701
v -0.159452 0.525668 -0.051023
v -0.144581 0.531624 -0.064274
v -0.127763 0.538101 -0.050769
v -0.117455 0.542379 -0.063099
v -0.147900 0.530956 -0.032614
v -0.127763 0.538101 -0.050769
v -0.151933 0.520851 -0.014210
v -0.132634 0.528876 -0.014954
v -0.121752 0.537688 -0.033161
v -0.129980 0.517073 0.002377
v -0.115195 0.523668 0.000891
v -0.113240 0.536993 -0.015415
v -0.108704 0.513126 0.019357
v -0.097436 0.519276 0.016814
v -0.100290 0.530298 -0.000533
v -0.088160 0.508563 0.036528
v -0.079452 0.515023 0.032256
v -0.086030 0.525478 0.014241
v -0.070663 0.521559 0.028011
v -0.036322 0.513682 0.049341
v -0.053829 0.517101 0.039429
v -0.062210 0.527300 0.023778
v -0.047798 0.524606 0.033714
v -0.042302 0.541901 0.027975
v -0.062210 0.527300 0.023778
v -0.047798 0.524606 0.033714
v -0.032477 0.523147 0.041436
v -0.029588 0.541612 0.036969
v -0.016315 0.522442 0.046324
v -0.032477 0.523147 0.041436
v -0.016315 0.522442 0.046324
v -0.015322 0.541538 0.043543
v -0.029588 0.541612 0.036969
v -0.014460 0.542462 0.039230
v -0.027926 0.542533 0.033025
v -0.042302 0.541901 0.027975
v -0.039927 0.542805 0.024535
v -0.014089 0.525195 0.037373
v -0.027210 0.525264 0.031327
v -0.038904 0.525529 0.023054
v 0.000049 0.540355 -0.033360
v 0.074392 0.544480 -0.045924
v 0.070834 0.546097 -0.054176
v 0.074641 0.541647 -0.032948
v 0.020495 0.551661 -0.083123
v 0.010204 0.552005 -0.084184
v -0.000174 0.552273 -0.084355
v -0.010572 0.552544 -0.083739
v -0.065166 0.531735 -0.008358
v -0.057388 0.528360 0.002283
v -0.048495 0.526366 0.012684
v 0.071641 0.537268 -0.020642
v 0.030589 0.551261 -0.081122
v -0.071028 0.536754 -0.019288
v 0.065965 0.532115 -0.009376
v 0.040407 0.550809 -0.078207
v -0.074238 0.541282 -0.031057
v 0.058250 0.528603 0.001439
v 0.049637 0.549950 -0.073868
v -0.074286 0.544630 -0.043630
v 0.049307 0.526539 0.011981
v 0.057947 0.548633 -0.068207
v -0.070953 0.546552 -0.051905
v 0.039670 0.525743 0.022599
v 0.065281 0.547334 -0.061705
v -0.058409 0.549477 -0.066200
v -0.065710 0.548292 -0.059666
v 0.027808 0.525568 0.031032
v -0.050073 0.550729 -0.071874
v 0.014462 0.525537 0.037252
v -0.041086 0.552136 -0.076670
v 0.000135 0.525196 0.040352
v -0.031177 0.552540 -0.079876
v -0.020941 0.552675 -0.082227
v -0.010851 0.570528 -0.085061
v -0.000180 0.570250 -0.085694
v -0.011498 0.571272 -0.088133
v -0.021492 0.570663 -0.083510
v -0.000194 0.570977 -0.088803
v -0.011498 0.571272 -0.088133
v -0.024905 0.557612 -0.098793
v -0.022772 0.571414 -0.086490
v -0.000194 0.570977 -0.088803
v -0.012993 0.557073 -0.100134
v -0.016997 0.542235 -0.109274
v -0.024905 0.557612 -0.098793
v -0.012993 0.557073 -0.100134
v -0.001137 0.542111 -0.113148
v -0.000823 0.556575 -0.101129
v -0.031718 0.546216 -0.109741
v -0.036993 0.557700 -0.096347
v -0.036993 0.557700 -0.096347
v -0.033901 0.571267 -0.083934
v -0.046501 0.545304 -0.103768
v -0.048293 0.556601 -0.092220
v -0.044674 0.570828 -0.080447
v -0.048293 0.556601 -0.092220
v -0.033901 0.571267 -0.083934
v -0.042166 0.570110 -0.077807
v -0.031997 0.570524 -0.081097
v -0.022772 0.571414 -0.086490
v -0.051388 0.568666 -0.072885
v -0.044674 0.570828 -0.080447
v -0.059943 0.567381 -0.067062
v -0.054444 0.569299 -0.075234
v -0.063508 0.567937 -0.069065
v -0.060185 0.557034 -0.087989
v -0.070979 0.555710 -0.081227
v -0.054444 0.569299 -0.075234
v -0.076559 0.546828 -0.091627
v -0.070979 0.555710 -0.081227
v -0.060185 0.557034 -0.087989
v -0.061584 0.546899 -0.099079
v -0.089603 0.545233 -0.082435
v -0.081523 0.555189 -0.073260
v -0.071446 0.566649 -0.061961
v -0.081523 0.555189 -0.073260
v -0.077146 0.564757 -0.053522
v -0.090291 0.554473 -0.063028
v -0.103630 0.543461 -0.073003
v -0.090291 0.554473 -0.063028
v -0.109124 0.534454 -0.083717
v -0.126825 0.532879 -0.073599
v -0.129224 0.524083 -0.085678
v -0.151205 0.525203 -0.076537
v -0.148215 0.509894 -0.096702
v -0.127134 0.508356 -0.104831
v -0.146658 0.489847 -0.112707
v -0.125764 0.487819 -0.119254
v -0.146326 0.467187 -0.125199
v -0.125372 0.465180 -0.130189
v -0.147157 0.443246 -0.135015
v -0.126089 0.441596 -0.138950
v -0.149030 0.418258 -0.141438
v -0.130327 0.392586 -0.148790
v -0.127756 0.417310 -0.145312
v -0.152025 0.392937 -0.145514
v -0.134036 0.367837 -0.149413
v -0.156111 0.367543 -0.145225
v -0.138841 0.343508 -0.146561
v -0.161198 0.342998 -0.139862
v -0.115699 0.344529 -0.149766
v -0.111669 0.368287 -0.151800
v -0.092310 0.345684 -0.151174
v -0.089173 0.368779 -0.153078
v -0.108660 0.392378 -0.151753
v -0.086840 0.392142 -0.153320
v -0.106517 0.416420 -0.149051
v -0.085354 0.415659 -0.152577
v -0.084569 0.439182 -0.149567
v -0.105173 0.440240 -0.143802
v -0.083960 0.461887 -0.142166
v -0.104564 0.463431 -0.135875
v -0.083954 0.483677 -0.132360
v -0.104956 0.485932 -0.126160
v -0.085092 0.504695 -0.121218
v -0.106140 0.506596 -0.113088
v -0.086894 0.523212 -0.106687
v -0.108272 0.524493 -0.096694
v -0.091262 0.535197 -0.093463
v -0.075309 0.536737 -0.104410
v -0.066988 0.521852 -0.116550
v -0.056553 0.534688 -0.111310
v -0.046496 0.519784 -0.126338
v -0.038330 0.531659 -0.116391
v -0.065392 0.501663 -0.126609
v -0.045046 0.499487 -0.135100
v -0.064199 0.480590 -0.135440
v -0.043667 0.478264 -0.141418
v -0.063384 0.458866 -0.142771
v -0.042760 0.456641 -0.146429
v -0.063218 0.436729 -0.148633
v -0.042346 0.434861 -0.150308
v -0.063749 0.414262 -0.151736
v -0.043096 0.391321 -0.153575
v -0.042381 0.413084 -0.152614
v -0.064825 0.391724 -0.153009
v -0.043889 0.369605 -0.152956
v -0.066506 0.369205 -0.152627
v -0.046172 0.348057 -0.152620
v -0.068751 0.346861 -0.150976
v -0.026836 0.349158 -0.163975
v -0.025678 0.370366 -0.163501
v -0.011070 0.348251 -0.147681
v -0.010472 0.368401 -0.147706
v -0.008411 0.388515 -0.148096
v -0.024837 0.391627 -0.162186
v -0.007392 0.408576 -0.146815
v -0.024138 0.412597 -0.159645
v -0.005638 0.428658 -0.145370
v -0.023619 0.433621 -0.156318
v -0.005408 0.448465 -0.140780
v -0.023199 0.454594 -0.151592
v -0.004741 0.468550 -0.136600
v -0.022782 0.475496 -0.146018
v -0.003800 0.488193 -0.130928
v -0.022976 0.495852 -0.139018
v -0.001341 0.508008 -0.126501
v -0.023592 0.515580 -0.130659
v -0.002355 0.524912 -0.119959
v -0.020007 0.528936 -0.119124
v 0.012429 0.540427 -0.109971
v 0.011362 0.555966 -0.100258
v 0.029192 0.542646 -0.109332
v 0.023608 0.555378 -0.099136
v 0.022279 0.570312 -0.087463
v 0.011362 0.555966 -0.100258
v 0.011089 0.570686 -0.088617
v -0.000823 0.556575 -0.101129
v 0.035463 0.555477 -0.097211
v 0.042439 0.544242 -0.103597
v 0.035463 0.555477 -0.097211
v 0.023608 0.555378 -0.099136
v 0.011089 0.570686 -0.088617
v 0.021032 0.569622 -0.084429
v 0.022279 0.570312 -0.087463
v 0.031391 0.569212 -0.082376
v 0.033253 0.569877 -0.085288
v 0.041466 0.568748 -0.079384
v 0.043927 0.569385 -0.082119
v 0.050939 0.567867 -0.074932
v 0.053963 0.568452 -0.077402
v 0.043927 0.569385 -0.082119
v 0.033253 0.569877 -0.085288
v 0.053963 0.568452 -0.077402
v 0.047736 0.555603 -0.094228
v 0.047736 0.555603 -0.094228
v 0.059609 0.546301 -0.101500
v 0.059280 0.555377 -0.089757
v 0.074942 0.546190 -0.094394
v 0.070419 0.554674 -0.083403
v 0.088349 0.543983 -0.084968
v 0.062997 0.567020 -0.071247
v 0.059280 0.555377 -0.089757
v 0.070971 0.565607 -0.064178
v 0.070419 0.554674 -0.083403
v 0.081038 0.554161 -0.075583
v 0.102846 0.542439 -0.075765
v 0.090106 0.553749 -0.065515
v 0.116727 0.540469 -0.065640
v 0.077008 0.564263 -0.055992
v 0.081038 0.554161 -0.075583
v 0.062997 0.567020 -0.071247
v 0.066994 0.565182 -0.062449
v 0.070971 0.565607 -0.064178
v 0.072692 0.563912 -0.054723
v 0.077008 0.564263 -0.055992
v 0.076343 0.562253 -0.046254
v 0.080876 0.562505 -0.047020
v 0.076599 0.559345 -0.032938
v 0.081148 0.559424 -0.032913
v 0.080876 0.562505 -0.047020
v 0.098063 0.548735 -0.035279
v 0.096112 0.552969 -0.052798
v 0.080876 0.562505 -0.047020
v 0.090106 0.553749 -0.065515
v 0.096112 0.552969 -0.052798
v 0.128549 0.539040 -0.054831
v 0.122756 0.538548 -0.035655
v 0.096112 0.552969 -0.052798
v 0.098063 0.548735 -0.035279
v 0.113897 0.536081 -0.017814
v 0.094404 0.543351 -0.018411
v 0.081148 0.559424 -0.032913
v 0.094404 0.543351 -0.018411
v 0.077886 0.554663 -0.019533
v 0.086775 0.537051 -0.003140
v 0.101553 0.530615 -0.001979
v 0.086775 0.537051 -0.003140
v 0.087533 0.525730 0.012998
v 0.076206 0.531666 0.010803
v 0.071714 0.549061 -0.007284
v 0.076206 0.531666 0.010803
v 0.071714 0.549061 -0.007284
v 0.073520 0.554852 -0.020308
v 0.067695 0.549563 -0.008746
v 0.063327 0.545243 0.004475
v 0.059778 0.545960 0.002353
v 0.050600 0.543841 0.013171
v 0.053603 0.542999 0.015936
v 0.040710 0.543024 0.024068
v 0.043125 0.542133 0.027480
v 0.063327 0.545243 0.004475
v 0.063317 0.527652 0.023024
v 0.043125 0.542133 0.027480
v 0.053603 0.542999 0.015936
v 0.072248 0.521660 0.026885
v 0.063317 0.527652 0.023024
v 0.055586 0.517409 0.038675
v 0.048750 0.524991 0.033181
v 0.037980 0.513840 0.048705
v 0.033080 0.523519 0.041076
v 0.033080 0.523519 0.041076
v 0.048750 0.524991 0.033181
v 0.016887 0.523029 0.046278
v 0.030229 0.541943 0.036648
v 0.016887 0.523029 0.046278
v 0.028536 0.542844 0.032722
v 0.030229 0.541943 0.036648
v 0.014840 0.542813 0.039105
v 0.015719 0.541909 0.043411
v 0.000137 0.542463 0.042287
v 0.000143 0.541538 0.046782
v -0.015322 0.541538 0.043543
v 0.000143 0.541538 0.046782
v 0.015719 0.541909 0.043411
v 0.000359 0.522510 0.047745
v 0.000359 0.522510 0.047745
v 0.020054 0.509967 0.055144
v -0.018303 0.509436 0.055286
v 0.001018 0.505511 0.057802
v 0.043191 0.503626 0.056656
v 0.048078 0.492218 0.063055
v 0.062867 0.509660 0.044831
v 0.070047 0.501822 0.050890
v 0.046862 0.476940 0.071362
v 0.068578 0.486470 0.061947
v 0.046145 0.461301 0.079328
v 0.067618 0.469691 0.071206
v 0.045848 0.445503 0.086977
v 0.067328 0.452647 0.080033
v 0.046002 0.429688 0.094474
v 0.067689 0.435501 0.088515
v 0.046566 0.413972 0.101966
v 0.068704 0.418392 0.096767
v 0.047502 0.397960 0.108493
v 0.070293 0.401208 0.104444
v 0.048795 0.381764 0.114089
v 0.072408 0.383615 0.110498
v 0.050426 0.365200 0.117677
v 0.075068 0.365830 0.114979
v 0.095603 0.384905 0.104731
v 0.099164 0.365656 0.108627
v 0.117980 0.385456 0.096195
v 0.122244 0.364745 0.099089
v 0.139149 0.385326 0.085044
v 0.143002 0.363073 0.085167
v 0.157992 0.384656 0.070552
v 0.159827 0.361343 0.066692
v 0.154334 0.408023 0.067628
v 0.134969 0.407273 0.079961
v 0.131550 0.428605 0.071483
v 0.151104 0.430661 0.059982
v 0.129049 0.449081 0.060599
v 0.148035 0.451544 0.047960
v 0.127899 0.469028 0.048459
v 0.146931 0.472178 0.034942
v 0.128039 0.487882 0.034838
v 0.147713 0.491724 0.020471
v 0.129111 0.504072 0.018574
v 0.149725 0.508281 0.003083
v 0.132008 0.517285 0.000513
v 0.153622 0.520865 -0.016658
v 0.133776 0.528361 -0.017245
v 0.116821 0.523903 -0.000692
v 0.128549 0.539040 -0.054831
v 0.111007 0.513102 0.017728
v 0.099315 0.519408 0.015438
v 0.090796 0.508621 0.035201
v 0.081557 0.515159 0.031098
v 0.109597 0.500393 0.035125
v 0.089515 0.494561 0.049873
v 0.108720 0.483614 0.049249
v 0.088513 0.477357 0.061308
v 0.108481 0.464835 0.060961
v 0.088209 0.459150 0.071304
v 0.109383 0.445500 0.071782
v 0.088833 0.440771 0.080860
v 0.111385 0.425860 0.081688
v 0.090335 0.422367 0.089976
v 0.114293 0.405881 0.090149
v 0.092582 0.403784 0.098130
v 0.077886 0.554663 -0.019533
v 0.144235 0.530469 -0.066965
v 0.125487 0.531298 -0.076636
v 0.148952 0.522430 -0.079211
v 0.126481 0.522851 -0.089343
v 0.107248 0.533216 -0.086774
v 0.145862 0.507509 -0.099609
v 0.123823 0.506058 -0.107573
v 0.122023 0.485202 -0.121692
v 0.143674 0.486942 -0.115126
v 0.142699 0.463687 -0.126782
v 0.121134 0.462266 -0.132348
v 0.143029 0.439503 -0.136332
v 0.121310 0.438416 -0.140785
v 0.144438 0.414508 -0.143123
v 0.122467 0.413923 -0.146829
v 0.124630 0.389029 -0.150328
v 0.146965 0.389067 -0.146827
v 0.128037 0.364119 -0.151031
v 0.150705 0.363637 -0.146337
v 0.132767 0.339663 -0.148573
v 0.155930 0.338924 -0.141446
v 0.139049 0.316633 -0.142433
v 0.162289 0.316323 -0.131414
v 0.147619 0.296618 -0.132522
v 0.059467 0.566515 -0.069122
v 0.010470 0.569976 -0.085518
v -0.095971 0.552894 -0.050247
v -0.080770 0.562668 -0.044526
v -0.095971 0.552894 -0.050247
v -0.080770 0.562668 -0.044526
v -0.097511 0.548102 -0.033196
v -0.080718 0.559027 -0.030856
v -0.095971 0.552894 -0.050247
v -0.080718 0.559027 -0.030856
v -0.076237 0.562407 -0.043900
v -0.080770 0.562668 -0.044526
v -0.077146 0.564757 -0.053522
v -0.072817 0.564380 -0.052392
v -0.076188 0.558971 -0.030997
v -0.067436 0.566165 -0.060357
v -0.071446 0.566649 -0.061961
v -0.063508 0.567937 -0.069065
v -0.072893 0.554324 -0.018919
v -0.077227 0.554105 -0.018061
v -0.066878 0.549174 -0.007701
v -0.070855 0.548648 -0.006177
v -0.077227 0.554105 -0.018061
v -0.085789 0.536589 -0.001811
v -0.070855 0.548648 -0.006177
v -0.093620 0.542847 -0.016687
v -0.093620 0.542847 -0.016687
v -0.097511 0.548102 -0.033196
v -0.085789 0.536589 -0.001811
v -0.075103 0.531288 0.011819
v -0.062398 0.544979 0.005391
v -0.075103 0.531288 0.011819
v -0.052729 0.542811 0.016700
v -0.052729 0.542811 0.016700
v -0.058896 0.545710 0.003218
v -0.062398 0.544979 0.005391
v -0.049769 0.543664 0.013892
v -0.107132 0.500355 0.036439
v -0.086884 0.494456 0.050955
v -0.085971 0.477235 0.062141
v -0.106349 0.483604 0.050388
v -0.125781 0.487966 0.036270
v -0.127117 0.504350 0.020609
v -0.146460 0.493211 0.024131
v -0.147859 0.508076 0.005383
v -0.166851 0.496413 0.010700
v -0.169039 0.511483 -0.009725
v -0.187122 0.498489 -0.003346
v -0.166513 0.478626 0.028670
v -0.145231 0.472824 0.036694
v -0.186231 0.480266 0.016716
v -0.227037 0.469524 -0.006759
v -0.186231 0.480266 0.016716
v -0.187122 0.498489 -0.003346
v -0.257302 0.432567 -0.020283
v -0.220489 0.449335 0.007649
v -0.251949 0.415793 -0.004148
v -0.219078 0.429300 0.023191
v -0.186146 0.458279 0.026828
v -0.242543 0.395821 0.004433
v -0.215271 0.407336 0.024391
v -0.187906 0.433308 0.034661
v -0.186146 0.458279 0.026828
v -0.165454 0.454358 0.035411
v -0.187906 0.433308 0.034661
v -0.168437 0.431762 0.046722
v -0.189625 0.406847 0.040427
v -0.171229 0.407441 0.053726
v -0.189625 0.406847 0.040427
v -0.176652 0.383517 0.059025
v -0.190889 0.379662 0.041026
v -0.208097 0.385666 0.014849
v -0.190889 0.379662 0.041026
v -0.238346 0.375822 0.015197
v -0.231222 0.356082 0.017117
v -0.200925 0.361900 0.011357
v -0.224965 0.340930 0.000634
v -0.206481 0.337591 0.015240
v -0.187591 0.357401 0.031812
v -0.216360 0.324047 -0.012978
v -0.180789 0.341464 0.009616
v -0.171999 0.363243 0.046443
v -0.187591 0.357401 0.031812
v -0.169008 0.341883 0.033072
v -0.180789 0.341464 0.009616
v -0.168411 0.322927 0.015740
v -0.177678 0.321484 -0.011951
v -0.173049 0.311429 -0.006507
v -0.158877 0.323393 0.042759
v -0.162753 0.312284 0.023115
v -0.158663 0.284218 0.022886
v -0.152284 0.312481 0.052337
v -0.146913 0.285000 0.050385
v -0.157459 0.256104 0.024699
v -0.144488 0.257108 0.050963
v -0.157986 0.228698 0.027481
v -0.143187 0.229666 0.052398
v -0.159154 0.201580 0.030431
v -0.142322 0.202484 0.053832
v -0.161483 0.174479 0.033576
v -0.143196 0.175319 0.055952
v -0.147432 0.148214 0.060105
v -0.164948 0.147143 0.036629
v -0.152698 0.120733 0.064427
v -0.169296 0.119402 0.039609
v -0.157598 0.092621 0.068190
v -0.173705 0.091118 0.042484
v -0.162125 0.063924 0.071907
v -0.177888 0.062257 0.045499
v -0.165318 0.034620 0.075430
v -0.181434 0.032927 0.048504
v -0.169221 0.004978 0.079554
v -0.183951 0.003068 0.051596
v -0.187006 -0.027937 0.055060
v -0.174267 -0.025770 0.084779
v -0.148006 0.006113 0.102901
v -0.153028 -0.024555 0.108323
v -0.119047 0.006551 0.116340
v -0.144221 0.035711 0.098598
v -0.123885 -0.024126 0.122497
v -0.116206 0.036185 0.112788
v -0.142407 0.065050 0.095733
v -0.116026 0.065526 0.112074
v -0.139395 0.093787 0.092311
v -0.115780 0.094330 0.111314
v -0.135208 0.121871 0.088261
v -0.114737 0.122614 0.109689
v -0.130056 0.149239 0.083319
v -0.109739 0.177571 0.102743
v -0.112618 0.150354 0.106750
v -0.126555 0.176357 0.079285
v -0.110040 0.204770 0.100993
v -0.128584 0.203508 0.079153
v -0.110780 0.232008 0.099432
v -0.130302 0.230716 0.078325
v -0.111524 0.259562 0.097828
v -0.132287 0.258195 0.077648
v -0.131813 0.285952 0.075975
v -0.113374 0.287436 0.098618
v -0.136825 0.313602 0.078777
v -0.115140 0.315748 0.099329
v -0.130727 0.326180 0.091157
v -0.147636 0.324207 0.068816
v -0.107768 0.329033 0.106557
v -0.125754 0.344875 0.098109
v -0.144965 0.342878 0.080220
v -0.102420 0.346899 0.109966
v -0.121003 0.365317 0.099624
v -0.141845 0.364182 0.085931
v -0.097932 0.365975 0.109063
v -0.116468 0.386007 0.096631
v -0.137690 0.386259 0.085772
v -0.090834 0.404021 0.098525
v -0.094131 0.385178 0.105105
v -0.133482 0.407917 0.080464
v -0.088355 0.422562 0.090456
v -0.112604 0.406392 0.090620
v -0.109560 0.426195 0.082169
v -0.086654 0.440853 0.081410
v -0.107435 0.445662 0.072468
v -0.130068 0.428960 0.072008
v -0.085855 0.459147 0.072041
v -0.106313 0.464848 0.061852
v -0.127371 0.449263 0.061346
v -0.125889 0.469117 0.049531
v -0.146515 0.451888 0.048599
v -0.149580 0.430603 0.059835
v -0.153293 0.408292 0.068259
v -0.157367 0.386084 0.072463
v -0.159215 0.363036 0.067808
v -0.159026 0.341696 0.057718
v -0.245540 0.312277 0.003265
v -0.240385 0.302956 -0.015591
v -0.269176 0.286748 0.000342
v -0.257481 0.275680 -0.012099
v -0.281821 0.254672 -0.013333
v -0.295656 0.264428 -0.003162
v -0.281937 0.302445 0.002484
v -0.252387 0.327700 0.004135
v -0.310370 0.277448 -0.003088
v -0.293059 0.317788 -0.003931
v -0.263034 0.346467 0.002234
v -0.322933 0.290265 -0.011091
v -0.272755 0.364148 -0.005106
v -0.302430 0.332179 -0.015215
v -0.278751 0.379656 -0.019696
v -0.314204 0.348481 -0.016474
v -0.348147 0.318881 -0.004237
v -0.336318 0.304472 -0.010661
v -0.325899 0.364899 -0.010595
v -0.290635 0.397557 -0.021404
v -0.360997 0.333299 -0.000529
v -0.372739 0.343498 -0.011534
v -0.297659 0.220863 -0.098636
v -0.289260 0.219163 -0.080106
v -0.300197 0.223433 -0.095490
v -0.312236 0.230157 -0.108795
v -0.313919 0.232190 -0.105046
v -0.287925 0.248574 -0.086230
v -0.299214 0.255836 -0.094013
v -0.278922 0.244976 -0.073770
v -0.320628 0.281631 -0.047147
v -0.348676 0.306522 -0.050587
v -0.341717 0.297832 -0.060523
v -0.356567 0.315996 -0.042143
v -0.335505 0.298044 -0.012074
v -0.344753 0.308539 -0.009229
v -0.354315 0.318760 -0.008865
v -0.335951 0.290218 -0.072077
v -0.330658 0.283202 -0.084242
v -0.361793 0.324799 -0.018852
v -0.278289 0.248640 -0.042888
v -0.285063 0.252121 -0.029893
v -0.294877 0.258624 -0.021170
v -0.322293 0.274613 -0.093139
v -0.363660 0.324815 -0.032501
v -0.305799 0.267357 -0.017832
v -0.311165 0.264932 -0.096858
v -0.274172 0.247885 -0.058396
v -0.316515 0.277185 -0.016892
v -0.326321 0.287560 -0.015227
v -0.366403 0.284053 -0.063558
v -0.375016 0.294808 -0.051260
v -0.368085 0.285345 -0.064625
v -0.359267 0.274629 -0.077858
v -0.377253 0.296794 -0.051534
v -0.384782 0.306534 -0.040809
v -0.387649 0.309275 -0.040410
v -0.393562 0.317449 -0.028875
v -0.396994 0.320894 -0.027707
v -0.391251 0.317429 -0.011982
v -0.394534 0.320872 -0.009725
v -0.381995 0.309955 0.000378
v -0.384682 0.312917 0.003432
v -0.370160 0.297304 -0.000072
v -0.372084 0.299450 0.002952
v -0.358714 0.284315 -0.003593
v -0.359901 0.285624 -0.000796
v -0.347347 0.271339 -0.007495
v -0.347801 0.271812 -0.004949
v -0.335211 0.258498 -0.009557
v -0.334883 0.258143 -0.007144
v -0.322032 0.246415 -0.010722
v -0.320871 0.245298 -0.008383
v -0.308749 0.235838 -0.014860
v -0.306722 0.234068 -0.012787
v -0.296745 0.227974 -0.025681
v -0.293889 0.225723 -0.024309
v -0.288420 0.223754 -0.041809
v -0.285013 0.221242 -0.041484
v -0.283334 0.222811 -0.061046
v -0.279632 0.220232 -0.061971
v -0.286026 0.216345 -0.082268
v -0.360489 0.275313 -0.079846
v -0.352716 0.265945 -0.092914
v -0.353516 0.266070 -0.095873
v -0.342363 0.255314 -0.103926
v -0.342495 0.254755 -0.107595
v -0.328590 0.243333 -0.108528
v -0.327835 0.242001 -0.112493
v 0.311164 0.234462 -0.011273
v 0.300374 0.227415 -0.023673
v 0.313180 0.236238 -0.013881
v 0.325965 0.246721 -0.009328
v 0.327066 0.247743 -0.012059
v 0.300089 0.259728 -0.022322
v 0.311034 0.268820 -0.020915
v 0.289976 0.252714 -0.029892
v 0.323658 0.280543 -0.051891
v 0.282622 0.244071 -0.071498
v 0.290651 0.246702 -0.083554
v 0.300695 0.252945 -0.091756
v 0.321874 0.270287 -0.092886
v 0.330236 0.278727 -0.086165
v 0.336449 0.286300 -0.076479
v 0.342682 0.294366 -0.067324
v 0.364053 0.321531 -0.045701
v 0.366670 0.326012 -0.033034
v 0.360146 0.320362 -0.022278
v 0.350421 0.310005 -0.021225
v 0.282951 0.248682 -0.042253
v 0.311586 0.261247 -0.095322
v 0.357026 0.312585 -0.053156
v 0.321515 0.278596 -0.022792
v 0.278591 0.247553 -0.056701
v 0.331444 0.288884 -0.024190
v 0.349556 0.303173 -0.059543
v 0.340942 0.299450 -0.022741
v 0.285804 0.220880 -0.058364
v 0.291435 0.222332 -0.039671
v 0.297514 0.225068 -0.021736
v 0.287976 0.219654 -0.038836
v 0.281956 0.218100 -0.058816
v 0.290992 0.216351 -0.077500
v 0.298338 0.216664 -0.095853
v 0.287503 0.213260 -0.079270
v 0.311868 0.224980 -0.107065
v 0.301157 0.219563 -0.093027
v 0.326688 0.236244 -0.111917
v 0.313854 0.227377 -0.103535
v 0.340871 0.248706 -0.108559
v 0.327752 0.237944 -0.108088
v 0.341029 0.249610 -0.104944
v 0.352401 0.260343 -0.099292
v 0.351821 0.260503 -0.096270
v 0.360966 0.270784 -0.085937
v 0.359839 0.270276 -0.083769
v 0.369561 0.281905 -0.073314
v 0.367883 0.280687 -0.071953
v 0.376755 0.292053 -0.061911
v 0.379039 0.294049 -0.062586
v 0.386396 0.304200 -0.053669
v 0.389338 0.307025 -0.053781
v 0.395465 0.315745 -0.044047
v 0.399027 0.319359 -0.043502
v 0.398842 0.321529 -0.027700
v 0.393640 0.317747 -0.011207
v 0.402635 0.325538 -0.026037
v 0.390423 0.314236 -0.013818
v 0.380231 0.303467 -0.009755
v 0.377872 0.300870 -0.012459
v 0.367162 0.288915 -0.011845
v 0.365638 0.287248 -0.014415
v 0.354066 0.274346 -0.013843
v 0.353380 0.273611 -0.016286
v 0.340376 0.260162 -0.011915
v 0.340566 0.260334 -0.014481
v -0.001037 0.038423 0.157756
v 0.194440 -0.035103 -0.005469
v 0.148907 -0.078723 -0.119697
v -0.196553 -0.032729 -0.006908
v -0.197523 -0.062352 0.027152
v -0.126866 -0.055737 0.127698
v 0.184561 0.301483 -0.036255
v 0.261792 0.243601 -0.062094
v -0.179110 0.305630 -0.036698
v -0.208061 0.315814 -0.050866
v -0.257546 0.244317 -0.064113
v 0.096112 0.552969 -0.052798
v -0.095971 0.552894 -0.050247
vn -0.0434 -0.0006 0.9991
vn -0.3610 0.0763 0.9294
vn -0.3105 0.0357 0.9499
vn -0.0402 -0.0048 0.9992
vn -0.2381 0.0354 0.9706
vn 0.3047 0.0669 0.9501
vn 0.2621 0.0249 0.9647
vn 0.2061 0.0212 0.9783
vn -0.0355 0.0402 0.9986
vn -0.0402 -0.0047 0.9992
vn 0.2060 0.0212 0.9783
vn 0.4240 0.0930 0.9009
vn 0.3398 0.0962 0.9356
vn 0.1633 0.0562 0.9850
vn 0.3397 0.0962 0.9356
vn -0.0284 -0.6320 0.7744
vn 0.1040 -0.6301 0.7695
vn 0.2759 0.1001 0.9560
vn 0.1783 -0.6383 0.7488
vn 0.3183 0.1400 0.9376
vn 0.3495 0.1773 0.9200
vn 0.2189 -0.6292 0.7458
vn 0.3882 0.1342 0.9117
vn 0.3824 0.1926 0.9037
vn 0.2785 -0.6345 0.7210
vn 0.5679 0.1056 0.8163
vn 0.5586 0.1805 0.8096
vn 0.6110 -0.6236 0.4877
vn 0.4213 -0.6288 0.6535
vn 0.8038 0.1040 0.5858
vn 0.7065 -0.6364 0.3095
vn 0.9328 0.1098 0.3434
vn 0.8030 0.1639 0.5730
vn 0.7479 -0.6384 0.1819
vn 0.9798 0.1151 0.1634
vn 0.9324 0.1383 0.3340
vn 0.7715 -0.6357 0.0283
vn 0.9921 0.1119 -0.0563
vn 0.9801 0.1411 0.1394
vn 0.7715 -0.6357 0.0282
vn 0.9622 0.0989 -0.2538
vn 0.9622 0.1403 -0.2336
vn 0.9861 0.1505 -0.0706
vn 0.7432 -0.6584 -0.1189
vn 0.9153 0.0178 -0.4024
vn 0.9314 0.0694 -0.3573
vn 0.6764 -0.7014 -0.2247
vn 0.8465 -0.0182 -0.5320
vn 0.8337 -0.0148 -0.5520
vn 0.6074 -0.7315 -0.3098
vn 0.7332 0.0583 -0.6775
vn 0.6972 0.0378 -0.7159
vn 0.4119 -0.6920 -0.5928
vn 0.5325 0.0580 -0.8445
vn 0.5078 0.0877 -0.8570
vn 0.2420 -0.6930 -0.6791
vn 0.2997 0.0602 -0.9521
vn 0.2903 0.1147 -0.9500
vn 0.0711 -0.7303 -0.6794
vn 0.0914 0.0120 -0.9957
vn 0.1687 0.0523 -0.9843
vn -0.0115 -0.7954 -0.6059
vn 0.0110 -0.1252 -0.9921
vn 0.0987 -0.0798 -0.9919
vn -0.0180 -0.8016 -0.5976
vn 0.0029 -0.1605 -0.9870
vn -0.0126 -0.0854 -0.9963
vn 0.0016 -0.1062 -0.9943
vn -0.0203 -0.7755 -0.6310
vn -0.0892 -0.7166 -0.6917
vn -0.0916 -0.0013 -0.9958
vn -0.0632 -0.0088 -0.9980
vn -0.2503 -0.6916 -0.6776
vn -0.3032 0.0225 -0.9526
vn -0.1268 0.0481 -0.9908
vn -0.4064 -0.7059 -0.5801
vn -0.5298 -0.0052 -0.8481
vn -0.2859 0.0504 -0.9569
vn -0.7224 -0.0142 -0.6913
vn -0.7063 -0.0116 -0.7078
vn -0.5018 0.0174 -0.8648
vn -0.5401 -0.7015 -0.4649
vn -0.8437 -0.0226 -0.5364
vn -0.6811 -0.6900 -0.2450
vn -0.6159 -0.7140 -0.3330
vn -0.9138 0.0217 -0.4056
vn -0.8444 -0.0287 -0.5350
vn -0.7229 -0.6761 -0.1425
vn -0.9602 0.0525 -0.2742
vn -0.9241 0.0043 -0.3822
vn -0.7594 -0.6506 -0.0048
vn -0.9943 0.0671 -0.0834
vn -0.9636 0.0360 -0.2648
vn -0.9877 0.0866 0.1305
vn -0.9943 0.0671 -0.0833
vn -0.9868 0.0809 0.1401
vn -0.9949 0.0595 -0.0815
vn -0.7171 -0.6381 0.2803
vn -0.9475 0.1118 0.2997
vn -0.9359 0.1337 0.3258
vn -0.6498 -0.6128 0.4498
vn -0.8429 0.1270 0.5228
vn -0.8333 0.1908 0.5189
vn -0.6059 0.1269 0.7853
vn -0.5949 0.2053 0.7772
vn -0.4672 -0.6107 0.6394
vn -0.3874 0.1389 0.9114
vn -0.3760 0.2106 0.9024
vn -0.2098 -0.6222 0.7542
vn -0.2795 0.1527 0.9479
vn -0.3017 0.2041 0.9313
vn -0.1587 -0.6397 0.7521
vn -0.2366 0.1131 0.9650
vn -0.3018 0.1258 0.9450
vn -0.1239 -0.6363 0.7615
vn -0.1854 0.0670 0.9804
vn -0.1239 -0.6362 0.7615
vn 0.1607 -0.8044 -0.5719
vn 0.1273 -0.7959 -0.5919
vn 0.0180 -0.7994 -0.6006
vn -0.0284 -0.6319 0.7745
vn 0.1423 -0.7719 -0.6196
vn 0.0207 -0.7584 -0.6514
vn 0.1822 -0.7928 -0.5816
vn -0.0086 -0.9965 0.0835
vn -0.0425 -0.7419 0.6692
vn -0.1720 -0.7467 0.6426
vn -0.0065 -0.7487 0.6629
vn -0.1312 -0.7633 -0.6325
vn -0.3196 -0.7571 0.5697
vn -0.4484 -0.7575 0.4745
vn -0.5101 -0.7650 0.3932
vn -0.5649 -0.7508 0.3424
vn -0.2345 -0.8034 -0.5473
vn -0.2165 -0.7854 -0.5799
vn 0.1928 -0.8052 -0.5608
vn -0.6077 -0.7566 0.2415
vn 0.2286 -0.8140 -0.5340
vn -0.6320 -0.7691 0.0953
vn 0.3590 -0.7965 -0.4865
vn -0.6309 -0.7743 -0.0493
vn 0.5290 -0.7889 -0.3128
vn 0.6311 -0.7751 -0.0316
vn 0.6362 -0.7636 0.1102
vn 0.6009 -0.7629 0.2384
vn 0.5681 -0.7582 0.3198
vn 0.5989 -0.7881 -0.1419
vn 0.5252 -0.7545 0.3936
vn 0.4578 -0.7395 0.4935
vn 0.3325 -0.7372 0.5881
vn -0.5980 -0.7808 -0.1811
vn -0.5117 -0.7805 -0.3593
vn 0.1755 -0.7233 0.6679
vn -0.0497 -0.7387 0.6723
vn -0.0303 -0.7476 0.6635
vn -0.3487 -0.7950 -0.4963
vn 0.0138 -0.7227 0.6910
vn -0.2537 -0.8121 -0.5255
vn -0.2175 -0.8190 -0.5310
vn -0.2479 -0.8272 -0.5042
vn -0.1966 -0.8016 -0.5647
vn 0.2188 -0.6291 0.7458
vn 0.2786 -0.6345 0.7210
vn 0.1783 -0.6383 0.7489
vn 0.1040 -0.6300 0.7696
vn -0.1178 -0.8037 -0.5833
vn -0.3280 -0.8463 -0.4198
vn 0.4213 -0.6287 0.6536
vn -0.4568 -0.8421 -0.2865
vn 0.6110 -0.6235 0.4877
vn -0.5600 -0.8142 -0.1531
vn 0.7066 -0.6364 0.3095
vn -0.5894 -0.8070 -0.0360
vn 0.7479 -0.6384 0.1820
vn 0.7715 -0.6356 0.0283
vn -0.5811 -0.8070 0.1051
vn 0.7433 -0.6583 -0.1188
vn -0.5653 -0.7888 0.2412
vn 0.6765 -0.7013 -0.2247
vn -0.5237 -0.7877 0.3245
vn 0.6075 -0.7314 -0.3098
vn -0.4883 -0.7893 0.3722
vn 0.5607 -0.6850 -0.4651
vn -0.4040 -0.8063 0.4320
vn -0.2960 -0.7977 0.5254
vn -0.1614 -0.7921 0.5887
vn 0.0712 -0.7303 -0.6795
vn -0.0461 -0.7769 0.6279
vn -0.0115 -0.7954 -0.6060
vn -0.0067 -0.7562 0.6542
vn -0.0242 -0.7456 0.6660
vn -0.0180 -0.8016 -0.5977
vn -0.0405 -0.7432 0.6679
vn -0.0204 -0.7755 -0.6311
vn 0.0143 -0.7557 0.6548
vn -0.0892 -0.7166 -0.6918
vn 0.1542 -0.7761 0.6115
vn -0.2502 -0.6915 -0.6776
vn 0.3049 -0.7789 0.5481
vn -0.4064 -0.7059 -0.5802
vn 0.4120 -0.7891 0.4556
vn -0.5401 -0.7014 -0.4650
vn 0.4959 -0.7816 0.3784
vn -0.6159 -0.7140 -0.3331
vn 0.5356 -0.7856 0.3100
vn -0.6810 -0.6900 -0.2451
vn 0.5670 -0.7898 0.2340
vn -0.7230 -0.6760 -0.1425
vn 0.5802 -0.8060 0.1169
vn -0.7594 -0.6506 -0.0049
vn 0.5904 -0.8070 -0.0140
vn -0.7453 -0.6486 0.1547
vn 0.5726 -0.8118 -0.1145
vn -0.7172 -0.6380 0.2804
vn -0.6498 -0.6127 0.4498
vn 0.4782 -0.8434 -0.2448
vn -0.4672 -0.6106 0.6395
vn 0.3308 -0.8560 -0.3973
vn -0.2962 -0.6301 0.7178
vn 0.2229 -0.8350 -0.5030
vn -0.2099 -0.6221 0.7542
vn 0.1749 -0.8275 -0.5335
vn -0.1587 -0.6396 0.7521
vn -0.3958 0.1241 0.9099
vn -0.3463 0.1871 0.9193
vn -0.4396 0.1128 0.8911
vn -0.3608 0.0999 0.9273
vn -0.3829 0.1245 0.9154
vn -0.3301 0.0422 0.9430
vn -0.3864 0.1253 0.9138
vn -0.4141 0.1089 0.9037
vn -0.3026 0.0214 0.9529
vn -0.3730 0.1154 0.9206
vn -0.3597 0.0867 0.9290
vn -0.3064 0.0128 0.9518
vn -0.3461 0.1078 0.9320
vn -0.2977 0.0597 0.9528
vn -0.3447 0.0219 0.9385
vn -0.2827 0.0814 0.9557
vn -0.2382 0.0375 0.9705
vn -0.3957 0.0343 0.9177
vn -0.2097 0.0258 0.9774
vn -0.2107 0.0028 0.9775
vn -0.4172 0.0669 0.9064
vn -0.2104 0.0878 0.9737
vn -0.2092 0.0534 0.9764
vn -0.4316 0.0739 0.8990
vn -0.1547 0.0863 0.9842
vn -0.2079 0.0783 0.9750
vn -0.4116 0.0620 0.9093
vn -0.1078 0.1009 0.9890
vn -0.2041 0.0732 0.9762
vn -0.3560 0.0286 0.9341
vn -0.0452 0.0584 0.9973
vn -0.0721 0.0868 0.9936
vn -0.1463 -0.0014 0.9892
vn -0.0845 -0.0151 0.9963
vn -0.2254 -0.0685 0.9719
vn -0.3079 -0.0973 0.9464
vn -0.0122 0.0395 0.9991
vn -0.0532 0.0568 0.9970
vn -0.1860 0.0469 0.9814
vn 0.0067 0.0785 0.9969
vn -0.0440 0.1717 0.9842
vn -0.1645 0.1905 0.9678
vn 0.0078 0.1551 0.9879
vn -0.0515 0.2685 0.9619
vn -0.1542 0.2966 0.9425
vn 0.0084 0.3265 0.9451
vn 0.0104 0.2481 0.9687
vn -0.0492 0.3528 0.9344
vn 0.0048 0.3769 0.9262
vn -0.0559 0.4051 0.9125
vn -0.1543 0.3751 0.9140
vn -0.0025 0.4043 0.9146
vn -0.0676 0.4243 0.9030
vn -0.1536 0.4254 0.8919
vn -0.0105 0.4083 0.9128
vn -0.0817 0.4244 0.9018
vn -0.1589 0.4369 0.8854
vn -0.0166 0.4102 0.9118
vn -0.0995 0.4299 0.8974
vn -0.1743 0.4414 0.8802
vn -0.0208 0.4297 0.9027
vn -0.1113 0.4563 0.8829
vn -0.1928 0.4526 0.8706
vn -0.0344 0.4636 0.8854
vn -0.1299 0.5123 0.8489
vn -0.2104 0.5086 0.8349
vn -0.2271 0.6375 0.7362
vn -0.1420 0.5841 0.7992
vn -0.2270 0.7087 0.6680
vn -0.0419 0.5005 0.8647
vn -0.0279 0.4656 0.8846
vn -0.0043 0.4196 0.9077
vn 0.0035 0.4147 0.9099
vn 0.0574 0.4240 0.9038
vn 0.0478 0.5137 0.8566
vn 0.0371 0.4084 0.9121
vn 0.0245 0.4143 0.9098
vn 0.0017 0.4103 0.9119
vn 0.0155 0.4120 0.9110
vn 0.0004 0.4046 0.9145
vn 0.0052 0.4057 0.9140
vn -0.0000 0.3921 0.9199
vn -0.0031 0.3782 0.9257
vn -0.0005 0.3611 0.9325
vn -0.0068 0.3275 0.9448
vn -0.0007 0.3094 0.9509
vn -0.0098 0.2464 0.9691
vn -0.0001 0.2319 0.9727
vn -0.0091 0.1542 0.9880
vn 0.0014 0.1487 0.9889
vn 0.0003 0.0868 0.9962
vn -0.0000 0.0632 0.9980
vn -0.0079 0.0803 0.9967
vn 0.0042 0.0866 0.9962
vn 0.0124 0.0402 0.9991
vn 0.0727 0.1010 0.9922
vn 0.0428 0.0553 0.9976
vn 0.0007 0.1271 0.9919
vn 0.0908 -0.0173 0.9957
vn 0.2078 0.0677 0.9758
vn 0.1496 -0.0028 0.9887
vn 0.1170 0.1163 0.9863
vn 0.2194 0.0748 0.9728
vn 0.1666 0.1064 0.9803
vn 0.2326 0.0504 0.9713
vn -0.0135 0.1596 0.9871
vn -0.0269 0.1443 0.9892
vn 0.2360 0.0896 0.9676
vn -0.0398 0.1326 0.9904
vn 0.2954 0.1070 0.9494
vn -0.0474 0.1222 0.9914
vn 0.2403 0.0186 0.9705
vn 0.2671 0.0361 0.9630
vn 0.3169 0.0605 0.9465
vn 0.3277 0.1135 0.9379
vn 0.3706 0.0802 0.9253
vn -0.0521 0.1215 0.9912
vn 0.3393 0.1170 0.9334
vn -0.0530 0.1180 0.9916
vn 0.3397 0.1232 0.9324
vn -0.0521 0.1195 0.9915
vn 0.3278 0.1159 0.9376
vn -0.0488 0.1082 0.9929
vn 0.4285 0.0919 0.8988
vn 0.4698 0.1154 0.8752
vn 0.4695 0.1069 0.8764
vn 0.4106 0.1042 0.9058
vn 0.3699 0.0684 0.9266
vn 0.4023 0.1578 0.9018
vn 0.4044 0.0875 0.9104
vn 0.3867 0.1764 0.9052
vn 0.3824 0.1927 0.9037
vn 0.5817 0.1348 0.8022
vn 0.5542 0.1852 0.8115
vn 0.5586 0.1806 0.8096
vn 0.8025 0.1769 0.5698
vn 0.8127 0.1684 0.5578
vn 0.8030 0.1640 0.5730
vn 0.9398 0.1642 0.2998
vn 0.9320 0.1649 0.3227
vn 0.9825 0.1723 0.0705
vn 0.9794 0.1717 0.1065
vn 0.9801 0.1411 0.1393
vn 0.9743 0.1959 -0.1111
vn 0.9768 0.1681 -0.1323
vn 0.9571 0.1960 -0.2137
vn 0.9768 0.1681 -0.1324
vn 0.9743 0.1959 -0.1112
vn 0.9932 0.0343 -0.1109
vn 0.9772 0.1318 -0.1664
vn 0.9920 0.1083 0.0654
vn 0.9915 0.0915 -0.0920
vn 0.9963 0.0763 -0.0388
vn 0.9878 0.1284 -0.0883
vn 0.9834 0.1789 0.0305
vn 0.9760 0.1994 -0.0874
vn 0.9760 0.1994 -0.0873
vn 0.9643 0.0593 -0.2582
vn 0.9683 0.0008 -0.2497
vn 0.9780 -0.0078 -0.2084
vn 0.8991 0.1729 -0.4023
vn 0.9914 0.1273 0.0319
vn 0.9917 0.0878 0.0935
vn 0.7794 0.1588 -0.6061
vn 0.9963 0.0156 0.0849
vn 0.9798 0.1985 -0.0246
vn 0.8109 0.1461 -0.5666
vn 0.9891 -0.0776 -0.1254
vn 0.9938 0.0614 0.0929
vn 0.8271 -0.1705 -0.5355
vn 0.9566 -0.1671 0.2389
vn 0.9767 -0.1011 0.1894
vn 0.8190 -0.3953 -0.4160
vn 0.9667 -0.1915 -0.1700
vn 0.9746 -0.2190 -0.0475
vn 0.9566 -0.1671 0.2388
vn 1.0000 -0.0055 -0.0022
vn 0.9767 -0.1011 0.1893
vn 0.9541 -0.1271 0.2712
vn 0.9392 -0.2348 0.2506
vn 0.9298 -0.1251 0.3463
vn 0.9498 -0.1708 0.2623
vn 0.9498 -0.1708 0.2622
vn 0.9392 -0.2348 0.2505
vn 0.9766 -0.2141 -0.0191
vn 0.9213 -0.3233 0.2160
vn 0.9176 -0.1822 0.3534
vn 0.9178 -0.2078 0.3383
vn 0.9318 -0.0910 0.3514
vn 0.8841 -0.2215 0.4114
vn 0.8755 -0.1338 0.4644
vn 0.9442 0.0022 0.3294
vn 0.8235 -0.1297 0.5523
vn 0.8819 0.0180 0.4710
vn 0.7753 -0.2346 0.5863
vn 0.6220 -0.0584 0.7808
vn 0.6529 -0.0292 0.7569
vn 0.8226 0.0249 0.5681
vn 0.5507 -0.1332 0.8240
vn 0.3502 0.0344 0.9360
vn 0.4056 0.0539 0.9124
vn 0.3178 -0.0882 0.9440
vn 0.6538 0.0016 0.7567
vn 0.4359 0.0570 0.8982
vn 0.6809 0.0489 0.7307
vn 0.4230 0.0307 0.9056
vn 0.3847 0.0274 0.9226
vn 0.6501 0.1010 0.7531
vn 0.3511 0.0239 0.9360
vn 0.5867 0.0984 0.8038
vn 0.3431 0.0265 0.9389
vn 0.5167 0.0827 0.8522
vn 0.3448 0.0355 0.9380
vn 0.4598 0.0641 0.8857
vn 0.4218 0.0499 0.9053
vn 0.6792 0.1504 0.7183
vn 0.6345 0.1146 0.7644
vn 0.8255 0.1790 0.5352
vn 0.8272 0.1599 0.5387
vn 0.9342 0.1395 0.3282
vn 0.9424 0.1407 0.3035
vn 0.9912 0.1126 0.0699
vn 0.9294 0.1618 0.3317
vn 0.9347 0.1508 0.3220
vn 0.8189 0.1846 0.5435
vn 0.9814 0.1865 -0.0457
vn 0.8210 0.1611 0.5477
vn 0.7199 0.1674 0.6736
vn 0.7490 0.1683 0.6409
vn 0.7676 0.1184 0.6299
vn 0.8183 0.1069 0.5648
vn 0.7595 0.0059 0.6504
vn 0.8372 0.0451 0.5450
vn 0.9491 0.1118 0.2943
vn 0.9629 0.0647 0.2620
vn 0.9899 0.1191 -0.0774
vn 0.9938 0.0615 0.0928
vn 0.9798 0.1985 -0.0247
vn 0.9606 0.0492 0.2735
vn 0.9923 -0.0523 0.1125
vn 0.8746 0.0717 0.4794
vn 0.7770 -0.0109 0.6294
vn 0.4327 -0.1423 0.8902
vn 0.2340 -0.0658 0.9700
vn 0.1959 0.0462 0.9795
vn 0.0590 0.0552 0.9967
vn 0.3605 0.0196 0.9325
vn 0.5661 -0.0621 0.8220
vn 0.6573 -0.2392 0.7147
vn 0.7503 -0.1824 0.6354
vn 0.8147 -0.2959 0.4987
vn 0.8510 -0.2891 0.4385
vn 0.8869 -0.3043 0.3477
vn 0.7958 -0.4449 0.4108
vn 0.8766 -0.3428 0.3376
vn 0.5089 -0.6160 0.6013
vn 0.6251 -0.6235 0.4695
vn 0.0725 -0.7067 0.7038
vn 0.5088 -0.6160 0.6014
vn 0.9216 -0.3241 0.2136
vn -0.1110 -0.9346 0.3379
vn -0.3047 -0.5787 0.7565
vn 0.1892 -0.9817 0.0198
vn -0.5212 -0.6138 0.5930
vn 0.1893 -0.9817 0.0199
vn 0.8383 -0.5451 0.0060
vn -0.1217 -0.9918 0.0385
vn -0.7534 -0.6562 -0.0420
vn -0.7749 -0.6242 -0.0998
vn -0.6864 -0.7087 0.1632
vn -0.7823 -0.6092 -0.1301
vn -0.6863 -0.7087 0.1633
vn -0.7535 -0.6561 -0.0421
vn -0.6189 -0.7136 0.3283
vn -0.4232 -0.7398 0.5231
vn -0.7352 -0.6670 -0.1210
vn -0.7325 -0.6493 0.2047
vn -0.6994 -0.6963 -0.1611
vn -0.6668 -0.6746 0.3167
vn -0.6423 -0.5473 0.5365
vn -0.5277 -0.6291 0.5708
vn -0.7358 -0.6105 0.2929
vn -0.6657 -0.6259 0.4064
vn -0.5503 -0.5496 0.6285
vn -0.7358 -0.6106 0.2930
vn -0.7464 -0.6531 0.1281
vn -0.7325 -0.6493 0.2046
vn -0.0752 -0.9686 0.2370
vn -0.5681 -0.4735 0.6732
vn -0.2615 -0.9503 0.1687
vn -0.6343 -0.7297 -0.2553
vn -0.0884 -0.9949 -0.0488
vn -0.7464 -0.6531 0.1280
vn -0.6994 -0.6963 -0.1610
vn -0.4843 -0.5789 -0.6559
vn 0.0543 -0.9259 -0.3739
vn -0.5027 -0.5932 -0.6288
vn -0.2551 -0.3857 -0.8867
vn 0.2463 -0.7878 -0.5646
vn -0.2927 -0.4268 -0.8557
vn 0.0293 -0.1407 -0.9896
vn 0.4695 -0.5938 -0.6534
vn -0.0407 -0.2047 -0.9780
vn 0.3368 0.0808 -0.9381
vn 0.6921 -0.4249 -0.5835
vn 0.2257 0.0155 -0.9741
vn 0.5805 0.2486 -0.7754
vn 0.8434 -0.3097 -0.4391
vn 0.4899 0.2494 -0.8354
vn 0.6410 0.3867 -0.6630
vn 0.8966 -0.2761 -0.3462
vn 0.6837 0.4427 -0.5802
vn 0.4572 0.4563 -0.7634
vn 0.8693 -0.2294 -0.4378
vn 0.6434 0.4511 -0.6185
vn 0.3453 0.3963 -0.8507
vn 0.8294 -0.2645 -0.4921
vn 0.4600 0.3840 -0.8006
vn 0.3331 0.3718 -0.8665
vn 0.8078 -0.2446 -0.5364
vn 0.3348 0.3553 -0.8727
vn 0.5322 0.5592 -0.6356
vn 0.9048 -0.0308 -0.4248
vn 0.4916 0.5453 -0.6790
vn 0.6613 0.7368 0.1408
vn 0.6503 0.7445 0.1510
vn 0.9752 0.1553 0.1574
vn 0.6635 -0.1167 0.7390
vn 0.2332 0.3987 0.8869
vn 0.1760 0.3449 0.9220
vn 0.4510 -0.4363 0.7786
vn -0.1184 0.0683 0.9906
vn -0.1714 0.0348 0.9846
vn 0.4272 -0.4939 0.7574
vn -0.1919 0.0305 0.9809
vn -0.1113 0.0597 0.9920
vn 0.5240 -0.4819 0.7023
vn -0.0286 0.0826 0.9962
vn 0.2325 0.1996 0.9519
vn 0.6010 -0.4911 0.6306
vn 0.2201 0.0258 0.9751
vn 0.3430 0.1023 0.9337
vn 0.5147 -0.5641 0.6456
vn 0.1356 -0.1465 0.9799
vn 0.0057 -0.2100 0.9777
vn 0.2616 -0.7079 0.6560
vn -0.2200 -0.3332 0.9168
vn -0.4147 -0.4349 0.7993
vn -0.0167 -0.8658 0.5001
vn -0.5503 -0.5497 0.6285
vn -0.4627 -0.4858 0.7416
vn -0.2165 -0.2689 0.9385
vn -0.5338 -0.5547 0.6383
vn -0.2225 -0.3589 0.9065
vn 0.2167 0.0721 0.9736
vn 0.0873 -0.1282 0.9879
vn 0.5061 0.2619 0.8218
vn 0.3810 0.1952 0.9037
vn 0.3430 0.1024 0.9337
vn 0.3520 0.1777 0.9190
vn 0.5676 0.3140 0.7611
vn -0.0002 0.0267 0.9996
vn 0.4332 0.2279 0.8720
vn -0.1112 0.0597 0.9920
vn 0.0465 0.2365 0.9705
vn 0.2177 0.1771 0.9598
vn 0.6112 0.7624 0.2124
vn 0.6805 0.6615 0.3152
vn 0.1760 0.3448 0.9220
vn 0.5811 0.4793 -0.6577
vn 0.4818 0.4903 -0.7263
vn 0.4915 0.5453 -0.6790
vn 0.4840 0.3938 -0.7814
vn 0.7035 0.4951 -0.5099
vn 0.7756 0.5437 -0.3208
vn 0.6960 0.6148 -0.3708
vn 0.7434 0.6224 0.2450
vn 0.6551 0.6394 -0.4026
vn 0.6971 0.6932 -0.1830
vn 0.6529 0.7223 0.2279
vn 0.5676 0.5032 0.6517
vn 0.5139 0.2906 0.8071
vn 0.5775 0.3280 0.7476
vn 0.6475 0.4011 0.6479
vn 0.5088 0.2020 0.8368
vn 0.5425 0.1420 0.8280
vn 0.5185 0.0402 0.8542
vn 0.2974 -0.1300 0.9459
vn 0.4715 -0.2334 0.8504
vn 0.2222 -0.0161 0.9749
vn 0.3593 -0.3363 0.8705
vn -0.1644 -0.3753 0.9122
vn 0.1045 -0.4694 0.8768
vn -0.1910 -0.6324 0.7507
vn 0.5975 -0.4469 0.6658
vn 0.6420 -0.2883 0.7104
vn 0.7735 -0.2998 0.5584
vn 0.6421 -0.2884 0.7104
vn 0.7405 -0.1329 0.6588
vn 0.6026 0.0528 0.7963
vn 0.5361 0.2161 0.8160
vn 0.4836 0.3758 0.7905
vn 0.5153 0.3192 0.7953
vn 0.5154 0.3191 0.7953
vn 0.3920 0.4398 0.8080
vn 0.4005 0.3839 0.8320
vn 0.4006 0.3839 0.8319
vn 0.3317 0.5137 0.7912
vn 0.3879 0.5506 0.7392
vn 0.3880 0.5505 0.7392
vn 0.3109 0.6502 0.6932
vn 0.4018 0.6869 0.6055
vn 0.3042 0.7987 0.5191
vn 0.4249 0.8590 0.2856
vn 0.3153 0.9336 0.1705
vn 0.4642 0.8731 -0.1489
vn 0.4643 0.8731 -0.1489
vn 0.3494 0.9342 -0.0719
vn 0.3336 0.9244 0.1852
vn 0.3308 0.8889 -0.3170
vn 0.4643 0.8731 -0.1490
vn 0.4335 0.7722 -0.4645
vn 0.2776 0.7503 -0.6000
vn 0.3583 0.6436 -0.6763
vn 0.1828 0.5683 -0.8023
vn 0.5627 0.4926 -0.6639
vn 0.7216 0.4930 -0.4860
vn 0.4809 0.4050 -0.7777
vn 0.2271 0.5013 -0.8349
vn 0.5832 0.3794 -0.7183
vn 0.4225 0.3233 -0.8467
vn 0.1561 0.3675 -0.9168
vn 0.2270 0.5013 -0.8350
vn 0.0710 0.4260 -0.9019
vn 0.1560 0.3675 -0.9168
vn 0.0442 0.3355 -0.9410
vn 0.1340 0.2058 -0.9694
vn 0.0445 0.2197 -0.9745
vn 0.1341 0.2058 -0.9694
vn 0.1010 0.0474 -0.9938
vn 0.2123 -0.0717 -0.9746
vn 0.3271 0.0140 -0.9449
vn 0.2124 -0.0717 -0.9746
vn 0.4440 0.2150 -0.8699
vn 0.2140 0.0610 -0.9749
vn 0.1673 -0.2491 -0.9539
vn -0.0384 0.0275 -0.9989
vn -0.2597 -0.3898 -0.8835
vn 0.3461 -0.4119 -0.8429
vn -0.3226 -0.2091 -0.9232
vn -0.6461 -0.4830 -0.5910
vn 0.2687 -0.6606 -0.7010
vn 0.2307 -0.1936 -0.9536
vn 0.5700 -0.3870 -0.7248
vn 0.2686 -0.6606 -0.7010
vn 0.7924 -0.3304 -0.5127
vn 0.3932 -0.7577 -0.5209
vn 0.3933 -0.7576 -0.5209
vn 0.9296 -0.2834 -0.2356
vn -0.6217 -0.6928 -0.3654
vn -0.6371 -0.5093 -0.5786
vn -0.7762 -0.5708 -0.2676
vn -0.4473 -0.5052 -0.7380
vn -0.7060 -0.6017 -0.3736
vn -0.5938 -0.5997 -0.5364
vn -0.3417 -0.4572 -0.8211
vn -0.2926 -0.4268 -0.8557
vn -0.0818 -0.2438 -0.9664
vn -0.1155 -0.3181 -0.9410
vn 0.1754 -0.0152 -0.9844
vn 0.1286 -0.0535 -0.9902
vn 0.3028 0.1297 -0.9442
vn 0.4117 0.1732 -0.8947
vn 0.5210 0.3204 -0.7912
vn 0.6315 0.3491 -0.6923
vn 0.6836 0.4427 -0.5802
vn 0.4898 0.2494 -0.8354
vn 0.7338 0.5093 -0.4496
vn 0.7063 0.4277 -0.5641
vn 0.6745 0.5016 -0.5417
vn 0.7792 0.5159 -0.3559
vn 0.9880 -0.1519 -0.0268
vn 0.6867 -0.3644 -0.6290
vn 0.8614 -0.3178 -0.3962
vn 0.8472 -0.3707 -0.3806
vn 0.6041 -0.3551 -0.7134
vn 0.6741 -0.3286 -0.6615
vn 0.7495 -0.3392 -0.5685
vn 0.7924 -0.2848 -0.5394
vn 0.4751 -0.2740 -0.8362
vn 0.5362 -0.2329 -0.8113
vn 0.6384 -0.2213 -0.7372
vn 0.6712 -0.1013 -0.7343
vn 0.6822 -0.2223 -0.6966
vn 0.4743 0.1655 -0.8647
vn 0.5242 -0.0788 -0.8479
vn 0.3779 0.3226 -0.8679
vn 0.2466 0.2232 -0.9431
vn 0.5812 0.1774 -0.7942
vn 0.2821 0.4047 -0.8699
vn 0.4671 0.1090 -0.8775
vn 0.7237 0.0423 -0.6889
vn 0.5192 0.0945 -0.8494
vn 0.7868 0.0624 -0.6140
vn 0.5675 0.0985 -0.8175
vn 0.8415 0.0641 -0.5365
vn 0.9762 0.0750 -0.2035
vn 0.9536 0.1256 -0.2736
vn 0.8441 0.0355 -0.5351
vn 0.6312 0.0630 -0.7730
vn 0.6971 0.0378 -0.7159
vn 0.4340 0.1333 -0.8910
vn 0.5077 0.0877 -0.8570
vn 0.3953 0.1330 -0.9089
vn 0.3724 0.0835 -0.9243
vn 0.4149 0.0969 -0.9047
vn 0.2977 0.1453 -0.9435
vn 0.4043 0.0960 -0.9096
vn 0.3470 0.2353 -0.9079
vn 0.3419 0.3081 -0.8878
vn 0.1989 0.4446 -0.8734
vn 0.3843 0.1759 -0.9063
vn 0.3061 0.4344 -0.8471
vn 0.2845 0.1466 -0.9474
vn 0.2093 -0.1561 -0.9653
vn 0.3517 -0.2648 -0.8979
vn 0.0644 -0.2553 -0.9647
vn 0.3792 -0.2495 -0.8910
vn 0.0601 -0.2080 -0.9763
vn 0.3706 -0.1815 -0.9109
vn 0.0580 -0.1801 -0.9819
vn 0.3740 -0.1757 -0.9106
vn 0.3175 -0.2042 -0.9260
vn 0.0386 -0.1379 -0.9897
vn 0.0493 -0.1535 -0.9869
vn 0.4015 -0.3008 -0.8651
vn 0.1426 -0.1745 -0.9743
vn 0.2414 -0.2041 -0.9487
vn 0.2822 -0.2637 -0.9224
vn -0.0433 -0.1235 -0.9914
vn 0.0603 -0.1342 -0.9891
vn 0.1893 -0.1806 -0.9652
vn -0.0636 -0.1117 -0.9917
vn 0.0265 -0.0781 -0.9966
vn 0.1365 -0.0849 -0.9870
vn -0.0552 -0.0772 -0.9955
vn 0.0188 -0.0045 -0.9998
vn 0.1182 0.0057 -0.9930
vn -0.0370 -0.0140 -0.9992
vn 0.0265 0.0731 -0.9970
vn 0.1206 0.0958 -0.9881
vn -0.0224 0.0577 -0.9981
vn 0.0443 0.1465 -0.9882
vn 0.1356 0.1668 -0.9766
vn -0.0279 0.2153 -0.9762
vn -0.0224 0.1326 -0.9909
vn 0.0524 0.2233 -0.9733
vn -0.0302 0.2761 -0.9606
vn 0.0718 0.2953 -0.9527
vn 0.1620 0.2506 -0.9544
vn -0.0127 0.3334 -0.9427
vn 0.1128 0.3729 -0.9210
vn 0.2007 0.3348 -0.9206
vn 0.0246 0.4133 -0.9103
vn 0.1821 0.4911 -0.8518
vn 0.2375 0.4206 -0.8756
vn 0.1149 0.4804 -0.8695
vn 0.2908 0.5726 -0.7665
vn 0.2726 0.5480 -0.7908
vn 0.3836 0.6522 -0.6539
vn 0.3049 0.6642 -0.6826
vn 0.3037 0.5470 -0.7801
vn 0.1869 0.4163 -0.8898
vn 0.1151 0.5067 -0.8544
vn 0.2125 0.3443 -0.9145
vn 0.0885 0.5817 -0.8086
vn 0.1325 0.4454 -0.8855
vn 0.0603 0.4824 -0.8739
vn -0.0278 0.3125 -0.9495
vn 0.1855 0.2919 -0.9383
vn -0.0677 0.2471 -0.9666
vn 0.1430 0.2507 -0.9575
vn -0.0958 0.1678 -0.9812
vn 0.0788 0.1986 -0.9769
vn -0.1102 0.1533 -0.9820
vn 0.0509 0.1402 -0.9888
vn -0.1523 0.0946 -0.9838
vn 0.0148 0.0343 -0.9993
vn -0.1663 -0.0136 -0.9860
vn -0.1434 -0.0675 -0.9874
vn -0.0350 -0.0413 -0.9985
vn -0.0857 -0.1478 -0.9853
vn -0.0818 -0.1208 -0.9893
vn -0.0019 -0.1669 -0.9860
vn -0.1339 -0.1494 -0.9797
vn 0.0669 -0.1370 -0.9883
vn -0.1573 -0.1467 -0.9766
vn 0.0871 -0.1067 -0.9905
vn -0.1517 -0.1394 -0.9786
vn 0.1681 -0.0794 -0.9826
vn -0.1307 -0.1406 -0.9814
vn 0.2373 -0.0401 -0.9706
vn -0.0660 -0.1304 -0.9893
vn 0.3041 -0.0244 -0.9523
vn 0.0324 -0.1508 -0.9880
vn 0.3816 0.0059 -0.9243
vn 0.1600 -0.1381 -0.9774
vn 0.4093 0.1583 -0.8986
vn 0.2929 0.0741 -0.9533
vn 0.4142 0.3084 -0.8563
vn 0.4054 0.2582 -0.8769
vn 0.4128 0.4235 -0.8064
vn 0.2502 0.2981 -0.9212
vn 0.3255 0.2470 -0.9127
vn 0.0452 0.0117 -0.9989
vn -0.0821 0.0312 -0.9961
vn 0.2167 0.0985 -0.9713
vn 0.2770 0.0417 -0.9600
vn -0.0144 0.1655 -0.9861
vn 0.2805 0.0624 -0.9578
vn 0.1380 0.0373 -0.9897
vn 0.1687 0.0524 -0.9843
vn -0.0995 0.1512 -0.9835
vn -0.1054 0.2363 -0.9660
vn -0.2216 0.2617 -0.9394
vn -0.1301 0.3228 -0.9375
vn -0.0401 0.3858 -0.9217
vn -0.0960 0.2200 -0.9708
vn -0.0872 0.3554 -0.9307
vn -0.2446 0.1536 -0.9574
vn -0.4361 0.0579 -0.8981
vn -0.2951 0.1855 -0.9373
vn -0.6665 -0.0170 -0.7453
vn -0.5953 0.0297 -0.8029
vn -0.8398 -0.0459 -0.5410
vn -0.8316 -0.0305 -0.5545
vn -0.9375 -0.0042 -0.3480
vn -0.9558 0.0188 -0.2933
vn -0.9726 0.0988 -0.2103
vn -0.9677 0.0561 -0.2459
vn -0.9880 0.1294 -0.0845
vn -0.9931 0.0857 -0.0803
vn -0.9949 0.0594 -0.0816
vn -0.9931 0.0857 -0.0802
vn -0.9829 0.0995 0.1551
vn -0.9880 0.1295 -0.0844
vn -0.9812 0.1310 0.1416
vn -0.9867 0.1343 -0.0920
vn -0.9867 0.1343 -0.0921
vn -0.9830 0.1344 0.1251
vn -0.9843 0.1294 -0.1204
vn -0.9796 0.1211 -0.1606
vn -0.9758 0.0914 -0.1985
vn -0.9804 0.1498 -0.1277
vn -0.7402 0.1004 -0.6648
vn -0.9699 0.0442 -0.2393
vn -0.8112 0.0057 -0.5848
vn -0.2316 0.2462 -0.9411
vn -0.4265 0.1390 -0.8937
vn -0.1124 0.2314 -0.9664
vn -0.1257 0.3417 -0.9314
vn -0.2447 0.0373 -0.9689
vn -0.0330 0.2961 -0.9546
vn -0.3229 -0.1107 -0.9399
vn -0.3434 -0.1949 -0.9188
vn -0.1652 0.1758 -0.9705
vn -0.2483 0.0467 -0.9675
vn -0.2173 -0.1718 -0.9609
vn -0.2592 -0.0291 -0.9654
vn -0.0376 -0.0350 -0.9987
vn -0.3062 -0.2180 -0.9267
vn 0.1800 0.1613 -0.9704
vn -0.1665 -0.1190 -0.9788
vn -0.3517 -0.2591 -0.8995
vn -0.3908 -0.1786 -0.9030
vn -0.4227 -0.1631 -0.8915
vn -0.5675 -0.0756 -0.8199
vn -0.3499 0.1018 -0.9313
vn -0.5900 0.0435 -0.8063
vn -0.1951 0.3097 -0.9306
vn -0.2723 0.1941 -0.9424
vn -0.4360 0.3128 -0.8438
vn -0.5799 0.1849 -0.7934
vn -0.9703 0.1086 -0.2160
vn -0.9205 0.1018 -0.3773
vn -0.9853 0.1472 -0.0864
vn -0.9982 0.0574 -0.0200
vn -0.9796 0.1376 -0.1462
vn -0.9723 0.1662 -0.1641
vn -0.9824 0.1505 0.1110
vn -0.9724 0.1662 -0.1640
vn -0.9798 0.1506 0.1312
vn -0.9839 0.1228 0.1296
vn -0.9886 0.1076 0.1049
vn -0.9796 0.1376 -0.1463
vn -0.9990 -0.0443 0.0092
vn -0.9964 0.0614 -0.0591
vn -0.9897 0.0512 0.1339
vn -0.9941 -0.0877 -0.0641
vn -0.9983 -0.0175 0.0559
vn -0.8077 0.0387 -0.5883
vn -0.8047 0.0591 -0.5907
vn -0.5738 -0.1424 -0.8065
vn -0.4363 0.1987 -0.8776
vn -0.7221 -0.2702 -0.6369
vn -0.5428 -0.0685 -0.8371
vn -0.6350 -0.2282 -0.7381
vn -0.6611 -0.1819 -0.7279
vn -0.4942 -0.1276 -0.8599
vn -0.5900 -0.1194 -0.7985
vn -0.3636 -0.0540 -0.9300
vn -0.4249 -0.0871 -0.9011
vn 0.0193 -0.0175 -0.9997
vn -0.0027 -0.0715 -0.9974
vn 0.3494 0.0961 -0.9320
vn 0.4303 -0.0073 -0.9027
vn 0.0234 0.0045 -0.9997
vn 0.4397 0.0020 -0.8982
vn 0.4406 -0.0022 -0.8977
vn -0.0104 -0.0114 -0.9999
vn -0.4459 0.0806 -0.8915
vn -0.3607 0.0646 -0.9304
vn -0.4124 0.0824 -0.9073
vn -0.4174 0.1086 -0.9022
vn -0.3564 -0.0212 -0.9341
vn -0.4740 -0.0261 -0.8802
vn -0.4854 -0.1672 -0.8582
vn -0.6731 -0.2151 -0.7075
vn -0.7538 -0.2600 -0.6036
vn -0.7925 -0.2451 -0.5584
vn -0.8791 -0.0575 -0.4732
vn -0.8622 -0.2819 -0.4209
vn -0.9705 -0.1574 -0.1826
vn -0.9789 -0.1964 -0.0560
vn -0.9871 -0.0589 0.1489
vn -0.9631 -0.1281 0.2369
vn -0.9742 0.0002 0.2258
vn -0.9871 -0.0588 0.1489
vn -0.9840 0.0187 0.1772
vn -0.9983 -0.0174 0.0558
vn -0.9616 -0.0764 0.2637
vn -0.9546 -0.0492 0.2939
vn -0.9631 -0.1281 0.2368
vn -0.9306 -0.2707 0.2466
vn -0.9305 -0.2707 0.2466
vn -0.9952 -0.0889 0.0398
vn -0.9014 -0.2722 -0.3368
vn -0.9908 -0.0971 0.0940
vn -0.8586 -0.3456 -0.3786
vn -0.6345 -0.3685 -0.6794
vn -0.7191 -0.2929 -0.6302
vn -0.3805 -0.3131 -0.8702
vn -0.4386 -0.2684 -0.8577
vn -0.1571 -0.2503 -0.9553
vn -0.2223 -0.2272 -0.9481
vn -0.1550 -0.1809 -0.9712
vn -0.4539 0.0279 -0.8906
vn -0.2999 -0.0833 -0.9503
vn -0.3763 -0.0077 -0.9265
vn -0.0461 -0.0268 -0.9986
vn 0.4205 -0.0288 -0.9069
vn -0.0803 -0.0343 -0.9962
vn 0.4351 -0.0191 -0.9002
vn -0.0038 0.0043 -1.0000
vn 0.4150 0.0048 -0.9098
vn 0.0910 0.0371 -0.9952
vn 0.3404 0.0266 -0.9399
vn -0.3265 -0.0214 -0.9450
vn -0.3881 -0.0353 -0.9209
vn -0.0689 -0.1253 -0.9897
vn -0.1068 -0.1613 -0.9811
vn -0.0380 -0.1587 -0.9866
vn -0.0771 -0.2218 -0.9720
vn -0.1431 -0.1906 -0.9712
vn -0.2331 -0.2683 -0.9347
vn -0.3101 -0.2423 -0.9193
vn -0.4587 -0.3393 -0.8213
vn -0.5567 -0.3093 -0.7710
vn -0.7325 -0.3583 -0.5789
vn -0.8397 -0.3144 -0.4428
vn -0.9556 -0.2442 -0.1648
vn -0.1114 -0.6854 -0.7196
vn -0.5964 -0.8027 -0.0014
vn 0.3833 -0.9194 -0.0881
vn -0.1113 -0.6854 -0.7196
vn -0.5964 -0.8027 -0.0013
vn -0.2553 -0.9284 0.2698
vn -0.9305 -0.2708 0.2466
vn 0.6738 -0.7384 0.0278
vn 0.8050 -0.4595 -0.3753
vn 0.5081 -0.8613 0.0062
vn -0.2552 -0.9284 0.2699
vn -0.6965 -0.6345 0.3350
vn 0.2345 -0.9244 0.3008
vn 0.7537 -0.6440 0.1315
vn 0.8965 -0.4369 -0.0734
vn 0.6569 -0.5424 0.5237
vn 0.2814 -0.5868 0.7592
vn 0.0686 -0.8616 0.5029
vn 0.3066 -0.5187 0.7981
vn 0.6162 -0.6439 0.4536
vn 0.6867 -0.7219 0.0855
vn 0.4136 -0.7696 0.4865
vn 0.7273 -0.5994 0.3342
vn 0.6774 -0.5654 0.4706
vn 0.7137 -0.6851 0.1457
vn 0.7138 -0.6851 0.1456
vn 0.7282 -0.6443 -0.2335
vn 0.6867 -0.7219 0.0854
vn 0.8270 -0.5557 -0.0853
vn 0.7373 -0.6682 0.0997
vn 0.7055 -0.6685 -0.2354
vn 0.7373 -0.6682 0.0998
vn 0.7394 -0.5807 0.3407
vn 0.2407 -0.9619 0.1294
vn 0.1472 -0.9669 0.2086
vn 0.2407 -0.9620 0.1294
vn 0.6527 -0.6883 -0.3165
vn 0.5747 -0.5263 0.6267
vn 0.0235 -0.8959 0.4437
vn 0.3008 -0.3875 0.8714
vn -0.2006 -0.7621 0.6156
vn 0.4217 -0.4936 0.7606
vn -0.0059 -0.2374 0.9714
vn -0.4325 -0.6474 0.6276
vn 0.0936 -0.2820 0.9549
vn -0.0458 -0.0642 0.9969
vn -0.5044 -0.5736 0.6454
vn -0.2258 0.0390 0.9734
vn 0.2240 0.0415 0.9737
vn -0.4094 -0.5311 0.7418
vn -0.1288 0.0902 0.9876
vn 0.3508 0.0215 0.9362
vn -0.3330 -0.5252 0.7831
vn 0.1975 -0.0267 0.9799
vn 0.2449 0.0342 0.9690
vn -0.3742 -0.4748 0.7966
vn 0.3074 -0.0337 0.9510
vn -0.1566 0.3371 0.9283
vn -0.5967 -0.1637 0.7855
vn -0.0165 0.2900 0.9569
vn -0.6314 0.6575 0.4111
vn -0.9286 0.0431 0.3686
vn -0.5695 0.6784 0.4642
vn -0.6618 0.6487 -0.3758
vn -0.9700 0.0681 -0.2335
vn -0.6560 0.6306 -0.4147
vn -0.4601 0.4011 -0.7921
vn -0.4516 0.3983 -0.7984
vn -0.8489 -0.2277 -0.4770
vn -0.8608 -0.2558 -0.4400
vn -0.4690 0.4128 -0.7808
vn -0.5039 0.4303 -0.7490
vn -0.9044 -0.2204 -0.3654
vn -0.5741 0.4737 -0.6679
vn -0.6825 0.5052 -0.5281
vn -0.9307 -0.2379 -0.2777
vn -0.7133 0.4336 -0.5507
vn -0.7428 0.4548 -0.4913
vn -0.8885 -0.2459 -0.3873
vn -0.6494 0.3287 -0.6858
vn -0.5781 0.2925 -0.7618
vn -0.7305 -0.3724 -0.5725
vn -0.3985 0.1484 -0.9051
vn -0.2918 0.0771 -0.9534
vn -0.4971 -0.5589 -0.6637
vn -0.0788 -0.0896 -0.9929
vn -0.0246 -0.1437 -0.9893
vn -0.2808 -0.7566 -0.5905
vn 0.1945 -0.3435 -0.9188
vn 0.2346 -0.3807 -0.8945
vn -0.0740 -0.8999 -0.4297
vn 0.4466 -0.5506 -0.7053
vn 0.4965 -0.5797 -0.6461
vn 0.1131 -0.9868 -0.1160
vn 0.2893 -0.4165 -0.8619
vn 0.6019 -0.6087 -0.5169
vn 0.4259 -0.4276 -0.7973
vn 0.7101 -0.5878 -0.3876
vn 0.0147 -0.1756 -0.9844
vn 0.0779 -0.2857 -0.9551
vn -0.2148 0.0078 -0.9766
vn -0.2130 -0.0832 -0.9735
vn -0.4596 0.2267 -0.8587
vn -0.4138 0.2089 -0.8861
vn -0.6782 0.4348 -0.5924
vn -0.5729 0.3571 -0.7378
vn -0.5781 0.2924 -0.7618
vn -0.7814 0.5103 -0.3592
vn -0.7383 0.4651 -0.4884
vn -0.7429 0.4547 -0.4913
vn -0.7217 0.4500 -0.5259
vn -0.7869 0.5326 -0.3117
vn -0.5403 0.4023 -0.7391
vn -0.7087 0.4731 -0.5234
vn -0.5039 0.4303 -0.7489
vn -0.6696 0.5436 -0.5061
vn -0.4515 0.3984 -0.7984
vn -0.6351 0.5982 -0.4886
vn -0.6560 0.6306 -0.4146
vn -0.5076 0.6319 0.5857
vn -0.5352 0.5541 0.6377
vn -0.6893 0.6075 0.3947
vn -0.7106 0.6462 -0.2785
vn -0.7782 0.5534 -0.2968
vn -0.6225 0.7235 0.2984
vn -0.6734 0.7312 -0.1085
vn -0.6642 0.6687 -0.3342
vn -0.5947 0.5839 -0.5527
vn -0.7689 0.4913 -0.4091
vn -0.5016 0.4200 -0.7563
vn -0.6371 0.3733 -0.6743
vn -0.4124 0.2030 -0.8881
vn -0.4431 0.2613 -0.8575
vn -0.3311 0.0621 -0.9416
vn -0.2697 0.2595 -0.9273
vn -0.1029 -0.0922 -0.9904
vn -0.0139 0.1003 -0.9949
vn 0.3754 -0.3152 -0.8716
vn 0.3441 -0.2925 -0.8922
vn 0.6696 -0.3987 -0.6266
vn 0.5783 -0.4785 -0.6608
vn 0.7168 -0.6025 -0.3508
vn -0.2303 -0.5887 -0.7749
vn -0.4248 -0.3868 -0.8185
vn -0.2302 -0.5887 -0.7749
vn -0.6634 -0.3096 -0.6812
vn -0.4055 -0.2138 -0.8887
vn -0.3067 -0.0795 -0.9485
vn -0.1436 0.0510 -0.9883
vn -0.3068 -0.0795 -0.9485
vn -0.1921 0.1904 -0.9627
vn -0.0791 0.2405 -0.9674
vn -0.1922 0.1904 -0.9627
vn -0.0600 0.3442 -0.9370
vn -0.1201 0.3559 -0.9268
vn -0.1202 0.3559 -0.9268
vn -0.0899 0.4297 -0.8985
vn -0.2316 0.5343 -0.8129
vn -0.2317 0.5343 -0.8129
vn -0.2019 0.5909 -0.7810
vn -0.3999 0.6628 -0.6330
vn -0.4000 0.6628 -0.6330
vn -0.3127 0.7750 -0.5491
vn -0.4456 0.7899 -0.4212
vn -0.4457 0.7899 -0.4212
vn -0.3505 0.9040 -0.2448
vn -0.4810 0.8718 -0.0922
vn -0.4811 0.8718 -0.0922
vn -0.4383 0.8386 0.3236
vn -0.3306 0.9207 0.2074
vn -0.3469 0.9371 -0.0395
vn -0.4383 0.8385 0.3236
vn -0.3396 0.9240 -0.1756
vn -0.3640 0.9302 0.0481
vn -0.3878 0.8913 -0.2348
vn -0.3207 0.9292 0.1839
vn -0.3640 0.9302 0.0482
vn -0.3112 0.8169 0.4856
vn -0.3057 0.8415 0.4454
vn -0.3401 0.9192 0.1984
vn -0.2946 0.7685 0.5680
vn -0.2927 0.7721 0.5641
vn -0.3114 0.8544 0.4159
vn -0.3084 0.7629 0.5683
vn -0.2983 0.7776 0.5535
vn -0.2812 0.7887 0.5467
vn -0.2817 0.7258 0.6276
vn -0.2681 0.7519 0.6023
vn -0.2976 0.7810 0.5490
vn -0.2578 0.7648 0.5904
vn -0.1877 0.6555 0.7315
vn -0.2423 0.7265 0.6431
vn -0.3671 0.6832 0.6312
vn -0.3524 0.5713 0.7412
vn -0.3518 0.7679 0.5354
vn -0.3671 0.6832 0.6313
vn -0.3035 0.5122 0.8034
vn -0.3300 0.7027 0.6303
vn -0.1638 0.4083 0.8980
vn -0.3035 0.5123 0.8034
vn -0.1639 0.4083 0.8980
vn -0.2172 0.6567 0.7222
vn -0.3300 0.7027 0.6304
vn 0.1726 0.8351 -0.5223
vn 0.2866 0.8298 -0.4787
vn -0.3518 0.7679 0.5353
vn 0.3936 0.8287 -0.3978
vn 0.1975 0.7853 -0.5867
vn 0.3148 0.7907 -0.5251
vn 0.4272 0.7886 -0.4423
vn 0.0052 0.9709 0.2395
vn -0.6890 0.6718 0.2719
vn -0.5888 0.6692 0.4532
vn -0.7188 0.6881 0.0989
vn -0.0915 0.6445 0.7591
vn -0.0273 0.6423 0.7659
vn 0.0326 0.6429 0.7653
vn 0.0901 0.6400 0.7631
vn 0.6402 0.7592 -0.1177
vn 0.5623 0.7893 -0.2466
vn 0.4931 0.8045 -0.3311
vn -0.7073 0.7069 0.0019
vn -0.1574 0.6481 0.7451
vn 0.7041 0.7101 -0.0060
vn -0.6469 0.7552 -0.1064
vn -0.2344 0.6419 0.7301
vn 0.7196 0.6865 0.1044
vn -0.5675 0.7876 -0.2398
vn -0.3189 0.6434 0.6959
vn 0.6934 0.6642 0.2792
vn -0.4947 0.8052 -0.3271
vn -0.3937 0.6590 0.6409
vn 0.5924 0.6629 0.4578
vn -0.4278 0.7875 -0.4435
vn -0.4921 0.6652 0.5615
vn 0.4041 0.6535 0.6401
vn 0.5091 0.6447 0.5702
vn -0.3143 0.7896 -0.5270
vn 0.3247 0.6448 0.6920
vn -0.2101 0.7815 -0.5875
vn 0.2543 0.6197 0.7425
vn -0.0101 0.7661 -0.6426
vn 0.1885 0.6388 0.7459
vn 0.1411 0.6390 0.7561
vn 0.0895 0.6588 0.7470
vn 0.0335 0.6569 0.7533
vn -0.0092 0.9474 -0.3198
vn 0.1388 0.6597 0.7386
vn 0.0230 0.9439 -0.3293
vn -0.0672 0.6548 -0.7528
vn -0.0529 0.9527 -0.2993
vn 0.0230 0.9440 -0.3292
vn -0.0680 0.6115 -0.7883
vn -0.0254 0.5875 -0.8088
vn -0.0680 0.6115 -0.7884
vn 0.0264 0.5402 -0.8411
vn 0.0250 0.6438 -0.7648
vn -0.0908 0.5991 -0.7955
vn -0.2379 0.6772 -0.6963
vn -0.1033 0.9542 -0.2807
vn -0.2249 0.6450 -0.7303
vn -0.2646 0.6894 -0.6743
vn -0.2114 0.9425 -0.2588
vn -0.1034 0.9542 -0.2807
vn 0.2344 0.6750 0.6996
vn 0.1836 0.6606 0.7279
vn 0.3080 0.6595 0.6857
vn 0.3821 0.6757 0.6304
vn -0.2323 0.9525 -0.1971
vn -0.2595 0.9537 -0.1518
vn -0.3006 0.7535 -0.5846
vn -0.4102 0.7789 -0.4744
vn -0.3973 0.7384 -0.5449
vn -0.3006 0.7535 -0.5847
vn -0.2254 0.7015 -0.6761
vn -0.4167 0.7525 -0.5100
vn -0.4307 0.8039 -0.4102
vn -0.2993 0.9505 -0.0838
vn -0.4307 0.8039 -0.4101
vn -0.3111 0.9500 0.0281
vn -0.4534 0.8600 -0.2341
vn -0.3878 0.8109 -0.4382
vn -0.3553 0.7645 -0.5379
vn -0.3026 0.8242 -0.4787
vn -0.2660 0.7664 -0.5847
vn -0.3031 0.8429 -0.4445
vn -0.2125 0.7039 -0.6778
vn -0.2488 0.6363 -0.7303
vn -0.1847 0.5203 -0.8338
vn -0.2255 0.4877 -0.8434
vn -0.2119 0.4195 -0.8826
vn -0.1977 0.3842 -0.9019
vn -0.1858 0.3230 -0.9280
vn -0.1793 0.3003 -0.9369
vn -0.1610 0.2140 -0.9635
vn -0.1396 0.0982 -0.9853
vn -0.1658 0.1980 -0.9661
vn -0.1520 0.1025 -0.9830
vn -0.1444 -0.0213 -0.9893
vn -0.2189 -0.0702 -0.9732
vn -0.2039 -0.1371 -0.9693
vn -0.3744 -0.2225 -0.9002
vn -0.0923 -0.1053 -0.9901
vn -0.0843 -0.0254 -0.9961
vn -0.0228 -0.1016 -0.9946
vn -0.0203 -0.0407 -0.9990
vn -0.1043 0.0697 -0.9921
vn -0.0381 0.0241 -0.9990
vn -0.1623 0.1491 -0.9754
vn -0.0592 0.0870 -0.9945
vn -0.0866 0.2261 -0.9702
vn -0.2200 0.2752 -0.9359
vn -0.1250 0.3474 -0.9294
vn -0.2270 0.3581 -0.9057
vn -0.1620 0.4148 -0.8954
vn -0.2326 0.4429 -0.8659
vn -0.2329 0.5002 -0.8340
vn -0.2589 0.5694 -0.7802
vn -0.3481 0.5736 -0.7415
vn -0.3093 0.6895 -0.6549
vn -0.3996 0.6745 -0.6208
vn -0.3589 0.6050 -0.7108
vn -0.3041 0.4926 -0.8154
vn -0.1895 0.6188 -0.7624
vn -0.1872 0.5163 -0.8357
vn -0.1037 0.5982 -0.7946
vn -0.2468 0.3960 -0.8845
vn -0.2074 0.3361 -0.9187
vn -0.1616 0.3415 -0.9259
vn -0.1872 0.2626 -0.9466
vn -0.0699 0.2798 -0.9575
vn -0.1714 0.2108 -0.9624
vn -0.0127 0.1838 -0.9829
vn -0.1701 0.1492 -0.9741
vn 0.0014 0.0907 -0.9959
vn -0.2361 0.0377 -0.9710
vn -0.1939 0.0845 -0.9774
vn -0.0010 0.0149 -0.9999
vn -0.2739 0.0015 -0.9617
vn -0.0053 -0.0363 -0.9993
vn -0.2878 -0.0126 -0.9576
vn -0.0350 -0.0827 -0.9960
vn 0.1349 -0.0217 -0.9906
vn 0.1373 0.0072 -0.9905
vn 0.2894 -0.0170 -0.9571
vn 0.2661 -0.0271 -0.9636
vn 0.1919 0.0075 -0.9814
vn 0.1293 0.0784 -0.9885
vn 0.1469 0.0587 -0.9874
vn 0.1285 0.1078 -0.9858
vn 0.1098 0.1627 -0.9805
vn 0.1327 0.1764 -0.9753
vn 0.0815 0.1961 -0.9772
vn 0.1631 0.2168 -0.9625
vn 0.0331 0.2372 -0.9709
vn 0.1710 0.2708 -0.9473
vn 0.0064 0.2648 -0.9643
vn 0.1475 0.3212 -0.9354
vn -0.0637 0.3267 -0.9430
vn 0.0784 0.4908 -0.8677
vn -0.0025 0.4435 -0.8963
vn 0.0182 0.5729 -0.8194
vn 0.1366 0.5690 -0.8109
vn 0.1074 0.5968 -0.7952
vn 0.1085 0.5629 -0.8194
vn 0.0886 0.6120 -0.7859
vn 0.0776 0.9389 -0.3355
vn 0.1073 0.5968 -0.7952
vn 0.0479 0.9387 -0.3415
vn 0.1747 0.6263 -0.7597
vn 0.1454 0.5942 -0.7911
vn -0.0865 0.6628 0.7438
vn 0.0777 0.9388 -0.3355
vn -0.1506 0.6663 0.7303
vn 0.1180 0.9408 -0.3179
vn -0.2198 0.6790 0.7005
vn 0.1670 0.9418 -0.2916
vn -0.2951 0.6832 0.6679
vn 0.2355 0.9449 -0.2273
vn 0.1906 0.6781 -0.7099
vn 0.1906 0.6780 -0.7099
vn 0.1851 0.6568 -0.7310
vn 0.3048 0.7565 -0.5786
vn 0.3956 0.7112 -0.5811
vn 0.3869 0.7813 -0.4898
vn 0.4178 0.7373 -0.5308
vn 0.2696 0.9488 -0.1649
vn 0.2865 0.9513 -0.1134
vn 0.4216 0.7959 -0.4344
vn 0.4001 0.8010 -0.4453
vn 0.4515 0.8486 -0.2757
vn 0.3697 0.8686 -0.3299
vn 0.2996 0.9539 -0.0180
vn 0.2696 0.9487 -0.1649
vn -0.4520 0.7036 0.5483
vn 0.2865 0.9514 -0.1133
vn -0.5323 0.7222 0.4417
vn 0.2995 0.9539 -0.0180
vn -0.5885 0.7517 0.2975
vn 0.3117 0.9441 0.1071
vn -0.6358 0.7545 0.1625
vn 0.2857 0.9145 0.2864
vn 0.3118 0.9441 0.1071
vn 0.4494 0.8562 0.2550
vn 0.4669 0.8839 -0.0280
vn 0.4669 0.8839 -0.0281
vn 0.3640 0.9294 -0.0609
vn 0.3548 0.9082 0.2221
vn 0.3227 0.8510 0.4144
vn 0.3971 0.8035 0.4435
vn 0.3972 0.8035 0.4435
vn 0.2461 0.8664 0.4345
vn 0.3642 0.7601 0.5381
vn 0.3026 0.7965 0.5235
vn 0.3642 0.7602 0.5381
vn 0.3026 0.7807 0.5467
vn 0.3531 0.7379 0.5751
vn 0.2285 0.8459 0.4819
vn 0.2284 0.8459 0.4819
vn -0.6546 0.7512 0.0846
vn -0.6422 0.7626 -0.0782
vn 0.2685 0.8485 0.4560
vn -0.5702 0.7873 -0.2345
vn -0.5046 0.7970 -0.3319
vn 0.3449 0.8412 0.4165
vn -0.3927 0.8288 -0.3985
vn 0.3546 0.7698 0.5308
vn 0.3775 0.6810 0.6274
vn 0.3546 0.7697 0.5308
vn 0.2673 0.7640 0.5872
vn 0.3775 0.6811 0.6274
vn 0.2497 0.7257 0.6411
vn 0.3533 0.5738 0.7389
vn 0.2004 0.6636 0.7208
vn 0.3140 0.5099 0.8009
vn 0.3140 0.5098 0.8009
vn 0.3533 0.5737 0.7390
vn 0.1836 0.3947 0.9003
vn 0.3355 0.7049 0.6249
vn 0.1837 0.3946 0.9003
vn -0.2855 0.8289 -0.4811
vn -0.1835 0.8350 -0.5188
vn 0.2259 0.6752 0.7022
vn -0.0129 0.8553 -0.5180
vn -0.0243 0.6222 0.7825
vn -0.2173 0.6567 0.7222
vn 0.2260 0.6752 0.7022
vn -0.0164 0.3236 0.9461
vn -0.0164 0.3236 0.9460
vn 0.0710 0.5775 0.8133
vn -0.0634 0.5413 0.8384
vn -0.0189 0.5192 0.8544
vn 0.1726 0.6038 0.7782
vn 0.1686 0.5044 0.8469
vn 0.2302 0.7195 0.6553
vn 0.2364 0.6432 0.7283
vn 0.1368 0.4498 0.8826
vn 0.2167 0.5077 0.8339
vn 0.1079 0.4380 0.8925
vn 0.1968 0.4564 0.8677
vn 0.0900 0.4298 0.8984
vn 0.1817 0.4443 0.8772
vn 0.0761 0.4279 0.9006
vn 0.1675 0.4380 0.8832
vn 0.0640 0.4064 0.9115
vn 0.1633 0.4249 0.8904
vn 0.0571 0.3532 0.9338
vn 0.1636 0.3748 0.9126
vn 0.0578 0.2710 0.9608
vn 0.1635 0.2974 0.9407
vn 0.0489 0.1740 0.9835
vn 0.1750 0.1894 0.9662
vn 0.2787 0.3013 0.9119
vn 0.3132 0.1764 0.9332
vn 0.3889 0.2705 0.8807
vn 0.4688 0.1243 0.8745
vn 0.5331 0.1969 0.8228
vn 0.6521 -0.0007 0.7582
vn 0.6625 0.0805 0.7448
vn 0.7860 -0.1623 0.5965
vn 0.5652 0.2838 0.7746
vn 0.4482 0.3452 0.8246
vn 0.4041 0.4216 0.8118
vn 0.4900 0.4041 0.7724
vn 0.4034 0.4804 0.7788
vn 0.4570 0.4862 0.7449
vn 0.4233 0.5024 0.7539
vn 0.4171 0.5031 0.7569
vn 0.4178 0.5731 0.7050
vn 0.3627 0.6064 0.7076
vn 0.3574 0.6938 0.6252
vn 0.3102 0.7247 0.6154
vn 0.3043 0.7725 0.5573
vn 0.2978 0.8473 0.4397
vn 0.3115 0.8527 0.4193
vn 0.3015 0.7895 0.5345
vn 0.3640 0.9294 -0.0608
vn 0.3225 0.7591 0.5654
vn 0.3056 0.7772 0.5501
vn 0.2916 0.7301 0.6180
vn 0.2706 0.7587 0.5926
vn 0.3639 0.6655 0.6516
vn 0.2987 0.5947 0.7464
vn 0.3734 0.5336 0.7588
vn 0.2803 0.4874 0.8269
vn 0.3461 0.4802 0.8060
vn 0.2562 0.4588 0.8508
vn 0.3207 0.4627 0.8265
vn 0.2388 0.4494 0.8608
vn 0.3181 0.4278 0.8460
vn 0.2357 0.4284 0.8723
vn 0.3391 0.3669 0.8663
vn 0.2529 0.3809 0.8894
vn 0.2460 0.8664 0.4345
vn 0.3371 0.8904 -0.3059
vn 0.3129 0.8201 -0.4791
vn 0.2875 0.8169 -0.5000
vn 0.2893 0.7507 -0.5939
vn 0.3504 0.7489 -0.5624
vn 0.2259 0.6763 -0.7012
vn 0.2510 0.6072 -0.7538
vn 0.2336 0.4653 -0.8538
vn 0.2086 0.4978 -0.8419
vn 0.2094 0.3969 -0.8937
vn 0.2149 0.3662 -0.9054
vn 0.1842 0.3141 -0.9314
vn 0.1909 0.2861 -0.9390
vn 0.1649 0.2089 -0.9639
vn 0.1647 0.1906 -0.9677
vn 0.1569 0.1022 -0.9823
vn 0.1632 0.0906 -0.9824
vn 0.1808 -0.0075 -0.9835
vn 0.2109 -0.0605 -0.9756
vn 0.2378 -0.1201 -0.9639
vn 0.3567 -0.2159 -0.9089
vn 0.3283 -0.2367 -0.9144
vn 0.5233 -0.3104 -0.7936
vn 0.4445 -0.3363 -0.8302
vn -0.3716 0.6819 0.6300
vn -0.0246 0.6600 0.7509
vn -0.4748 0.8793 0.0378
vn -0.3195 0.9354 0.1518
vn -0.3195 0.9353 0.1518
vn -0.4487 0.8529 0.2670
vn -0.2866 0.9025 0.3215
vn -0.4748 0.8793 0.0379
vn 0.5900 0.7432 0.3156
vn -0.3194 0.9354 0.1518
vn -0.3110 0.9500 0.0282
vn 0.5402 0.7070 0.4564
vn 0.6411 0.7475 0.1740
vn 0.4544 0.7039 0.5459
vn -0.2595 0.9538 -0.1517
vn 0.6578 0.7495 0.0748
vn -0.2388 0.8599 0.4513
vn 0.6383 0.7638 -0.0954
vn -0.2256 0.8451 0.4846
vn -0.2388 0.8598 0.4513
vn -0.3566 0.7586 0.5453
vn -0.2257 0.8451 0.4847
vn -0.3652 0.8095 0.4597
vn -0.3651 0.8095 0.4597
vn -0.4486 0.8529 0.2670
vn -0.3471 0.7390 0.5773
vn -0.2708 0.8472 0.4570
vn -0.3471 0.7391 0.5773
vn -0.3471 0.8372 0.4227
vn -0.3471 0.8372 0.4226
vn 0.5656 0.7881 -0.2428
vn -0.2708 0.8473 0.4569
vn 0.5009 0.7987 -0.3333
vn -0.3505 0.6618 0.6627
vn -0.2868 0.5922 0.7530
vn -0.2712 0.4854 0.8312
vn -0.3626 0.5320 0.7652
vn -0.3741 0.5659 0.7347
vn -0.3160 0.7144 0.6243
vn -0.2907 0.6391 0.7120
vn -0.2925 0.7570 0.5844
vn -0.3271 0.7094 0.6243
vn -0.3146 0.7890 0.5278
vn -0.4095 0.6969 0.5887
vn -0.3284 0.4644 0.8225
vn -0.3517 0.4533 0.8190
vn -0.4608 0.5299 0.7120
vn -0.5403 0.4311 0.7227
vn -0.4608 0.5298 0.7120
vn -0.4096 0.6969 0.5887
vn -0.4276 0.2587 0.8662
vn -0.5969 0.3944 0.6987
vn -0.6122 0.2490 0.7505
vn -0.5378 0.2221 0.8133
vn -0.4206 0.3372 0.8423
vn -0.6121 0.1647 0.7734
vn -0.4452 -0.1383 0.8847
vn -0.4249 0.2650 0.8656
vn -0.4205 0.3371 0.8423
vn -0.3917 0.3582 0.8475
vn -0.5015 0.3608 0.7863
vn -0.6284 0.1198 0.7686
vn -0.5740 0.2987 0.7624
vn -0.6895 -0.0765 0.7203
vn -0.7706 -0.2035 0.6039
vn -0.3434 -0.2710 0.8992
vn -0.7707 -0.2035 0.6038
vn -0.3644 0.0966 0.9262
vn -0.0018 -0.2884 0.9575
vn -0.5141 -0.1210 0.8491
vn 0.0596 -0.5209 0.8515
vn -0.3529 -0.4421 0.8246
vn -0.6115 -0.4596 0.6440
vn -0.1803 -0.3523 0.9184
vn -0.3305 -0.7366 0.5900
vn -0.7031 -0.4232 0.5715
vn -0.6115 -0.4597 0.6440
vn -0.7909 -0.4488 0.4161
vn -0.3305 -0.7366 0.5901
vn -0.8807 -0.3321 0.3376
vn -0.6966 -0.6345 0.3350
vn -0.9435 -0.1718 0.2833
vn -0.8948 -0.2788 0.3487
vn -0.9215 -0.1894 0.3391
vn -0.9150 -0.0767 0.3960
vn -0.8835 -0.2170 0.4151
vn -0.8802 -0.1281 0.4569
vn -0.9004 0.0157 0.4348
vn -0.8921 -0.0199 0.4514
vn -0.8883 0.0617 0.4551
vn -0.8748 -0.0021 0.4846
vn -0.8729 0.0948 0.4785
vn -0.8455 0.0381 0.5326
vn -0.8595 0.1451 0.4902
vn -0.8004 0.1264 0.5859
vn -0.7853 0.2190 0.5791
vn -0.8668 0.1784 0.4656
vn -0.7994 0.2191 0.5595
vn -0.8793 0.1862 0.4385
vn -0.8068 0.1974 0.5569
vn -0.8958 0.1732 0.4094
vn -0.8046 0.1692 0.5691
vn -0.9087 0.1563 0.3871
vn -0.7955 0.1714 0.5811
vn -0.9135 0.1411 0.3815
vn -0.8118 0.1884 0.5527
vn -0.9200 0.1260 0.3712
vn -0.5840 0.2139 0.7831
vn -0.3700 0.1984 0.9076
vn -0.6013 0.1539 0.7840
vn -0.3884 0.0989 0.9162
vn -0.6505 0.1298 0.7483
vn -0.4234 0.0452 0.9048
vn -0.7014 0.1656 0.6933
vn -0.4815 0.0625 0.8742
vn -0.7415 0.2096 0.6374
vn -0.5583 0.1052 0.8229
vn -0.7811 0.2024 0.5907
vn -0.7055 0.0895 0.7030
vn -0.6409 0.1346 0.7558
vn -0.8047 0.0797 0.5883
vn -0.6945 0.0266 0.7190
vn -0.8116 -0.0245 0.5837
vn -0.6568 0.0261 0.7536
vn -0.8155 -0.0277 0.5781
vn -0.6357 -0.0098 0.7719
vn -0.8157 0.0062 0.5785
vn -0.8132 -0.1053 0.5723
vn -0.6078 -0.0600 0.7918
vn -0.7673 -0.2305 0.5984
vn -0.5391 -0.1470 0.8293
vn -0.6503 -0.2313 0.7236
vn -0.8185 -0.2775 0.5030
vn -0.4233 -0.1417 0.8949
vn -0.5591 -0.0491 0.8277
vn -0.7491 -0.1679 0.6408
vn -0.3533 0.0250 0.9352
vn -0.4610 0.1313 0.8776
vn -0.6343 0.0042 0.7731
vn -0.3060 0.1809 0.9347
vn -0.3795 0.2765 0.8829
vn -0.5046 0.2116 0.8370
vn -0.2459 0.3824 0.8907
vn -0.2720 0.3049 0.9127
vn -0.4389 0.3523 0.8266
vn -0.2282 0.4295 0.8738
vn -0.3321 0.3696 0.8678
vn -0.3114 0.4297 0.8476
vn -0.2310 0.4487 0.8633
vn -0.3136 0.4617 0.8298
vn -0.4085 0.4271 0.8066
vn -0.2477 0.4581 0.8537
vn -0.3372 0.4795 0.8102
vn -0.4051 0.4750 0.7812
vn -0.4083 0.4976 0.7653
vn -0.4553 0.4637 0.7600
vn -0.4922 0.4086 0.7686
vn -0.5513 0.3224 0.7695
vn -0.5981 0.1158 0.7930
vn -0.7547 -0.2071 0.6225
vn -0.8530 -0.2800 0.4404
vn 0.3550 -0.3607 0.8625
vn 0.4168 -0.5925 0.6894
vn 0.2623 -0.3108 0.9135
vn 0.6057 -0.4884 0.6281
vn -0.1521 0.0349 0.9878
vn -0.0629 -0.0866 0.9943
vn -0.3223 0.2449 0.9144
vn -0.4010 0.0307 0.9156
vn -0.4999 0.2704 0.8228
vn -0.2006 0.2022 0.9586
vn -0.3202 0.2176 0.9220
vn 0.1213 0.0138 0.9925
vn 0.3074 -0.0338 0.9510
vn 0.1974 -0.0267 0.9800
vn 0.0893 0.1494 0.9847
vn -0.0693 0.0604 0.9958
vn -0.5694 0.6784 0.4642
vn -0.0739 -0.8999 -0.4297
vn -0.8020 -0.4305 0.4140
vn -0.7312 -0.4765 0.4882
vn -0.2807 -0.7566 -0.5905
vn -0.6319 -0.5469 0.5492
vn -0.7568 -0.3618 0.5444
vn -0.6238 -0.4758 0.6200
vn -0.8859 -0.2469 0.3927
vn -0.6581 -0.7493 0.0741
vn -0.2658 -0.7857 0.5586
vn -0.2403 -0.8363 0.4927
vn -0.2505 -0.7736 0.5820
vn -0.6786 -0.4240 -0.5998
vn -0.6389 -0.4763 -0.6042
vn -0.4417 -0.7046 -0.5554
vn -0.1995 -0.8726 0.4459
vn -0.1738 -0.8488 0.4993
vn -0.2311 -0.9586 -0.1663
vn -0.9178 -0.2403 -0.3160
vn -0.8221 -0.2889 -0.4907
vn -0.6626 -0.4046 -0.6302
vn -0.2887 -0.7422 0.6048
vn -0.1373 -0.9250 0.3544
vn -0.5653 -0.5187 -0.6414
vn -0.4606 -0.5995 0.6546
vn -0.9549 -0.2925 0.0514
vn -0.5939 -0.5273 -0.6077
vn -0.6599 -0.4630 -0.5917
vn -0.2048 -0.8343 0.5119
vn -0.2414 -0.7787 0.5790
vn -0.9044 -0.2203 -0.3655
vn -0.1851 -0.8729 0.4514
vn -0.2684 -0.7819 0.5626
vn -0.8489 -0.2277 -0.4771
vn -0.3665 -0.8981 0.2430
vn -0.9700 0.0682 -0.2335
vn -0.3817 -0.9210 -0.0779
vn -0.9286 0.0432 0.3686
vn -0.5311 -0.7809 -0.3287
vn -0.5967 -0.1637 0.7856
vn -0.6463 -0.5067 -0.5705
vn -0.3742 -0.4747 0.7966
vn -0.6798 -0.4277 -0.5957
vn -0.6515 -0.4524 -0.6090
vn -0.5971 -0.5251 -0.6064
vn -0.5965 -0.5497 -0.5848
vn -0.4324 -0.6474 0.6277
vn -0.6836 -0.5028 -0.5290
vn -0.2005 -0.7621 0.6157
vn -0.8035 -0.4128 -0.4290
vn 0.0236 -0.8958 0.4438
vn -0.8935 -0.3403 -0.2930
vn 0.1473 -0.9668 0.2086
vn -0.9469 -0.3171 0.0538
vn 0.1132 -0.9868 -0.1161
vn -0.9308 -0.2378 -0.2777
vn -0.2704 -0.8432 0.4647
vn -0.8885 -0.2458 -0.3874
vn -0.3769 -0.7586 0.5314
vn -0.5106 -0.6530 0.5594
vn -0.4971 -0.5588 -0.6638
vn 0.2616 -0.7079 0.6561
vn 0.7834 -0.4599 -0.4182
vn 0.6573 -0.5602 -0.5041
vn 0.5147 -0.5641 0.6457
vn 0.5504 -0.6248 -0.5538
vn 0.6205 -0.4734 -0.6252
vn 0.5034 -0.5985 -0.6232
vn 0.7985 -0.3472 -0.4918
vn 0.6633 -0.7427 0.0917
vn 0.8876 -0.2669 0.3754
vn 0.7746 -0.3609 0.5193
vn 0.6572 -0.4561 0.6000
vn 0.3400 -0.7045 0.6230
vn 0.2350 -0.7984 0.5543
vn 0.2510 -0.8201 0.5142
vn 0.2939 -0.7804 0.5519
vn 0.2429 -0.8378 0.4889
vn 0.2142 -0.9767 -0.0105
vn 0.4298 -0.7297 -0.5318
vn 0.6007 -0.5221 -0.6054
vn 0.8994 -0.2915 -0.3259
vn 0.4976 -0.5739 0.6504
vn 0.3139 -0.7153 0.6244
vn 0.5166 -0.6241 -0.5862
vn 0.9449 -0.3258 0.0314
vn 0.5977 -0.5578 -0.5759
vn 0.3215 -0.7260 0.6079
vn 0.6337 -0.4850 -0.6027
vn 0.9379 -0.3447 0.0396
vn 0.8754 -0.3812 -0.2973
vn -0.0168 -0.8658 0.5002
vn -0.0753 -0.9686 0.2370
vn -0.2616 -0.9503 0.1687
vn 0.8095 -0.4311 0.3986
vn 0.0542 -0.9258 -0.3740
vn -0.0884 -0.9949 -0.0489
vn 0.2463 -0.7877 -0.5646
vn 0.7495 -0.4659 0.4702
vn 0.4695 -0.5937 -0.6535
vn 0.6634 -0.5282 0.5301
vn 0.6921 -0.4248 -0.5835
vn 0.5442 -0.6258 0.5587
vn 0.4107 -0.7211 0.5579
vn 0.8434 -0.3096 -0.4391
vn 0.3119 -0.7976 0.5163
vn 0.8966 -0.2761 -0.3463
vn 0.2466 -0.8192 0.5178
vn 0.2690 -0.7787 0.5667
vn 0.3027 -0.7211 0.6232
vn 0.8294 -0.2645 -0.4922
vn 0.3245 -0.7204 0.6129
vn 0.8078 -0.2445 -0.5364
vn 0.3625 -0.8491 0.3843
vn 0.9047 -0.0308 -0.4249
vn 0.4534 -0.8907 0.0337
vn 0.9752 0.1554 0.1574
vn 0.5271 -0.7964 -0.2965
vn 0.4510 -0.4363 0.7787
vn 0.6084 -0.5584 -0.5639
vn 0.4271 -0.4938 0.7574
vn 0.6334 -0.4841 -0.6037
vn 0.5239 -0.4819 0.7024
vn 0.5786 -0.5327 -0.6176
vn 0.6010 -0.4910 0.6307
vn 0.5207 -0.6221 -0.5848
vn -0.0445 0.0511 0.9977
vn 0.5606 -0.6851 -0.4652
vn -0.7452 -0.6486 0.1547
vn -0.2961 -0.6302 0.7178
vn 0.9213 -0.3234 0.2160
vn 0.5082 -0.8612 0.0060
vn 0.7138 -0.6851 0.1457
vt 0.236187 0.069843
vt 0.210812 0.094386
vt 0.210779 0.069845
vt 0.236149 0.045305
vt 0.210745 0.045305
vt 0.261620 0.094386
vt 0.261586 0.069845
vt 0.261553 0.045305
vt 0.210744 0.033191
vt 0.236149 0.008144
vt 0.236149 0.033191
vt 0.261554 0.033192
vt 0.286986 0.069848
vt 0.286957 0.045305
vt 0.261554 0.008144
vt 0.286960 0.033191
vt 0.236149 0.007500
vt 0.261554 0.007500
vt 0.286960 0.008144
vt 0.286960 0.007500
vt 0.312365 0.008144
vt 0.312365 0.033191
vt 0.312365 0.007500
vt 0.337770 0.008144
vt 0.337771 0.033191
vt 0.337770 0.007500
vt 0.363176 0.008144
vt 0.363176 0.033191
vt 0.388581 0.007500
vt 0.363176 0.007500
vt 0.388581 0.008144
vt 0.413987 0.007500
vt 0.413987 0.008144
vt 0.388581 0.033191
vt 0.439392 0.007500
vt 0.439392 0.008144
vt 0.413987 0.033191
vt 0.464797 0.007500
vt 0.464797 0.008144
vt 0.439392 0.033191
vt 0.535201 0.007500
vt 0.560607 0.008144
vt 0.535201 0.008144
vt 0.560607 0.033191
vt 0.535201 0.033192
vt 0.560607 0.007500
vt 0.586012 0.008144
vt 0.586012 0.033192
vt 0.586012 0.007500
vt 0.611418 0.008144
vt 0.611417 0.033191
vt 0.611418 0.007500
vt 0.636823 0.008144
vt 0.636823 0.033191
vt 0.662228 0.007500
vt 0.662228 0.008144
vt 0.662228 0.033191
vt 0.687634 0.007500
vt 0.687634 0.008144
vt 0.687634 0.033191
vt 0.713039 0.007500
vt 0.713039 0.008144
vt 0.713039 0.033191
vt 0.738445 0.007500
vt 0.738445 0.008144
vt 0.738444 0.033191
vt 0.763850 0.007500
vt 0.763850 0.008144
vt 0.763850 0.033192
vt 0.789256 0.008144
vt 0.789256 0.007500
vt 0.814661 0.007500
vt 0.814661 0.008144
vt 0.789255 0.033191
vt 0.840067 0.007500
vt 0.840067 0.008144
vt 0.814661 0.033191
vt 0.865472 0.007500
vt 0.865472 0.008144
vt 0.840066 0.033191
vt 0.890878 0.008144
vt 0.890877 0.033191
vt 0.865472 0.033191
vt 0.890878 0.007500
vt 0.916283 0.008144
vt 0.941689 0.007500
vt 0.916283 0.007500
vt 0.941689 0.008144
vt 0.916283 0.033191
vt 0.967094 0.007500
vt 0.967094 0.008144
vt 0.941689 0.033191
vt 0.992500 0.007500
vt 0.992500 0.008144
vt 0.967094 0.033191
vt 0.007500 0.007500
vt 0.032905 0.008144
vt 0.007500 0.008144
vt 0.032905 0.033191
vt 0.007500 0.033192
vt 0.058311 0.007500
vt 0.058311 0.008144
vt 0.058311 0.033191
vt 0.083716 0.007500
vt 0.083716 0.008144
vt 0.083716 0.033191
vt 0.109122 0.008144
vt 0.109122 0.033191
vt 0.109122 0.007500
vt 0.134527 0.008144
vt 0.134527 0.033191
vt 0.159932 0.007500
vt 0.159932 0.008144
vt 0.159933 0.033191
vt 0.185338 0.007500
vt 0.185338 0.008144
vt 0.185338 0.033191
vt 0.210743 0.007500
vt 0.210743 0.008144
vt 0.825877 0.833659
vt 0.807446 0.823113
vt 0.826312 0.830769
vt 0.847032 0.834369
vt 0.847009 0.837448
vt 0.832200 0.808742
vt 0.847691 0.811851
vt 0.817096 0.802286
vt 0.850859 0.723663
vt 0.888384 0.644417
vt 0.903962 0.648682
vt 0.871635 0.642738
vt 0.863271 0.810632
vt 0.917878 0.656315
vt 0.929400 0.667357
vt 0.938183 0.681134
vt 0.945244 0.696122
vt 0.893425 0.798413
vt 0.878451 0.805570
vt 0.801932 0.794492
vt 0.949730 0.711947
vt 0.787073 0.785937
vt 0.951323 0.728323
vt 0.773111 0.777066
vt 0.949308 0.743986
vt 0.761853 0.765822
vt 0.750297 0.736206
vt 0.749984 0.720259
vt 0.753405 0.703964
vt 0.759432 0.688565
vt 0.754297 0.751805
vt 0.767806 0.674300
vt 0.778113 0.661681
vt 0.790764 0.651907
vt 0.943781 0.758988
vt 0.934882 0.772098
vt 0.804881 0.644942
vt 0.837182 0.641558
vt 0.854404 0.641876
vt 0.922609 0.782208
vt 0.820525 0.642007
vt 0.908307 0.790459
vt 0.904121 0.817660
vt 0.920915 0.808809
vt 0.886710 0.825816
vt 0.905391 0.820006
vt 0.922778 0.810829
vt 0.887457 0.828443
vt 0.868112 0.835189
vt 0.867772 0.832298
vt 0.937904 0.798759
vt 0.940378 0.800489
vt 0.953633 0.785157
vt 0.956591 0.786634
vt 0.965069 0.767293
vt 0.968304 0.768429
vt 0.971928 0.747227
vt 0.975373 0.747874
vt 0.977536 0.726725
vt 0.974128 0.726590
vt 0.974813 0.705335
vt 0.971566 0.705710
vt 0.968819 0.685489
vt 0.965775 0.686403
vt 0.959783 0.667108
vt 0.957043 0.668557
vt 0.948343 0.649859
vt 0.945818 0.651818
vt 0.932838 0.636174
vt 0.930661 0.638354
vt 0.915193 0.625914
vt 0.913359 0.628235
vt 0.895576 0.620055
vt 0.894221 0.622458
vt 0.875540 0.617713
vt 0.874790 0.620161
vt 0.855768 0.619096
vt 0.855874 0.616594
vt 0.836700 0.618766
vt 0.836160 0.616269
vt 0.817215 0.619777
vt 0.816084 0.617280
vt 0.797800 0.624111
vt 0.796234 0.621615
vt 0.779613 0.632482
vt 0.777693 0.630096
vt 0.763207 0.644421
vt 0.760880 0.642271
vt 0.750054 0.659904
vt 0.747385 0.658180
vt 0.739570 0.677199
vt 0.736590 0.675997
vt 0.732013 0.695980
vt 0.728806 0.695333
vt 0.727302 0.716527
vt 0.723889 0.716408
vt 0.727350 0.737351
vt 0.723841 0.737753
vt 0.732219 0.758122
vt 0.728859 0.759039
vt 0.738734 0.778559
vt 0.741876 0.777272
vt 0.753714 0.794295
vt 0.756446 0.792744
vt 0.771225 0.805894
vt 0.773358 0.804036
vt 0.788538 0.816172
vt 0.790082 0.813916
vt 0.806495 0.825708
vt 0.185371 0.069848
vt 0.185341 0.045305
vt 0.159963 0.069850
vt 0.159937 0.045305
vt 0.185400 0.094390
vt 0.159988 0.094395
vt 0.210846 0.118926
vt 0.160013 0.118940
vt 0.210880 0.143466
vt 0.185430 0.118933
vt 0.160038 0.143485
vt 0.210914 0.168007
vt 0.185459 0.143476
vt 0.160064 0.168030
vt 0.210947 0.192547
vt 0.185489 0.168018
vt 0.160089 0.192575
vt 0.210981 0.217087
vt 0.185518 0.192561
vt 0.160114 0.217120
vt 0.185577 0.241646
vt 0.185548 0.217103
vt 0.160140 0.241665
vt 0.211015 0.241628
vt 0.185607 0.266189
vt 0.160165 0.266210
vt 0.211049 0.266168
vt 0.185637 0.290731
vt 0.160190 0.290754
vt 0.211083 0.290708
vt 0.185666 0.315274
vt 0.160216 0.315299
vt 0.211150 0.339789
vt 0.211116 0.315248
vt 0.185696 0.339817
vt 0.190311 0.351299
vt 0.167140 0.351043
vt 0.160241 0.339844
vt 0.213483 0.351555
vt 0.193444 0.364898
vt 0.171814 0.365322
vt 0.215075 0.364474
vt 0.195593 0.379132
vt 0.175012 0.380532
vt 0.216175 0.377731
vt 0.197115 0.393613
vt 0.177269 0.396109
vt 0.217521 0.404564
vt 0.216961 0.391117
vt 0.198183 0.408213
vt 0.217872 0.418045
vt 0.198835 0.422881
vt 0.178846 0.411862
vt 0.218039 0.431541
vt 0.199119 0.437579
vt 0.179798 0.427717
vt 0.218011 0.445039
vt 0.199012 0.452281
vt 0.180198 0.443617
vt 0.217764 0.458519
vt 0.198467 0.466949
vt 0.180013 0.459523
vt 0.217255 0.471952
vt 0.197397 0.481526
vt 0.179169 0.475379
vt 0.216404 0.485278
vt 0.195645 0.495895
vt 0.177540 0.491100
vt 0.174886 0.506511
vt 0.198543 0.507041
vt 0.179532 0.515313
vt 0.217665 0.499374
vt 0.236825 0.492205
vt 0.237163 0.474661
vt 0.237112 0.462397
vt 0.257697 0.485278
vt 0.255816 0.499364
vt 0.256755 0.471952
vt 0.256156 0.458518
vt 0.237061 0.450134
vt 0.255818 0.445039
vt 0.237011 0.437870
vt 0.255700 0.431541
vt 0.236960 0.425606
vt 0.255777 0.418045
vt 0.236909 0.413343
vt 0.256037 0.404564
vt 0.236858 0.401079
vt 0.256506 0.391117
vt 0.236808 0.388816
vt 0.257202 0.377731
vt 0.236757 0.376552
vt 0.236706 0.364288
vt 0.236655 0.352025
vt 0.258212 0.364474
vt 0.236605 0.339761
vt 0.259714 0.351555
vt 0.261924 0.315248
vt 0.261958 0.339789
vt 0.236567 0.315223
vt 0.282773 0.351299
vt 0.287282 0.315274
vt 0.287311 0.339817
vt 0.261890 0.290708
vt 0.287252 0.290731
vt 0.261857 0.266168
vt 0.287223 0.266189
vt 0.236529 0.290685
vt 0.236491 0.266147
vt 0.261823 0.241628
vt 0.236453 0.241609
vt 0.261789 0.217087
vt 0.236415 0.217071
vt 0.287193 0.241646
vt 0.287164 0.217103
vt 0.287134 0.192561
vt 0.261755 0.192547
vt 0.287105 0.168018
vt 0.236377 0.192533
vt 0.261722 0.168007
vt 0.236339 0.167995
vt 0.261688 0.143466
vt 0.236301 0.143457
vt 0.261654 0.118926
vt 0.236263 0.118919
vt 0.287075 0.143476
vt 0.287045 0.118933
vt 0.287016 0.094390
vt 0.312411 0.094395
vt 0.312437 0.118940
vt 0.312386 0.069850
vt 0.312361 0.045305
vt 0.337807 0.094400
vt 0.337786 0.069852
vt 0.337765 0.045305
vt 0.363203 0.094404
vt 0.363186 0.069855
vt 0.363169 0.045305
vt 0.388586 0.069857
vt 0.388598 0.094409
vt 0.388573 0.045305
vt 0.413994 0.094414
vt 0.413985 0.069859
vt 0.413977 0.045305
vt 0.439389 0.094418
vt 0.439385 0.069862
vt 0.439380 0.045305
vt 0.464785 0.069864
vt 0.464785 0.094423
vt 0.464785 0.045305
vt 0.555250 0.069868
vt 0.529815 0.094423
vt 0.529828 0.069864
vt 0.555245 0.045305
vt 0.529841 0.045305
vt 0.555263 0.118993
vt 0.555256 0.094431
vt 0.439394 0.118975
vt 0.464785 0.118982
vt 0.555269 0.143556
vt 0.529804 0.118982
vt 0.464785 0.143541
vt 0.439402 0.168088
vt 0.464785 0.168099
vt 0.529779 0.168099
vt 0.529791 0.143541
vt 0.580772 0.168138
vt 0.580747 0.143571
vt 0.580722 0.119005
vt 0.580797 0.192704
vt 0.555275 0.168119
vt 0.555282 0.192681
vt 0.580821 0.217271
vt 0.555288 0.217244
vt 0.529767 0.192658
vt 0.580846 0.241837
vt 0.555294 0.241807
vt 0.529754 0.217217
vt 0.580870 0.266404
vt 0.529729 0.266335
vt 0.529742 0.241776
vt 0.580896 0.290970
vt 0.555300 0.266369
vt 0.555307 0.290932
vt 0.464785 0.266335
vt 0.439415 0.241757
vt 0.464785 0.241776
vt 0.439423 0.290870
vt 0.464785 0.290894
vt 0.439427 0.315427
vt 0.464785 0.315452
vt 0.529705 0.315453
vt 0.529718 0.290894
vt 0.555312 0.315495
vt 0.529693 0.340011
vt 0.439431 0.339983
vt 0.464785 0.340011
vt 0.414078 0.339956
vt 0.414070 0.315401
vt 0.388725 0.339928
vt 0.388712 0.315376
vt 0.414061 0.290847
vt 0.363355 0.315350
vt 0.388700 0.290824
vt 0.363371 0.339900
vt 0.337997 0.315325
vt 0.337976 0.290778
vt 0.363338 0.290801
vt 0.338018 0.339872
vt 0.312639 0.315299
vt 0.312614 0.290755
vt 0.312665 0.339844
vt 0.337955 0.266230
vt 0.312589 0.266210
vt 0.337934 0.241683
vt 0.312563 0.241665
vt 0.312538 0.217120
vt 0.337913 0.217136
vt 0.312513 0.192575
vt 0.337891 0.192589
vt 0.312487 0.168030
vt 0.337870 0.168041
vt 0.312462 0.143485
vt 0.337849 0.143494
vt 0.337828 0.118947
vt 0.363236 0.143503
vt 0.363219 0.118954
vt 0.388623 0.143513
vt 0.388611 0.118961
vt 0.414010 0.143522
vt 0.414002 0.118968
vt 0.439398 0.143531
vt 0.414019 0.168076
vt 0.414028 0.192630
vt 0.388636 0.168065
vt 0.439406 0.192644
vt 0.388649 0.192616
vt 0.363253 0.168053
vt 0.363270 0.192603
vt 0.363287 0.217152
vt 0.388662 0.217168
vt 0.363304 0.241702
vt 0.388674 0.241720
vt 0.414036 0.217185
vt 0.414045 0.241739
vt 0.439411 0.217201
vt 0.464785 0.217217
vt 0.464785 0.192658
vt 0.414053 0.266293
vt 0.439419 0.266314
vt 0.388687 0.266272
vt 0.363321 0.266251
vt 0.328892 0.350788
vt 0.305833 0.351044
vt 0.301226 0.365321
vt 0.279719 0.364898
vt 0.322733 0.365745
vt 0.344239 0.366169
vt 0.351951 0.350532
vt 0.365746 0.366592
vt 0.375011 0.350276
vt 0.387253 0.367016
vt 0.398070 0.350020
vt 0.408760 0.367439
vt 0.421130 0.349765
vt 0.430267 0.367863
vt 0.444189 0.349509
vt 0.383061 0.813066
vt 0.403242 0.799255
vt 0.398723 0.816705
vt 0.367090 0.814886
vt 0.388246 0.796313
vt 0.407661 0.781754
vt 0.372992 0.797759
vt 0.393374 0.779548
vt 0.681923 0.797759
vt 0.671854 0.813066
vt 0.666820 0.796303
vt 0.676021 0.780632
vt 0.661786 0.779540
vt 0.670120 0.763504
vt 0.656752 0.762777
vt 0.384795 0.763504
vt 0.378893 0.780632
vt 0.390696 0.746377
vt 0.398502 0.762782
vt 0.664218 0.746377
vt 0.651718 0.746013
vt 0.658316 0.729250
vt 0.646684 0.729250
vt 0.396598 0.729250
vt 0.403630 0.746016
vt 0.416500 0.746751
vt 0.412081 0.764252
vt 0.408759 0.729250
vt 0.413504 0.711498
vt 0.420919 0.727114
vt 0.408758 0.727114
vt 0.401642 0.711397
vt 0.396598 0.727114
vt 0.414123 0.709410
vt 0.425219 0.711466
vt 0.402499 0.709410
vt 0.652416 0.709410
vt 0.641967 0.711507
vt 0.641320 0.709410
vt 0.653294 0.711351
vt 0.646685 0.727114
vt 0.630798 0.711452
vt 0.630224 0.709410
vt 0.635053 0.727114
vt 0.619622 0.711474
vt 0.619129 0.709410
vt 0.623421 0.727114
vt 0.608452 0.711476
vt 0.608033 0.709410
vt 0.611789 0.727114
vt 0.597294 0.711475
vt 0.596937 0.709410
vt 0.600157 0.727114
vt 0.586174 0.711457
vt 0.585842 0.709410
vt 0.588525 0.727114
vt 0.574956 0.711484
vt 0.574746 0.709410
vt 0.576893 0.727114
vt 0.563862 0.711463
vt 0.563650 0.709410
vt 0.565261 0.727114
vt 0.552682 0.711466
vt 0.552554 0.709410
vt 0.553629 0.727114
vt 0.541520 0.711468
vt 0.541459 0.709410
vt 0.541997 0.727114
vt 0.530376 0.711466
vt 0.530363 0.709410
vt 0.530365 0.727114
vt 0.518689 0.711482
vt 0.518204 0.727114
vt 0.518739 0.709410
vt 0.507115 0.709410
vt 0.506968 0.711464
vt 0.506044 0.727114
vt 0.495491 0.709410
vt 0.495301 0.711468
vt 0.493883 0.727114
vt 0.483867 0.709410
vt 0.483624 0.711462
vt 0.481722 0.727114
vt 0.472243 0.709410
vt 0.471895 0.711473
vt 0.469562 0.727114
vt 0.460619 0.709410
vt 0.460297 0.711483
vt 0.457401 0.727114
vt 0.448995 0.709410
vt 0.448529 0.711453
vt 0.445240 0.727114
vt 0.437371 0.709410
vt 0.436880 0.711475
vt 0.433080 0.727114
vt 0.425747 0.709410
vt 0.420919 0.729250
vt 0.429094 0.748234
vt 0.433080 0.729250
vt 0.441473 0.750074
vt 0.425107 0.767219
vt 0.437705 0.770898
vt 0.453773 0.752022
vt 0.450146 0.774795
vt 0.445240 0.729250
vt 0.466108 0.753924
vt 0.462655 0.778598
vt 0.457401 0.729250
vt 0.478557 0.755660
vt 0.475391 0.782069
vt 0.469562 0.729250
vt 0.491163 0.757119
vt 0.488443 0.784987
vt 0.481722 0.729250
vt 0.503937 0.758186
vt 0.501830 0.787122
vt 0.493883 0.729250
vt 0.516832 0.758805
vt 0.515459 0.788360
vt 0.506043 0.729250
vt 0.529202 0.788661
vt 0.518204 0.729250
vt 0.529783 0.758956
vt 0.530365 0.729250
vt 0.542315 0.758805
vt 0.542632 0.788360
vt 0.542950 0.817914
vt 0.528620 0.818366
vt 0.514087 0.817915
vt 0.543268 0.847469
vt 0.528039 0.848072
vt 0.512714 0.847470
vt 0.497616 0.844993
vt 0.499723 0.816057
vt 0.483004 0.840725
vt 0.485724 0.812856
vt 0.469061 0.834888
vt 0.472226 0.808479
vt 0.455748 0.827947
vt 0.459202 0.803273
vt 0.442890 0.820339
vt 0.446518 0.797567
vt 0.430170 0.812546
vt 0.433938 0.791722
vt 0.417135 0.805187
vt 0.421122 0.786203
vt 0.413052 0.824104
vt 0.426323 0.833310
vt 0.420774 0.388936
vt 0.400328 0.387535
vt 0.414104 0.411086
vt 0.394404 0.408590
vt 0.409476 0.433757
vt 0.390296 0.430107
vt 0.439201 0.843066
vt 0.387854 0.451897
vt 0.406722 0.456733
vt 0.452249 0.852591
vt 0.386882 0.473808
vt 0.405622 0.479846
vt 0.465863 0.861282
vt 0.387473 0.495733
vt 0.406281 0.502975
vt 0.480261 0.868585
vt 0.389819 0.517529
vt 0.408913 0.525959
vt 0.495493 0.873926
vt 0.394259 0.538970
vt 0.413903 0.548545
vt 0.511328 0.877024
vt 0.401433 0.559595
vt 0.421967 0.570212
vt 0.527457 0.877777
vt 0.395588 0.580222
vt 0.380715 0.567980
vt 0.593540 0.566208
vt 0.598820 0.580223
vt 0.572622 0.570211
vt 0.580685 0.548542
vt 0.600701 0.544986
vt 0.543586 0.877024
vt 0.585668 0.525952
vt 0.605125 0.522945
vt 0.559422 0.873925
vt 0.558263 0.844990
vt 0.557105 0.816055
vt 0.572775 0.840718
vt 0.574653 0.868585
vt 0.570896 0.812851
vt 0.586619 0.834875
vt 0.589051 0.861282
vt 0.588291 0.502966
vt 0.607451 0.500551
vt 0.588937 0.479833
vt 0.608020 0.478027
vt 0.587826 0.456719
vt 0.607027 0.455519
vt 0.602666 0.852591
vt 0.604561 0.433133
vt 0.585059 0.433742
vt 0.599837 0.827923
vt 0.615714 0.843066
vt 0.584188 0.808469
vt 0.597009 0.803255
vt 0.612602 0.820303
vt 0.609491 0.797540
vt 0.625231 0.812498
vt 0.628592 0.833310
vt 0.621871 0.791686
vt 0.638174 0.805133
vt 0.641862 0.824103
vt 0.600429 0.411020
vt 0.580417 0.411072
vt 0.594481 0.389372
vt 0.573731 0.388925
vt 0.586025 0.368684
vt 0.564225 0.367855
vt 0.656191 0.816704
vt 0.573635 0.350421
vt 0.550292 0.349507
vt 0.651963 0.799213
vt 0.634486 0.786162
vt 0.647736 0.781722
vt 0.630797 0.767191
vt 0.643508 0.764232
vt 0.639280 0.746741
vt 0.627109 0.748221
vt 0.635052 0.729250
vt 0.623420 0.729250
vt 0.615149 0.750062
vt 0.618510 0.770874
vt 0.611788 0.729250
vt 0.603268 0.752013
vt 0.606380 0.774776
vt 0.600156 0.729250
vt 0.594181 0.778586
vt 0.591353 0.753918
vt 0.581756 0.782063
vt 0.579324 0.755656
vt 0.576892 0.729250
vt 0.588524 0.729250
vt 0.567139 0.757117
vt 0.569018 0.784984
vt 0.565261 0.729250
vt 0.554787 0.758185
vt 0.555946 0.787120
vt 0.553629 0.729250
vt 0.541997 0.729250
vt 0.555319 0.340057
vt 0.596977 0.351335
vt 0.580944 0.340103
vt 0.580920 0.315537
vt 0.606570 0.340149
vt 0.606527 0.315579
vt 0.606484 0.291009
vt 0.606441 0.266438
vt 0.632134 0.315621
vt 0.632073 0.291047
vt 0.632011 0.266473
vt 0.606398 0.241868
vt 0.631950 0.241898
vt 0.606354 0.217297
vt 0.631888 0.217324
vt 0.606312 0.192727
vt 0.631826 0.192750
vt 0.606268 0.168157
vt 0.631765 0.168176
vt 0.631703 0.143602
vt 0.606225 0.143586
vt 0.631641 0.119028
vt 0.606182 0.119016
vt 0.631579 0.094453
vt 0.606138 0.094446
vt 0.580697 0.094438
vt 0.580673 0.069872
vt 0.606095 0.069875
vt 0.580649 0.045305
vt 0.606053 0.045305
vt 0.631518 0.069879
vt 0.631456 0.045305
vt 0.656940 0.069883
vt 0.656860 0.045305
vt 0.657020 0.094461
vt 0.682461 0.094469
vt 0.657101 0.119039
vt 0.682363 0.069887
vt 0.682560 0.119051
vt 0.657181 0.143617
vt 0.682659 0.143632
vt 0.657261 0.168195
vt 0.682856 0.192796
vt 0.682757 0.168214
vt 0.657341 0.192773
vt 0.682955 0.217378
vt 0.657421 0.217351
vt 0.683053 0.241960
vt 0.657502 0.241929
vt 0.683152 0.266541
vt 0.657581 0.266507
vt 0.683251 0.291123
vt 0.657662 0.291085
vt 0.657742 0.315663
vt 0.683448 0.340287
vt 0.683349 0.315705
vt 0.632196 0.340195
vt 0.667005 0.354077
vt 0.657822 0.340241
vt 0.643662 0.353163
vt 0.690348 0.354990
vt 0.673226 0.371998
vt 0.651425 0.371170
vt 0.695026 0.372827
vt 0.677479 0.391161
vt 0.656729 0.390714
vt 0.698228 0.391608
vt 0.680478 0.410811
vt 0.660466 0.410864
vt 0.700491 0.410759
vt 0.682570 0.430697
vt 0.663067 0.431306
vt 0.702072 0.430088
vt 0.683828 0.450719
vt 0.664628 0.451919
vt 0.703433 0.468996
vt 0.703028 0.449519
vt 0.684350 0.470802
vt 0.703251 0.488478
vt 0.684091 0.490893
vt 0.665267 0.472608
vt 0.702410 0.507910
vt 0.682953 0.510917
vt 0.664931 0.493307
vt 0.700783 0.527207
vt 0.680767 0.530763
vt 0.663496 0.513924
vt 0.698130 0.546192
vt 0.677212 0.550195
vt 0.660750 0.534318
vt 0.669509 0.564351
vt 0.656294 0.554198
vt 0.687578 0.561430
vt 0.719048 0.542188
vt 0.705654 0.558612
vt 0.720800 0.523651
vt 0.741809 0.553146
vt 0.723731 0.555857
vt 0.739966 0.538185
vt 0.740816 0.520095
vt 0.721868 0.504903
vt 0.741325 0.501895
vt 0.722411 0.486064
vt 0.741571 0.483649
vt 0.722515 0.467189
vt 0.741598 0.465383
vt 0.722229 0.448319
vt 0.741429 0.447119
vt 0.721574 0.429478
vt 0.741076 0.428869
vt 0.740515 0.410655
vt 0.720503 0.410707
vt 0.739727 0.392503
vt 0.718978 0.392056
vt 0.738626 0.374484
vt 0.716826 0.373655
vt 0.737033 0.356819
vt 0.713690 0.355905
vt 0.734700 0.340379
vt 0.709074 0.340333
vt 0.734564 0.315789
vt 0.708956 0.315747
vt 0.734428 0.291200
vt 0.708840 0.291162
vt 0.734293 0.266610
vt 0.708722 0.266576
vt 0.734157 0.242021
vt 0.708605 0.241990
vt 0.734021 0.217431
vt 0.708488 0.217405
vt 0.733886 0.192842
vt 0.708371 0.192819
vt 0.708254 0.168233
vt 0.733750 0.168253
vt 0.708137 0.143648
vt 0.733615 0.143663
vt 0.733479 0.119074
vt 0.708019 0.119062
vt 0.707902 0.094476
vt 0.733343 0.094484
vt 0.707785 0.069891
vt 0.733208 0.069895
vt 0.733072 0.045305
vt 0.707668 0.045305
vt 0.682264 0.045305
vt 0.758630 0.069899
vt 0.758476 0.045305
vt 0.783880 0.045360
vt 0.784012 0.069950
vt 0.758784 0.094492
vt 0.784145 0.094539
vt 0.809505 0.094587
vt 0.809394 0.070001
vt 0.809284 0.045416
vt 0.834866 0.094633
vt 0.834777 0.070051
vt 0.834688 0.045470
vt 0.860159 0.070103
vt 0.860226 0.094680
vt 0.860092 0.045525
vt 0.885541 0.070153
vt 0.885587 0.094727
vt 0.885496 0.045579
vt 0.910923 0.070204
vt 0.910948 0.094774
vt 0.910900 0.045634
vt 0.936305 0.070255
vt 0.936308 0.094822
vt 0.936303 0.045689
vt 0.961669 0.094868
vt 0.961688 0.070306
vt 0.961708 0.045743
vt 0.987029 0.094916
vt 0.987070 0.070357
vt 0.987111 0.045798
vt 0.032918 0.045305
vt 0.007514 0.069864
vt 0.007514 0.045305
vt 0.032922 0.069862
vt 0.007514 0.094423
vt 0.032926 0.094418
vt 0.007514 0.118982
vt 0.986988 0.119475
vt 0.032931 0.118975
vt 0.007514 0.143541
vt 0.986949 0.144033
vt 0.961649 0.119431
vt 0.936314 0.143955
vt 0.961631 0.143994
vt 0.910996 0.143915
vt 0.936310 0.119388
vt 0.910972 0.119345
vt 0.885679 0.143875
vt 0.885633 0.119301
vt 0.860362 0.143836
vt 0.860294 0.119258
vt 0.835045 0.143797
vt 0.834955 0.119215
vt 0.809727 0.143758
vt 0.784410 0.143718
vt 0.809616 0.119172
vt 0.784277 0.119129
vt 0.759092 0.143678
vt 0.758938 0.119085
vt 0.759247 0.168272
vt 0.784542 0.168308
vt 0.759401 0.192865
vt 0.784675 0.192897
vt 0.809838 0.168343
vt 0.809949 0.192929
vt 0.835134 0.168378
vt 0.835223 0.192960
vt 0.860429 0.168414
vt 0.860497 0.192992
vt 0.885725 0.168449
vt 0.885770 0.193024
vt 0.911044 0.193056
vt 0.911020 0.168485
vt 0.936316 0.168521
vt 0.936318 0.193087
vt 0.961612 0.168556
vt 0.961592 0.193119
vt 0.986866 0.193151
vt 0.986908 0.168592
vt 0.032943 0.192644
vt 0.007514 0.168099
vt 0.032939 0.168088
vt 0.032935 0.143531
vt 0.032948 0.217201
vt 0.007514 0.192658
vt 0.961573 0.217681
vt 0.986825 0.217710
vt 0.032952 0.241757
vt 0.007514 0.217217
vt 0.961555 0.242244
vt 0.986786 0.242268
vt 0.936324 0.242220
vt 0.936321 0.217654
vt 0.911094 0.242196
vt 0.911068 0.217626
vt 0.885863 0.242172
vt 0.885816 0.217598
vt 0.860632 0.242148
vt 0.860564 0.217570
vt 0.835401 0.242124
vt 0.835312 0.217542
vt 0.810171 0.242100
vt 0.810059 0.217514
vt 0.784940 0.242076
vt 0.784807 0.217486
vt 0.759555 0.217458
vt 0.759709 0.242052
vt 0.785072 0.266665
vt 0.759863 0.266645
vt 0.760017 0.291238
vt 0.785204 0.291255
vt 0.810392 0.291271
vt 0.810281 0.266685
vt 0.835580 0.291287
vt 0.835490 0.266706
vt 0.860767 0.291304
vt 0.860699 0.266726
vt 0.885954 0.291320
vt 0.885908 0.266746
vt 0.911117 0.266766
vt 0.911142 0.291337
vt 0.936326 0.266787
vt 0.936329 0.291353
vt 0.961536 0.266807
vt 0.961517 0.291369
vt 0.986745 0.266827
vt 0.986704 0.291386
vt 0.032960 0.290870
vt 0.007514 0.266335
vt 0.032956 0.266314
vt 0.007514 0.241776
vt 0.986663 0.315945
vt 0.032964 0.315427
vt 0.007514 0.290894
vt 0.007514 0.340011
vt 0.007514 0.315452
vt 0.986623 0.340503
vt 0.961497 0.315932
vt 0.936334 0.340486
vt 0.961479 0.340494
vt 0.936332 0.315919
vt 0.911190 0.340477
vt 0.911166 0.315907
vt 0.886046 0.340468
vt 0.886000 0.315894
vt 0.860902 0.340460
vt 0.860834 0.315882
vt 0.835758 0.340451
vt 0.810503 0.315857
vt 0.835669 0.315869
vt 0.810614 0.340442
vt 0.785337 0.315844
vt 0.760325 0.340425
vt 0.785470 0.340433
vt 0.760171 0.315831
vt 0.783223 0.356868
vt 0.760376 0.358039
vt 0.781716 0.374530
vt 0.760427 0.375653
vt 0.803005 0.373748
vt 0.806070 0.356004
vt 0.824295 0.372966
vt 0.828918 0.355140
vt 0.845584 0.372184
vt 0.851766 0.354276
vt 0.866874 0.371402
vt 0.874613 0.353411
vt 0.888164 0.370620
vt 0.897460 0.352547
vt 0.909453 0.369838
vt 0.920308 0.351683
vt 0.930743 0.369056
vt 0.943156 0.350819
vt 0.952032 0.368274
vt 0.966003 0.349954
vt 0.040047 0.796314
vt 0.050524 0.816704
vt 0.034862 0.813066
vt 0.024792 0.797759
vt 0.018891 0.814886
vt 0.045175 0.779548
vt 0.055043 0.799255
vt 0.030694 0.780632
vt 0.333724 0.797759
vt 0.323655 0.813066
vt 0.318621 0.796303
vt 0.313587 0.779540
vt 0.036596 0.763505
vt 0.321921 0.763504
vt 0.308553 0.762776
vt 0.299537 0.781723
vt 0.303764 0.799213
vt 0.295309 0.764232
vt 0.291081 0.746741
vt 0.316019 0.746377
vt 0.303519 0.746013
vt 0.298486 0.729250
vt 0.286854 0.729250
vt 0.310118 0.729250
vt 0.048398 0.729250
vt 0.055431 0.746016
vt 0.042497 0.746377
vt 0.050303 0.762782
vt 0.053320 0.711331
vt 0.060559 0.727114
vt 0.048398 0.727114
vt 0.305103 0.711366
vt 0.298486 0.727114
vt 0.293714 0.711423
vt 0.304216 0.709410
vt 0.293120 0.709410
vt 0.054300 0.709410
vt 0.065358 0.711432
vt 0.282551 0.711421
vt 0.282025 0.709410
vt 0.286854 0.727114
vt 0.271398 0.711430
vt 0.270929 0.709410
vt 0.275222 0.727114
vt 0.260283 0.711394
vt 0.259833 0.709410
vt 0.263590 0.727114
vt 0.249045 0.711444
vt 0.248738 0.709410
vt 0.251958 0.727114
vt 0.237985 0.711419
vt 0.237642 0.709410
vt 0.240326 0.727114
vt 0.226787 0.711410
vt 0.226547 0.709410
vt 0.228694 0.727114
vt 0.215621 0.711416
vt 0.215451 0.709410
vt 0.217062 0.727114
vt 0.204489 0.711421
vt 0.204356 0.709410
vt 0.205430 0.727114
vt 0.193324 0.711419
vt 0.193260 0.709410
vt 0.193798 0.727114
vt 0.182162 0.711422
vt 0.182164 0.709410
vt 0.182166 0.727114
vt 0.170482 0.711415
vt 0.170005 0.727114
vt 0.170540 0.709410
vt 0.158916 0.709410
vt 0.158795 0.711416
vt 0.157845 0.727114
vt 0.147292 0.709410
vt 0.147099 0.711419
vt 0.145684 0.727114
vt 0.135668 0.709410
vt 0.135441 0.711422
vt 0.133523 0.727114
vt 0.124044 0.709410
vt 0.123729 0.711415
vt 0.121363 0.727114
vt 0.112420 0.709410
vt 0.112065 0.711421
vt 0.109202 0.727114
vt 0.100796 0.709410
vt 0.100375 0.711421
vt 0.097041 0.727114
vt 0.089172 0.709410
vt 0.088693 0.711423
vt 0.084881 0.727114
vt 0.077548 0.709410
vt 0.076994 0.711417
vt 0.072720 0.727114
vt 0.065924 0.709410
vt 0.072720 0.729250
vt 0.080895 0.748234
vt 0.068301 0.746751
vt 0.060559 0.729250
vt 0.076909 0.767219
vt 0.063882 0.764253
vt 0.093274 0.750074
vt 0.089506 0.770898
vt 0.084881 0.729250
vt 0.105574 0.752022
vt 0.101947 0.774795
vt 0.097041 0.729250
vt 0.117909 0.753924
vt 0.114456 0.778598
vt 0.109202 0.729250
vt 0.130358 0.755660
vt 0.127193 0.782069
vt 0.121363 0.729250
vt 0.142964 0.757119
vt 0.140245 0.784987
vt 0.133523 0.729250
vt 0.155738 0.758186
vt 0.153631 0.787121
vt 0.145684 0.729250
vt 0.168633 0.758805
vt 0.167260 0.788360
vt 0.157845 0.729250
vt 0.181003 0.788661
vt 0.170006 0.729250
vt 0.181585 0.758955
vt 0.182166 0.729250
vt 0.194116 0.758805
vt 0.194434 0.788360
vt 0.194751 0.817914
vt 0.180421 0.818366
vt 0.165888 0.817915
vt 0.195069 0.847469
vt 0.179840 0.848072
vt 0.164515 0.847470
vt 0.149417 0.844993
vt 0.151524 0.816057
vt 0.134805 0.840725
vt 0.137525 0.812856
vt 0.120862 0.834888
vt 0.124027 0.808479
vt 0.107549 0.827947
vt 0.111003 0.803273
vt 0.094691 0.820339
vt 0.098319 0.797567
vt 0.081971 0.812546
vt 0.085739 0.791722
vt 0.068936 0.805187
vt 0.072922 0.786203
vt 0.059462 0.781754
vt 0.064853 0.824104
vt 0.078124 0.833310
vt 0.942480 0.389323
vt 0.922258 0.389726
vt 0.935746 0.411455
vt 0.916277 0.411360
vt 0.931056 0.434115
vt 0.912114 0.433465
vt 0.091002 0.843066
vt 0.928238 0.457086
vt 0.909615 0.455845
vt 0.104050 0.852592
vt 0.908589 0.478351
vt 0.927078 0.480198
vt 0.117664 0.861282
vt 0.909125 0.500876
vt 0.927674 0.503331
vt 0.132062 0.868585
vt 0.911418 0.523275
vt 0.930248 0.526323
vt 0.147294 0.873925
vt 0.915811 0.545325
vt 0.935183 0.548923
vt 0.163129 0.877024
vt 0.922941 0.566563
vt 0.943198 0.570611
vt 0.179258 0.877777
vt 0.058396 0.548545
vt 0.071091 0.559595
vt 0.050332 0.570212
vt 0.076711 0.580222
vt 0.195387 0.877024
vt 0.916978 0.580566
vt 0.900391 0.575228
vt 0.890759 0.590520
vt 0.877841 0.583893
vt 0.091741 0.567977
vt 0.103089 0.590234
vt 0.091850 0.548978
vt 0.107710 0.556058
vt 0.112380 0.576364
vt 0.112609 0.538362
vt 0.124629 0.544698
vt 0.123569 0.563140
vt 0.133368 0.527745
vt 0.142376 0.534081
vt 0.136670 0.551023
vt 0.154127 0.517128
vt 0.160750 0.524300
vt 0.151430 0.540394
vt 0.167436 0.531440
vt 0.201489 0.518163
vt 0.184238 0.524084
vt 0.174121 0.538580
vt 0.188944 0.532856
vt 0.141114 0.654342
vt 0.129981 0.637216
vt 0.141114 0.637216
vt 0.152247 0.637216
vt 0.152247 0.654343
vt 0.220242 0.527537
vt 0.204435 0.529285
vt 0.163379 0.637216
vt 0.163379 0.654343
vt 0.688166 0.838320
vt 0.706369 0.836175
vt 0.690149 0.843062
vt 0.673251 0.849344
vt 0.676153 0.853385
vt 0.711383 0.854038
vt 0.699413 0.859524
vt 0.688598 0.866851
vt 0.724657 0.919402
vt 0.791996 0.930274
vt 0.788948 0.937843
vt 0.792750 0.918296
vt 0.744186 0.966054
vt 0.734691 0.967307
vt 0.725069 0.967707
vt 0.715394 0.967361
vt 0.665148 0.895937
vt 0.671863 0.885828
vt 0.679702 0.876104
vt 0.789907 0.906276
vt 0.753444 0.963926
vt 0.659723 0.906676
vt 0.784223 0.895330
vt 0.762356 0.960926
vt 0.656967 0.918237
vt 0.777254 0.885270
vt 0.770628 0.956605
vt 0.657566 0.929931
vt 0.769178 0.875664
vt 0.777923 0.951046
vt 0.660558 0.937522
vt 0.760110 0.866440
vt 0.784165 0.944802
vt 0.671607 0.950786
vt 0.665193 0.944691
vt 0.749146 0.859095
vt 0.679019 0.956200
vt 0.737033 0.853446
vt 0.687106 0.960937
vt 0.724115 0.851553
vt 0.696188 0.964047
vt 0.705717 0.966146
vt 0.713450 0.985056
vt 0.724645 0.985535
vt 0.712801 0.988358
vt 0.702323 0.983572
vt 0.724669 0.988861
vt 0.381277 0.654343
vt 0.390221 0.637216
vt 0.390221 0.654343
vt 0.372332 0.654343
vt 0.381277 0.637216
vt 0.773857 0.568130
vt 0.782535 0.583216
vt 0.770216 0.583080
vt 0.758892 0.566739
vt 0.757896 0.583018
vt 0.788823 0.569569
vt 0.794852 0.583486
vt 0.399165 0.637216
vt 0.399165 0.654343
vt 0.803786 0.571099
vt 0.807163 0.583944
vt 0.408109 0.654343
vt 0.408109 0.637216
vt 0.689378 0.984100
vt 0.680659 0.977568
vt 0.691369 0.981044
vt 0.700995 0.986768
vt 0.670767 0.972071
vt 0.678015 0.980461
vt 0.661369 0.965621
vt 0.667500 0.974707
vt 0.425998 0.654343
vt 0.417054 0.637215
vt 0.425998 0.637216
vt 0.417054 0.654343
vt 0.833695 0.574616
vt 0.831707 0.586009
vt 0.819458 0.584714
vt 0.818746 0.572753
vt 0.848613 0.576828
vt 0.843818 0.588216
vt 0.434942 0.654343
vt 0.434942 0.637216
vt 0.443886 0.654343
vt 0.443886 0.637216
vt 0.863439 0.579648
vt 0.855292 0.592559
vt 0.865520 0.567648
vt 0.883062 0.571082
vt 0.882426 0.558468
vt 0.902684 0.562515
vt 0.896439 0.541727
vt 0.877066 0.538128
vt 0.892589 0.520227
vt 0.873759 0.517178
vt 0.890576 0.498421
vt 0.872026 0.495966
vt 0.890100 0.476504
vt 0.871612 0.474657
vt 0.890992 0.454604
vt 0.874230 0.432163
vt 0.872369 0.453364
vt 0.893172 0.432814
vt 0.877340 0.411171
vt 0.896809 0.411266
vt 0.881812 0.390532
vt 0.902035 0.390129
vt 0.861590 0.390935
vt 0.857871 0.411076
vt 0.841367 0.391338
vt 0.838403 0.410981
vt 0.855288 0.431513
vt 0.836346 0.430862
vt 0.853745 0.452123
vt 0.835122 0.450882
vt 0.834635 0.470964
vt 0.853123 0.472811
vt 0.834928 0.491055
vt 0.853477 0.493510
vt 0.836100 0.511082
vt 0.854930 0.514130
vt 0.838322 0.530932
vt 0.857694 0.534530
vt 0.841912 0.550372
vt 0.862169 0.554420
vt 0.847932 0.564518
vt 0.830329 0.561563
vt 0.821655 0.546325
vt 0.812720 0.558712
vt 0.801398 0.542277
vt 0.795110 0.555923
vt 0.818949 0.527334
vt 0.799577 0.523736
vt 0.817271 0.508033
vt 0.798441 0.504985
vt 0.816379 0.488600
vt 0.797830 0.486145
vt 0.816146 0.469117
vt 0.797657 0.467270
vt 0.816499 0.449641
vt 0.798462 0.429561
vt 0.797876 0.448400
vt 0.817404 0.430212
vt 0.799465 0.410792
vt 0.818934 0.410887
vt 0.800922 0.392144
vt 0.821144 0.391741
vt 0.780699 0.392547
vt 0.779996 0.410697
vt 0.760478 0.393268
vt 0.760528 0.410882
vt 0.760579 0.428496
vt 0.779520 0.428910
vt 0.760630 0.446110
vt 0.779253 0.447160
vt 0.760681 0.463725
vt 0.779169 0.465423
vt 0.760731 0.481339
vt 0.779280 0.483690
vt 0.760782 0.498953
vt 0.779611 0.501937
vt 0.760833 0.516568
vt 0.780205 0.520137
vt 0.760884 0.534182
vt 0.781141 0.538230
vt 0.759888 0.550460
vt 0.777499 0.553180
vt 0.743693 0.568100
vt 0.745577 0.583053
vt 0.728494 0.569509
vt 0.733257 0.583162
vt 0.354444 0.654343
vt 0.363388 0.637216
vt 0.363388 0.654343
vt 0.372332 0.637216
vt 0.720940 0.583407
vt 0.713297 0.571010
vt 0.345500 0.637216
vt 0.354444 0.637216
vt 0.736546 0.988465
vt 0.747027 0.983734
vt 0.748402 0.987009
vt 0.758043 0.981288
vt 0.760094 0.984438
vt 0.768847 0.977778
vt 0.771567 0.980761
vt 0.779115 0.972612
vt 0.782471 0.975333
vt 0.336555 0.654343
vt 0.345500 0.654343
vt 0.327611 0.654343
vt 0.336555 0.637216
vt 0.708628 0.583838
vt 0.698104 0.572634
vt 0.696332 0.584581
vt 0.682920 0.574466
vt 0.684080 0.585849
vt 0.667768 0.576648
vt 0.318667 0.654343
vt 0.327611 0.637216
vt 0.309723 0.654343
vt 0.318667 0.637216
vt 0.671965 0.588031
vt 0.652711 0.579439
vt 0.660481 0.592349
vt 0.638098 0.583648
vt 0.300778 0.654343
vt 0.309723 0.637216
vt 0.792385 0.968197
vt 0.796876 0.957990
vt 0.801359 0.960046
vt 0.803682 0.949073
vt 0.808551 0.950805
vt 0.808501 0.939046
vt 0.813784 0.940457
vt 0.810768 0.922997
vt 0.815986 0.923472
vt 0.274706 0.654343
vt 0.263574 0.637215
vt 0.274707 0.637215
vt 0.291834 0.654343
vt 0.300778 0.637216
vt 0.651215 0.600245
vt 0.625017 0.590234
vt 0.359997 0.576366
vt 0.342831 0.600245
vt 0.339280 0.584751
vt 0.348880 0.563140
vt 0.332871 0.570220
vt 0.263574 0.654343
vt 0.252441 0.637216
vt 0.252441 0.654343
vt 0.241309 0.637216
vt 0.335847 0.551019
vt 0.323587 0.557349
vt 0.321154 0.540386
vt 0.311815 0.546707
vt 0.241308 0.654342
vt 0.230176 0.637216
vt 0.806754 0.890675
vt 0.808309 0.907324
vt 0.802023 0.892284
vt 0.797635 0.875825
vt 0.793522 0.878202
vt 0.783540 0.865342
vt 0.786934 0.862200
vt 0.772109 0.853005
vt 0.774896 0.849006
vt 0.230176 0.654343
vt 0.219043 0.637216
vt 0.207910 0.654342
vt 0.219043 0.654343
vt 0.305217 0.531429
vt 0.298177 0.538580
vt 0.288491 0.524075
vt 0.283354 0.532856
vt 0.271319 0.518155
vt 0.267863 0.529286
vt 0.196778 0.637216
vt 0.207910 0.637216
vt 0.252056 0.527537
vt 0.196777 0.654343
vt 0.185645 0.637216
vt 0.758018 0.843069
vt 0.759886 0.838448
vt 0.741908 0.836511
vt 0.742779 0.831452
vt 0.724250 0.833273
vt 0.724278 0.827758
vt 0.705479 0.830977
vt 0.174512 0.654343
vt 0.185645 0.654343
vt 0.174512 0.637216
vt 0.236149 0.527293
vt 0.253936 0.513451
vt 0.218953 0.513455
vt 0.236487 0.509749
vt 0.274774 0.507025
vt 0.278230 0.495895
vt 0.293627 0.515293
vt 0.298764 0.506511
vt 0.276399 0.481526
vt 0.296042 0.491100
vt 0.275250 0.466949
vt 0.294345 0.475379
vt 0.274626 0.452281
vt 0.293434 0.459523
vt 0.274440 0.437579
vt 0.293180 0.443617
vt 0.274645 0.422881
vt 0.293513 0.427717
vt 0.275217 0.408213
vt 0.294397 0.411862
vt 0.276206 0.393613
vt 0.295906 0.396109
vt 0.277649 0.379132
vt 0.298095 0.380532
vt 0.315605 0.398605
vt 0.318542 0.381933
vt 0.335305 0.401101
vt 0.338988 0.383334
vt 0.355005 0.403597
vt 0.359435 0.384734
vt 0.374705 0.406094
vt 0.379881 0.386135
vt 0.371116 0.426458
vt 0.351936 0.422809
vt 0.350117 0.442225
vt 0.368985 0.447061
vt 0.349401 0.461731
vt 0.368142 0.467770
vt 0.349857 0.481249
vt 0.368665 0.488491
vt 0.351629 0.500669
vt 0.370724 0.509099
vt 0.354972 0.519822
vt 0.374616 0.529396
vt 0.360366 0.538361
vt 0.380899 0.548978
vt 0.364890 0.556059
vt 0.348106 0.544690
vt 0.369210 0.590234
vt 0.339832 0.527745
vt 0.330493 0.534065
vt 0.319298 0.517128
vt 0.312257 0.524279
vt 0.335329 0.510248
vt 0.315686 0.500674
vt 0.332535 0.492239
vt 0.313440 0.483809
vt 0.331050 0.474007
vt 0.312242 0.466765
vt 0.330661 0.455693
vt 0.311921 0.449655
vt 0.331249 0.437389
vt 0.312381 0.432553
vt 0.332756 0.419160
vt 0.313577 0.415511
vt 0.813400 0.906673
vt 0.615715 0.574948
vt 0.633456 0.570846
vt 0.614458 0.562205
vt 0.635376 0.558202
vt 0.651456 0.567447
vt 0.620717 0.541430
vt 0.640734 0.537874
vt 0.644039 0.516931
vt 0.624582 0.519938
vt 0.626611 0.498137
vt 0.645771 0.495722
vt 0.627102 0.476221
vt 0.646185 0.474415
vt 0.626227 0.454319
vt 0.645427 0.453119
vt 0.643565 0.431915
vt 0.624063 0.432524
vt 0.640453 0.410916
vt 0.620441 0.410968
vt 0.635980 0.390267
vt 0.615230 0.389819
vt 0.629625 0.370341
vt 0.607825 0.369513
vt 0.620320 0.352249
vt 0.788447 0.965829
vt 0.735851 0.985131
vt 0.864540 0.600476
vt 0.452831 0.654343
vt 0.452831 0.637215
vt 0.074318 0.654343
vt 0.085450 0.637215
vt 0.085450 0.654343
vt 0.129468 0.600245
vt 0.633965 0.923918
vt 0.641394 0.939131
vt 0.636153 0.940514
vt 0.641363 0.950800
vt 0.646181 0.949088
vt 0.639171 0.923428
vt 0.652820 0.958147
vt 0.648405 0.960198
vt 0.657506 0.967959
vt 0.641419 0.908112
vt 0.636323 0.907547
vt 0.647327 0.893179
vt 0.642575 0.891682
vt 0.096583 0.654343
vt 0.107716 0.637216
vt 0.107716 0.654342
vt 0.096583 0.637216
vt 0.139428 0.570221
vt 0.133020 0.584752
vt 0.148711 0.557349
vt 0.118849 0.637216
vt 0.118849 0.654343
vt 0.160484 0.546707
vt 0.129981 0.654343
vt 0.661496 0.862815
vt 0.655398 0.879011
vt 0.651230 0.876706
vt 0.664984 0.865941
vt 0.137825 0.510248
vt 0.157683 0.500674
vt 0.159872 0.483809
vt 0.140575 0.492239
vt 0.121277 0.500669
vt 0.117968 0.519822
vt 0.101980 0.509099
vt 0.098111 0.529396
vt 0.082683 0.517529
vt 0.078253 0.538971
vt 0.063386 0.525959
vt 0.085017 0.495734
vt 0.104016 0.488492
vt 0.066018 0.502976
vt 0.210064 0.844990
vt 0.226454 0.868585
vt 0.211222 0.873926
vt 0.208906 0.816055
vt 0.224576 0.840718
vt 0.222697 0.812851
vt 0.238420 0.834875
vt 0.240852 0.861282
vt 0.235989 0.808469
vt 0.251638 0.827923
vt 0.254466 0.852591
vt 0.066676 0.479846
vt 0.085597 0.473808
vt 0.065577 0.456733
vt 0.084614 0.451897
vt 0.062824 0.433757
vt 0.082161 0.430107
vt 0.267515 0.843066
vt 0.078041 0.408590
vt 0.058195 0.411086
vt 0.264403 0.820303
vt 0.280392 0.833310
vt 0.248810 0.803255
vt 0.261292 0.797540
vt 0.277032 0.812498
vt 0.273671 0.791686
vt 0.289975 0.805133
vt 0.293663 0.824104
vt 0.286287 0.786162
vt 0.307992 0.816704
vt 0.072106 0.387535
vt 0.051525 0.388936
vt 0.063662 0.367440
vt 0.042031 0.367863
vt 0.051282 0.349764
vt 0.028110 0.349508
vt 0.032969 0.339983
vt 0.074453 0.350020
vt 0.058423 0.339956
vt 0.058415 0.315401
vt 0.083878 0.339928
vt 0.083865 0.315376
vt 0.058406 0.290847
vt 0.083852 0.290824
vt 0.058398 0.266293
vt 0.083840 0.266272
vt 0.058389 0.241739
vt 0.083827 0.241720
vt 0.058381 0.217185
vt 0.083814 0.217168
vt 0.083802 0.192616
vt 0.058372 0.192630
vt 0.083789 0.168065
vt 0.058364 0.168076
vt 0.083776 0.143513
vt 0.058356 0.143522
vt 0.083764 0.118961
vt 0.058347 0.118968
vt 0.083751 0.094409
vt 0.058339 0.094414
vt 0.083738 0.069857
vt 0.058330 0.069859
vt 0.058322 0.045305
vt 0.083726 0.045305
vt 0.109146 0.069855
vt 0.109129 0.045305
vt 0.134554 0.069852
vt 0.109163 0.094404
vt 0.134533 0.045305
vt 0.134576 0.094400
vt 0.109180 0.118954
vt 0.134597 0.118947
vt 0.109197 0.143503
vt 0.134618 0.143494
vt 0.109214 0.168053
vt 0.134639 0.168041
vt 0.109231 0.192603
vt 0.134681 0.217136
vt 0.134660 0.192589
vt 0.109248 0.217152
vt 0.134702 0.241683
vt 0.109265 0.241702
vt 0.134723 0.266230
vt 0.109281 0.266251
vt 0.134744 0.290778
vt 0.109298 0.290801
vt 0.109315 0.315350
vt 0.134766 0.315325
vt 0.109332 0.339900
vt 0.134787 0.339872
vt 0.120796 0.350532
vt 0.097625 0.350276
vt 0.143968 0.350788
vt 0.128553 0.366169
vt 0.106923 0.366592
vt 0.150183 0.365745
vt 0.133850 0.383334
vt 0.113268 0.384734
vt 0.154431 0.381933
vt 0.137578 0.401101
vt 0.117732 0.403597
vt 0.159509 0.415511
vt 0.157424 0.398605
vt 0.120835 0.422809
vt 0.160761 0.432553
vt 0.140172 0.419160
vt 0.141724 0.437389
vt 0.161278 0.449656
vt 0.142358 0.455694
vt 0.122687 0.442225
vt 0.161014 0.466765
vt 0.142015 0.474007
vt 0.123437 0.461732
vt 0.123015 0.481249
vt 0.104517 0.467770
vt 0.103651 0.447061
vt 0.101498 0.426458
vt 0.097887 0.406094
vt 0.092687 0.386135
vt 0.085292 0.367016
vt 0.270311 0.770874
vt 0.282598 0.767192
vt 0.266950 0.750062
vt 0.278910 0.748221
vt 0.275222 0.729250
vt 0.263590 0.729250
vt 0.255069 0.752013
vt 0.258181 0.774776
vt 0.251958 0.729250
vt 0.243154 0.753919
vt 0.245982 0.778587
vt 0.240326 0.729250
vt 0.233557 0.782063
vt 0.231126 0.755656
vt 0.220819 0.784984
vt 0.218940 0.757117
vt 0.217062 0.729250
vt 0.228694 0.729250
vt 0.206589 0.758185
vt 0.207747 0.787120
vt 0.205430 0.729250
vt 0.193798 0.729250
vt 0.276433 0.992664
vt 0.262367 0.982077
vt 0.277770 0.988882
vt 0.293297 0.992641
vt 0.293609 0.988990
vt 0.279667 0.967679
vt 0.289151 0.968328
vt 0.271348 0.963176
vt 0.292817 0.932821
vt 0.315008 0.921601
vt 0.312429 0.931478
vt 0.318289 0.912698
vt 0.293888 0.905346
vt 0.300708 0.899906
vt 0.307651 0.896307
vt 0.310663 0.941639
vt 0.309166 0.951235
vt 0.315258 0.898203
vt 0.263462 0.947453
vt 0.262777 0.938846
vt 0.265320 0.930570
vt 0.305060 0.959489
vt 0.320106 0.904483
vt 0.271176 0.923809
vt 0.298138 0.965718
vt 0.266987 0.955358
vt 0.278746 0.917691
vt 0.286657 0.911537
vt 0.332097 0.935261
vt 0.334912 0.922560
vt 0.333804 0.935129
vt 0.329653 0.948213
vt 0.336748 0.921366
vt 0.338259 0.908968
vt 0.340404 0.906576
vt 0.339779 0.892443
vt 0.342319 0.888792
vt 0.329145 0.880579
vt 0.331762 0.876616
vt 0.314061 0.874939
vt 0.316439 0.871143
vt 0.299178 0.880036
vt 0.300658 0.876934
vt 0.287182 0.887070
vt 0.287665 0.884614
vt 0.276742 0.894721
vt 0.276322 0.892859
vt 0.266755 0.902454
vt 0.265465 0.901188
vt 0.256766 0.911258
vt 0.254720 0.910657
vt 0.248455 0.922343
vt 0.245789 0.922413
vt 0.244220 0.936235
vt 0.241200 0.937040
vt 0.245262 0.951315
vt 0.242254 0.953009
vt 0.251490 0.967584
vt 0.248504 0.970373
vt 0.259922 0.985606
vt 0.331182 0.949106
vt 0.326687 0.961960
vt 0.328061 0.963859
vt 0.319481 0.974561
vt 0.320480 0.977264
vt 0.307972 0.984170
vt 0.308421 0.987474
vt 0.360481 0.892546
vt 0.373098 0.885226
vt 0.361740 0.895249
vt 0.353981 0.906785
vt 0.355600 0.908553
vt 0.376887 0.907876
vt 0.373792 0.916184
vt 0.382986 0.901674
vt 0.391495 0.931372
vt 0.408257 0.899640
vt 0.415431 0.904981
vt 0.419902 0.912728
vt 0.418654 0.929727
vt 0.413712 0.936774
vt 0.406697 0.942595
vt 0.399320 0.948704
vt 0.380405 0.967327
vt 0.372495 0.968452
vt 0.367152 0.962445
vt 0.367322 0.954220
vt 0.391163 0.898786
vt 0.421027 0.921454
vt 0.386470 0.961866
vt 0.372571 0.925730
vt 0.399522 0.898850
vt 0.371471 0.935877
vt 0.392405 0.955209
vt 0.369269 0.945447
vt 0.404389 0.879285
vt 0.387583 0.879980
vt 0.372429 0.881865
vt 0.387751 0.876294
vt 0.405501 0.875192
vt 0.421790 0.882983
vt 0.436666 0.890306
vt 0.423808 0.879095
vt 0.443934 0.904612
vt 0.433928 0.893319
vt 0.446203 0.919890
vt 0.440828 0.906706
vt 0.442564 0.934723
vt 0.443035 0.921140
vt 0.439669 0.935160
vt 0.434756 0.947363
vt 0.432399 0.947042
vt 0.424017 0.957297
vt 0.422454 0.956306
vt 0.413436 0.966307
vt 0.412690 0.964636
vt 0.403140 0.972970
vt 0.402997 0.975275
vt 0.393156 0.982007
vt 0.392106 0.985125
vt 0.380507 0.990685
vt 0.378463 0.994758
vt 0.363550 0.991831
vt 0.348439 0.984284
vt 0.360963 0.996557
vt 0.350742 0.979930
vt 0.346345 0.966266
vt 0.348457 0.963241
vt 0.347575 0.950445
vt 0.349528 0.948757
vt 0.349742 0.936027
vt 0.351581 0.935528
vt 0.351262 0.921801
vt 0.353063 0.922469
vt 0.236225 0.094381
vt 0.464798 0.033192
vt 0.636823 0.007500
vt 0.992500 0.033192
vt 0.032905 0.007500
vt 0.134527 0.007500
vt 0.687825 0.814886
vt 0.658317 0.727114
vt 0.339625 0.814886
vt 0.327822 0.780632
vt 0.310118 0.727114
vt 0.291834 0.637215
vt 0.074318 0.637215
s 1
usemtl uppr_diff_015_a_whi
f 1/1/1 2/2/2 3/3/3
f 4/4/4 3/3/3 5/5/5
f 6/6/6 1/1/1 7/7/7
f 7/7/7 4/4/4 8/8/8
f 9/9/5 10/10/9 11/11/10
f 10/10/9 12/12/11 11/11/10
f 13/13/12 8/8/8 14/14/13
f 15/15/14 16/16/15 12/12/11
f 17/17/16 15/15/14 10/10/9
f 18/18/17 19/19/18 15/15/14
f 20/20/19 21/21/20 19/19/18
f 19/19/18 22/22/21 16/16/15
f 23/23/22 24/24/23 21/21/20
f 21/21/20 25/25/24 22/22/21
f 26/26/25 27/27/26 24/24/23
f 24/24/23 28/28/27 25/25/24
f 29/29/28 27/27/26 30/30/29
f 31/31/30 28/28/27 27/27/26
f 32/32/31 31/31/30 29/29/28
f 33/33/32 34/34/33 31/31/30
f 35/35/34 33/33/32 32/32/31
f 36/36/35 37/37/36 33/33/32
f 38/38/37 36/36/35 35/35/34
f 39/39/38 40/40/39 36/36/35
f 41/41/40 42/42/41 43/43/38
f 43/43/38 44/44/42 45/45/43
f 46/46/44 47/47/45 42/42/41
f 42/42/41 48/48/46 44/44/42
f 49/49/47 50/50/48 47/47/45
f 47/47/45 51/51/49 48/48/46
f 52/52/50 53/53/51 50/50/48
f 50/50/48 54/54/52 51/51/49
f 53/53/51 55/55/53 56/56/54
f 54/54/52 56/56/54 57/57/55
f 56/56/54 58/58/56 59/59/57
f 57/57/55 59/59/57 60/60/58
f 59/59/57 61/61/59 62/62/60
f 60/60/58 62/62/60 63/63/61
f 62/62/60 64/64/62 65/65/63
f 63/63/61 65/65/63 66/66/64
f 65/65/63 67/67/65 68/68/66
f 66/66/64 68/68/66 69/69/67
f 70/70/68 69/69/67 68/68/66
f 71/71/69 68/68/66 67/67/65
f 72/72/70 70/70/68 71/71/69
f 73/73/71 74/74/72 70/70/68
f 75/75/73 73/73/71 72/72/70
f 76/76/74 77/77/75 73/73/71
f 78/78/76 76/76/74 75/75/73
f 79/79/77 80/80/78 76/76/74
f 78/78/76 81/81/79 79/79/77
f 79/79/77 82/82/80 83/83/81
f 84/84/82 85/85/83 81/81/79
f 85/85/83 82/82/80 81/81/79
f 86/86/84 85/85/83 87/87/85
f 88/88/86 89/89/87 85/85/83
f 90/90/88 88/88/86 86/86/84
f 91/91/89 92/92/90 88/88/86
f 93/93/91 91/91/89 90/90/88
f 94/94/92 95/95/93 91/91/89
f 96/96/91 97/97/94 98/98/95
f 98/98/95 99/99/96 100/100/97
f 97/97/94 101/101/98 102/102/99
f 99/99/96 102/102/99 103/103/100
f 102/102/99 104/104/101 105/105/102
f 102/102/99 106/106/103 103/103/100
f 104/104/101 107/107/104 105/105/102
f 106/106/103 107/107/104 108/108/105
f 109/109/106 110/110/107 107/107/104
f 108/108/105 110/110/107 111/111/108
f 110/110/107 112/112/109 113/113/110
f 111/111/108 113/113/110 114/114/111
f 113/113/110 115/115/112 116/116/113
f 114/114/111 116/116/113 117/117/114
f 116/116/113 118/118/115 119/119/116
f 117/117/114 119/119/116 9/9/5
f 119/119/116 17/17/16 10/10/9
f 120/120/117 121/121/118 122/122/119
f 120/120/117 123/123/120 124/124/121
f 123/123/120 125/125/122 126/126/123
f 122/122/119 127/127/124 125/125/122
f 126/126/123 125/125/122 128/128/125
f 125/125/122 127/127/124 128/128/125
f 129/129/126 130/130/127 128/128/125
f 131/131/128 129/129/126 128/128/125
f 132/132/129 126/126/123 128/128/125
f 133/133/130 134/134/131 128/128/125
f 134/134/131 135/135/132 128/128/125
f 135/135/132 136/136/133 128/128/125
f 137/137/134 138/138/135 128/128/125
f 138/138/135 132/132/129 128/128/125
f 127/127/124 139/139/136 128/128/125
f 136/136/133 140/140/137 128/128/125
f 139/139/136 141/141/138 128/128/125
f 140/140/137 142/142/139 128/128/125
f 141/141/138 143/143/140 128/128/125
f 142/142/139 144/144/141 128/128/125
f 143/143/140 145/145/142 128/128/125
f 146/146/143 147/147/144 128/128/125
f 147/147/144 148/148/145 128/128/125
f 148/148/145 149/149/146 128/128/125
f 145/145/142 150/150/147 128/128/125
f 149/149/146 151/151/148 128/128/125
f 150/150/147 146/146/143 128/128/125
f 151/151/148 152/152/149 128/128/125
f 152/152/149 153/153/150 128/128/125
f 144/144/141 154/154/151 128/128/125
f 154/154/151 155/155/152 128/128/125
f 153/153/150 156/156/153 128/128/125
f 157/157/154 158/158/155 128/128/125
f 158/158/155 131/131/128 128/128/125
f 155/155/152 159/159/156 128/128/125
f 156/156/153 160/160/157 128/128/125
f 159/159/156 161/161/158 128/128/125
f 160/160/157 157/157/154 128/128/125
f 130/130/127 133/133/130 128/128/125
f 161/161/158 137/137/134 128/128/125
f 162/162/159 161/161/158 163/163/160
f 164/164/161 137/137/134 162/162/159
f 165/165/162 163/163/160 166/166/163
f 167/167/164 162/162/159 165/165/162
f 168/168/165 164/164/161 167/167/164
f 169/169/166 138/138/135 164/164/161
f 124/124/121 169/169/166 168/168/165
f 123/123/120 132/132/129 169/169/166
f 166/166/163 170/170/167 171/171/168
f 163/163/160 159/159/156 170/170/167
f 171/171/168 172/172/169 173/173/170
f 170/170/167 155/155/152 172/172/169
f 173/173/170 174/174/171 175/175/172
f 172/172/169 154/154/151 174/174/171
f 175/175/172 176/176/173 177/177/174
f 174/174/171 144/144/141 176/176/173
f 178/178/175 176/176/173 179/179/176
f 176/176/173 142/142/139 179/179/176
f 180/180/177 179/179/176 181/181/178
f 179/179/176 140/140/137 181/181/178
f 182/182/179 181/181/178 183/183/180
f 181/181/178 136/136/133 183/183/180
f 184/184/181 183/183/180 185/185/182
f 183/183/180 135/135/132 185/185/182
f 186/186/183 185/185/182 187/187/184
f 185/185/182 134/134/131 187/187/184
f 188/188/53 187/187/184 189/189/185
f 187/187/184 133/133/130 189/189/185
f 190/190/56 189/189/185 191/191/186
f 191/191/186 133/133/130 130/130/127
f 192/192/187 191/191/186 193/193/188
f 193/193/188 130/130/127 129/129/126
f 194/194/189 193/193/188 195/195/190
f 195/195/190 129/129/126 131/131/128
f 196/196/191 131/131/128 158/158/155
f 197/197/192 195/195/190 196/196/191
f 197/197/192 198/198/193 199/199/194
f 198/198/193 158/158/155 157/157/154
f 199/199/194 200/200/195 201/201/196
f 198/198/193 160/160/157 200/200/195
f 201/201/196 202/202/197 203/203/198
f 200/200/195 156/156/153 202/202/197
f 203/203/198 204/204/199 205/205/200
f 204/204/199 156/156/153 153/153/150
f 205/205/200 206/206/201 207/207/202
f 206/206/201 153/153/150 152/152/149
f 207/207/202 208/208/203 209/209/204
f 208/208/203 152/152/149 151/151/148
f 209/209/204 210/210/205 211/211/206
f 210/210/205 151/151/148 149/149/146
f 211/211/206 212/212/207 213/213/208
f 212/212/207 149/149/146 148/148/145
f 213/213/208 214/214/209 215/215/210
f 214/214/209 148/148/145 147/147/144
f 215/215/210 216/216/211 217/217/212
f 216/216/211 147/147/144 146/146/143
f 217/217/212 218/218/213 219/219/214
f 218/218/213 146/146/143 150/150/147
f 220/220/215 218/218/213 221/221/216
f 221/221/216 150/150/147 145/145/142
f 222/222/217 221/221/216 223/223/218
f 223/223/218 145/145/142 143/143/140
f 224/224/219 223/223/218 225/225/220
f 225/225/220 143/143/140 141/141/138
f 226/226/221 225/225/220 227/227/222
f 227/227/222 141/141/138 139/139/136
f 228/228/223 227/227/222 121/121/118
f 121/121/118 139/139/136 127/127/124
f 5/5/5 229/229/224 230/230/114
f 230/230/114 231/231/225 232/232/111
f 3/3/3 233/233/226 229/229/224
f 229/229/224 234/234/227 231/231/225
f 235/235/228 233/233/226 2/2/2
f 233/233/226 236/236/229 234/234/227
f 237/237/230 238/238/231 235/235/228
f 238/238/231 239/239/232 236/236/229
f 240/240/233 241/241/234 237/237/230
f 241/241/234 242/242/235 239/239/232
f 243/243/236 244/244/237 240/240/233
f 244/244/237 245/245/238 242/242/235
f 246/246/239 247/247/240 243/243/236
f 247/247/240 248/248/241 245/245/238
f 246/246/239 249/249/242 250/250/243
f 250/250/243 251/251/244 248/248/241
f 252/252/245 253/253/246 249/249/242
f 249/249/242 254/254/247 251/251/244
f 255/255/248 256/256/249 253/253/246
f 253/253/246 257/257/250 254/254/247
f 258/258/251 259/259/252 256/256/249
f 256/256/249 260/260/253 257/257/250
f 261/261/254 259/259/252 262/262/255
f 263/263/256 260/260/253 259/259/252
f 261/261/254 264/264/257 263/263/256
f 263/263/256 265/265/258 266/266/259
f 267/267/260 268/268/261 264/264/257
f 264/264/257 269/269/262 265/265/258
f 270/270/263 271/271/264 268/268/261
f 268/268/261 272/272/265 269/269/262
f 273/273/266 274/274/267 271/271/264
f 271/271/264 275/275/268 272/272/265
f 276/276/269 274/274/267 277/277/270
f 278/278/271 275/275/268 274/274/267
f 279/279/272 278/278/271 276/276/269
f 280/280/273 281/281/274 278/278/271
f 282/282/275 280/280/273 279/279/272
f 283/283/276 284/284/277 280/280/273
f 285/285/278 283/283/276 282/282/275
f 286/286/279 287/287/280 283/283/276
f 288/288/281 286/286/279 285/285/278
f 289/289/282 290/290/283 286/286/279
f 291/291/284 289/289/282 288/288/281
f 292/292/285 293/293/286 289/289/282
f 294/294/287 292/292/285 291/291/284
f 295/295/288 296/296/289 292/292/285
f 297/297/290 298/298/291 299/299/292
f 295/295/288 300/300/293 298/298/291
f 294/294/287 301/301/294 300/300/293
f 302/302/295 291/291/284 303/303/296
f 301/301/294 304/304/297 305/305/298
f 302/302/295 306/306/299 304/304/297
f 303/303/296 307/307/300 306/306/299
f 303/303/296 288/288/281 308/308/301
f 308/308/301 309/309/302 307/307/300
f 308/308/301 285/285/278 310/310/303
f 310/310/303 311/311/304 309/309/302
f 310/310/303 282/282/275 312/312/305
f 312/312/305 313/313/306 311/311/304
f 312/312/305 279/279/272 314/314/307
f 314/314/307 315/315/308 313/313/306
f 314/314/307 276/276/269 316/316/309
f 316/316/309 317/317/310 315/315/308
f 316/316/309 277/277/270 318/318/311
f 318/318/311 319/319/312 317/317/310
f 318/318/311 273/273/266 320/320/313
f 321/321/314 319/319/312 320/320/313
f 321/321/314 273/273/266 270/270/263
f 322/322/315 323/323/316 321/321/314
f 322/322/315 270/270/263 267/267/260
f 324/324/317 325/325/318 322/322/315
f 324/324/317 267/267/260 261/261/254
f 324/324/317 326/326/319 327/327/320
f 328/328/321 261/261/254 262/262/255
f 327/327/320 329/329/322 325/325/318
f 327/327/320 330/330/323 331/331/324
f 330/330/323 332/332/325 333/333/326
f 328/328/321 332/332/325 326/326/319
f 333/333/326 334/334/327 335/335/328
f 336/336/329 334/334/327 332/332/325
f 336/336/329 255/255/248 337/337/330
f 328/328/321 258/258/251 336/336/329
f 337/337/330 338/338/331 334/334/327
f 337/337/330 252/252/245 339/339/332
f 339/339/332 340/340/333 338/338/331
f 339/339/332 246/246/239 341/341/334
f 335/335/328 338/338/331 342/342/335
f 338/338/331 343/343/336 342/342/335
f 340/340/333 344/344/337 343/343/336
f 341/341/334 345/345/338 340/340/333
f 345/345/338 346/346/339 344/344/337
f 347/347/340 348/348/341 345/345/338
f 347/347/340 240/240/233 349/349/342
f 341/341/334 243/243/236 347/347/340
f 349/349/342 350/350/343 348/348/341
f 349/349/342 237/237/230 351/351/344
f 351/351/344 352/352/345 350/350/343
f 351/351/344 235/235/228 353/353/346
f 348/348/341 354/354/347 346/346/339
f 350/350/343 355/355/348 354/354/347
f 352/352/345 356/356/349 355/355/348
f 353/353/346 6/6/6 352/352/345
f 356/356/349 7/7/7 13/13/12
f 355/355/348 357/357/350 358/358/351
f 357/357/350 13/13/12 359/359/352
f 359/359/352 14/14/13 360/360/21
f 361/361/353 359/359/352 362/362/354
f 362/362/354 360/360/21 363/363/355
f 364/364/356 362/362/354 365/365/357
f 365/365/357 363/363/355 366/366/358
f 364/364/356 367/367/359 368/368/360
f 365/365/357 369/369/361 367/367/359
f 370/370/362 367/367/359 371/371/363
f 367/367/359 372/372/36 371/371/363
f 373/373/364 371/371/363 374/374/365
f 371/371/363 375/375/366 374/374/365
f 373/373/364 376/376/367 377/377/368
f 376/376/367 375/375/366 378/378/43
f 379/379/369 380/380/370 381/381/371
f 382/382/42 381/381/371 383/383/43
f 384/384/372 380/380/370 385/385/373
f 386/386/374 377/377/368 387/387/375
f 388/388/376 389/389/375 384/384/372
f 390/390/377 386/386/374 387/387/375
f 391/391/378 390/390/377 392/392/379
f 388/388/376 393/393/380 394/394/377
f 395/395/381 388/388/376 396/396/382
f 396/396/382 384/384/372 397/397/383
f 398/398/384 399/399/385 395/395/381
f 400/400/386 393/393/380 399/399/385
f 401/401/387 400/400/386 398/398/384
f 402/402/388 403/403/389 400/400/386
f 404/404/390 402/402/388 401/401/387
f 405/405/391 406/406/392 402/402/388
f 407/407/393 405/405/391 404/404/390
f 405/405/391 408/408/394 409/409/395
f 410/410/396 411/411/397 407/407/393
f 412/412/398 408/408/394 411/411/397
f 413/413/399 414/414/400 415/415/401
f 416/416/402 413/413/399 417/417/403
f 418/418/404 417/417/403 419/419/405
f 412/412/398 420/420/406 421/421/407
f 422/422/408 423/423/409 420/420/406
f 424/424/410 419/419/405 425/425/409
f 426/426/411 418/418/404 424/424/410
f 427/427/412 416/416/402 418/418/404
f 428/428/413 427/427/412 426/426/411
f 429/429/414 430/430/415 427/427/412
f 428/428/413 431/431/416 429/429/414
f 431/431/416 432/432/417 429/429/414
f 433/433/418 434/434/419 431/431/416
f 431/431/416 435/435/420 436/436/421
f 437/437/422 438/438/423 434/434/419
f 434/434/419 439/439/424 435/435/420
f 331/331/324 438/438/423 440/440/425
f 438/438/423 333/333/326 439/439/424
f 439/439/424 441/441/426 435/435/420
f 439/439/424 335/335/328 442/442/427
f 442/442/427 443/443/428 441/441/426
f 442/442/427 342/342/335 444/444/429
f 443/443/428 445/445/430 446/446/431
f 444/444/429 343/343/336 445/445/430
f 446/446/431 447/447/432 448/448/433
f 445/445/430 344/344/337 447/447/432
f 448/448/433 449/449/434 450/450/435
f 447/447/432 346/346/339 449/449/434
f 450/450/435 451/451/436 452/452/437
f 449/449/434 354/354/347 451/451/436
f 452/452/437 358/358/351 453/453/438
f 354/354/347 358/358/351 451/451/436
f 453/453/438 357/357/350 361/361/353
f 454/454/439 453/453/438 455/455/440
f 455/455/440 361/361/353 364/364/356
f 456/456/441 455/455/440 457/457/442
f 457/457/442 364/364/356 368/368/360
f 458/458/443 457/457/442 459/459/444
f 459/459/444 368/368/360 370/370/362
f 460/460/445 459/459/444 386/386/374
f 386/386/374 370/370/362 373/373/364
f 461/461/446 456/456/441 458/458/443
f 391/391/378 458/458/443 460/460/445
f 462/462/447 463/463/448 461/461/446
f 464/464/449 461/461/446 391/391/378
f 465/465/450 466/466/451 463/463/448
f 463/463/448 454/454/439 456/456/441
f 467/467/452 450/450/435 466/466/451
f 466/466/451 452/452/437 454/454/439
f 468/468/453 448/448/433 467/467/452
f 469/469/454 467/467/452 465/465/450
f 443/443/428 468/468/453 470/470/455
f 470/470/455 469/469/454 471/471/456
f 471/471/456 472/472/457 473/473/458
f 472/472/457 465/465/450 462/462/447
f 473/473/458 474/474/459 414/414/400
f 472/472/457 464/464/449 474/474/459
f 414/414/400 475/475/460 415/415/401
f 474/474/459 476/476/461 475/475/460
f 464/464/449 392/392/379 476/476/461
f 477/477/462 414/414/400 478/478/463
f 479/479/464 473/473/458 477/477/462
f 432/432/417 477/477/462 430/430/415
f 430/430/415 478/478/463 416/416/402
f 436/436/421 479/479/464 432/432/417
f 480/480/465 471/471/456 479/479/464
f 435/435/420 480/480/465 436/436/421
f 441/441/426 470/470/455 480/480/465
f 440/440/425 481/481/466 482/482/467
f 331/331/324 482/482/467 329/329/322
f 329/329/322 483/483/468 484/484/469
f 482/482/467 485/485/470 483/483/468
f 481/481/466 486/486/471 485/485/470
f 437/437/422 487/487/472 481/481/466
f 487/487/472 488/488/473 486/486/471
f 433/433/418 489/489/474 487/487/472
f 489/489/474 490/490/475 488/488/473
f 428/428/413 491/491/476 489/489/474
f 491/491/476 492/492/477 490/490/475
f 426/426/411 493/493/478 491/491/476
f 493/493/478 494/494/479 492/492/477
f 424/424/410 495/495/480 493/493/478
f 496/496/480 497/497/481 498/498/482
f 499/499/483 500/500/484 496/496/480
f 500/500/484 501/501/485 497/497/481
f 502/502/486 503/503/487 500/500/484
f 504/504/488 505/505/489 506/506/490
f 507/507/491 506/506/490 508/508/492
f 509/509/493 508/508/492 510/510/494
f 511/511/495 503/503/487 512/512/496
f 513/513/497 514/514/498 511/511/495
f 515/515/497 510/510/494 516/516/499
f 517/517/500 516/516/499 518/518/501
f 519/519/500 520/520/502 513/513/497
f 514/514/498 521/521/503 522/522/504
f 523/523/505 521/521/503 520/520/502
f 524/524/506 525/525/507 526/526/508
f 527/527/509 526/526/508 528/528/510
f 529/529/511 530/530/512 524/524/506
f 531/531/513 524/524/506 527/527/509
f 532/532/513 533/533/514 534/534/515
f 535/535/516 536/536/517 533/533/514
f 534/534/515 537/537/518 538/538/519
f 533/533/514 539/539/520 537/537/518
f 538/538/519 540/540/521 541/541/522
f 537/537/518 542/542/523 540/540/521
f 541/541/522 543/543/524 544/544/525
f 540/540/521 545/545/526 543/543/524
f 544/544/525 546/546/527 547/547/528
f 543/543/524 548/548/529 546/546/527
f 547/547/528 549/549/530 550/550/531
f 546/546/527 551/551/532 549/549/530
f 550/550/531 552/552/533 553/553/534
f 549/549/530 554/554/535 552/552/533
f 553/553/534 555/555/536 556/556/537
f 552/552/533 557/557/538 555/555/536
f 556/556/537 558/558/539 559/559/540
f 555/555/536 560/560/541 558/558/539
f 559/559/540 561/561/542 562/562/543
f 558/558/539 563/563/544 561/561/542
f 562/562/543 564/564/545 565/565/546
f 561/561/542 566/566/547 564/564/545
f 567/567/548 566/566/547 568/568/549
f 569/569/550 564/564/545 567/567/548
f 570/570/551 567/567/548 571/571/552
f 571/571/552 568/568/549 572/572/553
f 573/573/554 571/571/552 574/574/555
f 574/574/555 572/572/553 575/575/556
f 576/576/557 574/574/555 577/577/558
f 577/577/558 575/575/556 578/578/559
f 579/579/560 577/577/558 580/580/561
f 580/580/561 578/578/559 581/581/562
f 582/582/563 580/580/561 583/583/564
f 583/583/564 581/581/562 584/584/565
f 585/585/566 583/583/564 586/586/567
f 586/586/567 584/584/565 587/587/568
f 588/588/569 586/586/567 589/589/570
f 589/589/570 587/587/568 590/590/571
f 591/591/572 589/589/570 530/530/512
f 530/530/512 590/590/571 525/525/507
f 592/592/573 593/593/574 521/521/503
f 594/594/571 595/595/575 593/593/574
f 596/596/576 595/595/575 597/597/577
f 522/522/504 593/593/574 596/596/576
f 597/597/577 598/598/578 599/599/579
f 600/600/568 598/598/578 595/595/575
f 599/599/579 601/601/580 602/602/581
f 603/603/582 601/601/580 598/598/578
f 602/602/581 604/604/583 605/605/584
f 606/606/562 604/604/583 601/601/580
f 605/605/584 607/607/585 608/608/586
f 609/609/587 607/607/585 604/604/583
f 608/608/586 610/610/588 611/611/589
f 612/612/556 610/610/588 607/607/585
f 611/611/589 613/613/590 614/614/591
f 615/615/592 613/613/590 610/610/588
f 613/613/590 616/616/593 614/614/591
f 617/617/549 618/618/594 613/613/590
f 619/619/595 620/620/596 618/618/594
f 618/618/594 621/621/597 616/616/593
f 616/616/593 622/622/598 623/623/599
f 614/614/591 623/623/599 624/624/600
f 623/623/599 625/625/601 626/626/602
f 627/627/603 623/623/599 626/626/602
f 628/628/604 624/624/600 627/627/603
f 629/629/605 614/614/591 624/624/600
f 630/630/606 629/629/605 628/628/604
f 631/631/607 611/611/589 629/629/605
f 632/632/608 631/631/607 630/630/606
f 633/633/609 608/608/586 631/631/607
f 634/634/610 633/633/609 632/632/608
f 635/635/611 605/605/584 633/633/609
f 636/636/612 635/635/611 634/634/610
f 637/637/613 602/602/581 635/635/611
f 638/638/614 637/637/613 636/636/612
f 639/639/615 599/599/579 637/637/613
f 640/640/616 639/639/615 638/638/614
f 641/641/617 597/597/577 639/639/615
f 497/497/481 641/641/617 640/640/616
f 501/501/485 596/596/576 641/641/617
f 503/503/487 522/522/504 501/501/485
f 642/642/618 638/638/614 643/643/619
f 498/498/482 640/640/616 642/642/618
f 492/492/477 644/644/618 645/645/620
f 645/645/620 646/646/621 647/647/622
f 647/647/622 648/648/623 649/649/624
f 643/643/619 636/636/612 650/650/623
f 651/651/625 648/648/623 652/652/626
f 650/650/623 634/634/610 653/653/627
f 654/654/628 652/652/626 655/655/629
f 653/653/627 632/632/608 656/656/630
f 657/657/631 655/655/629 658/658/632
f 656/656/630 630/630/606 659/659/633
f 660/660/634 658/658/632 661/661/635
f 659/659/633 628/628/604 662/662/635
f 663/663/636 661/661/635 664/664/637
f 662/662/635 627/627/603 665/665/637
f 666/666/638 664/664/637 667/667/639
f 627/627/603 668/668/640 665/665/637
f 666/666/638 669/669/641 670/670/642
f 671/671/643 672/672/641 673/673/644
f 671/671/643 674/674/645 675/675/646
f 626/626/602 676/676/645 668/668/640
f 675/675/646 677/677/647 678/678/648
f 625/625/601 679/679/647 676/676/645
f 622/622/598 680/680/649 625/625/601
f 681/681/650 682/682/651 680/680/649
f 680/680/649 683/683/652 679/679/647
f 684/684/653 685/685/654 682/682/651
f 682/682/651 686/686/655 683/683/652
f 678/678/648 687/687/656 688/688/657
f 688/688/657 689/689/658 690/690/659
f 690/690/659 691/691/660 692/692/661
f 685/685/654 693/693/662 686/686/655
f 694/694/663 691/691/660 695/695/664
f 696/696/665 697/697/666 693/693/662
f 698/698/667 696/696/665 685/685/654
f 699/699/668 700/700/669 696/696/665
f 701/701/670 702/702/671 700/700/669
f 700/700/669 703/703/672 697/697/666
f 704/704/673 705/705/674 702/702/671
f 702/702/671 706/706/675 703/703/672
f 707/707/676 695/695/664 708/708/672
f 709/709/677 708/708/672 710/710/678
f 711/711/679 710/710/678 712/712/680
f 705/705/674 713/713/681 706/706/675
f 714/714/682 712/712/680 715/715/489
f 716/716/683 505/505/489 713/713/681
f 717/717/684 716/716/683 705/705/674
f 508/508/492 716/716/683 718/718/685
f 719/719/686 718/718/685 717/717/684
f 510/510/494 718/718/685 720/720/687
f 721/721/688 719/719/686 722/722/689
f 516/516/499 720/720/687 721/721/688
f 723/723/520 722/722/689 724/724/690
f 518/518/501 721/721/688 723/723/520
f 725/725/691 719/719/686 726/726/692
f 724/724/690 725/725/691 727/727/526
f 728/728/693 726/726/692 729/729/694
f 727/727/526 728/728/693 730/730/529
f 729/729/694 704/704/673 701/701/670
f 726/726/692 717/717/684 704/704/673
f 731/731/695 701/701/670 699/699/668
f 732/732/696 729/729/694 731/731/695
f 733/733/697 699/699/668 698/698/667
f 734/734/698 731/731/695 733/733/697
f 735/735/699 732/732/696 734/734/698
f 730/730/529 732/732/696 736/736/700
f 737/737/701 733/733/697 738/738/702
f 739/739/538 734/734/698 737/737/701
f 740/740/703 738/738/702 741/741/704
f 742/742/541 737/737/701 740/740/703
f 741/741/704 684/684/653 681/681/650
f 738/738/702 698/698/667 684/684/653
f 621/621/597 681/681/650 622/622/598
f 620/620/596 741/741/704 621/621/597
f 743/743/544 740/740/703 620/620/596
f 744/744/705 715/715/489 423/423/409
f 745/745/706 711/711/679 714/714/682
f 746/746/707 714/714/682 744/744/705
f 746/746/707 422/422/408 747/747/708
f 748/748/709 745/745/706 746/746/707
f 748/748/709 747/747/708 749/749/710
f 749/749/710 410/410/396 750/750/711
f 747/747/708 412/412/398 410/410/396
f 750/750/711 407/407/393 751/751/712
f 752/752/713 750/750/711 753/753/714
f 753/753/714 751/751/712 754/754/715
f 754/754/715 755/755/716 756/756/717
f 751/751/712 404/404/390 755/755/716
f 756/756/717 757/757/718 758/758/719
f 755/755/716 401/401/387 757/757/718
f 758/758/719 759/759/720 760/760/721
f 757/757/718 398/398/384 759/759/720
f 760/760/721 761/761/722 762/762/723
f 761/761/722 398/398/384 395/395/381
f 763/763/724 761/761/722 764/764/725
f 764/764/725 395/395/381 396/396/382
f 765/765/726 764/764/725 766/766/727
f 766/766/727 396/396/382 397/397/383
f 767/767/728 766/766/727 768/768/729
f 768/768/729 397/397/383 769/769/730
f 397/397/383 385/385/373 769/769/730
f 768/768/729 770/770/731 771/771/732
f 769/769/730 379/379/369 770/770/731
f 771/771/732 772/772/46 773/773/49
f 770/770/731 382/382/42 772/772/46
f 774/774/733 768/768/729 771/771/732
f 775/775/734 771/771/732 773/773/49
f 776/776/735 767/767/728 774/774/733
f 777/777/736 774/774/733 775/775/734
f 778/778/737 765/765/726 767/767/728
f 779/779/738 780/780/739 778/778/737
f 781/781/740 778/778/737 776/776/735
f 782/782/741 783/783/742 780/780/739
f 780/780/739 763/763/724 765/765/726
f 784/784/743 785/785/744 783/783/742
f 783/783/742 762/762/723 763/763/724
f 786/786/745 785/785/744 787/787/746
f 788/788/747 762/762/723 785/785/744
f 789/789/748 788/788/747 786/786/745
f 790/790/749 760/760/721 788/788/747
f 791/791/750 790/790/749 789/789/748
f 792/792/751 758/758/719 790/790/749
f 793/793/752 792/792/751 791/791/750
f 794/794/753 756/756/717 792/792/751
f 795/795/754 794/794/753 793/793/752
f 796/796/755 754/754/715 794/794/753
f 795/795/754 797/797/756 796/796/755
f 797/797/756 753/753/714 796/796/755
f 798/798/757 797/797/756 799/799/758
f 797/797/756 800/800/759 752/752/713
f 798/798/757 801/801/760 802/802/761
f 802/802/761 803/803/762 800/800/759
f 804/804/763 805/805/764 801/801/760
f 801/801/760 806/806/765 803/803/762
f 807/807/766 808/808/767 805/805/764
f 805/805/764 809/809/768 806/806/765
f 810/810/769 811/811/770 808/808/767
f 808/808/767 812/812/771 809/809/768
f 813/813/772 814/814/773 811/811/770
f 811/811/770 815/815/774 812/812/771
f 816/816/775 817/817/776 814/814/773
f 814/814/773 818/818/777 815/815/774
f 819/819/778 817/817/776 820/820/779
f 821/821/780 818/818/777 817/817/776
f 822/822/781 821/821/780 819/819/778
f 823/823/782 824/824/783 821/821/780
f 825/825/784 823/823/782 822/822/781
f 826/826/785 827/827/786 823/823/782
f 828/828/787 826/826/785 825/825/784
f 829/829/788 830/830/789 826/826/785
f 831/831/790 829/829/788 828/828/787
f 832/832/791 833/833/792 829/829/788
f 832/832/791 834/834/793 835/835/794
f 831/831/790 836/836/795 832/832/791
f 837/837/796 838/838/797 831/831/790
f 837/837/796 828/828/787 839/839/798
f 837/837/796 840/840/799 841/841/800
f 842/842/801 839/839/798 843/843/802
f 843/843/802 844/844/803 845/845/804
f 839/839/798 825/825/784 844/844/803
f 845/845/804 846/846/805 847/847/806
f 844/844/803 822/822/781 846/846/805
f 847/847/806 848/848/807 849/849/808
f 846/846/805 819/819/778 848/848/807
f 849/849/808 850/850/809 851/851/810
f 848/848/807 820/820/779 850/850/809
f 851/851/810 852/852/811 853/853/812
f 852/852/811 820/820/779 816/816/775
f 854/854/813 852/852/811 855/855/814
f 855/855/814 816/816/775 813/813/772
f 856/856/815 855/855/814 857/857/816
f 857/857/816 813/813/772 810/810/769
f 858/858/817 857/857/816 859/859/818
f 859/859/818 810/810/769 807/807/766
f 860/860/819 859/859/818 861/861/820
f 861/861/820 807/807/766 804/804/763
f 862/862/821 861/861/820 863/863/822
f 863/863/822 804/804/763 798/798/757
f 864/864/823 863/863/822 865/865/824
f 863/863/822 799/799/758 865/865/824
f 866/866/825 865/865/824 867/867/826
f 865/865/824 795/795/754 867/867/826
f 868/868/827 867/867/826 869/869/828
f 867/867/826 793/793/752 869/869/828
f 870/870/829 869/869/828 871/871/830
f 869/869/828 791/791/750 871/871/830
f 872/872/831 871/871/830 873/873/832
f 871/871/830 789/789/748 873/873/832
f 874/874/833 873/873/832 875/875/834
f 875/875/834 789/789/748 786/786/745
f 874/874/833 876/876/835 877/877/836
f 875/875/834 787/787/746 876/876/835
f 877/877/836 878/878/837 879/879/838
f 876/876/835 784/784/743 878/878/837
f 880/880/839 878/878/837 881/881/840
f 878/878/837 782/782/741 881/881/840
f 880/880/839 882/882/841 883/883/842
f 881/881/840 779/779/738 882/882/841
f 883/883/842 884/884/843 885/885/844
f 884/884/843 779/779/738 781/781/740
f 886/886/64 884/884/843 887/887/845
f 887/887/845 781/781/740 888/888/58
f 888/888/58 776/776/735 777/777/736
f 889/889/846 883/883/842 885/885/844
f 890/890/67 885/885/844 886/886/64
f 889/889/846 891/891/72 892/892/847
f 893/893/848 892/892/847 894/894/849
f 895/895/850 892/892/847 896/896/851
f 892/892/847 897/897/75 896/896/851
f 898/898/852 896/896/851 899/899/853
f 896/896/851 900/900/78 899/899/853
f 898/898/852 901/901/854 902/902/855
f 899/899/853 903/903/81 901/901/854
f 902/902/855 904/904/856 905/905/857
f 901/901/854 906/906/80 904/904/856
f 905/905/857 907/907/858 908/908/859
f 904/904/856 909/909/87 907/907/858
f 908/908/859 910/910/860 911/911/861
f 907/907/858 912/912/90 910/910/860
f 913/913/862 910/910/860 914/914/863
f 910/910/860 915/915/93 914/914/863
f 916/916/864 914/914/863 917/917/865
f 914/914/863 918/918/866 917/917/865
f 919/919/96 920/920/867 921/921/97
f 922/922/868 923/923/869 920/920/867
f 924/924/870 925/925/871 923/923/869
f 926/926/872 913/913/862 916/916/864
f 927/927/873 928/928/874 925/925/871
f 929/929/874 930/930/875 926/926/872
f 931/931/876 930/930/875 932/932/877
f 930/930/875 911/911/861 913/913/862
f 933/933/878 934/934/879 931/931/876
f 935/935/880 911/911/861 934/934/879
f 936/936/881 935/935/880 933/933/878
f 937/937/882 908/908/859 935/935/880
f 938/938/883 937/937/882 936/936/881
f 939/939/884 905/905/857 937/937/882
f 940/940/885 939/939/884 938/938/883
f 941/941/886 902/902/855 939/939/884
f 942/942/887 941/941/886 940/940/885
f 941/941/886 895/895/850 898/898/852
f 943/943/888 944/944/889 942/942/887
f 945/945/890 895/895/850 944/944/889
f 946/946/891 945/945/890 943/943/888
f 947/947/892 894/894/849 945/945/890
f 893/893/848 880/880/839 883/883/842
f 947/947/892 879/879/838 880/880/839
f 946/946/891 877/877/836 879/879/838
f 948/948/893 943/943/888 949/949/894
f 948/948/893 874/874/833 877/877/836
f 950/950/895 949/949/894 951/951/896
f 951/951/896 952/952/897 953/953/898
f 949/949/894 942/942/887 952/952/897
f 953/953/898 954/954/899 955/955/900
f 952/952/897 940/940/885 954/954/899
f 955/955/900 956/956/901 957/957/902
f 954/954/899 938/938/883 956/956/901
f 957/957/902 958/958/903 959/959/904
f 956/956/901 936/936/881 958/958/903
f 960/960/905 958/958/903 961/961/906
f 958/958/903 933/933/878 961/961/906
f 960/960/905 962/962/907 963/963/908
f 961/961/906 931/931/876 962/962/907
f 963/963/908 964/964/909 965/965/910
f 962/962/907 932/932/877 964/964/909
f 966/966/911 964/964/909 967/967/912
f 967/967/912 932/932/877 929/929/874
f 968/968/913 969/969/914 970/970/915
f 970/970/915 928/928/874 971/971/916
f 972/972/917 973/973/918 968/968/913
f 974/974/919 966/966/911 975/975/920
f 976/976/921 977/977/920 972/972/917
f 978/978/922 975/975/920 979/979/923
f 980/980/924 974/974/919 978/978/922
f 981/981/925 965/965/910 974/974/919
f 982/982/926 981/981/925 980/980/924
f 983/983/927 963/963/908 981/981/925
f 984/984/928 983/983/927 982/982/926
f 985/985/929 960/960/905 983/983/927
f 986/986/930 985/985/929 984/984/928
f 987/987/931 959/959/904 985/985/929
f 988/988/932 987/987/931 986/986/930
f 989/989/933 957/957/902 987/987/931
f 990/990/934 989/989/933 988/988/932
f 991/991/935 955/955/900 989/989/933
f 992/992/936 991/991/935 990/990/934
f 993/993/937 953/953/898 991/991/935
f 992/992/936 994/994/938 993/993/937
f 994/994/938 951/951/896 993/993/937
f 994/994/938 874/874/833 950/950/895
f 995/995/939 872/872/831 994/994/938
f 995/995/939 868/868/827 870/870/829
f 996/996/940 995/995/939 992/992/936
f 997/997/941 866/866/825 868/868/827
f 998/998/942 996/996/940 999/999/943
f 1000/1000/944 996/996/940 1001/1001/945
f 996/996/940 990/990/934 1001/1001/945
f 1002/1002/946 1001/1001/945 1003/1003/947
f 1001/1001/945 988/988/932 1003/1003/947
f 1004/1004/948 1003/1003/947 1005/1005/949
f 1003/1003/947 986/986/930 1005/1005/949
f 1006/1006/950 1005/1005/949 1007/1007/951
f 1005/1005/949 984/984/928 1007/1007/951
f 1006/1006/950 1008/1008/952 1009/1009/953
f 1007/1007/951 982/982/926 1008/1008/952
f 1009/1009/953 1010/1010/954 1011/1011/955
f 1008/1008/952 980/980/924 1010/1010/954
f 1011/1011/955 1012/1012/956 1013/1013/957
f 1010/1010/954 978/978/922 1012/1012/956
f 1013/1013/957 1014/1014/958 1015/1015/959
f 1012/1012/956 979/979/923 1014/1014/958
f 1016/1016/960 1017/1017/961 1018/1018/962
f 1018/1018/962 1019/1019/963 976/976/921
f 1020/1020/964 1013/1013/957 1015/1015/959
f 1021/1021/965 1022/1022/966 1016/1016/960
f 1021/1021/965 1023/1023/967 1024/1024/964
f 1025/1025/968 1026/1026/969 1020/1020/964
f 1027/1027/970 1026/1026/969 1028/1028/971
f 1029/1029/972 1013/1013/957 1026/1026/969
f 1030/1030/973 1029/1029/972 1027/1027/970
f 1031/1031/974 1011/1011/955 1029/1029/972
f 1032/1032/975 1031/1031/974 1030/1030/973
f 1033/1033/976 1009/1009/953 1031/1031/974
f 1034/1034/977 1033/1033/976 1032/1032/975
f 1035/1035/978 1006/1006/950 1033/1033/976
f 1036/1036/979 1035/1035/978 1034/1034/977
f 1035/1035/978 1002/1002/946 1004/1004/948
f 1036/1036/979 1037/1037/980 1038/1038/981
f 1038/1038/981 1000/1000/944 1002/1002/946
f 1039/1039/982 1040/1040/983 1037/1037/980
f 1037/1037/980 999/999/943 1000/1000/944
f 1041/1041/984 1040/1040/983 1042/1042/985
f 1043/1043/986 999/999/943 1040/1040/983
f 998/998/942 864/864/823 866/866/825
f 1043/1043/986 862/862/821 864/864/823
f 1041/1041/984 860/860/819 862/862/821
f 1041/1041/984 1044/1044/987 1045/1045/988
f 1045/1045/988 858/858/817 860/860/819
f 1045/1045/988 1046/1046/989 1047/1047/990
f 1044/1044/987 1048/1048/991 1046/1046/989
f 1042/1042/985 1049/1049/992 1044/1044/987
f 1049/1049/992 1050/1050/993 1048/1048/991
f 1039/1039/982 1051/1051/994 1049/1049/992
f 1051/1051/994 1052/1052/995 1050/1050/993
f 1036/1036/979 1053/1053/996 1051/1051/994
f 1053/1053/996 1054/1054/997 1052/1052/995
f 1034/1034/977 1055/1055/998 1053/1053/996
f 1055/1055/998 1056/1056/999 1054/1054/997
f 1032/1032/975 1057/1057/1000 1055/1055/998
f 1057/1057/1000 1058/1058/1001 1056/1056/999
f 1030/1030/973 1059/1059/1002 1057/1057/1000
f 1059/1059/1002 1060/1060/1003 1058/1058/1001
f 1027/1027/970 1061/1061/1004 1059/1059/1002
f 1061/1061/1004 1062/1062/1005 1060/1060/1003
f 1028/1028/971 1063/1063/1006 1061/1061/1004
f 1064/1064/1007 1065/1065/1008 1066/1066/1009
f 1067/1067/1010 1066/1066/1009 1068/1068/1011
f 1069/1069/1012 1070/1070/1013 1064/1064/1007
f 1071/1071/1014 1064/1064/1007 1067/1067/1010
f 1072/1072/1015 1073/1073/1016 1074/1074/1017
f 1075/1075/1018 1072/1072/1015 1074/1074/1017
f 1076/1076/1019 1069/1069/1012 1071/1071/1014
f 1077/1077/1019 1075/1075/1018 1078/1078/1020
f 1079/1079/1021 1074/1074/1017 1080/1080/1022
f 1081/1081/1023 1075/1075/1018 1079/1079/1021
f 1082/1082/1024 1078/1078/1020 1081/1081/1023
f 1083/1083/1025 1078/1078/1020 1084/1084/1026
f 1085/1085/1027 1082/1082/1024 1086/1086/1028
f 1087/1087/1029 1084/1084/1026 1085/1085/1027
f 1088/1088/1030 1089/1089/1031 1090/1090/1032
f 1090/1090/1032 1091/1091/1033 1076/1076/1019
f 1092/1092/1034 1093/1093/1035 1094/1094/1030
f 1095/1095/1036 1096/1096/1027 1097/1097/1037
f 1098/1098/1038 1097/1097/1037 1099/1099/1039
f 1100/1100/1040 1101/1101/1041 1092/1092/1034
f 1099/1099/1039 1102/1102/1042 1103/1103/1043
f 1097/1097/1037 1104/1104/1028 1102/1102/1042
f 1103/1103/1043 1105/1105/1044 1106/1106/1045
f 1102/1102/1042 1107/1107/1046 1105/1105/1044
f 1106/1106/1045 1108/1108/1047 1109/1109/1048
f 1105/1105/1044 1110/1110/1049 1108/1108/1047
f 1109/1109/1048 1111/1111/1050 1112/1112/1051
f 1108/1108/1047 1113/1113/1052 1111/1111/1050
f 1112/1112/1051 1114/1114/1053 1115/1115/1054
f 1111/1111/1050 1116/1116/1055 1114/1114/1053
f 1115/1115/1054 1117/1117/1056 1118/1118/1057
f 1114/1114/1053 1119/1119/1058 1117/1117/1056
f 1118/1118/1057 1120/1120/1059 1121/1121/1060
f 1117/1117/1056 1122/1122/1061 1120/1120/1059
f 1121/1121/1060 1123/1123/1062 1124/1124/1063
f 1120/1120/1059 1125/1125/1064 1123/1123/1062
f 1124/1124/1063 1126/1126/1065 1127/1127/1066
f 1123/1123/1062 1128/1128/1067 1126/1126/1065
f 1127/1127/1066 1129/1129/1068 1130/1130/1069
f 1126/1126/1065 1131/1131/1070 1129/1129/1068
f 1132/1132/1071 1131/1131/1070 1133/1133/1072
f 1134/1134/1073 1129/1129/1068 1132/1132/1071
f 1135/1135/1074 1132/1132/1071 1136/1136/1075
f 1136/1136/1075 1133/1133/1072 1137/1137/1076
f 1138/1138/1077 1136/1136/1075 1139/1139/1078
f 1139/1139/1078 1137/1137/1076 1140/1140/1079
f 1141/1141/1080 1139/1139/1078 1142/1142/1081
f 1142/1142/1081 1140/1140/1079 1143/1143/1082
f 1144/1144/1083 1142/1142/1081 1145/1145/1084
f 1145/1145/1084 1143/1143/1082 1146/1146/1085
f 1147/1147/1086 1145/1145/1084 1148/1148/1087
f 1148/1148/1087 1146/1146/1085 1149/1149/1088
f 1150/1150/1089 1148/1148/1087 1151/1151/1090
f 1151/1151/1090 1149/1149/1088 1152/1152/1091
f 1153/1153/1092 1151/1151/1090 1154/1154/1093
f 1154/1154/1093 1152/1152/1091 1155/1155/1094
f 1156/1156/1095 1154/1154/1093 1157/1157/1096
f 1157/1157/1096 1155/1155/1094 1158/1158/1097
f 1159/1159/1098 1157/1157/1096 1101/1101/1041
f 1101/1101/1041 1158/1158/1097 1093/1093/1035
f 1160/1160/1097 1161/1161/1099 1162/1162/1100
f 1163/1163/1035 1162/1162/1100 1089/1089/1031
f 1162/1162/1100 1164/1164/1101 1165/1165/1102
f 1089/1089/1031 1165/1165/1102 1091/1091/1033
f 1164/1164/1101 1166/1166/1103 1167/1167/1104
f 1168/1168/1094 1166/1166/1103 1161/1161/1099
f 1167/1167/1104 1169/1169/1105 1170/1170/1106
f 1171/1171/1091 1169/1169/1105 1166/1166/1103
f 1170/1170/1106 1172/1172/1107 1173/1173/1108
f 1174/1174/1088 1172/1172/1107 1169/1169/1105
f 1173/1173/1108 1175/1175/1109 1176/1176/1110
f 1177/1177/1111 1175/1175/1109 1172/1172/1107
f 1176/1176/1110 1178/1178/1112 1179/1179/1113
f 1180/1180/1114 1178/1178/1112 1175/1175/1109
f 1179/1179/1113 1181/1181/1115 1182/1182/1116
f 1183/1183/1079 1181/1181/1115 1178/1178/1112
f 1182/1182/1116 1184/1184/1117 1185/1185/1118
f 1186/1186/1119 1184/1184/1117 1181/1181/1115
f 1184/1184/1117 1187/1187/1120 1185/1185/1118
f 1188/1188/1121 1189/1189/1122 1184/1184/1117
f 1190/1190/1123 1191/1191/1124 1189/1189/1122
f 1189/1189/1122 1192/1192/1125 1187/1187/1120
f 1187/1187/1120 1193/1193/1126 1194/1194/1127
f 1195/1195/1128 1187/1187/1120 1194/1194/1127
f 1194/1194/1127 1196/1196/1129 1197/1197/1130
f 1198/1198/1131 1194/1194/1127 1197/1197/1130
f 1199/1199/1132 1195/1195/1128 1198/1198/1131
f 1200/1200/1133 1185/1185/1118 1195/1195/1128
f 1201/1201/1134 1200/1200/1133 1199/1199/1132
f 1202/1202/1135 1182/1182/1116 1200/1200/1133
f 1203/1203/1136 1202/1202/1135 1201/1201/1134
f 1204/1204/1137 1179/1179/1113 1202/1202/1135
f 1205/1205/1138 1204/1204/1137 1203/1203/1136
f 1206/1206/1139 1176/1176/1110 1204/1204/1137
f 1207/1207/1140 1206/1206/1139 1205/1205/1138
f 1208/1208/1141 1173/1173/1108 1206/1206/1139
f 1209/1209/1142 1208/1208/1141 1207/1207/1140
f 1210/1210/1143 1170/1170/1106 1208/1208/1141
f 1211/1211/1144 1210/1210/1143 1209/1209/1142
f 1212/1212/1145 1167/1167/1104 1210/1210/1143
f 1213/1213/1146 1211/1211/1144 1070/1070/1013
f 1213/1213/1146 1164/1164/1101 1212/1212/1145
f 1091/1091/1033 1213/1213/1146 1069/1069/1012
f 1214/1214/1147 1209/1209/1142 1215/1215/1148
f 1065/1065/1008 1211/1211/1144 1214/1214/1147
f 1060/1060/1003 1216/1216/1149 1217/1217/1150
f 1217/1217/1150 1218/1218/1148 1219/1219/1151
f 1219/1219/1151 1220/1220/1152 1221/1221/1153
f 1215/1215/1148 1207/1207/1140 1222/1222/1154
f 1221/1221/1153 1223/1223/1155 1224/1224/1156
f 1222/1222/1154 1205/1205/1138 1225/1225/1157
f 1226/1226/1158 1223/1223/1155 1227/1227/1159
f 1225/1225/1157 1203/1203/1136 1228/1228/1160
f 1229/1229/1161 1227/1227/1159 1230/1230/1162
f 1228/1228/1160 1201/1201/1134 1231/1231/1163
f 1232/1232/1164 1230/1230/1162 1233/1233/1165
f 1231/1231/1163 1199/1199/1132 1234/1234/1166
f 1235/1235/1167 1233/1233/1165 1236/1236/1168
f 1234/1234/1166 1198/1198/1131 1237/1237/1169
f 1238/1238/1170 1236/1236/1168 1239/1239/1171
f 1237/1237/1169 1197/1197/1130 1240/1240/1172
f 1241/1241/1173 1242/1242/1174 1243/1243/1171
f 1242/1242/1174 1244/1244/1175 1243/1243/1171
f 1197/1197/1130 1245/1245/1176 1240/1240/1172
f 1238/1238/1170 1246/1246/1175 1247/1247/1177
f 1247/1247/1177 1248/1248/1178 1249/1249/1179
f 1250/1250/1180 1251/1251/1181 1244/1244/1175
f 1252/1252/1182 1250/1250/1180 1242/1242/1174
f 1253/1253/1183 1254/1254/1184 1250/1250/1180
f 1255/1255/1185 1253/1253/1183 1252/1252/1182
f 1256/1256/1186 1257/1257/1187 1253/1253/1183
f 1258/1258/1188 1256/1256/1186 1255/1255/1185
f 1259/1259/1189 1260/1260/1190 1256/1256/1186
f 1261/1261/1191 1259/1259/1189 1258/1258/1188
f 1262/1262/1192 1263/1263/1193 1259/1259/1189
f 297/297/290 1262/1262/1192 1261/1261/1191
f 299/299/292 1264/1264/1194 1262/1262/1192
f 299/299/292 1265/1265/1195 1266/1266/1196
f 1266/1266/1196 1267/1267/1197 1264/1264/1194
f 1265/1265/1195 1268/1268/1198 1266/1266/1196
f 1269/1269/1199 1270/1270/1200 1271/1271/1198
f 1269/1269/1199 1272/1272/1201 1273/1273/1202
f 1265/1265/1195 1274/1274/1203 1275/1275/1204
f 1273/1273/1202 1276/1276/1205 1277/1277/1206
f 1278/1278/1207 1279/1279/1208 1280/1280/1209
f 1281/1281/1210 1280/1280/1209 1282/1282/1211
f 1280/1280/1209 1283/1283/1212 1284/1284/1213
f 1280/1280/1209 1285/1285/1214 1282/1282/1211
f 1284/1284/1213 1283/1283/1212 1286/1286/1215
f 1285/1285/1214 1284/1284/1213 1286/1286/1215
f 1287/1287/1216 1288/1288/1217 1286/1286/1215
f 1289/1289/1218 1287/1287/1216 1286/1286/1215
f 1290/1290/1219 1291/1291/1220 1286/1286/1215
f 1291/1291/1220 1292/1292/1221 1286/1286/1215
f 1292/1292/1221 1293/1293/1222 1286/1286/1215
f 1294/1294/1223 1295/1295/1224 1286/1286/1215
f 1295/1295/1224 1296/1296/1225 1286/1286/1215
f 1296/1296/1225 1285/1285/1214 1286/1286/1215
f 1297/1297/1226 1289/1289/1218 1286/1286/1215
f 1298/1298/1227 1290/1290/1219 1286/1286/1215
f 1299/1299/1228 1294/1294/1223 1286/1286/1215
f 1300/1300/1229 1297/1297/1226 1286/1286/1215
f 1301/1301/1230 1298/1298/1227 1286/1286/1215
f 1302/1302/1231 1299/1299/1228 1286/1286/1215
f 1303/1303/1232 1300/1300/1229 1286/1286/1215
f 1304/1304/1233 1301/1301/1230 1286/1286/1215
f 1305/1305/1234 1302/1302/1231 1286/1286/1215
f 1306/1306/1235 1303/1303/1232 1286/1286/1215
f 1307/1307/1236 1304/1304/1233 1286/1286/1215
f 1308/1308/1237 1305/1305/1234 1286/1286/1215
f 1309/1309/1238 1306/1306/1235 1286/1286/1215
f 1310/1310/1239 1307/1307/1236 1286/1286/1215
f 1311/1311/1240 1312/1312/1241 1286/1286/1215
f 1312/1312/1241 1308/1308/1237 1286/1286/1215
f 1313/1313/1242 1309/1309/1238 1286/1286/1215
f 1288/1288/1217 1310/1310/1239 1286/1286/1215
f 1314/1314/1243 1311/1311/1240 1286/1286/1215
f 1315/1315/1244 1313/1313/1242 1286/1286/1215
f 1316/1316/1245 1314/1314/1243 1286/1286/1215
f 1317/1317/1246 1315/1315/1244 1286/1286/1215
f 1318/1318/1247 1316/1316/1245 1286/1286/1215
f 1283/1283/1212 1317/1317/1246 1286/1286/1215
f 1319/1319/1248 1318/1318/1247 1286/1286/1215
f 1293/1293/1222 1319/1319/1248 1286/1286/1215
f 1320/1320/1249 1319/1319/1248 1293/1293/1222
f 1321/1321/1250 1293/1293/1222 1292/1292/1221
f 1322/1322/1251 1323/1323/1252 1320/1320/1249
f 1324/1324/1253 1320/1320/1249 1321/1321/1250
f 1325/1325/1251 1326/1326/1254 1327/1327/1255
f 1328/1328/1256 1329/1329/1257 1325/1325/1251
f 1330/1330/1258 1331/1331/1254 1332/1332/1259
f 1333/1333/1260 1332/1332/1259 1334/1334/1261
f 1335/1335/1262 1336/1336/1263 1331/1331/1254
f 1327/1327/1255 1337/1337/1263 1338/1338/1264
f 1339/1339/1265 1340/1340/1266 1336/1336/1263
f 1341/1341/1267 1337/1337/1263 1342/1342/1266
f 1343/1343/1268 1344/1344/1269 1345/1345/1270
f 1346/1346/1255 1345/1345/1270 1323/1323/1252
f 1344/1344/1269 1318/1318/1247 1345/1345/1270
f 1323/1323/1252 1318/1318/1247 1319/1319/1248
f 1347/1347/1271 1316/1316/1245 1344/1344/1269
f 1348/1348/1267 1347/1347/1271 1344/1344/1269
f 1349/1349/1272 1314/1314/1243 1347/1347/1271
f 1350/1350/1273 1349/1349/1272 1347/1347/1271
f 1351/1351/1274 1352/1352/1275 1353/1353/1276
f 1354/1354/1273 1342/1342/1266 1352/1352/1275
f 1355/1355/1277 1356/1356/1276 1357/1357/1278
f 1358/1358/1279 1357/1357/1278 1340/1340/1266
f 1359/1359/1280 1360/1360/1281 1356/1356/1276
f 1361/1361/1282 1353/1353/1276 1362/1362/1283
f 1363/1363/1284 1362/1362/1283 1364/1364/1285
f 1365/1365/1286 1366/1366/1285 1360/1360/1281
f 1367/1367/1287 1365/1365/1286 1359/1359/1280
f 1368/1368/1288 1249/1249/1179 1365/1365/1286
f 1369/1369/1289 1368/1368/1288 1367/1367/1287
f 1370/1370/1290 1247/1247/1177 1368/1368/1288
f 1369/1369/1289 1371/1371/1291 1370/1370/1290
f 1370/1370/1290 1235/1235/1167 1238/1238/1170
f 1372/1372/1292 1373/1373/1293 1371/1371/1291
f 1371/1371/1291 1232/1232/1164 1235/1235/1167
f 1374/1374/1294 1375/1375/1295 1373/1373/1293
f 1373/1373/1293 1229/1229/1161 1232/1232/1164
f 1376/1376/1296 1377/1377/1297 1375/1375/1295
f 1375/1375/1295 1226/1226/1158 1229/1229/1161
f 1378/1378/1298 1379/1379/1299 1377/1377/1297
f 1377/1377/1297 1224/1224/1156 1226/1226/1158
f 1380/1380/1300 1379/1379/1299 1381/1381/1301
f 1382/1382/1302 1224/1224/1156 1379/1379/1299
f 1383/1383/1303 1382/1382/1302 1380/1380/1300
f 1384/1384/1304 1221/1221/1153 1382/1382/1302
f 1385/1385/1305 1384/1384/1304 1383/1383/1303
f 1386/1386/1306 1219/1219/1151 1384/1384/1304
f 1056/1056/999 1386/1386/1306 1385/1385/1305
f 1058/1058/1001 1217/1217/1150 1386/1386/1306
f 1054/1054/997 1385/1385/1305 1387/1387/1307
f 1387/1387/1307 1383/1383/1303 1388/1388/1308
f 1052/1052/995 1387/1387/1307 1389/1389/1309
f 1389/1389/1309 1388/1388/1308 1390/1390/1310
f 1390/1390/1310 1391/1391/1311 1392/1392/1312
f 1388/1388/1308 1380/1380/1300 1391/1391/1311
f 1392/1392/1312 1393/1393/1313 1394/1394/1314
f 1391/1391/1311 1381/1381/1301 1393/1393/1313
f 1395/1395/1315 1393/1393/1313 1396/1396/1316
f 1396/1396/1316 1381/1381/1301 1378/1378/1298
f 1397/1397/1317 1396/1396/1316 1398/1398/1318
f 1398/1398/1318 1378/1378/1298 1376/1376/1296
f 1399/1399/1319 1398/1398/1318 1400/1400/1320
f 1400/1400/1320 1376/1376/1296 1374/1374/1294
f 1401/1401/1321 1400/1400/1320 1402/1402/1322
f 1402/1402/1322 1374/1374/1294 1372/1372/1292
f 1403/1403/1323 1402/1402/1322 1404/1404/1324
f 1404/1404/1324 1372/1372/1292 1369/1369/1289
f 1403/1403/1323 1405/1405/1325 1406/1406/1326
f 1404/1404/1324 1367/1367/1287 1405/1405/1325
f 1406/1406/1326 1355/1355/1277 1358/1358/1279
f 1405/1405/1325 1359/1359/1280 1355/1355/1277
f 1407/1407/1327 1406/1406/1326 1408/1408/1328
f 1408/1408/1328 1358/1358/1279 1339/1339/1265
f 1409/1409/1329 1408/1408/1328 1410/1410/1330
f 1410/1410/1330 1339/1339/1265 1335/1335/1262
f 1409/1409/1329 1411/1411/1331 1407/1407/1327
f 1407/1407/1327 1401/1401/1321 1403/1403/1323
f 1412/1412/1332 1413/1413/1333 1411/1411/1331
f 1411/1411/1331 1399/1399/1319 1401/1401/1321
f 1414/1414/1334 1415/1415/1335 1413/1413/1333
f 1413/1413/1333 1397/1397/1317 1399/1399/1319
f 1416/1416/1336 1417/1417/1337 1415/1415/1335
f 1415/1415/1335 1395/1395/1315 1397/1397/1317
f 1418/1418/1338 1419/1419/1339 1417/1417/1337
f 1417/1417/1337 1394/1394/1314 1395/1395/1315
f 1420/1420/1340 1419/1419/1339 1421/1421/1341
f 1422/1422/1342 1394/1394/1314 1419/1419/1339
f 1423/1423/1343 1422/1422/1342 1420/1420/1340
f 1424/1424/1344 1392/1392/1312 1422/1422/1342
f 1425/1425/1345 1424/1424/1344 1423/1423/1343
f 1426/1426/1346 1390/1390/1310 1424/1424/1344
f 1048/1048/991 1426/1426/1346 1425/1425/1345
f 1050/1050/993 1389/1389/1309 1426/1426/1346
f 1046/1046/989 1425/1425/1345 1427/1427/1347
f 1427/1427/1347 1423/1423/1343 1428/1428/1348
f 1429/1429/1349 1046/1046/989 1427/1427/1347
f 1430/1430/1350 1427/1427/1347 1428/1428/1348
f 1431/1431/1351 1428/1428/1348 1432/1432/1352
f 1428/1428/1348 1420/1420/1340 1432/1432/1352
f 1433/1433/1353 1432/1432/1352 1434/1434/1354
f 1434/1434/1354 1420/1420/1340 1421/1421/1341
f 1435/1435/1355 1434/1434/1354 1436/1436/1356
f 1436/1436/1356 1421/1421/1341 1418/1418/1338
f 1437/1437/1357 1436/1436/1356 1438/1438/1358
f 1438/1438/1358 1418/1418/1338 1416/1416/1336
f 1439/1439/1359 1438/1438/1358 1440/1440/1360
f 1440/1440/1360 1416/1416/1336 1414/1414/1334
f 1441/1441/1361 1440/1440/1360 1442/1442/1362
f 1442/1442/1362 1414/1414/1334 1412/1412/1332
f 1443/1443/1363 1442/1442/1362 1444/1444/1364
f 1444/1444/1364 1412/1412/1332 1409/1409/1329
f 1445/1445/1365 1444/1444/1364 1446/1446/1366
f 1444/1444/1364 1410/1410/1330 1446/1446/1366
f 1333/1333/1260 1446/1446/1366 1330/1330/1258
f 1446/1446/1366 1335/1335/1262 1330/1330/1258
f 842/842/801 1445/1445/1365 840/840/799
f 840/840/799 1333/1333/1260 1447/1447/1367
f 1333/1333/1260 1448/1448/1368 1447/1447/1367
f 841/841/800 1447/1447/1367 1449/1449/1369
f 1447/1447/1367 1450/1450/1370 1449/1449/1369
f 1451/1451/1371 1452/1452/1372 1453/1453/1373
f 1328/1328/1256 1452/1452/1372 1454/1454/1261
f 1449/1449/1369 1455/1455/1374 1456/1456/1375
f 1451/1451/1371 1457/1457/1374 1458/1458/1370
f 1459/1459/1373 1460/1460/1376 1461/1461/1377
f 1461/1461/1377 1462/1462/1378 1463/1463/1379
f 1460/1460/1376 1291/1291/1220 1290/1290/1219
f 1462/1462/1378 1290/1290/1219 1298/1298/1227
f 1464/1464/1380 1298/1298/1227 1301/1301/1230
f 1463/1463/1379 1464/1464/1380 1465/1465/1381
f 1466/1466/1382 1301/1301/1230 1304/1304/1233
f 1465/1465/1381 1466/1466/1382 1467/1467/1383
f 1468/1468/1381 1457/1457/1374 1469/1469/1379
f 1470/1470/1383 1471/1471/1384 1468/1468/1381
f 1456/1456/1375 1472/1472/1385 1473/1473/1386
f 1473/1473/1386 1474/1474/1387 1475/1475/1388
f 1475/1475/1388 1476/1476/1389 1477/1477/1390
f 1478/1478/1391 1479/1479/1387 1470/1470/1383
f 1480/1480/1392 1481/1481/1389 1478/1478/1391
f 1477/1477/1390 1482/1482/1393 1483/1483/1394
f 1483/1483/1394 1484/1484/1395 1485/1485/1396
f 1486/1486/1397 1487/1487/1393 1480/1480/1392
f 1488/1488/1398 1489/1489/1399 1490/1490/1400
f 1490/1490/1400 1491/1491/1401 1492/1492/1402
f 1489/1489/1399 1307/1307/1236 1310/1310/1239
f 1491/1491/1401 1310/1310/1239 1288/1288/1217
f 1493/1493/1403 1288/1288/1217 1287/1287/1216
f 1492/1492/1402 1493/1493/1403 1494/1494/1404
f 1495/1495/1405 1287/1287/1216 1289/1289/1218
f 1496/1496/1406 1493/1493/1403 1495/1495/1405
f 1497/1497/1407 1498/1498/1408 1499/1499/1409
f 1500/1500/1404 1501/1501/1395 1486/1486/1397
f 1485/1485/1396 1502/1502/1410 1503/1503/1411
f 1504/1504/1412 1505/1505/1409 1506/1506/1408
f 1507/1507/1413 1506/1506/1408 1508/1508/1414
f 1509/1509/1406 1510/1510/1415 1498/1498/1408
f 1511/1511/1416 1512/1512/1417 1510/1510/1415
f 1513/1513/1418 1508/1508/1414 1514/1514/1419
f 1515/1515/1420 1514/1514/1419 1516/1516/1421
f 1517/1517/1422 1518/1518/1421 1512/1512/1417
f 1519/1519/1423 1520/1520/1424 1521/1521/1425
f 1522/1522/1426 1521/1521/1425 1523/1523/1427
f 1521/1521/1425 1297/1297/1226 1300/1300/1229
f 1523/1523/1427 1300/1300/1229 1303/1303/1232
f 1524/1524/1428 1303/1303/1232 1306/1306/1235
f 1525/1525/1429 1523/1523/1427 1524/1524/1428
f 1526/1526/1430 1306/1306/1235 1309/1309/1238
f 1525/1525/1429 1526/1526/1430 1527/1527/1431
f 1528/1528/1426 1529/1529/1432 1518/1518/1421
f 1530/1530/1433 1529/1529/1432 1531/1531/1429
f 1532/1532/1434 1516/1516/1421 1533/1533/1435
f 1534/1534/1436 1533/1533/1435 1535/1535/1437
f 1536/1536/1438 1535/1535/1437 1537/1537/1439
f 1530/1530/1433 1538/1538/1440 1539/1539/1441
f 1540/1540/1442 1536/1536/1438 1537/1537/1439
f 1541/1541/1443 1542/1542/1444 1538/1538/1440
f 1527/1527/1431 1543/1543/1445 1544/1544/1443
f 1544/1544/1443 1545/1545/1446 1546/1546/1447
f 1543/1543/1445 1309/1309/1238 1313/1313/1242
f 1543/1543/1445 1315/1315/1244 1545/1545/1446
f 1547/1547/1448 1315/1315/1244 1317/1317/1246
f 1546/1546/1447 1547/1547/1448 1548/1548/1449
f 1279/1279/1208 1317/1317/1246 1283/1283/1212
f 1549/1549/1450 1547/1547/1448 1279/1279/1208
f 1550/1550/1449 1542/1542/1444 1551/1551/1451
f 1277/1277/1206 1552/1552/1452 1550/1550/1449
f 1553/1553/1453 1554/1554/1454 1540/1540/1442
f 1555/1555/1455 1553/1553/1453 1274/1274/1203
f 1556/1556/1456 305/305/298 1554/1554/1454
f 300/300/293 1556/1556/1456 1555/1555/1455
f 1554/1554/1454 1557/1557/1457 1536/1536/1438
f 305/305/298 1558/1558/1458 1557/1557/1457
f 1536/1536/1438 1559/1559/1459 1534/1534/1436
f 1557/1557/1457 1560/1560/1460 1559/1559/1459
f 304/304/297 1561/1561/1461 1558/1558/1458
f 1558/1558/1458 1562/1562/1462 1560/1560/1460
f 306/306/299 1563/1563/1463 1561/1561/1461
f 1561/1561/1461 1564/1564/1464 1562/1562/1462
f 307/307/300 1565/1565/1465 1563/1563/1463
f 1563/1563/1463 1566/1566/1466 1564/1564/1464
f 309/309/302 1567/1567/1467 1565/1565/1465
f 1565/1565/1465 1568/1568/1468 1566/1566/1466
f 311/311/304 1569/1569/1469 1567/1567/1467
f 1567/1567/1467 1570/1570/1470 1568/1568/1468
f 313/313/306 1571/1571/1471 1569/1569/1469
f 1569/1569/1469 1572/1572/1472 1570/1570/1470
f 315/315/308 1573/1573/1473 1571/1571/1471
f 1571/1571/1471 1574/1574/1474 1572/1572/1472
f 317/317/310 1575/1575/1475 1573/1573/1473
f 1575/1575/1475 1574/1574/1474 1573/1573/1473
f 323/323/316 1575/1575/1475 319/319/312
f 484/484/469 1576/1576/1476 1575/1575/1475
f 325/325/318 484/484/469 323/323/316
f 1576/1576/1476 1577/1577/1477 1574/1574/1474
f 483/483/468 1578/1578/1478 1576/1576/1476
f 1578/1578/1478 1579/1579/1479 1577/1577/1477
f 485/485/470 1580/1580/1480 1578/1578/1478
f 1580/1580/1480 1581/1581/1481 1579/1579/1479
f 486/486/471 1582/1582/1482 1580/1580/1480
f 1582/1582/1482 1583/1583/1483 1581/1581/1481
f 488/488/473 1584/1584/1484 1582/1582/1482
f 1584/1584/1484 647/647/622 1583/1583/1483
f 490/490/475 645/645/620 1584/1584/1484
f 1581/1581/1481 1585/1585/1485 1586/1586/1486
f 1583/1583/1483 649/649/624 1585/1585/1485
f 1587/1587/1487 1585/1585/1485 1588/1588/1488
f 1588/1588/1488 649/649/624 651/651/625
f 1589/1589/1489 1588/1588/1488 1590/1590/1490
f 1590/1590/1490 651/651/625 654/654/628
f 1591/1591/1491 1590/1590/1490 1592/1592/1492
f 1592/1592/1492 654/654/628 657/657/631
f 1593/1593/1493 1592/1592/1492 1594/1594/1494
f 1594/1594/1494 657/657/631 660/660/634
f 1595/1595/1495 1594/1594/1494 1596/1596/1496
f 1596/1596/1496 660/660/634 663/663/636
f 1597/1597/1497 1596/1596/1496 1598/1598/1498
f 1598/1598/1498 663/663/636 666/666/638
f 1597/1597/1497 1599/1599/1499 1600/1600/1500
f 1598/1598/1498 670/670/642 1599/1599/1499
f 1600/1600/1500 1507/1507/1413 1513/1513/1418
f 1599/1599/1499 1504/1504/1412 1507/1507/1413
f 670/670/642 1601/1601/1501 1504/1504/1412
f 1602/1602/1502 1600/1600/1500 1603/1603/1503
f 1603/1603/1503 1513/1513/1418 1515/1515/1420
f 1604/1604/1504 1603/1603/1503 1605/1605/1505
f 1605/1605/1505 1515/1515/1420 1532/1532/1434
f 1604/1604/1504 1606/1606/1506 1602/1602/1502
f 1602/1602/1502 1595/1595/1495 1597/1597/1497
f 1607/1607/1507 1608/1608/1508 1606/1606/1506
f 1606/1606/1506 1593/1593/1493 1595/1595/1495
f 1609/1609/1509 1610/1610/1510 1608/1608/1508
f 1608/1608/1508 1591/1591/1491 1593/1593/1493
f 1611/1611/1511 1612/1612/1512 1610/1610/1510
f 1610/1610/1510 1589/1589/1489 1591/1591/1491
f 1613/1613/1513 1614/1614/1514 1612/1612/1512
f 1612/1612/1512 1587/1587/1487 1589/1589/1489
f 1615/1615/1515 1616/1616/1516 1614/1614/1514
f 1614/1614/1514 1586/1586/1486 1587/1587/1487
f 1617/1617/1517 1579/1579/1479 1616/1616/1516
f 1579/1579/1479 1586/1586/1486 1616/1616/1516
f 1572/1572/1472 1577/1577/1477 1617/1617/1517
f 1570/1570/1470 1617/1617/1517 1615/1615/1515
f 1568/1568/1468 1615/1615/1515 1613/1613/1513
f 1566/1566/1466 1613/1613/1513 1611/1611/1511
f 1564/1564/1464 1611/1611/1511 1609/1609/1509
f 1562/1562/1462 1609/1609/1509 1607/1607/1507
f 1560/1560/1460 1607/1607/1507 1604/1604/1504
f 1560/1560/1460 1605/1605/1505 1559/1559/1459
f 1559/1559/1459 1532/1532/1434 1534/1534/1436
f 298/298/291 1555/1555/1455 1265/1265/1195
f 1520/1520/1424 1289/1289/1218 1297/1297/1226
f 1618/1618/1518 1495/1495/1405 1520/1520/1424
f 1619/1619/1519 1503/1503/1411 672/672/641
f 1620/1620/1520 1485/1485/1396 1619/1619/1519
f 1621/1621/1521 1619/1619/1519 671/671/643
f 1622/1622/1522 1620/1620/1520 1621/1621/1521
f 1623/1623/1523 1483/1483/1394 1620/1620/1520
f 835/835/794 1623/1623/1523 1622/1622/1522
f 834/834/793 1477/1477/1390 1623/1623/1523
f 836/836/795 1475/1475/1388 834/834/793
f 1622/1622/1522 1624/1624/1524 1625/1625/1525
f 835/835/794 1625/1625/1525 833/833/792
f 833/833/792 1626/1626/1526 830/830/789
f 1625/1625/1525 1627/1627/1527 1626/1626/1526
f 1624/1624/1524 678/678/648 1627/1627/1527
f 1621/1621/1521 675/675/646 1624/1624/1524
f 1626/1626/1526 1628/1628/1528 1629/1629/1529
f 1627/1627/1527 688/688/657 1628/1628/1528
f 1629/1629/1529 1630/1630/1530 1631/1631/1531
f 1628/1628/1528 690/690/659 1630/1630/1530
f 1631/1631/1531 1632/1632/1532 1633/1633/1533
f 1630/1630/1530 692/692/661 1632/1632/1532
f 1634/1634/1534 1632/1632/1532 1635/1635/1535
f 1635/1635/1535 692/692/661 694/694/663
f 1636/1636/1536 1635/1635/1535 1637/1637/1537
f 1637/1637/1537 694/694/663 707/707/676
f 1638/1638/1538 1637/1637/1537 1639/1639/1539
f 1639/1639/1539 707/707/676 709/709/677
f 1640/1640/1540 1639/1639/1539 1641/1641/1541
f 1641/1641/1541 709/709/677 711/711/679
f 1642/1642/1542 1641/1641/1541 745/745/706
f 806/806/765 1638/1638/1538 1640/1640/1540
f 803/803/762 1640/1640/1540 1642/1642/1542
f 800/800/759 1642/1642/1542 748/748/709
f 809/809/768 1636/1636/1536 1638/1638/1538
f 812/812/771 1634/1634/1534 1636/1636/1536
f 815/815/774 1633/1633/1533 1634/1634/1534
f 824/824/783 1633/1633/1533 818/818/777
f 827/827/786 1631/1631/1531 824/824/783
f 830/830/789 1629/1629/1529 827/827/786
f 1643/1643/1543 1304/1304/1233 1307/1307/1236
f 1467/1467/1383 1643/1643/1543 1488/1488/1398
f 838/838/797 1473/1473/1386 836/836/795
f 841/841/800 1456/1456/1375 838/838/797
f 1644/1644/1544 1292/1292/1221 1291/1291/1220
f 1324/1324/1253 1644/1644/1544 1459/1459/1373
f 1443/1443/1363 843/843/802 1441/1441/1361
f 1441/1441/1361 845/845/804 1439/1439/1359
f 1439/1439/1359 847/847/806 1437/1437/1357
f 1437/1437/1357 849/849/808 1435/1435/1355
f 1435/1435/1355 851/851/810 1433/1433/1353
f 1433/1433/1353 853/853/812 1431/1431/1351
f 1431/1431/1351 854/854/813 1430/1430/1350
f 1429/1429/1349 854/854/813 856/856/815
f 1047/1047/990 856/856/815 858/858/817
f 1249/1249/1179 1645/1645/1545 1366/1366/1285
f 1646/1646/1546 1364/1364/1285 1647/1647/1545
f 1648/1648/1547 1649/1649/1548 1650/1650/1549
f 1254/1254/1184 1651/1651/1550 1251/1251/1181
f 1652/1652/1549 1653/1653/1551 1654/1654/1552
f 1655/1655/1553 1653/1653/1551 1656/1656/1554
f 1657/1657/1555 1305/1305/1234 1653/1653/1551
f 1653/1653/1551 1308/1308/1237 1656/1656/1554
f 1656/1656/1554 1312/1312/1241 1658/1658/1556
f 1659/1659/1282 1656/1656/1554 1658/1658/1556
f 1658/1658/1556 1311/1311/1240 1349/1349/1272
f 1660/1660/1557 1658/1658/1556 1349/1349/1272
f 1661/1661/1558 1302/1302/1231 1657/1657/1555
f 1662/1662/1559 1657/1657/1555 1652/1652/1549
f 1663/1663/1560 1299/1299/1228 1661/1661/1558
f 1664/1664/1561 1661/1661/1558 1662/1662/1559
f 1665/1665/1562 1666/1666/1563 1667/1667/1564
f 1650/1650/1549 1668/1668/1565 1665/1665/1562
f 1260/1260/1190 1669/1669/1566 1257/1257/1187
f 1257/1257/1187 1670/1670/1567 1254/1254/1184
f 1263/1263/1193 1671/1671/1563 1260/1260/1190
f 1667/1667/1564 1672/1672/1568 1673/1673/1569
f 1264/1264/1194 1674/1674/1570 1263/1263/1193
f 1673/1673/1569 1270/1270/1200 1675/1675/1571
f 1676/1676/1572 1677/1677/1573 1678/1678/1574
f 1678/1678/1574 1663/1663/1560 1664/1664/1561
f 1679/1679/1575 1295/1295/1224 1677/1677/1573
f 1677/1677/1573 1294/1294/1223 1663/1663/1560
f 1282/1282/1211 1296/1296/1225 1679/1679/1575
f 1676/1676/1572 1282/1282/1211 1679/1679/1575
f 1261/1261/1191 1680/1680/1576 1681/1681/1577
f 297/297/290 1681/1681/1577 296/296/289
f 296/296/289 1682/1682/1578 293/293/286
f 1681/1681/1577 1683/1683/1579 1682/1682/1578
f 1680/1680/1576 1684/1684/1580 1683/1683/1579
f 1258/1258/1188 1685/1685/1581 1680/1680/1576
f 1685/1685/1581 1686/1686/1582 1684/1684/1580
f 1255/1255/1185 1687/1687/1583 1685/1685/1581
f 1687/1687/1583 1688/1688/1584 1686/1686/1582
f 1252/1252/1182 1689/1689/1585 1687/1687/1583
f 1689/1689/1585 1690/1690/1586 1688/1688/1584
f 1689/1689/1585 1242/1242/1174 1241/1241/1173
f 1686/1686/1582 1691/1691/1587 1692/1692/1588
f 1688/1688/1584 1693/1693/1589 1691/1691/1587
f 1694/1694/1590 1695/1695/1591 1696/1696/1592
f 1196/1196/1129 1696/1696/1592 1245/1245/1176
f 1193/1193/1126 1694/1694/1590 1196/1196/1129
f 1697/1697/1593 1698/1698/1594 1694/1694/1590
f 1699/1699/1595 1700/1700/1596 1698/1698/1594
f 1698/1698/1594 1701/1701/1597 1695/1695/1591
f 1702/1702/1598 1703/1703/1599 1700/1700/1596
f 1700/1700/1596 1704/1704/1600 1701/1701/1597
f 1691/1691/1587 1705/1705/1601 1706/1706/1602
f 1706/1706/1602 1707/1707/1600 1708/1708/1603
f 1708/1708/1603 1709/1709/1604 1710/1710/1605
f 1703/1703/1599 1711/1711/1604 1704/1704/1600
f 1712/1712/1606 1709/1709/1604 1713/1713/1607
f 1714/1714/1608 1715/1715/1609 1711/1711/1604
f 1716/1716/1610 1714/1714/1608 1703/1703/1599
f 1717/1717/1611 1718/1718/1612 1714/1714/1608
f 1719/1719/1613 1720/1720/1614 1718/1718/1612
f 1718/1718/1612 1721/1721/1615 1715/1715/1609
f 1722/1722/1616 1080/1080/1022 1720/1720/1614
f 1720/1720/1614 1723/1723/1617 1721/1721/1615
f 1724/1724/1618 1713/1713/1607 1725/1725/1619
f 1726/1726/1620 1725/1725/1619 1727/1727/1621
f 1728/1728/1622 1727/1727/1621 1729/1729/1623
f 1080/1080/1022 1073/1073/1016 1723/1723/1617
f 1730/1730/1624 1729/1729/1623 1023/1023/967
f 1731/1731/1625 1726/1726/1620 1728/1728/1622
f 1732/1732/1626 1728/1728/1622 1730/1730/1624
f 1732/1732/1626 1021/1021/965 1733/1733/1627
f 1734/1734/1628 1731/1731/1625 1732/1732/1626
f 1734/1734/1628 1733/1733/1627 1735/1735/1629
f 1735/1735/1629 1736/1736/1630 1737/1737/1631
f 1733/1733/1627 1016/1016/960 1736/1736/1630
f 1737/1737/1631 1738/1738/1632 1739/1739/1633
f 1736/1736/1630 1018/1018/962 1738/1738/1632
f 1739/1739/1633 1740/1740/1634 1741/1741/1635
f 1738/1738/1632 976/976/921 1740/1740/1634
f 1741/1741/1635 1742/1742/1636 1743/1743/1637
f 1740/1740/1634 972/972/917 1742/1742/1636
f 1744/1744/1638 1742/1742/1636 1745/1745/1639
f 1745/1745/1639 972/972/917 968/968/913
f 1746/1746/1640 1745/1745/1639 1747/1747/1641
f 1747/1747/1641 968/968/913 970/970/915
f 1748/1748/1642 1747/1747/1641 1749/1749/1643
f 1749/1749/1643 970/970/915 971/971/916
f 1750/1750/1644 1749/1749/1643 1751/1751/1645
f 1751/1751/1645 971/971/916 927/927/873
f 1752/1752/1646 1751/1751/1645 1753/1753/1647
f 1753/1753/1647 927/927/873 924/924/870
f 1754/1754/1648 1753/1753/1647 1755/1755/1649
f 1755/1755/1649 924/924/870 922/922/868
f 1754/1754/1648 1756/1756/100 1757/1757/103
f 1756/1756/100 922/922/868 919/919/96
f 1758/1758/1650 1752/1752/1646 1754/1754/1648
f 1759/1759/105 1754/1754/1648 1757/1757/103
f 1760/1760/1651 1761/1761/1652 1758/1758/1650
f 1762/1762/108 1758/1758/1650 1759/1759/105
f 1763/1763/1653 1764/1764/1654 1761/1761/1652
f 1761/1761/1652 1750/1750/1644 1752/1752/1646
f 1765/1765/1655 1766/1766/1656 1764/1764/1654
f 1764/1764/1654 1748/1748/1642 1750/1750/1644
f 1767/1767/1657 1768/1768/1658 1766/1766/1656
f 1766/1766/1656 1746/1746/1640 1748/1748/1642
f 1769/1769/1659 1770/1770/1660 1768/1768/1658
f 1768/1768/1658 1744/1744/1638 1746/1746/1640
f 1771/1771/1661 1770/1770/1660 1772/1772/1662
f 1773/1773/1663 1744/1744/1638 1770/1770/1660
f 1774/1774/1664 1773/1773/1663 1771/1771/1661
f 1775/1775/1665 1743/1743/1637 1773/1773/1663
f 1776/1776/1666 1775/1775/1665 1774/1774/1664
f 1777/1777/1667 1741/1741/1635 1775/1775/1665
f 1778/1778/1668 1777/1777/1667 1776/1776/1666
f 1779/1779/1669 1739/1739/1633 1777/1777/1667
f 1778/1778/1668 1780/1780/1670 1779/1779/1669
f 1780/1780/1670 1737/1737/1631 1779/1779/1669
f 1781/1781/1671 1782/1782/1672 1780/1780/1670
f 1780/1780/1670 1734/1734/1628 1735/1735/1629
f 1783/1783/1673 1784/1784/1674 1782/1782/1672
f 1782/1782/1672 1785/1785/1675 1734/1734/1628
f 1786/1786/1676 1787/1787/1677 1784/1784/1674
f 1784/1784/1674 1788/1788/1678 1785/1785/1675
f 1789/1789/1679 1790/1790/1680 1787/1787/1677
f 1787/1787/1677 1791/1791/1681 1788/1788/1678
f 1792/1792/1682 1793/1793/1683 1790/1790/1680
f 1790/1790/1680 1794/1794/1684 1791/1791/1681
f 1795/1795/1685 1793/1793/1683 1796/1796/1686
f 1793/1793/1683 1797/1797/1687 1794/1794/1684
f 1798/1798/1688 1799/1799/1689 1795/1795/1685
f 1800/1800/1690 1797/1797/1687 1799/1799/1689
f 1801/1801/1691 1800/1800/1690 1798/1798/1688
f 1802/1802/1692 1803/1803/1693 1800/1800/1690
f 1804/1804/1694 1802/1802/1692 1801/1801/1691
f 1805/1805/1695 1806/1806/1696 1802/1802/1692
f 1682/1682/1578 1805/1805/1695 1804/1804/1694
f 1683/1683/1579 1807/1807/1697 1805/1805/1695
f 1807/1807/1697 1808/1808/1698 1806/1806/1696
f 1684/1684/1580 1692/1692/1588 1807/1807/1697
f 1692/1692/1588 1706/1706/1602 1808/1808/1698
f 1806/1806/1696 1809/1809/1699 1803/1803/1693
f 1808/1808/1698 1708/1708/1603 1809/1809/1699
f 1803/1803/1693 1810/1810/1700 1797/1797/1687
f 1809/1809/1699 1710/1710/1605 1810/1810/1700
f 1794/1794/1684 1810/1810/1700 1811/1811/1701
f 1811/1811/1701 1710/1710/1605 1712/1712/1606
f 1791/1791/1681 1811/1811/1701 1812/1812/1702
f 1812/1812/1702 1712/1712/1606 1724/1724/1618
f 1788/1788/1678 1812/1812/1702 1813/1813/1703
f 1813/1813/1703 1724/1724/1618 1726/1726/1620
f 1785/1785/1675 1813/1813/1703 1731/1731/1625
f 293/293/286 1804/1804/1694 290/290/283
f 290/290/283 1801/1801/1691 287/287/280
f 287/287/280 1798/1798/1688 284/284/277
f 284/284/277 1795/1795/1685 281/281/274
f 281/281/274 1796/1796/1686 275/275/268
f 272/272/265 1796/1796/1686 1792/1792/1682
f 269/269/262 1792/1792/1682 1789/1789/1679
f 265/265/258 1789/1789/1679 1786/1786/1676
f 266/266/259 1786/1786/1676 1783/1783/1673
f 260/260/253 1783/1783/1673 1781/1781/1671
f 257/257/250 1781/1781/1671 1778/1778/1668
f 257/257/250 1776/1776/1666 254/254/247
f 254/254/247 1774/1774/1664 251/251/244
f 251/251/244 1771/1771/1661 248/248/241
f 245/245/238 1771/1771/1661 1772/1772/1662
f 242/242/235 1772/1772/1662 1769/1769/1659
f 239/239/232 1769/1769/1659 1767/1767/1657
f 236/236/229 1767/1767/1657 1765/1765/1655
f 234/234/227 1765/1765/1655 1763/1763/1653
f 231/231/225 1763/1763/1653 1760/1760/1651
f 232/232/111 1760/1760/1651 1762/1762/108
f 1814/1814/1704 1722/1722/1616 1719/1719/1613
f 1815/1815/1705 1079/1079/1021 1722/1722/1616
f 1816/1816/1706 1815/1815/1705 1814/1814/1704
f 1817/1817/1707 1081/1081/1023 1815/1815/1705
f 1818/1818/1046 1816/1816/1706 1819/1819/1049
f 1086/1086/1028 1817/1817/1707 1818/1818/1046
f 1820/1820/1708 1814/1814/1704 1821/1821/1709
f 1819/1819/1049 1820/1820/1708 1822/1822/1052
f 1823/1823/1710 1821/1821/1709 1824/1824/1711
f 1822/1822/1052 1823/1823/1710 1825/1825/1055
f 1824/1824/1711 1717/1717/1611 1716/1716/1610
f 1821/1821/1709 1719/1719/1613 1717/1717/1611
f 1826/1826/1712 1716/1716/1610 1702/1702/1598
f 1827/1827/1713 1824/1824/1711 1826/1826/1712
f 1828/1828/1714 1702/1702/1598 1699/1699/1595
f 1829/1829/1715 1826/1826/1712 1828/1828/1714
f 1830/1830/1716 1827/1827/1713 1829/1829/1715
f 1831/1831/1717 1823/1823/1710 1827/1827/1713
f 1832/1832/1718 1828/1828/1714 1833/1833/1719
f 1830/1830/1716 1832/1832/1718 1834/1834/1064
f 1191/1191/1124 1833/1833/1719 1192/1192/1125
f 1835/1835/1720 1832/1832/1718 1191/1191/1124
f 1192/1192/1125 1697/1697/1593 1193/1193/1126
f 1833/1833/1719 1699/1699/1595 1697/1697/1593
f 1836/1836/1721 1837/1837/1722 1838/1838/1723
f 1839/1839/1724 1838/1838/1723 1840/1840/1725
f 1837/1837/1722 1841/1841/1726 1838/1838/1723
f 1838/1838/1723 1842/1842/1727 1840/1840/1725
f 1841/1841/1726 1843/1843/1728 1844/1844/1729
f 1842/1842/1727 1841/1841/1726 1844/1844/1729
f 1845/1845/1730 1846/1846/1731 1844/1844/1729
f 1847/1847/1732 1845/1845/1730 1844/1844/1729
f 1848/1848/1733 1849/1849/1734 1844/1844/1729
f 1849/1849/1734 1850/1850/1735 1844/1844/1729
f 1846/1846/1731 1851/1851/1736 1844/1844/1729
f 1851/1851/1736 1852/1852/1737 1844/1844/1729
f 1850/1850/1735 1853/1853/1738 1844/1844/1729
f 1854/1854/1739 1855/1855/1740 1844/1844/1729
f 1855/1855/1740 1856/1856/1741 1844/1844/1729
f 1852/1852/1737 1857/1857/1742 1844/1844/1729
f 1853/1853/1738 1858/1858/1743 1844/1844/1729
f 1856/1856/1741 1859/1859/1744 1844/1844/1729
f 1857/1857/1742 1860/1860/1745 1844/1844/1729
f 1861/1861/1746 1854/1854/1739 1844/1844/1729
f 1843/1843/1728 1861/1861/1746 1844/1844/1729
f 1859/1859/1744 1862/1862/1747 1844/1844/1729
f 1860/1860/1745 1842/1842/1727 1844/1844/1729
f 1858/1858/1743 1847/1847/1732 1844/1844/1729
f 1862/1862/1747 1863/1863/1748 1844/1844/1729
f 1863/1863/1748 1848/1848/1733 1844/1844/1729
f 1864/1864/1749 1851/1851/1736 1846/1846/1731
f 1864/1864/1749 1845/1845/1730 1865/1865/1750
f 1866/1866/1751 1867/1867/1752 1864/1864/1749
f 1866/1866/1751 1865/1865/1750 1868/1868/1074
f 1865/1865/1750 1847/1847/1732 1869/1869/1753
f 1868/1868/1074 1869/1869/1753 1870/1870/1754
f 1869/1869/1753 1858/1858/1743 1871/1871/1755
f 1870/1870/1754 1871/1871/1755 1872/1872/1756
f 1871/1871/1755 1853/1853/1738 1873/1873/1757
f 1872/1872/1756 1873/1873/1757 1874/1874/1758
f 1875/1875/1759 1853/1853/1738 1850/1850/1735
f 1876/1876/1760 1873/1873/1757 1875/1875/1759
f 1877/1877/1761 1850/1850/1735 1849/1849/1734
f 1878/1878/1762 1875/1875/1759 1877/1877/1761
f 1879/1879/1763 1849/1849/1734 1848/1848/1733
f 1880/1880/1057 1877/1877/1761 1879/1879/1763
f 1881/1881/1764 1848/1848/1733 1863/1863/1748
f 1882/1882/1054 1879/1879/1763 1881/1881/1764
f 1883/1883/1765 1863/1863/1748 1862/1862/1747
f 1884/1884/1051 1881/1881/1764 1883/1883/1765
f 1883/1883/1765 1859/1859/1744 1885/1885/1766
f 1884/1884/1051 1885/1885/1766 1886/1886/1767
f 1885/1885/1766 1856/1856/1741 1887/1887/1768
f 1886/1886/1767 1887/1887/1768 1888/1888/1769
f 1889/1889/1770 1856/1856/1741 1855/1855/1740
f 1888/1888/1769 1889/1889/1770 1890/1890/1771
f 1891/1891/1772 1855/1855/1740 1854/1854/1739
f 1890/1890/1771 1891/1891/1772 1892/1892/1773
f 1893/1893/1774 1854/1854/1739 1861/1861/1746
f 1892/1892/1773 1893/1893/1774 1894/1894/1038
f 1893/1893/1774 1843/1843/1728 1837/1837/1722
f 1894/1894/1038 1837/1837/1722 1895/1895/1775
f 1867/1867/1752 1852/1852/1737 1851/1851/1736
f 1896/1896/1776 1897/1897/1777 1867/1867/1752
f 1897/1897/1777 1857/1857/1742 1852/1852/1737
f 1898/1898/1778 1899/1899/1779 1897/1897/1777
f 1899/1899/1779 1860/1860/1745 1857/1857/1742
f 1900/1900/1086 1901/1901/1780 1899/1899/1779
f 1840/1840/1725 1860/1860/1745 1901/1901/1780
f 1902/1902/1781 1840/1840/1725 1901/1901/1780
f 800/800/759 749/749/710 752/752/713
f 1903/1903/1782 1904/1904/1783 1905/1905/1784
f 1906/1906/1785 1905/1905/1784 1907/1907/1786
f 1907/1907/1786 1908/1908/1787 1909/1909/1788
f 1904/1904/1783 1908/1908/1787 1905/1905/1784
f 1908/1908/1787 1910/1910/1789 1911/1911/1790
f 1909/1909/1788 1908/1908/1787 1911/1911/1790
f 1912/1912/1791 1913/1913/1792 1911/1911/1790
f 1913/1913/1792 1914/1914/1793 1911/1911/1790
f 1915/1915/1794 1916/1916/1795 1911/1911/1790
f 1916/1916/1795 1917/1917/1796 1911/1911/1790
f 1917/1917/1796 1918/1918/1797 1911/1911/1790
f 1919/1919/1798 1920/1920/1799 1911/1911/1790
f 1920/1920/1799 1921/1921/1800 1911/1911/1790
f 1921/1921/1800 1922/1922/1801 1911/1911/1790
f 1910/1910/1789 1923/1923/1802 1911/1911/1790
f 1924/1924/1803 1915/1915/1794 1911/1911/1790
f 1925/1925/1804 1919/1919/1798 1911/1911/1790
f 1926/1926/1805 1909/1909/1788 1911/1911/1790
f 1914/1914/1793 1924/1924/1803 1911/1911/1790
f 1923/1923/1802 1927/1927/1806 1911/1911/1790
f 1927/1927/1806 1912/1912/1791 1911/1911/1790
f 1928/1928/1807 1926/1926/1805 1911/1911/1790
f 1929/1929/1808 1925/1925/1804 1911/1911/1790
f 1930/1930/1809 1928/1928/1807 1911/1911/1790
f 1918/1918/1797 1929/1929/1808 1911/1911/1790
f 1922/1922/1801 1930/1930/1809 1911/1911/1790
f 1931/1931/1810 1923/1923/1802 1932/1932/1811
f 1932/1932/1811 1910/1910/1789 1904/1904/1783
f 1933/1933/1812 1932/1932/1811 1904/1904/1783
f 1934/1934/1813 1931/1931/1810 1932/1932/1811
f 1931/1931/1810 1912/1912/1791 1927/1927/1806
f 1935/1935/1814 1936/1936/1815 1931/1931/1810
f 1937/1937/1816 1936/1936/1815 1938/1938/1817
f 1936/1936/1815 1913/1913/1792 1912/1912/1791
f 1939/1939/1818 1940/1940/1819 1937/1937/1816
f 1940/1940/1819 1914/1914/1793 1913/1913/1792
f 1941/1941/1820 1942/1942/1821 1939/1939/1818
f 1942/1942/1821 1924/1924/1803 1914/1914/1793
f 1943/1943/1822 1944/1944/1823 1941/1941/1820
f 1945/1945/1824 1924/1924/1803 1944/1944/1823
f 1946/1946/1825 1945/1945/1824 1943/1943/1822
f 1947/1947/1826 1915/1915/1794 1945/1945/1824
f 1948/1948/1827 1947/1947/1826 1946/1946/1825
f 1949/1949/1828 1916/1916/1795 1947/1947/1826
f 1950/1950/537 1949/1949/1828 1948/1948/1827
f 1951/1951/1829 1917/1917/1796 1949/1949/1828
f 1950/1950/537 1952/1952/1830 1951/1951/1829
f 1951/1951/1829 1929/1929/1808 1918/1918/1797
f 1953/1953/1831 1954/1954/1832 1952/1952/1830
f 1952/1952/1830 1925/1925/1804 1929/1929/1808
f 1954/1954/1832 1919/1919/1798 1925/1925/1804
f 1955/1955/1833 1956/1956/1834 1954/1954/1832
f 1956/1956/1834 1920/1920/1799 1919/1919/1798
f 1957/1957/1835 1958/1958/1836 1956/1956/1834
f 1959/1959/551 1958/1958/1836 1960/1960/1837
f 1961/1961/1838 1920/1920/1799 1958/1958/1836
f 1962/1962/1839 1961/1961/1838 1959/1959/551
f 1963/1963/1840 1921/1921/1800 1961/1961/1838
f 1964/1964/1841 1963/1963/1840 1962/1962/1839
f 1965/1965/1842 1922/1922/1801 1963/1963/1840
f 1966/1966/1843 1965/1965/1842 1964/1964/1841
f 1967/1967/1844 1930/1930/1809 1965/1965/1842
f 1968/1968/1845 1967/1967/1844 1966/1966/1843
f 1969/1969/1846 1928/1928/1807 1967/1967/1844
f 1969/1969/1846 1909/1909/1788 1926/1926/1805
f 1968/1968/1845 1907/1907/1786 1969/1969/1846
f 353/353/346 2/2/2 1970/1970/1847
f 1/1/1 1970/1970/1847 2/2/2
f 4/4/4 1/1/1 3/3/3
f 6/6/6 1970/1970/1847 1/1/1
f 7/7/7 1/1/1 4/4/4
f 9/9/5 119/119/116 10/10/9
f 10/10/9 15/15/14 12/12/11
f 13/13/12 7/7/7 8/8/8
f 15/15/14 19/19/18 16/16/15
f 17/17/16 18/18/17 15/15/14
f 18/18/17 20/20/19 19/19/18
f 20/20/19 23/23/22 21/21/20
f 19/19/18 21/21/20 22/22/21
f 23/23/22 26/26/25 24/24/23
f 21/21/20 24/24/23 25/25/24
f 26/26/25 30/30/29 27/27/26
f 24/24/23 27/27/26 28/28/27
f 29/29/28 31/31/30 27/27/26
f 31/31/30 34/34/33 28/28/27
f 32/32/31 33/33/32 31/31/30
f 33/33/32 37/37/36 34/34/33
f 35/35/34 36/36/35 33/33/32
f 36/36/35 40/40/39 37/37/36
f 38/38/37 39/39/38 36/36/35
f 39/39/38 1971/1971/43 40/40/39
f 41/41/40 46/46/44 42/42/41
f 43/43/38 42/42/41 44/44/42
f 46/46/44 49/49/47 47/47/45
f 42/42/41 47/47/45 48/48/46
f 49/49/47 52/52/50 50/50/48
f 47/47/45 50/50/48 51/51/49
f 52/52/50 1972/1972/1848 53/53/51
f 50/50/48 53/53/51 54/54/52
f 53/53/51 1972/1972/1848 55/55/53
f 54/54/52 53/53/51 56/56/54
f 56/56/54 55/55/53 58/58/56
f 57/57/55 56/56/54 59/59/57
f 59/59/57 58/58/56 61/61/59
f 60/60/58 59/59/57 62/62/60
f 62/62/60 61/61/59 64/64/62
f 63/63/61 62/62/60 65/65/63
f 65/65/63 64/64/62 67/67/65
f 66/66/64 65/65/63 68/68/66
f 70/70/68 74/74/72 69/69/67
f 71/71/69 70/70/68 68/68/66
f 72/72/70 73/73/71 70/70/68
f 73/73/71 77/77/75 74/74/72
f 75/75/73 76/76/74 73/73/71
f 76/76/74 80/80/78 77/77/75
f 78/78/76 79/79/77 76/76/74
f 79/79/77 83/83/81 80/80/78
f 78/78/76 84/84/82 81/81/79
f 79/79/77 81/81/79 82/82/80
f 84/84/82 87/87/85 85/85/83
f 85/85/83 89/89/87 82/82/80
f 86/86/84 88/88/86 85/85/83
f 88/88/86 92/92/90 89/89/87
f 90/90/88 91/91/89 88/88/86
f 91/91/89 95/95/93 92/92/90
f 93/93/91 94/94/92 91/91/89
f 94/94/92 1973/1973/866 95/95/93
f 96/96/91 1974/1974/1849 97/97/94
f 98/98/95 97/97/94 99/99/96
f 97/97/94 1974/1974/1849 101/101/98
f 99/99/96 97/97/94 102/102/99
f 102/102/99 101/101/98 104/104/101
f 102/102/99 105/105/102 106/106/103
f 104/104/101 109/109/106 107/107/104
f 106/106/103 105/105/102 107/107/104
f 109/109/106 1975/1975/1850 110/110/107
f 108/108/105 107/107/104 110/110/107
f 110/110/107 1975/1975/1850 112/112/109
f 111/111/108 110/110/107 113/113/110
f 113/113/110 112/112/109 115/115/112
f 114/114/111 113/113/110 116/116/113
f 116/116/113 115/115/112 118/118/115
f 117/117/114 116/116/113 119/119/116
f 119/119/116 118/118/115 17/17/16
f 120/120/117 228/228/223 121/121/118
f 120/120/117 122/122/119 123/123/120
f 123/123/120 122/122/119 125/125/122
f 122/122/119 121/121/118 127/127/124
f 162/162/159 137/137/134 161/161/158
f 164/164/161 138/138/135 137/137/134
f 165/165/162 162/162/159 163/163/160
f 167/167/164 164/164/161 162/162/159
f 168/168/165 169/169/166 164/164/161
f 169/169/166 132/132/129 138/138/135
f 124/124/121 123/123/120 169/169/166
f 123/123/120 126/126/123 132/132/129
f 166/166/163 163/163/160 170/170/167
f 163/163/160 161/161/158 159/159/156
f 171/171/168 170/170/167 172/172/169
f 170/170/167 159/159/156 155/155/152
f 173/173/170 172/172/169 174/174/171
f 172/172/169 155/155/152 154/154/151
f 175/175/172 174/174/171 176/176/173
f 174/174/171 154/154/151 144/144/141
f 178/178/175 177/177/174 176/176/173
f 176/176/173 144/144/141 142/142/139
f 180/180/177 178/178/175 179/179/176
f 179/179/176 142/142/139 140/140/137
f 182/182/179 180/180/177 181/181/178
f 181/181/178 140/140/137 136/136/133
f 184/184/181 182/182/179 183/183/180
f 183/183/180 136/136/133 135/135/132
f 186/186/183 184/184/181 185/185/182
f 185/185/182 135/135/132 134/134/131
f 188/188/53 186/186/183 187/187/184
f 187/187/184 134/134/131 133/133/130
f 190/190/56 188/188/53 189/189/185
f 191/191/186 189/189/185 133/133/130
f 192/192/187 190/190/56 191/191/186
f 193/193/188 191/191/186 130/130/127
f 194/194/189 192/192/187 193/193/188
f 195/195/190 193/193/188 129/129/126
f 196/196/191 195/195/190 131/131/128
f 197/197/192 194/194/189 195/195/190
f 197/197/192 196/196/191 198/198/193
f 198/198/193 196/196/191 158/158/155
f 199/199/194 198/198/193 200/200/195
f 198/198/193 157/157/154 160/160/157
f 201/201/196 200/200/195 202/202/197
f 200/200/195 160/160/157 156/156/153
f 203/203/198 202/202/197 204/204/199
f 204/204/199 202/202/197 156/156/153
f 205/205/200 204/204/199 206/206/201
f 206/206/201 204/204/199 153/153/150
f 207/207/202 206/206/201 208/208/203
f 208/208/203 206/206/201 152/152/149
f 209/209/204 208/208/203 210/210/205
f 210/210/205 208/208/203 151/151/148
f 211/211/206 210/210/205 212/212/207
f 212/212/207 210/210/205 149/149/146
f 213/213/208 212/212/207 214/214/209
f 214/214/209 212/212/207 148/148/145
f 215/215/210 214/214/209 216/216/211
f 216/216/211 214/214/209 147/147/144
f 217/217/212 216/216/211 218/218/213
f 218/218/213 216/216/211 146/146/143
f 220/220/215 219/219/214 218/218/213
f 221/221/216 218/218/213 150/150/147
f 222/222/217 220/220/215 221/221/216
f 223/223/218 221/221/216 145/145/142
f 224/224/219 222/222/217 223/223/218
f 225/225/220 223/223/218 143/143/140
f 226/226/221 224/224/219 225/225/220
f 227/227/222 225/225/220 141/141/138
f 228/228/223 226/226/221 227/227/222
f 121/121/118 227/227/222 139/139/136
f 5/5/5 3/3/3 229/229/224
f 230/230/114 229/229/224 231/231/225
f 3/3/3 2/2/2 233/233/226
f 229/229/224 233/233/226 234/234/227
f 235/235/228 238/238/231 233/233/226
f 233/233/226 238/238/231 236/236/229
f 237/237/230 241/241/234 238/238/231
f 238/238/231 241/241/234 239/239/232
f 240/240/233 244/244/237 241/241/234
f 241/241/234 244/244/237 242/242/235
f 243/243/236 247/247/240 244/244/237
f 244/244/237 247/247/240 245/245/238
f 246/246/239 250/250/243 247/247/240
f 247/247/240 250/250/243 248/248/241
f 246/246/239 252/252/245 249/249/242
f 250/250/243 249/249/242 251/251/244
f 252/252/245 255/255/248 253/253/246
f 249/249/242 253/253/246 254/254/247
f 255/255/248 258/258/251 256/256/249
f 253/253/246 256/256/249 257/257/250
f 258/258/251 262/262/255 259/259/252
f 256/256/249 259/259/252 260/260/253
f 261/261/254 263/263/256 259/259/252
f 263/263/256 266/266/259 260/260/253
f 261/261/254 267/267/260 264/264/257
f 263/263/256 264/264/257 265/265/258
f 267/267/260 270/270/263 268/268/261
f 264/264/257 268/268/261 269/269/262
f 270/270/263 273/273/266 271/271/264
f 268/268/261 271/271/264 272/272/265
f 273/273/266 277/277/270 274/274/267
f 271/271/264 274/274/267 275/275/268
f 276/276/269 278/278/271 274/274/267
f 278/278/271 281/281/274 275/275/268
f 279/279/272 280/280/273 278/278/271
f 280/280/273 284/284/277 281/281/274
f 282/282/275 283/283/276 280/280/273
f 283/283/276 287/287/280 284/284/277
f 285/285/278 286/286/279 283/283/276
f 286/286/279 290/290/283 287/287/280
f 288/288/281 289/289/282 286/286/279
f 289/289/282 293/293/286 290/290/283
f 291/291/284 292/292/285 289/289/282
f 292/292/285 296/296/289 293/293/286
f 294/294/287 295/295/288 292/292/285
f 295/295/288 297/297/290 296/296/289
f 297/297/290 295/295/288 298/298/291
f 295/295/288 294/294/287 300/300/293
f 294/294/287 302/302/295 301/301/294
f 302/302/295 294/294/287 291/291/284
f 301/301/294 302/302/295 304/304/297
f 302/302/295 303/303/296 306/306/299
f 303/303/296 308/308/301 307/307/300
f 303/303/296 291/291/284 288/288/281
f 308/308/301 310/310/303 309/309/302
f 308/308/301 288/288/281 285/285/278
f 310/310/303 312/312/305 311/311/304
f 310/310/303 285/285/278 282/282/275
f 312/312/305 314/314/307 313/313/306
f 312/312/305 282/282/275 279/279/272
f 314/314/307 316/316/309 315/315/308
f 314/314/307 279/279/272 276/276/269
f 316/316/309 318/318/311 317/317/310
f 316/316/309 276/276/269 277/277/270
f 318/318/311 320/320/313 319/319/312
f 318/318/311 277/277/270 273/273/266
f 321/321/314 323/323/316 319/319/312
f 321/321/314 320/320/313 273/273/266
f 322/322/315 325/325/318 323/323/316
f 322/322/315 321/321/314 270/270/263
f 324/324/317 327/327/320 325/325/318
f 324/324/317 322/322/315 267/267/260
f 324/324/317 328/328/321 326/326/319
f 328/328/321 324/324/317 261/261/254
f 327/327/320 331/331/324 329/329/322
f 327/327/320 326/326/319 330/330/323
f 330/330/323 326/326/319 332/332/325
f 328/328/321 336/336/329 332/332/325
f 333/333/326 332/332/325 334/334/327
f 336/336/329 337/337/330 334/334/327
f 336/336/329 258/258/251 255/255/248
f 328/328/321 262/262/255 258/258/251
f 337/337/330 339/339/332 338/338/331
f 337/337/330 255/255/248 252/252/245
f 339/339/332 341/341/334 340/340/333
f 339/339/332 252/252/245 246/246/239
f 335/335/328 334/334/327 338/338/331
f 338/338/331 340/340/333 343/343/336
f 340/340/333 345/345/338 344/344/337
f 341/341/334 347/347/340 345/345/338
f 345/345/338 348/348/341 346/346/339
f 347/347/340 349/349/342 348/348/341
f 347/347/340 243/243/236 240/240/233
f 341/341/334 246/246/239 243/243/236
f 349/349/342 351/351/344 350/350/343
f 349/349/342 240/240/233 237/237/230
f 351/351/344 353/353/346 352/352/345
f 351/351/344 237/237/230 235/235/228
f 348/348/341 350/350/343 354/354/347
f 350/350/343 352/352/345 355/355/348
f 352/352/345 6/6/6 356/356/349
f 353/353/346 1970/1970/1847 6/6/6
f 356/356/349 6/6/6 7/7/7
f 355/355/348 356/356/349 357/357/350
f 357/357/350 356/356/349 13/13/12
f 359/359/352 13/13/12 14/14/13
f 361/361/353 357/357/350 359/359/352
f 362/362/354 359/359/352 360/360/21
f 364/364/356 361/361/353 362/362/354
f 365/365/357 362/362/354 363/363/355
f 364/364/356 365/365/357 367/367/359
f 365/365/357 366/366/358 369/369/361
f 370/370/362 368/368/360 367/367/359
f 367/367/359 369/369/361 372/372/36
f 373/373/364 370/370/362 371/371/363
f 371/371/363 372/372/36 375/375/366
f 373/373/364 374/374/365 376/376/367
f 376/376/367 374/374/365 375/375/366
f 379/379/369 385/385/373 380/380/370
f 382/382/42 379/379/369 381/381/371
f 384/384/372 389/389/375 380/380/370
f 386/386/374 373/373/364 377/377/368
f 388/388/376 394/394/377 389/389/375
f 390/390/377 460/460/445 386/386/374
f 391/391/378 460/460/445 390/390/377
f 388/388/376 399/399/385 393/393/380
f 395/395/381 399/399/385 388/388/376
f 396/396/382 388/388/376 384/384/372
f 398/398/384 400/400/386 399/399/385
f 400/400/386 403/403/389 393/393/380
f 401/401/387 402/402/388 400/400/386
f 402/402/388 406/406/392 403/403/389
f 404/404/390 405/405/391 402/402/388
f 405/405/391 409/409/395 406/406/392
f 407/407/393 411/411/397 405/405/391
f 405/405/391 411/411/397 408/408/394
f 410/410/396 412/412/398 411/411/397
f 412/412/398 421/421/407 408/408/394
f 413/413/399 478/478/463 414/414/400
f 416/416/402 478/478/463 413/413/399
f 418/418/404 416/416/402 417/417/403
f 412/412/398 422/422/408 420/420/406
f 422/422/408 744/744/705 423/423/409
f 424/424/410 418/418/404 419/419/405
f 426/426/411 427/427/412 418/418/404
f 427/427/412 430/430/415 416/416/402
f 428/428/413 429/429/414 427/427/412
f 429/429/414 432/432/417 430/430/415
f 428/428/413 433/433/418 431/431/416
f 431/431/416 436/436/421 432/432/417
f 433/433/418 437/437/422 434/434/419
f 431/431/416 434/434/419 435/435/420
f 437/437/422 440/440/425 438/438/423
f 434/434/419 438/438/423 439/439/424
f 331/331/324 330/330/323 438/438/423
f 438/438/423 330/330/323 333/333/326
f 439/439/424 442/442/427 441/441/426
f 439/439/424 333/333/326 335/335/328
f 442/442/427 444/444/429 443/443/428
f 442/442/427 335/335/328 342/342/335
f 443/443/428 444/444/429 445/445/430
f 444/444/429 342/342/335 343/343/336
f 446/446/431 445/445/430 447/447/432
f 445/445/430 343/343/336 344/344/337
f 448/448/433 447/447/432 449/449/434
f 447/447/432 344/344/337 346/346/339
f 450/450/435 449/449/434 451/451/436
f 449/449/434 346/346/339 354/354/347
f 452/452/437 451/451/436 358/358/351
f 354/354/347 355/355/348 358/358/351
f 453/453/438 358/358/351 357/357/350
f 454/454/439 452/452/437 453/453/438
f 455/455/440 453/453/438 361/361/353
f 456/456/441 454/454/439 455/455/440
f 457/457/442 455/455/440 364/364/356
f 458/458/443 456/456/441 457/457/442
f 459/459/444 457/457/442 368/368/360
f 460/460/445 458/458/443 459/459/444
f 386/386/374 459/459/444 370/370/362
f 461/461/446 463/463/448 456/456/441
f 391/391/378 461/461/446 458/458/443
f 462/462/447 465/465/450 463/463/448
f 464/464/449 462/462/447 461/461/446
f 465/465/450 467/467/452 466/466/451
f 463/463/448 466/466/451 454/454/439
f 467/467/452 448/448/433 450/450/435
f 466/466/451 450/450/435 452/452/437
f 468/468/453 446/446/431 448/448/433
f 469/469/454 468/468/453 467/467/452
f 443/443/428 446/446/431 468/468/453
f 470/470/455 468/468/453 469/469/454
f 471/471/456 469/469/454 472/472/457
f 472/472/457 469/469/454 465/465/450
f 473/473/458 472/472/457 474/474/459
f 472/472/457 462/462/447 464/464/449
f 414/414/400 474/474/459 475/475/460
f 474/474/459 464/464/449 476/476/461
f 464/464/449 391/391/378 392/392/379
f 477/477/462 473/473/458 414/414/400
f 479/479/464 471/471/456 473/473/458
f 432/432/417 479/479/464 477/477/462
f 430/430/415 477/477/462 478/478/463
f 436/436/421 480/480/465 479/479/464
f 480/480/465 470/470/455 471/471/456
f 435/435/420 441/441/426 480/480/465
f 441/441/426 443/443/428 470/470/455
f 440/440/425 437/437/422 481/481/466
f 331/331/324 440/440/425 482/482/467
f 329/329/322 482/482/467 483/483/468
f 482/482/467 481/481/466 485/485/470
f 481/481/466 487/487/472 486/486/471
f 437/437/422 433/433/418 487/487/472
f 487/487/472 489/489/474 488/488/473
f 433/433/418 428/428/413 489/489/474
f 489/489/474 491/491/476 490/490/475
f 428/428/413 426/426/411 491/491/476
f 491/491/476 493/493/478 492/492/477
f 426/426/411 424/424/410 493/493/478
f 493/493/478 495/495/480 494/494/479
f 424/424/410 425/425/409 495/495/480
f 496/496/480 500/500/484 497/497/481
f 499/499/483 502/502/486 500/500/484
f 500/500/484 503/503/487 501/501/485
f 502/502/486 512/512/496 503/503/487
f 504/504/488 1976/1976/1851 505/505/489
f 507/507/491 504/504/488 506/506/490
f 509/509/493 507/507/491 508/508/492
f 511/511/495 514/514/498 503/503/487
f 513/513/497 520/520/502 514/514/498
f 515/515/497 509/509/493 510/510/494
f 517/517/500 515/515/497 516/516/499
f 519/519/500 523/523/505 520/520/502
f 514/514/498 520/520/502 521/521/503
f 523/523/505 592/592/573 521/521/503
f 524/524/506 530/530/512 525/525/507
f 527/527/509 524/524/506 526/526/508
f 529/529/511 591/591/572 530/530/512
f 531/531/513 529/529/511 524/524/506
f 532/532/513 535/535/516 533/533/514
f 535/535/516 1977/1977/500 536/536/517
f 534/534/515 533/533/514 537/537/518
f 533/533/514 536/536/517 539/539/520
f 538/538/519 537/537/518 540/540/521
f 537/537/518 539/539/520 542/542/523
f 541/541/522 540/540/521 543/543/524
f 540/540/521 542/542/523 545/545/526
f 544/544/525 543/543/524 546/546/527
f 543/543/524 545/545/526 548/548/529
f 547/547/528 546/546/527 549/549/530
f 546/546/527 548/548/529 551/551/532
f 550/550/531 549/549/530 552/552/533
f 549/549/530 551/551/532 554/554/535
f 553/553/534 552/552/533 555/555/536
f 552/552/533 554/554/535 557/557/538
f 556/556/537 555/555/536 558/558/539
f 555/555/536 557/557/538 560/560/541
f 559/559/540 558/558/539 561/561/542
f 558/558/539 560/560/541 563/563/544
f 562/562/543 561/561/542 564/564/545
f 561/561/542 563/563/544 566/566/547
f 567/567/548 564/564/545 566/566/547
f 569/569/550 565/565/546 564/564/545
f 570/570/551 569/569/550 567/567/548
f 571/571/552 567/567/548 568/568/549
f 573/573/554 570/570/551 571/571/552
f 574/574/555 571/571/552 572/572/553
f 576/576/557 573/573/554 574/574/555
f 577/577/558 574/574/555 575/575/556
f 579/579/560 576/576/557 577/577/558
f 580/580/561 577/577/558 578/578/559
f 582/582/563 579/579/560 580/580/561
f 583/583/564 580/580/561 581/581/562
f 585/585/566 582/582/563 583/583/564
f 586/586/567 583/583/564 584/584/565
f 588/588/569 585/585/566 586/586/567
f 589/589/570 586/586/567 587/587/568
f 591/591/572 588/588/569 589/589/570
f 530/530/512 589/589/570 590/590/571
f 592/592/573 594/594/571 593/593/574
f 594/594/571 600/600/568 595/595/575
f 596/596/576 593/593/574 595/595/575
f 522/522/504 521/521/503 593/593/574
f 597/597/577 595/595/575 598/598/578
f 600/600/568 603/603/582 598/598/578
f 599/599/579 598/598/578 601/601/580
f 603/603/582 606/606/562 601/601/580
f 602/602/581 601/601/580 604/604/583
f 606/606/562 609/609/587 604/604/583
f 605/605/584 604/604/583 607/607/585
f 609/609/587 612/612/556 607/607/585
f 608/608/586 607/607/585 610/610/588
f 612/612/556 615/615/592 610/610/588
f 611/611/589 610/610/588 613/613/590
f 615/615/592 617/617/549 613/613/590
f 613/613/590 618/618/594 616/616/593
f 617/617/549 619/619/595 618/618/594
f 619/619/595 743/743/544 620/620/596
f 618/618/594 620/620/596 621/621/597
f 616/616/593 621/621/597 622/622/598
f 614/614/591 616/616/593 623/623/599
f 623/623/599 622/622/598 625/625/601
f 627/627/603 624/624/600 623/623/599
f 628/628/604 629/629/605 624/624/600
f 629/629/605 611/611/589 614/614/591
f 630/630/606 631/631/607 629/629/605
f 631/631/607 608/608/586 611/611/589
f 632/632/608 633/633/609 631/631/607
f 633/633/609 605/605/584 608/608/586
f 634/634/610 635/635/611 633/633/609
f 635/635/611 602/602/581 605/605/584
f 636/636/612 637/637/613 635/635/611
f 637/637/613 599/599/579 602/602/581
f 638/638/614 639/639/615 637/637/613
f 639/639/615 597/597/577 599/599/579
f 640/640/616 641/641/617 639/639/615
f 641/641/617 596/596/576 597/597/577
f 497/497/481 501/501/485 641/641/617
f 501/501/485 522/522/504 596/596/576
f 503/503/487 514/514/498 522/522/504
f 642/642/618 640/640/616 638/638/614
f 498/498/482 497/497/481 640/640/616
f 492/492/477 494/494/479 644/644/618
f 645/645/620 644/644/618 646/646/621
f 647/647/622 646/646/621 648/648/623
f 643/643/619 638/638/614 636/636/612
f 651/651/625 649/649/624 648/648/623
f 650/650/623 636/636/612 634/634/610
f 654/654/628 651/651/625 652/652/626
f 653/653/627 634/634/610 632/632/608
f 657/657/631 654/654/628 655/655/629
f 656/656/630 632/632/608 630/630/606
f 660/660/634 657/657/631 658/658/632
f 659/659/633 630/630/606 628/628/604
f 663/663/636 660/660/634 661/661/635
f 662/662/635 628/628/604 627/627/603
f 666/666/638 663/663/636 664/664/637
f 627/627/603 626/626/602 668/668/640
f 666/666/638 667/667/639 669/669/641
f 671/671/643 1619/1619/1519 672/672/641
f 671/671/643 673/673/644 674/674/645
f 626/626/602 625/625/601 676/676/645
f 675/675/646 674/674/645 677/677/647
f 625/625/601 680/680/649 679/679/647
f 622/622/598 681/681/650 680/680/649
f 681/681/650 684/684/653 682/682/651
f 680/680/649 682/682/651 683/683/652
f 684/684/653 698/698/667 685/685/654
f 682/682/651 685/685/654 686/686/655
f 678/678/648 677/677/647 687/687/656
f 688/688/657 687/687/656 689/689/658
f 690/690/659 689/689/658 691/691/660
f 685/685/654 696/696/665 693/693/662
f 694/694/663 692/692/661 691/691/660
f 696/696/665 700/700/669 697/697/666
f 698/698/667 699/699/668 696/696/665
f 699/699/668 701/701/670 700/700/669
f 701/701/670 704/704/673 702/702/671
f 700/700/669 702/702/671 703/703/672
f 704/704/673 717/717/684 705/705/674
f 702/702/671 705/705/674 706/706/675
f 707/707/676 694/694/663 695/695/664
f 709/709/677 707/707/676 708/708/672
f 711/711/679 709/709/677 710/710/678
f 705/705/674 716/716/683 713/713/681
f 714/714/682 711/711/679 712/712/680
f 716/716/683 506/506/490 505/505/489
f 717/717/684 718/718/685 716/716/683
f 508/508/492 506/506/490 716/716/683
f 719/719/686 720/720/687 718/718/685
f 510/510/494 508/508/492 718/718/685
f 721/721/688 720/720/687 719/719/686
f 516/516/499 510/510/494 720/720/687
f 723/723/520 721/721/688 722/722/689
f 518/518/501 516/516/499 721/721/688
f 725/725/691 722/722/689 719/719/686
f 724/724/690 722/722/689 725/725/691
f 728/728/693 725/725/691 726/726/692
f 727/727/526 725/725/691 728/728/693
f 729/729/694 726/726/692 704/704/673
f 726/726/692 719/719/686 717/717/684
f 731/731/695 729/729/694 701/701/670
f 732/732/696 728/728/693 729/729/694
f 733/733/697 731/731/695 699/699/668
f 734/734/698 732/732/696 731/731/695
f 735/735/699 736/736/700 732/732/696
f 730/730/529 728/728/693 732/732/696
f 737/737/701 734/734/698 733/733/697
f 739/739/538 735/735/699 734/734/698
f 740/740/703 737/737/701 738/738/702
f 742/742/541 739/739/538 737/737/701
f 741/741/704 738/738/702 684/684/653
f 738/738/702 733/733/697 698/698/667
f 621/621/597 741/741/704 681/681/650
f 620/620/596 740/740/703 741/741/704
f 743/743/544 742/742/541 740/740/703
f 744/744/705 714/714/682 715/715/489
f 745/745/706 1641/1641/1541 711/711/679
f 746/746/707 745/745/706 714/714/682
f 746/746/707 744/744/705 422/422/408
f 748/748/709 1642/1642/1542 745/745/706
f 748/748/709 746/746/707 747/747/708
f 749/749/710 747/747/708 410/410/396
f 747/747/708 422/422/408 412/412/398
f 750/750/711 410/410/396 407/407/393
f 752/752/713 749/749/710 750/750/711
f 753/753/714 750/750/711 751/751/712
f 754/754/715 751/751/712 755/755/716
f 751/751/712 407/407/393 404/404/390
f 756/756/717 755/755/716 757/757/718
f 755/755/716 404/404/390 401/401/387
f 758/758/719 757/757/718 759/759/720
f 757/757/718 401/401/387 398/398/384
f 760/760/721 759/759/720 761/761/722
f 761/761/722 759/759/720 398/398/384
f 763/763/724 762/762/723 761/761/722
f 764/764/725 761/761/722 395/395/381
f 765/765/726 763/763/724 764/764/725
f 766/766/727 764/764/725 396/396/382
f 767/767/728 765/765/726 766/766/727
f 768/768/729 766/766/727 397/397/383
f 397/397/383 384/384/372 385/385/373
f 768/768/729 769/769/730 770/770/731
f 769/769/730 385/385/373 379/379/369
f 771/771/732 770/770/731 772/772/46
f 770/770/731 379/379/369 382/382/42
f 774/774/733 767/767/728 768/768/729
f 775/775/734 774/774/733 771/771/732
f 776/776/735 778/778/737 767/767/728
f 777/777/736 776/776/735 774/774/733
f 778/778/737 780/780/739 765/765/726
f 779/779/738 782/782/741 780/780/739
f 781/781/740 779/779/738 778/778/737
f 782/782/741 784/784/743 783/783/742
f 780/780/739 783/783/742 763/763/724
f 784/784/743 787/787/746 785/785/744
f 783/783/742 785/785/744 762/762/723
f 786/786/745 788/788/747 785/785/744
f 788/788/747 760/760/721 762/762/723
f 789/789/748 790/790/749 788/788/747
f 790/790/749 758/758/719 760/760/721
f 791/791/750 792/792/751 790/790/749
f 792/792/751 756/756/717 758/758/719
f 793/793/752 794/794/753 792/792/751
f 794/794/753 754/754/715 756/756/717
f 795/795/754 796/796/755 794/794/753
f 796/796/755 753/753/714 754/754/715
f 795/795/754 799/799/758 797/797/756
f 797/797/756 752/752/713 753/753/714
f 798/798/757 802/802/761 797/797/756
f 797/797/756 802/802/761 800/800/759
f 798/798/757 804/804/763 801/801/760
f 802/802/761 801/801/760 803/803/762
f 804/804/763 807/807/766 805/805/764
f 801/801/760 805/805/764 806/806/765
f 807/807/766 810/810/769 808/808/767
f 805/805/764 808/808/767 809/809/768
f 810/810/769 813/813/772 811/811/770
f 808/808/767 811/811/770 812/812/771
f 813/813/772 816/816/775 814/814/773
f 811/811/770 814/814/773 815/815/774
f 816/816/775 820/820/779 817/817/776
f 814/814/773 817/817/776 818/818/777
f 819/819/778 821/821/780 817/817/776
f 821/821/780 824/824/783 818/818/777
f 822/822/781 823/823/782 821/821/780
f 823/823/782 827/827/786 824/824/783
f 825/825/784 826/826/785 823/823/782
f 826/826/785 830/830/789 827/827/786
f 828/828/787 829/829/788 826/826/785
f 829/829/788 833/833/792 830/830/789
f 831/831/790 832/832/791 829/829/788
f 832/832/791 835/835/794 833/833/792
f 832/832/791 836/836/795 834/834/793
f 831/831/790 838/838/797 836/836/795
f 837/837/796 841/841/800 838/838/797
f 837/837/796 831/831/790 828/828/787
f 837/837/796 842/842/801 840/840/799
f 842/842/801 837/837/796 839/839/798
f 843/843/802 839/839/798 844/844/803
f 839/839/798 828/828/787 825/825/784
f 845/845/804 844/844/803 846/846/805
f 844/844/803 825/825/784 822/822/781
f 847/847/806 846/846/805 848/848/807
f 846/846/805 822/822/781 819/819/778
f 849/849/808 848/848/807 850/850/809
f 848/848/807 819/819/778 820/820/779
f 851/851/810 850/850/809 852/852/811
f 852/852/811 850/850/809 820/820/779
f 854/854/813 853/853/812 852/852/811
f 855/855/814 852/852/811 816/816/775
f 856/856/815 854/854/813 855/855/814
f 857/857/816 855/855/814 813/813/772
f 858/858/817 856/856/815 857/857/816
f 859/859/818 857/857/816 810/810/769
f 860/860/819 858/858/817 859/859/818
f 861/861/820 859/859/818 807/807/766
f 862/862/821 860/860/819 861/861/820
f 863/863/822 861/861/820 804/804/763
f 864/864/823 862/862/821 863/863/822
f 863/863/822 798/798/757 799/799/758
f 866/866/825 864/864/823 865/865/824
f 865/865/824 799/799/758 795/795/754
f 868/868/827 866/866/825 867/867/826
f 867/867/826 795/795/754 793/793/752
f 870/870/829 868/868/827 869/869/828
f 869/869/828 793/793/752 791/791/750
f 872/872/831 870/870/829 871/871/830
f 871/871/830 791/791/750 789/789/748
f 874/874/833 872/872/831 873/873/832
f 875/875/834 873/873/832 789/789/748
f 874/874/833 875/875/834 876/876/835
f 875/875/834 786/786/745 787/787/746
f 877/877/836 876/876/835 878/878/837
f 876/876/835 787/787/746 784/784/743
f 880/880/839 879/879/838 878/878/837
f 878/878/837 784/784/743 782/782/741
f 880/880/839 881/881/840 882/882/841
f 881/881/840 782/782/741 779/779/738
f 883/883/842 882/882/841 884/884/843
f 884/884/843 882/882/841 779/779/738
f 886/886/64 885/885/844 884/884/843
f 887/887/845 884/884/843 781/781/740
f 888/888/58 781/781/740 776/776/735
f 889/889/846 893/893/848 883/883/842
f 890/890/67 889/889/846 885/885/844
f 889/889/846 890/890/67 891/891/72
f 893/893/848 889/889/846 892/892/847
f 895/895/850 894/894/849 892/892/847
f 892/892/847 891/891/72 897/897/75
f 898/898/852 895/895/850 896/896/851
f 896/896/851 897/897/75 900/900/78
f 898/898/852 899/899/853 901/901/854
f 899/899/853 900/900/78 903/903/81
f 902/902/855 901/901/854 904/904/856
f 901/901/854 903/903/81 906/906/80
f 905/905/857 904/904/856 907/907/858
f 904/904/856 906/906/80 909/909/87
f 908/908/859 907/907/858 910/910/860
f 907/907/858 909/909/87 912/912/90
f 913/913/862 911/911/861 910/910/860
f 910/910/860 912/912/90 915/915/93
f 916/916/864 913/913/862 914/914/863
f 914/914/863 915/915/93 918/918/866
f 919/919/96 922/922/868 920/920/867
f 922/922/868 924/924/870 923/923/869
f 924/924/870 927/927/873 925/925/871
f 926/926/872 930/930/875 913/913/862
f 927/927/873 971/971/916 928/928/874
f 929/929/874 932/932/877 930/930/875
f 931/931/876 934/934/879 930/930/875
f 930/930/875 934/934/879 911/911/861
f 933/933/878 935/935/880 934/934/879
f 935/935/880 908/908/859 911/911/861
f 936/936/881 937/937/882 935/935/880
f 937/937/882 905/905/857 908/908/859
f 938/938/883 939/939/884 937/937/882
f 939/939/884 902/902/855 905/905/857
f 940/940/885 941/941/886 939/939/884
f 941/941/886 898/898/852 902/902/855
f 942/942/887 944/944/889 941/941/886
f 941/941/886 944/944/889 895/895/850
f 943/943/888 945/945/890 944/944/889
f 945/945/890 894/894/849 895/895/850
f 946/946/891 947/947/892 945/945/890
f 947/947/892 893/893/848 894/894/849
f 893/893/848 947/947/892 880/880/839
f 947/947/892 946/946/891 879/879/838
f 946/946/891 948/948/893 877/877/836
f 948/948/893 946/946/891 943/943/888
f 948/948/893 950/950/895 874/874/833
f 950/950/895 948/948/893 949/949/894
f 951/951/896 949/949/894 952/952/897
f 949/949/894 943/943/888 942/942/887
f 953/953/898 952/952/897 954/954/899
f 952/952/897 942/942/887 940/940/885
f 955/955/900 954/954/899 956/956/901
f 954/954/899 940/940/885 938/938/883
f 957/957/902 956/956/901 958/958/903
f 956/956/901 938/938/883 936/936/881
f 960/960/905 959/959/904 958/958/903
f 958/958/903 936/936/881 933/933/878
f 960/960/905 961/961/906 962/962/907
f 961/961/906 933/933/878 931/931/876
f 963/963/908 962/962/907 964/964/909
f 962/962/907 931/931/876 932/932/877
f 966/966/911 965/965/910 964/964/909
f 967/967/912 964/964/909 932/932/877
f 968/968/913 973/973/918 969/969/914
f 970/970/915 969/969/914 928/928/874
f 972/972/917 977/977/920 973/973/918
f 974/974/919 965/965/910 966/966/911
f 976/976/921 1019/1019/963 977/977/920
f 978/978/922 974/974/919 975/975/920
f 980/980/924 981/981/925 974/974/919
f 981/981/925 963/963/908 965/965/910
f 982/982/926 983/983/927 981/981/925
f 983/983/927 960/960/905 963/963/908
f 984/984/928 985/985/929 983/983/927
f 985/985/929 959/959/904 960/960/905
f 986/986/930 987/987/931 985/985/929
f 987/987/931 957/957/902 959/959/904
f 988/988/932 989/989/933 987/987/931
f 989/989/933 955/955/900 957/957/902
f 990/990/934 991/991/935 989/989/933
f 991/991/935 953/953/898 955/955/900
f 992/992/936 993/993/937 991/991/935
f 993/993/937 951/951/896 953/953/898
f 992/992/936 995/995/939 994/994/938
f 994/994/938 950/950/895 951/951/896
f 994/994/938 872/872/831 874/874/833
f 995/995/939 870/870/829 872/872/831
f 995/995/939 997/997/941 868/868/827
f 996/996/940 997/997/941 995/995/939
f 997/997/941 998/998/942 866/866/825
f 998/998/942 997/997/941 996/996/940
f 1000/1000/944 999/999/943 996/996/940
f 996/996/940 992/992/936 990/990/934
f 1002/1002/946 1000/1000/944 1001/1001/945
f 1001/1001/945 990/990/934 988/988/932
f 1004/1004/948 1002/1002/946 1003/1003/947
f 1003/1003/947 988/988/932 986/986/930
f 1006/1006/950 1004/1004/948 1005/1005/949
f 1005/1005/949 986/986/930 984/984/928
f 1006/1006/950 1007/1007/951 1008/1008/952
f 1007/1007/951 984/984/928 982/982/926
f 1009/1009/953 1008/1008/952 1010/1010/954
f 1008/1008/952 982/982/926 980/980/924
f 1011/1011/955 1010/1010/954 1012/1012/956
f 1010/1010/954 980/980/924 978/978/922
f 1013/1013/957 1012/1012/956 1014/1014/958
f 1012/1012/956 978/978/922 979/979/923
f 1016/1016/960 1022/1022/966 1017/1017/961
f 1018/1018/962 1017/1017/961 1019/1019/963
f 1020/1020/964 1026/1026/969 1013/1013/957
f 1021/1021/965 1024/1024/964 1022/1022/966
f 1021/1021/965 1730/1730/1624 1023/1023/967
f 1025/1025/968 1028/1028/971 1026/1026/969
f 1027/1027/970 1029/1029/972 1026/1026/969
f 1029/1029/972 1011/1011/955 1013/1013/957
f 1030/1030/973 1031/1031/974 1029/1029/972
f 1031/1031/974 1009/1009/953 1011/1011/955
f 1032/1032/975 1033/1033/976 1031/1031/974
f 1033/1033/976 1006/1006/950 1009/1009/953
f 1034/1034/977 1035/1035/978 1033/1033/976
f 1035/1035/978 1004/1004/948 1006/1006/950
f 1036/1036/979 1038/1038/981 1035/1035/978
f 1035/1035/978 1038/1038/981 1002/1002/946
f 1036/1036/979 1039/1039/982 1037/1037/980
f 1038/1038/981 1037/1037/980 1000/1000/944
f 1039/1039/982 1042/1042/985 1040/1040/983
f 1037/1037/980 1040/1040/983 999/999/943
f 1041/1041/984 1043/1043/986 1040/1040/983
f 1043/1043/986 998/998/942 999/999/943
f 998/998/942 1043/1043/986 864/864/823
f 1043/1043/986 1041/1041/984 862/862/821
f 1041/1041/984 1045/1045/988 860/860/819
f 1041/1041/984 1042/1042/985 1044/1044/987
f 1045/1045/988 1047/1047/990 858/858/817
f 1045/1045/988 1044/1044/987 1046/1046/989
f 1044/1044/987 1049/1049/992 1048/1048/991
f 1042/1042/985 1039/1039/982 1049/1049/992
f 1049/1049/992 1051/1051/994 1050/1050/993
f 1039/1039/982 1036/1036/979 1051/1051/994
f 1051/1051/994 1053/1053/996 1052/1052/995
f 1036/1036/979 1034/1034/977 1053/1053/996
f 1053/1053/996 1055/1055/998 1054/1054/997
f 1034/1034/977 1032/1032/975 1055/1055/998
f 1055/1055/998 1057/1057/1000 1056/1056/999
f 1032/1032/975 1030/1030/973 1057/1057/1000
f 1057/1057/1000 1059/1059/1002 1058/1058/1001
f 1030/1030/973 1027/1027/970 1059/1059/1002
f 1059/1059/1002 1061/1061/1004 1060/1060/1003
f 1027/1027/970 1028/1028/971 1061/1061/1004
f 1061/1061/1004 1063/1063/1006 1062/1062/1005
f 1028/1028/971 1025/1025/968 1063/1063/1006
f 1064/1064/1007 1070/1070/1013 1065/1065/1008
f 1067/1067/1010 1064/1064/1007 1066/1066/1009
f 1069/1069/1012 1213/1213/1146 1070/1070/1013
f 1071/1071/1014 1069/1069/1012 1064/1064/1007
f 1072/1072/1015 1978/1978/1011 1073/1073/1016
f 1075/1075/1018 1979/1979/1852 1072/1072/1015
f 1076/1076/1019 1091/1091/1033 1069/1069/1012
f 1077/1077/1019 1979/1979/1852 1075/1075/1018
f 1079/1079/1021 1075/1075/1018 1074/1074/1017
f 1081/1081/1023 1078/1078/1020 1075/1075/1018
f 1082/1082/1024 1084/1084/1026 1078/1078/1020
f 1083/1083/1025 1077/1077/1019 1078/1078/1020
f 1085/1085/1027 1084/1084/1026 1082/1082/1024
f 1087/1087/1029 1083/1083/1025 1084/1084/1026
f 1088/1088/1030 1163/1163/1035 1089/1089/1031
f 1090/1090/1032 1089/1089/1031 1091/1091/1033
f 1092/1092/1034 1101/1101/1041 1093/1093/1035
f 1095/1095/1036 1980/1980/1853 1096/1096/1027
f 1098/1098/1038 1095/1095/1036 1097/1097/1037
f 1100/1100/1040 1159/1159/1098 1101/1101/1041
f 1099/1099/1039 1097/1097/1037 1102/1102/1042
f 1097/1097/1037 1096/1096/1027 1104/1104/1028
f 1103/1103/1043 1102/1102/1042 1105/1105/1044
f 1102/1102/1042 1104/1104/1028 1107/1107/1046
f 1106/1106/1045 1105/1105/1044 1108/1108/1047
f 1105/1105/1044 1107/1107/1046 1110/1110/1049
f 1109/1109/1048 1108/1108/1047 1111/1111/1050
f 1108/1108/1047 1110/1110/1049 1113/1113/1052
f 1112/1112/1051 1111/1111/1050 1114/1114/1053
f 1111/1111/1050 1113/1113/1052 1116/1116/1055
f 1115/1115/1054 1114/1114/1053 1117/1117/1056
f 1114/1114/1053 1116/1116/1055 1119/1119/1058
f 1118/1118/1057 1117/1117/1056 1120/1120/1059
f 1117/1117/1056 1119/1119/1058 1122/1122/1061
f 1121/1121/1060 1120/1120/1059 1123/1123/1062
f 1120/1120/1059 1122/1122/1061 1125/1125/1064
f 1124/1124/1063 1123/1123/1062 1126/1126/1065
f 1123/1123/1062 1125/1125/1064 1128/1128/1067
f 1127/1127/1066 1126/1126/1065 1129/1129/1068
f 1126/1126/1065 1128/1128/1067 1131/1131/1070
f 1132/1132/1071 1129/1129/1068 1131/1131/1070
f 1134/1134/1073 1130/1130/1069 1129/1129/1068
f 1135/1135/1074 1134/1134/1073 1132/1132/1071
f 1136/1136/1075 1132/1132/1071 1133/1133/1072
f 1138/1138/1077 1135/1135/1074 1136/1136/1075
f 1139/1139/1078 1136/1136/1075 1137/1137/1076
f 1141/1141/1080 1138/1138/1077 1139/1139/1078
f 1142/1142/1081 1139/1139/1078 1140/1140/1079
f 1144/1144/1083 1141/1141/1080 1142/1142/1081
f 1145/1145/1084 1142/1142/1081 1143/1143/1082
f 1147/1147/1086 1144/1144/1083 1145/1145/1084
f 1148/1148/1087 1145/1145/1084 1146/1146/1085
f 1150/1150/1089 1147/1147/1086 1148/1148/1087
f 1151/1151/1090 1148/1148/1087 1149/1149/1088
f 1153/1153/1092 1150/1150/1089 1151/1151/1090
f 1154/1154/1093 1151/1151/1090 1152/1152/1091
f 1156/1156/1095 1153/1153/1092 1154/1154/1093
f 1157/1157/1096 1154/1154/1093 1155/1155/1094
f 1159/1159/1098 1156/1156/1095 1157/1157/1096
f 1101/1101/1041 1157/1157/1096 1158/1158/1097
f 1160/1160/1097 1168/1168/1094 1161/1161/1099
f 1163/1163/1035 1160/1160/1097 1162/1162/1100
f 1162/1162/1100 1161/1161/1099 1164/1164/1101
f 1089/1089/1031 1162/1162/1100 1165/1165/1102
f 1164/1164/1101 1161/1161/1099 1166/1166/1103
f 1168/1168/1094 1171/1171/1091 1166/1166/1103
f 1167/1167/1104 1166/1166/1103 1169/1169/1105
f 1171/1171/1091 1174/1174/1088 1169/1169/1105
f 1170/1170/1106 1169/1169/1105 1172/1172/1107
f 1174/1174/1088 1177/1177/1111 1172/1172/1107
f 1173/1173/1108 1172/1172/1107 1175/1175/1109
f 1177/1177/1111 1180/1180/1114 1175/1175/1109
f 1176/1176/1110 1175/1175/1109 1178/1178/1112
f 1180/1180/1114 1183/1183/1079 1178/1178/1112
f 1179/1179/1113 1178/1178/1112 1181/1181/1115
f 1183/1183/1079 1186/1186/1119 1181/1181/1115
f 1182/1182/1116 1181/1181/1115 1184/1184/1117
f 1186/1186/1119 1188/1188/1121 1184/1184/1117
f 1184/1184/1117 1189/1189/1122 1187/1187/1120
f 1188/1188/1121 1190/1190/1123 1189/1189/1122
f 1190/1190/1123 1835/1835/1720 1191/1191/1124
f 1189/1189/1122 1191/1191/1124 1192/1192/1125
f 1187/1187/1120 1192/1192/1125 1193/1193/1126
f 1195/1195/1128 1185/1185/1118 1187/1187/1120
f 1194/1194/1127 1193/1193/1126 1196/1196/1129
f 1198/1198/1131 1195/1195/1128 1194/1194/1127
f 1199/1199/1132 1200/1200/1133 1195/1195/1128
f 1200/1200/1133 1182/1182/1116 1185/1185/1118
f 1201/1201/1134 1202/1202/1135 1200/1200/1133
f 1202/1202/1135 1179/1179/1113 1182/1182/1116
f 1203/1203/1136 1204/1204/1137 1202/1202/1135
f 1204/1204/1137 1176/1176/1110 1179/1179/1113
f 1205/1205/1138 1206/1206/1139 1204/1204/1137
f 1206/1206/1139 1173/1173/1108 1176/1176/1110
f 1207/1207/1140 1208/1208/1141 1206/1206/1139
f 1208/1208/1141 1170/1170/1106 1173/1173/1108
f 1209/1209/1142 1210/1210/1143 1208/1208/1141
f 1210/1210/1143 1167/1167/1104 1170/1170/1106
f 1211/1211/1144 1212/1212/1145 1210/1210/1143
f 1212/1212/1145 1164/1164/1101 1167/1167/1104
f 1213/1213/1146 1212/1212/1145 1211/1211/1144
f 1213/1213/1146 1165/1165/1102 1164/1164/1101
f 1091/1091/1033 1165/1165/1102 1213/1213/1146
f 1214/1214/1147 1211/1211/1144 1209/1209/1142
f 1065/1065/1008 1070/1070/1013 1211/1211/1144
f 1060/1060/1003 1062/1062/1005 1216/1216/1149
f 1217/1217/1150 1216/1216/1149 1218/1218/1148
f 1219/1219/1151 1218/1218/1148 1220/1220/1152
f 1215/1215/1148 1209/1209/1142 1207/1207/1140
f 1221/1221/1153 1220/1220/1152 1223/1223/1155
f 1222/1222/1154 1207/1207/1140 1205/1205/1138
f 1226/1226/1158 1224/1224/1156 1223/1223/1155
f 1225/1225/1157 1205/1205/1138 1203/1203/1136
f 1229/1229/1161 1226/1226/1158 1227/1227/1159
f 1228/1228/1160 1203/1203/1136 1201/1201/1134
f 1232/1232/1164 1229/1229/1161 1230/1230/1162
f 1231/1231/1163 1201/1201/1134 1199/1199/1132
f 1235/1235/1167 1232/1232/1164 1233/1233/1165
f 1234/1234/1166 1199/1199/1132 1198/1198/1131
f 1238/1238/1170 1235/1235/1167 1236/1236/1168
f 1237/1237/1169 1198/1198/1131 1197/1197/1130
f 1242/1242/1174 1250/1250/1180 1244/1244/1175
f 1197/1197/1130 1196/1196/1129 1245/1245/1176
f 1238/1238/1170 1239/1239/1171 1246/1246/1175
f 1247/1247/1177 1246/1246/1175 1248/1248/1178
f 1250/1250/1180 1254/1254/1184 1251/1251/1181
f 1252/1252/1182 1253/1253/1183 1250/1250/1180
f 1253/1253/1183 1257/1257/1187 1254/1254/1184
f 1255/1255/1185 1256/1256/1186 1253/1253/1183
f 1256/1256/1186 1260/1260/1190 1257/1257/1187
f 1258/1258/1188 1259/1259/1189 1256/1256/1186
f 1259/1259/1189 1263/1263/1193 1260/1260/1190
f 1261/1261/1191 1262/1262/1192 1259/1259/1189
f 1262/1262/1192 1264/1264/1194 1263/1263/1193
f 297/297/290 299/299/292 1262/1262/1192
f 299/299/292 1266/1266/1196 1264/1264/1194
f 299/299/292 298/298/291 1265/1265/1195
f 1266/1266/1196 1268/1268/1198 1267/1267/1197
f 1265/1265/1195 1275/1275/1204 1268/1268/1198
f 1269/1269/1199 1675/1675/1571 1270/1270/1200
f 1269/1269/1199 1271/1271/1198 1272/1272/1201
f 1265/1265/1195 1555/1555/1455 1274/1274/1203
f 1273/1273/1202 1272/1272/1201 1276/1276/1205
f 1278/1278/1207 1549/1549/1450 1279/1279/1208
f 1281/1281/1210 1278/1278/1207 1280/1280/1209
f 1280/1280/1209 1279/1279/1208 1283/1283/1212
f 1280/1280/1209 1284/1284/1213 1285/1285/1214
f 1320/1320/1249 1323/1323/1252 1319/1319/1248
f 1321/1321/1250 1320/1320/1249 1293/1293/1222
f 1322/1322/1251 1346/1346/1255 1323/1323/1252
f 1324/1324/1253 1322/1322/1251 1320/1320/1249
f 1325/1325/1251 1329/1329/1257 1326/1326/1254
f 1328/1328/1256 1454/1454/1261 1329/1329/1257
f 1330/1330/1258 1335/1335/1262 1331/1331/1254
f 1333/1333/1260 1330/1330/1258 1332/1332/1259
f 1335/1335/1262 1339/1339/1265 1336/1336/1263
f 1327/1327/1255 1326/1326/1254 1337/1337/1263
f 1339/1339/1265 1358/1358/1279 1340/1340/1266
f 1341/1341/1267 1338/1338/1264 1337/1337/1263
f 1343/1343/1268 1348/1348/1267 1344/1344/1269
f 1346/1346/1255 1343/1343/1268 1345/1345/1270
f 1344/1344/1269 1316/1316/1245 1318/1318/1247
f 1323/1323/1252 1345/1345/1270 1318/1318/1247
f 1347/1347/1271 1314/1314/1243 1316/1316/1245
f 1348/1348/1267 1350/1350/1273 1347/1347/1271
f 1349/1349/1272 1311/1311/1240 1314/1314/1243
f 1350/1350/1273 1660/1660/1557 1349/1349/1272
f 1351/1351/1274 1354/1354/1273 1352/1352/1275
f 1354/1354/1273 1341/1341/1267 1342/1342/1266
f 1355/1355/1277 1359/1359/1280 1356/1356/1276
f 1358/1358/1279 1355/1355/1277 1357/1357/1278
f 1359/1359/1280 1365/1365/1286 1360/1360/1281
f 1361/1361/1282 1351/1351/1274 1353/1353/1276
f 1363/1363/1284 1361/1361/1282 1362/1362/1283
f 1365/1365/1286 1249/1249/1179 1366/1366/1285
f 1367/1367/1287 1368/1368/1288 1365/1365/1286
f 1368/1368/1288 1247/1247/1177 1249/1249/1179
f 1369/1369/1289 1370/1370/1290 1368/1368/1288
f 1370/1370/1290 1238/1238/1170 1247/1247/1177
f 1369/1369/1289 1372/1372/1292 1371/1371/1291
f 1370/1370/1290 1371/1371/1291 1235/1235/1167
f 1372/1372/1292 1374/1374/1294 1373/1373/1293
f 1371/1371/1291 1373/1373/1293 1232/1232/1164
f 1374/1374/1294 1376/1376/1296 1375/1375/1295
f 1373/1373/1293 1375/1375/1295 1229/1229/1161
f 1376/1376/1296 1378/1378/1298 1377/1377/1297
f 1375/1375/1295 1377/1377/1297 1226/1226/1158
f 1378/1378/1298 1381/1381/1301 1379/1379/1299
f 1377/1377/1297 1379/1379/1299 1224/1224/1156
f 1380/1380/1300 1382/1382/1302 1379/1379/1299
f 1382/1382/1302 1221/1221/1153 1224/1224/1156
f 1383/1383/1303 1384/1384/1304 1382/1382/1302
f 1384/1384/1304 1219/1219/1151 1221/1221/1153
f 1385/1385/1305 1386/1386/1306 1384/1384/1304
f 1386/1386/1306 1217/1217/1150 1219/1219/1151
f 1056/1056/999 1058/1058/1001 1386/1386/1306
f 1058/1058/1001 1060/1060/1003 1217/1217/1150
f 1054/1054/997 1056/1056/999 1385/1385/1305
f 1387/1387/1307 1385/1385/1305 1383/1383/1303
f 1052/1052/995 1054/1054/997 1387/1387/1307
f 1389/1389/1309 1387/1387/1307 1388/1388/1308
f 1390/1390/1310 1388/1388/1308 1391/1391/1311
f 1388/1388/1308 1383/1383/1303 1380/1380/1300
f 1392/1392/1312 1391/1391/1311 1393/1393/1313
f 1391/1391/1311 1380/1380/1300 1381/1381/1301
f 1395/1395/1315 1394/1394/1314 1393/1393/1313
f 1396/1396/1316 1393/1393/1313 1381/1381/1301
f 1397/1397/1317 1395/1395/1315 1396/1396/1316
f 1398/1398/1318 1396/1396/1316 1378/1378/1298
f 1399/1399/1319 1397/1397/1317 1398/1398/1318
f 1400/1400/1320 1398/1398/1318 1376/1376/1296
f 1401/1401/1321 1399/1399/1319 1400/1400/1320
f 1402/1402/1322 1400/1400/1320 1374/1374/1294
f 1403/1403/1323 1401/1401/1321 1402/1402/1322
f 1404/1404/1324 1402/1402/1322 1372/1372/1292
f 1403/1403/1323 1404/1404/1324 1405/1405/1325
f 1404/1404/1324 1369/1369/1289 1367/1367/1287
f 1406/1406/1326 1405/1405/1325 1355/1355/1277
f 1405/1405/1325 1367/1367/1287 1359/1359/1280
f 1407/1407/1327 1403/1403/1323 1406/1406/1326
f 1408/1408/1328 1406/1406/1326 1358/1358/1279
f 1409/1409/1329 1407/1407/1327 1408/1408/1328
f 1410/1410/1330 1408/1408/1328 1339/1339/1265
f 1409/1409/1329 1412/1412/1332 1411/1411/1331
f 1407/1407/1327 1411/1411/1331 1401/1401/1321
f 1412/1412/1332 1414/1414/1334 1413/1413/1333
f 1411/1411/1331 1413/1413/1333 1399/1399/1319
f 1414/1414/1334 1416/1416/1336 1415/1415/1335
f 1413/1413/1333 1415/1415/1335 1397/1397/1317
f 1416/1416/1336 1418/1418/1338 1417/1417/1337
f 1415/1415/1335 1417/1417/1337 1395/1395/1315
f 1418/1418/1338 1421/1421/1341 1419/1419/1339
f 1417/1417/1337 1419/1419/1339 1394/1394/1314
f 1420/1420/1340 1422/1422/1342 1419/1419/1339
f 1422/1422/1342 1392/1392/1312 1394/1394/1314
f 1423/1423/1343 1424/1424/1344 1422/1422/1342
f 1424/1424/1344 1390/1390/1310 1392/1392/1312
f 1425/1425/1345 1426/1426/1346 1424/1424/1344
f 1426/1426/1346 1389/1389/1309 1390/1390/1310
f 1048/1048/991 1050/1050/993 1426/1426/1346
f 1050/1050/993 1052/1052/995 1389/1389/1309
f 1046/1046/989 1048/1048/991 1425/1425/1345
f 1427/1427/1347 1425/1425/1345 1423/1423/1343
f 1429/1429/1349 1047/1047/990 1046/1046/989
f 1430/1430/1350 1429/1429/1349 1427/1427/1347
f 1431/1431/1351 1430/1430/1350 1428/1428/1348
f 1428/1428/1348 1423/1423/1343 1420/1420/1340
f 1433/1433/1353 1431/1431/1351 1432/1432/1352
f 1434/1434/1354 1432/1432/1352 1420/1420/1340
f 1435/1435/1355 1433/1433/1353 1434/1434/1354
f 1436/1436/1356 1434/1434/1354 1421/1421/1341
f 1437/1437/1357 1435/1435/1355 1436/1436/1356
f 1438/1438/1358 1436/1436/1356 1418/1418/1338
f 1439/1439/1359 1437/1437/1357 1438/1438/1358
f 1440/1440/1360 1438/1438/1358 1416/1416/1336
f 1441/1441/1361 1439/1439/1359 1440/1440/1360
f 1442/1442/1362 1440/1440/1360 1414/1414/1334
f 1443/1443/1363 1441/1441/1361 1442/1442/1362
f 1444/1444/1364 1442/1442/1362 1412/1412/1332
f 1445/1445/1365 1443/1443/1363 1444/1444/1364
f 1444/1444/1364 1409/1409/1329 1410/1410/1330
f 1333/1333/1260 1445/1445/1365 1446/1446/1366
f 1446/1446/1366 1410/1410/1330 1335/1335/1262
f 842/842/801 1443/1443/1363 1445/1445/1365
f 840/840/799 1445/1445/1365 1333/1333/1260
f 1333/1333/1260 1334/1334/1261 1448/1448/1368
f 841/841/800 840/840/799 1447/1447/1367
f 1447/1447/1367 1448/1448/1368 1450/1450/1370
f 1451/1451/1371 1458/1458/1370 1452/1452/1372
f 1328/1328/1256 1453/1453/1373 1452/1452/1372
f 1449/1449/1369 1450/1450/1370 1455/1455/1374
f 1451/1451/1371 1469/1469/1379 1457/1457/1374
f 1459/1459/1373 1644/1644/1544 1460/1460/1376
f 1461/1461/1377 1460/1460/1376 1462/1462/1378
f 1460/1460/1376 1644/1644/1544 1291/1291/1220
f 1462/1462/1378 1460/1460/1376 1290/1290/1219
f 1464/1464/1380 1462/1462/1378 1298/1298/1227
f 1463/1463/1379 1462/1462/1378 1464/1464/1380
f 1466/1466/1382 1464/1464/1380 1301/1301/1230
f 1465/1465/1381 1464/1464/1380 1466/1466/1382
f 1468/1468/1381 1471/1471/1384 1457/1457/1374
f 1470/1470/1383 1479/1479/1387 1471/1471/1384
f 1456/1456/1375 1455/1455/1374 1472/1472/1385
f 1473/1473/1386 1472/1472/1385 1474/1474/1387
f 1475/1475/1388 1474/1474/1387 1476/1476/1389
f 1478/1478/1391 1481/1481/1389 1479/1479/1387
f 1480/1480/1392 1487/1487/1393 1481/1481/1389
f 1477/1477/1390 1476/1476/1389 1482/1482/1393
f 1483/1483/1394 1482/1482/1393 1484/1484/1395
f 1486/1486/1397 1501/1501/1395 1487/1487/1393
f 1488/1488/1398 1643/1643/1543 1489/1489/1399
f 1490/1490/1400 1489/1489/1399 1491/1491/1401
f 1489/1489/1399 1643/1643/1543 1307/1307/1236
f 1491/1491/1401 1489/1489/1399 1310/1310/1239
f 1493/1493/1403 1491/1491/1401 1288/1288/1217
f 1492/1492/1402 1491/1491/1401 1493/1493/1403
f 1495/1495/1405 1493/1493/1403 1287/1287/1216
f 1496/1496/1406 1494/1494/1404 1493/1493/1403
f 1497/1497/1407 1509/1509/1406 1498/1498/1408
f 1500/1500/1404 1981/1981/1410 1501/1501/1395
f 1485/1485/1396 1484/1484/1395 1502/1502/1410
f 1504/1504/1412 1601/1601/1501 1505/1505/1409
f 1507/1507/1413 1504/1504/1412 1506/1506/1408
f 1509/1509/1406 1511/1511/1416 1510/1510/1415
f 1511/1511/1416 1517/1517/1422 1512/1512/1417
f 1513/1513/1418 1507/1507/1413 1508/1508/1414
f 1515/1515/1420 1513/1513/1418 1514/1514/1419
f 1517/1517/1422 1528/1528/1426 1518/1518/1421
f 1519/1519/1423 1618/1618/1518 1520/1520/1424
f 1522/1522/1426 1519/1519/1423 1521/1521/1425
f 1521/1521/1425 1520/1520/1424 1297/1297/1226
f 1523/1523/1427 1521/1521/1425 1300/1300/1229
f 1524/1524/1428 1523/1523/1427 1303/1303/1232
f 1525/1525/1429 1522/1522/1426 1523/1523/1427
f 1526/1526/1430 1524/1524/1428 1306/1306/1235
f 1525/1525/1429 1524/1524/1428 1526/1526/1430
f 1528/1528/1426 1531/1531/1429 1529/1529/1432
f 1530/1530/1433 1539/1539/1441 1529/1529/1432
f 1532/1532/1434 1515/1515/1420 1516/1516/1421
f 1534/1534/1436 1532/1532/1434 1533/1533/1435
f 1536/1536/1438 1534/1534/1436 1535/1535/1437
f 1530/1530/1433 1541/1541/1443 1538/1538/1440
f 1540/1540/1442 1554/1554/1454 1536/1536/1438
f 1541/1541/1443 1551/1551/1451 1542/1542/1444
f 1527/1527/1431 1526/1526/1430 1543/1543/1445
f 1544/1544/1443 1543/1543/1445 1545/1545/1446
f 1543/1543/1445 1526/1526/1430 1309/1309/1238
f 1543/1543/1445 1313/1313/1242 1315/1315/1244
f 1547/1547/1448 1545/1545/1446 1315/1315/1244
f 1546/1546/1447 1545/1545/1446 1547/1547/1448
f 1279/1279/1208 1547/1547/1448 1317/1317/1246
f 1549/1549/1450 1548/1548/1449 1547/1547/1448
f 1550/1550/1449 1552/1552/1452 1542/1542/1444
f 1277/1277/1206 1276/1276/1205 1552/1552/1452
f 1553/1553/1453 1556/1556/1456 1554/1554/1454
f 1555/1555/1455 1556/1556/1456 1553/1553/1453
f 1556/1556/1456 301/301/294 305/305/298
f 300/300/293 301/301/294 1556/1556/1456
f 1554/1554/1454 305/305/298 1557/1557/1457
f 305/305/298 304/304/297 1558/1558/1458
f 1536/1536/1438 1557/1557/1457 1559/1559/1459
f 1557/1557/1457 1558/1558/1458 1560/1560/1460
f 304/304/297 306/306/299 1561/1561/1461
f 1558/1558/1458 1561/1561/1461 1562/1562/1462
f 306/306/299 307/307/300 1563/1563/1463
f 1561/1561/1461 1563/1563/1463 1564/1564/1464
f 307/307/300 309/309/302 1565/1565/1465
f 1563/1563/1463 1565/1565/1465 1566/1566/1466
f 309/309/302 311/311/304 1567/1567/1467
f 1565/1565/1465 1567/1567/1467 1568/1568/1468
f 311/311/304 313/313/306 1569/1569/1469
f 1567/1567/1467 1569/1569/1469 1570/1570/1470
f 313/313/306 315/315/308 1571/1571/1471
f 1569/1569/1469 1571/1571/1471 1572/1572/1472
f 315/315/308 317/317/310 1573/1573/1473
f 1571/1571/1471 1573/1573/1473 1574/1574/1474
f 317/317/310 319/319/312 1575/1575/1475
f 1575/1575/1475 1576/1576/1476 1574/1574/1474
f 323/323/316 484/484/469 1575/1575/1475
f 484/484/469 483/483/468 1576/1576/1476
f 325/325/318 329/329/322 484/484/469
f 1576/1576/1476 1578/1578/1478 1577/1577/1477
f 483/483/468 485/485/470 1578/1578/1478
f 1578/1578/1478 1580/1580/1480 1579/1579/1479
f 485/485/470 486/486/471 1580/1580/1480
f 1580/1580/1480 1582/1582/1482 1581/1581/1481
f 486/486/471 488/488/473 1582/1582/1482
f 1582/1582/1482 1584/1584/1484 1583/1583/1483
f 488/488/473 490/490/475 1584/1584/1484
f 1584/1584/1484 645/645/620 647/647/622
f 490/490/475 492/492/477 645/645/620
f 1581/1581/1481 1583/1583/1483 1585/1585/1485
f 1583/1583/1483 647/647/622 649/649/624
f 1587/1587/1487 1586/1586/1486 1585/1585/1485
f 1588/1588/1488 1585/1585/1485 649/649/624
f 1589/1589/1489 1587/1587/1487 1588/1588/1488
f 1590/1590/1490 1588/1588/1488 651/651/625
f 1591/1591/1491 1589/1589/1489 1590/1590/1490
f 1592/1592/1492 1590/1590/1490 654/654/628
f 1593/1593/1493 1591/1591/1491 1592/1592/1492
f 1594/1594/1494 1592/1592/1492 657/657/631
f 1595/1595/1495 1593/1593/1493 1594/1594/1494
f 1596/1596/1496 1594/1594/1494 660/660/634
f 1597/1597/1497 1595/1595/1495 1596/1596/1496
f 1598/1598/1498 1596/1596/1496 663/663/636
f 1597/1597/1497 1598/1598/1498 1599/1599/1499
f 1598/1598/1498 666/666/638 670/670/642
f 1600/1600/1500 1599/1599/1499 1507/1507/1413
f 1599/1599/1499 670/670/642 1504/1504/1412
f 670/670/642 669/669/641 1601/1601/1501
f 1602/1602/1502 1597/1597/1497 1600/1600/1500
f 1603/1603/1503 1600/1600/1500 1513/1513/1418
f 1604/1604/1504 1602/1602/1502 1603/1603/1503
f 1605/1605/1505 1603/1603/1503 1515/1515/1420
f 1604/1604/1504 1607/1607/1507 1606/1606/1506
f 1602/1602/1502 1606/1606/1506 1595/1595/1495
f 1607/1607/1507 1609/1609/1509 1608/1608/1508
f 1606/1606/1506 1608/1608/1508 1593/1593/1493
f 1609/1609/1509 1611/1611/1511 1610/1610/1510
f 1608/1608/1508 1610/1610/1510 1591/1591/1491
f 1611/1611/1511 1613/1613/1513 1612/1612/1512
f 1610/1610/1510 1612/1612/1512 1589/1589/1489
f 1613/1613/1513 1615/1615/1515 1614/1614/1514
f 1612/1612/1512 1614/1614/1514 1587/1587/1487
f 1615/1615/1515 1617/1617/1517 1616/1616/1516
f 1614/1614/1514 1616/1616/1516 1586/1586/1486
f 1617/1617/1517 1577/1577/1477 1579/1579/1479
f 1579/1579/1479 1581/1581/1481 1586/1586/1486
f 1572/1572/1472 1574/1574/1474 1577/1577/1477
f 1570/1570/1470 1572/1572/1472 1617/1617/1517
f 1568/1568/1468 1570/1570/1470 1615/1615/1515
f 1566/1566/1466 1568/1568/1468 1613/1613/1513
f 1564/1564/1464 1566/1566/1466 1611/1611/1511
f 1562/1562/1462 1564/1564/1464 1609/1609/1509
f 1560/1560/1460 1562/1562/1462 1607/1607/1507
f 1560/1560/1460 1604/1604/1504 1605/1605/1505
f 1559/1559/1459 1605/1605/1505 1532/1532/1434
f 298/298/291 300/300/293 1555/1555/1455
f 1520/1520/1424 1495/1495/1405 1289/1289/1218
f 1618/1618/1518 1496/1496/1406 1495/1495/1405
f 1619/1619/1519 1485/1485/1396 1503/1503/1411
f 1620/1620/1520 1483/1483/1394 1485/1485/1396
f 1621/1621/1521 1620/1620/1520 1619/1619/1519
f 1622/1622/1522 1623/1623/1523 1620/1620/1520
f 1623/1623/1523 1477/1477/1390 1483/1483/1394
f 835/835/794 834/834/793 1623/1623/1523
f 834/834/793 1475/1475/1388 1477/1477/1390
f 836/836/795 1473/1473/1386 1475/1475/1388
f 1622/1622/1522 1621/1621/1521 1624/1624/1524
f 835/835/794 1622/1622/1522 1625/1625/1525
f 833/833/792 1625/1625/1525 1626/1626/1526
f 1625/1625/1525 1624/1624/1524 1627/1627/1527
f 1624/1624/1524 675/675/646 678/678/648
f 1621/1621/1521 671/671/643 675/675/646
f 1626/1626/1526 1627/1627/1527 1628/1628/1528
f 1627/1627/1527 678/678/648 688/688/657
f 1629/1629/1529 1628/1628/1528 1630/1630/1530
f 1628/1628/1528 688/688/657 690/690/659
f 1631/1631/1531 1630/1630/1530 1632/1632/1532
f 1630/1630/1530 690/690/659 692/692/661
f 1634/1634/1534 1633/1633/1533 1632/1632/1532
f 1635/1635/1535 1632/1632/1532 692/692/661
f 1636/1636/1536 1634/1634/1534 1635/1635/1535
f 1637/1637/1537 1635/1635/1535 694/694/663
f 1638/1638/1538 1636/1636/1536 1637/1637/1537
f 1639/1639/1539 1637/1637/1537 707/707/676
f 1640/1640/1540 1638/1638/1538 1639/1639/1539
f 1641/1641/1541 1639/1639/1539 709/709/677
f 1642/1642/1542 1640/1640/1540 1641/1641/1541
f 806/806/765 809/809/768 1638/1638/1538
f 803/803/762 806/806/765 1640/1640/1540
f 800/800/759 803/803/762 1642/1642/1542
f 809/809/768 812/812/771 1636/1636/1536
f 812/812/771 815/815/774 1634/1634/1534
f 815/815/774 818/818/777 1633/1633/1533
f 824/824/783 1631/1631/1531 1633/1633/1533
f 827/827/786 1629/1629/1529 1631/1631/1531
f 830/830/789 1626/1626/1526 1629/1629/1529
f 1643/1643/1543 1466/1466/1382 1304/1304/1233
f 1467/1467/1383 1466/1466/1382 1643/1643/1543
f 838/838/797 1456/1456/1375 1473/1473/1386
f 841/841/800 1449/1449/1369 1456/1456/1375
f 1644/1644/1544 1321/1321/1250 1292/1292/1221
f 1324/1324/1253 1321/1321/1250 1644/1644/1544
f 1443/1443/1363 842/842/801 843/843/802
f 1441/1441/1361 843/843/802 845/845/804
f 1439/1439/1359 845/845/804 847/847/806
f 1437/1437/1357 847/847/806 849/849/808
f 1435/1435/1355 849/849/808 851/851/810
f 1433/1433/1353 851/851/810 853/853/812
f 1431/1431/1351 853/853/812 854/854/813
f 1429/1429/1349 1430/1430/1350 854/854/813
f 1047/1047/990 1429/1429/1349 856/856/815
f 1249/1249/1179 1248/1248/1178 1645/1645/1545
f 1646/1646/1546 1363/1363/1284 1364/1364/1285
f 1648/1648/1547 1982/1982/1550 1649/1649/1548
f 1254/1254/1184 1670/1670/1567 1651/1651/1550
f 1652/1652/1549 1657/1657/1555 1653/1653/1551
f 1655/1655/1553 1654/1654/1552 1653/1653/1551
f 1657/1657/1555 1302/1302/1231 1305/1305/1234
f 1653/1653/1551 1305/1305/1234 1308/1308/1237
f 1656/1656/1554 1308/1308/1237 1312/1312/1241
f 1659/1659/1282 1655/1655/1553 1656/1656/1554
f 1658/1658/1556 1312/1312/1241 1311/1311/1240
f 1660/1660/1557 1659/1659/1282 1658/1658/1556
f 1661/1661/1558 1299/1299/1228 1302/1302/1231
f 1662/1662/1559 1661/1661/1558 1657/1657/1555
f 1663/1663/1560 1294/1294/1223 1299/1299/1228
f 1664/1664/1561 1663/1663/1560 1661/1661/1558
f 1665/1665/1562 1668/1668/1565 1666/1666/1563
f 1650/1650/1549 1649/1649/1548 1668/1668/1565
f 1260/1260/1190 1671/1671/1563 1669/1669/1566
f 1257/1257/1187 1669/1669/1566 1670/1670/1567
f 1263/1263/1193 1674/1674/1570 1671/1671/1563
f 1667/1667/1564 1666/1666/1563 1672/1672/1568
f 1264/1264/1194 1267/1267/1197 1674/1674/1570
f 1673/1673/1569 1672/1672/1568 1270/1270/1200
f 1676/1676/1572 1679/1679/1575 1677/1677/1573
f 1678/1678/1574 1677/1677/1573 1663/1663/1560
f 1679/1679/1575 1296/1296/1225 1295/1295/1224
f 1677/1677/1573 1295/1295/1224 1294/1294/1223
f 1282/1282/1211 1285/1285/1214 1296/1296/1225
f 1676/1676/1572 1281/1281/1210 1282/1282/1211
f 1261/1261/1191 1258/1258/1188 1680/1680/1576
f 297/297/290 1261/1261/1191 1681/1681/1577
f 296/296/289 1681/1681/1577 1682/1682/1578
f 1681/1681/1577 1680/1680/1576 1683/1683/1579
f 1680/1680/1576 1685/1685/1581 1684/1684/1580
f 1258/1258/1188 1255/1255/1185 1685/1685/1581
f 1685/1685/1581 1687/1687/1583 1686/1686/1582
f 1255/1255/1185 1252/1252/1182 1687/1687/1583
f 1687/1687/1583 1689/1689/1585 1688/1688/1584
f 1252/1252/1182 1242/1242/1174 1689/1689/1585
f 1689/1689/1585 1241/1241/1173 1690/1690/1586
f 1686/1686/1582 1688/1688/1584 1691/1691/1587
f 1688/1688/1584 1690/1690/1586 1693/1693/1589
f 1694/1694/1590 1698/1698/1594 1695/1695/1591
f 1196/1196/1129 1694/1694/1590 1696/1696/1592
f 1193/1193/1126 1697/1697/1593 1694/1694/1590
f 1697/1697/1593 1699/1699/1595 1698/1698/1594
f 1699/1699/1595 1702/1702/1598 1700/1700/1596
f 1698/1698/1594 1700/1700/1596 1701/1701/1597
f 1702/1702/1598 1716/1716/1610 1703/1703/1599
f 1700/1700/1596 1703/1703/1599 1704/1704/1600
f 1691/1691/1587 1693/1693/1589 1705/1705/1601
f 1706/1706/1602 1705/1705/1601 1707/1707/1600
f 1708/1708/1603 1707/1707/1600 1709/1709/1604
f 1703/1703/1599 1714/1714/1608 1711/1711/1604
f 1712/1712/1606 1710/1710/1605 1709/1709/1604
f 1714/1714/1608 1718/1718/1612 1715/1715/1609
f 1716/1716/1610 1717/1717/1611 1714/1714/1608
f 1717/1717/1611 1719/1719/1613 1718/1718/1612
f 1719/1719/1613 1722/1722/1616 1720/1720/1614
f 1718/1718/1612 1720/1720/1614 1721/1721/1615
f 1722/1722/1616 1079/1079/1021 1080/1080/1022
f 1720/1720/1614 1080/1080/1022 1723/1723/1617
f 1724/1724/1618 1712/1712/1606 1713/1713/1607
f 1726/1726/1620 1724/1724/1618 1725/1725/1619
f 1728/1728/1622 1726/1726/1620 1727/1727/1621
f 1080/1080/1022 1074/1074/1017 1073/1073/1016
f 1730/1730/1624 1728/1728/1622 1729/1729/1623
f 1731/1731/1625 1813/1813/1703 1726/1726/1620
f 1732/1732/1626 1731/1731/1625 1728/1728/1622
f 1732/1732/1626 1730/1730/1624 1021/1021/965
f 1734/1734/1628 1785/1785/1675 1731/1731/1625
f 1734/1734/1628 1732/1732/1626 1733/1733/1627
f 1735/1735/1629 1733/1733/1627 1736/1736/1630
f 1733/1733/1627 1021/1021/965 1016/1016/960
f 1737/1737/1631 1736/1736/1630 1738/1738/1632
f 1736/1736/1630 1016/1016/960 1018/1018/962
f 1739/1739/1633 1738/1738/1632 1740/1740/1634
f 1738/1738/1632 1018/1018/962 976/976/921
f 1741/1741/1635 1740/1740/1634 1742/1742/1636
f 1740/1740/1634 976/976/921 972/972/917
f 1744/1744/1638 1743/1743/1637 1742/1742/1636
f 1745/1745/1639 1742/1742/1636 972/972/917
f 1746/1746/1640 1744/1744/1638 1745/1745/1639
f 1747/1747/1641 1745/1745/1639 968/968/913
f 1748/1748/1642 1746/1746/1640 1747/1747/1641
f 1749/1749/1643 1747/1747/1641 970/970/915
f 1750/1750/1644 1748/1748/1642 1749/1749/1643
f 1751/1751/1645 1749/1749/1643 971/971/916
f 1752/1752/1646 1750/1750/1644 1751/1751/1645
f 1753/1753/1647 1751/1751/1645 927/927/873
f 1754/1754/1648 1752/1752/1646 1753/1753/1647
f 1755/1755/1649 1753/1753/1647 924/924/870
f 1754/1754/1648 1755/1755/1649 1756/1756/100
f 1756/1756/100 1755/1755/1649 922/922/868
f 1758/1758/1650 1761/1761/1652 1752/1752/1646
f 1759/1759/105 1758/1758/1650 1754/1754/1648
f 1760/1760/1651 1763/1763/1653 1761/1761/1652
f 1762/1762/108 1760/1760/1651 1758/1758/1650
f 1763/1763/1653 1765/1765/1655 1764/1764/1654
f 1761/1761/1652 1764/1764/1654 1750/1750/1644
f 1765/1765/1655 1767/1767/1657 1766/1766/1656
f 1764/1764/1654 1766/1766/1656 1748/1748/1642
f 1767/1767/1657 1769/1769/1659 1768/1768/1658
f 1766/1766/1656 1768/1768/1658 1746/1746/1640
f 1769/1769/1659 1772/1772/1662 1770/1770/1660
f 1768/1768/1658 1770/1770/1660 1744/1744/1638
f 1771/1771/1661 1773/1773/1663 1770/1770/1660
f 1773/1773/1663 1743/1743/1637 1744/1744/1638
f 1774/1774/1664 1775/1775/1665 1773/1773/1663
f 1775/1775/1665 1741/1741/1635 1743/1743/1637
f 1776/1776/1666 1777/1777/1667 1775/1775/1665
f 1777/1777/1667 1739/1739/1633 1741/1741/1635
f 1778/1778/1668 1779/1779/1669 1777/1777/1667
f 1779/1779/1669 1737/1737/1631 1739/1739/1633
f 1778/1778/1668 1781/1781/1671 1780/1780/1670
f 1780/1780/1670 1735/1735/1629 1737/1737/1631
f 1781/1781/1671 1783/1783/1673 1782/1782/1672
f 1780/1780/1670 1782/1782/1672 1734/1734/1628
f 1783/1783/1673 1786/1786/1676 1784/1784/1674
f 1782/1782/1672 1784/1784/1674 1785/1785/1675
f 1786/1786/1676 1789/1789/1679 1787/1787/1677
f 1784/1784/1674 1787/1787/1677 1788/1788/1678
f 1789/1789/1679 1792/1792/1682 1790/1790/1680
f 1787/1787/1677 1790/1790/1680 1791/1791/1681
f 1792/1792/1682 1796/1796/1686 1793/1793/1683
f 1790/1790/1680 1793/1793/1683 1794/1794/1684
f 1795/1795/1685 1799/1799/1689 1793/1793/1683
f 1793/1793/1683 1799/1799/1689 1797/1797/1687
f 1798/1798/1688 1800/1800/1690 1799/1799/1689
f 1800/1800/1690 1803/1803/1693 1797/1797/1687
f 1801/1801/1691 1802/1802/1692 1800/1800/1690
f 1802/1802/1692 1806/1806/1696 1803/1803/1693
f 1804/1804/1694 1805/1805/1695 1802/1802/1692
f 1805/1805/1695 1807/1807/1697 1806/1806/1696
f 1682/1682/1578 1683/1683/1579 1805/1805/1695
f 1683/1683/1579 1684/1684/1580 1807/1807/1697
f 1807/1807/1697 1692/1692/1588 1808/1808/1698
f 1684/1684/1580 1686/1686/1582 1692/1692/1588
f 1692/1692/1588 1691/1691/1587 1706/1706/1602
f 1806/1806/1696 1808/1808/1698 1809/1809/1699
f 1808/1808/1698 1706/1706/1602 1708/1708/1603
f 1803/1803/1693 1809/1809/1699 1810/1810/1700
f 1809/1809/1699 1708/1708/1603 1710/1710/1605
f 1794/1794/1684 1797/1797/1687 1810/1810/1700
f 1811/1811/1701 1810/1810/1700 1710/1710/1605
f 1791/1791/1681 1794/1794/1684 1811/1811/1701
f 1812/1812/1702 1811/1811/1701 1712/1712/1606
f 1788/1788/1678 1791/1791/1681 1812/1812/1702
f 1813/1813/1703 1812/1812/1702 1724/1724/1618
f 1785/1785/1675 1788/1788/1678 1813/1813/1703
f 293/293/286 1682/1682/1578 1804/1804/1694
f 290/290/283 1804/1804/1694 1801/1801/1691
f 287/287/280 1801/1801/1691 1798/1798/1688
f 284/284/277 1798/1798/1688 1795/1795/1685
f 281/281/274 1795/1795/1685 1796/1796/1686
f 272/272/265 275/275/268 1796/1796/1686
f 269/269/262 272/272/265 1792/1792/1682
f 265/265/258 269/269/262 1789/1789/1679
f 266/266/259 265/265/258 1786/1786/1676
f 260/260/253 266/266/259 1783/1783/1673
f 257/257/250 260/260/253 1781/1781/1671
f 257/257/250 1778/1778/1668 1776/1776/1666
f 254/254/247 1776/1776/1666 1774/1774/1664
f 251/251/244 1774/1774/1664 1771/1771/1661
f 245/245/238 248/248/241 1771/1771/1661
f 242/242/235 245/245/238 1772/1772/1662
f 239/239/232 242/242/235 1769/1769/1659
f 236/236/229 239/239/232 1767/1767/1657
f 234/234/227 236/236/229 1765/1765/1655
f 231/231/225 234/234/227 1763/1763/1653
f 232/232/111 231/231/225 1760/1760/1651
f 1814/1814/1704 1815/1815/1705 1722/1722/1616
f 1815/1815/1705 1081/1081/1023 1079/1079/1021
f 1816/1816/1706 1817/1817/1707 1815/1815/1705
f 1817/1817/1707 1082/1082/1024 1081/1081/1023
f 1818/1818/1046 1817/1817/1707 1816/1816/1706
f 1086/1086/1028 1082/1082/1024 1817/1817/1707
f 1820/1820/1708 1816/1816/1706 1814/1814/1704
f 1819/1819/1049 1816/1816/1706 1820/1820/1708
f 1823/1823/1710 1820/1820/1708 1821/1821/1709
f 1822/1822/1052 1820/1820/1708 1823/1823/1710
f 1824/1824/1711 1821/1821/1709 1717/1717/1611
f 1821/1821/1709 1814/1814/1704 1719/1719/1613
f 1826/1826/1712 1824/1824/1711 1716/1716/1610
f 1827/1827/1713 1823/1823/1710 1824/1824/1711
f 1828/1828/1714 1826/1826/1712 1702/1702/1598
f 1829/1829/1715 1827/1827/1713 1826/1826/1712
f 1830/1830/1716 1831/1831/1717 1827/1827/1713
f 1831/1831/1717 1825/1825/1055 1823/1823/1710
f 1832/1832/1718 1829/1829/1715 1828/1828/1714
f 1830/1830/1716 1829/1829/1715 1832/1832/1718
f 1191/1191/1124 1832/1832/1718 1833/1833/1719
f 1835/1835/1720 1834/1834/1064 1832/1832/1718
f 1192/1192/1125 1833/1833/1719 1697/1697/1593
f 1833/1833/1719 1828/1828/1714 1699/1699/1595
f 1836/1836/1721 1895/1895/1775 1837/1837/1722
f 1839/1839/1724 1836/1836/1721 1838/1838/1723
f 1837/1837/1722 1843/1843/1728 1841/1841/1726
f 1838/1838/1723 1841/1841/1726 1842/1842/1727
f 1864/1864/1749 1867/1867/1752 1851/1851/1736
f 1864/1864/1749 1846/1846/1731 1845/1845/1730
f 1866/1866/1751 1896/1896/1776 1867/1867/1752
f 1866/1866/1751 1864/1864/1749 1865/1865/1750
f 1865/1865/1750 1845/1845/1730 1847/1847/1732
f 1868/1868/1074 1865/1865/1750 1869/1869/1753
f 1869/1869/1753 1847/1847/1732 1858/1858/1743
f 1870/1870/1754 1869/1869/1753 1871/1871/1755
f 1871/1871/1755 1858/1858/1743 1853/1853/1738
f 1872/1872/1756 1871/1871/1755 1873/1873/1757
f 1875/1875/1759 1873/1873/1757 1853/1853/1738
f 1876/1876/1760 1874/1874/1758 1873/1873/1757
f 1877/1877/1761 1875/1875/1759 1850/1850/1735
f 1878/1878/1762 1876/1876/1760 1875/1875/1759
f 1879/1879/1763 1877/1877/1761 1849/1849/1734
f 1880/1880/1057 1878/1878/1762 1877/1877/1761
f 1881/1881/1764 1879/1879/1763 1848/1848/1733
f 1882/1882/1054 1880/1880/1057 1879/1879/1763
f 1883/1883/1765 1881/1881/1764 1863/1863/1748
f 1884/1884/1051 1882/1882/1054 1881/1881/1764
f 1883/1883/1765 1862/1862/1747 1859/1859/1744
f 1884/1884/1051 1883/1883/1765 1885/1885/1766
f 1885/1885/1766 1859/1859/1744 1856/1856/1741
f 1886/1886/1767 1885/1885/1766 1887/1887/1768
f 1889/1889/1770 1887/1887/1768 1856/1856/1741
f 1888/1888/1769 1887/1887/1768 1889/1889/1770
f 1891/1891/1772 1889/1889/1770 1855/1855/1740
f 1890/1890/1771 1889/1889/1770 1891/1891/1772
f 1893/1893/1774 1891/1891/1772 1854/1854/1739
f 1892/1892/1773 1891/1891/1772 1893/1893/1774
f 1893/1893/1774 1861/1861/1746 1843/1843/1728
f 1894/1894/1038 1893/1893/1774 1837/1837/1722
f 1867/1867/1752 1897/1897/1777 1852/1852/1737
f 1896/1896/1776 1898/1898/1778 1897/1897/1777
f 1897/1897/1777 1899/1899/1779 1857/1857/1742
f 1898/1898/1778 1900/1900/1086 1899/1899/1779
f 1899/1899/1779 1901/1901/1780 1860/1860/1745
f 1900/1900/1086 1902/1902/1781 1901/1901/1780
f 1840/1840/1725 1842/1842/1727 1860/1860/1745
f 1902/1902/1781 1839/1839/1724 1840/1840/1725
f 800/800/759 748/748/709 749/749/710
f 1903/1903/1782 1933/1933/1812 1904/1904/1783
f 1906/1906/1785 1903/1903/1782 1905/1905/1784
f 1907/1907/1786 1905/1905/1784 1908/1908/1787
f 1904/1904/1783 1910/1910/1789 1908/1908/1787
f 1931/1931/1810 1927/1927/1806 1923/1923/1802
f 1932/1932/1811 1923/1923/1802 1910/1910/1789
f 1933/1933/1812 1934/1934/1813 1932/1932/1811
f 1934/1934/1813 1935/1935/1814 1931/1931/1810
f 1931/1931/1810 1936/1936/1815 1912/1912/1791
f 1935/1935/1814 1938/1938/1817 1936/1936/1815
f 1937/1937/1816 1940/1940/1819 1936/1936/1815
f 1936/1936/1815 1940/1940/1819 1913/1913/1792
f 1939/1939/1818 1942/1942/1821 1940/1940/1819
f 1940/1940/1819 1942/1942/1821 1914/1914/1793
f 1941/1941/1820 1944/1944/1823 1942/1942/1821
f 1942/1942/1821 1944/1944/1823 1924/1924/1803
f 1943/1943/1822 1945/1945/1824 1944/1944/1823
f 1945/1945/1824 1915/1915/1794 1924/1924/1803
f 1946/1946/1825 1947/1947/1826 1945/1945/1824
f 1947/1947/1826 1916/1916/1795 1915/1915/1794
f 1948/1948/1827 1949/1949/1828 1947/1947/1826
f 1949/1949/1828 1917/1917/1796 1916/1916/1795
f 1950/1950/537 1951/1951/1829 1949/1949/1828
f 1951/1951/1829 1918/1918/1797 1917/1917/1796
f 1950/1950/537 1953/1953/1831 1952/1952/1830
f 1951/1951/1829 1952/1952/1830 1929/1929/1808
f 1953/1953/1831 1955/1955/1833 1954/1954/1832
f 1952/1952/1830 1954/1954/1832 1925/1925/1804
f 1954/1954/1832 1956/1956/1834 1919/1919/1798
f 1955/1955/1833 1957/1957/1835 1956/1956/1834
f 1956/1956/1834 1958/1958/1836 1920/1920/1799
f 1957/1957/1835 1960/1960/1837 1958/1958/1836
f 1959/1959/551 1961/1961/1838 1958/1958/1836
f 1961/1961/1838 1921/1921/1800 1920/1920/1799
f 1962/1962/1839 1963/1963/1840 1961/1961/1838
f 1963/1963/1840 1922/1922/1801 1921/1921/1800
f 1964/1964/1841 1965/1965/1842 1963/1963/1840
f 1965/1965/1842 1930/1930/1809 1922/1922/1801
f 1966/1966/1843 1967/1967/1844 1965/1965/1842
f 1967/1967/1844 1928/1928/1807 1930/1930/1809
f 1968/1968/1845 1969/1969/1846 1967/1967/1844
f 1969/1969/1846 1926/1926/1805 1928/1928/1807
f 1969/1969/1846 1907/1907/1786 1909/1909/1788
f 1968/1968/1845 1906/1906/1785 1907/1907/1786
f 353/353/346 235/235/228 2/2/2
